-157
4
323
240
-113
-56
-16
277
7
-81
-23
-203
67
155
258
-312
-44
-79
41
-44
242
93
-54
-110
155
146
221
162
41
31
-3
-148
200
269
-42
-314
299
-13
87
-197
3
92
108
307
-130
6
105
142
-86
43
33
248
49
34
-99
288
-157
2
257
469
301
38
142
39
-43
-23
82
-28
-44
-63
53
136
-40
67
29
-185
77
31
0
58
176
148
-117
-75
62
-128
21
18
34
73
32
97
15
-4
78
-28
-127
35
-168
60
-36
50
147
387
-65
-135
-22
48
101
153
-95
-449
-29
61
96
34
95
49
-103
-24
-24
59
-145
100
-17
-76
130
175
115
-69
15
-124
-88
219
215
107
-31
75
47
-53
295
236
-119
18
-30
-6
-18
-52
-96
-68
60
199
4
145
-1
-85
100
179
-46
15
-106
21
-204
-316
24
-14
-137
90
86
33
269
243
178
-37
166
-307
45
-130
26
-20
-16
-13
-48
-13
-27
-243
47
41
-165
-84
-95
209
-132
-191
45
209
-202
-142
74
213
236
17
142
-13
426
178
111
104
-33
113
172
143
-150
114
162
-167
-233
-173
-16
-24
-289
-66
101
-136
158
22
67
-250
-86
-107
55
289
-9
127
76
-163
149
20
27
-268
67
170
-92
-89
-51
52
-78
-157
98
4
-159
176
-47
-18
-72
350
-42
-151
-119
157
31
19
-201
-113
-147
-173
-70
-100
-355
-172
156
390
-1
59
-90
73
-210
-110
-103
32
125
28
-97
-25
229
77
-54
28
-5
274
143
186
235
140
-35
-19
300
290
70
11
74
-109
-158
-174
50
10
-328
-244
-135
-91
-48
-265
-20
-150
-184
110
-266
-105
196
-209
-120
-86
75
45
-148
66
117
-18
-28
-74
-78
-1
-15
24
98
174
338
199
83
-69
-94
-128
27
231
-96
-56
-49
-22
-9
165
-70
-49
136
-26
-148
-240
-101
-124
-3
203
92
-152
-110
-385
86
80
139
16
13
147
63
-13
188
209
203
-251
43
7
139
123
34
76
-136
202
-16
59
-94
-202
16
-155
-110
-65
-73
-252
-39
90
-291
59
58
134
-49
203
-60
-48
168
91
-87
-82
-189
-122
-157
-96
36
-38
44
81
69
-173
-257
-239
-213
-101
268
-41
-205
-339
-40
154
258
371
90
-89
-21
-13
55
163
-35
140
201
119
235
88
98
-154
327
34
41
159
9
-78
-125
193
-425
-181
122
19
-217
-220
59
79
77
44
-64
103
-452
-139
-37
175
-184
56
-60
101
111
110
99
113
78
-183
76
346
2
9
62
49
-176
117
212
200
-56
148
122
-259
109
134
95
49
-11
-12
129
152
31
334
204
-30
97
250
75
-226
249
93
-36
-220
71
-47
64
87
100
83
-40
-108
-136
-19
-134
85
101
-146
-116
86
-98
-129
-125
49
8
87
-99
-17
-49
-140
-126
-5
-77
-93
-112
92
-115
16
-140
36
-93
-1
87
-106
62
44
-20
-47
124
5
-70
-37
-65
-94
-10
-126
-70
-108
-139
-72
-12
-87
33
100
-84
68
56
-100
52
-39
-69
59
59
-11
108
22
49
-108
-100
-41
31
-106
-16
-59
-141
31
-47
-139
-118
108
80
-91
99
21
-12
47
-106
101
-134
-82
-2
97
89
78
-131
53
-114
-107
-138
-85
-145
-94
58
23
-20
61
-79
52
49
-130
-8
91
-66
-4
-97
78
-16
-100
40
42
98
67
-100
-123
-49
95
64
101
33
87
92
-18
52
-122
-49
20
-12
-109
-64
-34
-107
-137
37
-6
28
-100
-2
-28
74
-107
20
72
26
-82
37
-111
-60
-34
7
15
-77
-58
-117
-32
-62
-19
-99
74
46
-27
22
16
48
34
19
-52
-65
101
51
59
-144
-120
-127
51
76
-10
-6
-67
-57
24
-60
-109
86
-14
-25
61
54
-38
-8
53
11
105
-59
-37
-18
84
-115
46
12
31
-64
-43
106
-98
-55
-79
103
102
90
50
-119
31
-40
23
-32
-49
-132
-133
-8
-106
60
-40
-62
6
109
25
-31
-142
106
-88
-32
9
-144
-125
-31
7
52
-117
17
-7
13
134
129
124
-121
-78
180
-56
139
126
118
-119
122
182
-12
-595
-76
-212
-78
38
246
-94
-33
-256
-4
36
-50
13
102
-151
-121
107
-27
-65
-139
-350
-47
78
-182
-127
42
-70
-169
327
-70
142
91
177
1
181
124
283
-16
224
40
135
129
123
81
-108
131
42
26
-88
-38
6
7
-184
-70
-36
103
-72
-202
217
43
-183
-52
-42
-16
89
-509
-231
19
-62
152
61
-167
-99
75
9
28
-83
171
101
51
-251
-52
72
110
248
45
146
170
-17
46
-71
-35
-338
-37
34
-106
-514
-51
-38
-160
-236
64
83
-219
-158
-50
-94
-73
177
-139
11
101
204
131
106
110
297
82
-63
-5
78
195
205
132
191
81
289
-204
-154
38
-31
196
155
-168
-39
160
176
-46
165
16
-137
84
14
93
-165
115
86
221
145
0
-135
-55
97
155
285
209
173
64
-71
269
-394
-67
-67
26
-94
-28
-104
-69
22
-92
63
41
86
-13
-231
-47
252
-440
-56
59
36
-370
-99
-118
177
167
104
-7
-168
130
165
-102
-90
150
271
284
13
-147
229
169
-202
-142
-126
12
-219
-244
79
223
12
-323
69
52
154
75
155
-148
-65
167
38
65
-141
101
41
-238
-216
32
-84
-146
-25
61
-112
-84
-123
101
-38
-39
112
19
54
73
379
-69
-85
-153
-165
118
32
-253
236
98
116
-161
100
-13
-243
-202
64
-52
100
-79
-38
-105
-78
127
100
-85
61
11
-67
-180
-45
-92
45
-75
-8
-178
-2
-214
-173
-205
-279
-281
-196
-40
52
200
61
57
95
117
105
-215
10
67
-187
-130
74
-49
99
-54
-307
89
74
-127
-296
82
78
78
139
39
141
44
20
121
-16
-57
143
103
85
73
174
161
189
-33
-39
-18
-12
129
109
-194
36
153
89
-102
-66
89
-44
-109
112
-98
-112
101
70
-59
324
37
135
9
24
36
-110
37
237
-97
11
-137
-114
117
-83
-58
98
21
50
184
4
8
116
187
117
-146
291
258
-244
-107
-19
83
121
226
10
30
51
151
-164
135
-167
2
-195
-113
-341
69
112
-110
-18
66
43
238
154
224
192
98
-47
-45
238
200
-67
-133
164
232
165
19
-83
-24
158
-243
-98
-242
62
18
-97
-44
-3
-55
65
-24
15
-5
36
69
97
-60
122
135
115
273
91
86
-1
225
51
88
-223
236
-56
-61
1
-42
-468
-342
2
-348
-103
16
63
16
-48
-148
11
-41
-68
-16
92
68
13
8
321
300
92
134
-210
-62
-110
149
69
64
168
132
90
-3
100
-74
272
-57
130
-111
-67
-131
17
43
-3
-151
-14
-6
-6
42
110
129
-32
-45
-10
137
606
61
-218
169
276
156
-301
71
151
25
-94
191
-120
93
32
-53
46
144
-101
-93
-147
128
-293
-229
-46
181
-97
136
52
47
83
-101
-174
-16
-35
-174
-217
-73
118
-50
2
116
12
40
89
-69
-137
-389
-196
105
-21
87
225
87
-248
242
557
196
-11
74
41
38
82
25
162
8
59
186
25
82
-79
140
-33
45
91
-2
-20
13
101
47
-266
-52
36
62
36
152
5
-181
163
-47
82
135
98
-54
-109
-12
40
99
-32
75
303
132
-133
143
358
-56
13
160
-156
-52
-91
215
94
-63
10
23
-100
91
146
27
57
114
203
-48
239
-94
94
-223
-564
53
-24
364
158
-58
17
219
122
-201
-34
129
51
-71
-109
51
248
-120
109
-42
78
127
18
-224
156
138
-78
28
118
223
-32
-680
-696
151
-192
140
-93
-51
-344
267
277
336
13
72
-10
161
-60
-174
9
-131
-46
-115
-34
116
143
-81
-103
82
-8
-128
9
-188
-216
49
223
110
-142
85
3
134
15
-41
-198
447
215
-83
-320
-310
121
403
185
-305
56
382
291
160
-116
-157
-13
19
-33
-188
-204
-26
50
29
-38
123
-57
20
141
-28
3
67
59
209
91
17
-56
-55
-50
-110
-289
95
61
-6
-227
-2
213
28
26
43
159
40
-29
-240
-107
-123
-26
-165
82
-23
-461
-105
2
73
5
-385
15
-13
101
104
159
321
234
-8
129
100
-109
-157
-123
35
-28
331
123
218
-43
158
242
50
-134
240
177
22
201
145
49
99
-241
-55
-14
115
-219
-276
-208
-21
212
-294
-89
-26
-42
-162
80
-183
-69
-445
-28
-24
83
-95
-14
231
41
-25
80
106
121
-33
-79
44
35
-35
-25
169
69
19
90
-90
25
-65
13
49
82
-138
75
85
-101
-63
-84
-17
203
-143
18
-17
97
-163
252
-70
-170
-33
-25
-133
-74
67
113
145
132
74
-42
110
99
-157
41
48
192
153
38
11
91
-129
-42
30
-229
-225
-280
-287
-95
68
27
-270
150
-127
-181
23
-162
-528
-76
151
143
-100
33
16
17
-234
-90
177
-3
-170
-37
16
-97
-189
-130
-123
-84
-139
-164
-131
202
185
483
-175
314
-126
77
-233
0
0
236
57
210
149
-9
213
77
-175
-130
-57
48
-37
7
72
84
103
23
50
-138
-193
-184
219
177
-308
-153
57
-19
-543
-40
61
-29
-92
55
191
22
-25
236
-8
-119
-129
65
-93
-16
72
-73
31
45
2
249
131
-48
-2
11
195
24
14
164
281
-62
-13
265
186
-78
-222
-33
29
-45
-123
168
133
-8
65
111
-11
162
157
-58
121
-49
3
16
44
-54
118
45
-101
-69
86
-168
-243
13
103
-104
-235
-348
142
-166
-135
139
-4
-5
5
44
21
230
205
89
266
173
44
113
-431
-164
-222
-66
-129
42
-52
615
-142
-244
-11
105
143
88
235
-28
19
-33
33
-232
57
104
-113
-168
166
14
89
-291
29
-41
-136
-233
314
51
-15
-152
-16
-58
-74
28
115
179
-58
59
45
2
-115
-14
156
79
145
-22
66
174
188
170
-257
-78
78
90
-26
8
260
175
159
147
101
-8
1
-128
32
-257
23
-16
12
-96
42
143
-143
-160
236
-117
-212
-149
-190
-10
-2
-142
39
44
-117
-167
130
-3
115
144
-32
132
11
71
-86
273
18
56
-30
-57
-41
88
-47
-34
-142
8
73
-20
170
-129
42
-97
-8
-128
94
-64
113
-201
-19
121
103
-109
190
247
-89
-14
-122
254
163
125
-127
44
-163
118
83
-252
-3
128
-139
-9
-71
112
-163
-69
-115
72
85
262
269
-36
177
88
-64
-68
-197
131
147
117
350
54
47
119
-233
-102
57
71
-31
184
-43
136
51
25
-141
-99
-92
-190
-86
-174
187
-46
-156
-99
-294
-101
107
-26
-173
32
178
213
8
-200
-64
-11
-309
-232
0
-13
-54
225
112
-86
174
-20
-92
116
-8
-68
-16
93
-9
303
246
114
1
-108
150
-112
50
131
119
55
-44
-98
188
105
-40
41
178
-409
-108
138
106
30
-347
13
66
60
95
-112
54
22
-104
13
30
-77
-77
13
33
-25
169
51
162
-57
315
197
157
-306
247
-27
80
80
-37
200
28
27
-73
-151
-115
89
-118
-191
92
291
-154
54
66
54
-171
-6
-83
29
-247
-149
-17
111
169
23
183
213
-132
-61
95
-21
-164
38
66
-23
-184
4
132
-51
-37
-46
-29
-108
179
-65
113
163
-29
55
64
-172
-66
30
83
1
15
64
-108
209
-11
190
72
-99
-50
-26
23
31
132
91
154
265
36
91
-104
51
-35
-33
95
93
-122
154
151
69
51
-215
-168
-182
-24
-146
-87
209
223
160
-134
116
66
84
-101
-242
-99
-17
-118
-134
82
138
-25
68
-137
83
149
162
-143
10
-38
-146
10
102
15
-112
-147
-542
-230
306
24
287
-140
267
1
333
-200
-72
-161
146
2
-147
169
-134
122
124
-155
-88
-24
-63
-95
-189
156
261
146
-132
54
-81
-565
28
135
134
-352
-20
-6
-78
-162
-110
-19
113
-185
-95
120
180
173
312
47
76
2
122
-28
1
-1
3
-62
66
208
12
144
-3
106
70
80
-83
40
188
-25
195
-1
-90
-13
58
-78
-159
182
40
81
166
126
-104
16
-168
-130
84
-22
53
104
149
110
24
67
-122
-272
-174
-49
-351
115
35
-119
355
115
52
122
108
-404
44
413
125
136
126
-93
67
275
246
201
93
-509
-88
-13
82
-154
-186
-222
-178
54
-11
71
78
202
263
240
316
-190
-184
234
148
-183
-212
-161
16
-163
-149
-35
-77
-151
-202
14
95
0
-82
136
182
-177
-202
165
322
-32
-115
-190
-148
90
-96
-63
0
242
-152
-89
67
58
-22
-9
100
-117
-132
-55
-249
259
-115
-305
-240
-186
-267
-266
14
74
-263
-257
-38
-94
-106
-184
-81
-151
-231
115
218
-131
-204
-70
360
-98
-43
169
-47
110
-18
98
-42
-84
151
111
151
-114
122
-113
-25
-366
35
-31
-60
-41
-166
-70
-40
146
49
-151
-27
217
-83
71
-67
-156
3
247
-8
-149
-83
-95
-89
117
-83
73
196
64
76
48
172
-392
-229
30
386
37
33
42
208
-382
-244
-147
-24
250
-47
-182
-56
-4
104
344
-177
242
118
59
51
-89
-207
134
121
-126
-50
-98
-35
-589
-179
-157
-225
197
232
-256
-55
395
104
-173
-19
215
175
-179
148
-108
91
-209
288
326
153
49
71
430
253
37
117
397
320
9
60
86
78
-144
148
181
-88
-326
-120
27
-392
-105
-97
-14
-201
-263
189
154
-273
82
75
-21
-42
-13
-32
-45
-208
-90
53
-5
-99
-10
148
-109
-81
-87
-217
84
73
-57
-57
28
19
-174
-17
-163
-32
27
-102
87
-153
-167
496
219
49
131
-45
-54
-103
-190
27
81
-93
-175
69
89
66
-70
286
-147
166
86
279
142
32
-18
279
99
-9
66
-84
-31
-99
-79
-71
266
38
-229
-299
127
12
-134
-135
66
-172
-177
-151
-99
-136
-60
-273
18
-52
-22
-4
70
142
48
86
184
-109
123
-4
189
73
20
8
155
229
45
84
-73
-106
66
-17
-99
118
149
-22
164
70
-58
91
27
8
-5
-124
23
-190
-111
-34
130
-97
-131
-101
56
44
103
223
15
108
55
-5
141
13
250
95
-34
18
83
-163
71
66
-77
-2
125
-15
-163
-288
68
-51
84
142
-127
37
170
-158
11
-104
135
16
265
36
16
96
178
-57
-115
-172
44
-114
-216
-1
160
-11
7
-73
-55
-150
-405
-336
-338
-344
-94
81
-44
-223
39
19
-84
186
44
119
117
36
-45
93
104
98
58
-71
116
62
73
10
113
269
27
161
-31
14
-208
-61
-278
119
132
232
-41
87
-64
128
-140
51
-58
-132
-109
-224
-70
-10
23
53
4
-41
91
212
229
-19
45
0
127
247
-48
-101
-8
113
-118
152
39
41
100
-144
-15
-2
110
-133
120
-54
168
11
216
69
106
34
86
-46
78
-87
-1
-251
170
204
0
-36
290
220
-45
187
88
77
-67
284
40
-37
-115
146
14
-50
-135
59
-25
25
-239
169
-73
-148
74
153
45
-9
19
157
-188
-18
-48
59
-383
-184
-185
190
-307
-217
-18
165
106
8
5
-11
-6
-199
17
59
200
263
224
38
210
-119
101
23
10
8
69
-254
136
165
-198
107
65
-46
-101
10
164
-118
54
-67
-53
-97
-101
106
-74
-135
18
120
-142
-70
-34
244
67
61
91
111
-117
-137
61
53
-81
-88
79
-110
325
165
-8
-89
132
0
-16
45
170
-41
-8
-160
9
118
-121
20
55
-56
77
144
169
-10
206
31
-18
50
-17
-69
2
55
-99
-30
278
324
3
-50
118
-65
-68
-123
268
170
-36
25
-28
-95
51
117
236
72
46
140
216
182
-85
-128
101
-19
-82
-60
-85
2
99
-36
139
108
161
-95
-45
-611
133
-62
39
-281
-146
-78
-166
-358
-113
2
-211
-48
-175
35
-53
101
-55
39
147
136
-95
66
135
99
79
-4
294
103
-204
-77
155
-15
22
15
196
117
-12
69
24
17
122
39
216
-199
-216
26
-129
-49
-121
175
184
115
98
80
-79
-102
-109
14
-192
-273
-86
290
-78
56
-97
137
90
-217
16
109
51
-7
-57
83
91
-257
-8
153
137
8
40
-75
-179
101
-42
8
33
50
108
-4
-61
4
-39
-63
55
9
120
-37
-60
41
-87
100
-30
4
-35
-34
-65
-105
-34
41
96
5
-161
51
-83
74
-35
-141
70
4
105
-2
36
68
46
35
61
-29
99
-24
81
-38
-118
33
-168
-114
51
-46
-68
-133
89
111
5
-49
-70
89
-47
-41
-3
-17
-106
-15
-52
-56
97
-129
47
-48
-74
44
-142
88
21
62
78
-142
-52
-98
99
-10
-145
-65
-52
-25
35
87
-115
-46
-122
-112
75
-76
-138
72
41
8
52
-49
29
1
-37
51
-37
-121
-113
96
-82
-117
-23
-107
125
-131
52
54
-102
110
-4
-35
-98
10
45
-160
37
-117
-11
-95
-107
33
-15
-32
-120
-65
86
-102
-148
-61
-63
-29
-11
19
-37
-42
-112
-42
71
100
-74
5
-22
-107
-107
-105
-48
-37
64
-23
-143
-101
65
36
-20
69
-12
25
63
-36
-22
-8
33
117
-111
81
-52
99
-112
35
-127
-52
-122
31
61
6
-145
-99
-15
68
9
23
12
-93
-54
8
85
63
-55
-26
-92
-36
-155
11
2
-121
76
-111
87
-40
-77
-155
-62
76
-46
-136
-11
-31
53
-116
20
-70
-24
-44
110
-61
-61
-109
21
-51
18
-72
-105
-21
-13
-68
-147
-89
107
13
-16
14
-71
-50
21
-26
28
-65
-29
-31
-91
32
27
-100
53
-53
-119
-64
61
-107
61
-63
-150
204
-127
-60
-108
69
-116
176
-25
63
-171
19
-235
144
61
58
166
151
-193
187
112
67
-79
-167
-58
-345
112
57
-114
-539
221
122
357
15
-51
35
265
406
123
123
-12
48
-516
-301
14
-24
102
21
41
409
-93
28
93
107
60
225
-10
311
-183
63
-53
146
139
0
-32
-132
58
-40
54
-36
-185
56
23
-62
49
108
-81
-177
177
-167
-86
-195
-64
-50
103
306
23
95
129
-80
-17
184
49
-147
-63
-92
63
411
-181
-100
223
79
57
54
121
2
229
141
-140
-81
-66
89
48
214
-22
-109
-90
121
-15
18
-131
-129
-224
-171
-160
-199
137
-163
28
-93
5
-90
97
-86
97
3
143
168
154
215
197
94
159
26
-182
58
-181
-25
-24
142
-182
-72
5
34
-219
-6
179
-194
-184
-4
281
29
-44
-64
132
-180
16
215
368
9
176
160
257
-122
-101
-67
136
154
86
179
76
-86
-109
43
18
-149
122
-328
-279
-410
-101
206
-41
-56
-155
39
180
-6
-72
196
138
96
130
479
232
55
256
311
-115
-193
207
31
-69
139
13
3
-281
-239
20
179
-35
-434
-95
-117
-132
-32
-128
149
78
62
71
33
105
103
84
129
94
-154
-66
-19
-48
212
83
89
-78
121
113
22
-93
124
-113
-240
-101
-143
-70
129
100
95
-51
-83
23
205
155
156
-74
-15
195
1
-311
-35
-20
-126
-107
-208
26
-86
114
35
0
111
19
-153
-183
-48
-123
-62
-240
-348
-325
-178
-273
-197
-10
-325
-192
-104
-101
-77
-38
-17
-33
-86
173
-13
71
359
78
30
-111
304
-21
86
-50
-48
171
28
-212
-165
69
-11
73
141
-13
210
-91
-58
-11
111
-26
-10
-30
2
3
173
84
93
102
32
21
21
6
215
51
64
177
94
57
-54
10
92
-39
21
49
-36
-44
151
70
342
155
182
-114
-44
196
-95
-86
-50
87
-77
-90
-54
139
137
-23
-4
39
48
173
52
187
23
152
-130
-31
124
332
186
-40
40
102
77
255
225
-32
42
164
24
166
-73
16
-73
106
-213
121
67
60
-45
56
97
133
118
100
46
159
-81
-21
69
356
-20
-54
33
220
192
207
135
122
-36
-58
-155
-18
70
78
24
-41
-27
-94
-71
139
42
-111
-95
-68
-29
29
-14
222
72
240
-150
101
152
-114
-172
-105
-230
267
118
72
49
83
-284
-113
122
-234
170
9
-54
-49
-12
22
-47
-216
-89
182
7
-96
-22
-6
162
42
201
-4
-55
26
-10
14
71
147
153
-55
102
-77
159
-125
75
-20
144
-217
-125
-15
40
-168
126
-50
-19
-44
-127
-33
107
36
151
-51
3
65
103
-66
90
112
-78
27
-56
-102
19
-1
-49
26
-88
102
-103
14
-96
81
90
53
12
93
-95
52
-129
49
75
40
61
-93
-17
47
68
114
-61
-94
-37
-70
104
-120
108
16
59
45
62
3
-102
-3
-124
-52
-108
-87
-23
-116
-50
-39
-91
95
52
-42
34
45
53
70
-13
106
9
-121
-127
-44
-39
-27
29
99
99
-118
7
20
-42
45
6
-76
32
-131
-5
-138
-44
36
87
-75
-74
-63
-67
-78
55
-31
22
93
85
53
-14
33
-106
18
-133
33
61
-82
31
-29
78
-78
-37
-48
-1
-91
-105
-120
-8
-99
57
50
42
-124
-38
51
42
-9
-54
-101
69
76
50
118
20
-38
-50
-97
-119
-93
28
-17
77
-71
-6
-123
-78
-21
42
86
-127
34
-25
-21
-53
38
13
-9
-10
-65
22
85
39
28
57
-81
-85
-113
-11
-60
31
-78
45
-104
93
-95
99
-47
-133
82
107
-13
92
-49
-95
-87
-78
-78
83
34
77
77
15
98
-108
-73
-45
-113
35
-71
-67
-92
-58
93
57
81
16
-75
-90
103
22
-124
54
-50
29
97
92
-103
24
69
-58
-30
-73
39
51
-12
37
-87
-58
-2
-94
-112
33
64
-58
48
43
-139
59
-67
-81
35
-103
7
63
-22
3
61
-15
-100
-58
-12
-90
23
-58
39
-45
-19
-119
142
35
129
-85
-118
-113
379
-25
-267
-400
4
82
-134
-139
167
91
128
21
197
65
55
-4
53
49
-108
59
-10
21
-69
6
29
-147
-11
-60
-99
12
43
-22
-47
25
77
89
38
56
-86
61
-21
53
168
197
48
115
-128
-58
237
103
-263
-265
-95
-170
48
45
-165
106
-57
-121
-51
85
52
-137
99
-29
30
-92
-173
32
147
-2
142
17
107
-46
160
122
45
133
115
-24
67
113
-82
-2
114
172
28
201
-8
95
156
179
-55
5
132
-143
-300
-262
-156
53
90
9
63
-65
-146
135
-146
-151
-150
69
-62
144
65
214
59
48
142
-73
-308
-74
278
-3
-35
-18
131
104
289
-125
-38
-194
-34
-20
31
-206
-52
-104
-74
-115
191
-14
122
89
125
162
15
-115
134
249
172
-104
-24
207
113
-36
222
141
115
255
97
-195
51
-33
-28
-62
92
-129
173
-91
39
-55
117
-21
41
89
83
156
35
55
-89
81
178
-62
-3
33
-2
-168
82
-89
-25
-185
210
-120
-39
-154
-176
-73
142
-44
-197
-207
-128
-44
-265
-104
0
-160
-48
-38
-191
-154
26
279
25
41
189
-12
-52
-51
77
5
-7
-41
-2
91
74
-122
-220
-58
99
-75
-120
-73
-207
-80
83
-17
-172
70
79
166
105
188
83
172
-117
-375
139
218
-3
-382
132
12
41
43
-28
-248
-244
164
-8
-107
56
65
-155
-28
53
104
-134
23
34
101
162
93
80
53
-162
-210
49
260
-68
-169
11
207
81
-15
86
-264
188
52
154
-41
-41
68
349
119
45
-46
134
-303
-83
250
-242
-625
-118
103
-163
101
174
96
98
-13
-71
98
10
-13
-37
94
-29
148
-8
115
-53
96
6
-69
32
426
40
130
131
-44
-2
-56
12
-87
-58
100
-45
32
145
190
54
214
-57
52
-116
-273
16
129
-137
-171
0
-5
22
394
4
-71
-254
-130
49
101
119
135
46
-8
5
84
133
7
23
-80
-12
181
113
535
197
-163
-259
-6
106
73
54
-190
-108
57
-35
-12
207
191
-20
-12
242
166
-50
-67
-48
-126
-9
47
-11
-30
25
111
-46
164
389
610
92
-108
217
-82
-41
167
-100
-584
-300
17
-91
123
-26
-153
63
22
-50
88
54
52
37
-33
114
51
70
163
11
-53
199
246
133
-296
113
50
-73
-129
-181
-93
3
94
-435
2
3
41
216
-229
-293
-166
179
-185
-18
-76
94
-15
166
97
147
142
-97
106
-179
-161
163
221
15
105
84
-297
74
-158
-143
-38
-142
128
22
382
115
-118
-67
177
127
30
20
73
-117
30
128
-109
79
40
-8
-61
6
205
-50
-165
74
236
-118
-185
3
-1
207
107
-157
-33
44
186
-46
87
73
1
-260
-168
-57
-73
-189
-60
-34
-70
127
-18
20
-33
-230
-323
-30
133
-145
18
97
89
-13
-95
-24
-167
229
-72
37
-33
-158
-19
215
25
172
7
-27
-259
35
317
-192
-402
-343
70
9
109
45
66
115
41
6
117
-129
-35
27
51
81
19
7
-127
130
-51
-150
81
110
219
104
-82
95
-149
-102
-192
-98
-45
13
33
49
161
-20
228
85
13
204
-58
-157
-181
40
-56
69
20
-98
67
171
281
69
-161
-27
-77
37
83
92
117
96
174
118
29
184
18
-53
-170
82
-134
51
87
-29
-8
-159
125
206
-4
-15
-124
-245
-51
175
140
153
78
159
119
261
46
40
11
-5
36
-16
-151
-109
-195
26
-113
254
187
190
511
33
-43
286
116
-149
-173
-195
-308
-92
193
130
338
78
-13
-141
-79
-101
-103
62
96
125
168
99
-101
34
109
119
-93
87
195
100
-270
208
-1
-18
1
-269
97
83
161
-206
-144
143
-9
-73
-285
-201
-169
145
53
29
119
98
202
110
87
186
166
-64
-8
-219
71
-63
127
-92
-5
-32
-302
31
-128
98
49
-51
-112
160
196
146
-190
66
86
27
104
75
103
-97
-43
183
-194
174
129
94
-134
35
190
57
0
85
129
149
-126
24
230
54
30
180
120
214
-335
57
-148
-13
-27
31
99
-57
-182
-75
4
109
-114
93
-58
14
-209
141
42
-3
-429
289
16
63
-186
111
-39
27
159
-419
-145
-221
-24
56
-70
63
253
-103
33
-91
426
62
33
200
233
83
73
-24
5
-64
-27
126
-70
-50
40
60
153
-93
114
172
-14
-246
11
153
-67
66
-179
-66
4
43
29
-46
-45
152
139
-73
-68
-78
-132
-177
-200
-87
-23
35
52
10
211
181
67
163
-70
84
140
-33
65
-159
-183
200
180
-93
-136
107
-17
15
144
-59
72
-64
-48
-164
-141
61
87
49
-147
142
242
132
186
66
215
41
227
-16
47
158
178
-6
-66
54
6
117
142
-286
-41
36
202
4
63
-4
37
-31
149
-54
-73
-131
-190
278
221
36
206
-240
271
29
254
92
123
-122
61
127
-8
159
64
197
-53
54
-191
22
145
-42
-268
133
146
-198
-173
-15
-114
-440
-71
199
235
-217
-59
108
44
-50
162
18
2
104
142
69
155
283
257
171
-123
77
200
34
0
-198
-66
-27
27
-344
108
-2
-191
-107
70
52
-189
-51
207
29
179
14
144
-66
77
3
-132
-61
-140
-52
77
-54
-60
21
-84
-257
44
-16
-38
-89
265
-106
55
-47
136
-128
-21
55
-99
-32
-3
197
-74
251
1
141
41
309
126
-120
-280
-84
-24
68
-3
23
73
5
-248
34
-50
-212
-89
-136
-23
-58
-29
200
203
62
-234
33
-53
-222
-184
-216
-103
-120
-90
-285
-212
-245
133
-55
-76
-64
-264
-13
302
-87
170
-49
131
393
408
158
19
208
69
-143
-102
102
-103
-5
-16
117
106
-56
-2
31
-116
73
50
-124
-46
80
67
149
-160
-46
101
-17
-137
78
116
-96
-51
-38
61
197
-60
-89
117
-169
-215
-116
226
-98
109
159
201
153
235
169
197
-64
-42
9
-27
111
75
34
-173
-62
39
-218
-199
-124
-105
-164
99
66
22
-77
-35
1
-136
53
181
261
130
-52
-48
209
174
168
-32
94
-15
-129
-197
37
54
-195
-157
-11
-11
31
139
24
-40
118
338
201
174
18
250
-31
-402
221
522
169
206
180
278
132
291
215
12
178
272
3
67
105
-106
-142
-178
2
-140
-278
-206
-268
-69
-169
154
229
78
144
-9
88
144
-122
163
9
16
-178
46
-34
-68
16
-64
-146
-196
-361
-41
325
27
-85
-69
165
-21
-323
-147
-190
-216
-194
-13
-214
-178
332
77
69
-274
38
23
130
-184
-90
-67
106
109
-53
16
91
-104
-2
160
-110
-153
-48
73
-142
-205
56
-269
-178
-210
-105
12
92
-73
-39
21
-87
-50
-64
62
-123
26
-76
144
13
57
225
-47
-171
256
73
56
122
-76
-257
-191
-281
-118
92
100
-54
-55
-70
-20
52
329
252
171
-35
-84
-118
-140
-198
142
-36
-131
-263
-47
-295
-332
-456
-362
39
-46
-374
-293
136
26
-287
-43
-21
2
75
122
66
-208
-121
-84
104
28
186
299
140
117
101
40
-2
38
-68
41
-79
218
183
43
415
309
189
31
22
39
108
71
-41
74
-130
-112
-29
-60
-84
182
-19
-46
-196
-221
90
-50
-8
171
218
120
-29
-35
253
41
250
310
110
29
92
176
-105
-131
-79
-54
-27
-91
85
35
2
29
-18
-44
-132
-62
-24
-231
-7
86
328
181
-119
235
65
108
204
-56
-168
-28
-16
64
-56
-39
66
-54
-2
4
-82
-57
-65
-82
253
395
254
94
-132
-272
-276
-466
34
93
103
207
-92
-32
45
105
-10
228
-415
-49
-7
3
89
2
-43
-72
-157
-164
-227
-52
-78
116
81
237
243
223
-163
-115
35
221
-160
327
-16
14
-61
-86
166
22
-28
-208
-77
148
-224
28
48
137
0
-66
4
-82
-34
19
37
-72
56
109
156
50
362
60
43
47
-46
-8
65
311
-36
111
-28
-38
-15
-130
-63
107
70
154
69
-126
44
28
-103
-164
-121
-84
-7
-93
108
-18
155
-46
-88
-88
-112
-119
-35
-41
-381
285
243
40
-362
-102
311
-23
-418
-98
-8
-14
-61
-124
39
30
15
167
-13
311
149
191
-322
-66
-68
85
-94
-93
-137
149
-50
-297
-227
-177
-228
-179
59
107
-73
77
-54
2
246
-28
-351
-264
152
-165
-158
120
75
-104
-47
-116
305
-131
-236
-245
47
-86
-112
189
150
-16
134
93
64
107
-26
175
187
2
26
89
213
251
42
-114
-115
-57
103
175
70
6
255
123
-78
26
146
26
-43
70
56
-262
124
154
65
472
150
110
-73
98
262
-141
-114
-181
86
-86
-73
208
-19
-98
150
-88
-95
-26
83
-83
153
84
99
-3
-199
183
9
-261
-159
87
132
-49
87
-13
-69
79
301
-181
-99
-20
7
-135
-175
-296
292
84
-41
16
128
109
162
56
340
338
40
-8
-4
-24
-137
-348
-239
-140
179
35
198
-145
41
-77
20
-316
-392
136
-59
81
-108
59
-2
111
217
-81
-39
64
108
-52
-126
207
107
141
353
75
-16
74
75
162
-88
-29
348
-87
48
83
35
-195
-147
-48
-286
-58
-44
273
-22
-65
-167
-121
-202
-84
185
98
13
125
20
80
106
25
-10
-228
-189
-256
-23
310
-145
-17
-25
107
126
181
-83
215
67
24
-104
108
-109
-9
-21
167
-50
-188
-59
-126
119
54
39
153
164
-156
100
68
-32
-244
-187
274
224
9
-207
-229
316
-283
-128
-133
-84
-14
-166
-124
35
-58
16
-1
34
98
201
129
-356
-237
-217
153
-259
-176
-56
-28
-294
-244
-63
-203
-186
-47
11
75
-29
111
122
59
85
-29
-142
12
23
65
-31
114
141
-30
-104
-90
290
22
-213
-217
130
-34
-19
59
-64
-43
1
-80
186
65
107
75
200
153
86
162
-65
1
110
32
48
52
39
160
-20
118
150
237
144
-12
-45
93
219
-60
18
-51
107
78
29
430
112
121
-103
70
178
-141
-60
-39
-75
44
-109
-99
206
10
-46
-165
131
-93
184
80
24
176
231
131
155
330
90
-123
16
-158
140
-171
105
-70
46
28
236
-20
118
-48
-102
-152
-120
-274
133
110
108
-95
257
90
106
198
293
120
-58
154
175
1
188
-168
-149
-170
139
-18
88
-4
-40
-61
-266
-483
-262
-20
48
73
-78
-4
-46
77
18
-54
-18
131
-21
87
-145
-3
30
174
314
105
190
10
43
-164
-4
-226
208
-102
93
-66
-85
-174
-14
-106
-172
-32
-87
88
-106
-27
-113
-49
-55
-103
-32
126
32
-137
32
98
-7
-37
178
-9
56
-197
34
244
136
162
-23
-56
180
120
100
116
-102
-52
-38
-32
45
129
-41
123
-48
59
-30
102
-134
-61
52
170
-53
146
454
138
-46
-125
160
21
-98
194
-202
-133
205
80
109
-94
94
-95
-69
-30
114
110
-139
-110
351
127
212
156
21
-58
-49
74
405
51
88
-398
29
-222
-45
54
48
-78
-9
362
-291
-52
-150
296
-51
130
307
367
-8
88
149
393
14
12
-44
34
179
-5
-207
211
-17
-78
79
-25
57
-8
78
21
-18
128
-3
14
60
3
40
-31
-5
-226
-129
-111
170
99
-107
177
83
137
-141
111
34
199
-148
16
-45
28
93
226
91
43
88
133
88
-11
-69
25
79
-13
-85
-118
-56
84
107
28
-45
5
-63
178
-111
16
-103
66
-111
-14
100
151
219
64
-1
441
52
239
50
169
2
27
48
92
365
95
39
-180
8
26
41
-47
-263
-92
-8
133
-8
-106
123
39
132
75
130
-94
-132
-140
-20
178
32
-32
-128
149
-85
231
-43
-131
-30
-211
1
-378
72
119
108
155
79
-125
-21
30
55
-75
79
74
-209
-154
-126
38
-320
160
-95
6
-220
99
-205
-73
228
-33
-90
24
266
41
19
245
493
399
58
-65
109
-69
-36
-226
-84
106
14
74
-361
-75
216
-15
-193
-23
-43
195
-47
-24
-201
179
50
-139
-116
-28
-107
132
-49
-86
-24
-24
24
30
167
-131
-296
49
-39
-144
-88
378
-12
-15
-30
146
-96
-67
-29
-103
-68
-82
74
57
62
80
-121
60
14
-119
-10
95
-24
-4
0
-6
6
103
-11
56
-23
99
-70
-49
-62
-47
-38
-58
-34
3
-4
-63
-64
97
77
-58
-101
21
83
26
-65
-8
-149
74
-64
54
34
70
124
6
34
-90
-79
11
-88
119
28
-112
-87
-14
-103
-103
6
-91
129
-138
-20
-135
-80
-99
68
-90
105
64
2
-52
74
-128
17
-7
-112
-79
102
89
100
-124
-14
-39
-91
-11
-85
-8
-85
-122
29
72
-75
-61
25
79
-45
73
-66
26
65
103
117
37
-66
-144
-91
23
-53
-123
-127
-40
-93
79
-106
-4
-84
-29
-99
-82
-109
-18
14
-65
-105
-99
93
-146
-127
-4
-87
-140
-48
-5
-20
-44
142
73
-23
30
97
-38
57
-36
32
10
76
5
52
-14
-31
42
94
-59
8
-72
-42
63
3
-21
-84
-108
-47
14
-87
102
-56
-137
51
-24
84
-76
-77
16
-111
46
-116
-14
-113
-46
42
94
92
25
-30
-122
127
-24
-108
-135
-19
-34
29
-102
96
-81
-110
64
-22
102
-2
75
8
45
4
41
-7
25
-75
-50
-80
-125
-8
-78
-108
-80
-44
67
-71
44
64
45
76
84
-129
-9
-7
-88
-106
72
82
-29
-55
-141
-116
17
-1
18
43
96
84
-55
24
-21
-102
-125
-43
50
113
207
-15
270
167
3
-164
81
267
182
247
-151
184
349
152
-243
-305
-80
-81
49
-108
29
148
-195
-135
-214
-145
-266
-92
19
25
-64
-485
-251
-345
261
-67
45
98
-234
-92
83
-9
-331
-136
101
84
-309
162
299
170
327
76
188
-5
120
151
175
-5
-373
21
106
263
-302
-199
152
-28
-96
-60
-47
90
19
-179
-130
29
76
113
40
68
-28
-119
-143
144
44
-166
-190
-120
41
-145
-58
-166
-244
83
-117
50
-238
120
141
275
125
114
185
59
-95
101
122
-103
-410
-134
113
1
-294
-138
-54
-70
84
89
182
112
-144
60
84
31
-155
209
115
3
-57
402
79
445
47
128
79
-164
210
139
198
-54
96
160
452
-25
-106
-141
94
241
-46
130
84
71
-117
-15
123
52
122
117
-54
87
166
203
563
790
97
233
-164
226
35
452
149
89
119
-51
-31
187
-20
-247
-219
28
-21
-225
61
237
-13
-150
12
37
-68
121
39
99
88
-316
-217
86
134
-268
-119
91
62
262
208
-43
33
206
45
-49
183
-159
-65
-147
-159
-45
233
141
-45
-31
-167
135
143
250
25
87
163
-191
-146
214
273
-121
-56
-43
-114
7
28
-80
-349
119
-102
-86
-113
-201
-21
-280
40
-181
150
-101
-29
-26
62
-125
-209
113
-19
-18
198
-114
-19
134
-88
104
-99
-61
-125
49
36
220
-140
-128
-67
204
41
52
-55
-48
-54
86
-43
30
-1
29
-103
-115
-82
15
-8
47
52
-115
63
204
-76
37
-35
5
-5
-59
-71
-58
1
-8
-142
8
-139
-101
-121
22
180
-3
-14
78
228
40
-109
73
-92
-49
8
88
6
-99
30
22
-147
22
60
-106
-109
37
-17
-89
29
-25
-32
6
-42
3
-66
9
-139
78
-160
104
42
-53
-86
-60
-170
42
-168
-147
-79
1
-159
26
-33
-200
-42
-172
71
-98
-84
-56
108
-22
-11
-28
19
-43
8
-125
-31
-49
-67
-58
67
-156
-61
37
54
-55
1
-123
10
20
44
-103
-48
84
-36
-80
14
-115
57
-13
-49
-193
-114
41
-37
-148
0
-88
61
-63
73
25
85
-124
-126
-15
119
-34
-26
-131
-11
-98
59
-105
161
39
93
-4
-45
-50
-135
-5
-70
-74
29
100
125
56
-126
1
61
43
107
48
-117
39
-156
-105
20
-136
-149
-32
-144
93
178
-189
-82
103
9
60
-81
93
-33
-183
88
-45
-71
-107
-84
180
-58
-37
45
-31
-59
-47
46
96
-131
-70
39
70
-129
43
-53
24
-139
-17
44
-141
-71
-144
40
71
-18
-33
-120
-122
-34
-133
76
-49
82
-41
-80
39
-135
43
-113
128
-56
-124
-30
-9
53
89
-95
118
122
-21
-113
-74
97
-75
-26
7
-27
-110
-87
46
97
-74
14
-69
85
37
12
91
-127
-87
-29
-45
-54
94
-31
-44
114
-28
100
-55
-62
48
-20
116
-115
-81
-120
18
-2
15
24
-127
-73
-19
-137
-5
-45
21
-114
138
100
-57
75
128
87
-135
2
90
54
-8
-101
-91
-14
-6
-92
83
-49
18
45
-59
77
82
15
99
-56
49
-38
96
-82
-126
-110
27
42
-40
31
49
-100
-71
-2
1
-138
-95
23
-20
-125
-28
-18
-114
-104
-139
-1
39
-93
52
28
-79
56
-89
108
-121
-3
68
39
13
73
-123
81
-78
47
-9
-16
-10
-54
-64
-125
-48
-16
3
-8
-41
-125
-41
4
103
32
72
33
-137
-35
1
76
-3
1
19
101
85
62
-12
-33
31
-117
-68
-140
-28
-121
-108
-25
-66
-42
-55
105
127
-18
41
60
30
-46
62
-48
-65
58
42
-80
68
-98
-85
-88
-128
45
101
-59
-74
-40
75
-141
64
-93
-48
48
-93
-1
-101
-93
66
99
76
-121
65
-128
78
-30
-129
-26
79
-92
46
-16
-65
-137
-38
17
-111
-128
-120
19
-119
-8
-37
70
39
14
-94
14
-69
-77
38
-32
-51
53
42
79
6
-84
-134
36
46
-23
-8
13
-19
-136
-65
77
-130
-5
32
83
-103
-6
-1
-48
-54
-111
216
-83
-53
-59
184
9
-314
238
0
-137
-136
-71
-48
105
-120
312
245
198
65
64
-185
-103
18
207
1
21
-29
102
-66
15
15
-102
-170
102
116
245
-186
106
-105
233
184
1
16
49
117
43
-192
-278
26
-156
-131
-472
26
-70
-89
-23
77
31
42
77
-98
50
11
-300
34
-141
64
31
44
79
-101
-37
124
-33
-9
50
-92
27
83
-95
125
183
-3
10
99
49
55
217
-132
-23
37
184
-93
-95
50
-20
-43
-191
-64
-255
37
-112
-132
-29
20
105
-10
258
54
-76
84
-9
110
-24
190
89
133
30
71
-97
-68
169
91
-14
-51
67
-28
-50
-248
29
-308
-425
116
98
-95
26
95
-133
-49
161
74
-137
96
37
190
-10
121
-101
167
87
65
-72
162
26
-120
-78
102
121
134
-144
-47
-143
-400
-355
-129
-3
135
130
-113
-156
108
-76
56
-90
-53
367
174
117
-65
-41
-36
208
44
-23
147
217
-42
27
96
74
76
-114
318
-101
18
16
171
171
95
-27
49
5
93
98
-79
-202
20
-17
-233
-332
-48
174
91
-168
18
166
225
194
113
51
118
-100
32
119
31
-49
-141
-78
-35
-50
56
55
27
-32
11
224
3
87
55
11
169
48
205
9
-31
10
193
-57
17
-56
180
-3
28
77
-96
-146
7
36
-53
147
169
-160
-82
309
23
-92
22
-98
35
-30
-86
127
-95
-24
-114
-133
-37
23
76
32
201
49
-3
83
-103
-154
-79
64
-98
-127
-170
52
-61
142
116
118
89
10
-55
65
238
53
47
-67
247
280
20
-112
66
57
-8
-157
120
11
-18
157
80
-48
45
-182
127
-24
-148
30
128
95
90
91
37
77
-50
-12
95
68
-10
53
-254
101
145
149
15
-108
54
-122
230
95
40
199
83
-101
219
-44
159
61
-89
-38
-10
-100
57
13
-80
-89
-33
71
-91
38
-69
-16
-39
-62
-104
-26
27
119
157
18
-39
65
208
-57
33
48
127
176
235
274
198
-239
-56
-247
80
-164
153
-129
146
13
126
-61
-53
-21
81
22
-82
-63
256
43
-78
19
46
40
48
-34
23
-12
71
11
139
230
59
-146
-95
-342
89
-298
147
-399
13
45
66
-131
-82
63
-63
-49
45
29
93
273
53
71
111
-24
-34
75
95
254
-88
77
353
64
-76
-99
22
-48
49
-134
46
-45
37
-86
93
26
79
-4
-9
-31
-80
-61
-104
76
-12
100
-46
-49
171
2
-129
-194
88
-9
-137
82
164
175
55
-186
-197
-319
-38
-82
-134
2
-18
49
247
-24
-87
-93
-40
-15
24
85
119
-59
-47
235
121
21
-1
187
51
129
-209
89
71
140
-33
-134
25
103
-6
-12
-152
-234
-8
75
50
-66
218
-17
-55
1
92
105
85
-64
152
149
126
205
-92
-20
-67
48
461
346
81
-335
223
-20
-86
-101
-53
-43
139
318
-179
-39
-155
92
-149
-301
-211
58
-216
45
-106
169
-254
-159
100
-26
253
-57
-13
-165
13
-84
169
47
-119
127
126
146
-195
-21
-60
26
-91
-4
181
-22
336
166
-104
-192
53
-98
-21
278
-62
249
-32
104
79
186
7
69
-76
-10
-132
46
-37
67
111
182
16
129
67
-159
142
115
-10
-313
168
125
-5
121
56
103
-6
49
31
14
-50
112
64
33
-123
175
-142
-9
-121
-81
171
64
70
112
-60
59
15
-57
175
-67
-86
-118
40
-13
-123
-69
-329
-154
-67
117
-8
-29
168
-81
277
319
63
-3
-349
-512
-268
-428
-47
185
-216
146
-11
208
-71
25
17
-21
-259
-134
226
106
11
111
2
31
199
-50
-211
-154
220
80
-128
-65
95
-52
-31
-124
51
339
-343
-70
-69
-17
131
62
10
-131
95
95
23
10
51
195
260
166
41
155
-44
-30
-198
-83
106
-23
-175
-70
-1
73
130
-127
-82
-130
63
112
8
423
-15
33
35
133
-47
136
-2
-130
109
81
154
-60
58
43
-162
-17
14
-131
20
121
-26
-102
-6
-29
224
16
-75
277
-47
-201
-56
222
-171
-63
127
60
-244
207
287
223
130
-6
-79
76
-39
-95
-105
133
-24
-26
106
-29
170
62
173
-223
-243
-60
19
184
93
99
131
-233
124
146
170
-21
-134
-4
-161
-246
-17
-113
-154
76
194
56
-183
-207
162
-30
164
362
-119
343
302
147
-75
-17
103
222
70
179
153
-19
-159
-67
120
30
-139
-189
-86
61
77
275
209
-92
56
-87
-75
2
42
21
-37
-75
0
-2
-101
-252
223
56
72
-154
-9
-253
-11
205
-13
84
189
159
-80
183
-15
-339
24
81
-57
-123
96
289
9
-252
81
102
-139
51
-72
45
-235
74
-50
-92
-143
-71
15
98
-171
-137
-216
164
-188
32
-13
319
-66
-63
167
61
21
10
59
161
117
-67
-70
-85
55
139
-345
-205
-47
-18
30
23
-215
-86
-31
25
139
104
-18
-31
107
253
375
163
204
-48
-3
-59
-35
-5
-61
190
223
5
49
28
-43
-85
24
-149
-75
158
131
19
15
188
141
-209
60
242
-135
31
198
97
143
362
212
-40
-23
-111
125
-112
66
-1
74
87
28
-96
164
114
-279
-301
90
1
-29
-72
-7
72
-11
141
113
119
-21
-148
-41
-259
-205
-172
0
-136
105
112
45
-35
104
302
37
-165
58
191
52
-27
19
-35
-115
3
110
-1
115
-263
40
80
38
-274
6
260
-16
-40
76
12
-422
-94
126
-26
-41
48
171
66
270
68
98
93
80
-3
-69
20
70
366
190
57
-145
57
201
-204
-33
300
-92
-131
18
263
-139
3
46
8
123
-32
336
319
81
138
144
172
-227
80
-64
-366
77
91
-138
-100
35
-94
-182
-90
-1
28
-97
-150
-111
23
-34
100
32
9
15
140
-81
-220
-22
200
119
-94
3
58
32
46
27
-114
91
69
-120
14
-106
-25
66
218
-25
123
-55
-178
77
-4
-131
-264
89
-125
-158
272
139
-55
75
-15
-68
-119
113
302
-68
-79
113
302
-5
28
15
-185
72
311
-28
315
39
203
53
9
85
76
-85
-7
203
-184
93
29
66
-65
-153
-138
-58
-119
-49
-136
16
55
173
53
82
207
137
-100
52
89
566
683
-21
27
-172
-218
37
277
30
-213
-328
222
-57
-144
90
-15
-3
107
166
56
40
-11
-149
9
38
151
-80
73
247
14
-77
274
37
-128
-17
134
74
-57
223
173
54
-29
-49
-123
-11
218
533
192
-190
-209
235
148
-154
-137
-41
-34
145
97
59
68
147
-13
-82
-179
108
173
97
-10
-71
-212
192
-14
-148
191
-4
-102
-31
323
-67
-53
-25
268
162
-117
-158
122
-57
-100
11
76
-127
116
155
39
-90
35
-136
-214
-90
24
-93
-304
-57
120
39
-107
-141
-63
-107
236
17
132
41
-216
8
107
230
28
-53
29
1
36
165
185
214
141
55
232
307
368
200
230
68
-128
110
137
-54
-397
167
210
99
73
23
-4
-25
-322
-61
-144
-25
-429
-259
-11
59
63
-229
117
76
-191
-91
9
133
-38
-213
-17
47
-15
-153
-132
137
159
16
-16
126
58
142
107
26
-61
-142
-174
117
35
-128
60
48
-76
30
155
5
-8
-189
-161
-177
-303
-77
-85
-73
-286
1
264
-18
-60
-7
257
148
-121
62
6
-80
-41
-10
91
23
-141
100
104
58
97
132
-56
155
213
-115
-192
4
241
-108
62
-111
-103
-202
-8
-52
-87
-276
-100
-28
30
-9
-28
-51
-99
11
-112
-50
-4
-144
0
229
-93
-121
87
133
132
73
176
90
437
-12
430
153
289
-112
31
194
205
110
312
-8
81
-80
-122
4
-18
8
26
47
45
-102
-115
45
-81
109
-58
155
39
114
-30
171
37
-168
-101
191
33
-500
-77
-92
96
-28
-104
-105
-19
-240
-43
-165
-83
20
51
125
17
-93
-34
54
53
-4
-95
98
32
162
262
82
-143
-14
28
203
-283
-67
110
106
-209
-39
78
21
-69
-179
224
-104
-72
78
191
16
105
-10
2
-118
35
145
66
-41
88
-9
-117
87
-16
47
73
-65
32
48
48
75
-24
-98
-105
99
96
-28
52
-11
-54
-99
34
85
-125
-55
-141
-61
-104
-29
54
-60
-62
-9
7
97
-130
-69
-37
104
-43
-27
-63
-53
-126
-83
-43
-13
35
107
67
40
38
99
-104
-79
-89
22
100
-128
77
38
-149
-34
27
-72
-124
-101
-60
-111
-131
-26
24
10
-4
5
-86
-103
-36
-103
-51
-125
30
-46
49
59
-133
-138
24
-22
82
-108
-55
-140
-90
-74
-121
110
45
-107
119
41
-93
-110
-98
-15
34
-118
90
43
59
-6
98
-17
-107
48
-58
50
-77
107
103
-84
-126
-121
-46
17
16
-117
47
-57
94
-92
81
-80
91
112
-130
-104
-134
29
-74
-116
-133
6
-7
5
58
43
-142
70
-100
-123
-127
-134
-137
59
-72
20
-15
-16
-19
59
-67
14
58
122
-29
28
-66
-31
84
-133
-23
-29
-122
-95
50
106
21
-3
-21
54
-104
-24
17
78
0
49
79
60
-14
71
56
-104
12
-39
83
14
38
44
-57
-93
-80
22
80
-55
-46
-58
54
9
-36
-108
-87
45
-21
26
-99
-78
-84
-6
55
-120
96
-84
-52
-6
-10
-141
23
-57
2
86
-115
-24
45
-47
-43
92
-5
106
-138
-106
44
-17
79
-141
-96
-105
86
-106
-50
42
16
-111
-144
69
71
-85
9
419
248
-63
-11
151
117
-53
21
68
-64
55
350
326
-334
-21
-210
54
84
95
101
-133
-104
192
91
-1
28
-153
-169
-59
-260
282
34
-89
-39
146
-58
29
-19
200
113
251
393
11
-7
-38
232
-49
-25
228
129
-92
188
63
189
-89
-104
269
248
284
-3
194
210
-61
-46
-87
-119
27
-70
103
117
-107
-63
24
-42
-46
-14
75
12
-79
9
-83
129
-36
15
-184
-73
178
103
11
-89
99
-33
-131
-267
63
-114
148
139
68
-18
221
186
83
-65
-81
-155
70
76
-229
-357
-139
-85
5
-123
89
162
15
-134
182
147
73
0
1
-4
81
162
147
211
143
350
-155
130
93
-77
-64
-1
-68
75
151
275
90
65
-88
-184
143
284
-154
-12
151
212
173
-31
-111
37
-169
-72
56
-55
-171
-5
-54
40
-56
-211
-1
74
-3
125
72
151
68
-21
382
-204
-12
-189
74
126
80
97
12
-5
212
86
59
-12
-43
-224
-189
102
57
93
63
193
-164
-75
-25
-11
233
121
13
-78
494
339
170
-84
124
-21
104
-186
-24
37
-61
-8
20
-61
7
-97
-270
66
24
-204
-211
52
-145
93
89
85
-146
-62
68
-122
26
-74
112
-74
-198
-260
-121
-162
95
-83
-37
-32
-113
-152
191
171
-70
124
-64
-18
-180
297
-4
-75
-184
132
73
-21
-346
599
188
94
-112
80
375
141
-96
24
142
-20
-63
279
5
10
68
218
15
120
-54
99
-235
-50
-139
-177
-29
-104
-315
-112
-237
-137
-4
-69
-138
-179
38
152
-110
-127
-57
92
58
-49
-153
-187
186
24
-92
675
69
-69
25
-4
384
-166
-215
40
77
55
-16
-52
123
92
14
36
-8
132
142
75
-22
-35
110
92
266
121
14
62
9
0
-8
322
-87
77
272
189
-19
-77
-58
107
4
-139
99
55
83
49
161
474
194
-16
59
307
322
-116
-249
-139
114
99
72
13
107
-36
211
248
49
-38
-66
7
-72
157
-74
-104
-67
116
-207
-382
-85
134
-68
83
242
30
17
134
439
-213
141
153
208
-3
-30
-14
202
-15
109
89
233
17
97
-60
219
189
9
-34
-129
-71
-9
-318
-53
-275
97
55
-66
191
119
-13
-169
-458
-198
48
111
147
40
-2
151
188
213
244
81
-11
37
134
-232
96
24
-166
526
5
-92
140
269
131
-221
-144
313
-32
-53
143
5
42
-45
26
-1
-118
95
72
148
-192
-89
90
-45
83
38
12
-143
-35
-168
-124
195
-264
-49
-214
-20
-216
16
308
-35
-16
58
363
64
68
-4
-12
162
-36
114
-2
-18
-20
66
16
-30
-145
60
24
-35
-17
115
38
-231
-189
25
-151
-36
-68
-107
207
205
-230
168
83
298
-163
-307
-379
-72
-52
135
72
346
2
50
-174
272
-11
-3
-20
65
-1
65
247
232
54
91
2
-134
-15
-13
62
-143
-66
-211
-144
233
58
41
203
82
139
-110
-483
93
54
-31
10
31
-87
0
72
195
-31
-134
-212
26
-133
-141
-129
68
-161
-147
114
3
98
-112
86
100
109
-138
-145
-5
-10
44
-87
-3
17
-13
-132
121
17
36
138
42
59
153
127
-151
61
-102
-61
22
-28
67
78
20
-118
47
136
-65
-39
83
20
-80
-59
-36
221
-121
-115
39
133
60
33
32
-130
32
106
97
236
7
131
24
-477
-257
30
234
71
-250
-145
119
-20
63
-164
58
-12
-53
-105
-10
-102
73
-45
-200
113
290
174
-60
92
128
188
-60
193
245
358
-195
-510
200
158
-148
-203
4
-179
17
-6
223
-55
168
-74
-15
-135
-138
-31
-42
9
-185
-155
159
51
-90
47
-27
270
114
-7
-103
-200
-205
-35
-20
118
126
9
104
39
-80
-54
142
3
-170
-176
-268
-13
183
200
-86
-132
243
190
-136
-196
-193
-54
75
105
-13
-103
168
92
165
-78
31
-154
-144
-246
-96
-94
55
36
25
170
88
-142
-147
67
-90
107
-203
-44
-1
-120
50
72
49
-54
-23
158
158
97
-187
-233
138
313
58
-51
-79
150
-54
32
-148
100
-184
21
155
18
46
-56
48
225
-109
91
47
-27
-173
67
168
201
126
-125
25
-83
203
-130
-184
-416
-24
-21
151
-130
154
32
87
84
5
-84
-56
-45
-204
-343
-59
310
-155
-265
-180
282
-135
-6
-167
-120
-32
-199
73
116
192
110
200
227
-57
-16
67
-20
-83
42
152
148
-163
74
-31
92
80
-154
-78
-61
7
72
138
210
-42
83
163
156
-143
-31
128
101
-153
-46
173
391
29
212
164
432
-41
89
-23
-10
185
-45
12
-34
85
43
137
110
-69
-13
-43
-44
-141
1
253
2
-79
-69
-67
-142
-176
-37
-116
110
34
197
127
227
53
-37
-40
110
72
-174
56
135
-110
-160
-82
-41
-141
-109
241
104
-141
-44
70
76
-15
-117
-166
22
-444
-517
-291
57
-106
157
-36
272
-96
62
-46
-136
-61
-235
-154
267
159
70
57
59
-34
98
117
44
-194
-44
321
202
-66
-132
-104
-29
-64
-230
271
148
-41
-296
-29
0
-52
-301
-17
-131
129
-31
300
139
131
-48
199
166
-183
38
-95
75
168
-109
104
9
166
-149
-185
-105
11
-158
56
207
-44
-12
249
373
-101
53
78
161
41
-38
74
-6
63
150
4
31
87
59
188
34
-57
176
216
65
-134
-142
-52
-27
-295
-445
280
331
-40
-150
4
115
-57
148
-36
172
-26
81
-108
-334
63
67
124
144
229
8
-238
-56
57
-192
-20
-59
266
184
257
241
310
144
102
-307
109
-75
-5
-112
-343
-331
-363
-16
-3
111
161
91
-134
-271
-109
-169
-93
-31
-57
82
-148
75
113
532
-66
-54
-49
27
-46
-207
-126
136
9
-1
-14
-9
73
-79
136
-34
176
-133
-78
-151
15
128
134
-18
65
145
11
-35
125
88
-19
78
-156
-70
137
144
18
-115
-30
56
-153
-15
82
147
-63
-60
-18
396
-64
94
-81
-118
81
-88
153
-6
-199
-173
-9
95
0
32
-175
-156
85
61
172
261
-353
-148
98
-244
-60
49
355
64
-62
-116
248
-18
19
22
-60
131
-136
-267
51
198
-320
-94
-74
116
241
100
91
-6
228
-16
-20
27
-65
-174
-208
-492
290
277
36
180
219
21
305
324
227
-5
-130
71
169
60
100
70
-119
-168
-36
-5
5
-180
-132
-82
154
83
57
-13
-156
-57
-196
67
136
-112
67
-104
-75
27
-20
-50
-85
-29
-203
-268
1
-33
65
305
-150
-242
73
-71
-69
-232
-158
-232
192
-64
-260
-284
283
202
58
-87
7
-40
50
85
-196
-146
53
-11
24
230
164
-77
-81
105
89
13
-15
50
-64
-94
-94
70
-76
-148
123
41
-39
134
95
-98
-174
-132
-85
42
-109
-66
-39
-67
-79
-90
35
-105
48
-18
-103
33
-100
92
27
-34
-64
-47
-136
95
-80
-140
59
75
104
-45
-36
-36
29
-105
-144
-85
-47
4
75
-17
-94
-131
38
-63
-14
-74
3
-64
-16
107
-144
-86
-4
-58
-44
-163
37
-45
101
14
92
21
-109
83
91
-99
-14
-93
69
-113
65
43
79
-25
-37
61
-72
102
106
-90
63
6
-68
115
-55
-142
80
-137
25
-41
74
108
-20
-27
-129
32
-103
-82
-126
60
-128
-71
4
-125
81
-21
-9
-102
-135
122
-119
-142
78
-86
-125
76
-105
89
-127
-62
-78
92
105
52
13
-74
-55
-28
-23
51
26
57
69
-124
-108
-139
-1
53
38
28
-125
-9
116
-33
-68
94
41
111
26
-34
-118
-44
0
77
61
-60
-80
-54
5
58
-86
-47
48
-61
-12
90
27
-18
-65
27
76
83
-122
-32
1
-127
-15
-139
47
-46
34
53
-52
51
-67
51
56
-106
-28
-4
-60
67
-59
-1
-49
77
4
-94
-132
-91
66
-25
-129
73
-17
0
-45
37
5
8
-46
-88
-152
-31
77
34
-145
-120
26
-50
-20
-107
-13
-72
4
-63
-63
85
9
6
62
-102
41
17
-48
-112
-138
69
-130
-72
93
-42
-137
15
-22
-82
-69
-42
-77
-116
-61
-68
35
40
-151
-130
-242
-392
5
217
-3
-637
-273
48
0
17
-371
-169
-53
200
-4
213
149
76
-4
199
127
-15
8
-4
68
-26
69
180
-34
77
226
211
95
65
193
120
10
155
17
57
163
-230
-38
-6
-94
-131
-122
-152
109
-30
-309
23
49
-258
-114
223
-177
-91
-391
-137
22
-49
-39
96
183
48
-83
-56
-59
-59
-38
7
-48
-56
-50
71
134
27
42
-33
40
129
63
60
-15
86
-129
174
72
-137
99
45
-72
177
-285
-116
-112
78
-285
-52
-168
-350
35
75
7
-258
-42
116
72
181
22
219
161
-65
-113
3
10
155
-58
-64
-115
33
101
-21
-35
-39
-40
-302
-184
250
171
-33
-189
-102
0
-85
109
-203
-257
-136
101
-31
154
102
-104
-91
-177
-37
85
-139
-337
-70
32
7
-79
-46
82
14
-215
-112
153
304
208
326
-88
54
-50
218
-22
-178
10
427
138
159
85
88
-10
-90
-15
-28
71
-148
-184
-219
55
139
117
78
-27
-2
-362
-34
219
-5
-232
-41
206
114
-146
65
-178
211
-38
-15
54
160
-74
238
-119
-143
-2
159
62
-49
15
-28
7
116
181
36
144
99
135
-22
8
-14
-81
96
11
-87
-75
220
-58
-25
-21
109
141
132
-25
266
159
220
80
78
-173
215
146
-30
-136
43
70
-81
-171
-111
-8
-121
-89
54
-58
-51
83
52
26
-81
-30
-134
-5
32
-98
-111
-79
-26
16
56
102
-16
-148
-126
-78
57
-87
-86
-108
-102
-115
2
44
50
8
24
5
73
-17
-22
96
-115
-105
-130
49
-138
-106
-79
-11
-145
-6
24
-98
-76
-109
-41
-53
-47
-123
26
-76
60
-9
26
96
9
55
-26
-16
82
-32
83
111
-52
-135
-30
-131
-30
-93
-12
-6
4
-108
89
-123
-24
6
-101
-25
-16
-90
-83
-68
-135
-104
6
-117
28
56
-34
-40
67
38
-30
82
11
-141
89
73
-82
-58
82
59
75
14
-137
-123
-41
-55
-91
-130
-140
-77
82
-55
-102
9
-36
-141
-113
-27
-153
-73
-90
32
-13
-99
-98
-99
-138
21
30
-122
-19
67
20
3
29
-60
1
-59
86
-139
-133
7
-92
80
31
-146
-52
45
70
77
-121
-172
27
-43
-52
-106
29
-115
-146
-28
-49
-82
-42
-36
-89
91
-80
16
50
93
12
21
58
55
41
113
48
55
10
-66
-52
-128
-97
-181
111
-172
7
48
73
-195
-24
-5
15
-97
-31
-55
-50
57
-55
6
62
61
-84
-82
40
-126
-88
-76
46
37
-112
-39
92
-51
46
44
-127
-16
-56
-141
-138
23
-121
5
52
10
22
-145
-23
-68
-114
24
-122
-87
-47
36
-8
-29
-132
26
-64
25
-136
-40
-46
-74
55
44
-90
-62
-105
-161
-76
63
13
-432
110
466
95
-57
46
9
-59
-152
101
112
-59
-126
-40
145
-136
372
88
198
1
248
416
388
190
467
333
181
41
347
93
195
-52
-15
-10
127
-74
47
81
-246
-19
-64
94
-26
-180
-70
-126
125
264
-322
89
374
252
-160
-151
95
97
-4
-2
105
-137
-29
85
-70
-77
-64
-6
-55
71
221
105
16
141
-56
26
5
-49
100
41
-182
6
18
30
-46
-129
1
-180
-99
32
55
-13
-136
-267
-98
-88
-17
-17
-114
138
65
-224
-37
180
136
-15
35
43
31
-133
-64
103
-131
125
-51
-120
-213
196
-39
-115
-106
5
169
-62
-35
-127
-114
-81
76
-15
-227
326
4
87
-49
177
-143
-147
-77
86
-91
-112
-283
30
-162
-22
-402
-197
67
-165
-121
2
-44
238
161
235
97
236
2
97
149
321
221
455
177
-36
-18
49
48
94
108
107
92
-91
208
40
26
-16
71
-217
-55
4
-119
78
31
0
-82
-89
260
143
-226
-6
43
70
136
114
262
-43
82
-16
-71
-189
-33
197
-27
-42
-74
-72
-45
143
-240
-82
-54
11
103
97
8
-17
71
195
198
-146
145
124
-9
-154
-82
-2
28
-315
-120
-19
218
208
86
86
84
-43
33
253
55
76
7
17
-82
-27
-123
70
65
-22
56
122
69
-259
-79
-90
13
212
-115
-119
-91
342
-302
-325
-193
-160
193
262
56
110
54
-19
19
127
229
88
20
170
270
47
-186
-77
-151
10
38
214
149
70
150
-7
38
76
199
173
-264
15
298
297
-226
-86
82
-134
44
-29
-20
-33
-227
38
-50
332
33
144
-1
26
-7
-84
-88
-90
50
-68
192
184
139
155
31
140
-89
-298
-140
225
-31
-67
77
8
-16
2
-81
-69
-147
141
132
45
-131
30
95
341
55
6
165
-296
-97
-89
146
-23
-193
130
75
246
-57
-160
-26
-85
-38
-41
80
171
105
54
117
47
149
-38
20
-95
7
-22
176
572
234
-188
-169
-8
-99
-32
-154
-260
-382
-181
-54
293
-4
9
98
176
33
154
24
138
-90
172
28
-58
-162
44
127
97
-222
-211
212
863
301
-36
172
-12
-395
-63
-177
-418
-384
-94
-311
157
-103
-146
20
80
52
-33
123
-27
171
108
134
142
20
52
50
-123
-187
238
54
-45
-306
-297
-148
-46
-402
-220
167
95
-342
69
86
142
199
280
37
-176
76
3
-22
-96
248
244
113
-73
317
252
138
-88
-338
-227
130
313
96
134
-28
-169
74
-81
59
-38
-123
147
160
171
82
-210
-200
-11
9
13
15
79
-8
78
108
-65
-51
155
-76
-21
66
-67
211
-31
-181
-242
6
-299
-63
-200
-236
-182
-55
-394
-63
116
-146
-279
-84
-260
384
33
115
4
82
196
207
151
38
-6
-120
153
223
-210
-238
-300
121
98
-45
-56
-49
289
158
379
17
95
33
96
-40
-82
133
237
-242
-89
49
-161
-174
-156
-89
19
242
-51
-397
-96
183
28
61
-56
13
-1
156
32
-139
-63
22
101
-11
80
73
53
-146
-13
4
13
92
175
-59
30
301
279
52
147
136
28
19
-25
-46
44
15
49
67
88
37
15
156
-116
-206
-328
-67
-125
117
-109
24
34
-73
-305
105
167
169
-23
-76
-81
261
173
160
43
-65
106
164
73
54
370
12
-1
78
-88
122
-116
-11
-84
-141
-47
5
-221
-255
-69
-151
-138
-225
136
-149
115
65
49
-128
-49
60
227
-1
-1
-15
-241
42
114
33
-24
-108
-111
75
-69
-78
-98
-135
-70
-68
-287
-5
-19
40
-133
35
140
143
46
99
9
-1
99
151
32
144
82
-478
-37
199
23
-525
-224
-85
-55
39
44
69
-74
8
-103
-172
26
131
347
209
-5
-90
233
10
-92
-133
-162
-15
-43
71
-28
83
223
-120
70
-4
43
35
107
-40
122
282
196
-99
-191
4
76
45
180
-33
49
-114
-207
299
100
120
171
-8
-124
85
53
5
107
172
199
25
-105
206
339
-147
-173
162
121
-69
64
-34
-3
-78
100
228
226
110
11
9
75
-1
120
-33
-210
-56
140
310
-76
136
20
18
-268
99
266
190
-21
249
168
167
-65
279
127
11
-8
-274
-13
109
-139
-11
-216
43
388
-100
-87
-37
-94
-97
-44
-54
174
-163
-10
110
295
114
125
144
199
-38
149
74
42
-38
40
-31
-121
-55
71
149
-7
96
258
-50
-72
50
89
-84
226
-68
-36
39
-54
36
-51
-21
-127
-128
55
-16
205
-206
-38
79
180
-185
-74
-70
58
138
15
35
-228
220
146
-24
59
280
148
-158
-206
69
-11
89
138
-160
-141
-212
-37
-150
108
121
383
15
217
29
12
-128
202
-206
-179
-98
391
107
-185
9
-68
36
165
-93
-59
-52
139
-121
-3
12
-62
-36
-170
95
137
-131
-370
89
522
-176
240
-75
147
-116
200
8
-66
-38
88
59
-417
86
-96
16
28
180
8
-72
24
7
-1
204
184
5
-183
-151
186
-354
49
195
206
-154
-82
-23
158
-38
52
63
-57
149
196
162
272
205
-53
-80
-91
225
-11
-46
-21
58
-107
100
12
36
9
57
147
69
17
-46
172
274
175
-79
79
-127
-123
-2
-262
63
102
-178
-197
62
108
166
111
63
79
-121
-70
111
148
6
277
9
26
-30
-27
85
116
-348
-251
-124
31
-408
10
-120
96
19
-123
38
206
56
188
46
-73
28
56
-153
122
216
313
8
143
93
-120
-270
-93
-97
-193
-180
84
150
467
10
87
37
-119
107
153
53
-168
-75
21
-187
-366
179
-34
-140
-302
15
-162
-152
-438
-173
164
31
-366
80
102
62
-349
-12
41
-20
105
107
162
138
-49
-13
-81
170
154
-64
121
-34
75
341
186
138
159
52
24
57
-5
-238
59
123
172
-149
-64
-64
-41
9
-29
-7
-279
-5
70
-105
-185
-65
119
4
-187
59
72
-15
-248
84
-83
90
-26
127
226
175
35
47
182
54
-8
-126
67
-74
-245
-124
-146
-169
13
-137
-155
-267
46
-89
-131
-183
137
-86
-8
38
35
161
121
-76
-98
201
108
4
-138
-171
-23
56
-66
10
-93
144
-84
23
-114
32
148
-208
-136
81
266
-41
-430
17
-32
45
-132
-216
200
-119
51
-97
86
38
95
146
194
113
176
96
-110
-73
86
55
-223
138
-121
165
102
-6
-303
140
105
-121
-26
61
137
-191
-115
122
-49
-261
-251
-96
-133
80
51
-71
104
-136
120
202
194
-147
-185
0
29
21
-85
-52
-90
-160
0
212
55
-142
70
196
4
-167
-101
-22
-80
89
99
62
112
71
123
335
68
96
-12
53
-97
52
-101
-89
-265
-55
221
-156
-104
146
118
69
-77
157
14
155
19
108
-181
104
469
-120
232
72
112
-184
-52
8
-122
-108
-228
-163
-318
119
63
69
38
-374
-131
105
92
-169
-52
53
242
10
-79
-229
-159
28
-250
-251
-205
-105
86
-37
-240
-36
60
75
-123
146
247
55
-236
-85
-23
142
-107
-65
-74
149
160
60
55
45
-43
101
-106
169
59
-86
141
85
21
34
131
36
187
-69
-56
69
24
-63
29
-23
-183
-225
2
157
37
42
83
24
-139
-110
-48
47
-113
45
0
54
-219
-73
37
351
71
-132
-17
127
190
28
-113
-93
19
48
39
-132
-350
278
-60
-78
-345
-28
-171
-64
53
67
-17
-109
186
-91
-71
-6
89
-125
-93
236
64
-12
17
115
56
80
105
11
-97
69
-36
-57
96
53
59
34
128
50
235
20
-197
-22
277
-44
-9
84
-266
-30
-9
-72
152
169
383
-205
-122
-114
41
40
-64
59
59
69
-103
-157
-10
335
123
115
-136
9
-117
-271
-129
140
12
230
79
-321
34
41
153
-215
-35
33
97
-222
-168
-178
0
-6
-39
36
66
45
113
119
8
316
47
127
-41
-154
-83
-15
205
-23
23
227
-116
-19
25
109
-19
-90
151
271
-131
-8
-28
13
101
17
-43
48
-80
-34
48
-128
-426
120
17
-164
-369
171
156
223
-132
2
-108
108
-204
105
113
-133
-110
330
-157
-245
-181
-271
-266
-181
4
163
93
31
163
348
181
98
132
-81
-70
-21
-12
-65
-84
-143
77
27
-14
143
48
9
4
105
173
16
-30
161
202
176
320
240
181
153
83
314
47
37
90
-127
-287
187
-6
-252
-58
-66
91
-241
-237
84
-143
-76
67
54
-39
62
-170
211
90
-146
-71
-274
-216
58
200
-11
-72
87
-172
169
137
170
217
104
110
94
-3
220
131
61
178
172
7
69
-14
133
143
57
-197
-29
16
-333
-154
-31
26
-125
-122
41
-71
-131
208
73
75
-74
151
70
59
230
290
162
406
177
265
-160
18
69
-16
21
110
-72
11
297
-127
-38
-118
-16
-45
-83
10
113
16
18
-103
64
65
43
-89
228
33
56
-15
209
445
316
259
62
-11
-117
-169
181
-8
-31
-104
-94
-253
-110
-2
-188
-49
-31
-164
82
148
42
-79
161
6
77
133
-71
46
136
-23
301
97
64
-135
11
15
74
-57
341
87
-50
-156
131
71
-154
-86
256
103
-91
-189
122
-154
-98
-24
-89
-5
-76
-157
79
-87
240
-5
11
109
240
240
36
-124
-190
-272
77
-79
91
-70
180
227
-61
-53
-11
-203
38
108
149
-40
-45
14
123
45
-21
-18
-114
36
21
135
-290
-11
-97
71
-296
64
-6
-421
-132
59
-55
-66
-384
10
85
302
25
77
119
69
-295
-2
-75
-231
-59
-196
-124
-35
122
52
98
84
228
156
-93
-475
161
179
54
-171
88
280
93
-291
-39
-11
-71
-112
-343
-103
171
62
-226
-171
34
-271
-36
132
-253
-128
-356
36
-172
-135
-6
18
256
107
-112
202
165
53
-159
120
31
123
-90
62
83
-35
232
102
-98
57
200
-3
161
281
-85
-55
-40
-87
49
51
-227
53
-183
162
151
-19
-116
126
-30
-258
37
104
-112
-206
98
37
71
176
-48
21
-1
-1
-99
-145
-144
-20
-115
107
112
-71
-50
-167
-93
-394
-266
-235
-79
94
156
155
-110
174
126
126
75
29
-145
17
45
-53
-115
34
202
-106
-124
-39
92
-89
-134
-33
-3
-56
38
47
14
22
-76
-276
-17
209
52
183
58
246
-85
-32
-177
85
-53
274
-57
102
116
-32
-73
198
-121
-51
-75
-116
7
-193
-5
150
230
-130
-50
49
-303
-69
69
83
-62
-48
71
-10
-61
-113
29
112
-251
-290
171
256
-99
-118
-42
29
-202
-111
27
130
-131
-135
-10
97
147
-109
-75
72
-11
13
40
-140
-73
181
171
51
112
188
-12
-219
-227
3
17
271
11
90
65
136
-167
48
-41
178
-120
-57
98
126
167
-19
-148
-232
-191
-78
-43
53
45
54
-235
178
140
-133
15
112
-15
-30
-53
98
147
204
79
108
50
53
-102
-21
-96
-140
-336
-258
101
-20
75
-37
-71
134
197
-75
-365
-59
10
-74
35
-69
-50
-119
217
-1
29
-160
-120
-177
-278
-391
152
-159
-181
-165
33
-10
-64
131
-243
-53
19
-281
32
66
153
174
24
-36
-58
205
42
-25
141
165
-55
-37
66
-36
63
225
129
-213
93
54
34
-51
-177
-1
113
145
74
-21
145
-163
-26
158
75
-339
66
17
-178
84
76
-102
-21
-33
-95
-38
95
35
-66
-58
39
192
-121
-38
56
4
56
-37
57
-172
89
-46
-8
-159
-341
-253
-95
-716
-74
-59
40
162
-231
-200
64
270
-74
-69
106
156
-146
-76
123
-60
107
-60
-91
29
115
-57
132
-81
-34
2
-23
31
220
66
-443
-872
82
104
46
-50
40
-231
-42
321
152
-135
-146
117
135
98
-28
27
-26
-82
-58
6
76
98
-115
-119
59
22
-70
-59
117
-371
-145
238
300
-78
48
35
-106
-76
133
69
-20
-253
-72
-27
-471
-209
194
272
-61
-66
198
127
58
-99
85
-76
198
101
44
-93
216
161
96
-149
-123
52
406
71
-140
-57
144
-46
-88
10
79
-5
15
11
138
91
-23
47
85
-138
27
103
-56
-177
-49
132
-23
-295
125
-26
-55
30
115
4
-123
95
77
-36
-77
71
56
129
78
90
-33
16
30
3
-133
-163
58
14
-168
-19
-29
94
-6
52
6
-109
-29
64
37
-125
-166
-16
18
-34
-69
-67
-138
-125
-66
56
-57
41
116
57
-70
-118
-60
35
52
86
-56
25
155
217
-60
44
-45
73
-130
-90
-161
-73
-25
-131
-60
52
53
120
-86
-130
18
-113
-94
99
55
4
-36
-57
40
-76
-45
-152
-177
-30
-4
3
-123
-115
-10
-6
32
-49
-126
24
146
-102
-7
60
-55
-106
-66
39
-90
-31
-38
-49
-13
-83
-76
-135
-200
60
-73
-79
-86
54
-111
85
-31
-85
110
62
121
-143
118
100
-15
124
-8
-121
-112
-72
46
-27
-185
-102
-22
-96
63
-83
-89
-154
-135
-81
-76
-38
-4
-93
-189
-61
-42
-50
-78
37
101
-160
121
223
-32
83
155
63
-21
-41
108
-148
-64
-158
2
-151
-82
-114
-87
-68
30
-127
-41
2
-153
-7
-65
-176
-108
137
151
-115
-13
26
-65
-114
89
14
-113
67
-4
-2
-40
-68
-42
-184
-50
25
-170
-58
-128
-101
-4
-27
-225
-29
110
-83
3
44
56
-64
-80
-60
-144
-54
-15
-136
88
-101
-205
-4
-47
6
28
-42
-110
99
108
-15
-202
20
-66
-20
40
-190
-186
-103
55
19
5
15
-179
-139
-132
115
52
88
126
-63
113
29
-116
-18
-5
107
40
-31
69
102
99
45
-210
-213
-150
-114
-92
-164
-142
-178
-65
-113
-178
26
-19
-43
-38
-51
-159
-238
38
-186
10
7
-131
-148
-141
-71
-148
2
4
58
3
-143
-140
39
146
65
-85
74
25
35
-3
100
-2
-152
-40
-28
-11
-35
-164
44
35
62
4
54
-86
-26
-101
-102
19
-62
-46
-60
51
-156
-161
-232
-69
-152
-96
-4
-154
-118
-12
27
-190
-75
-168
-56
-52
-122
-70
85
87
-88
-19
-69
65
-61
-93
1
16
-101
34
48
31
-9
-120
-143
-148
-148
-213
-188
-98
59
-115
81
25
44
-101
34
-150
-79
-90
67
-55
133
70
-165
-62
55
23
-23
54
33
98
-171
-56
22
-162
7
69
-54
-10
-142
-61
-12
19
-45
-131
-38
22
-126
-82
-36
48
89
61
-92
-49
68
-170
-15
-129
-50
18
98
-64
-176
-153
-11
-184
-51
6
40
-201
-151
-7
97
-94
76
-117
-176
-98
-52
-140
-165
33
-111
31
-76
-39
-113
-145
57
-18
-34
-154
-61
7
30
-131
-130
-120
-126
-57
-138
-91
49
-19
76
135
129
-56
-68
46
-33
-137
-93
14
-180
-163
11
-140
-143
-18
12
-107
-13
-73
-30
-166
-18
-103
93
-96
-89
-50
-225
-77
-99
-134
-205
-136
-22
-116
-191
18
-145
-56
-166
-132
89
-97
73
-102
-75
-108
-131
-35
-6
-2
74
93
-113
60
80
-84
-126
-110
-142
64
120
2
33
67
-94
-72
11
-25
-17
88
-60
-76
-152
50
109
36
78
50
-69
-4
-5
-125
-68
86
-124
-10
-9
99
32
-79
-40
-100
-53
-46
7
8
18
-126
-96
-94
-74
-147
85
-26
28
-97
-28
-36
-153
37
-20
56
0
-11
-13
-99
-101
-151
-142
56
-56
54
98
-101
-98
-131
-121
-126
-72
-69
14
-89
-111
74
-57
55
-44
57
86
13
58
45
-77
14
-37
38
103
0
42
58
115
-115
15
6
-104
-57
-83
-69
-123
-3
-114
83
-132
-86
-81
92
-3
10
-35
32
-117
-106
-129
20
-156
-66
76
13
-69
41
-3
-74
19
75
-105
-125
19
-7
-4
-107
-130
33
-107
-10
-123
-127
57
-108
-109
28
7
-9
-72
-142
-70
-112
-11
44
39
102
-135
27
12
47
84
88
-33
21
36
-18
83
-2
78
42
93
-131
-27
-74
-93
-112
86
-129
48
-109
92
-40
-120
-1
55
7
-70
24
-11
-40
46
-73
22
115
-25
82
-62
-76
-145
-30
-7
-21
-26
14
-134
-47
46
88
-6
43
-141
84
0
-118
45
-19
-58
-64
89
21
66
-110
-59
-53
-62
-144
-108
-128
79
-102
-79
-118
-97
-153
77
-85
91
-91
-142
-108
80
-13
-217
-8
-77
-7
-230
-117
-9
20
-44
-133
22
-184
134
-56
-118
-68
24
-40
-108
21
17
4
-23
-24
51
16
-111
-62
72
-69
-98
155
-18
13
-68
44
40
26
75
82
63
36
131
-74
-143
-28
30
-52
-3
-198
-34
-113
-1
-56
-154
-106
-230
-80
54
-176
-62
-6
-74
36
-80
98
2
26
-21
49
-98
-25
-117
42
-39
-163
-158
-47
-156
-59
16
-65
8
40
-115
4
61
23
-83
-76
10
-47
-81
-148
-138
-56
-98
-192
-30
-120
-14
-6
45
28
-98
47
-144
-205
-39
29
116
-133
-27
74
122
22
0
-28
-105
-93
59
47
-163
40
-71
-84
-152
-118
-139
15
35
11
159
93
3
-165
-30
-115
-6
-47
-37
-35
4
-178
-28
-82
-201
-153
-65
-1
-136
-133
-122
-35
-48
-156
64
-92
-143
73
-95
-9
-153
-11
71
-183
-29
63
120
-118
89
70
3
15
15
-131
2
-85
-116
65
-171
18
28
55
44
-158
28
47
-123
-11
-146
-6
-98
-19
-116
131
-66
-36
72
119
-13
6
-130
19
-113
-85
-38
29
-107
50
-83
-21
-15
-79
100
35
25
-22
57
-134
-75
99
35
65
64
-36
-32
-42
-149
-5
100
-157
-132
-129
-109
-26
-171
-63
-49
78
-5
126
10
58
-42
-148
-74
72
-76
-171
-125
-68
-149
25
-24
62
-1
-107
63
85
-152
-108
83
-100
-81
75
52
-56
31
-101
-46
-65
-125
70
-44
56
121
52
-7
88
21
-48
85
2
27
49
-82
-114
-8
43
-65
74
-69
61
58
-112
98
-81
19
-138
-106
68
47
85
-146
37
-88
84
-85
-136
-38
-97
-84
-34
-115
-99
94
-71
-17
-113
-130
53
23
-103
-90
69
-7
79
-35
4
44
15
-122
-142
-144
3
-30
-92
49
45
-91
-131
-87
-119
-102
-27
36
-111
-78
33
-112
80
64
-15
91
-95
-70
-23
58
-62
-20
-13
-119
-14
-121
-90
27
-66
-32
-128
54
-80
-29
-39
107
-7
-134
-97
35
80
-51
73
89
-50
62
-62
-138
19
-79
-52
83
-94
-67
3
-98
-138
61
36
-17
-63
-52
-50
-123
109
-42
-103
-120
65
-145
65
-96
-76
39
-79
57
-128
8
6
-115
-113
42
89
32
-136
86
-5
97
-14
67
59
-107
-107
-141
-14
-26
-63
0
-120
-114
109
-43
47
39
-66
-61
-142
-59
103
-115
56
-42
-53
89
29
1
72
-87
88
1
-121
14
83
89
-5
-104
49
9
124
21
7
-123
13
0
89
-3
36
64
24
-59
46
-119
-74
-1
-40
82
32
83
-64
-7
-156
-44
77
-22
6
-91
-79
-122
-71
87
-118
21
32
-20
-4
-61
25
6
-60
-117
-1
-99
-12
-13
-131
-19
-27
-69
12
-263
-149
-189
2
296
-300
5
178
81
-80
99
18
1
50
172
146
-20
71
74
131
109
134
122
71
100
293
269
158
42
335
207
-11
142
331
19
107
-30
29
-79
-2
-59
-71
-8
216
116
-41
163
148
-284
-137
72
192
96
-223
9
93
292
19
-23
-108
69
85
82
-44
-49
-214
69
50
-46
-222
-160
-12
4
-22
-124
56
36
-116
-61
-82
-139
-86
-48
-61
-9
78
95
-11
95
19
33
-47
145
-169
21
77
-414
-19
0
19
4
-274
-14
171
150
1
79
-23
-148
-141
-45
135
51
-89
38
85
28
-103
-175
-128
67
203
-243
40
351
132
142
15
-5
-131
54
129
-212
-347
207
129
167
119
-58
-15
-94
-179
119
-64
-83
-184
-169
-16
84
-225
-257
-190
122
-138
-192
121
560
67
273
-8
135
-134
276
-115
47
41
283
454
-39
38
-56
210
41
-115
22
10
-75
-23
-80
136
-69
109
-51
-233
78
-335
334
29
-29
-295
-18
120
-6
-323
104
-28
65
30
311
142
-4
398
134
-27
-318
-30
235
13
43
119
-9
-20
-5
-189
-83
-78
-53
-26
-118
-91
101
115
232
50
-175
205
68
-36
-161
-135
-55
-13
-91
142
49
195
118
-33
121
143
144
128
118
-19
149
15
12
-135
-88
-57
24
-56
-15
33
62
-112
-5
-77
110
-82
-127
108
106
-11
-40
-133
-126
72
37
-65
28
-42
-2
10
-120
10
-9
-133
5
43
99
-130
52
-150
42
-118
91
42
49
8
-30
-20
-130
56
-155
-119
-92
-64
31
-127
-64
-70
-45
42
-93
-24
97
-126
-81
96
-80
37
-25
43
-16
-8
-99
6
-44
-141
-140
-37
-156
-110
52
-122
2
45
-130
46
38
-68
-71
93
-152
-132
-2
-9
66
-54
-64
64
105
88
72
-130
-45
-137
-86
-145
17
6
-4
-1
8
56
-136
24
-153
-22
-76
-131
-59
93
-85
38
-112
99
-94
78
-130
80
-90
-98
50
-61
-54
-41
-114
84
110
-132
-8
-80
58
-37
-30
92
-127
-96
8
89
-12
-40
87
-101
76
84
-157
-10
-62
-89
-47
37
-73
64
-131
-63
48
27
-48
-48
-66
40
-135
-4
86
-27
-105
-69
-55
73
20
72
-10
57
73
-9
15
-115
42
107
-95
-136
-23
43
-57
-10
-109
5
-57
2
-150
-126
-32
25
-83
-148
-20
-51
-145
94
16
-92
-87
-62
0
15
-135
80
-65
90
-9
-91
-30
-187
-73
-82
71
19
-68
51
-88
-8
90
-87
-93
62
-25
26
-130
-66
-118
-37
-23
-79
-98
7
50
-43
-107
105
-146
-145
-100
-97
-86
-79
-153
0
49
90
67
-21
-29
136
195
-10
161
118
171
-285
172
-55
104
-179
-423
-66
-146
105
-10
-76
124
24
170
-58
-151
-16
219
92
-126
25
-231
-111
97
-140
-160
-136
-138
182
266
-215
50
87
460
39
50
-117
14
-241
-305
-161
-221
53
59
-217
-50
-137
-146
-240
-33
10
276
-88
-204
-64
53
51
-194
-21
-42
110
172
-159
-37
5
-103
36
-52
-11
-67
-157
143
26
17
-87
84
77
-104
-32
-203
75
87
-123
-141
9
96
70
164
10
-6
-94
50
-79
-40
-161
-83
-51
172
-49
62
-85
-205
106
76
32
-617
76
-46
35
310
184
200
-45
69
66
52
-84
-145
123
74
-82
-217
135
4
-16
-65
294
-46
-51
10
364
10
-130
191
-7
-98
35
-49
-143
218
69
-163
105
-82
-17
-74
-241
62
52
-93
3
72
-8
-73
194
-29
-23
-287
33
-203
-198
-94
321
-155
-147
-20
130
61
14
-32
-37
20
95
177
-284
-19
135
162
10
32
162
-14
87
79
-28
-165
-408
-9
-247
-161
-228
-71
163
-46
42
19
91
216
-207
-30
227
92
6
119
-38
60
-87
324
-30
-222
-98
69
192
-48
-347
-9
287
128
21
-91
-74
62
-57
-247
-3
250
-51
92
17
55
-18
10
-42
54
-43
-60
-67
287
-31
-61
-90
127
-236
-101
-77
-64
155
92
-69
-295
264
-55
-254
-90
351
189
-114
197
221
-140
364
216
-41
316
318
1
49
163
177
51
-60
11
190
271
-49
-101
-78
88
-48
51
-55
-355
-68
-77
79
360
-65
-108
17
71
33
-64
-9
-89
105
26
-23
-153
161
74
89
-532
163
289
18
-104
186
-84
146
43
-79
-10
211
214
4
-28
-131
-132
194
-103
-40
109
84
-26
76
120
64
-29
-78
-111
-42
-15
183
17
-134
-84
-56
-239
27
-60
39
102
-34
-134
200
56
64
-58
39
-25
49
-115
-256
-401
-114
-9
204
351
-122
20
-24
72
-101
20
134
-78
-65
-63
24
115
12
9
51
-44
-33
13
-96
-232
-24
45
-35
-160
69
137
-103
-34
-64
51
187
-60
-19
69
-66
336
16
26
-2
49
181
132
9
69
98
-132
46
58
-226
-359
-196
38
122
362
100
266
-5
-117
-150
-210
-39
145
213
-54
125
-173
132
230
65
145
-19
75
104
136
166
22
-94
-12
8
35
-54
-2
-295
-54
295
237
-172
-304
430
74
114
-60
58
153
-32
138
25
46
70
-80
166
-408
-71
102
80
19
-26
71
246
-139
-144
-10
-28
-186
-55
-195
10
-212
15
-104
-141
-7
-154
-345
67
-72
81
52
-142
83
-27
-203
86
-3
170
1
35
45
261
-36
34
163
88
-184
-97
-129
-138
-102
108
-12
167
85
-158
51
129
95
-161
151
22
16
-64
274
360
39
-173
-50
-68
-106
79
-115
-21
-141
88
130
157
-81
17
-81
51
-208
153
5
54
-156
332
155
224
-288
135
251
-29
93
-190
-127
-154
149
88
59
109
249
-220
79
-41
87
-91
-212
129
206
150
31
296
238
24
-35
4
76
-123
-12
185
133
-170
-76
78
-44
70
-24
-80
-13
85
71
-190
-153
-20
-12
10
123
-25
14
35
-83
89
1
-60
-42
-39
82
-2
162
-116
-132
260
117
-45
88
8
26
67
69
97
-306
100
137
93
-76
254
94
-50
-65
-6
-102
-51
-36
22
-184
-182
64
15
20
148
179
32
103
-33
79
-274
183
-163
-170
85
508
-124
-155
-89
94
158
219
-235
-171
118
112
24
-46
-24
193
-81
-30
103
90
-18
-207
22
143
-226
-138
-39
-47
72
169
75
39
81
63
61
-402
-60
-12
53
20
86
147
30
1
185
39
-52
-17
-34
-85
38
165
21
-32
55
101
-219
-33
-150
150
145
-40
136
100
139
312
141
91
212
239
284
-60
-42
-67
-40
-62
33
-157
-20
93
-111
-150
-1
40
95
106
-30
3
156
70
-51
191
82
25
-130
-50
140
-26
41
2
33
79
-31
42
129
137
-24
146
89
110
40
251
153
101
-95
273
-59
-137
-43
29
-188
-24
25
-100
-32
-12
-35
45
193
-350
-333
-277
145
-23
-50
55
342
187
-127
-122
256
59
-121
-35
27
79
-135
250
243
8
-118
-177
187
-33
-135
144
-207
-210
-80
118
81
53
50
178
-52
-61
-200
-239
-159
126
-40
28
42
-52
-53
-92
256
-167
-322
-109
-145
12
66
-107
-103
34
94
-81
176
46
-54
94
185
22
-109
-100
82
-56
114
-251
-22
-48
-28
-40
269
132
99
50
153
69
63
105
-176
28
-34
-152
-28
-6
-97
187
214
76
127
205
83
-88
-184
163
24
56
166
213
63
-17
19
182
-18
-110
-77
-81
110
47
193
2
-250
104
64
-160
-192
-48
87
68
134
0
145
-15
277
-275
-74
-1
-36
-40
43
42
-76
-64
-196
20
64
3
-57
91
262
231
-77
15
208
179
7
-423
-7
33
-6
-104
215
105
37
-20
-56
-131
75
9
5
6
10
-88
59
-16
57
62
47
-36
-38
27
87
86
38
28
-185
-121
-35
-20
-68
48
43
-110
80
-49
-97
-153
70
-208
-149
-75
-161
154
253
183
-119
55
57
56
52
68
-90
-61
121
25
-125
-217
54
220
-36
-228
-109
-94
-144
-13
193
112
-30
140
8
262
-27
-40
54
55
105
53
-73
6
-9
105
31
41
65
-78
103
143
65
-11
-80
59
43
-122
-176
-30
-173
-114
-98
-110
-30
-318
-65
-305
-51
319
-4
-10
-144
-181
-31
11
36
289
255
131
-35
104
-63
-229
33
235
-30
12
104
313
-34
12
-24
-29
195
296
65
68
45
-59
91
24
167
-67
6
-22
110
-137
84
-254
-116
20
-50
50
30
129
-45
-70
114
95
-72
73
43
192
77
-95
33
-23
106
47
166
127
110
191
212
227
17
219
-103
-39
-16
5
116
175
269
118
131
74
153
121
51
-24
-41
-234
-16
-88
43
56
30
-63
-144
-411
124
-18
85
6
-2
124
-142
-149
36
186
167
-119
-40
22
290
242
268
154
-29
-35
145
273
22
120
-39
-213
-72
50
-158
-207
-108
-50
-145
-127
15
77
120
-76
-96
-115
70
137
-12
-140
-3
-140
118
100
16
-24
49
84
78
-22
-148
-69
-71
-75
98
190
89
-238
-2
55
-27
145
-66
-92
-20
-135
-191
69
100
144
191
-64
140
13
-44
-68
110
45
141
173
298
-114
16
217
-157
-84
-34
-149
-119
-62
47
181
-173
-179
31
-17
-291
-77
-35
-134
-177
-84
-198
-27
-57
32
125
266
-23
-63
-20
262
-130
188
81
206
2
-69
31
23
127
152
160
-190
29
143
35
125
129
-124
139
-81
57
143
209
14
1
-22
163
-4
104
84
48
12
-179
122
45
87
22
153
45
-60
-89
204
259
1
70
301
246
-451
-43
-7
82
-84
-97
-117
-105
-440
65
108
60
-120
248
227
142
-78
24
103
144
-118
35
-4
72
-56
-151
-49
-241
-19
-37
-24
200
82
-64
187
135
112
-7
155
96
193
147
59
438
232
-51
-51
154
35
0
106
13
-139
19
-71
-60
-41
18
1
-78
-81
-44
133
-7
-164
-29
-10
74
-165
32
16
1
-186
-75
10
-269
-87
202
43
43
-143
-162
170
87
-90
-164
154
137
-200
-102
68
-52
314
-155
133
-163
-401
-84
4
-3
105
64
5
-188
-55
-39
-58
-287
-112
99
-131
41
133
22
-71
209
267
-33
34
20
51
-12
262
51
32
148
446
-167
-28
-147
-32
92
162
-276
-25
-3
137
118
48
46
-14
-111
-126
119
47
54
197
95
80
69
-77
-181
-32
145
301
366
164
-158
126
177
-151
-38
-87
21
-47
49
-286
-149
-191
149
-10
-66
85
48
-67
18
68
-459
-150
-32
12
-94
79
44
234
-34
95
33
-109
378
143
-77
-46
19
143
95
4
-159
-49
43
-60
-179
7
58
-81
-221
72
124
-94
-57
210
5
67
-66
157
-39
-38
153
44
-15
-84
-33
98
-136
-267
-93
-59
93
-149
-73
-90
-412
-275
23
123
-111
92
181
26
138
74
242
226
163
230
4
77
119
309
186
128
147
34
127
410
325
-134
203
33
152
191
29
-25
-139
-174
178
95
92
79
104
-71
-49
-82
-60
6
23
128
-35
-105
88
23
17
-235
-29
169
-186
-114
-9
38
105
-31
-326
-351
286
86
-93
353
36
16
296
371
271
-87
72
111
14
9
-119
100
167
-88
126
8
6
75
60
-63
35
-30
-157
-48
-13
20
-24
-182
3
-37
48
2
103
38
-205
60
169
-140
-19
-190
90
-33
-23
-232
142
-50
-138
265
-31
-59
180
357
-32
43
68
-87
65
196
232
91
42
19
99
-63
95
-109
-256
-226
-136
131
-131
-112
-17
-71
-280
-349
165
246
135
18
-46
188
237
257
373
339
-67
138
161
151
33
12
170
101
42
7
-3
127
-100
113
185
50
-40
149
23
-134
-389
-625
-194
-205
-68
15
75
134
199
213
124
-220
54
-33
147
164
114
95
156
81
10
6
50
-40
-81
-77
-128
27
-27
-3
87
-57
-173
-30
81
95
-53
168
331
114
178
75
444
162
232
-81
-87
-184
26
243
191
-32
251
-91
-29
28
-10
-48
-36
-159
-260
-149
-81
-90
-213
-228
-94
-64
-53
160
19
-79
-33
277
87
62
-141
-105
-26
-47
110
142
-166
7
-116
30
-68
112
-88
-69
50
84
-22
-71
151
-110
-144
-204
312
148
162
108
105
-53
77
318
16
348
278
-115
114
223
42
161
-33
45
-30
38
-150
38
-47
42
-93
10
-49
-437
-101
-73
-67
194
-238
-91
45
151
91
-273
22
-13
23
-58
-44
56
21
-34
57
37
131
45
77
189
326
261
266
126
1
145
-17
209
160
-119
-79
-43
158
-200
42
-30
168
127
-92
-92
-20
31
-184
-36
-311
-48
115
74
-74
-88
-61
63
73
-121
137
152
-106
-107
129
36
-47
14
-7
373
213
94
144
-168
92
38
34
340
-17
96
-7
307
-97
-78
185
184
-180
47
92
86
-50
118
-110
-99
-262
26
-203
-147
-147
-144
126
-332
99
81
50
-63
168
176
92
207
178
-66
25
96
80
55
-125
147
135
178
175
56
226
135
-74
94
-166
-9
-70
79
109
199
292
121
3
-58
63
-254
60
356
84
-228
60
-125
122
391
33
197
59
177
-101
51
-9
130
-14
148
-69
-137
-146
-140
-127
-415
43
183
-223
-265
376
210
-84
-63
136
139
147
-120
51
149
27
84
376
-252
-194
-40
217
-126
-188
201
406
151
-297
-107
123
62
-228
-227
-91
-197
-198
-26
11
-142
23
67
-126
32
-38
211
109
6
162
-26
-16
16
-54
97
-146
-258
-113
129
-49
75
-11
78
-86
-178
-98
-256
14
101
52
-174
-30
-8
32
-114
-26
-15
-35
59
56
86
-14
43
-48
-104
-76
-88
-78
74
1
-79
-108
16
-61
77
64
-93
-28
-135
-4
-2
78
-85
80
25
29
-46
-90
57
-22
-152
-90
-79
-74
-105
-126
-80
-26
-42
26
87
-128
-161
89
-86
-30
22
-133
-54
20
-123
-74
-123
91
-18
31
-16
43
88
40
-102
55
-31
4
-112
-115
-87
35
89
52
-43
-41
86
-23
49
-54
15
-89
83
19
-111
-7
-98
-59
-84
70
-144
-45
-11
25
21
44
-85
79
77
0
-119
-88
-3
104
-56
-97
61
32
-121
-96
-65
-141
-81
-19
-141
-13
-126
22
37
-23
59
-120
-92
-30
-89
-124
102
137
64
-158
79
-105
-21
-117
106
82
-20
-38
-44
9
16
-117
16
68
-51
-82
100
-107
-33
21
-40
-67
-1
44
30
-33
-130
33
100
-30
98
48
-16
10
-83
45
-12
39
-106
-49
-56
-23
57
-28
25
-103
-10
-123
-110
-131
-7
-30
64
29
-51
-8
-128
52
-172
80
-50
-152
-118
29
67
-6
-51
-141
-88
-53
-107
79
-21
23
51
-91
-1
100
-117
46
-32
31
-62
-27
82
13
49
83
121
-143
-16
101
-107
-82
28
13
-98
50
-90
93
61
-23
-39
-108
-8
-120
81
32
8
32
104
-95
97
-2
39
-130
102
4
-10
-76
16
36
59
100
-128
68
-42
-35
47
-96
53
-66
26
-15
-135
-177
-58
100
78
18
38
-85
25
-120
-154
-34
-7
-109
48
78
-84
-10
-29
11
-124
-81
-111
-66
-34
-35
-116
-82
-119
-16
-29
-106
-92
9
-79
-12
20
-12
121
-101
-113
-31
-98
-120
26
-42
-79
-3
-77
-31
-102
52
-146
-137
-111
-100
-24
-112
-112
16
-21
-8
-11
-107
-154
-61
-136
20
69
-183
-34
-70
-127
-139
41
-50
-8
-60
-166
-193
-28
58
-67
-124
-154
-20
-70
-41
-97
-70
-107
-195
-145
-36
-122
48
47
-39
-74
-32
115
-61
-82
7
-78
-160
-7
56
-171
-48
9
-1
-88
-93
19
-129
117
-145
-115
-74
22
-62
-75
-145
8
-186
-35
-76
-109
-14
32
-61
-46
23
-112
6
-43
-57
-105
16
-151
-38
-6
-144
20
-172
-161
-91
-48
-29
-71
-146
81
-15
53
-139
82
111
-57
22
-85
-60
18
62
23
-160
-13
-108
-14
46
-46
-39
-27
-94
-51
-80
-102
51
-3
-33
-151
-77
-95
-50
25
-112
-49
-118
-47
-20
-78
-18
-120
-7
-47
-21
-150
-1
-153
-8
55
-157
-61
111
81
61
47
103
-180
-105
55
24
-20
-130
32
-114
-115
-46
-110
-11
-29
-158
-56
60
-71
-62
74
-127
43
-79
23
-20
-190
-1
5
59
-109
-175
-25
159
171
357
231
-38
-142
247
423
-6
105
113
34
189
389
-9
-350
-2
-31
-126
16
309
172
-183
-76
221
246
141
287
74
-95
-70
106
101
28
14
-35
91
94
-44
63
70
43
73
393
-112
-18
49
267
106
90
-41
-34
25
171
37
163
-82
-72
210
451
146
133
-40
92
78
-147
-166
-150
1
-12
-78
33
-53
-31
55
-51
272
-106
-177
5
-50
-24
21
1
-67
-16
-201
-285
231
-2
-19
45
0
-38
-45
-130
203
54
-90
-115
89
-28
45
77
-1
-161
183
244
31
163
-128
-439
41
118
-7
-117
106
205
70
58
-47
88
-115
86
-49
103
137
397
210
319
176
27
41
224
216
-32
-153
126
205
42
376
78
-99
-38
77
-10
-48
207
13
44
12
118
84
67
-119
-12
52
-90
13
2
12
130
-91
-42
-90
-342
-51
-118
-65
27
55
38
37
-255
104
-284
35
-99
-27
23
247
174
-86
85
124
67
-45
115
-35
109
83
141
287
193
-182
-18
70
-48
-41
-97
420
-65
-33
-184
397
46
41
-68
223
84
174
79
-99
51
36
-165
-41
66
-96
-126
-219
-149
110
-253
28
58
47
90
168
32
-209
-123
154
-62
-139
18
157
62
4
-250
-65
-196
22
-201
-76
80
46
-36
197
87
-90
-1
-76
-34
-18
288
-20
85
-72
123
-72
68
-119
2
-138
227
-38
-12
-33
153
-116
-63
-175
-109
8
73
-277
-212
-47
-153
-149
-244
-21
-31
174
155
-71
22
127
-52
-21
-201
-34
131
-49
-105
-107
267
61
115
-204
-58
7
122
-116
-111
-77
412
-87
-9
-155
85
-151
70
-207
-89
82
-90
-117
-257
153
61
300
139
-76
51
229
66
-174
28
115
155
9
102
-65
-62
84
117
39
-30
-44
-2
-10
97
-50
39
-112
-20
96
47
-154
-1
114
137
-88
-56
-163
118
37
190
5
64
-100
-26
69
85
-162
-87
217
74
13
7
31
105
-48
-87
69
-93
-9
-56
39
-196
32
109
98
-207
196
188
-26
68
-150
69
-19
199
-223
79
-70
473
-123
-159
55
135
128
55
-65
-136
93
50
-201
43
31
-118
-51
129
117
-147
-15
-143
49
-27
-132
-92
129
107
15
-221
-120
353
-189
203
182
-177
-94
-82
18
149
-73
-63
56
212
99
-95
-31
62
100
-177
227
55
-371
-438
262
246
-354
-345
124
-53
-97
-1
111
-129
223
111
-56
27
-129
294
151
-3
-225
222
200
3
-114
-46
61
59
-14
49
52
-65
-45
61
42
-187
-110
262
255
426
-21
7
99
-140
-104
-65
-78
179
75
48
-158
-192
32
39
-102
235
37
-50
-137
57
74
28
155
212
-230
-46
61
393
-1
-85
-66
80
-39
187
-168
22
-8
-320
-320
65
-85
-56
-103
-41
-92
-83
-3
-28
-16
-7
9
59
-167
-65
35
158
108
-125
-280
-383
-47
-98
-110
-174
-239
196
88
170
-115
-42
63
6
-167
37
118
468
-106
-246
-100
303
-12
-36
-389
-249
102
-109
-326
-29
-8
160
234
171
50
43
139
-5
-40
159
-56
55
-22
177
135
134
46
5
36
4
178
105
-6
140
91
-85
16
95
-122
-66
-47
55
-19
129
28
269
159
129
14
354
149
80
-200
-269
-22
-139
-42
299
5
135
-197
56
138
-46
89
-54
-10
-27
227
123
157
10
29
-31
141
113
349
282
53
-2
177
69
317
30
-150
35
150
-142
28
-189
4
-67
-62
-202
-130
8
39
79
100
-23
7
-125
218
126
-88
-55
72
-165
8
278
-142
83
115
233
22
-52
-267
-31
-235
-38
-271
-35
148
-30
118
39
-280
-25
67
9
53
-99
67
205
24
-13
167
54
-143
34
136
231
-18
39
36
-60
125
-185
29
81
-60
-258
-8
133
115
258
133
121
-16
19
-107
8
-102
-44
27
-64
237
120
23
134
37
99
85
-24
-24
151
56
217
167
17
-78
-119
-72
22
84
292
76
40
18
-1
158
26
-26
218
-162
30
167
21
107
32
176
-8
-331
-320
73
431
-19
18
55
180
64
1
-73
242
53
291
177
-105
-67
-57
133
109
108
-9
-2
2
-87
75
191
207
45
63
46
-271
286
12
-74
-411
-41
-94
10
-124
-155
-63
45
-135
81
-13
88
-50
-382
-102
194
91
-34
-67
-10
127
194
-22
10
307
-29
25
18
126
157
13
-87
152
73
-29
87
135
32
37
59
79
-135
16
136
96
-106
-153
-28
-29
31
201
197
96
-86
71
49
54
-167
20
19
25
-134
120
72
220
5
269
93
95
-29
-82
96
314
-73
94
-25
-52
7
-176
-137
-127
8
-53
-81
63
103
83
123
-97
-171
-103
-15
-26
-309
-83
-154
158
-69
2
-27
110
-92
-91
10
-51
-101
-147
-150
148
-230
-231
-46
104
-148
-27
299
195
188
-48
67
59
28
-151
-147
-18
-175
-187
-416
74
179
457
112
171
-165
69
-101
-338
55
-190
-113
393
133
81
-97
23
-193
57
118
86
-42
97
55
129
-126
-1
-145
-154
-64
-50
132
106
142
-85
-63
-69
-103
-292
-162
-44
-223
-35
170
249
113
-224
132
100
-166
-65
-90
69
67
-140
-77
-132
48
-99
-72
-57
-155
65
77
-65
109
89
164
56
16
-70
26
196
-132
-16
199
194
-101
75
-47
-111
31
79
202
100
-38
133
258
72
-271
-7
-42
-36
190
104
-88
98
162
67
-206
5
-27
126
-39
-18
-16
38
154
350
166
144
76
101
-305
-73
76
235
-38
-27
3
-159
-38
71
-110
-87
-320
-55
108
239
-261
28
10
100
168
-38
117
-170
27
94
11
-196
37
-98
-92
-155
19
-79
-105
-207
64
27
-124
-187
-24
82
43
-265
146
83
7
53
58
112
128
3
159
52
123
170
-56
-59
7
75
156
147
99
62
87
74
101
220
-66
-205
72
140
-51
-161
11
-161
118
55
-23
31
-43
34
9
-152
-145
-1
-24
-39
-65
35
-87
-38
58
-140
27
104
16
165
131
-213
60
138
108
-246
16
-54
-81
-118
-60
2
62
8
89
-67
-66
-9
214
-78
-146
136
-75
129
94
83
141
121
166
135
104
123
-46
-13
-10
-11
-67
-89
-262
-49
-39
-87
-102
81
-37
-32
-256
-272
30
201
77
-86
-52
-110
110
-156
-105
192
-39
-56
-121
133
-51
160
121
-22
11
79
119
-26
-135
-91
-58
-217
369
147
-45
-105
167
32
95
10
-48
-175
192
198
-217
-8
258
143
71
-230
-222
107
163
-8
-2
58
261
113
219
-10
-47
-142
39
40
-141
-88
-51
-7
-191
-145
120
67
-225
-60
3
96
24
-175
48
-169
184
67
181
42
120
206
118
-11
-89
29
172
-205
16
-1
-171
-120
11
173
-91
-346
-82
-51
-28
177
199
45
143
-134
306
327
64
-234
112
-159
27
-15
28
94
-33
105
166
227
42
58
-148
-83
41
-120
142
-80
73
330
42
-137
61
9
-173
-91
-63
169
-25
-160
-91
214
225
118
-306
-171
-16
194
100
50
-29
-168
234
183
299
-64
121
107
-77
-125
-44
-18
-1
20
-3
-63
44
35
138
-65
125
21
27
49
-16
13
42
-91
-72
-216
-15
-91
-14
45
6
-52
95
154
-59
-219
49
-179
-166
-201
-184
-27
0
109
51
155
42
80
215
225
-181
-267
51
165
-82
-97
-32
9
-40
38
-37
-127
-121
65
22
54
-9
192
82
287
36
49
-19
16
-65
-153
-268
137
93
-7
487
281
86
-41
55
-98
-11
-221
-133
-91
6
-75
8
159
77
90
179
141
113
-24
-97
251
224
158
-268
12
-202
39
103
318
127
250
274
54
174
3
127
121
-92
94
157
138
-35
47
135
-40
7
94
-149
22
59
137
351
174
14
11
-124
170
78
3
227
149
113
-41
176
229
-32
46
171
19
-89
-52
102
-13
-108
-237
-127
-205
-69
-33
-219
41
46
-155
196
-144
-43
-107
3
-116
-200
12
-184
22
9
74
199
44
1
-118
10
-11
7
-44
-74
123
75
-175
109
74
-9
76
-26
-58
-92
243
-103
-70
31
-115
-4
-5
-64
93
142
8
23
-151
180
-135
-145
7
65
-44
-119
-125
-97
-144
-164
-1
-59
-67
-69
-68
-132
-129
45
1
-139
-111
-148
-190
-4
-167
-155
-87
73
14
-165
103
-105
23
26
-20
-27
63
-197
-104
49
42
9
-193
-150
-130
60
-178
-20
-149
-158
-4
-195
-183
-150
-158
75
-60
-160
-32
-184
-153
-80
-93
-95
-170
-37
-115
-147
10
-107
4
24
-182
-78
-204
46
20
33
-168
-2
16
25
-85
-137
-142
68
-187
-34
-80
-15
-143
4
-154
26
-153
-108
-199
-57
-58
43
19
50
4
69
-181
-32
-154
-119
-100
-60
-136
-35
42
-30
-140
-101
-155
-141
-62
-89
-177
71
-82
7
-115
2
-207
-130
-79
-70
-54
-145
-136
-195
-69
-124
-28
-19
-31
31
-29
4
-175
75
192
-137
-1
-96
7
33
-52
-56
72
101
-38
-183
-146
54
-36
27
93
-42
-1
35
-107
-171
-130
-156
-152
-108
-163
-66
-112
11
64
-25
-73
-158
-19
63
-63
53
-75
-74
74
-142
-149
68
-134
-35
31
-137
63
-33
-137
169
-75
-33
-173
74
78
-73
-184
-56
161
-18
-40
25
52
-15
-190
14
-42
35
-131
-69
55
-12
-193
66
-133
-36
-115
-20
-37
-18
-46
45
-47
-39
-29
-140
49
-76
-105
31
62
81
-66
-39
-60
-87
-131
284
68
-74
-248
279
77
240
-257
-27
162
285
208
-250
137
349
-74
-132
-110
-10
12
-86
-28
205
41
-4
-50
85
-4
10
74
134
-217
-184
-132
113
293
-66
144
1
15
197
13
169
-150
-35
-23
153
75
-17
204
418
280
160
273
77
-160
-42
191
296
-162
-215
94
114
321
0
56
-101
-155
-63
-45
-14
29
-21
-28
220
-8
-212
-57
66
-128
-77
-143
-46
165
-18
148
3
7
65
42
38
-168
-78
-34
-42
-88
-28
124
72
103
20
162
32
-480
-28
194
14
68
-291
181
181
-145
103
-106
-214
-50
-56
102
-102
-180
-98
156
128
-39
-81
-80
-129
125
198
241
224
293
133
-3
-128
-19
70
133
-41
-11
-272
113
170
237
161
1
28
165
-2
67
88
118
-134
98
187
192
-364
-169
-64
-99
-49
408
318
877
280
246
8
86
-74
125
0
72
140
14
183
13
-56
-85
105
36
101
57
76
176
-44
48
148
113
75
-123
-249
36
333
398
192
-212
214
-110
27
-18
-240
-183
127
207
-159
350
179
114
262
-191
-230
-334
59
-62
-136
-97
51
-21
4
-14
-156
-142
-19
-14
-111
64
283
143
140
129
-95
-444
103
-10
-108
-148
-142
19
198
-79
-51
-9
-48
-14
102
162
161
102
180
135
-33
144
-230
80
23
101
109
28
-11
-32
49
42
-51
-4
-77
-90
87
3
97
-26
-44
-12
-6
86
75
-12
-102
-79
-127
-113
61
68
83
-129
-126
-26
-55
-3
4
30
-123
-98
49
1
-98
-112
-95
-74
13
112
-15
41
-6
32
-71
73
-107
-10
-6
-24
61
-15
-137
78
67
-76
88
29
84
49
-152
10
-56
70
39
-146
-141
-30
-130
13
-71
60
-15
-66
59
41
-107
-127
-132
-105
67
-14
22
-97
70
82
-80
-4
-98
89
-156
84
-93
112
-27
-91
59
4
99
-5
-92
-71
-163
-86
14
87
41
42
27
27
-119
-12
-154
-98
37
-100
-42
-154
-60
9
-160
-81
-78
-131
-92
-68
-51
25
13
44
-120
-141
-124
35
-6
-86
-91
-48
-128
-13
-100
-126
-135
-50
65
-136
-144
-73
-41
-48
24
32
43
-129
-146
63
39
-115
62
-80
55
-136
-49
-100
53
-75
18
85
38
-60
-114
41
-63
-88
-11
-67
9
23
-123
12
34
-10
-50
82
67
-74
-17
-102
94
-40
20
-94
90
44
60
-21
-128
37
-22
40
-137
-79
-84
-36
-11
-153
51
-63
79
-39
-152
-91
34
-126
80
83
-41
110
-15
-105
72
-43
-22
-87
90
12
-61
81
-2
-57
-153
-112
-119
-139
34
-133
-40
-48
-132
-146
-101
40
-50
-154
-139
-103
-43
-72
-6
-36
84
75
-95
81
54
35
-225
-29
-237
71
-190
58
-44
-141
-60
-112
95
263
-71
25
-38
-69
-200
-148
-47
-94
-68
23
-22
-180
107
-44
-92
-42
-18
178
159
-227
-87
256
167
-264
99
213
2
-450
92
80
-62
-315
16
-158
-220
-129
-142
-227
-104
-98
-265
68
-6
98
-176
87
78
-69
-168
88
263
109
-70
275
105
15
-162
-113
-23
101
-9
102
142
97
163
181
188
-72
88
-56
173
253
-187
122
119
-89
169
-89
43
28
-167
-52
118
-309
-108
-108
54
33
-121
160
12
-181
-87
221
114
-83
116
77
200
-62
242
67
-73
-110
183
57
-62
-52
238
-142
104
-12
-233
-110
-71
-86
-126
-24
-125
121
-275
-44
-184
58
-158
181
181
54
-149
22
100
-79
48
92
-18
-86
-60
-148
-32
-129
28
1
111
-104
-47
-79
-105
-298
-33
175
34
157
43
-412
-43
245
248
193
-117
-37
-132
-145
101
61
-16
-56
217
-26
61
-94
-61
41
79
-61
79
85
-236
-419
244
352
-311
-63
111
193
-254
-140
83
250
-57
-108
-55
-11
-666
-139
18
95
-85
141
-70
128
68
-164
181
70
7
-39
95
310
192
47
103
-110
-166
152
413
67
15
68
195
-7
12
-41
-116
163
-134
267
47
-79
57
263
-34
15
-36
-4
-112
-132
224
21
61
21
-10
182
174
-232
-128
-56
37
-298
-8
155
-240
-360
211
-115
-362
-22
42
-58
61
-184
-40
78
146
8
207
242
242
10
-89
94
-77
120
-89
92
216
353
215
-169
-84
97
-197
-82
-200
-89
57
-5
75
175
215
123
69
144
-123
-80
61
-10
-207
68
186
-323
-10
255
1
-194
-149
-67
-86
-137
-107
153
83
33
-23
-72
-73
66
97
-63
147
74
-41
79
110
130
63
-135
-165
-142
112
-53
151
98
216
143
-71
88
-138
-16
-118
-20
-267
37
-78
-216
-103
56
-135
-179
134
140
-57
-122
31
130
-54
-63
168
-57
-117
80
-23
-54
140
-16
14
121
73
206
50
39
285
274
-66
-132
-193
0
-38
-60
-89
2
202
-5
-107
-142
172
54
-25
-78
3
-113
-126
-87
58
-55
180
-71
260
121
274
-41
193
361
593
173
-121
241
-13
55
-5
206
-9
-13
-17
211
-117
-133
-62
-52
198
-106
88
-96
110
-68
241
-5
73
-3
7
63
231
289
5
33
-159
-80
-282
-35
214
-32
-11
78
98
-90
-1
-103
-156
-115
-121
287
-216
-238
117
209
14
-80
-158
-18
136
-14
-126
4
183
67
-6
205
173
69
-191
-54
-77
-160
-27
38
78
-93
231
235
-33
-40
-196
-27
-126
261
173
144
-238
-105
185
-116
8
79
-18
195
180
156
101
62
200
37
84
-3
34
102
31
-98
86
-67
-36
17
-115
-180
-84
-6
-149
-110
-47
49
-128
-3
29
55
-154
-75
-107
-53
56
96
20
-66
-167
-72
-143
77
100
-127
11
25
-63
3
-218
-299
-253
-152
189
26
134
1
18
-75
-23
-175
114
-173
-30
-181
-74
-56
36
9
-153
71
180
74
24
13
-164
-72
-82
-84
-76
-16
-19
-118
-72
-136
-76
-30
-5
-31
-69
-105
-110
-155
-144
26
-39
-248
-144
-228
-17
-128
-64
-82
-116
-297
94
19
-23
-181
37
-157
44
-113
-7
-2
90
-165
-113
-70
-68
-100
-37
-100
7
33
-216
-70
82
15
15
17
-89
-25
26
-92
-65
120
82
26
-205
88
-58
-25
93
65
134
42
16
-77
-41
6
-14
-39
43
76
-126
152
27
-188
11
-141
45
-40
60
86
-116
-178
-62
30
10
-31
16
264
-50
68
-84
34
-75
-95
13
-55
-160
-106
-76
-159
-20
-35
-143
25
-22
-219
-78
98
-102
135
-93
17
-70
-72
46
68
-80
98
-53
-3
54
104
-150
53
-102
5
-137
130
-135
28
16
44
-211
0
70
49
-184
-175
-24
131
76
-8
103
-80
33
-63
-46
-27
28
-78
111
-133
10
73
2
-217
-194
-83
-145
146
-57
13
-124
-102
51
-141
80
-89
-50
-238
-148
-200
-11
107
61
-125
31
105
-109
-552
51
49
253
-395
19
170
163
34
194
-88
-186
-143
18
26
-18
-94
-94
153
33
-26
-132
4
9
-115
75
127
221
256
111
293
114
315
179
-1
-181
149
-145
-231
13
-283
-238
-125
-81
-65
151
184
281
-84
105
201
228
-112
45
370
111
-42
21
261
-52
-28
-27
108
-197
-121
170
-39
-90
-131
105
107
-42
88
164
79
58
98
-75
-79
128
64
-73
-81
-204
-372
-21
-44
-176
-17
-44
142
90
188
103
-21
-243
22
49
137
-172
-593
-4
167
97
-76
-39
99
319
335
-45
-84
-40
87
-158
-53
-252
37
-142
-24
-26
-41
180
74
4
98
176
139
98
64
-26
75
112
-64
128
-11
259
-64
79
-150
-2
-16
189
61
-175
-157
2
-64
-57
-68
-68
62
118
53
160
343
285
161
271
487
492
271
287
266
-158
-193
44
115
34
-95
163
185
383
63
-191
119
131
52
88
-121
-42
-233
-415
-350
-159
23
50
151
162
23
341
530
6
-309
107
286
111
64
-36
221
-26
124
-389
31
-197
-168
337
62
-120
-203
97
87
38
-52
-187
-126
-203
-118
126
256
203
45
-95
-36
-41
4
116
56
-262
-522
-80
-53
-2
51
-123
71
262
5
-52
83
-44
116
-77
-126
-242
-66
-8
-228
-160
-110
-38
67
248
-29
-66
83
-152
-118
112
-127
-103
68
-124
-49
-11
-31
11
-35
46
-54
52
-50
-168
-106
-141
-43
-15
0
-148
-98
67
11
-119
53
-86
26
18
-211
-101
16
94
-149
-53
33
-105
-13
-145
-116
-42
-102
-49
-110
-69
-85
-66
-239
25
-123
-78
-40
56
86
-97
97
-124
-167
2
3
-129
-130
-116
-71
92
56
-103
35
54
-128
4
-65
40
-156
-116
17
-150
-124
-176
-88
69
-159
-115
34
72
-114
-127
-79
-90
-60
-126
-58
-8
-21
-206
-31
83
-153
-122
-36
98
-79
0
124
15
-90
67
108
-56
-45
-194
-158
-158
-150
8
-61
-178
-36
-1
-72
-165
21
58
19
-62
33
-119
34
20
-169
77
-3
-38
35
83
-112
47
28
27
-98
-121
40
77
-29
74
98
-61
28
-81
-98
-116
105
-42
-164
28
134
4
8
136
20
-66
-136
-1
28
53
158
58
-61
21
-86
3
-141
-105
30
-108
-59
-206
-13
6
-93
-88
-82
-94
54
-51
-108
-122
132
107
0
-61
-248
-82
-39
78
-164
-83
-25
4
47
-64
-126
-74
130
1
-63
-113
11
-103
101
25
13
-16
-21
-62
85
68
-110
-80
144
-123
-45
-2
-41
-88
15
-66
20
-15
-31
-61
85
-66
44
-115
-16
-83
-76
-19
-184
-7
60
-110
-38
-68
-15
-14
3
-139
-161
106
-101
100
-95
78
-43
-130
18
24
-87
46
-38
76
3
-96
42
19
78
58
78
89
97
-137
13
13
99
-76
-67
-122
-109
80
-9
45
12
-124
17
-79
-109
81
-40
-65
-94
12
11
-116
-86
91
-40
-103
36
82
-49
101
-96
3
-50
-64
-49
-47
36
59
-1
-90
-60
103
-91
-97
63
110
-85
103
-71
-41
45
-30
-139
-15
8
-61
-8
-111
-95
44
83
34
59
91
-13
63
40
97
31
-67
20
-35
43
10
-126
2
84
-119
-65
-89
-133
-37
-130
53
-91
-14
-4
-71
-55
-130
-74
-112
49
-42
108
108
-25
-11
-121
93
107
-87
-87
6
-91
-33
-142
-23
-35
78
49
-131
-44
-37
69
69
-83
46
72
42
-70
100
72
-105
90
-131
-2
-35
-31
-16
20
51
-137
-23
-38
-109
32
-28
-111
-27
-123
-94
57
-77
42
-131
-63
31
-98
113
71
-120
-31
-85
-105
77
-98
-101
-113
-4
107
-131
-64
-87
-87
-25
-118
-1
36
22
-109
84
-98
-33
-86
38
-124
-78
-120
-103
-130
60
34
26
-54
-102
-48
-39
-27
98
87
-38
-103
-13
2
-97
-58
-107
-108
-92
84
62
-18
-10
78
26
-139
53
-129
-71
7
85
39
-91
0
-108
41
-143
88
-119
18
41
103
-142
51
-127
-126
-62
74
-5
-72
64
-97
-51
24
75
139
324
76
-215
34
151
-220
-86
56
-51
-46
-16
-154
-62
196
-155
-122
-19
-41
62
8
-28
-137
313
51
104
-12
361
-23
-38
114
72
102
6
-104
149
121
-51
12
144
160
-180
90
-103
-44
133
110
19
92
7
232
-206
29
140
-76
-257
-143
-95
-7
-107
-3
-269
70
1
82
279
125
-103
149
-33
-135
-60
71
112
-61
150
90
-30
64
-191
-117
130
3
26
61
-5
-107
-20
-113
-144
-139
229
209
-102
-5
86
-53
-81
167
-130
-85
13
-17
37
63
-121
-450
-124
-91
0
77
166
90
92
-139
245
-4
-108
-78
117
114
158
158
126
-147
-100
234
301
-152
250
441
-93
73
18
-182
104
74
0
-185
-162
231
-33
-138
-43
28
224
149
-163
54
-31
34
-187
11
-90
34
-30
-53
94
-30
-58
-169
82
145
-72
-303
-105
-114
-157
-237
-111
-151
-313
177
-61
-351
-106
-105
59
121
23
9
31
-109
148
42
119
-12
257
76
-36
22
-543
-153
-23
-19
-547
40
-39
158
-110
59
132
-12
245
-97
23
56
51
172
33
-49
60
76
-32
-208
56
83
200
47
247
129
107
280
-98
147
113
212
-76
173
-175
186
11
-231
81
-87
38
27
-101
-70
42
165
-52
157
257
57
-123
-3
56
38
46
235
197
220
33
29
-52
30
182
142
17
-68
111
-157
201
-96
235
85
47
42
-83
-111
-198
-190
-125
-147
62
193
-46
23
43
-30
-95
23
-82
63
-55
35
46
-74
4
17
-185
22
-72
-24
-225
-282
-207
-26
315
132
34
-106
-135
176
72
-157
-100
-77
265
-46
258
6
131
46
-86
8
32
-69
-90
76
-14
-80
74
-150
-104
-35
86
97
-4
151
51
146
97
1
-134
-169
65
-13
-121
-92
-92
-88
55
-274
-76
51
-134
23
63
142
-106
4
34
237
-37
-8
39
-244
-26
-85
97
28
-3
-70
109
324
-73
-32
-49
79
-112
-254
-162
123
140
31
91
26
83
138
121
-89
-70
111
70
-14
23
-217
145
-96
33
-248
10
-46
-126
-372
-55
227
0
-72
34
164
-100
1
144
127
355
176
72
237
262
128
171
-6
-66
316
-13
46
198
83
34
-112
-238
-99
-85
-437
-152
-302
-257
273
51
-141
-86
22
-42
-215
-45
-126
76
81
14
-88
6
153
122
-151
-4
145
69
-98
-66
-146
-160
17
-160
-11
93
133
-230
-133
-18
112
24
-87
-35
116
83
-140
173
222
373
197
59
34
269
203
-34
93
-212
83
32
136
-121
-69
-97
-205
-206
-266
-104
32
32
254
223
56
-27
-241
107
114
27
-149
34
-211
82
15
-24
-90
-91
80
52
-136
214
27
84
46
79
132
128
-77
179
72
48
127
75
109
91
-165
-272
-218
-125
131
-134
62
94
165
-99
-142
-15
-187
-57
-349
-392
-62
-100
-726
-475
-274
-36
69
-46
187
96
109
33
256
-370
-96
-274
-297
177
-55
103
111
52
82
145
129
68
152
141
-158
177
170
-24
37
242
244
117
-154
130
77
190
-70
-86
-34
5
-59
-165
-9
-57
146
-289
-463
-444
-108
-120
-150
16
99
-63
2
113
73
-13
59
-128
-258
212
-102
18
186
17
31
104
146
106
37
-224
-485
157
-26
81
25
54
-119
-53
-202
39
78
130
-61
32
131
135
-74
-313
-104
-67
-13
413
325
155
67
92
25
-60
-59
129
-18
-33
14
25
117
-18
-1
17
126
153
127
51
117
120
21
-157
-82
49
-147
-52
-10
22
-136
-154
-64
353
62
81
-128
156
-365
25
-118
20
-68
13
310
457
122
-248
-82
156
15
-90
87
23
243
-238
72
-144
-105
-325
-508
-179
130
10
115
37
-26
-294
-183
-14
156
61
248
193
50
62
260
21
100
361
375
36
-179
86
163
202
26
36
123
21
-100
-132
56
97
-100
-417
-329
-20
115
28
-38
-43
89
78
101
-56
-135
49
116
-101
-172
-68
-225
-130
-232
15
9
-135
-113
-65
38
-22
60
-273
-389
-242
76
13
-135
-25
28
22
-33
83
-15
10
-19
18
-119
-46
-122
69
-3
-36
23
-81
-20
90
9
-127
57
-64
-6
-63
-81
-115
-32
-26
-62
6
-150
-110
-70
-7
-75
-65
33
58
-60
-107
-48
-42
-32
-49
72
-17
-3
-22
60
24
58
48
-43
-138
6
-80
74
-69
30
63
66
86
-160
-150
58
27
-157
17
-60
-128
-106
-119
-37
-50
-70
-165
45
115
-39
-163
-80
-39
-28
-103
-133
-58
-25
-19
-87
-53
-10
-54
-48
-35
-126
-82
29
-34
80
-6
69
-94
-70
-61
-101
-25
-141
68
-85
55
-140
54
66
-43
-25
-89
-44
-21
95
-70
74
-78
76
-151
-140
-57
-32
-39
46
8
-144
30
-3
-111
47
-118
70
-125
-92
-82
54
-64
15
-63
46
-156
-100
-61
52
-135
50
-110
-90
-48
-31
-138
13
40
-30
-94
-71
-62
-24
73
122
78
-35
-157
26
0
-114
65
-126
16
-137
-97
-22
-48
-1
-132
-94
-41
77
-32
-71
2
-3
74
-64
-85
-86
-28
78
-2
12
-58
-168
-27
19
-102
32
-115
-77
-83
-101
-55
-10
64
-85
51
-6
71
12
-40
-62
87
-69
95
-119
5
-114
-117
-132
70
-117
55
-157
-134
-111
-154
25
-106
-127
-146
-63
-65
-52
-129
-34
-134
-17
-123
-33
-104
-120
-3
-133
-53
-33
-85
19
45
62
71
-14
204
224
63
-222
22
429
150
-37
66
178
60
264
297
-212
22
-93
47
88
37
-19
-26
107
45
54
108
84
-101
-66
27
-349
-145
-194
-37
-70
-5
-69
154
-143
100
45
73
102
40
-34
134
80
-17
91
87
11
146
61
133
151
167
-195
29
293
72
137
214
339
69
115
-41
-46
150
-73
151
184
3
-71
129
49
-88
-144
-7
-122
-101
30
-69
-3
23
35
-74
-53
119
43
98
-3
-31
-143
72
-54
108
-27
264
175
192
-9
188
189
-63
-64
213
278
90
68
14
-201
-86
-19
46
-156
-5
97
-10
-26
76
212
-69
21
-267
107
77
14
48
257
22
36
128
119
174
1
-63
137
31
118
-20
122
-12
193
55
-184
-92
27
64
47
110
177
189
69
52
120
-338
-248
-194
-13
-78
23
-116
143
82
73
-53
103
-64
99
-53
-66
203
-227
-61
-57
-35
-82
-19
-34
108
-16
178
173
53
143
32
-67
-195
-142
-203
48
216
-47
158
66
304
-195
-240
-28
29
-167
-122
-2
148
98
297
104
238
-106
106
144
-93
-124
46
47
61
5
44
-58
-270
-261
-104
-135
-235
-196
121
173
192
19
-33
-99
24
-5
-59
138
-20
17
24
-216
62
-83
74
-228
24
200
209
81
-19
177
125
139
-310
-177
22
145
71
49
3
164
230
131
-22
-36
15
11
97
56
-222
-153
114
368
117
134
-9
30
-277
-157
63
83
-244
-58
-157
-59
18
138
46
179
-191
-191
133
262
-198
160
136
49
238
164
156
-94
194
-56
11
-69
25
-24
6
-50
139
-123
-29
-122
195
66
-144
-59
-289
-21
115
166
-55
35
33
92
144
-95
-90
-11
94
-138
134
8
55
-50
132
-3
200
-104
86
177
-84
-62
190
136
-30
-160
126
96
27
-37
160
8
69
134
196
128
97
-168
-111
-38
-56
-180
22
-138
-138
39
200
393
100
-28
40
83
144
49
163
-34
72
116
41
8
11
60
-20
-199
-4
-60
91
95
243
-72
-32
78
88
-88
-22
-163
-348
-19
-57
178
36
203
188
136
262
165
113
-46
-37
14
-163
-72
-242
-82
-134
-45
81
-170
-28
10
21
-129
183
108
-255
-110
-33
-153
140
26
148
162
41
-103
18
174
-92
101
-104
-32
-20
238
14
-72
95
-35
-15
82
106
96
-2
-9
123
156
-66
168
-110
-87
-92
141
-184
189
49
-6
152
-213
-244
-23
139
88
107
31
367
92
128
53
143
-138
-88
67
-135
-152
-142
209
136
-31
40
-152
-8
-45
-61
-31
25
-189
27
146
71
-51
15
-51
43
94
169
-7
27
44
181
63
101
-37
31
-169
17
-13
13
-43
-55
34
15
35
-52
63
-16
86
-16
75
3
-68
-47
-140
12
75
96
-65
-119
-62
-59
-131
-26
-86
80
99
-34
-33
75
-106
-112
60
1
-100
69
56
-70
54
4
67
6
-28
94
-80
8
96
73
76
6
-19
5
-107
-87
24
64
-105
-67
13
-59
20
53
-1
63
57
-4
-138
-87
65
24
-118
-79
8
-60
-112
-17
5
0
-10
-26
68
-111
30
-5
-105
-120
9
-76
91
-120
13
26
-140
-80
-66
68
-33
-61
11
-89
40
-110
-9
-133
36
55
-18
3
-111
-73
43
40
3
-133
-23
-69
-94
20
-95
-56
32
48
-1
-97
-87
81
-40
-104
-41
70
103
-28
-74
-128
-59
10
35
51
-10
-114
-19
-47
-77
39
-97
-141
76
3
-23
-144
-58
-70
-132
94
-119
-80
-5
-132
-8
-19
10
-51
44
46
-133
101
-108
1
-4
-82
-25
108
-60
-78
-52
104
25
13
19
-91
-77
-43
48
-130
-90
-76
-28
-40
-92
-88
73
-42
87
69
14
-18
-98
64
82
-25
-134
-122
80
-122
-52
-93
-100
93
-145
-116
24
-95
-35
-75
0
-22
-83
76
-44
-141
-63
-81
-30
-16
-130
102
71
-131
93
80
-45
69
-10
77
-136
-81
-131
4
72
-104
12
-76
-150
23
-142
10
4
-113
-103
-60
23
-46
95
95
147
168
212
7
77
-48
95
20
-44
-198
-121
100
-202
-131
291
-57
-199
-95
-29
16
-99
-45
-49
105
149
11
19
-48
-91
-64
100
-239
-281
-86
-105
-120
-223
-43
189
-23
164
157
188
-56
194
-13
26
250
60
277
270
134
-35
54
138
15
-91
-115
-258
193
-108
-359
118
82
8
-106
-73
57
92
-31
-43
29
5
-93
-51
216
19
37
166
-63
-181
-134
267
142
-64
151
39
213
81
217
136
3
28
85
-103
16
-80
47
251
148
52
172
102
142
-131
-250
-362
72
-130
-46
117
6
-140
-116
-153
153
21
-32
30
45
105
105
103
57
167
93
-59
335
373
114
236
189
-4
160
98
229
-91
28
14
115
-91
195
-44
-68
-86
88
49
226
186
-103
62
104
97
-172
-48
231
-37
-41
50
19
-25
-66
225
-180
-375
103
-32
16
-280
-177
-165
-86
-160
-122
35
32
-82
-54
-109
10
79
112
96
186
223
123
126
134
215
71
3
9
-29
114
75
25
-38
-79
-176
203
-113
83
-102
123
4
-102
112
251
-51
29
-41
-31
-48
-203
-202
92
-38
187
74
55
-129
53
235
-145
-180
92
267
79
-139
-64
211
227
-45
24
32
-23
-106
73
120
48
-97
2
-46
175
37
208
248
-11
-47
164
136
212
144
-22
135
40
109
-120
304
-107
14
-133
16
-67
-129
-52
108
144
-232
-130
297
-52
-153
-29
-40
-454
-27
-47
28
-125
-83
-199
-239
-55
40
122
26
-243
-96
-8
-115
-55
-16
25
-67
141
214
8
-194
-420
-235
-174
-85
45
-109
15
-39
-54
-232
-135
-348
-283
146
-209
-325
11
78
-27
-316
113
119
211
282
49
129
-66
-54
-175
38
51
-7
1
64
67
181
323
173
-54
114
3
-226
148
280
36
109
164
-94
-55
16
138
12
139
-75
97
-152
-184
-33
-42
51
-167
-86
-245
-71
73
147
18
146
63
-10
37
-123
345
208
159
4
-152
171
24
-44
95
-122
-59
0
96
168
178
65
215
-205
-155
239
190
-53
-49
266
-99
-27
-141
-62
218
143
6
91
95
-47
31
-45
-399
-269
38
-113
-140
120
61
36
-118
-271
-40
-402
-195
-407
68
166
145
-226
-162
331
180
298
13
-133
43
-138
42
41
58
297
88
0
-81
-177
-86
12
128
-17
151
-86
253
-315
-24
292
-77
-111
45
-97
133
-83
-22
162
13
-21
66
100
-76
-55
34
-53
50
179
31
136
-127
-149
244
131
41
-279
-14
302
8
-260
-300
11
37
117
217
175
-159
111
-107
-102
-183
-153
22
95
79
-28
38
-104
49
342
214
171
-280
-106
-84
-253
75
92
107
102
-14
33
53
-116
-93
-9
43
-21
17
33
33
-15
83
36
-7
-26
-47
97
54
45
-121
-78
-125
-14
131
-89
56
-57
81
29
-84
63
-6
-143
66
136
-98
-166
100
128
106
-3
-84
106
-58
-78
20
-77
-66
-119
-136
-35
-68
-103
42
-10
-68
-81
-112
86
46
-119
35
-127
-25
-100
-41
-129
55
-118
-157
-44
-17
-22
-61
64
71
74
83
-101
3
13
69
-45
-128
77
13
36
-59
-55
-104
-118
44
-60
-150
-77
-89
-111
-47
12
-8
10
-34
-140
63
18
-108
-113
24
36
83
-44
-80
53
-149
-133
-92
-10
-77
77
-150
-110
-147
-8
22
-65
-149
44
-14
134
-74
78
1
-44
5
-101
47
-2
107
-98
-32
-154
22
-50
83
48
35
-134
78
-115
-18
-44
-85
-17
62
-85
-32
-115
-50
-106
-125
3
84
-26
-145
49
65
-141
-15
4
129
-121
-160
-152
-119
26
57
52
39
-56
136
-107
-142
-152
38
89
-3
-36
104
28
-96
-122
26
84
-14
28
60
-37
109
-94
-102
-104
80
50
-53
-138
-159
72
96
25
-39
-74
47
35
60
-146
-59
76
-94
76
116
-87
21
-87
-161
-19
5
123
-117
3
40
93
45
-138
-37
22
-11
-23
-64
9
9
-4
59
-23
21
-160
-46
31
93
-134
-19
-120
-34
42
-139
40
-72
194
75
159
-77
118
264
-24
-147
88
72
206
-73
34
182
106
-150
-212
-69
-87
-93
-45
16
-105
-104
-31
-3
53
203
136
28
-68
4
-84
-84
-461
88
86
242
-15
-20
82
117
-80
3
-99
54
-65
-129
-86
397
352
-76
-161
192
118
-18
42
38
-7
-183
-98
-118
500
115
19
111
-53
-130
-53
-63
-105
-191
156
65
56
-9
-141
4
90
-109
-70
-135
20
209
226
-55
200
93
-10
-121
-108
-70
-88
-141
-48
73
108
206
332
55
157
250
87
-89
-131
-173
-34
-51
-83
8
207
98
19
-182
-110
57
192
-69
14
26
65
-28
138
150
-69
-174
76
203
32
273
520
59
121
-190
103
187
295
-51
19
-84
306
-124
-205
-31
-97
185
39
-38
-8
104
210
-44
92
-100
-9
-143
-142
80
66
-109
25
265
452
85
-31
-9
201
13
209
-67
-159
-124
104
106
-237
-66
63
44
67
-125
93
-100
147
186
-104
151
123
206
-190
1
-7
-128
57
34
52
25
-207
-171
-120
-5
77
54
-60
-59
81
88
37
393
154
-47
22
108
-86
-96
111
184
-20
-52
54
46
-38
12
-37
-158
-53
134
123
13
75
86
26
216
-15
-198
-152
-41
-81
79
156
-47
-55
-90
-94
181
112
44
91
23
161
78
241
129
-55
94
153
401
97
-19
-233
195
-87
15
-13
-65
-8
-22
-65
66
363
161
-85
121
177
-10
259
119
233
-10
67
110
143
179
40
-238
131
-1
-246
221
166
276
403
35
20
-96
287
158
-184
158
236
-286
-162
-114
89
10
-102
-176
-251
5
130
50
256
94
74
126
133
233
18
-66
123
129
-57
-162
60
90
-126
40
108
129
62
16
63
-103
83
168
91
232
-4
-37
-41
-59
-109
-24
144
-1
148
-40
23
-60
40
-10
-73
-71
-283
-163
-17
20
-53
-80
-153
69
138
81
143
228
141
-99
-264
78
161
144
130
-84
143
120
119
0
57
-185
-107
-77
86
-147
-23
-11
-148
-434
-109
162
120
-130
-146
-34
77
-66
-78
344
88
6
104
350
110
-71
-69
-70
-199
-91
41
-91
35
-38
63
-69
141
153
-52
-233
-312
-192
257
-198
-126
-303
26
-51
265
0
-154
6
-71
-60
90
146
182
11
89
287
219
0
-20
-166
134
34
147
-358
-144
-185
-115
200
63
-225
-125
23
218
117
80
68
180
113
2
166
104
103
-4
233
-111
-228
-195
301
-27
-68
-187
-164
30
-114
95
-384
-71
51
-153
-17
-141
-319
14
-29
58
-19
119
-93
159
-85
276
-149
-54
-62
-212
176
27
231
180
20
-91
112
-2
54
-108
-16
140
113
-33
58
-14
-121
23
41
-292
13
106
84
-320
-87
195
23
89
-47
-23
-72
329
17
-10
121
80
-82
87
36
-118
-132
50
-87
-120
164
-92
63
174
276
171
171
-257
121
22
-4
122
-23
-105
-324
-110
-117
6
-122
-56
-29
-222
-137
31
-83
-139
-72
69
37
32
-131
-78
-18
-179
5
-140
-76
101
248
209
-72
16
-50
119
98
16
92
-26
-97
28
12
52
168
-21
-110
-99
81
138
148
130
-40
-84
29
-186
7
107
-99
-21
-96
-98
102
-120
-101
165
70
9
39
108
-61
-93
168
4
167
385
35
86
233
127
51
-91
-130
78
-93
-101
3
-34
79
-1
-73
8
-195
-215
-79
-51
36
45
-79
92
27
117
-61
19
-6
-117
16
106
-112
153
71
5
-180
-31
-118
-77
-167
-4
7
-122
163
107
84
-26
-91
-83
-145
-211
-13
503
123
131
70
82
-121
-60
-170
195
-103
20
10
-89
151
68
2
-179
-61
-193
-53
-104
47
105
176
-24
181
-37
-292
-38
-53
248
-147
78
-1
212
-69
-83
51
1
-94
-258
-95
71
-227
121
106
209
7
-56
12
34
174
244
217
16
244
253
67
98
215
77
32
-1
-28
-39
207
295
-95
21
-19
80
75
-34
-105
97
21
239
98
51
18
-184
-278
49
26
11
55
12
143
-44
-86
-206
344
-56
211
-140
96
-80
105
-75
-85
-613
237
-87
-121
-763
262
244
138
67
-253
-236
-495
-177
-30
84
-49
57
-60
26
359
370
249
253
-36
346
280
301
21
35
-11
-90
223
-150
68
-177
263
26
2
30
367
142
147
-165
132
-127
158
-212
-190
-351
-155
6
-506
-297
-285
-238
113
-94
-54
17
205
64
-90
-146
-62
-59
-113
169
-69
-87
-45
184
194
364
132
-195
97
-100
-103
-380
-260
-230
23
-374
16
-23
-35
173
24
-123
-74
-318
-209
-335
-243
-497
-372
-302
-53
124
-232
-279
100
100
63
91
-82
-19
25
15
-110
91
-132
-16
17
-74
151
179
-23
73
96
81
296
324
85
300
-33
-186
196
-216
23
-75
-297
-179
65
-103
145
29
-22
128
182
-83
-109
-73
26
-148
-219
-133
-259
-309
-402
-40
-133
-483
-34
298
-162
-164
-126
59
2
-135
-74
-162
56
169
102
-342
54
-113
-2
46
22
-17
82
134
197
92
-70
-25
265
345
173
76
176
307
164
61
266
-12
-129
-1
-262
-155
-594
37
-285
-227
-164
69
294
-158
164
-84
203
-41
119
115
261
123
238
159
-122
50
-22
258
294
166
-211
-253
-184
-138
82
-344
-194
10
-127
-146
93
-77
51
135
214
125
-23
-19
-183
37
42
-70
-18
-56
152
78
69
167
306
192
-290
-187
149
105
-245
-241
-65
-215
-219
24
-164
-553
67
-87
-186
-290
-55
-8
160
-167
187
198
-98
-196
124
407
145
-81
65
194
175
17
321
389
204
56
184
-123
-39
-96
-222
27
-123
131
-126
149
-25
146
-42
-222
-114
153
-320
84
5
-131
-236
-223
-2
11
206
-128
-194
-289
-54
-64
150
62
-92
68
-38
-49
-174
22
3
-18
-71
158
60
4
237
172
76
-20
103
-33
-35
176
128
252
-30
150
248
177
51
-79
-244
13
-82
-229
-111
86
177
190
-38
67
63
-78
-62
2
-78
-455
99
83
66
-8
-10
-55
-223
-17
-67
3
-31
-123
177
148
154
144
-75
118
-63
105
-122
121
155
20
-242
-280
-61
39
-138
63
-97
-44
-278
-174
-40
-117
-375
-126
-97
6
-72
38
149
60
182
281
-49
32
-65
46
-334
-323
141
610
-126
141
137
216
-18
391
-136
-95
112
-166
8
31
-12
-8
65
-161
-109
-226
60
-70
28
144
10
82
42
237
-145
-156
26
173
-501
-36
97
150
-425
-41
170
68
284
-124
-112
73
-231
142
84
127
-165
-252
-77
-107
-200
41
3
-264
-188
136
65
-53
164
227
105
-94
-131
116
18
245
-92
140
-28
-164
98
239
-90
-192
-170
249
94
123
89
96
-96
-151
133
-77
-101
171
28
183
-15
132
-37
-153
-3
534
46
-151
-176
65
-68
-62
46
160
-128
-74
226
395
162
153
143
4
-105
82
-237
-63
-119
-262
-157
-33
91
-35
-77
-12
381
81
-3
-92
62
107
-149
57
11
205
-56
-75
175
25
-107
-78
-144
-107
-317
-179
-32
-167
-135
-53
77
-103
-6
252
-210
-218
152
-78
-155
-16
276
206
83
-59
86
129
-44
-47
83
114
146
113
111
42
190
194
152
-32
-5
75
-4
118
68
53
-9
-68
12
-25
34
-33
-108
-172
42
-263
-63
-104
78
41
50
-107
91
-50
158
-81
126
219
-14
184
240
8
-115
-65
124
74
-43
224
152
-93
140
18
-136
-39
-192
-155
-263
-280
135
58
131
40
20
-235
188
115
-160
-170
-49
11
8
41
-74
-58
-2
-9
120
-23
-68
-58
-127
-80
-113
-174
-132
43
-98
-302
-600
-336
11
-1
110
156
-44
-376
57
323
275
115
-104
194
91
111
-41
91
-157
-7
-142
92
153
77
118
-103
243
72
-80
59
-128
-92
104
242
-43
-27
-35
69
-130
-253
151
81
209
167
-3
-50
-367
100
164
330
-115
110
56
173
91
206
132
77
268
-75
42
161
151
-100
-156
-200
90
123
227
352
83
-9
211
26
-101
89
24
23
194
249
214
-121
-145
151
86
77
76
71
42
-137
42
-76
-88
-62
134
-29
-188
-321
204
-36
-242
-261
137
-112
110
28
99
101
-28
-25
210
206
171
160
-19
210
275
95
-182
-64
-51
63
42
154
83
-30
132
198
12
94
106
-21
-115
196
97
-157
-34
-147
-31
-18
-95
-79
-135
-61
-180
-522
-93
154
27
4
20
-9
49
-59
-214
-162
203
-56
-45
52
-128
-32
210
-89
-16
73
-47
-91
130
118
70
9
54
70
254
-113
108
-28
-30
-84
-26
-82
-98
128
-31
-34
-188
-141
142
273
-80
-143
-33
-202
-44
-3
-244
-278
149
22
-23
164
-20
-15
0
294
87
7
89
148
-50
55
186
138
-98
158
111
55
46
152
122
-262
-270
-368
-484
-348
32
-8
-32
-76
55
-123
-7
-50
-81
-307
144
338
115
102
22
-105
19
-90
-40
-105
-25
127
148
-8
-76
-1
95
-79
21
-35
-229
-233
34
205
-75
35
-183
-22
-105
-123
59
166
73
495
169
77
39
-8
6
47
-97
164
-220
19
-26
95
27
68
125
-255
138
-97
-46
-54
155
253
166
24
-143
-111
-181
-1
-144
-148
40
-101
76
17
3
-92
31
55
150
209
23
118
4
-49
42
-72
-47
-127
125
-185
-133
-126
-25
103
102
-61
96
48
19
193
-84
127
20
93
146
38
160
47
-52
33
141
86
-89
45
-2
-127
-151
105
-21
-175
113
195
-329
-275
110
65
-218
-361
-22
-107
48
138
164
212
170
113
204
97
238
169
59
238
29
93
19
-48
-140
-165
-126
-10
56
-135
-4
323
323
372
252
57
137
190
62
-96
80
-32
-64
-176
-204
-152
262
52
-85
-279
81
175
-14
-70
18
84
24
-88
38
-71
56
-15
-155
-52
-154
-20
106
34
53
43
-100
69
91
89
-71
67
-29
116
173
-61
43
247
14
-59
-59
-58
87
10
20
-26
55
-45
-20
27
64
-242
-145
-10
-80
-110
-285
-341
-47
130
-69
12
176
172
91
33
269
195
221
219
22
-112
23
244
-43
-91
-101
124
118
16
-233
-238
58
-354
-539
-27
81
-188
-136
-58
-122
-63
137
-196
145
196
64
64
372
40
90
88
-93
-106
-76
-61
-209
83
-17
58
-15
162
-17
-127
-169
-128
-225
79
-98
-267
-260
-148
10
276
98
-406
64
90
106
-45
-45
11
40
139
249
-28
-110
46
6
45
25
-67
4
-88
-99
-63
-149
-109
-82
-258
-136
299
261
192
109
311
8
21
117
84
-45
95
291
27
-277
-202
290
-125
66
-82
-356
-108
157
-42
-192
-84
-56
-36
-112
-243
-106
147
-157
199
-153
-155
35
42
-102
187
75
-43
-28
15
163
-6
74
388
-2
97
114
76
-112
-59
119
-26
110
162
-92
-251
174
109
-21
-274
-46
131
-4
-117
29
-59
-161
-201
1
-426
-346
55
100
159
-4
-73
-79
136
202
83
214
184
-34
25
-17
75
18
393
136
286
-31
311
152
17
-35
271
-3
-7
-73
46
53
64
49
35
271
296
-155
-384
48
115
31
-328
74
83
-192
-23
-29
13
-293
-375
-65
1
-101
-46
94
120
-59
-2
6
-91
17
9
149
-12
2
121
116
125
234
205
51
72
-36
-261
-46
-44
5
37
104
210
-23
-12
101
32
-202
-313
110
-48
-213
-179
10
-61
-133
-178
58
-217
154
85
-43
179
141
244
77
-110
95
27
39
-27
228
-14
137
175
256
136
50
91
50
-96
146
-269
221
-114
138
-305
190
-154
12
-186
-84
23
83
-1
8
-110
126
76
-121
-214
158
16
-37
61
185
122
-23
-10
272
105
134
-117
26
-277
55
-217
1
-337
-120
-264
-62
49
-99
-43
-6
-55
32
53
-20
123
-84
9
102
-74
-49
57
97
212
165
-34
76
52
-167
-306
-145
23
125
-1
-64
-7
9
-131
-149
-311
-315
-150
-88
-109
-286
0
-197
73
-38
-57
-35
130
96
74
199
153
115
253
3
234
17
-128
-106
-103
-252
-224
188
82
74
77
94
73
84
63
124
20
14
153
85
-4
89
-6
195
49
-33
-133
53
79
120
-147
-170
-116
-30
82
80
-113
58
61
-133
59
-4
11
-98
35
46
-102
-83
-31
24
-5
-51
-112
99
-174
47
-108
-133
26
-115
-1
-25
13
94
-76
-84
44
44
-10
-77
54
-53
-43
-85
77
-126
-36
-15
-4
33
-46
-119
-94
10
-141
24
-80
-78
-109
-90
55
-39
-5
50
-38
-31
-136
41
-57
20
-109
24
-173
-101
-126
-149
-143
60
66
-55
-37
79
-152
-149
-68
-2
-163
-108
-91
-151
63
-74
0
24
19
-161
4
3
-134
60
-74
-93
-164
50
-48
38
50
65
47
71
3
-19
43
-166
-124
-176
-103
16
-169
-164
-105
-172
-120
-171
-4
-110
-125
58
-111
42
31
-53
63
-50
18
-108
-71
21
-32
-30
2
-109
-161
-89
-73
-105
73
-18
36
-121
-121
-1
-74
-166
-7
-113
49
9
-107
-181
1
-70
-51
-26
58
-164
-40
32
-117
-109
-123
-43
15
17
0
-46
-17
-12
-68
-123
-5
-73
65
40
-165
-110
-31
-29
68
-59
-173
7
-140
-112
-123
-38
-7
26
-16
47
-153
62
-153
-28
-134
63
-131
54
35
-52
-9
-100
61
-38
-3
78
-70
-167
-35
-41
18
-30
36
-8
-166
-48
59
-131
-67
63
-147
-179
-126
35
-72
108
-35
-63
108
3
51
72
-34
-78
-158
-17
-1
-73
39
-145
-177
-169
-178
-56
45
-70
60
248
289
23
-57
155
46
36
56
102
-36
-195
-221
398
194
33
-329
119
-39
-6
105
61
31
70
-59
11
103
-13
-76
-41
14
-37
52
-221
-67
-3
153
-107
-201
180
118
-208
-139
-93
141
-291
-70
14
101
201
195
131
418
137
210
-8
442
185
58
6
-398
472
51
-85
77
-112
1
-120
0
72
-31
-96
71
-49
-11
85
-16
19
55
-66
104
-104
-239
32
228
-21
-109
-17
75
-72
177
-34
-78
-33
152
40
-57
1
105
-26
410
42
-4
54
139
242
49
117
-17
254
-88
-120
-323
72
131
-32
49
38
103
-107
41
-19
-245
-30
-103
63
-26
76
-95
227
214
-7
188
168
187
-27
154
141
120
146
96
349
28
-56
16
51
-63
-11
77
69
77
5
17
88
205
78
-78
69
84
105
-21
-66
227
566
264
61
-255
-325
-47
118
371
236
-194
-122
-46
115
-112
109
-52
232
102
50
-110
-106
-158
-39
-8
-21
54
-239
31
207
52
-32
196
2
6
-68
117
-43
-5
447
384
-131
-171
150
203
-135
-34
304
199
-109
-35
242
-88
-237
-289
-95
-154
-73
-104
-244
-47
73
-117
-279
-151
67
70
10
87
-151
63
107
13
-64
115
24
-115
-103
-102
-49
67
46
188
-29
-122
-315
31
-86
-9
-46
304
114
164
94
102
-305
-188
-96
-251
-192
62
-30
-329
-230
31
-223
-312
46
-430
-320
16
-163
-18
-83
-80
121
248
190
45
138
145
107
131
-26
10
-45
228
213
155
60
-288
78
-80
-221
-10
-16
-31
-100
143
9
160
106
75
-26
60
-124
78
-117
17
-5
-95
-204
30
-220
-164
-141
-3
-235
-200
-107
79
135
72
21
144
-125
-67
-96
164
-90
193
100
87
157
51
186
-49
-63
-200
60
115
156
112
-51
29
230
64
89
8
4
175
-94
19
-180
-133
-196
203
-9
21
15
30
-62
-9
158
-29
-77
187
-27
1
49
-8
-91
-99
-63
7
-159
15
278
185
22
157
78
188
-115
12
36
2
-81
-30
109
-34
-42
-271
-158
-100
-110
-207
-178
-141
-13
-84
9
-399
-236
-160
117
-182
-32
178
196
55
171
268
83
-54
-106
44
128
138
103
405
88
162
-10
162
-14
13
-205
27
-123
97
69
-131
140
-56
-56
75
15
-111
-69
-166
141
234
53
244
291
233
5
63
134
73
24
-58
6
-49
-184
-252
13
10
-67
-334
-257
91
-150
267
-5
68
-146
143
26
-97
-92
149
-28
58
157
25
211
138
238
281
-7
-231
41
39
73
-52
103
121
87
-123
-15
189
247
304
45
50
117
120
26
-111
136
193
100
-106
80
229
-1
145
12
47
-6
37
-66
79
-48
-138
-87
-120
-106
88
68
7
-17
82
-96
-40
-14
-17
30
64
-124
9
-120
-71
53
30
104
-32
100
3
39
-42
80
-45
-26
59
46
24
-90
-4
-70
59
105
-94
-105
73
42
28
88
9
-66
-40
8
104
17
60
98
66
-109
91
-125
-83
-53
68
58
-50
-17
99
-38
14
64
-134
-127
48
79
-84
38
-93
18
-55
92
-41
1
-28
-53
-126
73
-121
22
-85
-116
-112
0
-50
-21
-113
2
58
57
-50
-141
39
-6
-109
22
85
-61
-78
51
108
-15
27
-114
-136
-57
-135
-113
-49
96
66
-139
-4
-59
-95
-23
12
-42
-56
-21
132
-110
-120
51
-113
51
-100
59
36
-93
75
-4
32
-16
-133
39
24
-134
63
-93
91
-27
-136
-113
-65
1
-18
3
-136
-78
97
-102
89
-43
46
17
-33
-92
-83
-1
-16
65
21
-5
-37
-97
-53
-142
-8
40
-76
63
14
53
-85
30
-69
8
88
-89
79
3
-9
33
25
-129
-60
67
84
-4
73
-103
23
-76
-73
-58
-110
-132
28
11
108
-7
-113
-45
-20
-32
-56
-65
-95
-108
102
5
-49
-89
0
-63
40
-54
-111
16
-105
104
19
94
-34
-80
-71
-59
-81
-12
59
-135
-103
108
2
93
-138
91
-58
79
-124
-134
-74
28
-131
99
-132
91
-111
-162
100
111
-116
42
67
-37
-62
-95
-45
86
29
-23
-6
41
-128
-52
-46
-6
97
-66
-93
24
-64
-25
-56
-52
61
87
-53
27
-54
-72
48
-76
-83
-15
58
42
-37
57
-76
67
48
80
-80
-56
-23
-132
42
-114
20
81
75
-60
-129
-41
60
-98
97
-49
-110
-8
-27
11
87
33
-135
94
32
43
-10
-136
77
34
-26
-92
-27
45
-86
-4
-5
-115
112
33
93
45
13
-60
41
-119
31
-3
-127
70
-60
-37
-20
-71
53
41
54
50
-41
36
91
87
39
-89
-11
-135
-78
50
-57
-47
-62
-52
-138
-88
-23
-89
-98
76
-110
-98
56
16
-13
-126
68
69
52
-65
104
-88
65
-137
60
-12
-99
-112
53
-108
-117
-97
61
-110
-24
33
-54
-129
-43
-127
-7
-105
53
75
9
-73
-91
45
111
83
-96
-87
-100
-68
-112
30
-9
-93
77
-46
95
-84
103
102
-92
-137
-4
-39
-10
9
-66
-53
-38
30
-26
27
-63
-77
-16
60
-47
-155
35
57
-50
-5
66
-51
37
14
24
71
-121
97
-10
58
81
-16
-65
-95
30
-56
0
-129
36
67
-14
-114
-2
-104
92
40
-113
-81
9
-14
-93
66
-104
-132
9
-17
47
-78
-59
-32
107
-99
-125
42
-37
81
65
97
-75
-24
110
61
-132
-87
-92
-88
-30
179
-149
84
28
330
14
27
11
176
-76
208
97
-129
-445
-247
-108
-164
-38
147
107
119
161
69
133
218
258
-114
-28
43
-239
385
228
-105
-414
6
-94
29
-69
76
22
-18
32
230
163
47
126
-93
80
352
-218
-57
200
171
151
28
-117
340
368
78
24
-23
81
-56
123
-120
-203
-157
48
-120
91
-151
-27
36
112
70
-4
8
-27
-143
-226
-251
-185
-3
58
-71
-305
239
55
-91
170
139
208
26
215
-65
169
22
-33
117
178
-32
-206
65
5
208
116
57
-58
-174
-413
-55
-75
-15
-197
-14
-61
79
52
-8
132
52
171
-116
64
98
257
96
171
-22
111
26
-125
-77
-143
-12
-62
27
-192
85
66
22
164
-221
-157
9
-67
-271
-62
133
140
-54
22
173
57
-25
-57
24
-53
-154
184
111
471
321
-52
18
-86
37
109
-135
-176
2
-162
-133
-39
-223
-100
-2
-169
168
-40
76
140
22
29
267
204
-213
-163
-148
-157
-164
4
27
84
-110
-105
-206
-62
29
-68
50
113
82
-5
113
134
409
344
193
159
80
184
170
27
36
66
-13
64
-145
23
134
-116
-225
-167
-100
-11
40
-164
-351
-437
150
-108
-56
65
55
258
332
-99
62
-121
-115
-251
146
-28
74
-126
216
69
230
200
-255
-101
-75
-58
-66
-65
-81
-30
-93
-99
49
-50
-9
44
-115
2
35
39
39
54
78
-140
-53
-2
-61
-40
73
10
-77
79
-73
-141
-70
62
61
104
82
23
-86
-112
8
0
-100
-41
25
85
-76
-73
-101
-36
65
-45
-100
28
-25
-107
-39
94
-73
-88
62
-48
13
-40
-131
-107
-36
-38
34
11
-111
-85
-16
-27
-57
50
-55
-36
38
-88
70
-107
-145
-134
-130
15
65
-139
1
103
-102
3
48
55
-73
77
-102
-85
-42
96
25
103
-49
36
32
-105
-41
68
42
-3
35
93
44
-94
76
97
-138
-16
-45
53
-75
-72
11
-23
-38
-126
64
-6
-54
-60
95
60
5
24
-115
-7
-125
101
30
-14
-28
66
-114
1
100
29
7
-43
29
84
43
-60
100
-66
-110
77
-4
-52
-138
-112
-85
31
-110
-66
-107
-14
-29
60
-128
-86
-49
-7
47
-130
-110
-78
124
-25
-122
-25
-130
34
-131
-13
-68
-101
74
-35
-144
60
-55
-17
-12
-42
-138
0
-39
-2
-5
-143
-53
-8
-68
-37
87
-26
-110
-118
-122
-24
107
-77
-94
-47
0
63
51
62
-13
75
-26
-2
-29
-116
97
41
-44
26
35
-40
-24
59
-101
-13
-145
-8
91
23
101
44
18
13
-142
74
57
93
39
-8
-66
-5
-114
-23
72
86
82
-26
76
20
86
-68
-126
109
-46
54
-27
51
138
-228
-100
9
-50
50
-289
20
66
303
49
31
148
14
52
65
-106
-30
-210
-104
-56
-128
131
80
112
89
52
-154
104
-21
-104
50
-48
273
9
-67
56
-27
-1
-65
116
-14
-137
-2
245
404
-31
-23
298
23
-32
69
-10
-29
-394
-99
-160
380
57
81
-61
125
-62
-77
-68
-39
-51
-16
185
51
-3
-96
118
-80
-18
-132
-65
215
-111
49
153
46
-101
-61
41
28
19
-71
76
214
-18
156
90
234
176
19
-94
-313
53
70
78
77
-116
0
144
347
95
41
-1
-8
-136
-24
188
184
65
10
-49
-56
44
-113
-155
-171
56
-85
-78
207
108
76
-118
107
238
-88
-9
-6
-279
-104
-55
78
139
-46
-8
236
-173
112
29
80
-147
89
111
65
-59
-143
43
49
-67
-98
2
332
72
173
72
138
-272
142
-91
-294
-107
184
-77
207
5
99
130
-36
-2
-201
-35
108
-161
-114
73
148
107
3
-99
5
-193
179
-81
-162
117
46
82
-94
-20
64
-72
127
-388
206
168
144
219
-15
-176
-118
10
41
-15
134
179
61
-14
162
76
45
-72
3
-55
-57
89
224
66
140
154
-11
-31
31
-110
-59
-201
-119
208
197
103
-51
159
32
80
-184
57
84
48
-114
-2
-71
101
-87
-36
-118
58
287
-13
-125
14
90
-79
-218
82
179
-135
-11
-91
-185
-373
191
54
78
9
79
-226
-14
210
134
-70
-17
-40
29
107
-11
57
-74
-263
-209
80
225
-383
-273
67
201
-83
-109
-10
-122
-153
23
-40
-168
-27
219
144
107
127
-198
-35
-77
29
220
-35
-415
-102
75
-148
-11
-19
-1
33
43
-7
37
-68
-24
112
149
141
81
-151
-13
101
18
-89
57
68
179
-96
67
93
157
-246
-13
116
34
-85
-18
66
219
7
-15
25
135
40
59
-32
-218
101
156
-184
-195
135
-110
195
93
69
-163
-84
26
-37
91
6
41
-22
128
59
-158
125
91
0
-234
56
162
150
374
-16
-62
-81
-35
113
-100
-40
-271
-21
-160
-116
122
132
207
90
-134
118
117
50
-108
29
-105
-21
-55
-16
79
-44
80
21
231
501
376
-127
-221
5
8
12
165
-127
-358
-209
127
-263
167
-3
-98
-121
-112
77
75
177
-23
-76
-75
88
-2
69
150
186
-73
-72
34
107
-22
59
-26
-78
0
-225
130
-101
288
-359
-346
87
116
65
-122
-378
-151
29
-73
-7
-42
-94
89
137
245
192
148
17
150
-206
-103
-46
74
-200
53
38
7
57
-171
-36
137
-23
61
73
265
150
-65
-133
221
-56
22
117
248
-5
-203
94
-24
200
140
69
-95
43
-20
69
-181
64
-58
-28
-103
-140
-16
78
-146
-176
-12
47
-169
-4
-34
76
103
-123
62
-53
51
-128
-148
-143
100
-99
-65
-119
-99
1
-44
78
62
-122
-135
-60
-10
81
0
87
-35
-177
-128
-113
-134
-74
-93
-137
-89
-109
88
-113
-90
66
-135
43
-49
-39
1
-62
-63
-123
64
-86
-1
49
-113
-24
16
-19
74
-90
110
9
-34
-112
-45
-37
-25
33
-81
10
-41
-69
-110
-138
41
20
-97
33
-45
-119
70
85
74
79
-49
88
-104
-124
72
-106
-22
96
70
-54
-30
-54
-89
-120
-19
-43
-43
-121
95
75
-28
38
-115
19
53
-123
73
1
91
16
99
89
-28
53
86
-168
98
-52
-79
-103
46
64
32
138
-25
78
39
89
81
86
-45
0
69
29
-3
10
-133
-119
-131
-104
82
-164
-70
-69
-58
42
-180
64
90
114
-26
-46
6
87
58
110
-86
-27
-92
-113
-32
-137
-113
112
81
-150
-153
36
-59
-38
-20
-54
-128
-155
-101
-82
-31
88
-18
23
22
-43
32
-97
21
31
-90
-71
-122
115
125
-134
-79
2
-59
54
-77
73
-103
85
70
35
48
-4
-23
91
-144
-108
-134
47
18
44
-123
-103
-108
-77
-96
-29
-153
-26
-21
-52
57
-158
-89
99
-131
-15
23
-145
28
70
-67
79
-45
51
-92
-18
90
-58
55
-30
81
-33
-108
-57
-7
-106
-46
-65
-86
-1
-154
10
-139
25
-85
3
-4
69
-148
84
-129
-167
-73
-17
-130
-38
-75
-162
2
-153
-6
-13
61
-143
21
-32
-62
-128
-114
57
-76
-177
16
-30
-27
-112
66
-90
-141
-22
18
-112
-117
92
-96
-136
-72
-23
-100
-10
-64
-98
-60
-4
-53
-60
74
-50
-4
-68
-106
73
55
30
42
-132
68
-144
-49
-10
-91
-48
19
12
-122
-94
-30
-45
57
15
-107
-57
-101
-83
73
-121
-53
39
26
2
-67
-59
-126
-142
-99
-66
-52
31
-36
83
35
-16
-116
-118
35
-80
-59
-94
-135
-129
-154
96
64
-38
91
93
72
-9
-88
-167
-78
-47
9
-99
-22
-127
77
-89
-30
-9
4
-79
-53
28
-23
64
18
-27
-33
-113
52
-33
72
57
59
93
21
57
4
-65
-79
16
-118
-67
13
-3
-25
-4
-152
19
24
59
81
-69
66
-84
-143
-133
-6
-145
6
-31
-154
-68
29
-82
-92
-134
86
-104
-10
-46
20
-83
27
-156
-128
30
72
87
67
-117
-11
-141
-47
15
-69
106
-27
-91
-58
-76
64
67
45
-63
111
-78
-20
84
83
36
-101
-65
88
-85
14
73
-22
-42
60
-24
-7
64
-159
-29
-19
-100
16
-68
48
58
-7
-80
16
26
-72
73
-110
-63
68
145
-24
-62
-432
264
-71
-225
-161
181
72
-56
206
382
63
-145
51
272
163
106
10
-198
56
-77
-21
-228
65
58
59
-497
-143
39
194
-146
-12
-43
263
-147
-202
-106
6
-229
10
-233
-312
-392
-91
-175
-41
258
107
-414
-67
116
-122
-362
-300
108
60
-309
-477
21
90
-198
-271
-41
-19
-83
176
-22
177
68
-35
-10
-27
66
15
-11
147
179
52
333
256
257
8
130
89
-60
-21
-47
184
-13
20
-48
-115
-127
20
161
94
-203
-120
168
169
-99
-89
198
89
-85
63
205
56
150
373
53
62
146
154
-22
-129
85
-11
-98
-201
61
-129
-30
-91
46
-90
-153
-264
-8
-125
-60
-68
111
139
-17
116
43
-192
288
-63
-104
-79
47
154
3
-394
199
140
-181
-245
98
-89
197
51
110
281
196
170
132
-78
74
-123
-151
-101
-4
-84
-136
145
-157
-59
-238
-101
-314
-12
240
61
39
11
-105
161
161
-113
-265
-10
56
2
-136
103
149
39
132
87
2
-78
177
239
0
-175
151
147
-87
-22
60
-486
-302
36
-363
-137
-95
59
-49
-44
-48
90
-109
26
-27
242
25
29
94
222
293
146
166
-139
43
-210
28
21
-26
70
-125
144
-126
-75
54
303
168
163
-22
124
-148
-162
-19
-4
-57
-107
-130
-219
-152
-72
11
-139
-80
-119
151
413
-99
-175
79
461
-99
-98
-21
98
-261
-13
472
156
1
-9
17
100
141
-18
-19
84
-108
-153
-97
238
46
48
52
-27
180
-70
-64
-258
-104
70
23
-174
207
267
78
-58
200
-18
40
153
-266
-154
-114
-47
9
36
-107
-73
218
-243
-105
379
-143
-90
140
277
78
69
136
19
1
-80
17
99
-26
64
167
127
-125
-71
-23
58
19
87
-69
-184
11
168
20
127
104
49
87
125
-74
-170
187
-110
-65
86
222
63
-12
-39
34
239
-127
-74
-30
122
-144
56
102
-175
94
-76
-46
-189
-19
74
42
-96
157
221
71
30
-48
-84
-188
16
-66
-16
5
-191
29
38
90
10
-161
-131
-92
-8
-362
114
119
143
-123
-180
23
89
52
153
179
73
94
-5
-10
36
-367
-184
-63
25
40
-103
-428
-162
-23
71
233
115
-128
-203
-72
187
329
-101
181
-58
119
-93
-211
85
-10
145
108
108
185
108
44
-68
58
-49
-144
40
95
-44
36
245
11
-298
34
58
-245
-149
-51
-149
43
164
282
-50
-50
-96
270
247
-97
17
155
230
266
-112
-174
-24
-144
-86
-88
-59
-29
57
47
129
118
61
219
223
-15
-83
93
-63
-130
92
25
-132
-8
2
-34
-180
131
96
118
69
-18
226
166
110
-157
21
-84
139
-64
115
-81
-47
-21
128
-29
-127
-148
-68
38
-201
-136
-7
79
-81
45
12
-63
-19
-31
-138
51
59
-52
40
-152
-115
-142
46
-177
-105
-65
-13
-117
-187
-172
-92
64
-36
-113
-154
-15
-49
87
249
42
84
-50
54
69
-145
15
49
62
-22
32
172
-53
-76
14
-33
83
10
-105
-107
64
-46
43
-62
70
-85
32
-100
-114
56
-79
-38
-84
-38
28
22
2
-50
28
-61
-107
-157
31
-66
33
-123
-157
-51
21
-137
-4
-1
-73
53
33
-71
-16
8
0
-6
-103
43
47
77
37
-19
-104
-139
-122
42
-121
-81
-96
-50
-51
-47
-143
-63
43
-46
-133
-97
59
-21
-69
-119
83
-60
-171
-182
72
-90
52
-122
22
31
-5
1
15
-89
-105
66
58
-185
-90
-43
-7
-114
-60
-18
61
-116
-137
-169
-7
67
18
-23
155
31
48
72
31
16
-171
-152
-31
-110
-165
-68
-97
-121
-43
-38
75
8
-14
20
-75
-103
-62
-49
-123
28
-144
72
-28
-75
-28
58
52
71
-146
8
-87
-182
49
20
-87
-65
10
66
-153
6
1
27
15
-4
47
-158
20
48
-38
-91
1
3
-137
-36
-11
-80
69
-33
-46
-30
76
-14
-167
22
-125
4
-89
26
-91
-80
71
-7
21
-67
-88
29
-87
-75
-147
-79
-62
-31
-10
-176
-113
37
-247
-244
14
167
17
-70
41
-183
-86
-209
-19
146
-415
-107
373
113
-27
42
269
153
-64
-44
-106
-76
-173
-222
-32
117
112
154
195
23
323
104
176
-158
183
139
-71
-165
94
198
-5
77
126
25
138
-94
-374
-252
20
84
16
-67
-164
-177
-11
-122
-54
321
-153
-192
210
298
-75
-78
164
68
-89
2
151
141
-126
-47
-34
64
-88
32
80
-101
66
-12
39
111
52
115
96
-38
-99
119
59
43
-133
17
113
144
-138
-45
90
52
88
-51
175
-143
-27
-61
28
56
-148
146
71
212
-59
23
117
-55
-120
135
-31
74
115
93
74
-53
-210
-86
-16
-76
-114
-328
-110
42
148
-13
111
79
-79
-172
93
-129
-327
1
20
108
-86
-177
84
51
-90
157
158
-56
-34
34
-162
8
-273
-287
-176
94
-32
-309
-310
74
154
325
-154
61
-98
-172
-26
110
132
198
6
150
206
142
-94
55
-123
-129
-82
150
67
0
3
78
5
-70
-201
-125
-216
48
111
45
-153
-71
-11
126
-486
-219
-62
47
-274
260
97
142
131
-100
-23
-30
-83
40
48
89
44
101
-261
-76
198
-110
-265
-121
-86
57
95
87
256
206
253
-35
54
160
201
-123
5
58
-33
29
15
139
150
52
-94
65
3
-30
119
11
80
12
-103
24
-109
-34
103
250
68
316
146
-99
181
253
142
-40
90
135
29
150
146
311
233
-17
-39
161
-54
-240
-94
18
7
-102
66
-94
-39
-96
-138
-331
-365
-220
-210
15
-426
-72
72
-98
22
-84
-25
31
-71
89
53
-186
-7
-11
16
91
218
-111
-101
320
190
23
-23
99
105
19
151
37
10
-57
-38
127
22
-1
212
226
70
-71
59
-93
14
-150
-50
93
-130
-46
-12
61
-50
-46
99
217
42
-62
4
96
93
-59
-15
-169
303
13
194
29
233
68
113
338
111
-27
-81
-202
-18
42
-110
-169
99
-73
-90
-59
126
53
-28
-149
187
78
-58
33
-94
73
-180
-55
134
91
226
14
49
178
-49
-53
49
146
-14
170
59
143
-83
-124
-36
161
168
250
210
213
169
86
264
-74
-83
137
-56
-20
-64
-12
58
131
-106
-307
-87
-492
199
-93
13
-223
67
169
-68
-220
-135
-83
126
-80
-119
2
153
86
126
-4
68
123
24
-134
-90
-132
-229
42
255
-97
-50
151
244
68
-77
31
224
76
123
56
261
178
61
102
-16
-322
-113
152
-94
-188
23
174
189
-61
31
95
26
-217
50
-64
-91
-195
-29
165
48
34
-15
159
-86
-205
55
149
24
-72
-155
-85
-40
-103
124
2
62
48
69
22
33
174
135
-48
-17
131
-45
35
