index,label,float_hls_pred,float_python_pred,float_max_abs_logit_error,fixed_hls_pred,fixed_python_pred,fixed_raw_mismatch,fixed_max_abs_raw_diff
0,7,7,7,1.9456542972307034e-06,7,7,0,0
1,2,2,2,2.8826538081005992e-06,2,2,0,0
2,1,1,1,1.6738189696496875e-06,1,1,0,0
3,0,0,0,1.9249267584342533e-06,0,0,0,0
4,4,4,4,1.4319763179670986e-06,4,4,0,0
5,1,1,1,9.864501961942551e-07,1,1,0,0
6,4,4,4,1.9114794920227496e-06,4,4,0,0
7,9,9,9,2.825354004087899e-06,9,9,0,0
8,5,5,5,1.4312554932338628e-06,5,5,0,0
9,9,9,9,1.162093505868711e-06,9,9,0,0
10,0,0,0,1.940710449233052e-06,0,0,0,0
11,6,6,6,2.384702148638951e-06,6,6,0,0
12,9,9,9,9.790649411201002e-07,9,9,0,0
13,0,0,0,1.907937622114275e-06,0,0,0,0
14,1,1,1,2.381724853783851e-06,1,1,0,0
15,5,5,5,2.3877758792423265e-06,5,5,0,0
16,9,9,9,1.435034790109313e-06,9,9,0,0
17,7,7,7,1.9086901854592497e-06,7,7,0,0
18,3,3,3,1.4329748534436249e-06,3,3,0,0
19,4,4,4,9.582568356591992e-07,4,4,0,0
20,9,9,9,1.8641845720424044e-06,9,9,0,0
21,6,6,6,2.3889257816378517e-06,6,6,0,0
22,6,6,6,1.908486328083825e-06,6,6,0,0
23,5,5,5,2.856887206803549e-06,5,5,0,0
24,4,4,4,1.0732459716500387e-06,4,4,0,0
25,0,0,0,1.919287109686252e-06,0,0,0,0
26,7,7,7,1.9040624996691236e-06,7,7,0,0
27,4,4,4,2.6271545410239128e-06,4,4,0,0
28,0,0,0,1.9269897464369024e-06,0,0,0,0
29,1,1,1,1.431176757549224e-06,1,1,0,0
30,3,3,3,1.9406372064878497e-06,3,3,0,0
31,1,1,1,1.4600111541973604e-06,1,1,0,0
32,3,3,3,2.8566369629778876e-06,3,3,0,0
33,4,4,4,2.1494476318828504e-06,4,4,0,0
34,7,7,7,2.8571801760080007e-06,7,7,0,0
35,2,2,2,1.9073608399367004e-06,2,2,0,0
36,7,7,7,1.926245115413394e-06,7,7,0,0
37,1,1,1,1.910991210607449e-06,1,1,0,0
38,2,2,2,1.1620830078218347e-06,2,2,0,0
39,1,1,1,2.8620385741362497e-06,1,1,0,0
40,1,1,1,1.4335449218805252e-06,1,1,0,0
41,7,7,7,1.947436523153101e-06,7,7,0,0
42,4,4,4,1.9491821294792544e-06,4,4,0,0
43,2,2,2,2.3871484371440488e-06,2,2,0,0
44,3,3,3,1.9120428467189754e-06,3,3,0,0
45,5,5,5,1.944677734400102e-06,5,5,0,0
46,1,1,1,1.9060156253303262e-06,1,1,0,0
47,2,2,2,1.908494873248401e-06,2,2,0,0
48,4,4,4,3.812794189705926e-06,4,4,0,0
49,4,4,4,2.6222376251494595e-06,4,4,0,0
50,6,6,6,1.9263549813075542e-06,6,6,0,0
51,3,3,3,3.827050782945207e-06,3,3,0,0
52,5,5,5,3.3330187987345994e-06,5,5,0,0
53,5,5,5,9.555621338641629e-07,5,5,0,0
54,6,6,6,9.656982413730475e-07,6,6,0,0
55,0,0,0,1.9106591793160987e-06,0,0,0,0
56,4,4,4,2.856406249307497e-06,4,4,0,0
57,1,1,1,1.4323565675766758e-06,1,1,0,0
58,9,9,9,1.0724176940923869e-06,9,9,0,0
59,5,5,5,1.4268640136094746e-06,5,5,0,0
60,7,7,7,1.8895019522346956e-06,7,7,0,0
61,8,8,8,1.949462889783149e-06,8,8,0,0
62,9,9,9,9.531860349909493e-07,9,9,0,0
63,3,3,3,1.952587890485802e-06,3,3,0,0
64,7,7,7,5.7490722653597e-06,7,7,0,0
65,4,4,4,2.8658740234277502e-06,4,4,0,0
66,6,6,6,9.57763671038947e-07,6,6,0,0
67,4,4,4,1.96662765505895e-06,4,4,0,0
68,3,3,3,3.830554199169001e-06,3,3,0,0
69,0,0,0,1.9345092781009043e-06,0,0,0,0
70,7,7,7,1.9502197261545007e-06,7,7,0,0
71,0,0,0,2.865942382968001e-06,0,0,0,0
72,2,2,2,1.4268823242957751e-06,2,2,0,0
73,9,9,9,1.9178710921607944e-06,9,9,0,0
74,1,1,1,9.567126468823517e-07,1,1,0,0
75,7,7,7,1.4335662843478758e-06,7,7,0,0
76,3,3,3,9.842895511980032e-07,3,3,0,0
77,2,2,2,2.817980957914301e-06,2,2,0,0
78,9,9,9,1.5869959751127483e-06,9,9,0,0
79,7,7,7,1.950561522079397e-06,7,7,0,0
80,7,7,7,1.1898559570955314e-06,7,7,0,0
81,6,6,6,9.5842529290735e-07,6,6,0,0
82,2,2,2,2.8647619627619747e-06,2,2,0,0
83,7,7,7,9.854003906184516e-07,7,7,0,0
84,8,8,8,1.8777430267347128e-06,8,8,0,0
85,4,4,4,3.853173829782008e-06,4,4,0,0
86,7,7,7,1.915600584823096e-06,7,7,0,0
87,3,3,3,2.8519409180916e-06,3,3,0,0
88,6,6,6,2.856440429965801e-06,6,6,0,0
89,1,1,1,1.9088781737508498e-06,1,1,0,0
90,3,3,3,1.8635498051366994e-06,3,3,0,0
91,6,6,6,1.933728027481152e-06,6,6,0,0
92,9,9,9,1.4321521000226767e-06,9,9,0,0
93,3,3,3,1.9161376947351982e-06,3,3,0,0
94,1,1,1,1.4345703123197495e-06,1,1,0,0
95,4,4,4,1.909326171833925e-06,4,4,0,0
96,1,1,1,1.9110253912657527e-06,1,1,0,0
97,7,7,7,1.910642088986947e-06,7,7,0,0
98,6,6,6,9.5162475588495e-07,6,6,0,0
99,9,9,9,1.9140502924841485e-06,9,9,0,0
100,6,6,6,2.3876647947673746e-06,6,6,0,0
101,0,0,0,1.430686035419626e-06,0,0,0,0
102,5,5,5,3.787182617287499e-06,5,5,0,0
103,4,4,4,1.9055017093094762e-06,4,4,0,0
104,9,9,9,9.389404294068981e-07,9,9,0,0
105,9,9,9,1.6098141785159115e-06,9,9,0,0
106,2,2,2,1.9178100583161495e-06,2,2,0,0
107,1,1,1,1.1323891601633385e-06,1,1,0,0
108,9,9,9,1.942883301353504e-06,9,9,0,0
109,4,4,4,2.8597241215067015e-06,4,4,0,0
110,8,8,8,1.903311157125387e-06,8,8,0,0
111,7,7,7,1.9059545905975028e-06,7,7,0,0
112,3,3,3,1.9276245115662505e-06,3,3,0,0
113,9,9,9,2.898217774216505e-06,9,9,0,0
114,7,7,7,1.905821533476626e-06,7,7,0,0
115,4,4,4,1.428658447544251e-06,4,4,0,0
116,4,4,4,1.434552001633449e-06,4,4,0,0
117,4,4,4,2.8162963872091495e-06,4,4,0,0
118,9,9,9,1.906115722150048e-06,9,9,0,0
119,2,2,2,9.57387694455747e-07,2,2,0,0
120,5,5,5,1.938586425609401e-06,5,5,0,0
121,4,4,4,1.1888244628721623e-06,4,4,0,0
122,7,7,7,1.9408935543197003e-06,7,7,0,0
123,6,6,6,2.8578906245968483e-06,6,6,0,0
124,7,7,7,3.8256591796681505e-06,7,7,0,0
125,9,9,9,9.593872078994536e-07,9,9,0,0
126,0,0,0,1.9134521487274014e-06,0,0,0,0
127,5,5,5,2.9083740233915023e-06,5,5,0,0
128,8,8,8,2.864208983766048e-06,8,8,0,0
129,5,5,5,2.864221190890248e-06,5,5,0,0
130,6,6,6,3.7687744143255486e-06,6,6,0,0
131,6,6,6,3.825805663382198e-06,6,6,0,0
132,5,5,5,2.8578771971154993e-06,5,5,0,0
133,7,7,7,1.9570434570681527e-06,7,7,0,0
134,8,8,8,9.574157715519505e-07,8,8,0,0
135,1,1,1,2.865944823682298e-06,1,1,0,0
136,0,0,0,9.964477545310046e-07,0,0,0,0
137,1,1,1,1.910367431356974e-06,1,1,0,0
138,6,6,6,1.9112695310852246e-06,6,6,0,0
139,4,4,4,1.9055053712691006e-06,4,4,0,0
140,6,6,6,1.91092773427215e-06,6,6,0,0
141,7,7,7,1.9086035156767878e-06,7,7,0,0
142,3,3,3,1.9447265628969035e-06,3,3,0,0
143,1,1,1,1.6705157470653376e-06,1,1,0,0
144,7,7,7,9.58486938262837e-07,7,7,0,0
145,1,1,1,1.9041918939421976e-06,1,1,0,0
146,8,8,8,2.8614721685471523e-06,8,8,0,0
147,2,2,2,1.9093054195451487e-06,2,2,0,0
148,0,0,0,2.864831542659374e-06,0,0,0,0
149,2,2,2,1.9055151367908252e-06,2,2,0,0
150,9,9,9,1.9029052733543494e-06,9,9,0,0
151,9,9,9,1.9542724594145966e-06,9,9,0,0
152,5,5,5,1.908666992456176e-06,5,5,0,0
153,5,5,5,1.4281384279613007e-06,5,5,0,0
154,1,1,1,1.4298815917968e-06,1,1,0,0
155,5,5,5,3.3345776371263014e-06,5,5,0,0
156,6,6,6,1.9039770506878995e-06,6,6,0,0
157,0,0,0,1.0725222473473295e-06,0,0,0,0
158,3,3,3,1.8651611330966489e-06,3,3,0,0
159,4,4,4,1.43542236319405e-06,4,4,0,0
160,4,4,4,1.4320544430290738e-06,4,4,0,0
161,6,6,6,2.891564941265301e-06,6,6,0,0
162,5,5,5,2.83028564496135e-06,5,5,0,0
163,4,4,4,1.9074035648714016e-06,4,4,0,0
164,6,6,6,2.6233782959295127e-06,6,6,0,0
165,5,5,5,5.732397461599703e-06,5,5,0,0
166,4,4,4,9.838256840311033e-07,4,4,0,0
167,5,5,5,1.429497070049024e-06,5,5,0,0
168,1,1,1,1.909758299944997e-06,1,1,0,0
169,4,4,4,1.93552246052775e-06,4,4,0,0
170,4,4,4,1.935693358490198e-06,4,4,0,0
171,7,7,7,1.922460938885706e-06,7,7,0,0
172,2,2,2,2.818542480298447e-06,2,2,0,0
173,3,3,3,1.934667968939152e-06,3,3,0,0
174,2,2,2,1.917993163402798e-06,2,2,0,0
175,7,7,7,1.1946087647984882e-06,7,7,0,0
176,1,1,1,1.1921351013022274e-06,1,1,0,0
177,8,8,8,9.772460938251015e-07,8,8,0,0
178,1,1,1,9.472534188148529e-07,1,1,0,0
179,8,8,8,2.3875598147427013e-06,8,8,0,0
180,1,1,1,9.56818848152352e-07,1,1,0,0
181,8,8,8,4.289754638620025e-06,8,8,0,0
182,5,5,5,9.564965823827265e-07,5,5,0,0
183,0,0,0,9.898193358282015e-07,0,0,0,0
184,8,8,8,3.5808184812857746e-06,8,8,0,0
185,9,9,9,2.8603027342199994e-06,9,9,0,0
186,2,2,2,3.8067871095393002e-06,2,2,0,0
187,5,5,5,1.8931884770978513e-06,5,5,0,0
188,0,0,0,1.8741699214785967e-06,0,0,0,0
189,1,1,1,9.546630863610517e-07,1,1,0,0
190,1,1,1,1.9067077632328733e-06,1,1,0,0
191,1,1,1,1.910124511894651e-06,1,1,0,0
192,0,0,0,2.8656787112169013e-06,0,0,0,0
193,9,9,9,1.3704514465473494e-06,9,9,0,0
194,0,0,0,1.8830444332706975e-06,0,0,0,0
195,3,3,3,9.561914069422528e-07,3,3,0,0
196,1,1,1,1.4341674805518068e-06,1,1,0,0
197,6,6,6,1.9320556639002007e-06,6,6,0,0
198,4,4,4,4.746569823410596e-06,4,4,0,0
199,2,2,2,1.909589844473203e-06,2,2,0,0
200,3,3,3,2.8420776363446976e-06,3,3,0,0
201,6,6,6,1.8882080077275987e-06,6,6,0,0
202,1,1,1,2.3850939943059757e-06,1,1,0,0
203,1,1,1,1.429243163819649e-06,1,1,0,0
204,1,1,1,1.4282336424642494e-06,1,1,0,0
205,3,3,3,2.879785157006154e-06,3,3,0,0
206,9,9,9,2.863244628059647e-06,9,9,0,0
207,5,5,5,1.0207729042033264e-06,5,5,0,0
208,2,2,2,1.8691406253878995e-06,2,2,0,0
209,9,9,9,2.4137111663824484e-06,4,4,0,0
210,4,4,4,1.9036303715580516e-06,4,4,0,0
211,5,5,5,1.8815185551801505e-06,5,5,0,0
212,9,9,9,1.939318847732352e-06,9,9,0,0
213,3,3,3,1.0582928237912181e-06,3,3,0,0
214,9,9,9,1.906249998739895e-06,9,9,0,0
215,0,0,0,1.6685986328202063e-06,0,0,0,0
216,3,3,3,2.146012695325439e-06,3,3,0,0
217,6,6,6,3.33290527354535e-06,6,6,0,0
218,5,5,5,1.9090100096263996e-06,5,5,0,0
219,5,5,5,1.909179687231699e-06,5,5,0,0
220,7,7,7,1.9077221677932243e-06,7,7,0,0
221,2,2,2,2.8641333003065483e-06,2,2,0,0
222,2,2,2,1.922680663568599e-06,2,2,0,0
223,7,7,7,1.954589844643806e-06,7,7,0,0
224,1,1,1,9.541198728868494e-07,1,1,0,0
225,2,2,2,1.4335070801507754e-06,2,2,0,0
226,8,8,8,1.911298828538577e-06,8,8,0,0
227,4,4,4,1.4300440673853387e-06,4,4,0,0
228,1,1,1,2.8564721681334504e-06,1,1,0,0
229,7,7,7,1.8656372073877492e-06,7,7,0,0
230,3,3,3,1.9095849612682514e-06,3,3,0,0
231,3,3,3,9.818359369972995e-07,3,3,0,0
232,8,8,8,2.832214354597795e-06,8,8,0,0
233,8,8,8,1.904633789351351e-06,8,8,0,0
234,7,7,7,1.9411376968037075e-06,7,7,0,0
235,9,9,9,1.4278558349012371e-06,9,9,0,0
236,2,2,2,2.865766601800601e-06,2,2,0,0
237,2,2,2,2.147412109465563e-06,2,2,0,0
238,4,4,4,2.6210260011261255e-06,4,4,0,0
239,1,1,1,1.9037719720671475e-06,1,1,0,0
240,5,5,5,2.3863061526796514e-06,5,5,0,0
241,9,9,9,2.8601855470711257e-06,9,9,0,0
242,8,8,8,1.9382324225603043e-06,8,8,0,0
243,7,7,7,3.828613280631998e-06,7,7,0,0
244,2,2,2,1.4298278809832254e-06,2,2,0,0
245,3,3,3,2.856674804263548e-06,3,3,0,0
246,0,0,0,1.4290258789628751e-06,0,0,0,0
247,4,4,4,1.9059667977217032e-06,4,4,0,0
248,4,4,4,2.8649218748455496e-06,4,4,0,0
249,2,2,2,9.584838860376976e-07,2,2,0,0
250,4,4,4,1.8920898430252464e-06,4,4,0,0
251,1,1,1,9.560754392623494e-07,1,1,0,0
252,9,9,9,2.8463378907161996e-06,9,9,0,0
253,5,5,5,1.908751831258826e-06,5,5,0,0
254,7,7,7,1.9051904303069023e-06,7,7,0,0
255,7,7,7,5.760278320110501e-06,7,7,0,0
256,2,2,2,2.623732910045362e-06,2,2,0,0
257,8,8,8,1.9031298830185506e-06,8,8,0,0
258,2,2,2,2.8971679686407015e-06,2,2,0,0
259,6,6,6,3.3385302735666755e-06,6,6,0,0
260,8,8,8,1.9040917962342974e-06,8,8,0,0
261,5,5,5,2.815808105793849e-06,5,5,0,0
262,7,7,7,1.8623535140704917e-06,7,7,0,0
263,7,7,7,1.922753906313801e-06,7,7,0,0
264,9,9,9,9.77563477277954e-07,9,9,0,0
265,1,1,1,1.9033886715646986e-06,1,1,0,0
266,8,8,8,2.8835937495585995e-06,8,8,0,0
267,1,1,1,2.8616796878822015e-06,1,1,0,0
268,8,8,8,3.8136767575025488e-06,8,8,0,0
269,0,0,0,2.8588757325920255e-06,0,0,0,0
270,3,3,3,3.864453123725298e-06,3,3,0,0
271,0,0,0,1.9327514646505506e-06,0,0,0,0
272,1,1,1,1.4318273926505753e-06,1,1,0,0
273,9,9,9,2.3852966304360734e-06,9,9,0,0
274,9,9,9,1.926806641350254e-06,9,9,0,0
275,4,4,4,1.4308410642982494e-06,4,4,0,0
276,1,1,1,3.815830078579552e-06,1,1,0,0
277,8,8,8,2.865427246590002e-06,8,8,0,0
278,2,2,2,2.876696777676102e-06,2,2,0,0
279,1,1,1,9.546643067182004e-07,1,1,0,0
280,2,2,2,1.432176513382899e-06,2,2,0,0
281,9,9,9,2.3837231442058737e-06,9,9,0,0
282,7,7,7,1.698672027594661e-06,7,7,0,0
283,5,5,5,1.4325378421276014e-06,5,5,0,0
284,9,9,9,1.9147583003586988e-06,9,9,0,0
285,2,2,2,1.4354962156737372e-06,2,2,0,0
286,6,6,6,9.975830081998538e-07,6,6,0,0
287,4,4,4,9.532128899536474e-07,4,4,0,0
288,1,1,1,1.9040014649363002e-06,1,1,0,0
289,5,5,5,1.9197509768531518e-06,5,5,0,0
290,8,8,8,4.770944824983303e-06,8,8,0,0
291,2,2,2,1.9475463872709042e-06,2,2,0,0
292,9,9,9,2.8572216788091964e-06,9,9,0,0
293,2,2,2,2.861843261925401e-06,2,2,0,0
294,0,0,0,1.938122558442501e-06,0,0,0,0
295,4,4,4,1.9221923821532982e-06,4,4,0,0
296,0,0,0,1.8974487296929965e-06,0,0,0,0
297,0,0,0,9.902954101193018e-07,0,0,0,0
298,2,2,2,2.874462889934648e-06,2,2,0,0
299,8,8,8,2.857673340628253e-06,8,8,0,0
300,4,4,4,2.3804504394320247e-06,4,4,0,0
301,7,7,7,4.739074707771351e-06,7,7,0,0
302,1,1,1,9.563232419296241e-07,1,1,0,0
303,2,2,2,1.9042553702774967e-06,2,2,0,0
304,4,4,4,1.8678222666324018e-06,4,4,0,0
305,0,0,0,1.9157348631893e-06,0,0,0,0
306,2,2,2,1.9122875976052e-06,2,2,0,0
307,7,7,7,1.8995117194720024e-06,7,7,0,0
308,4,4,4,1.905749511976751e-06,4,4,0,0
309,3,3,3,2.864136963154351e-06,3,3,0,0
310,3,3,3,1.4600968780698054e-06,3,3,0,0
311,0,0,0,1.908469848599381e-06,0,0,0,0
312,0,0,0,2.1469808959562187e-06,0,0,0,0
313,3,3,3,1.9111486819767265e-06,3,3,0,0
314,1,1,1,1.9024536133116499e-06,1,1,0,0
315,9,9,9,1.919653319859549e-06,9,9,0,0
316,6,6,6,1.9058618168088515e-06,6,6,0,0
317,5,5,5,9.652587884545483e-07,5,5,0,0
318,2,2,2,1.9315795896091004e-06,2,2,0,0
319,5,5,5,2.8730102545893033e-06,5,5,0,0
320,9,9,9,1.3709264831129886e-06,9,9,0,0
321,2,2,2,2.3836401368271254e-06,2,2,0,0
322,9,9,9,1.9054565427722991e-06,9,9,0,0
323,3,3,3,2.8905273445900548e-06,3,3,0,0
324,0,0,0,1.435083007983451e-06,0,0,0,0
325,4,4,4,1.9047753907486253e-06,4,4,0,0
326,2,2,2,1.9121911618569243e-06,2,2,0,0
327,0,0,0,1.9114318847712752e-06,0,0,0,0
328,7,7,7,1.8576538085568473e-06,7,7,0,0
329,1,1,1,1.4350537105300987e-06,1,1,0,0
330,1,1,1,1.9107836912723997e-06,1,1,0,0
331,2,2,2,1.8755859372276973e-06,2,2,0,0
332,1,1,1,1.9031652831458246e-06,1,1,0,0
333,5,5,5,1.878369140229097e-06,5,5,0,0
334,3,3,3,1.9285156245274493e-06,3,3,0,0
335,3,3,3,2.3827606201454188e-06,3,3,0,0
336,9,9,9,1.953857422520855e-06,9,9,0,0
337,7,7,7,1.943310547147803e-06,7,7,0,0
338,8,8,8,2.030555114718169e-06,8,8,0,0
339,6,6,6,1.9100860595422375e-06,6,6,0,0
340,5,5,5,2.3877154542439882e-06,5,5,0,0
341,6,6,6,5.983526611963441e-07,6,6,0,0
342,1,1,1,5.062109832976169e-07,1,1,0,0
343,3,3,3,1.9033007809809988e-06,3,3,0,0
344,8,8,8,2.8593310545943496e-06,8,8,0,0
345,1,1,1,2.379208984493175e-06,1,1,0,0
346,0,0,0,2.8655615231798492e-06,0,0,0,0
347,5,5,5,4.414530029306363e-06,5,5,0,0
348,1,1,1,3.814493408249575e-06,1,1,0,0
349,3,3,3,2.1503979490411496e-06,3,3,0,0
350,1,1,1,2.8458618164250993e-06,1,1,0,0
351,5,5,5,1.945898436161997e-06,5,5,0,0
352,5,5,5,2.6206262209171882e-06,5,5,0,0
353,6,6,6,1.9209472661430027e-06,6,6,0,0
354,1,1,1,3.8163452149575505e-06,1,1,0,0
355,8,8,8,2.8622290040303255e-06,8,8,0,0
356,5,5,5,2.830175780843547e-06,5,5,0,0
357,1,1,1,9.517132566472242e-07,1,1,0,0
358,7,7,7,1.9444580079408524e-06,7,7,0,0
359,9,9,9,2.8368530280431514e-06,9,9,0,0
360,4,4,4,1.9491943366034548e-06,4,4,0,0
361,6,6,6,2.884680176507004e-06,6,6,0,0
362,2,2,2,1.0026855470357532e-06,2,2,0,0
363,2,2,2,1.4318823238212985e-06,2,2,0,0
364,5,5,5,1.9113110347745987e-06,5,5,0,0
365,0,0,0,2.8617700191801987e-06,0,0,0,0
366,6,6,6,1.4306750486525743e-06,6,6,0,0
367,5,5,5,1.9050744626269989e-06,5,5,0,0
368,6,6,6,9.75402832281702e-07,6,6,0,0
369,3,3,3,1.4333764646323743e-06,3,3,0,0
370,7,7,7,1.885595704465004e-06,7,7,0,0
371,2,2,2,2.8657690425148985e-06,2,2,0,0
372,0,0,0,1.943041992191752e-06,0,0,0,0
373,8,8,8,3.8191601561266e-06,8,8,0,0
374,8,8,8,2.8577734374479746e-06,8,8,0,0
375,5,5,5,1.909572754144051e-06,5,5,0,0
376,4,4,4,2.883288575006304e-06,4,4,0,0
377,1,1,1,9.573132322415745e-07,1,1,0,0
378,1,1,1,1.9039050291880244e-06,1,1,0,0
379,4,4,4,1.071084594794769e-06,4,4,0,0
380,0,0,0,1.6712860109180383e-06,0,0,0,0
381,3,3,3,3.827380371745903e-06,3,3,0,0
382,3,3,3,3.852661134118307e-06,3,3,0,0
383,7,7,7,5.675585939002303e-06,7,7,0,0
384,6,6,6,1.9113647464763517e-06,6,6,0,0
385,1,1,1,9.557080078437252e-07,1,1,0,0
386,6,6,6,1.9071069337073254e-06,6,6,0,0
387,2,2,2,1.9132568365165525e-06,2,2,0,0
388,1,1,1,9.519543455738244e-07,1,1,0,0
389,9,9,9,2.8694824223407522e-06,9,9,0,0
390,2,2,2,2.8777099601029477e-06,2,2,0,0
391,8,8,8,1.5529702759309316e-06,8,8,0,0
392,6,6,6,1.189638061616094e-06,6,6,0,0
393,1,1,1,9.583416749059381e-07,1,1,0,0
394,9,9,9,9.831054690323526e-07,9,9,0,0
395,5,5,5,2.621336669950125e-06,5,5,0,0
396,2,2,2,9.954833988246037e-07,2,2,0,0
397,5,5,5,2.384972534130725e-06,5,5,0,0
398,4,4,4,2.82283935604255e-06,4,4,0,0
399,4,4,4,1.1959692383101128e-06,4,4,0,0
400,2,2,2,1.9065039058574484e-06,2,2,0,0
401,8,8,8,1.6670745850433377e-06,8,8,0,0
402,3,3,3,2.8410156254210506e-06,3,3,0,0
403,8,8,8,1.9086352542885265e-06,8,8,0,0
404,2,2,2,1.9114013674048635e-06,2,2,0,0
405,4,4,4,1.9034777833937255e-06,4,4,0,0
406,5,5,5,2.8585815421422467e-06,5,5,0,0
407,0,0,0,1.9100122070625503e-06,0,0,0,0
408,3,3,3,2.8633666993016504e-06,3,3,0,0
409,1,1,1,2.145692443944469e-06,1,1,0,0
410,7,7,7,9.552136228663244e-07,7,7,0,0
411,7,7,7,1.9048608397298494e-06,7,7,0,0
412,5,3,3,1.8804199211075456e-06,3,3,0,0
413,7,7,7,2.381151123387326e-06,7,7,0,0
414,9,9,9,8.342206421207976e-07,9,9,0,0
415,7,7,7,1.900061034731948e-06,7,7,0,0
416,1,1,1,1.9100415040718133e-06,1,1,0,0
417,9,9,9,2.3848059083064754e-06,9,9,0,0
418,2,2,2,3.8096313481617017e-06,2,2,0,0
419,1,1,1,9.498815920494508e-07,1,1,0,0
420,4,4,4,9.552038573445998e-07,4,4,0,0
421,2,2,2,1.0129540710668294e-06,2,2,0,0
422,9,9,9,1.950463866862151e-06,9,9,0,0
423,2,2,2,2.8871948245523527e-06,2,2,0,0
424,0,0,0,1.8849975589319001e-06,0,0,0,0
425,4,4,4,1.908581543474952e-06,4,4,0,0
426,9,9,9,1.4298388668620987e-06,9,9,0,0
427,1,1,1,1.4319116212746508e-06,1,1,0,0
428,4,4,4,1.431966552445374e-06,4,4,0,0
429,8,8,8,1.9066772463105508e-06,8,8,0,0
430,1,1,1,1.6643170166474874e-06,1,1,0,0
431,8,8,8,9.548703003847692e-07,8,8,0,0
432,4,4,4,2.3855004886996767e-06,4,4,0,0
433,5,5,5,1.948510742977305e-06,5,5,0,0
434,9,9,9,3.3343591310242005e-06,9,9,0,0
435,8,8,8,1.9199340819398003e-06,8,8,0,0
436,8,8,8,2.3543803566034027e-06,8,8,0,0
437,3,3,3,3.791040038336746e-06,3,3,0,0
438,7,7,7,1.9061999507741234e-06,7,7,0,0
439,6,6,6,1.4324853516711755e-06,6,6,0,0
440,0,0,0,1.1930487060496375e-06,0,0,0,0
441,0,0,0,1.8481832733119319e-06,0,0,0,0
442,3,3,3,1.434669189670501e-06,3,3,0,0
443,0,0,0,9.530407716340505e-07,0,0,0,0
444,2,2,2,1.4344128418386504e-06,2,2,0,0
445,6,0,0,1.9036450193965493e-06,0,0,0,0
446,6,6,6,1.910473633515153e-06,6,6,0,0
447,4,4,4,3.818177490622077e-06,4,4,0,0
448,9,9,9,2.387254638414049e-06,9,9,0,0
449,3,3,3,9.824951163750484e-07,3,3,0,0
450,3,3,3,2.865417480180099e-06,3,3,0,0
451,3,3,3,3.775146485196501e-06,3,3,0,0
452,2,2,2,1.4345849610464256e-06,2,2,0,0
453,3,3,3,1.9070776371421516e-06,3,3,0,0
454,9,9,9,2.2651535034334813e-06,9,9,0,0
455,1,1,1,2.3880187987046497e-06,1,1,0,0
456,2,2,2,1.9071142585147527e-06,2,2,0,0
457,6,6,6,2.8597753907178003e-06,6,6,0,0
458,8,8,8,2.859002685262624e-06,8,8,0,0
459,0,0,0,1.903981933892851e-06,0,0,0,0
460,5,5,5,1.9067163083974492e-06,5,5,0,0
461,6,6,6,1.426657714631574e-06,6,6,0,0
462,6,6,6,3.3397949215085987e-06,6,6,0,0
463,6,6,6,3.833813476461501e-06,6,6,0,0
464,3,3,3,1.3157095337668068e-06,3,3,0,0
465,8,8,8,2.8650488284043263e-06,8,8,0,0
466,8,8,8,1.9044592285411e-06,8,8,0,0
467,2,2,2,3.81259765624975e-06,2,2,0,0
468,7,7,7,1.4323852539632753e-06,7,7,0,0
469,5,5,5,2.8970947258954993e-06,5,5,0,0
470,8,8,8,2.3844653318505493e-06,8,8,0,0
471,9,9,9,1.911876220894726e-06,9,9,0,0
472,6,6,6,2.388989257973151e-06,6,6,0,0
473,1,1,1,9.528442381778746e-07,1,1,0,0
474,8,8,8,2.739444580068806e-06,8,8,0,0
475,4,4,4,3.814123534340297e-06,4,4,0,0
476,1,1,1,2.8597216790160473e-06,1,1,0,0
477,2,2,2,9.938598637404539e-07,2,2,0,0
478,5,5,5,1.4311682132728265e-06,5,5,0,0
479,9,9,9,1.792530212485488e-06,9,9,0,0
480,1,1,1,9.541186525297007e-07,1,1,0,0
481,9,9,9,1.1894592284455996e-06,9,9,0,0
482,7,7,7,1.9008056639790993e-06,7,7,0,0
483,5,5,5,9.580737305725506e-07,5,5,0,0
484,4,4,4,9.557421876138505e-07,4,4,0,0
485,0,0,0,2.0280142212225627e-06,0,0,0,0
486,8,8,8,3.827233886255499e-06,8,8,0,0
487,9,9,9,1.907409668433502e-06,9,9,0,0
488,9,9,9,9.508062746022006e-07,9,9,0,0
489,1,1,1,1.9092639158557745e-06,1,1,0,0
490,0,4,4,1.4323181152242626e-06,4,4,0,0
491,5,5,5,1.878369140229097e-06,5,5,0,0
492,2,2,2,3.807312012327202e-06,2,2,0,0
493,3,3,3,2.023244018545256e-06,3,3,0,0
494,7,7,7,1.9088378904186243e-06,7,7,0,0
495,8,0,0,2.8451293943021483e-06,0,0,0,0
496,9,9,9,1.9112719726877003e-06,9,9,0,0
497,4,4,4,1.911577148128174e-06,4,4,0,0
498,0,0,0,1.9057397455668479e-06,0,0,0,0
499,6,6,6,1.4341381833204991e-06,6,6,0,0
500,3,3,3,1.932739259302707e-06,3,3,0,0
501,9,9,9,1.942541503652251e-06,9,9,0,0
502,5,5,5,1.9096923828954004e-06,5,5,0,0
503,2,2,2,7.678222655016498e-06,2,2,0,0
504,1,1,1,1.435437011920726e-06,1,1,0,0
505,3,3,3,2.8154174795957942e-06,3,3,0,0
506,1,1,1,9.917114258684023e-07,1,1,0,0
507,3,3,3,2.2652749633866875e-06,3,3,0,0
508,6,6,6,2.382642822595926e-06,6,6,0,0
509,5,5,5,1.9078112796222513e-06,5,5,0,0
510,7,7,7,1.911752930183752e-06,7,7,0,0
511,4,4,4,2.864016114045853e-06,4,4,0,0
512,2,2,2,1.4352062986944247e-06,2,2,0,0
513,2,2,2,1.9157470703135004e-06,2,2,0,0
514,6,6,6,1.9463500979810533e-06,6,6,0,0
515,3,3,3,1.934106446555006e-06,3,3,0,0
516,2,2,2,1.93925781211135e-06,2,2,0,0
517,6,6,6,2.862023926297752e-06,6,6,0,0
518,5,5,5,1.9067358394408984e-06,5,5,0,0
519,4,4,4,2.8621093743907977e-06,4,4,0,0
520,8,8,8,1.944140624488e-06,8,8,0,0
521,9,9,9,1.9548095711030555e-06,9,9,0,0
522,7,7,7,1.4265588381690009e-06,7,7,0,0
523,1,1,1,1.905118408362938e-06,1,1,0,0
524,3,3,3,2.8281127928408978e-06,3,3,0,0
525,0,0,0,1.4354333499611016e-06,0,0,0,0
526,3,3,3,5.711303710853599e-06,3,3,0,0
527,8,8,8,2.861689452959837e-06,8,8,0,0
528,3,3,3,2.8548461905586464e-06,3,3,0,0
529,1,1,1,2.47351814269825e-06,1,1,0,0
530,9,9,9,3.8169433587142976e-06,9,9,0,0
531,3,3,3,9.522814945484015e-07,3,3,0,0
532,4,4,4,1.4317529295482245e-06,4,4,0,0
533,4,4,4,2.3803002928701744e-06,4,4,0,0
534,6,6,6,1.942480468031249e-06,6,6,0,0
535,4,4,4,2.3826629638179497e-06,4,4,0,0
536,2,2,2,2.5079895018542686e-06,2,2,0,0
537,1,1,1,1.9097485353114507e-06,1,1,0,0
538,8,8,8,1.9058422848772238e-06,8,8,0,0
539,2,2,2,3.8586303716670045e-06,2,2,0,0
540,5,5,5,1.9072558590238486e-06,5,5,0,0
541,4,4,4,1.9122204593102765e-06,4,4,0,0
542,8,8,8,9.552307131954763e-07,8,8,0,0
543,8,8,8,2.86112304692665e-06,8,8,0,0
544,4,4,4,2.864353026765798e-06,4,4,0,0
545,0,0,0,1.4264025880450504e-06,0,0,0,0
546,0,0,0,2.8632519537552525e-06,0,0,0,0
547,2,2,2,2.8444946291728e-06,2,2,0,0
548,3,3,3,1.9042968766314061e-06,3,3,0,0
549,2,2,2,4.768000488653001e-06,2,2,0,0
550,7,7,7,1.9051629638333623e-06,7,7,0,0
551,7,7,7,1.425666503962475e-06,7,7,0,0
552,0,0,0,1.9072534183095513e-06,0,0,0,0
553,8,8,8,2.8606079105486515e-06,8,8,0,0
554,7,7,7,1.8765014644372968e-06,7,7,0,0
555,4,4,4,9.574975585735501e-07,4,4,0,0
556,4,4,4,3.843176269668902e-06,4,4,0,0
557,7,7,7,3.825463867457302e-06,7,7,0,0
558,9,9,9,2.8966308587285994e-06,9,9,0,0
559,6,6,6,1.070805969227706e-06,6,6,0,0
560,9,9,9,1.195229492267913e-06,9,9,0,0
561,0,0,0,1.905695800274998e-06,0,0,0,0
562,9,9,9,1.9029565425654482e-06,9,9,0,0
563,8,8,8,1.9031140139347258e-06,8,8,0,0
564,0,0,0,1.911367187190649e-06,0,0,0,0
565,4,4,4,1.430135498026175e-06,4,4,0,0
566,6,6,6,9.574291990332995e-07,6,6,0,0
567,0,0,0,1.3097238158454871e-06,0,0,0,0
568,6,6,6,9.772705080735022e-07,6,6,0,0
569,3,3,3,1.9100146477768476e-06,3,3,0,0
570,5,5,5,2.8162597658365485e-06,5,5,0,0
571,4,4,4,1.9264404294006e-06,4,4,0,0
572,8,8,8,2.3881884763099492e-06,8,8,0,0
573,3,3,3,2.8932373048462523e-06,3,3,0,0
574,3,3,3,1.9040942387249515e-06,3,3,0,0
575,9,9,9,3.813652343254148e-06,9,9,0,0
576,3,3,3,2.985071105854331e-06,3,3,0,0
577,3,3,3,2.3821484376185253e-06,3,3,0,0
578,3,3,3,1.1899316405550309e-06,3,3,0,0
579,7,7,7,2.8987060538554488e-06,7,7,0,0
580,8,8,8,2.8125976569981503e-06,8,8,0,0
581,0,0,0,1.938159179815102e-06,0,0,0,0
582,8,2,2,2.8594921879232515e-06,2,2,0,0
583,2,2,2,1.9092626946104474e-06,2,2,0,0
584,1,1,1,2.8561901856960503e-06,1,1,0,0
585,7,7,7,3.812751465659403e-06,7,7,0,0
586,0,0,0,1.427338867099337e-06,0,0,0,0
587,6,6,6,1.9566284183980542e-06,6,6,0,0
588,5,5,5,2.9005249029268043e-06,5,5,0,0
589,4,4,4,1.9561279298585532e-06,4,4,0,0
590,3,3,3,2.1472149658308126e-06,3,3,0,0
591,8,8,8,1.9032958977760472e-06,8,8,0,0
592,0,0,0,1.2514169921429286e-06,0,0,0,0
593,9,9,9,2.8878906253027026e-06,9,9,0,0
594,6,6,6,1.8860961912281482e-06,6,6,0,0
595,3,3,3,1.9406005868916054e-06,3,3,0,0
596,8,8,8,2.882519531510752e-06,8,8,0,0
597,0,0,0,2.3872082519638127e-06,0,0,0,0
598,9,9,9,1.9065014651431511e-06,9,9,0,0
599,9,9,9,1.9380126961010546e-06,9,9,0,0
600,6,6,6,1.9290283201911507e-06,6,6,0,0
601,8,8,8,1.430123901524638e-06,8,8,0,0
602,6,6,6,2.856281739127553e-06,6,6,0,0
603,8,8,8,9.98254394701803e-07,8,8,0,0
604,5,5,5,1.9057128906041498e-06,5,5,0,0
605,7,7,7,1.8685058584821945e-06,7,7,0,0
606,8,8,8,2.9037841802193043e-06,8,8,0,0
607,6,6,6,3.815671385964947e-06,6,6,0,0
608,0,0,0,1.873645018690695e-06,0,0,0,0
609,2,2,2,2.8957641600158013e-06,2,2,0,0
610,4,4,4,1.9460083002798e-06,4,4,0,0
611,0,0,0,1.911062010861997e-06,0,0,0,0
612,2,2,2,1.9222778320227007e-06,2,2,0,0
613,2,8,8,9.579113768865e-07,8,8,0,0
614,3,3,3,1.671215209775312e-06,3,3,0,0
615,1,1,1,2.8830932610190985e-06,1,1,0,0
616,9,9,9,1.8880981453861523e-06,9,9,0,0
617,7,7,7,9.848999020789506e-07,7,7,0,0
618,5,5,5,1.908662110139403e-06,5,5,0,0
619,1,1,1,1.9106640625210503e-06,1,1,0,0
620,0,0,0,1.864562987563545e-06,0,0,0,0
621,8,8,8,1.9390136714037e-06,8,8,0,0
622,4,4,4,1.908012084772537e-06,4,4,0,0
623,6,6,6,2.625067138772863e-06,6,6,0,0
624,2,2,2,1.945275878156849e-06,2,2,0,0
625,6,6,6,2.8607592774676505e-06,6,6,0,0
626,7,7,7,3.7848876957014e-06,7,7,0,0
627,9,9,9,1.903696288607648e-06,9,9,0,0
628,3,3,3,1.9474609374015017e-06,3,3,0,0
629,2,2,2,1.433995361566076e-06,2,2,0,0
630,9,9,9,2.856186523736426e-06,9,9,0,0
631,8,8,8,1.9050170898538e-06,8,8,0,0
632,2,2,2,2.8653027346337012e-06,2,2,0,0
633,2,2,2,2.812646483718595e-06,2,2,0,0
634,9,9,9,2.9104736327667524e-06,9,9,0,0
635,2,2,2,2.8894897461384517e-06,2,2,0,0
636,7,7,7,9.55004882285948e-07,7,7,0,0
637,3,3,3,2.380808105550969e-06,3,3,0,0
638,5,5,5,1.9087988274435475e-06,5,5,0,0
639,9,9,9,1.906572265397699e-06,9,9,0,0
640,1,1,1,2.862629393973748e-06,1,1,0,0
641,8,8,8,1.9305908196542987e-06,8,8,0,0
642,0,0,0,4.730224610227651e-06,0,0,0,0
643,2,2,2,2.849072265220798e-06,2,2,0,0
644,0,0,0,1.9050866697511992e-06,0,0,0,0
645,5,5,5,1.9554443362324037e-06,5,5,0,0
646,2,2,2,9.625854495709518e-07,2,2,0,0
647,1,1,1,1.221422203073752e-06,1,1,0,0
648,3,3,3,1.8654541023011006e-06,3,3,0,0
649,7,7,7,1.863964843806798e-06,7,7,0,0
650,6,6,6,1.1941955566641127e-06,6,6,0,0
651,7,7,7,2.857291259594774e-06,7,7,0,0
652,1,1,1,2.383780517867251e-06,1,1,0,0
653,2,2,2,1.8638061529685501e-06,2,2,0,0
654,5,5,5,2.3887499995822736e-06,5,5,0,0
655,8,8,8,4.805737304991453e-06,8,8,0,0
656,0,0,0,2.8643884277812504e-06,0,0,0,0
657,3,3,3,1.942480469807606e-06,3,3,0,0
658,7,7,7,2.387083740451601e-06,7,7,0,0
659,2,7,7,1.9219726556940486e-06,7,7,0,0
660,4,4,4,1.9490112297404494e-06,4,4,0,0
661,0,0,0,1.9105010986564253e-06,0,0,0,0
662,9,9,9,2.0079398521388736e-06,9,9,0,0
663,1,1,1,1.9037011718125996e-06,1,1,0,0
664,8,8,8,1.8908203127665502e-06,8,8,0,0
665,6,6,6,1.877905273062197e-06,6,6,0,0
666,7,7,7,9.530505371557751e-07,7,7,0,0
667,7,7,7,1.910510253111397e-06,7,7,0,0
668,4,4,4,1.9055786140143027e-06,4,4,0,0
669,3,3,3,1.932666014781148e-06,3,3,0,0
670,4,4,4,2.853674317293553e-06,4,4,0,0
671,9,9,9,1.9125610357662026e-06,9,9,0,0
672,1,1,1,1.4334069824428752e-06,1,1,0,0
673,9,9,9,3.0981658936113377e-06,9,9,0,0
674,5,3,3,1.9279663092675037e-06,3,3,0,0
675,1,1,1,1.9092431644551766e-06,1,1,0,0
676,7,7,7,2.4434718627897034e-06,7,7,0,0
677,3,3,3,4.735205077821547e-06,3,3,0,0
678,9,9,9,1.9117669678436755e-06,9,9,0,0
679,7,7,7,9.53869628617099e-07,7,7,0,0
680,6,6,6,1.1910485839816687e-06,6,6,0,0
681,9,9,9,1.9271606443993505e-06,9,9,0,0
682,1,1,1,9.559460449892754e-07,1,1,0,0
683,3,3,3,2.2671099852988874e-06,3,3,0,0
684,7,3,3,2.387346191845552e-06,3,3,0,0
685,8,8,8,9.571801751206976e-07,8,8,0,0
686,3,3,3,1.8944580073565476e-06,3,3,0,0
687,3,3,3,1.945336913777851e-06,3,3,0,0
688,6,6,6,2.8447143556320498e-06,6,6,0,0
689,7,7,7,1.068779907242856e-06,7,7,0,0
690,2,2,2,9.696166998196531e-07,2,2,0,0
691,8,8,8,1.1926132201800499e-06,8,8,0,0
692,5,5,5,1.4322180179604516e-06,5,5,0,0
693,8,8,8,1.911047363023499e-06,8,8,0,0
694,5,5,5,1.943811035687304e-06,5,5,0,0
695,1,1,1,1.9084252933510015e-06,1,1,0,0
696,1,1,1,1.6715802000355495e-06,1,1,0,0
697,4,4,4,1.8681396483088974e-06,4,4,0,0
698,4,4,4,1.9501831047818996e-06,4,4,0,0
699,3,3,3,1.944274902854204e-06,3,3,0,0
700,1,1,1,9.575610349088493e-07,1,1,0,0
701,0,0,0,1.9068432610680475e-06,0,0,0,0
702,7,7,7,1.9036889646883992e-06,7,7,0,0
703,7,7,7,1.9105590816081985e-06,7,7,0,0
704,0,0,0,1.9064965819381996e-06,0,0,0,0
705,7,7,7,1.1950451659359373e-06,7,7,0,0
706,9,9,9,1.5543499756187629e-06,9,9,0,0
707,4,4,4,2.3877685544348992e-06,4,4,0,0
708,4,4,4,1.4318484498065942e-06,4,4,0,0
709,8,8,8,1.9215332027755494e-06,8,8,0,0
710,5,5,5,2.8958984383820052e-06,5,5,0,0
711,5,5,5,1.9030932616459495e-06,5,5,0,0
712,4,4,4,2.3825720214532e-06,4,4,0,0
713,0,0,0,1.9091284180206003e-06,0,0,0,0
714,8,8,8,9.943115237831535e-07,8,8,0,0
715,2,2,2,1.9315917967333007e-06,2,2,0,0
716,1,1,1,2.8564208989223516e-06,1,1,0,0
717,0,0,0,2.888830566760703e-06,0,0,0,0
718,8,8,8,1.918859863891953e-06,8,8,0,0
719,4,4,4,1.911368408435976e-06,4,4,0,0
720,5,8,8,1.4305322268981513e-06,8,8,0,0
721,0,0,0,1.3707747497093692e-06,0,0,0,0
722,4,4,4,1.9117642211519126e-06,4,4,0,0
723,0,0,0,7.112432860445494e-07,0,0,0,0
724,6,6,6,9.503637699026513e-07,6,6,0,0
725,1,1,1,1.9076635737746983e-06,1,1,0,0
726,7,7,7,1.9112841798119007e-06,7,7,0,0
727,3,3,3,1.7879880676030524e-06,3,3,0,0
728,2,2,2,1.9085705567079003e-06,2,2,0,0
729,6,6,6,2.857536010925088e-06,6,6,0,0
730,7,7,7,3.334747314731601e-06,7,7,0,0
731,2,2,2,1.944580077406499e-06,2,2,0,0
732,6,6,6,1.9393798833533538e-06,6,6,0,0
733,9,9,9,2.8800292977138042e-06,9,9,0,0
734,3,3,3,1.4281835936102993e-06,3,3,0,0
735,1,1,1,1.4314001464121873e-06,1,1,0,0
736,4,4,4,9.582055664481004e-07,4,4,0,0
737,6,6,6,1.8914916992684994e-06,6,6,0,0
738,2,2,2,3.856445314198709e-06,2,2,0,0
739,5,5,5,2.145471725445436e-06,5,5,0,0
740,4,4,4,2.8192504881729974e-06,9,9,0,0
741,2,2,2,1.9334716796493012e-06,2,2,0,0
742,0,0,0,1.0027709969051557e-06,0,0,0,0
743,6,6,6,2.8635449211833475e-06,6,6,0,0
744,2,2,2,1.5499724273504434e-06,2,2,0,0
745,1,1,1,9.65917969608654e-07,1,1,0,0
746,7,7,7,9.519421384496241e-07,7,7,0,0
747,3,3,3,1.9110314939396744e-06,3,3,0,0
748,4,4,4,1.9050067137094118e-06,4,4,0,0
749,1,1,1,1.6643554685558115e-06,1,1,0,0
750,0,0,0,9.585217286556258e-07,0,0,0,0
751,5,5,5,1.9421630845783966e-06,5,5,0,0
752,4,4,4,3.7882202139627452e-06,4,4,0,0
753,3,3,3,3.8598876948015e-06,3,3,0,0
754,1,1,1,1.0775875853852313e-06,1,1,0,0
755,1,1,1,9.583520501621479e-07,1,1,0,0
756,7,7,7,1.9153076173950012e-06,7,7,0,0
757,4,4,4,1.9062255844914944e-06,4,4,0,0
758,9,9,9,2.8604895021544507e-06,9,9,0,0
759,9,9,9,4.765332031198e-06,9,9,0,0
760,4,4,4,1.6663311768194689e-06,4,4,0,0
761,8,8,8,2.3809741209745994e-06,8,8,0,0
762,4,4,4,2.8595825192212487e-06,4,4,0,0
763,0,0,0,1.904821777642951e-06,0,0,0,0
764,2,2,2,1.6714941404316619e-06,2,2,0,0
765,4,4,4,1.8975585938107997e-06,4,4,0,0
766,5,5,5,2.9059692376876e-06,5,5,0,0
767,1,1,1,2.3839746097209513e-06,1,1,0,0
768,1,1,1,3.810808105519925e-06,1,1,0,0
769,6,6,6,1.4329968260895498e-06,6,6,0,0
770,4,4,4,3.797631837443305e-06,4,4,0,0
771,7,7,7,1.1874267578093622e-06,7,7,0,0
772,1,1,1,1.9051684567727989e-06,1,1,0,0
773,9,9,9,1.8765014644372968e-06,9,9,0,0
774,4,4,4,1.1964968871236437e-06,4,4,0,0
775,2,2,2,1.8598632820499006e-06,2,2,0,0
776,4,4,4,2.9066772455621503e-06,4,4,0,0
777,1,1,1,1.7876679992978595e-06,1,1,0,0
778,5,5,5,2.814648437876599e-06,5,5,0,0
779,5,5,5,1.9037133789368e-06,5,5,0,0
780,3,3,3,1.9064697269755015e-06,3,3,0,0
781,8,8,8,8.349874878188501e-07,8,8,0,0
782,3,3,3,3.2780317230085565e-06,3,3,0,0
783,1,1,1,9.571289059095989e-07,1,1,0,0
784,4,4,4,3.816219482644101e-06,4,4,0,0
785,5,5,5,3.8071533197125973e-06,5,5,0,0
786,6,6,6,1.4340893557118761e-06,6,6,0,0
787,8,8,8,1.9382690421565485e-06,8,8,0,0
788,9,9,9,1.9040380863089013e-06,9,9,0,0
789,4,4,4,1.193370971819263e-06,4,4,0,0
790,1,1,1,2.3855383304294264e-06,1,1,0,0
791,5,5,5,1.944409179444051e-06,5,5,0,0
792,3,3,3,3.8137402347260263e-06,3,3,0,0
793,8,8,8,2.387387695534926e-06,8,8,0,0
794,0,0,0,1.9115789795520755e-06,0,0,0,0
795,3,3,3,1.1933868409030879e-06,3,3,0,0
796,2,2,2,1.9456298829823027e-06,2,2,0,0
797,5,5,5,1.1892504883093125e-06,5,5,0,0
798,1,1,1,2.0236459350453373e-06,1,1,0,0
799,2,2,2,1.9024340822682007e-06,2,2,0,0
800,8,8,8,2.1504846192677007e-06,8,8,0,0
801,3,3,3,3.8375244137967e-06,3,3,0,0
802,4,4,4,3.0962219237373745e-06,4,4,0,0
803,4,4,4,1.9102026360684476e-06,4,4,0,0
804,0,0,0,2.380128173662399e-06,0,0,0,0
805,8,8,8,2.8431518561689018e-06,8,8,0,0
806,8,8,8,1.880468751380704e-06,8,8,0,0
807,3,3,3,2.2628344726882688e-06,3,3,0,0
808,3,3,3,1.903588866980499e-06,3,3,0,0
809,1,1,1,9.544348147372261e-07,1,1,0,0
810,7,7,7,1.9101782227082253e-06,7,7,0,0
811,3,3,3,1.9173095697766485e-06,3,3,0,0
812,5,5,5,1.896533202483397e-06,5,5,0,0
813,9,9,9,1.4288610836743487e-06,9,9,0,0
814,6,6,6,1.9536376960616053e-06,6,6,0,0
815,3,3,3,2.848718262171701e-06,3,3,0,0
816,2,2,2,1.9122943113458746e-06,2,2,0,0
817,6,6,6,3.815870361023599e-06,6,6,0,0
818,1,1,1,1.0705264281707372e-06,1,1,0,0
819,3,3,3,1.905588378647849e-06,3,3,0,0
820,6,6,6,2.87499999984675e-06,6,6,0,0
821,0,0,0,9.686401369890518e-07,0,0,0,0
822,7,7,7,2.8718872062682976e-06,7,7,0,0
823,2,2,2,2.864916991640598e-06,2,2,0,0
824,1,1,1,1.4353747559425756e-06,1,1,0,0
825,7,7,7,1.9053454591855257e-06,7,7,0,0
826,1,1,1,3.8146069334388244e-06,1,1,0,0
827,4,4,4,1.7837802124276436e-06,4,4,0,0
828,2,2,2,2.8960815434686538e-06,2,2,0,0
829,4,4,4,1.9099780281806034e-06,4,4,0,0
830,2,2,2,1.9043652343953e-06,2,2,0,0
831,1,1,1,9.570776366985e-07,1,1,0,0
832,7,7,7,2.5257149124102707e-06,7,7,0,0
833,9,9,9,9.813354484577985e-07,9,9,0,0
834,6,6,6,2.8576000978830507e-06,6,6,0,0
835,1,1,1,1.911909179419524e-06,1,1,0,0
836,1,1,1,1.91177368158435e-06,1,1,0,0
837,2,2,2,2.0217864991067813e-06,2,2,0,0
838,4,4,4,1.911812744559427e-06,4,4,0,0
839,8,8,8,2.8587316895922754e-06,8,8,0,0
840,1,1,1,1.9081738287241023e-06,1,1,0,0
841,7,7,7,1.910058593956876e-06,7,7,0,0
842,7,7,7,1.8726440433880498e-06,7,7,0,0
843,4,4,4,1.9050292969780003e-06,4,4,0,0
844,8,8,8,9.56665038742699e-07,8,8,0,0
845,0,0,0,1.9067211916024007e-06,0,0,0,0
846,7,7,7,2.2650430298032376e-06,7,7,0,0
847,3,3,3,2.384417724599075e-06,3,3,0,0
848,1,1,1,1.910961914042275e-06,1,1,0,0
849,3,3,3,2.8849487296866982e-06,3,3,0,0
850,1,1,1,9.839559020896615e-07,1,1,0,0
851,0,0,0,2.0857756652947756e-06,0,0,0,0
852,7,7,7,1.4281311035979627e-06,7,7,0,0
853,7,7,7,2.860407715132851e-06,7,7,0,0
854,0,0,0,1.9100952144412986e-06,0,0,0,0
855,3,3,3,3.840393066667502e-06,3,3,0,0
856,5,5,5,1.4347717280926986e-06,5,5,0,0
857,5,5,5,1.1918115232489868e-06,5,5,0,0
858,2,2,2,1.8685180656063949e-06,2,2,0,0
859,7,7,7,1.6670184326272874e-06,7,7,0,0
860,6,6,6,2.8683959953923477e-06,6,6,0,0
861,6,6,6,1.907978515625075e-06,6,6,0,0
862,9,9,9,2.1460911254767012e-06,9,9,0,0
863,2,2,2,3.8107177733337494e-06,2,2,0,0
864,8,8,8,1.9096899412929247e-06,8,8,0,0
865,3,3,3,2.6226751708158247e-06,3,3,0,0
866,5,5,5,1.4306042483980264e-06,5,5,0,0
867,2,2,2,1.9051623532106987e-06,2,2,0,0
868,2,2,2,1.907978515625075e-06,2,2,0,0
869,5,5,5,3.810847168495002e-06,5,5,0,0
870,6,6,6,1.0727066345195269e-06,6,6,0,0
871,0,0,0,2.888403320966404e-06,0,0,0,0
872,8,8,8,2.813952637126249e-06,8,8,0,0
873,2,2,2,1.6091406860319069e-06,2,2,0,0
874,9,9,9,1.904986572043299e-06,9,9,0,0
875,2,2,2,1.907563476066798e-06,2,2,0,0
876,8,8,8,3.841613770205754e-06,8,8,0,0
877,8,8,8,2.877819824220751e-06,8,8,0,0
878,8,8,8,2.1431066894450623e-06,8,8,0,0
879,8,8,8,1.1945675659763566e-06,8,8,0,0
880,7,7,7,9.54782715112401e-07,7,7,0,0
881,4,4,4,5.681396483936396e-06,4,4,0,0
882,9,9,9,1.9036987310983022e-06,9,9,0,0
883,3,3,3,1.9082885742705002e-06,3,3,0,0
884,0,0,0,1.9107336424184496e-06,0,0,0,0
885,6,6,6,1.8733764655110008e-06,6,6,0,0
886,6,6,6,2.8578588864291987e-06,6,6,0,0
887,3,3,3,2.851745605880751e-06,3,3,0,0
888,2,2,2,2.8900756827709984e-06,2,2,0,0
889,1,1,1,1.433343506107576e-06,1,1,0,0
890,3,3,3,1.8812500002240995e-06,3,3,0,0
891,2,2,2,1.907690430513753e-06,2,2,0,0
892,2,2,2,1.890380858071694e-06,2,2,0,0
893,9,9,9,1.8689453131770506e-06,9,9,0,0
894,3,3,3,5.483485595703108e-06,3,3,0,0
895,0,0,0,1.9024511725973525e-06,0,0,0,0
896,0,0,0,1.9092065430825755e-06,0,0,0,0
897,5,5,5,3.336171874757099e-06,5,5,0,0
898,7,7,7,1.9301757809842e-06,7,7,0,0
899,8,8,8,1.9114013678489528e-06,8,8,0,0
900,1,3,3,2.380399170220926e-06,3,3,0,0
901,4,4,4,2.8358154295915483e-06,4,4,0,0
902,4,4,4,1.435233154101212e-06,4,4,0,0
903,6,6,6,1.1954782104250938e-06,6,6,0,0
904,0,0,0,2.8579443362986012e-06,0,0,0,0
905,2,2,2,4.770400390263774e-06,2,2,0,0
906,9,9,9,1.9154541011090487e-06,9,9,0,0
907,1,1,1,1.4303637696500004e-06,1,1,0,0
908,4,4,4,1.251272582991625e-06,4,4,0,0
909,7,7,7,2.8615722662550525e-06,7,7,0,0
910,4,4,4,2.8303955073027964e-06,4,4,0,0
911,7,7,7,1.8974487296929965e-06,7,7,0,0
912,3,3,3,1.9524780281443554e-06,3,3,0,0
913,9,9,9,3.8335083001328485e-06,9,9,0,0
914,8,8,8,1.5498670654645608e-06,8,8,0,0
915,8,8,8,2.324980743373395e-06,8,8,0,0
916,4,4,4,1.9070349122074504e-06,4,4,0,0
917,7,7,7,9.712890616242476e-07,7,7,0,0
918,1,1,1,9.537512211110766e-07,1,1,0,0
919,2,2,2,2.3886657714022874e-06,2,2,0,0
920,1,1,1,1.430746459973875e-06,1,1,0,0
921,2,2,2,3.8169262701615025e-06,2,2,0,0
922,2,2,2,2.8811645513826534e-06,2,2,0,0
923,3,3,3,1.932739259302707e-06,3,3,0,0
924,2,2,2,1.8958984391304057e-06,2,2,0,0
925,3,3,3,2.388248290685624e-06,3,3,0,0
926,2,2,2,2.865568847099098e-06,2,2,0,0
927,3,3,3,2.887768554060699e-06,3,3,0,0
928,9,9,9,2.145921279894658e-06,9,9,0,0
929,1,1,1,1.9080395503578984e-06,1,1,0,0
930,7,7,7,2.8333618171672015e-06,7,7,0,0
931,4,4,4,2.62070678713755e-06,4,4,0,0
932,0,0,0,2.86474609367815e-06,0,0,0,0
933,3,3,3,1.5203753051529212e-06,3,3,0,0
934,5,5,5,1.9059790030695467e-06,5,5,0,0
935,5,5,5,1.871386718477197e-06,5,5,0,0
936,8,8,8,2.3249693298366125e-06,8,8,0,0
937,6,6,6,1.9170166005721967e-06,6,6,0,0
938,3,3,3,1.9117492673359493e-06,3,3,0,0
939,2,2,2,3.3338879390498732e-06,2,2,0,0
940,6,6,6,1.9049682613569985e-06,6,6,0,0
941,7,7,7,3.81232177737445e-06,7,7,0,0
942,6,6,6,1.9088635250241737e-06,6,6,0,0
943,6,6,6,1.7882440795924381e-06,6,6,0,0
944,3,3,3,1.9152832031466005e-06,3,3,0,0
945,2,2,2,1.9079589854698042e-06,2,2,0,0
946,7,7,7,1.9029931639380493e-06,7,7,0,0
947,8,9,9,2.839062499759848e-06,9,9,0,0
948,1,1,1,4.796740720180992e-07,1,1,0,0
949,1,1,1,9.557299804896502e-07,1,1,0,0
950,7,7,7,2.1494952391343247e-06,7,7,0,0
951,5,5,5,1.9081909172768974e-06,5,5,0,0
952,6,6,6,2.3794226073903246e-06,6,6,0,0
953,4,4,4,2.9040527351753553e-06,4,4,0,0
954,9,9,9,1.1946994018519064e-06,9,9,0,0
955,5,5,5,3.7998535162842018e-06,5,5,0,0
956,1,1,1,2.8573046879643016e-06,1,1,0,0
957,3,3,3,9.515844734409029e-07,3,3,0,0
958,3,3,3,1.9091235348156488e-06,3,3,0,0
959,4,4,4,9.53901977407412e-07,4,4,0,0
960,7,7,7,1.6733517456124503e-06,7,7,0,0
961,8,8,8,9.571191403878743e-07,8,8,0,0
962,9,9,9,1.9395751955642027e-06,9,9,0,0
963,1,1,1,9.50578002978375e-07,1,1,0,0
964,1,1,1,9.550195310126242e-07,1,1,0,0
965,6,6,6,2.3853564456999266e-06,6,6,0,0
966,9,9,9,1.89174804710035e-06,9,9,0,0
967,1,1,1,1.4334704587781744e-06,1,1,0,0
968,4,4,4,1.9044335939355506e-06,4,4,0,0
969,4,4,4,1.6671362303988246e-06,4,4,0,0
970,5,5,5,1.8917968755971515e-06,5,5,0,0
971,4,4,4,2.6242578123891747e-06,4,4,0,0
972,0,0,0,2.856701661002603e-06,0,0,0,0
973,6,6,6,2.858798827887199e-06,6,6,0,0
974,2,2,2,5.7640136716941015e-06,2,2,0,0
975,2,2,2,1.4323150634432125e-06,2,2,0,0
976,3,3,3,2.8910888669742008e-06,3,3,0,0
977,1,1,1,1.9116308589417486e-06,1,1,0,0
978,5,5,5,3.8512084952202486e-06,5,5,0,0
979,1,1,1,1.432685547086976e-06,1,1,0,0
980,2,2,2,1.9239379884794516e-06,2,2,0,0
981,0,0,0,1.4332653810456009e-06,0,0,0,0
982,3,3,3,2.026400360122249e-06,3,3,0,0
983,8,8,8,1.9039501957252014e-06,8,8,0,0
984,1,1,1,2.3806225586398e-06,1,1,0,0
985,2,2,2,2.830114745222545e-06,2,2,0,0
986,6,6,6,2.3821752925812234e-06,6,6,0,0
987,7,7,7,1.4334838871477018e-06,7,7,0,0
988,1,1,1,1.4340917973143519e-06,1,1,0,0
989,6,6,6,9.976074224482545e-07,6,6,0,0
990,2,2,2,1.9056732178945879e-06,2,2,0,0
991,3,3,3,5.713891599867793e-06,3,3,0,0
992,9,9,9,1.9099584953607973e-06,9,9,0,0
993,0,0,0,1.9060659790515189e-06,0,0,0,0
994,1,1,1,1.9036010741046994e-06,1,1,0,0
995,2,2,2,1.9060766600631496e-06,2,2,0,0
996,2,2,2,2.8291992180129455e-06,2,2,0,0
997,0,0,0,2.834643554550098e-06,0,0,0,0
998,8,8,8,2.38672729491185e-06,8,8,0,0
999,9,9,9,1.665795593241981e-06,9,9,0,0
1000,9,9,9,1.9058642575231488e-06,9,9,0,0
1001,0,0,0,1.9053881832320485e-06,0,0,0,0
1002,2,2,2,1.8762207023570454e-06,2,2,0,0
1003,5,5,5,3.824108887329203e-06,5,5,0,0
1004,1,1,1,1.4329858402106765e-06,1,1,0,0
1005,9,9,9,3.7858154300352e-06,9,9,0,0
1006,7,7,7,1.4284155271937493e-06,7,7,0,0
1007,8,8,8,3.3378869632727515e-06,8,8,0,0
1008,1,1,1,1.9055432129988503e-06,1,1,0,0
1009,0,0,0,1.8995727533166473e-06,0,0,0,0
1010,4,4,4,2.8584350584281992e-06,4,4,0,0
1011,1,1,1,4.805541992780604e-06,1,1,0,0
1012,7,7,7,1.8927246099309514e-06,7,7,0,0
1013,9,9,9,1.4349291994619762e-06,9,9,0,0
1014,6,5,5,9.523620603246741e-07,5,5,0,0
1015,4,4,4,1.4347949219839506e-06,4,4,0,0
1016,2,2,2,2.1443450926028618e-06,2,2,0,0
1017,6,6,6,1.433856200883099e-06,6,6,0,0
1018,8,8,8,1.9104248050183514e-06,8,8,0,0
1019,1,1,1,1.915893554027548e-06,1,1,0,0
1020,3,3,3,1.003442383407105e-06,3,3,0,0
1021,7,7,7,1.4341967773390252e-06,7,7,0,0
1022,5,5,5,3.848486327839851e-06,5,5,0,0
1023,4,4,4,3.825268555246453e-06,4,4,0,0
1024,4,4,4,2.9029907224753515e-06,4,4,0,0
1025,1,1,1,9.520068360302503e-07,1,1,0,0
1026,8,8,8,2.8220458982985974e-06,8,8,0,0
1027,1,1,1,2.1488433836758247e-06,1,1,0,0
1028,3,3,3,2.1421148681532998e-06,3,3,0,0
1029,8,8,8,1.9110119628962252e-06,8,8,0,0
1030,1,1,1,1.4295959473997755e-06,1,1,0,0
1031,2,2,2,1.924609374981401e-06,2,2,0,0
1032,5,5,5,1.4276208499808263e-06,5,5,0,0
1033,8,8,8,1.9091821297223532e-06,8,8,0,0
1034,0,0,0,9.535888674250259e-07,0,0,0,0
1035,6,6,6,1.9356201175213528e-06,6,6,0,0
1036,2,2,2,2.8247436532069514e-06,2,2,0,0
1037,1,1,1,1.4315893555050252e-06,1,1,0,0
1038,1,1,1,1.191919769327754e-06,1,1,0,0
1039,7,3,3,9.506262204084237e-07,3,3,0,0
1040,1,1,1,9.555212399092738e-07,1,1,0,0
1041,5,5,5,1.9360107437194074e-06,5,5,0,0
1042,3,3,3,1.894702148064198e-06,3,3,0,0
1043,4,4,4,2.147695312704201e-06,4,4,0,0
1044,6,6,6,2.8592529304205527e-06,6,6,0,0
1045,9,9,9,2.8599731454193034e-06,9,9,0,0
1046,5,5,5,1.4264013667997233e-06,5,5,0,0
1047,0,0,0,1.9023950192931238e-06,0,0,0,0
1048,9,9,9,2.1491854858002313e-06,9,9,0,0
1049,2,2,2,2.3885766600173497e-06,2,2,0,0
1050,2,2,2,1.1931030274858756e-06,2,2,0,0
1051,4,4,4,3.816633300957051e-06,4,4,0,0
1052,8,8,8,3.793334961699202e-06,8,8,0,0
1053,2,2,2,1.8796875007609515e-06,2,2,0,0
1054,1,1,1,1.9037158196510973e-06,1,1,0,0
1055,7,7,7,1.6699945066811495e-06,7,7,0,0
1056,2,2,2,3.8235473631687e-06,2,2,0,0
1057,4,4,4,2.1445074462889124e-06,4,4,0,0
1058,9,9,9,3.792834473159701e-06,9,9,0,0
1059,4,4,4,2.8615161129508238e-06,4,4,0,0
1060,4,4,4,2.3847460939308007e-06,4,4,0,0
1061,0,0,0,1.9062731935193256e-06,0,0,0,0
1062,3,3,3,1.9534667963228003e-06,3,3,0,0
1063,9,9,9,1.92620849581715e-06,9,9,0,0
1064,2,2,2,1.910202636956626e-06,2,2,0,0
1065,2,2,2,3.860522461707205e-06,2,2,0,0
1066,3,3,3,3.845068359709103e-06,3,3,0,0
1067,3,3,3,1.9081396480657986e-06,3,3,0,0
1068,8,8,8,1.6700457763363374e-06,8,8,0,0
1069,3,3,3,3.8014404282193937e-06,3,3,0,0
1070,5,5,5,1.913342284609598e-06,5,5,0,0
1071,7,7,7,2.387939453285526e-06,7,7,0,0
1072,3,3,3,9.93225096834749e-07,3,3,0,0
1073,5,5,5,2.874926757101548e-06,5,5,0,0
1074,8,8,8,1.936962890525251e-06,8,8,0,0
1075,1,1,1,4.796697998799004e-07,1,1,0,0
1076,2,2,2,1.920019531809203e-06,2,2,0,0
1077,4,4,4,2.8142089849581e-06,4,4,0,0
1078,4,4,4,1.912135009440874e-06,4,4,0,0
1079,6,6,6,1.8961547851858995e-06,6,6,0,0
1080,4,4,4,1.78852777099614e-06,4,4,0,0
1081,9,9,9,2.8653686516832977e-06,9,9,0,0
1082,5,5,5,1.8906005863073005e-06,5,5,0,0
1083,1,1,1,9.570336914066502e-07,1,1,0,0
1084,0,0,0,1.9057604978556242e-06,0,0,0,0
1085,6,6,6,9.631347648308974e-07,6,6,0,0
1086,9,9,9,3.8302124014677474e-06,9,9,0,0
1087,5,5,5,2.387719726826276e-06,5,5,0,0
1088,9,9,9,3.835546875663454e-06,9,9,0,0
1089,5,5,5,1.903707885553274e-06,5,5,0,0
1090,9,9,9,1.6653845213987495e-06,9,9,0,0
1091,7,7,7,2.8574804691317013e-06,7,7,0,0
1092,3,3,3,2.8916870125073046e-06,3,3,0,0
1093,8,8,8,2.8365722659629e-06,8,8,0,0
1094,0,0,0,1.9424682609070487e-06,0,0,0,0
1095,3,3,3,3.3405566401967235e-06,3,3,0,0
1096,7,7,7,2.873791503432699e-06,7,7,0,0
1097,1,1,1,2.859467773674851e-06,1,1,0,0
1098,3,3,3,1.1895550535712118e-06,3,3,0,0
1099,6,6,6,1.9010498046867497e-06,6,6,0,0
1100,7,7,7,1.8748535168811031e-06,7,7,0,0
1101,8,8,8,1.430780029565426e-06,8,8,0,0
1102,5,5,5,3.0400193176127743e-06,5,5,0,0
1103,9,9,9,2.8888916023817046e-06,9,9,0,0
1104,7,7,7,1.9547607408298973e-06,7,7,0,0
1105,9,9,9,1.9140502924841485e-06,9,9,0,0
1106,6,6,6,3.848962402130951e-06,6,6,0,0
1107,9,9,9,2.8644897458462992e-06,9,9,0,0
1108,6,6,6,2.382644042953075e-06,6,6,0,0
1109,3,3,3,2.8598608396990244e-06,3,3,0,0
1110,7,7,7,1.9090283203127e-06,7,7,0,0
1111,4,4,4,2.820373534717646e-06,4,4,0,0
1112,4,4,4,1.4353137203215738e-06,4,4,0,0
1113,5,5,5,3.7691650405236032e-06,5,5,0,0
1114,3,3,3,2.8222167962610456e-06,3,3,0,0
1115,5,5,5,1.9273193352375984e-06,5,5,0,0
1116,4,4,4,1.905366211474302e-06,4,4,0,0
1117,7,7,7,1.9113159179795502e-06,7,7,0,0
1118,8,8,8,2.865605468471699e-06,8,8,0,0
1119,7,7,7,1.906384277106099e-06,7,7,0,0
1120,8,8,8,2.3801538082679485e-06,8,8,0,0
1121,0,0,0,2.3807836910805236e-06,0,0,0,0
1122,7,7,7,2.8147583002180454e-06,7,7,0,0
1123,6,6,6,1.902543944609647e-06,6,6,0,0
1124,8,8,8,9.575817871976255e-07,8,8,0,0
1125,8,8,8,1.4287829586123735e-06,8,8,0,0
1126,7,7,7,1.4278308109183513e-06,7,7,0,0
1127,3,3,3,3.3335986326932243e-06,3,3,0,0
1128,3,3,3,3.8110595710350026e-06,3,3,0,0
1129,1,1,1,9.550878905528748e-07,1,1,0,0
1130,9,9,9,1.4351855472938269e-06,9,9,0,0
1131,5,5,5,1.9114721681035007e-06,5,5,0,0
1132,2,2,2,1.8756225586002984e-06,2,2,0,0
1133,7,7,7,1.8836425788038014e-06,7,7,0,0
1134,3,3,3,2.6818553161556125e-06,3,3,0,0
1135,5,5,5,1.9378417963622496e-06,5,5,0,0
1136,1,1,1,1.9029309079598988e-06,1,1,0,0
1137,1,1,1,1.4337585447776746e-06,1,1,0,0
1138,2,2,2,1.9058227538337746e-06,2,2,0,0
1139,1,1,1,2.3871289061005996e-06,1,1,0,0
1140,4,4,4,2.0229586792375187e-06,4,4,0,0
1141,7,7,7,1.9039575196444503e-06,7,7,0,0
1142,4,4,4,1.0136127014392926e-06,4,4,0,0
1143,7,7,7,2.383469237976499e-06,7,7,0,0
1144,5,5,5,1.8794189458049004e-06,5,5,0,0
1145,4,4,4,1.9009399405689464e-06,4,4,0,0
1146,5,5,5,1.4326110839846251e-06,5,5,0,0
1147,4,4,4,9.60827636120598e-07,4,4,0,0
1148,0,0,0,1.9051855471019508e-06,0,0,0,0
1149,8,8,8,1.1936730957007313e-06,8,8,0,0
1150,3,3,3,2.902148438010954e-06,3,3,0,0
1151,6,6,6,1.9094580077094747e-06,6,6,0,0
1152,9,9,9,2.8678588872566024e-06,9,9,0,0
1153,6,6,6,1.8983154301821514e-06,6,6,0,0
1154,0,0,0,3.335034179485774e-06,0,0,0,0
1155,2,2,2,1.4304406734666486e-06,2,2,0,0
1156,7,7,7,2.3890368652246252e-06,7,7,0,0
1157,4,4,4,3.3345086669633872e-06,4,4,0,0
1158,4,4,4,2.3803942870159744e-06,4,4,0,0
1159,4,4,4,1.908356933810751e-06,4,4,0,0
1160,4,4,4,1.9044531249789998e-06,4,4,0,0
1161,6,6,6,2.8566503900151474e-06,6,6,0,0
1162,6,6,6,1.8607666021352998e-06,6,6,0,0
1163,4,4,4,2.8654052730558988e-06,4,4,0,0
1164,7,7,7,1.4298522952316262e-06,7,7,0,0
1165,9,9,9,1.8753662107684477e-06,9,9,0,0
1166,3,3,3,2.379205932712125e-06,3,3,0,0
1167,4,4,4,1.3710022277457767e-06,4,4,0,0
1168,5,5,5,1.9078186035415e-06,5,5,0,0
1169,5,5,5,2.8996704095618497e-06,5,5,0,0
1170,8,8,8,2.861799316633551e-06,8,8,0,0
1171,7,7,7,1.921655272241196e-06,7,7,0,0
1172,3,3,3,1.9035595695271468e-06,3,3,0,0
1173,7,7,7,2.1427795409145745e-06,7,7,0,0
1174,2,2,2,1.9062744129882958e-06,2,2,0,0
1175,7,7,7,4.767712402653501e-07,7,7,0,0
1176,0,0,0,1.4336608886722502e-06,0,0,0,0
1177,2,2,2,3.846228027626353e-06,2,2,0,0
1178,4,4,4,1.6715063475558622e-06,4,4,0,0
1179,1,1,1,1.6684634094321638e-06,1,1,0,0
1180,1,1,1,1.5493235473451605e-06,1,1,0,0
1181,6,6,6,1.9075915531630017e-06,6,6,0,0
1182,6,5,5,3.781994628582197e-06,5,5,0,0
1183,9,9,9,1.9553955077356022e-06,9,9,0,0
1184,2,2,2,2.8932861333430537e-06,2,2,0,0
1185,8,8,8,2.858264160465751e-06,8,8,0,0
1186,7,7,7,2.860405272642197e-06,7,7,0,0
1187,2,2,2,1.9168823239823496e-06,2,2,0,0
1188,0,0,0,2.8512329102170497e-06,0,0,0,0
1189,1,1,1,1.1026345062004062e-06,1,1,0,0
1190,5,5,5,2.846423340585602e-06,5,5,0,0
1191,0,0,0,2.5627470398026375e-06,0,0,0,0
1192,9,9,9,2.857004394840601e-06,9,9,0,0
1193,1,1,1,1.9074511712346975e-06,1,1,0,0
1194,7,7,7,2.8568749996793485e-06,7,7,0,0
1195,0,0,0,9.568060304054882e-07,0,0,0,0
1196,6,6,6,2.3888879390199236e-06,6,6,0,0
1197,0,0,0,2.864824218740125e-06,0,0,0,0
1198,8,8,8,9.567626957363018e-07,8,8,0,0
1199,6,6,6,1.9103991695246236e-06,6,6,0,0
1200,8,8,8,1.6719799804665314e-06,8,8,0,0
1201,1,1,1,1.4302203368288247e-06,1,1,0,0
1202,8,8,8,1.8837768553936485e-06,8,8,0,0
1203,0,0,0,1.6701263425566992e-06,0,0,0,0
1204,3,3,3,1.908247070581126e-06,3,3,0,0
1205,3,3,3,1.8730712874059918e-06,3,3,0,0
1206,7,7,7,2.8636865234688003e-06,7,7,0,0
1207,2,2,2,1.4343115237736015e-06,2,2,0,0
1208,3,3,3,1.910788574477351e-06,3,3,0,0
1209,6,6,6,2.3858483890748516e-06,6,6,0,0
1210,2,2,2,2.8482055665079997e-06,2,2,0,0
1211,1,1,1,1.893408203557101e-06,1,1,0,0
1212,6,6,6,1.4327990722762252e-06,6,6,0,0
1213,1,1,1,1.190086670099788e-06,1,1,0,0
1214,1,1,1,1.9113916014390497e-06,1,1,0,0
1215,3,3,3,1.9396118169368037e-06,3,3,0,0
1216,7,7,7,9.543334957839988e-07,7,7,0,0
1217,9,9,9,1.9254882808183993e-06,9,9,0,0
1218,0,0,0,1.4341430665254506e-06,0,0,0,0
1219,8,8,8,1.4275830082510765e-06,8,8,0,0
1220,0,0,0,1.9515747062825994e-06,0,0,0,0
1221,5,5,5,3.3418951415065123e-06,5,5,0,0
1222,4,4,4,1.889916992681151e-06,4,4,0,0
1223,0,0,0,2.386497802930876e-06,0,0,0,0
1224,2,2,2,1.1931585692792623e-06,2,2,0,0
1225,8,8,8,1.9059490967698878e-06,8,8,0,0
1226,7,2,2,2.8607897952781514e-06,2,2,0,0
1227,2,2,2,3.787121581666497e-06,2,2,0,0
1228,9,9,9,1.9120825198726266e-06,9,9,0,0
1229,8,8,8,1.9041809080633243e-06,8,8,0,0
1230,4,4,4,1.9062951661652505e-06,4,4,0,0
1231,0,0,0,1.9050366208972491e-06,0,0,0,0
1232,9,4,4,1.9089184570830753e-06,4,4,0,0
1233,5,5,5,2.386027526890544e-06,5,5,0,0
1234,8,8,8,2.141846313641338e-06,8,8,0,0
1235,5,5,5,1.9101348875949498e-06,5,5,0,0
1236,1,1,1,2.386060790726674e-06,1,1,0,0
1237,2,2,2,2.8648437506717528e-06,2,2,0,0
1238,1,1,1,2.86577392571985e-06,1,1,0,0
1239,3,3,3,9.504199223187015e-07,3,3,0,0
1240,1,1,1,1.912326660580277e-06,1,1,0,0
1241,7,7,7,2.9061767570226493e-06,7,7,0,0
1242,4,4,4,9.520715336108765e-07,4,4,0,0
1243,5,5,5,3.8385375979999026e-06,5,5,0,0
1244,7,7,7,1.909649657960699e-06,7,7,0,0
1245,2,2,2,1.9558349606541015e-06,2,2,0,0
1246,0,0,0,1.4302526851750486e-06,0,0,0,0
1247,9,3,3,2.3876013184320755e-06,3,3,0,0
1248,8,8,8,1.904633789351351e-06,8,8,0,0
1249,8,8,8,1.8875366212256495e-06,8,8,0,0
1250,6,6,6,1.428961181382249e-06,6,6,0,0
1251,2,2,2,1.954125975700549e-06,2,2,0,0
1252,5,5,5,1.4277716062771617e-06,5,5,0,0
1253,4,4,4,1.9021484369829977e-06,4,4,0,0
1254,1,1,1,9.53776855716626e-07,1,1,0,0
1255,9,9,9,1.0755902100090253e-06,9,9,0,0
1256,2,2,2,1.1919371032398374e-06,2,2,0,0
1257,1,1,1,2.388640136352649e-06,1,1,0,0
1258,5,5,5,1.9046826178481524e-06,5,5,0,0
1259,8,8,8,1.9098681640628e-06,8,8,0,0
1260,7,7,7,1.2461245904905882e-06,7,7,0,0
1261,0,0,0,2.869445800968151e-06,0,0,0,0
1262,2,2,2,3.8113354499103025e-06,2,2,0,0
1263,4,4,4,1.9121044925185515e-06,4,4,0,0
1264,4,4,4,2.3833471676226736e-06,4,4,0,0
1265,3,3,3,9.840698247387536e-07,3,3,0,0
1266,6,6,6,1.954760742606254e-06,6,6,0,0
1267,8,8,8,1.8975463866865994e-06,8,8,0,0
1268,8,8,8,1.936364746768504e-06,8,8,0,0
1269,2,2,2,1.4262817380483739e-06,2,2,0,0
1270,4,4,4,1.908850098431003e-06,4,4,0,0
1271,0,0,0,1.9058813478523007e-06,0,0,0,0
1272,5,5,5,2.3858764652828768e-06,5,5,0,0
1273,0,0,0,3.7700317374600445e-06,0,0,0,0
1274,4,4,4,9.538024903221753e-07,4,4,0,0
1275,4,4,4,1.4352673343154265e-06,4,4,0,0
1276,7,7,7,1.8871093736549938e-06,7,7,0,0
1277,9,9,9,1.4340991212336007e-06,9,9,0,0
1278,3,3,3,2.8640014644309986e-06,3,3,0,0
1279,4,4,4,1.665566406350294e-06,4,4,0,0
1280,1,1,1,1.4314428709027993e-06,1,1,0,0
1281,5,5,5,1.9119067378170485e-06,5,5,0,0
1282,9,9,9,1.8760864257671983e-06,9,9,0,0
1283,7,7,7,1.6683795167615756e-06,7,7,0,0
1284,3,3,3,3.818579102699005e-06,3,3,0,0
1285,5,5,5,2.382940674117151e-06,5,5,0,0
1286,8,8,8,9.957153324080537e-07,8,8,0,0
1287,8,8,8,1.911718750413627e-06,8,8,0,0
1288,0,0,0,2.3857604976029734e-06,0,0,0,0
1289,5,5,5,9.53754883070701e-07,5,5,0,0
1290,3,3,3,1.902722168267701e-06,3,3,0,0
1291,3,3,3,1.9121032712732244e-06,3,3,0,0
1292,6,6,6,1.8657226554807949e-06,6,6,0,0
1293,6,6,6,1.9047729491461496e-06,6,6,0,0
1294,0,0,0,2.8633666993016504e-06,0,0,0,0
1295,1,1,1,9.964843741272489e-07,1,1,0,0
1296,6,6,6,3.812724608920348e-06,6,6,0,0
1297,0,0,0,1.8796264651399497e-06,0,0,0,0
1298,3,3,3,3.817797852079252e-06,3,3,0,0
1299,5,7,7,1.6721350095671994e-06,7,7,0,0
1300,4,4,4,3.788281249583747e-06,4,4,0,0
1301,4,4,4,1.9071691896854759e-06,4,4,0,0
1302,1,1,1,1.4336584470697744e-06,1,1,0,0
1303,2,2,2,1.9347534188085547e-06,2,2,0,0
1304,9,9,9,2.3885760498387754e-06,9,9,0,0
1305,1,1,1,1.4262777709994623e-06,1,1,0,0
1306,4,4,4,2.8733154291415985e-06,4,4,0,0
1307,6,6,6,1.92341308569155e-06,6,6,0,0
1308,9,9,9,1.9476562496123506e-06,9,9,0,0
1309,9,9,9,1.4256188967110006e-06,9,9,0,0
1310,3,3,3,9.57769164866562e-07,3,3,0,0
1311,9,9,9,1.948840331778001e-06,9,9,0,0
1312,8,8,8,2.8946044920985514e-06,8,8,0,0
1313,4,4,4,1.938293456404949e-06,4,4,0,0
1314,4,4,4,2.9076416012685513e-06,4,4,0,0
1315,3,3,3,1.8586303713874486e-06,3,3,0,0
1316,1,1,1,1.9042919925382762e-06,1,1,0,0
1317,3,3,3,1.4341040035503738e-06,3,3,0,0
1318,1,1,1,1.9077246093957e-06,1,1,0,0
1319,8,8,8,9.789794930270546e-07,8,8,0,0
1320,8,8,8,1.8786621094335487e-06,8,8,0,0
1321,7,7,7,1.9309570298275958e-06,7,7,0,0
1322,9,9,9,1.9258666998922536e-06,9,9,0,0
1323,4,4,4,1.9003173825637987e-06,4,4,0,0
1324,8,8,8,1.4296307373484751e-06,8,8,0,0
1325,8,8,8,3.818889160456251e-06,8,8,0,0
1326,7,7,7,1.4287536620471997e-06,7,7,0,0
1327,9,9,9,1.9061889648952501e-06,9,9,0,0
1328,7,7,7,1.9390624999005013e-06,7,7,0,0
1329,1,1,1,1.9119677734380502e-06,1,1,0,0
1330,4,4,4,2.8220458982985974e-06,4,4,0,0
1331,5,5,5,2.865200194435147e-06,5,5,0,0
1332,6,6,6,2.8649853511808487e-06,6,6,0,0
1333,0,0,0,2.8584045406176983e-06,0,0,0,0
1334,5,5,5,1.909760742435651e-06,5,5,0,0
1335,2,2,2,1.9063354486092976e-06,2,2,0,0
1336,2,2,2,3.8099487298381973e-06,2,2,0,0
1337,2,2,2,3.81697875972975e-06,2,2,0,0
1338,1,1,1,1.4307680663572242e-06,1,1,0,0
1339,5,5,5,2.880688477091553e-06,5,5,0,0
1340,5,5,5,1.9030126949814985e-06,5,5,0,0
1341,2,2,2,2.379448241995874e-06,2,2,0,0
1342,4,4,4,1.8708984370618964e-06,4,4,0,0
1343,9,9,9,1.954785156854655e-06,9,9,0,0
1344,6,6,6,2.863308106171303e-06,6,6,0,0
1345,2,2,2,4.791052246488903e-06,2,2,0,0
1346,7,7,7,2.8875244133530487e-06,7,7,0,0
1347,7,7,7,1.910169067365075e-06,7,7,0,0
1348,2,2,2,1.4334613038791133e-06,2,2,0,0
1349,2,2,2,1.1964837645095372e-06,2,2,0,0
1350,1,1,1,9.586584468479487e-07,1,1,0,0
1351,1,1,1,1.427940674147976e-06,1,1,0,0
1352,2,2,2,2.381816406327175e-06,2,2,0,0
1353,8,8,8,1.4302038575664255e-06,8,8,0,0
1354,3,3,3,1.8674438475585475e-06,3,3,0,0
1355,7,7,7,1.4329736330864762e-06,7,7,0,0
1356,2,2,2,9.585351570251532e-07,2,2,0,0
1357,4,4,4,1.9052673341235504e-06,4,4,0,0
1358,1,1,1,1.4315344234461236e-06,1,1,0,0
1359,7,7,7,3.7686767591083026e-06,7,7,0,0
1360,1,1,1,1.904438477140502e-06,1,1,0,0
1361,7,7,7,1.911577148128174e-06,7,7,0,0
1362,6,6,6,1.0013305669076544e-06,6,6,0,0
1363,7,7,7,1.6538203811700125e-06,7,7,0,0
1364,8,8,8,1.6692019653152812e-06,8,8,0,0
1365,2,2,2,9.981933590808012e-07,2,2,0,0
1366,7,7,7,1.9055035398451992e-06,7,7,0,0
1367,3,3,3,1.8823486342967044e-06,3,3,0,0
1368,1,1,1,1.430881347630475e-06,1,1,0,0
1369,7,7,7,1.902490234684251e-06,7,7,0,0
1370,5,5,5,1.3109838866709467e-06,5,5,0,0
1371,8,8,8,2.8390136712630465e-06,8,8,0,0
1372,2,2,2,1.8646240231845468e-06,2,2,0,0
1373,6,6,6,3.812731932839597e-06,6,6,0,0
1374,2,2,2,1.9043945318486522e-06,2,2,0,0
1375,2,2,2,2.9070800788844053e-06,2,2,0,0
1376,5,5,5,3.810668946613305e-06,5,5,0,0
1377,6,6,6,1.4349096675303485e-06,6,6,0,0
1378,5,5,5,1.6709152221849877e-06,5,5,0,0
1379,0,0,0,2.385495605494725e-06,0,0,0,0
1380,9,9,9,9.774658202843511e-07,9,9,0,0
1381,2,2,2,3.8096191410375013e-06,2,2,0,0
1382,4,4,4,2.863343506298577e-06,4,4,0,0
1383,3,3,3,1.9061279292742483e-06,3,3,0,0
1384,3,3,3,9.191528320684483e-07,3,3,0,0
1385,9,9,9,3.7918945317017005e-06,9,9,0,0
1386,7,7,7,1.9027807613980485e-06,7,7,0,0
1387,6,6,6,1.4308877563928846e-06,6,6,0,0
1388,6,6,6,1.4256542968382746e-06,6,6,0,0
1389,8,8,8,5.240675048590049e-06,8,8,0,0
1390,0,0,0,1.9052490234372499e-06,0,0,0,0
1391,4,4,4,1.910278321304304e-06,4,4,0,0
1392,1,1,1,1.4291308589875484e-06,1,1,0,0
1393,5,3,3,1.4287451168826237e-06,3,3,0,0
1394,8,8,8,2.2654562377155685e-06,8,8,0,0
1395,2,2,2,2.860102538804199e-06,2,2,0,0
1396,9,9,9,1.5463937377280246e-06,9,9,0,0
1397,1,1,1,2.385633544932375e-06,1,1,0,0
1398,8,8,8,1.910437012142552e-06,8,8,0,0
1399,0,0,0,2.865783692129753e-06,0,0,0,0
1400,6,6,6,1.9536743156578495e-06,6,6,0,0
1401,7,7,7,1.9091418455019493e-06,7,7,0,0
1402,2,2,2,1.937963867604253e-06,2,2,0,0
1403,1,1,1,1.9079614261841016e-06,1,1,0,0
1404,0,0,0,3.815279541186101e-06,0,0,0,0
1405,5,5,5,9.99218750408204e-07,5,5,0,0
1406,5,5,5,2.383520508075776e-06,5,5,0,0
1407,2,2,2,5.769384767262409e-06,2,2,0,0
1408,0,0,0,2.3848217773903002e-06,0,0,0,0
1409,2,2,2,1.1933059691493497e-06,2,2,0,0
1410,2,2,2,1.8886596677702983e-06,2,2,0,0
1411,0,0,0,9.562829585973986e-07,0,0,0,0
1412,2,2,2,9.528930657864976e-07,2,2,0,0
1413,4,4,4,1.4270117185688491e-06,4,4,0,0
1414,9,9,9,1.1881298829230502e-06,9,9,0,0
1415,8,8,8,2.505794372664738e-06,8,8,0,0
1416,0,0,0,1.4322729491311748e-06,0,0,0,0
1417,9,9,9,3.5802151490127443e-06,9,9,0,0
1418,9,9,9,1.076618724251549e-06,9,9,0,0
1419,4,4,4,2.876464844092652e-06,4,4,0,0
1420,6,6,6,1.945947266435155e-06,6,6,0,0
1421,5,5,5,1.910656738157712e-06,5,5,0,0
1422,4,4,4,2.6215118409389504e-06,4,4,0,0
1423,9,9,9,9.674682619476016e-07,9,9,0,0
1424,1,1,1,2.8587939446822475e-06,1,1,0,0
1425,8,8,8,2.1009847717412544e-06,8,8,0,0
1426,3,3,3,2.6267926025447252e-06,3,3,0,0
1427,4,4,4,2.8652667234396745e-06,4,4,0,0
1428,9,9,9,2.621424560533825e-06,9,9,0,0
1429,9,9,9,1.9087152098862248e-06,9,9,0,0
1430,1,1,1,4.766203613115749e-06,1,1,0,0
1431,2,2,2,1.9045776369353007e-06,2,2,0,0
1432,2,2,2,2.858486327639298e-06,2,2,0,0
1433,8,8,8,1.9109716795639997e-06,8,8,0,0
1434,1,1,1,9.541479490948745e-07,1,1,0,0
1435,9,9,9,2.8626464843029e-06,9,9,0,0
1436,6,6,6,9.67980957611303e-07,6,6,0,0
1437,4,4,4,2.8339843751723492e-06,4,4,0,0
1438,0,0,0,1.430502929444799e-06,0,0,0,0
1439,9,9,9,1.9089160154805995e-06,9,9,0,0
1440,4,4,4,1.1945715332473128e-06,4,4,0,0
1441,8,8,8,2.8240478506802447e-06,8,8,0,0
1442,3,3,3,5.746337890855102e-06,3,3,0,0
1443,8,8,8,2.856286621444326e-06,8,8,0,0
1444,6,6,6,1.935656738893954e-06,6,6,0,0
1445,0,0,0,9.555664064464509e-07,0,0,0,0
1446,2,2,2,3.8448486314734964e-06,2,2,0,0
1447,5,5,5,1.910825194961774e-06,5,5,0,0
1448,1,1,1,9.580261233210763e-07,1,1,0,0
1449,9,9,9,1.057623085026771e-06,9,9,0,0
1450,6,6,6,2.8142211920823e-06,6,6,0,0
1451,2,2,2,1.9026318360815253e-06,2,2,0,0
1452,9,9,9,2.3857836914942254e-06,9,9,0,0
1453,4,4,4,2.9058959967187548e-06,4,4,0,0
1454,0,0,0,1.4336022946537241e-06,0,0,0,0
1455,9,9,9,1.4286694334231242e-06,9,9,0,0
1456,6,6,6,2.862565917638449e-06,6,6,0,0
1457,0,0,0,1.9118975829179874e-06,0,0,0,0
1458,6,6,6,2.8637255855556987e-06,6,6,0,0
1459,2,2,2,1.913098143901948e-06,2,2,0,0
1460,5,5,5,1.429859619150875e-06,5,5,0,0
1461,4,4,4,1.911337890625475e-06,4,4,0,0
1462,2,2,2,2.9049194338881534e-06,2,2,0,0
1463,3,3,3,5.725830078517902e-06,3,3,0,0
1464,8,8,8,1.9186035160601023e-06,8,8,0,0
1465,4,4,4,9.533691409657763e-07,4,4,0,0
1466,5,5,5,1.90777465824965e-06,5,5,0,0
1467,5,5,5,1.905588378647849e-06,5,5,0,0
1468,0,0,0,1.907312011439899e-06,0,0,0,0
1469,3,3,3,1.0013061526592537e-06,3,3,0,0
1470,8,8,8,1.9438842766561493e-06,8,8,0,0
1471,5,5,5,1.9116137703889535e-06,5,5,0,0
1472,3,3,3,1.9028442377333477e-06,3,3,0,0
1473,5,5,5,1.9278198237770994e-06,5,5,0,0
1474,8,8,8,1.4260180662972743e-06,8,8,0,0
1475,6,6,6,1.3143313599695006e-06,6,6,0,0
1476,5,5,5,1.9043847654387491e-06,5,5,0,0
1477,7,7,7,9.648943195342263e-07,7,7,0,0
1478,6,6,6,1.4325756838573511e-06,6,6,0,0
1479,3,3,3,1.918261720135206e-06,3,3,0,0
1480,3,3,3,3.799194335130096e-06,3,3,0,0
1481,9,9,9,1.8669799803916476e-06,9,9,0,0
1482,6,6,6,1.9017456054370996e-06,6,6,0,0
1483,1,1,1,1.1948217775170633e-06,1,1,0,0
1484,1,1,1,1.3129702758352124e-06,1,1,0,0
1485,2,2,2,1.9108007816015515e-06,2,2,0,0
1486,9,9,9,9.931762701143043e-07,9,9,0,0
1487,0,0,0,9.929809579034554e-07,0,0,0,0
1488,4,4,4,1.9098803711870005e-06,4,4,0,0
1489,3,3,3,1.9024438469017468e-06,3,3,0,0
1490,3,3,3,1.937951660480053e-06,3,3,0,0
1491,6,6,6,4.794384764750248e-06,6,6,0,0
1492,9,9,9,3.8417236325472e-06,9,9,0,0
1493,5,5,5,2.8573681642996007e-06,5,5,0,0
1494,7,7,7,1.9189697262333993e-06,7,7,0,0
1495,3,3,3,9.84716796992302e-07,3,3,0,0
1496,7,7,7,1.9025036621656e-06,7,7,0,0
1497,7,7,7,9.879516600364013e-07,7,7,0,0
1498,7,7,7,9.535144043226751e-07,7,7,0,0
1499,8,8,8,1.9039154053324125e-06,8,8,0,0
1500,7,7,7,9.91931152327652e-07,7,7,0,0
1501,9,9,9,1.9317260750995047e-06,9,9,0,0
1502,8,8,8,1.9080761717304995e-06,8,8,0,0
1503,3,3,3,1.9418090815293e-06,3,3,0,0
1504,0,0,0,1.6661004638152122e-06,0,0,0,0
1505,7,7,7,1.919555664642303e-06,7,7,0,0
1506,2,2,2,1.9114624016935977e-06,2,2,0,0
1507,7,7,7,1.9097265617773473e-06,7,7,0,0
1508,9,9,9,2.812451171507746e-06,9,9,0,0
1509,4,4,4,1.950158690533499e-06,4,4,0,0
1510,5,5,5,2.8349975593755516e-06,5,5,0,0
1511,4,4,4,1.904655761997276e-06,4,4,0,0
1512,9,9,9,9.81054688153904e-07,9,9,0,0
1513,3,3,3,1.9075561521475493e-06,3,3,0,0
1514,2,2,2,2.388372802641925e-06,2,2,0,0
1515,1,1,1,1.9071052246300013e-06,1,1,0,0
1516,4,4,4,9.504754636679991e-07,4,4,0,0
1517,0,0,0,1.4262121581509746e-06,0,0,0,0
1518,2,2,2,1.9102294928075025e-06,2,2,0,0
1519,3,3,3,2.380238036892024e-06,3,3,0,0
1520,7,7,7,1.1919885252176243e-06,7,7,0,0
1521,5,5,5,2.8838623045146505e-06,5,5,0,0
1522,7,9,9,1.1930395507064873e-06,9,9,0,0
1523,8,8,8,1.9041357415261473e-06,8,8,0,0
1524,8,8,8,1.341285720823926e-06,8,8,0,0
1525,5,5,5,1.0696160888112871e-06,5,5,0,0
1526,0,0,0,1.3087051391469373e-06,0,0,0,0
1527,1,1,1,2.3838757323701998e-06,1,1,0,0
1528,1,1,1,9.58630371528102e-07,1,1,0,0
1529,4,4,4,1.4257711791199057e-06,4,4,0,0
1530,8,8,8,2.8987304681038495e-06,8,8,0,0
1531,3,3,3,2.8859374996415e-06,3,3,0,0
1532,9,9,9,1.9031481937048511e-06,9,9,0,0
1533,0,0,0,1.4305514526302687e-06,0,0,0,0
1534,0,0,0,2.8627978512218988e-06,0,0,0,0
1535,0,0,0,1.9100122070625503e-06,0,0,0,0
1536,6,6,6,2.8645153804518486e-06,6,6,0,0
1537,6,6,6,1.4350653074757247e-06,6,6,0,0
1538,2,2,2,2.38216430670235e-06,2,2,0,0
1539,3,3,3,1.9311279295664008e-06,3,3,0,0
1540,7,7,7,9.84350586819005e-07,7,7,0,0
1541,8,8,8,1.666318969917313e-06,8,8,0,0
1542,4,4,4,2.862595215091801e-06,4,4,0,0
1543,7,7,7,1.8979492182324975e-06,7,7,0,0
1544,7,7,7,1.9520507805736997e-06,7,7,0,0
1545,9,9,9,1.9177124030989035e-06,9,9,0,0
1546,2,2,2,2.8551757811356993e-06,2,2,0,0
1547,4,4,4,1.9071765136047247e-06,4,4,0,0
1548,1,1,1,9.581481936749014e-07,1,1,0,0
1549,4,4,4,2.3864843745613484e-06,4,4,0,0
1550,5,5,5,1.908732910393951e-06,5,5,0,0
1551,2,2,2,2.143441467206131e-06,2,2,0,0
1552,4,4,4,1.7924917603551194e-06,4,4,0,0
1553,9,9,9,1.9007324212338972e-06,9,9,0,0
1554,9,9,9,1.922949220301007e-06,9,9,0,0
1555,1,1,1,9.506787108648496e-07,1,1,0,0
1556,8,8,8,2.142319336151388e-06,8,8,0,0
1557,4,4,4,1.908726806831851e-06,4,4,0,0
1558,0,0,0,2.26267852787565e-06,0,0,0,0
1559,9,9,9,1.4336227416311687e-06,9,9,0,0
1560,8,8,8,1.922045896662894e-06,8,8,0,0
1561,4,4,4,9.575305179865268e-07,4,4,0,0
1562,8,8,8,2.3850573731554192e-06,8,8,0,0
1563,7,7,7,1.4314392089431749e-06,7,7,0,0
1564,7,7,7,1.8920898448016032e-06,7,7,0,0
1565,0,0,0,1.892016602056401e-06,0,0,0,0
1566,7,7,7,1.6093940429229292e-06,7,7,0,0
1567,8,8,8,1.9049951163196965e-06,8,8,0,0
1568,8,8,8,3.3347863768184993e-06,8,8,0,0
1569,6,4,4,1.9063098148919266e-06,4,4,0,0
1570,0,0,0,2.3878747557048996e-06,0,0,0,0
1571,4,4,4,1.672203979508069e-06,4,4,0,0
1572,8,8,8,2.8654296873042995e-06,8,8,0,0
1573,8,8,8,1.954553223271205e-06,8,8,0,0
1574,2,2,2,2.865534668217151e-06,2,2,0,0
1575,4,4,4,2.414328140243338e-06,4,4,0,0
1576,7,7,7,1.9088308715886626e-06,7,7,0,0
1577,6,6,6,1.190992431787663e-06,6,6,0,0
1578,6,6,6,2.858699951424626e-06,6,6,0,0
1579,6,6,6,2.8616992189256507e-06,6,6,0,0
1580,4,4,4,9.636596676187992e-07,4,4,0,0
1581,7,9,9,1.4319738772528012e-06,9,9,0,0
1582,1,1,1,9.581762689947482e-07,1,1,0,0
1583,8,8,8,1.9114306644141266e-06,8,8,0,0
1584,8,8,8,2.3794152834710758e-06,8,8,0,0
1585,2,2,2,9.97021484039351e-07,2,2,0,0
1586,3,3,3,2.146041046091618e-06,3,3,0,0
1587,6,6,6,1.9080041502306244e-06,6,6,0,0
1588,3,3,3,1.907884826568562e-06,3,3,0,0
1589,0,0,0,1.1919411163074933e-06,0,0,0,0
1590,0,0,0,1.9024884032603495e-06,0,0,0,0
1591,3,3,3,2.624779662951937e-06,3,3,0,0
1592,7,7,7,1.433212890589175e-06,7,7,0,0
1593,6,6,6,5.367265319966563e-07,6,6,0,0
1594,9,9,9,2.841552733556796e-06,9,9,0,0
1595,7,7,7,1.4352893069613515e-06,7,7,0,0
1596,9,9,9,1.9068310539438471e-06,9,9,0,0
1597,9,9,9,1.9033227545151021e-06,9,9,0,0
1598,5,5,5,2.8604003912136022e-06,5,5,0,0
1599,4,4,4,2.2625479125792936e-06,4,4,0,0
1600,3,3,3,9.92565917457e-07,3,3,0,0
1601,3,3,3,3.815527342965197e-06,3,3,0,0
1602,6,6,6,1.8579711920096997e-06,6,6,0,0
1603,1,1,1,9.569958496769004e-07,1,1,0,0
1604,2,2,2,2.864316405393197e-06,2,2,0,0
1605,3,3,3,1.910437012142552e-06,3,3,0,0
1606,7,7,7,3.4539782713949307e-06,7,7,0,0
1607,3,3,3,9.907104487894003e-07,3,3,0,0
1608,3,3,3,1.9149169929733034e-06,3,3,0,0
1609,2,2,2,1.433861694266625e-06,2,2,0,0
1610,0,0,0,2.904406738224452e-06,0,0,0,0
1611,3,3,3,1.903286133142501e-06,3,3,0,0
1612,3,3,3,2.8649780272616e-06,3,3,0,0
1613,8,8,8,1.1932586669871625e-06,8,8,0,0
1614,4,4,4,1.3157693481424815e-06,4,4,0,0
1615,3,3,3,4.7427734379823505e-06,3,3,0,0
1616,6,6,6,1.9308471674861494e-06,6,6,0,0
1617,3,3,3,2.383109741099787e-06,3,3,0,0
1618,5,5,5,1.918383787824496e-06,5,5,0,0
1619,0,0,0,9.582080071623977e-07,0,0,0,0
1620,2,2,2,2.851513672297301e-06,2,2,0,0
1621,0,0,0,1.911948242394601e-06,0,0,0,0
1622,9,9,9,1.892248535639851e-06,9,9,0,0
1623,0,0,0,1.8630737308455991e-06,0,0,0,0
1624,7,7,7,1.8647216784017928e-06,7,7,0,0
1625,4,4,4,2.8582958986334006e-06,4,4,0,0
1626,6,6,6,1.924609374981401e-06,6,6,0,0
1627,9,9,9,1.7927252198290944e-06,9,9,0,0
1628,3,3,3,2.838696289586551e-06,3,3,0,0
1629,5,5,5,2.3816467287218757e-06,5,5,0,0
1630,1,1,1,7.155853269935619e-07,1,1,0,0
1631,9,9,9,1.9439697283019086e-06,9,9,0,0
1632,6,6,6,2.8725219731740026e-06,6,6,0,0
1633,1,1,1,2.1507000731446624e-06,1,1,0,0
1634,4,4,4,2.8801269529310503e-06,4,4,0,0
1635,5,5,5,1.4282531735076986e-06,5,5,0,0
1636,4,4,4,2.8653247063914478e-06,4,4,0,0
1637,5,5,5,3.847827148462102e-06,5,5,0,0
1638,0,0,0,3.335780029090074e-06,0,0,0,0
1639,5,5,5,1.8715087897192006e-06,5,5,0,0
1640,9,9,9,2.8980957029745014e-06,9,9,0,0
1641,5,5,5,1.9027722166775618e-06,5,5,0,0
1642,2,2,2,1.9471191414766054e-06,2,2,0,0
1643,1,1,1,2.858801270377853e-06,1,1,0,0
1644,2,2,2,1.9028271491805526e-06,2,2,0,0
1645,9,9,9,1.9420654293611506e-06,9,9,0,0
1646,1,1,1,1.3150277708984248e-06,1,1,0,0
1647,9,9,9,9.046875000251475e-07,9,9,0,0
1648,9,9,9,1.909774169917e-06,9,9,0,0
1649,4,4,4,1.9104321289376003e-06,4,4,0,0
1650,0,0,0,1.189778442434175e-06,0,0,0,0
1651,8,8,8,1.9040490721877745e-06,8,8,0,0
1652,4,4,4,9.578771971163746e-07,4,4,0,0
1653,5,5,5,1.9082006836868004e-06,5,5,0,0
1654,2,2,2,3.809831543577502e-06,2,2,0,0
1655,9,9,9,1.94204101511275e-06,9,9,0,0
1656,2,2,2,9.534497067420489e-07,2,2,0,0
1657,1,1,1,9.495837405282259e-07,1,1,0,0
1658,2,2,2,1.9121191403570492e-06,2,2,0,0
1659,1,1,1,1.6724548341784384e-06,1,1,0,0
1660,7,7,7,1.1897171019459307e-06,7,7,0,0
1661,3,3,3,1.8851806657949055e-06,3,3,0,0
1662,6,6,6,3.846044922539704e-06,6,6,0,0
1663,8,8,8,2.8454467777550008e-06,8,8,0,0
1664,8,8,8,1.9074283447162443e-06,8,8,0,0
1665,4,4,4,1.9099987795812012e-06,4,4,0,0
1666,9,9,9,2.920944000228687e-06,9,9,0,0
1667,1,1,1,2.380650634847825e-06,1,1,0,0
1668,9,9,9,1.9533447268571535e-06,9,9,0,0
1669,8,8,8,1.9092944336662754e-06,8,8,0,0
1670,5,5,5,3.812224120380847e-06,5,5,0,0
1671,7,7,7,1.4265393062373732e-06,7,7,0,0
1672,5,5,5,2.860551758132601e-06,5,5,0,0
1673,1,1,1,1.9221435554328536e-06,1,1,0,0
1674,1,1,1,1.672008056452512e-06,1,1,0,0
1675,8,8,8,2.3870202632281234e-06,8,8,0,0
1676,6,6,6,1.5530407715402816e-06,6,6,0,0
1677,5,5,5,1.4350573733779015e-06,5,5,0,0
1678,2,0,0,2.3837622071809506e-06,0,0,0,0
1679,4,4,4,2.625223693764056e-06,4,4,0,0
1680,4,4,4,2.388503418160326e-06,4,4,0,0
1681,3,3,3,2.876660156303501e-06,3,3,0,0
1682,2,2,2,2.144037170470625e-06,2,2,0,0
1683,3,3,3,2.205529731763578e-06,3,3,0,0
1684,5,5,5,9.545288079948477e-07,5,5,0,0
1685,6,6,6,1.948303221865899e-06,6,6,0,0
1686,8,8,8,1.911621093420024e-06,8,8,0,0
1687,8,8,8,1.909588623227876e-06,8,8,0,0
1688,6,6,6,1.3162731933302751e-06,6,6,0,0
1689,2,2,2,1.910991210607449e-06,2,2,0,0
1690,3,3,3,1.9118725589351016e-06,3,3,0,0
1691,1,1,1,1.9052087401050244e-06,1,1,0,0
1692,0,0,0,1.9049951163196965e-06,0,0,0,0
1693,5,5,5,1.9523071284055504e-06,5,5,0,0
1694,8,8,8,9.567480461214473e-07,8,8,0,0
1695,9,9,9,1.9152709960224e-06,9,9,0,0
1696,2,2,2,1.4323266599447493e-06,2,2,0,0
1697,9,9,9,2.87080078109625e-06,9,9,0,0
1698,6,6,6,1.427962646793901e-06,6,6,0,0
1699,7,7,7,3.813134764385495e-06,7,7,0,0
1700,0,0,0,1.0680700683884936e-06,0,0,0,0
1701,4,4,4,1.4330236819404263e-06,4,4,0,0
1702,8,8,8,1.949169922355054e-06,8,8,0,0
1703,7,7,7,1.1909063721837754e-06,7,7,0,0
1704,1,1,1,1.434183349413587e-06,1,1,0,0
1705,7,7,7,1.0729945983944944e-06,7,7,0,0
1706,4,4,4,1.907425308200761e-06,4,4,0,0
1707,1,1,1,1.9048168944379995e-06,1,1,0,0
1708,0,0,0,3.338708496336551e-06,0,0,0,0
1709,9,3,3,1.433619384982876e-06,3,3,0,0
1710,7,7,7,1.8587890622256964e-06,7,7,0,0
1711,2,2,2,2.834338378221446e-06,2,2,0,0
1712,0,0,0,2.3836834714963118e-06,0,0,0,0
1713,0,0,0,1.909975585689949e-06,0,0,0,0
1714,9,9,9,1.9394287100737984e-06,9,9,0,0
1715,1,1,1,1.910590819775848e-06,1,1,0,0
1716,7,7,7,9.17907714281796e-07,7,7,0,0
1717,8,8,8,1.7283483276786527e-06,8,8,0,0
1718,7,7,7,3.7954833977948965e-06,7,7,0,0
1719,8,8,8,2.384796142784751e-06,8,8,0,0
1720,4,4,4,4.775390625155751e-06,4,4,0,0
1721,7,9,9,1.4905970764367282e-06,9,9,0,0
1722,2,2,2,1.9080688478112506e-06,2,2,0,0
1723,0,0,0,1.0737564086760187e-06,0,0,0,0
1724,4,4,4,1.430916747757749e-06,4,4,0,0
1725,6,6,6,2.3880786130803244e-06,6,6,0,0
1726,0,0,0,2.1408059691641057e-06,0,0,0,0
1727,3,3,3,1.913671873410294e-06,3,3,0,0
1728,1,1,1,1.4287402345658506e-06,1,1,0,0
1729,1,1,1,2.8563989253882482e-06,1,1,0,0
1730,3,3,3,3.810776366464097e-06,3,3,0,0
1731,3,3,3,3.767590332159898e-06,3,3,0,0
1732,9,9,9,1.9113647464763517e-06,9,9,0,0
1733,6,6,6,1.187558593684912e-06,6,6,0,0
1734,7,7,7,2.8653930659316984e-06,7,7,0,0
1735,4,4,4,2.8608117679240763e-06,4,4,0,0
1736,1,1,1,9.543750003615514e-07,1,1,0,0
1737,5,5,5,1.3128613280954937e-06,5,5,0,0
1738,3,3,3,2.887133788931351e-06,3,3,0,0
1739,0,0,0,1.9209472661430027e-06,0,0,0,0
1740,8,8,8,1.911564941892152e-06,8,8,0,0
1741,7,7,7,1.8697021477720455e-06,7,7,0,0
1742,3,3,3,2.3806921385371993e-06,3,3,0,0
1743,9,9,9,1.4329656981004746e-06,9,9,0,0
1744,6,6,6,9.925048836123551e-07,6,6,0,0
1745,9,9,9,1.9087646485616006e-06,9,9,0,0
1746,3,3,3,1.1910168458140191e-06,3,3,0,0
1747,5,5,5,1.4276928714807013e-06,5,5,0,0
1748,0,0,0,1.9121997070215002e-06,0,0,0,0
1749,2,2,2,3.837255860617006e-06,2,2,0,0
1750,7,7,7,1.4258062743799371e-06,7,7,0,0
1751,4,4,4,2.6823698120459483e-06,4,4,0,0
1752,5,5,5,2.8491210937175993e-06,5,5,0,0
1753,1,1,1,1.9098266594852475e-06,1,1,0,0
1754,7,7,7,9.969726555425495e-07,7,7,0,0
1755,5,5,5,1.9388793948138527e-06,5,5,0,0
1756,8,8,8,1.6691839599403124e-06,8,8,0,0
1757,0,0,0,1.909750976025748e-06,0,0,0,0
1758,8,8,8,1.9284790031548482e-06,8,8,0,0
1759,8,8,8,1.2516765441894506e-06,8,8,0,0
1760,1,1,1,1.9065490723946255e-06,1,1,0,0
1761,5,5,5,1.4324694825873507e-06,5,5,0,0
1762,0,0,0,1.1905871581951999e-06,0,0,0,0
1763,3,3,3,3.774340820328348e-06,3,3,0,0
1764,0,0,0,3.798669434118551e-06,0,0,0,0
1765,3,3,3,3.830444335051197e-06,3,3,0,0
1766,1,1,1,2.857606201445151e-06,1,1,0,0
1767,4,4,4,1.9101123047704505e-06,4,4,0,0
1768,0,0,0,1.432011718982551e-06,0,0,0,0
1769,3,3,3,2.3803411863809742e-06,3,3,0,0
1770,7,7,7,2.1479034422178245e-06,7,7,0,0
1771,2,2,2,1.929345703644003e-06,2,2,0,0
1772,7,7,7,1.9065640259885441e-06,7,7,0,0
1773,1,1,1,1.4350683592567748e-06,1,1,0,0
1774,8,8,8,2.3816906740137256e-06,8,8,0,0
1775,0,0,0,2.3847827144152234e-06,0,0,0,0
1776,7,7,7,1.9202636707404963e-06,7,7,0,0
1777,0,0,0,1.910349121558852e-06,0,0,0,0
1778,4,4,4,9.58220214286598e-07,4,4,0,0
1779,3,3,3,1.8854492189745997e-06,3,3,0,0
1780,1,1,1,1.1891040039291312e-06,1,1,0,0
1781,9,9,9,2.37973876959785e-06,9,9,0,0
1782,8,8,8,1.907913818044449e-06,8,8,0,0
1783,7,7,7,1.9290893558121525e-06,7,7,0,0
1784,7,7,7,2.1468566893112495e-06,7,7,0,0
1785,1,1,1,2.8586791991358496e-06,1,1,0,0
1786,4,4,4,1.4352148438590007e-06,4,4,0,0
1787,9,9,9,1.19464233394595e-06,9,9,0,0
1788,9,9,9,1.932666014781148e-06,9,9,0,0
1789,3,3,3,9.706542964948994e-07,3,3,0,0
1790,2,2,2,1.9119799805622506e-06,2,2,0,0
1791,1,1,1,1.905893554976501e-06,1,1,0,0
1792,7,7,7,1.939086914148902e-06,7,7,0,0
1793,9,9,9,1.9312255865600036e-06,9,9,0,0
1794,0,0,0,9.570019532390006e-07,0,0,0,0
1795,2,2,2,2.383585205212313e-06,2,2,0,0
1796,0,0,0,9.635986319977974e-07,0,0,0,0
1797,3,3,3,1.8987182617280496e-06,3,3,0,0
1798,3,3,3,1.9560058603929065e-06,3,3,0,0
1799,7,7,7,9.542480476909532e-07,7,7,0,0
1800,6,6,6,1.0729415893528937e-06,6,6,0,0
1801,9,9,9,1.0016601557083504e-06,9,9,0,0
1802,2,2,2,1.0723999328554612e-06,2,2,0,0
1803,3,3,3,1.9516113276552005e-06,3,3,0,0
1804,3,3,3,2.2689495848826624e-06,3,3,0,0
1805,7,7,7,1.1968615720725495e-06,7,7,0,0
1806,7,7,7,1.9108581543747505e-06,7,7,0,0
1807,0,0,0,1.9050463864189737e-06,0,0,0,0
1808,0,0,0,1.909196777560851e-06,0,0,0,0
1809,7,7,7,9.434814458586516e-07,7,7,0,0
1810,5,5,5,1.370786254839551e-06,5,5,0,0
1811,2,2,2,3.771411133612901e-06,2,2,0,0
1812,9,9,9,2.8913208005576507e-06,9,9,0,0
1813,8,8,8,2.8698242182656486e-06,8,8,0,0
1814,7,7,7,9.289184568217479e-07,7,7,0,0
1815,4,4,4,1.9132202151439515e-06,4,4,0,0
1816,4,4,4,1.867260742471899e-06,4,4,0,0
1817,2,2,2,1.4331384274868242e-06,2,2,0,0
1818,6,6,6,9.568298340312253e-07,6,6,0,0
1819,6,6,6,2.443691497822087e-06,6,6,0,0
1820,1,1,1,1.905383300027097e-06,1,1,0,0
1821,9,9,9,1.8745605476766514e-06,9,9,0,0
1822,6,6,6,2.8580297852798253e-06,6,6,0,0
1823,8,8,8,9.55263672608453e-07,8,8,0,0
1824,2,2,2,1.8891357420613986e-06,2,2,0,0
1825,9,9,9,2.38728515622455e-06,9,9,0,0
1826,0,0,0,2.385856933351249e-06,0,0,0,0
1827,8,8,8,2.8605102535550486e-06,8,8,0,0
1828,3,3,3,3.855249023132501e-06,3,3,0,0
1829,1,1,1,1.3085568237869438e-06,1,1,0,0
1830,1,1,1,1.9028540041432507e-06,1,1,0,0
1831,6,6,6,2.385395507786825e-06,6,6,0,0
1832,3,3,3,7.667065428762498e-06,3,3,0,0
1833,5,5,5,2.8522949211406967e-06,5,5,0,0
1834,1,1,1,1.432651367094806e-06,1,1,0,0
1835,1,1,1,9.550054933527008e-07,1,1,0,0
1836,1,1,1,9.574755859276252e-07,1,1,0,0
1837,3,3,3,2.904040528051155e-06,3,3,0,0
1838,1,1,1,2.3844578247445014e-06,1,1,0,0
1839,2,2,2,1.896838378812049e-06,2,2,0,0
1840,3,3,3,2.8369506832603975e-06,3,3,0,0
1841,0,0,0,1.903566894334574e-06,0,0,0,0
1842,2,2,2,2.906738281183152e-06,2,2,0,0
1843,0,0,0,1.4341320802024882e-06,0,0,0,0
1844,1,1,1,1.903508300316048e-06,1,1,0,0
1845,3,3,3,3.824072265956602e-06,3,3,0,0
1846,5,5,5,1.4318200687313265e-06,5,5,0,0
1847,5,5,5,1.905090332599002e-06,5,5,0,0
1848,7,7,7,9.860351557477998e-07,7,7,0,0
1849,4,4,4,4.778649902448251e-07,4,4,0,0
1850,8,8,8,9.572875976360251e-07,8,8,0,0
1851,9,9,9,2.8275024419599504e-06,9,9,0,0
1852,6,6,6,1.1920080567051627e-06,6,6,0,0
1853,9,9,9,1.1326997986227383e-06,9,9,0,0
1854,6,6,6,1.906696777354e-06,6,6,0,0
1855,8,8,8,1.4314697267536758e-06,8,8,0,0
1856,3,3,3,1.8801757803998953e-06,3,3,0,0
1857,6,6,6,2.862529297154026e-06,6,6,0,0
1858,6,6,6,3.7932128904571982e-06,6,6,0,0
1859,8,8,8,2.8649365226840473e-06,8,8,0,0
1860,5,5,5,1.9036621097257012e-06,5,5,0,0
1861,1,1,1,9.532022093861059e-07,1,1,0,0
1862,4,4,4,9.579492186162497e-07,4,4,0,0
1863,2,2,2,1.9187744140225504e-06,2,2,0,0
1864,4,4,4,1.8980224609776997e-06,4,4,0,0
1865,4,4,4,2.2055801391362984e-06,4,4,0,0
1866,5,5,5,9.95727539532254e-07,5,5,0,0
1867,1,1,1,9.570947261394736e-07,1,1,0,0
1868,1,1,1,2.3810693363657265e-06,1,1,0,0
1869,9,9,9,9.832324066039178e-07,9,9,0,0
1870,0,0,0,2.8606506345951743e-06,0,0,0,0
1871,2,2,2,2.8875610347256497e-06,2,2,0,0
1872,4,4,4,1.9098059080846497e-06,4,4,0,0
1873,9,9,9,1.906669922391302e-06,9,9,0,0
1874,5,5,5,1.4347497554467736e-06,5,5,0,0
1875,7,7,7,1.862670899299701e-06,7,7,0,0
1876,1,1,1,2.8573217765170966e-06,1,1,0,0
1877,8,8,8,1.4329846189653495e-06,8,8,0,0
1878,8,3,3,9.579644775215002e-07,3,3,0,0
1879,5,5,5,2.8613867186777497e-06,5,5,0,0
1880,6,0,0,2.863952635934197e-06,0,0,0,0
1881,9,9,9,9.719116214057522e-07,9,9,0,0
1882,8,8,8,1.9486938480639537e-06,8,8,0,0
1883,7,7,7,1.8946899409399975e-06,7,7,0,0
1884,1,1,1,1.9037988288062024e-06,1,1,0,0
1885,1,1,1,2.812951660047247e-06,1,1,0,0
1886,6,6,6,9.953369133341994e-07,6,6,0,0
1887,7,7,7,1.9514526368169527e-06,7,7,0,0
1888,6,6,6,2.1481225584984998e-06,6,6,0,0
1889,3,3,3,1.9012695311459993e-06,3,3,0,0
1890,2,2,2,1.8773193346532935e-06,2,2,0,0
1891,2,2,2,2.86055908205185e-06,2,2,0,0
1892,0,0,0,3.8121484369213476e-06,0,0,0,0
1893,8,8,8,1.951953123580097e-06,8,8,0,0
1894,9,9,9,1.9041625982652022e-06,9,9,0,0
1895,2,2,2,1.9075488282283004e-06,2,2,0,0
1896,5,5,5,1.9106494146825526e-06,5,5,0,0
1897,1,1,1,9.584411619911748e-07,1,1,0,0
1898,0,0,0,1.9079003905631e-06,0,0,0,0
1899,8,8,8,2.3873095704729508e-06,8,8,0,0
1900,1,1,1,1.1877386474345997e-06,1,1,0,0
1901,9,4,4,9.580688473675991e-07,4,4,0,0
1902,5,5,5,1.4345056156273017e-06,5,5,0,0
1903,7,7,7,9.55666504154351e-07,7,7,0,0
1904,9,9,9,1.429028320565351e-06,9,9,0,0
1905,6,6,6,1.9148437502281013e-06,6,6,0,0
1906,9,9,9,1.926745605729252e-06,9,9,0,0
1907,0,0,0,1.6683941650441625e-06,0,0,0,0
1908,6,6,6,1.1917783507842117e-06,6,6,0,0
1909,1,1,1,1.950134278061455e-06,1,1,0,0
1910,5,5,5,1.9074388122319874e-06,5,5,0,0
1911,5,5,5,2.8950439450170506e-06,5,5,0,0
1912,8,8,8,2.853540038927349e-06,8,8,0,0
1913,3,3,3,4.286643676909563e-06,3,3,0,0
1914,8,8,8,2.3798980715028506e-06,8,8,0,0
1915,2,2,2,2.8582385249720232e-06,2,2,0,0
1916,6,6,6,2.846850586379901e-06,6,6,0,0
1917,5,5,5,1.4339617919745251e-06,5,5,0,0
1918,0,0,0,2.026399047894145e-06,0,0,0,0
1919,7,7,7,1.4295959473997755e-06,7,7,0,0
1920,4,4,4,2.383912353742801e-06,4,4,0,0
1921,6,6,6,1.8607910163837005e-06,6,6,0,0
1922,1,1,1,2.865104979932198e-06,1,1,0,0
1923,3,3,3,1.4355065918181253e-06,3,3,0,0
1924,4,4,4,1.8951293938584968e-06,4,4,0,0
1925,7,7,7,3.786010740469692e-06,7,7,0,0
1926,3,3,3,2.886340331187398e-06,3,3,0,0
1927,2,2,2,1.8869628899409463e-06,2,2,0,0
1928,3,3,3,1.9065673839691044e-06,3,3,0,0
1929,4,4,4,2.8595788572616243e-06,4,4,0,0
1930,2,2,2,1.4318835450666256e-06,2,2,0,0
1931,5,5,5,1.9173706053976503e-06,5,5,0,0
1932,2,2,2,1.9566772468948557e-06,2,2,0,0
1933,7,7,7,5.679296876337503e-06,7,7,0,0
1934,1,1,1,9.497924802204238e-07,1,1,0,0
1935,7,7,7,2.3861450193507494e-06,7,7,0,0
1936,2,2,2,5.702661134421305e-06,2,2,0,0
1937,6,6,6,2.142115478331874e-06,6,6,0,0
1938,4,4,4,1.4273583985868754e-06,4,4,0,0
1939,1,1,1,1.4330676272322762e-06,1,1,0,0
1940,5,5,5,1.1920700988543587e-06,5,5,0,0
1941,7,7,7,9.542419432406746e-07,7,7,0,0
1942,8,8,8,2.027781982327781e-06,8,8,0,0
1943,6,6,6,1.434010009848663e-06,6,6,0,0
1944,0,0,0,1.902770995876324e-06,0,0,0,0
1945,1,1,1,3.818715820003149e-06,1,1,0,0
1946,8,8,8,2.8618212883912975e-06,8,8,0,0
1947,2,2,2,1.9034082026081478e-06,2,2,0,0
1948,5,5,5,1.0770108032076564e-06,5,5,0,0
1949,7,7,7,1.882958983401295e-06,7,7,0,0
1950,7,7,7,1.90311157233225e-06,7,7,0,0
1951,6,6,6,1.9102636716894494e-06,6,6,0,0
1952,9,9,9,1.8923828122296982e-06,9,9,0,0
1953,3,3,3,1.9200439460576035e-06,3,3,0,0
1954,5,5,5,2.86185668940675e-06,5,5,0,0
1955,8,8,8,1.4323547361527744e-06,8,8,0,0
1956,4,4,4,1.4339801026608257e-06,4,4,0,0
1957,2,2,2,1.1916132812705982e-06,2,2,0,0
1958,4,4,4,4.774365233828348e-06,4,4,0,0
1959,0,0,0,9.494360355688514e-07,0,0,0,0
1960,8,8,8,1.7921643067353443e-06,8,8,0,0
1961,8,8,8,3.791247559448152e-06,8,8,0,0
1962,3,3,3,1.9136474609382503e-06,3,3,0,0
1963,4,4,4,2.8643066407596507e-06,4,4,0,0
1964,9,9,9,2.0228866577376436e-06,9,9,0,0
1965,2,2,2,1.4271557615685992e-06,2,2,0,0
1966,7,7,7,1.9061889648952501e-06,7,7,0,0
1967,5,5,5,1.4297973631727245e-06,5,5,0,0
1968,8,8,8,9.580676270104505e-07,8,8,0,0
1969,6,6,6,1.251437713678527e-06,6,6,0,0
1970,5,5,5,2.88383789026625e-06,5,5,0,0
1971,6,6,6,3.816401367373601e-06,6,6,0,0
1972,0,0,0,1.3704863586205818e-06,0,0,0,0
1973,8,8,8,1.4342822263202493e-06,8,8,0,0
1974,6,6,6,1.8721923815689934e-06,6,6,0,0
1975,7,7,7,1.4307275391090002e-06,7,7,0,0
1976,3,3,3,2.863461913804599e-06,3,3,0,0
1977,6,6,6,2.3823291019908766e-06,6,6,0,0
1978,4,4,4,1.5534793091909194e-06,4,4,0,0
1979,9,9,9,9.893310544129008e-07,9,9,0,0
1980,4,4,4,2.147017212017488e-06,4,4,0,0
1981,6,6,6,1.902717895685413e-06,6,6,0,0
1982,6,6,6,3.861791991965902e-06,6,6,0,0
1983,3,3,3,1.911235961937763e-06,3,3,0,0
1984,2,2,2,2.8581945801242625e-06,2,2,0,0
1985,4,4,4,2.388735351743776e-06,4,4,0,0
1986,1,1,1,1.0693261718319746e-06,1,1,0,0
1987,0,0,0,1.8613647458920468e-06,0,0,0,0
1988,1,1,1,1.910517578807003e-06,1,1,0,0
1989,4,4,4,1.315289306580425e-06,4,4,0,0
1990,6,6,6,2.8630737300971987e-06,6,6,0,0
1991,2,2,2,1.30776489259965e-06,2,2,0,0
1992,9,9,9,2.8282592765549452e-06,9,9,0,0
1993,1,1,1,1.9065600582734987e-06,1,1,0,0
1994,1,1,1,1.9072314456636263e-06,1,1,0,0
1995,0,0,0,2.86520996084505e-06,0,0,0,0
1996,6,6,6,1.91167968743855e-06,6,6,0,0
1997,3,3,3,2.8716430655606473e-06,3,3,0,0
1998,9,9,9,1.5906908195501002e-06,9,9,0,0
1999,5,5,5,2.856430663555898e-06,5,5,0,0
2000,6,6,6,1.4283312985696739e-06,6,6,0,0
2001,5,5,5,3.8046630859156494e-06,5,5,0,0
2002,6,6,6,9.58218994151494e-07,6,6,0,0
2003,5,5,5,9.544665529048757e-07,5,5,0,0
2004,8,8,8,1.5497747802850625e-06,8,8,0,0
2005,4,4,4,1.4293347163629733e-06,4,4,0,0
2006,6,6,6,2.864819336423352e-06,6,6,0,0
2007,4,4,4,1.9056640638837052e-06,4,4,0,0
2008,3,3,3,1.907250366084412e-06,3,3,0,0
2009,9,9,9,1.4303124999948125e-06,9,9,0,0
2010,1,1,1,9.561010738678988e-07,1,1,0,0
2011,3,3,3,1.8835693360585992e-06,3,3,0,0
2012,4,4,4,2.873706055339653e-06,4,4,0,0
2013,1,1,1,1.4290979004627502e-06,1,1,0,0
2014,9,9,9,1.9254272469737543e-06,9,9,0,0
2015,1,1,1,9.546130375071016e-07,1,1,0,0
2016,7,7,7,3.86010742126075e-06,7,7,0,0
2017,1,1,1,1.425979004210376e-06,1,1,0,0
2018,1,8,8,1.9097192378580985e-06,8,8,0,0
2019,9,9,9,2.3805578610591738e-06,9,9,0,0
2020,3,3,3,3.7795410143814934e-06,3,3,0,0
2021,5,5,5,1.4347937007386236e-06,5,5,0,0
2022,4,4,4,1.87125244188735e-06,4,4,0,0
2023,0,0,0,7.198828124721501e-07,0,0,0,0
2024,7,7,7,1.9451538086912024e-06,7,7,0,0
2025,3,3,3,1.9048046873137991e-06,3,3,0,0
2026,6,6,6,1.923950195603652e-06,6,6,0,0
2027,1,1,1,6.555349426617951e-07,1,1,0,0
2028,7,7,7,1.6667047120222378e-06,7,7,0,0
2029,5,5,5,2.861828614086903e-06,5,5,0,0
2030,5,5,5,1.955517578977606e-06,5,5,0,0
2031,3,3,3,2.0267186889855182e-06,3,3,0,0
2032,3,3,3,1.4297753905267996e-06,3,3,0,0
2033,0,0,0,1.550274047801281e-06,0,0,0,0
2034,1,1,1,1.9059570313118002e-06,1,1,0,0
2035,5,3,3,1.8763671878474497e-06,3,3,0,0
2036,7,7,7,1.1877929688708377e-06,7,7,0,0
2037,5,5,5,1.6714831541086994e-06,5,5,0,0
2038,8,8,8,1.1928710939024256e-06,8,8,0,0
2039,6,6,6,1.9025292967711493e-06,6,6,0,0
2040,5,5,5,1.9055102535858737e-06,5,5,0,0
2041,1,1,1,1.4298815917968e-06,1,1,0,0
2042,0,0,0,1.9041625982652022e-06,0,0,0,0
2043,4,4,4,1.1899212646326873e-06,4,4,0,0
2044,2,7,7,1.908920898685551e-06,7,7,0,0
2045,3,3,3,2.388975830491802e-06,3,3,0,0
2046,4,4,4,1.9068359371487986e-06,4,4,0,0
2047,6,6,6,2.3835363771596008e-06,6,6,0,0
2048,7,7,7,2.3860302738043515e-06,7,7,0,0
2049,9,9,9,1.4273425295030506e-06,9,9,0,0
2050,8,8,8,2.8566662599871506e-06,8,8,0,0
2051,1,1,1,1.9071728516451003e-06,1,1,0,0
2052,8,8,8,1.9064868155282966e-06,8,8,0,0
2053,4,4,4,9.983398445712055e-07,4,4,0,0
2054,9,9,9,2.380128173662399e-06,9,9,0,0
2055,2,2,2,1.9111572271413024e-06,2,2,0,0
2056,8,8,8,1.9176757817263024e-06,8,8,0,0
2057,6,6,6,9.580505366812986e-07,6,6,0,0
2058,2,2,2,4.770056152736402e-06,2,2,0,0
2059,7,7,7,1.4307818603231937e-06,7,7,0,0
2060,0,0,0,1.922314453395302e-06,0,0,0,0
2061,0,0,0,1.911486816830177e-06,0,0,0,0
2062,6,6,6,2.8644287102252974e-06,6,6,0,0
2063,7,7,7,1.0722528076545501e-06,7,7,0,0
2064,5,5,5,2.8281616213376992e-06,5,5,0,0
2065,8,8,8,3.336177978319199e-06,8,8,0,0
2066,6,6,6,2.0268608093010343e-06,6,6,0,0
2067,0,0,0,1.4298767085918485e-06,0,0,0,0
2068,9,9,9,1.9053100590582517e-06,9,9,0,0
2069,3,3,3,2.9109374999336524e-06,3,3,0,0
2070,7,7,7,1.9037719720671475e-06,7,7,0,0
2071,1,1,1,5.957723998584186e-07,1,1,0,0
2072,3,3,3,1.9240234365724973e-06,3,3,0,0
2073,5,5,5,1.434434204306001e-06,5,5,0,0
2074,4,4,4,2.380960082870587e-06,4,4,0,0
2075,3,3,3,1.9068286132295498e-06,3,3,0,0
2076,3,3,3,1.934594727970307e-06,3,3,0,0
2077,5,5,5,2.8615039058266234e-06,5,5,0,0
2078,5,5,5,2.9005615242994054e-06,5,5,0,0
2079,6,6,6,2.865576171018347e-06,6,6,0,0
2080,3,3,3,3.819458008536003e-06,3,3,0,0
2081,0,0,0,1.4334863278619991e-06,0,0,0,0
2082,2,2,2,9.97485351206251e-07,2,2,0,0
2083,3,3,3,2.857923584009825e-06,3,3,0,0
2084,4,4,4,1.9031713867079247e-06,4,4,0,0
2085,2,2,2,5.682592775002604e-06,2,2,0,0
2086,3,3,3,3.7932617189539997e-06,3,3,0,0
2087,0,0,0,1.5492846374698388e-06,0,0,0,0
2088,9,9,9,2.9025878909294534e-06,9,9,0,0
2089,9,9,9,1.928210449975154e-06,9,9,0,0
2090,4,4,4,2.0289584350408063e-06,4,4,0,0
2091,7,7,7,1.91829833973145e-06,7,7,0,0
2092,2,2,2,1.9078344735135033e-06,2,2,0,0
2093,8,8,8,1.9078527833116254e-06,8,8,0,0
2094,4,4,4,9.986938476203022e-07,4,4,0,0
2095,7,7,7,1.9524414049953975e-06,7,7,0,0
2096,0,0,0,1.9066064451678244e-06,0,0,0,0
2097,6,6,6,1.9041955567900004e-06,6,6,0,0
2098,2,2,2,1.905920409939199e-06,2,2,0,0
2099,8,8,8,3.7694335937032974e-06,8,8,0,0
2100,5,5,5,2.906530761848103e-06,5,5,0,0
2101,2,2,2,2.8388061519279972e-06,2,2,0,0
2102,8,8,8,1.431750488389838e-06,8,8,0,0
2103,5,5,5,1.908312988518901e-06,5,5,0,0
2104,7,7,7,1.916235351728801e-06,7,7,0,0
2105,3,3,3,2.823400878426696e-06,3,3,0,0
2106,0,0,0,1.4276831050707983e-06,0,0,0,0
2107,8,8,8,1.9082885742705002e-06,8,8,0,0
2108,2,2,2,1.907885742724602e-06,2,2,0,0
2109,3,3,3,9.5646972653185e-07,3,3,0,0
2110,2,2,2,1.9119946292889267e-06,2,2,0,0
2111,8,8,8,3.812329101293699e-06,8,8,0,0
2112,2,2,2,1.5792985763596334e-06,2,2,0,0
2113,5,5,5,1.4292230225976255e-06,5,5,0,0
2114,5,5,5,1.9030664066832514e-06,5,5,0,0
2115,7,7,7,1.938623046982002e-06,7,7,0,0
2116,6,6,6,2.857509765696875e-06,6,6,0,0
2117,4,4,4,2.3861303715122517e-06,4,4,0,0
2118,6,0,0,1.9115979004169503e-06,0,0,0,0
2119,8,8,8,9.87011718578401e-07,8,8,0,0
2120,4,4,4,3.810445556418074e-06,4,4,0,0
2121,8,8,8,2.6201776122114495e-06,8,8,0,0
2122,2,2,2,1.911813964028397e-06,2,2,0,0
2123,7,7,7,1.911881103211499e-06,7,7,0,0
2124,4,4,4,1.9345458976971486e-06,4,4,0,0
2125,5,5,5,9.579772948242748e-07,5,5,0,0
2126,2,2,2,3.847790527089501e-06,2,2,0,0
2127,0,0,0,1.9668598633115764e-06,0,0,0,0
2128,3,3,3,2.3838500977646504e-06,3,3,0,0
2129,9,8,8,1.7849444580164686e-06,8,8,0,0
2130,4,9,9,2.856762694847248e-06,9,9,0,0
2131,6,6,6,9.527575679513234e-07,6,6,0,0
2132,7,7,7,9.35607909369196e-07,7,7,0,0
2133,2,2,2,2.8633032229663513e-06,2,2,0,0
2134,5,5,5,9.55737304408899e-07,5,5,0,0
2135,6,1,1,7.180029295561496e-07,1,1,0,0
2136,1,1,1,9.981323234597994e-07,1,1,0,0
2137,1,1,1,1.9120605472267016e-06,1,1,0,0
2138,2,2,2,3.782421874376496e-06,2,2,0,0
2139,3,3,3,1.9083251956431013e-06,3,3,0,0
2140,6,6,6,1.912297364015103e-06,6,6,0,0
2141,7,7,7,1.9251953133903044e-06,7,7,0,0
2142,8,8,8,1.8182747039685587e-06,8,8,0,0
2143,7,7,7,1.9107925415262628e-06,7,7,0,0
2144,6,6,6,9.530273441527015e-07,6,6,0,0
2145,4,4,4,2.386423339828525e-06,4,4,0,0
2146,8,8,8,1.935961915222606e-06,8,8,0,0
2147,9,9,9,1.4255468752111256e-06,9,9,0,0
2148,4,4,4,9.566888428125253e-07,4,4,0,0
2149,8,8,8,2.864318847883851e-06,8,8,0,0
2150,6,6,6,3.8117529292946983e-06,6,6,0,0
2151,3,3,3,3.796899413543997e-06,3,3,0,0
2152,8,8,8,2.8590380853898978e-06,8,8,0,0
2153,3,3,3,1.1925891114650256e-06,3,3,0,0
2154,1,1,1,1.9149536125695477e-06,1,1,0,0
2155,0,0,0,3.828613280631998e-06,0,0,0,0
2156,6,6,6,1.5520034790661441e-06,6,6,0,0
2157,2,2,2,2.8940185554660047e-06,2,2,0,0
2158,2,2,2,3.8490844733729546e-06,2,2,0,0
2159,5,5,5,1.925671385905048e-06,5,5,0,0
2160,6,6,6,2.9105468755119546e-06,6,6,0,0
2161,9,9,9,1.9057067870420497e-06,9,9,0,0
2162,5,5,5,1.8724365240530005e-06,5,5,0,0
2163,8,8,8,1.930102538238998e-06,8,8,0,0
2164,1,1,1,1.906821289310301e-06,1,1,0,0
2165,4,4,4,1.912573242890403e-06,4,4,0,0
2166,1,1,1,1.9105761719373504e-06,1,1,0,0
2167,7,7,7,1.4255383300465496e-06,7,7,0,0
2168,8,8,8,2.87126464826315e-06,8,8,0,0
2169,4,4,4,9.70812989109504e-07,4,4,0,0
2170,6,6,6,1.8731689443995947e-06,6,6,0,0
2171,1,1,1,1.4284094236316491e-06,1,1,0,0
2172,8,8,8,1.937890626635408e-06,8,8,0,0
2173,4,4,4,3.7702636710434945e-06,4,4,0,0
2174,3,3,3,1.9073413088932512e-06,3,3,0,0
2175,1,1,1,1.1889944457887935e-06,1,1,0,0
2176,2,2,2,1.932226561862649e-06,2,2,0,0
2177,8,8,8,1.4295547485776439e-06,8,8,0,0
2178,0,0,0,1.4292639161084253e-06,0,0,0,0
2179,8,8,8,2.887133788931351e-06,8,8,0,0
2180,5,5,5,2.387342528997749e-06,5,5,0,0
2181,9,9,9,3.852587891373105e-06,9,9,0,0
2182,1,1,1,1.9114575193768246e-06,1,1,0,0
2183,4,4,4,2.8566101075711003e-06,4,4,0,0
2184,2,2,2,1.9219726556940486e-06,2,2,0,0
2185,0,0,0,1.190728454503187e-06,0,0,0,0
2186,2,2,2,2.8579736319755966e-06,2,2,0,0
2187,7,7,7,2.8596508787614994e-06,7,7,0,0
2188,0,0,0,1.9137207036834525e-06,0,0,0,0
2189,9,9,9,1.9096777341687243e-06,9,9,0,0
2190,0,0,0,1.908498534319847e-06,0,0,0,0
2191,2,2,2,2.862111816881452e-06,2,2,0,0
2192,5,5,5,1.909902342944747e-06,5,5,0,0
2193,7,7,7,1.4295034789224559e-06,7,7,0,0
2194,6,6,6,1.4296350094866739e-06,6,6,0,0
2195,7,7,7,1.429525146257049e-06,7,7,0,0
2196,9,9,9,1.909333495753174e-06,9,9,0,0
2197,4,4,4,1.90935424804195e-06,4,4,0,0
2198,2,2,2,2.879223632845651e-06,2,2,0,0
2199,6,6,6,9.993896483706521e-07,6,6,0,0
2200,2,2,2,1.947534180146704e-06,2,2,0,0
2201,4,4,4,4.7652954098253986e-06,4,4,0,0
2202,4,4,4,1.9078710931097476e-06,4,4,0,0
2203,8,8,8,3.1016052246535253e-06,8,8,0,0
2204,0,0,0,9.668244670510851e-07,0,0,0,0
2205,4,4,4,1.912014160332376e-06,4,4,0,0
2206,4,4,4,1.9046765133978738e-06,4,4,0,0
2207,5,5,5,1.4295141603781758e-06,5,5,0,0
2208,8,8,8,9.660400390743007e-07,8,8,0,0
2209,0,0,0,2.3819403076608126e-06,0,0,0,0
2210,6,6,6,1.4284411617992987e-06,6,6,0,0
2211,8,8,8,2.8814331063387044e-06,8,8,0,0
2212,9,9,9,2.8311035151773467e-06,9,9,0,0
2213,8,8,8,3.831884765048699e-06,8,8,0,0
2214,5,5,5,1.911669921028647e-06,5,5,0,0
2215,6,6,6,3.795434571074452e-06,6,6,0,0
2216,9,9,9,2.8992553708917512e-06,9,9,0,0
2217,0,0,0,9.57390136946401e-07,0,0,0,0
2218,4,4,4,1.9094604493119505e-06,4,4,0,0
2219,8,8,8,2.851110838975046e-06,8,8,0,0
2220,7,7,7,2.836230468261647e-06,7,7,0,0
2221,1,1,1,1.9085461424594996e-06,1,1,0,0
2222,3,3,3,2.387127685743451e-06,3,3,0,0
2223,4,4,4,1.9335083010219023e-06,4,4,0,0
2224,5,5,5,1.872619629139649e-06,5,5,0,0
2225,8,8,8,1.906267089069047e-06,8,8,0,0
2226,0,0,0,2.027016735073328e-06,0,0,0,0
2227,9,9,9,9.764892574537498e-07,9,9,0,0
2228,1,1,1,1.4326708983602998e-06,1,1,0,0
2229,3,3,3,1.935058595137207e-06,3,3,0,0
2230,3,3,3,2.7430368041425623e-06,3,3,0,0
2231,6,6,6,2.385809326099775e-06,6,6,0,0
2232,9,9,9,2.2649792481566067e-06,9,9,0,0
2233,8,8,8,1.9135498057210043e-06,8,8,0,0
2234,7,7,7,1.1913677977481996e-06,7,7,0,0
2235,1,1,1,9.572900392385009e-07,1,1,0,0
2236,0,0,0,9.546209716049248e-07,0,0,0,0
2237,5,5,5,3.8161926267932245e-06,5,5,0,0
2238,7,7,7,3.3360095210710483e-06,7,7,0,0
2239,1,1,1,1.9122021477357976e-06,1,1,0,0
2240,7,7,7,1.9515136706615976e-06,7,7,0,0
2241,5,5,5,1.4340515139821264e-06,5,5,0,0
2242,2,2,2,1.431953124964025e-06,2,2,0,0
2243,7,7,7,9.585839837455978e-07,7,7,0,0
2244,9,9,9,2.8736206054702507e-06,9,9,0,0
2245,1,1,1,1.4257202147760495e-06,1,1,0,0
2246,8,8,8,1.911361083628549e-06,8,8,0,0
2247,5,5,5,3.700348816026988e-06,5,5,0,0
2248,2,2,2,1.7843133544026557e-06,2,2,0,0
2249,4,4,4,1.911186522818298e-06,4,4,0,0
2250,9,9,9,1.906579589316948e-06,9,9,0,0
2251,4,4,4,3.818449707537752e-06,4,4,0,0
2252,7,7,7,1.42937377933805e-06,7,7,0,0
2253,2,2,2,2.8431396490447014e-06,2,2,0,0
2254,2,2,2,2.857834472180798e-06,2,2,0,0
2255,3,3,3,2.8429809564300967e-06,3,3,0,0
2256,4,4,4,1.890979003604798e-06,4,4,0,0
2257,9,9,9,2.8893188481760035e-06,9,9,0,0
2258,1,1,1,1.9026733397708995e-06,1,1,0,0
2259,9,9,9,2.8672241203508975e-06,9,9,0,0
2260,2,2,2,1.8840576174738999e-06,2,2,0,0
2261,1,1,1,1.4296447750083985e-06,1,1,0,0
2262,7,7,7,1.9034301761422512e-06,7,7,0,0
2263,9,9,9,2.1486407471016378e-06,9,9,0,0
2264,4,4,4,1.4322412109635252e-06,4,4,0,0
2265,4,4,4,3.8162890625415e-06,4,4,0,0
2266,1,1,1,2.7115444183323234e-06,1,1,0,0
2267,6,6,6,1.927075194529948e-06,6,6,0,0
2268,7,7,7,1.9426025392732527e-06,7,7,0,0
2269,2,2,2,1.9259643551094996e-06,2,2,0,0
2270,7,7,7,1.434343261941251e-06,7,7,0,0
2271,8,8,8,3.815700073239725e-06,8,8,0,0
2272,8,8,8,3.696750793480419e-06,8,8,0,0
2273,1,1,1,9.510900875753237e-07,1,1,0,0
2274,9,9,9,9.60327147581097e-07,9,9,0,0
2275,7,7,7,1.4306927491603005e-06,7,7,0,0
2276,1,1,1,9.503198246108013e-07,1,1,0,0
2277,1,1,1,9.550311279582502e-07,1,1,0,0
2278,7,7,7,3.84753417925765e-06,7,7,0,0
2279,5,5,5,2.8627954105076014e-06,5,5,0,0
2280,3,3,3,1.912127685521625e-06,3,3,0,0
2281,3,3,3,1.904146728293199e-06,3,3,0,0
2282,5,5,5,3.339228515919501e-06,5,5,0,0
2283,1,1,1,2.3822985841803757e-06,1,1,0,0
2284,3,3,3,3.7909423831195e-06,3,3,0,0
2285,7,7,7,1.9114868159419984e-06,7,7,0,0
2286,6,6,6,1.957324219148404e-06,6,6,0,0
2287,1,1,1,1.908830565611197e-06,1,1,0,0
2288,3,3,3,1.909428711144301e-06,3,3,0,0
2289,8,8,8,1.911135253607199e-06,8,8,0,0
2290,7,7,7,9.54211426318352e-07,7,7,0,0
2291,5,5,5,2.8654638679626032e-06,5,5,0,0
2292,9,9,9,1.429613036840749e-06,9,9,0,0
2293,9,0,0,1.908609619238888e-06,0,0,0,0
2294,0,0,0,1.912109375723503e-06,0,0,0,0
2295,0,0,0,1.9023876944856966e-06,0,0,0,0
2296,2,2,2,2.9097412106438014e-06,2,2,0,0
2297,8,8,8,1.4896390075902488e-06,8,8,0,0
2298,8,8,8,1.9051550292914499e-06,8,8,0,0
2299,2,2,2,2.864880370267997e-06,2,2,0,0
2300,3,3,3,1.9113891607247524e-06,3,3,0,0
2301,7,7,7,1.9562744135726007e-06,7,7,0,0
2302,1,1,1,1.9032543949748515e-06,1,1,0,0
2303,3,3,3,5.766455078770605e-06,3,3,0,0
2304,0,0,0,2.862753905930049e-06,0,0,0,0
2305,3,3,3,3.859545898876604e-06,3,3,0,0
2306,4,4,4,1.9339721681888022e-06,4,4,0,0
2307,4,4,4,2.8977050785528036e-06,4,4,0,0
2308,3,3,3,2.82608642621085e-06,3,3,0,0
2309,8,8,8,1.9101855475156526e-06,8,8,0,0
2310,9,9,9,2.904675293180503e-06,9,9,0,0
2311,2,2,2,1.925646973433004e-06,2,2,0,0
2312,3,3,3,1.9091821297223532e-06,3,3,0,0
2313,9,9,9,2.3818591312618764e-06,9,9,0,0
2314,7,7,7,1.908145752071988e-06,7,7,0,0
2315,1,1,1,9.580273445664034e-07,1,1,0,0
2316,1,1,1,1.1874780274645502e-06,1,1,0,0
2317,7,7,7,9.519140622415989e-07,7,7,0,0
2318,0,0,0,9.570263674874013e-07,0,0,0,0
2319,4,4,4,1.92994384740075e-06,4,4,0,0
2320,9,9,9,1.191002807487962e-06,9,9,0,0
2321,6,6,6,1.9467529313033083e-06,6,6,0,0
2322,5,5,5,9.855102547362549e-07,5,5,0,0
2323,9,9,9,1.9071816864113522e-06,9,9,0,0
2324,1,1,1,1.4290466312516514e-06,1,1,0,0
2325,7,7,7,1.9064221188358488e-06,7,7,0,0
2326,0,0,0,1.9389648429068984e-06,0,0,0,0
2327,2,2,2,1.9352783198200996e-06,2,2,0,0
2328,0,0,0,9.561865237373013e-07,0,0,0,0
2329,0,2,2,1.9118994138977996e-06,2,2,0,0
2330,4,4,4,1.9076293948927514e-06,4,4,0,0
2331,6,6,6,1.5199152313266628e-06,6,6,0,0
2332,7,7,7,9.059326178117999e-07,7,7,0,0
2333,0,0,0,1.1913714601519132e-06,0,0,0,0
2334,7,7,7,1.9229736327730507e-06,7,7,0,0
2335,1,1,1,2.8580621336260492e-06,1,1,0,0
2336,4,4,4,1.188865356382962e-06,4,4,0,0
2337,6,6,6,1.434871215844069e-06,6,6,0,0
2338,4,4,4,3.097671508633937e-06,4,4,0,0
2339,5,5,5,1.4280297850888246e-06,5,5,0,0
2340,4,4,4,2.3844189449562236e-06,4,4,0,0
2341,9,9,9,1.4352130128791885e-06,9,9,0,0
2342,9,9,9,1.9029858400188004e-06,9,9,0,0
2343,1,1,1,1.996713928198446e-06,1,1,0,0
2344,7,7,7,1.8675781241483946e-06,7,7,0,0
2345,9,9,9,9.835937504476533e-07,9,9,0,0
2346,5,5,5,2.905639648886904e-06,5,5,0,0
2347,3,3,3,1.8786865219055926e-06,3,3,0,0
2348,3,3,3,3.817260743943507e-06,3,3,0,0
2349,8,8,8,4.729638671818748e-06,8,8,0,0
2350,2,2,2,1.4296179200457004e-06,2,2,0,0
2351,3,3,3,1.911831054357549e-06,3,3,0,0
2352,6,6,6,2.8647509768831014e-06,6,6,0,0
2353,2,2,2,1.904760743798306e-06,2,2,0,0
2354,2,2,2,3.7936523433756975e-06,2,2,0,0
2355,1,1,1,2.3877246095871385e-06,1,1,0,0
2356,1,1,1,9.549121084972967e-07,1,1,0,0
2357,1,1,1,2.8608569344612533e-06,1,1,0,0
2358,1,1,1,2.863876953362876e-06,1,1,0,0
2359,1,1,1,1.9119238281462003e-06,1,1,0,0
2360,6,6,6,9.99487305364255e-07,6,6,0,0
2361,9,9,9,1.9118530278916523e-06,9,9,0,0
2362,8,8,8,1.885888671893099e-06,8,8,0,0
2363,4,4,4,2.8358886723367505e-06,4,4,0,0
2364,3,3,3,1.876440428816295e-06,3,3,0,0
2365,7,7,7,1.4265161132342996e-06,7,7,0,0
2366,1,1,1,2.8567504877230476e-06,1,1,0,0
2367,6,6,6,1.9216064455207515e-06,6,6,0,0
2368,4,4,4,9.755126946231485e-07,4,4,0,0
2369,5,3,3,2.143724365133437e-06,3,3,0,0
2370,0,0,0,1.909919433273899e-06,0,0,0,0
2371,4,4,4,1.9118701164444474e-06,4,4,0,0
2372,7,7,7,1.9113208011845018e-06,7,7,0,0
2373,4,4,4,2.856530761263798e-06,4,4,0,0
2374,2,2,2,1.90991210935465e-06,2,2,0,0
2375,4,4,4,1.4258908080932997e-06,4,4,0,0
2376,0,0,0,2.3867895508900006e-06,0,0,0,0
2377,7,7,7,1.9100817869599496e-06,7,7,0,0
2378,0,0,0,1.0723141479207499e-06,0,0,0,0
2379,1,1,1,2.8356933601259016e-06,1,1,0,0
2380,9,9,9,2.3807836910805236e-06,9,9,0,0
2381,8,8,8,1.904902344307402e-06,8,8,0,0
2382,8,8,8,1.9444335936924517e-06,8,8,0,0
2383,6,6,6,1.7914395140650186e-06,6,6,0,0
2384,0,0,0,1.075278625473075e-06,0,0,0,0
2385,0,0,0,1.434782104681176e-06,0,0,0,0
2386,4,4,4,3.8168798823789984e-06,4,4,0,0
2387,9,9,9,9.539978025330242e-07,9,9,0,0
2388,6,6,6,2.1443695068512625e-06,6,6,0,0
2389,8,8,8,2.8609191895512254e-06,8,8,0,0
2390,2,2,2,2.8695312508375537e-06,2,2,0,0
2391,2,2,2,2.858173827391397e-06,2,2,0,0
2392,3,3,3,2.9091796882596554e-06,3,3,0,0
2393,8,8,8,1.9424072270624038e-06,8,8,0,0
2394,4,4,4,2.8717895510510516e-06,4,4,0,0
2395,8,8,8,1.6693487547847496e-06,8,8,0,0
2396,2,2,2,2.9099121086062496e-06,2,2,0,0
2397,2,2,2,1.4326293946709256e-06,2,2,0,0
2398,1,1,1,1.907446289806103e-06,1,1,0,0
2399,7,7,7,1.9310546868211986e-06,7,7,0,0
2400,5,5,5,2.3862286377962505e-06,5,5,0,0
2401,4,4,4,1.4328002926333738e-06,4,4,0,0
2402,4,4,4,3.7844360356587003e-06,4,4,0,0
2403,0,0,0,1.9026928708143487e-06,0,0,0,0
2404,4,4,4,7.16295776470588e-07,4,4,0,0
2405,3,3,3,1.19194091796615e-06,3,3,0,0
2406,9,9,9,9.500219730895765e-07,9,9,0,0
2407,7,7,7,1.43309692379745e-06,7,7,0,0
2408,3,3,3,1.909294432778097e-06,3,3,0,0
2409,1,1,1,1.7870660400376437e-06,1,1,0,0
2410,0,0,0,1.891711425727749e-06,0,0,0,0
2411,1,1,1,1.9068823240431243e-06,1,1,0,0
2412,2,2,2,1.4300500490449508e-06,2,2,0,0
2413,5,5,5,2.856790771055273e-06,5,5,0,0
2414,9,9,9,2.8594531249481747e-06,9,9,0,0
2415,2,2,2,1.370680511425526e-06,2,2,0,0
2416,1,1,1,1.9023498536441252e-06,1,1,0,0
2417,0,0,0,1.906830444209362e-06,0,0,0,0
2418,1,1,1,1.9121582024439476e-06,1,1,0,0
2419,8,8,8,1.853367818070717e-06,8,8,0,0
2420,9,9,9,9.530847169259005e-07,9,9,0,0
2421,1,1,1,1.3713859557951125e-06,1,1,0,0
2422,6,6,6,2.388966064081899e-06,6,6,0,0
2423,8,8,8,1.8621093751391982e-06,8,8,0,0
2424,3,3,3,1.9070922849806493e-06,3,3,0,0
2425,8,8,8,1.9044787595845492e-06,8,8,0,0
2426,9,9,9,1.3712025604406541e-06,9,9,0,0
2427,3,3,3,3.845996094042903e-06,3,3,0,0
2428,6,6,6,1.9300781239905973e-06,6,6,0,0
2429,2,2,2,9.61987304037848e-07,2,2,0,0
2430,8,8,8,9.180908211448013e-07,8,8,0,0
2431,3,3,3,3.6354250487757866e-06,3,3,0,0
2432,2,2,2,3.8337402337162985e-06,2,2,0,0
2433,2,2,2,1.912160644934602e-06,2,2,0,0
2434,1,1,1,1.6707681274041875e-06,1,1,0,0
2435,0,0,0,1.9035961908997479e-06,0,0,0,0
2436,4,4,4,1.546082153414119e-06,4,4,0,0
2437,2,2,2,1.9029248043977987e-06,2,2,0,0
2438,9,9,9,9.813354484577985e-07,9,9,0,0
2439,2,2,2,2.865964355613926e-06,2,2,0,0
2440,4,4,4,1.9097473140661236e-06,4,4,0,0
2441,3,3,3,3.836621093711301e-06,3,3,0,0
2442,7,7,7,1.9105126956020513e-06,7,7,0,0
2443,9,9,9,1.9147216789860977e-06,9,9,0,0
2444,1,1,1,4.795672607915691e-07,1,1,0,0
2445,5,5,5,2.8656811519311987e-06,5,5,0,0
2446,2,2,2,1.922119139408096e-06,2,2,0,0
2447,4,4,4,1.1936975097270874e-06,4,4,0,0
2448,9,9,9,1.8668334966776001e-06,9,9,0,0
2449,0,0,0,9.579760744671262e-07,0,0,0,0
2450,3,3,3,1.673623046816175e-06,3,3,0,0
2451,8,8,8,1.930273437977803e-06,8,8,0,0
2452,5,5,5,2.8407592775892e-06,5,5,0,0
2453,3,3,3,9.631103523588536e-07,3,3,0,0
2454,6,6,6,1.4302014159639498e-06,6,6,0,0
2455,0,0,0,1.908073731016202e-06,0,0,0,0
2456,9,9,9,1.0776211547547376e-06,9,9,0,0
2457,4,4,4,1.4316717531492884e-06,4,4,0,0
2458,6,6,6,1.8817871101362016e-06,6,6,0,0
2459,2,2,2,1.9077978521409023e-06,2,2,0,0
2460,5,5,5,3.7935302739100507e-06,5,5,0,0
2461,0,0,0,1.5543243407911689e-06,0,0,0,0
2462,2,0,0,1.910042724873051e-06,0,0,0,0
2463,7,7,7,9.564819336560504e-07,7,7,0,0
2464,4,4,4,2.863828125754253e-06,4,4,0,0
2465,6,6,6,2.865290527509501e-06,6,6,0,0
2466,6,6,6,9.556372067009988e-07,6,6,0,0
2467,8,8,8,2.147974853539125e-06,8,8,0,0
2468,6,6,6,1.9339477539404015e-06,6,6,0,0
2469,6,6,6,1.910485839751175e-06,6,6,0,0
2470,8,8,8,1.903222656807202e-06,8,8,0,0
2471,6,6,6,9.877807620739532e-07,6,6,0,0
2472,9,9,9,1.907487289454224e-06,9,9,0,0
2473,1,1,1,2.738951110803356e-06,1,1,0,0
2474,7,7,7,1.876806638989592e-06,7,7,0,0
2475,2,2,2,1.9257934571470514e-06,2,2,0,0
2476,5,5,5,2.3872900389854124e-06,5,5,0,0
2477,9,9,9,1.9046472168327e-06,9,9,0,0
2478,9,9,9,2.385740966559524e-06,9,9,0,0
2479,0,0,0,7.450080108384327e-07,0,0,0,0
2480,7,7,7,1.933300781686853e-06,7,7,0,0
2481,2,2,2,2.8428833012128507e-06,2,2,0,0
2482,7,7,7,1.922680663568599e-06,7,7,0,0
2483,6,6,6,1.000183106114605e-06,6,6,0,0
2484,7,7,7,1.7280539245656534e-06,7,7,0,0
2485,0,0,0,9.562756346781498e-07,0,0,0,0
2486,6,6,6,1.0137781066843488e-06,6,6,0,0
2487,5,5,5,2.8605578616947014e-06,5,5,0,0
2488,2,4,4,1.4280651852160986e-06,4,4,0,0
2489,4,4,4,2.859050292514098e-06,4,4,0,0
2490,7,7,7,9.527380369078742e-07,7,7,0,0
2491,2,2,2,1.9551025385311505e-06,2,2,0,0
2492,0,0,0,2.148875732466138e-06,0,0,0,0
2493,9,9,9,1.892016602056401e-06,9,9,0,0
2494,9,9,9,1.9377685553934043e-06,9,9,0,0
2495,2,2,2,1.9498779302296043e-06,2,2,0,0
2496,2,2,2,1.8824829108865515e-06,2,2,0,0
2497,9,9,9,3.8146093750413e-06,9,9,0,0
2498,4,4,4,2.857336426131951e-06,4,4,0,0
2499,4,4,4,3.816699219783004e-06,4,4,0,0
2500,2,2,2,1.192509155423238e-06,2,2,0,0
2501,3,3,3,1.9030834961242249e-06,3,3,0,0
2502,3,3,3,3.7879882803792952e-06,3,3,0,0
2503,2,2,2,1.9328369127435963e-06,2,2,0,0
2504,1,1,1,1.6666326905223627e-06,1,1,0,0
2505,7,7,7,1.4280200195671e-06,7,7,0,0
2506,0,0,0,9.53978271489575e-07,0,0,0,0
2507,7,7,7,1.9443603527236064e-06,7,7,0,0
2508,6,6,6,9.515441896645882e-07,6,6,0,0
2509,4,4,4,2.825756835633797e-06,4,4,0,0
2510,1,1,1,1.9054248046046496e-06,1,1,0,0
2511,3,3,3,1.9049694826023256e-06,3,3,0,0
2512,8,8,8,3.831896972172899e-06,8,8,0,0
2513,7,7,7,3.841809082416603e-06,7,7,0,0
2514,4,4,4,1.9100378416680996e-06,4,4,0,0
2515,5,5,5,2.8194213861354456e-06,5,5,0,0
2516,9,9,9,3.818142090494803e-06,9,9,0,0
2517,2,2,2,2.857326659722048e-06,2,2,0,0
2518,5,5,5,1.9158203130587026e-06,5,5,0,0
2519,1,1,1,1.1915698241438122e-06,1,1,0,0
2520,8,8,8,1.4323962398421486e-06,8,8,0,0
2521,7,7,7,2.859385070719256e-06,7,7,0,0
2522,3,3,3,2.8692626958815026e-06,3,3,0,0
2523,7,7,7,8.638065338018031e-07,7,7,0,0
2524,1,1,1,5.065921646063565e-07,1,1,0,0
2525,5,5,5,2.3841735838914246e-06,5,5,0,0
2526,5,5,5,4.291102294828875e-06,5,5,0,0
2527,0,0,0,3.8096679695343028e-06,0,0,0,0
2528,9,9,9,1.9057861329052628e-06,9,9,0,0
2529,1,1,1,1.9108789057753484e-06,1,1,0,0
2530,4,4,4,2.379804687535625e-06,4,4,0,0
2531,0,0,0,1.9058337406008263e-06,0,0,0,0
2532,6,6,6,9.520678707630736e-07,6,6,0,0
2533,3,3,3,1.426746826460601e-06,3,3,0,0
2534,3,3,3,2.859746093264448e-06,3,3,0,0
2535,6,6,6,1.9310546868211986e-06,6,6,0,0
2536,0,0,0,1.9400390627311026e-06,0,0,0,0
2537,4,4,4,2.9086059569749523e-06,4,4,0,0
2538,9,9,9,1.9164184568154496e-06,9,9,0,0
2539,7,7,7,2.085790130612608e-06,7,7,0,0
2540,5,5,5,2.857583007553899e-06,5,5,0,0
2541,1,1,1,7.121673584187249e-07,1,1,0,0
2542,6,6,6,5.963390197205598e-07,6,6,0,0
2543,8,8,8,2.383120117244175e-06,8,8,0,0
2544,9,9,9,9.958984374947022e-07,9,9,0,0
2545,5,5,5,1.8653076168106963e-06,5,5,0,0
2546,5,5,5,2.3873413086406003e-06,5,5,0,0
2547,7,7,7,1.9341552750518076e-06,7,7,0,0
2548,9,9,9,1.860241699347398e-06,9,9,0,0
2549,3,3,3,4.2899096683868265e-06,3,3,0,0
2550,8,8,8,2.563445953396304e-06,8,8,0,0
2551,3,3,3,2.8572473143029242e-06,3,3,0,0
2552,8,8,8,1.904821777642951e-06,8,8,0,0
2553,1,1,1,9.831488952394274e-07,1,1,0,0
2554,5,5,5,2.8775512692647e-06,5,5,0,0
2555,3,3,3,1.3115147781406211e-06,3,3,0,0
2556,5,5,5,9.584594726774753e-07,5,5,0,0
2557,0,0,0,2.0260704650665318e-06,0,0,0,0
2558,5,5,5,2.8150878907950982e-06,5,5,0,0
2559,5,5,5,2.9007690436344546e-06,5,5,0,0
2560,3,3,3,1.281212326065262e-06,3,3,0,0
2561,8,8,8,1.4315710448187247e-06,8,8,0,0
2562,6,6,6,1.4292492673817492e-06,6,6,0,0
2563,7,7,7,1.948608399970908e-06,7,7,0,0
2564,7,7,7,1.871850585644097e-06,7,7,0,0
2565,7,7,7,1.425867919735424e-06,7,7,0,0
2566,3,3,3,1.924487305515754e-06,3,3,0,0
2567,7,7,7,2.3797070314302005e-06,7,7,0,0
2568,0,0,0,1.9096826164854974e-06,0,0,0,0
2569,5,5,5,1.9071313470675477e-06,5,5,0,0
2570,9,9,9,1.9101928714349015e-06,9,9,0,0
2571,0,0,0,8.388513184076629e-07,0,0,0,0
2572,2,2,2,4.758251952452497e-06,2,2,0,0
2573,5,5,5,3.8101757819930526e-06,5,5,0,0
2574,5,5,5,9.580651854079747e-07,5,5,0,0
2575,3,3,3,1.9267089861330078e-06,3,3,0,0
2576,1,1,1,9.489843746379734e-07,1,1,0,0
2577,7,7,7,9.505908202811497e-07,7,7,0,0
2578,7,7,7,9.584130857831497e-07,7,7,0,0
2579,8,8,8,1.9079382322928495e-06,8,8,0,0
2580,6,6,6,1.4353448487547382e-06,6,6,0,0
2581,5,5,5,1.0014892577459023e-06,5,5,0,0
2582,9,9,9,2.388997803137727e-06,9,9,0,0
2583,3,3,3,1.9186523445569037e-06,3,3,0,0
2584,8,8,8,2.8172241215429494e-06,8,8,0,0
2585,9,9,9,9.551879891489534e-07,9,9,0,0
2586,5,5,5,9.55317382533849e-07,5,5,0,0
2587,3,3,3,9.558032232348523e-07,3,3,0,0
2588,7,7,7,1.9079992679138513e-06,7,7,0,0
2589,9,9,9,1.9818855644254674e-06,9,9,0,0
2590,1,1,1,1.907928466771125e-06,1,1,0,0
2591,7,7,7,1.6093219910029433e-06,7,7,0,0
2592,0,0,0,1.6725793456906501e-06,0,0,0,0
2593,0,0,0,2.3882031250366254e-06,0,0,0,0
2594,3,3,3,2.8698974610108507e-06,3,3,0,0
2595,7,7,7,1.9034863285583015e-06,7,7,0,0
2596,2,2,2,2.3848168941853487e-06,2,2,0,0
2597,5,3,3,2.85953125001015e-06,3,3,0,0
2598,8,8,8,2.578359901417304e-06,8,8,0,0
2599,1,1,1,1.9032336426860752e-06,1,1,0,0
2600,8,8,8,1.917065429068998e-06,8,8,0,0
2601,6,6,6,9.659057624844536e-07,6,6,0,0
2602,2,2,2,1.9556396484432526e-06,2,2,0,0
2603,9,9,9,2.384235839869575e-06,9,9,0,0
2604,5,5,5,1.9092993159830485e-06,5,5,0,0
2605,7,7,7,1.4292279053584878e-06,7,7,0,0
2606,5,5,5,2.860656739045453e-06,5,5,0,0
2607,7,7,7,2.8649804679758972e-06,7,7,0,0
2608,8,8,8,9.585742191120517e-07,8,8,0,0
2609,6,6,6,1.908406982664701e-06,6,6,0,0
2610,2,2,2,2.860781249225397e-06,2,2,0,0
2611,5,5,5,9.512939449507485e-07,5,5,0,0
2612,1,1,1,1.4297381589756242e-06,1,1,0,0
2613,4,4,4,1.938183594063503e-06,4,4,0,0
2614,8,8,8,2.8611645506160244e-06,8,8,0,0
2615,4,4,4,1.9263916009037985e-06,4,4,0,0
2616,5,5,5,1.5506317139202253e-06,5,5,0,0
2617,8,8,8,1.193692321876938e-06,8,8,0,0
2618,3,3,3,1.9382324225603043e-06,3,3,0,0
2619,0,0,0,2.3857904052349e-06,0,0,0,0
2620,6,6,6,1.4270593258203235e-06,6,6,0,0
2621,2,2,2,2.379348144287974e-06,2,2,0,0
2622,7,7,7,1.788371902455843e-06,7,7,0,0
2623,3,3,3,2.8630456538891735e-06,3,3,0,0
2624,3,3,3,1.9162109374804004e-06,3,3,0,0
2625,2,2,2,9.858520506611512e-07,2,2,0,0
2626,1,1,1,2.8589086911168238e-06,1,1,0,0
2627,0,0,0,2.8463989263372014e-06,0,0,0,0
2628,7,7,7,1.433118896443375e-06,7,7,0,0
2629,3,3,3,3.863024902628354e-06,3,3,0,0
2630,4,4,4,2.8618066405527998e-06,4,4,0,0
2631,0,0,0,1.908693847418874e-06,0,0,0,0
2632,3,3,3,1.9234130874679067e-06,3,3,0,0
2633,9,9,9,2.8635815425559485e-06,9,9,0,0
2634,3,3,3,1.9062744129882958e-06,3,3,0,0
2635,2,2,2,1.4296124266621746e-06,2,2,0,0
2636,8,8,8,1.4261547853777756e-06,8,8,0,0
2637,9,9,9,1.9479614259410027e-06,9,9,0,0
2638,0,0,0,2.3799169923677255e-06,0,0,0,0
2639,3,3,3,3.798095702833848e-06,3,3,0,0
2640,8,8,8,1.9091210941013514e-06,8,8,0,0
2641,0,0,0,2.900915527348502e-06,0,0,0,0
2642,7,7,7,9.56103516358553e-07,7,7,0,0
2643,6,6,6,1.911152343936351e-06,6,6,0,0
2644,5,5,5,1.8792480460660954e-06,5,5,0,0
2645,4,4,4,9.569799797048972e-07,4,4,0,0
2646,7,7,7,3.786889649859404e-06,7,7,0,0
2647,3,3,3,9.51611328403601e-07,3,3,0,0
2648,9,9,9,2.8652075201307525e-06,9,9,0,0
2649,0,0,0,4.052084655814525e-06,0,0,0,0
2650,8,8,8,1.6698809814919002e-06,8,8,0,0
2651,6,6,6,1.9086853031424766e-06,6,6,0,0
2652,2,2,2,1.9103076169812994e-06,2,2,0,0
2653,5,5,5,2.3833666995543012e-06,5,5,0,0
2654,6,1,1,2.84891357438255e-06,1,1,0,0
2655,1,1,1,1.433624267299649e-06,1,1,0,0
2656,0,0,0,2.8636401365744746e-06,0,0,0,0
2657,0,0,0,1.9099707024849977e-06,0,0,0,0
2658,4,4,4,1.9059936526844012e-06,4,4,0,0
2659,4,4,4,1.4279187015020511e-06,4,4,0,0
2660,0,0,0,1.909411620815149e-06,0,0,0,0
2661,1,1,1,9.57363281983703e-07,1,1,0,0
2662,2,2,2,2.8380493155566455e-06,2,2,0,0
2663,3,3,3,2.908496094633506e-06,3,3,0,0
2664,2,2,2,2.6264071655290877e-06,2,2,0,0
2665,7,7,7,1.6646105955864243e-06,7,7,0,0
2666,7,7,7,1.8990234380567017e-06,7,7,0,0
2667,8,8,8,1.057566146850375e-06,8,8,0,0
2668,5,5,5,2.858154296347948e-06,5,5,0,0
2669,2,2,2,2.8267944340854e-06,2,2,0,0
2670,5,5,5,2.2347586670079522e-06,5,5,0,0
2671,7,7,7,1.9495605485531087e-06,7,7,0,0
2672,6,6,6,1.9091943350701968e-06,6,6,0,0
2673,9,9,9,1.9512451174819034e-06,9,9,0,0
2674,1,1,1,1.4343566894226e-06,1,1,0,0
2675,4,4,4,3.816811522838748e-06,4,4,0,0
2676,1,1,1,1.132929107638958e-06,1,1,0,0
2677,6,6,6,2.501084899853012e-06,6,6,0,0
2678,4,4,4,1.9384765632679546e-06,4,4,0,0
2679,2,2,2,4.053190918007488e-06,2,2,0,0
2680,4,4,4,1.9031341551567493e-06,4,4,0,0
2681,3,3,3,2.8705444332643992e-06,3,3,0,0
2682,5,5,5,1.9034521478999977e-06,5,5,0,0
2683,4,4,4,9.64685058946202e-07,4,4,0,0
2684,3,3,3,2.3815954586225985e-06,3,3,0,0
2685,9,9,9,1.934960938143604e-06,9,9,0,0
2686,5,5,5,2.9021606451351545e-06,5,5,0,0
2687,0,0,0,1.9384765632679546e-06,0,0,0,0
2688,1,1,1,1.907608642603975e-06,1,1,0,0
2689,5,5,5,9.519250490086506e-07,5,5,0,0
2690,3,3,3,2.386801758014201e-06,3,3,0,0
2691,8,8,8,1.4316003413838985e-06,8,8,0,0
2692,9,9,9,2.86373046876065e-06,9,9,0,0
2693,1,1,1,1.9030664066832514e-06,1,1,0,0
2694,9,9,9,1.072514740019237e-06,9,9,0,0
2695,7,7,7,2.8567236327603496e-06,7,7,0,0
2696,9,9,9,9.53325194785748e-07,9,9,0,0
2697,5,5,5,1.9028588873482022e-06,5,5,0,0
2698,5,5,5,1.9094775396411023e-06,5,5,0,0
2699,2,2,2,7.134100341588123e-07,2,2,0,0
2700,7,7,7,1.4299719239829756e-06,7,7,0,0
2701,4,4,4,1.912634276735048e-06,4,4,0,0
2702,6,6,6,2.8602587889281494e-06,6,6,0,0
2703,0,0,0,1.1917443849540632e-06,0,0,0,0
2704,1,1,1,4.793011474379938e-07,1,1,0,0
2705,1,1,1,2.8653747561335763e-06,1,1,0,0
2706,1,1,1,1.4328363038274006e-06,1,1,0,0
2707,0,0,0,1.4301684574391516e-06,0,0,0,0
2708,4,4,4,1.8639770509309983e-06,4,4,0,0
2709,4,4,4,2.389045410389201e-06,4,4,0,0
2710,7,7,7,1.4284295655198065e-06,7,7,0,0
2711,6,6,6,1.874108885857595e-06,6,6,0,0
2712,3,3,3,2.822338867503049e-06,3,3,0,0
2713,0,0,0,2.865156249143297e-06,0,0,0,0
2714,0,0,0,2.1480871583712258e-06,0,0,0,0
2715,4,4,4,9.561511227218489e-07,4,4,0,0
2716,3,3,3,2.7409460450211753e-06,3,3,0,0
2717,0,0,0,2.832910157124502e-06,0,0,0,0
2718,6,6,6,3.844531249797001e-06,6,6,0,0
2719,1,1,1,1.9051049804374998e-06,1,1,0,0
2720,9,9,9,1.9070483396887994e-06,9,9,0,0
2721,6,6,6,1.9083764648542e-06,6,6,0,0
2722,1,1,1,1.4275860595880374e-06,1,1,0,0
2723,3,3,3,1.9469360346136e-06,3,3,0,0
2724,8,8,8,9.581347661935524e-07,8,8,0,0
2725,1,1,1,1.907232666020775e-06,1,1,0,0
2726,2,2,2,1.908903808356399e-06,2,2,0,0
2727,5,5,5,1.9191162117238036e-06,5,5,0,0
2728,6,6,6,1.9047772217284376e-06,6,6,0,0
2729,2,2,2,2.865703125465302e-06,2,2,0,0
2730,7,7,7,1.9037341312255762e-06,7,7,0,0
2731,3,3,3,1.9667012939317274e-06,3,3,0,0
2732,6,6,6,9.8349510421758e-07,6,6,0,0
2733,0,0,0,9.573303225707264e-07,0,0,0,0
2734,1,1,1,2.8583374023227748e-06,1,1,0,0
2735,9,9,9,9.537304688223003e-07,9,9,0,0
2736,7,7,7,2.897192382889102e-06,7,7,0,0
2737,6,6,6,3.0985485839352123e-06,6,6,0,0
2738,6,6,6,2.82515869187705e-06,6,6,0,0
2739,8,8,8,1.4318103023214235e-06,8,8,0,0
2740,9,9,9,1.929833985059304e-06,9,9,0,0
2741,2,2,2,9.889160157428023e-07,2,2,0,0
2742,9,9,9,2.3691982727058747e-06,9,9,0,0
2743,5,5,5,9.566589351805987e-07,8,8,0,0
2744,8,8,8,1.4291143797251493e-06,8,8,0,0
2745,3,3,3,3.7721679682078957e-06,3,3,0,0
2746,1,1,1,1.904516601314299e-06,1,1,0,0
2747,0,0,0,2.8642333980144485e-06,0,0,0,0
2748,0,0,0,9.561236571364873e-07,0,0,0,0
2749,7,7,7,2.863059082258701e-06,7,7,0,0
2750,6,6,6,1.91140380856325e-06,6,6,0,0
2751,6,6,6,1.9115405276437514e-06,6,6,0,0
2752,2,2,2,1.4341198726341986e-06,2,2,0,0
2753,1,1,1,1.9562255850757992e-06,1,1,0,0
2754,6,6,6,1.9037963863155483e-06,6,6,0,0
2755,9,9,9,1.8778320320933517e-06,9,9,0,0
2756,3,3,3,1.912338866816299e-06,3,3,0,0
2757,1,1,1,1.9028759759009972e-06,1,1,0,0
2758,8,8,8,1.309931335402581e-06,8,8,0,0
2759,6,6,6,9.939453118334995e-07,6,6,0,0
2760,9,9,9,9.521069337381505e-07,9,9,0,0
2761,0,0,0,3.8052001958277515e-06,0,0,0,0
2762,6,6,6,1.4325231934009253e-06,6,6,0,0
2763,0,0,0,1.4280957030265995e-06,0,0,0,0
2764,0,0,0,1.9105139159592e-06,0,0,0,0
2765,0,0,0,1.9492431633238994e-06,0,0,0,0
2766,6,6,6,1.9087109368598476e-06,6,6,0,0
2767,3,3,3,3.8359375000851514e-06,3,3,0,0
2768,5,5,5,2.8566357421766497e-06,5,5,0,0
2769,9,9,9,1.9103100594719535e-06,9,9,0,0
2770,3,3,3,9.370239251182966e-07,3,3,0,0
2771,4,4,4,1.9119506831088984e-06,4,4,0,0
2772,5,5,5,1.1928131105065631e-06,5,5,0,0
2773,5,5,5,1.9086035152326986e-06,5,5,0,0
2774,8,8,8,1.8767456051449471e-06,8,8,0,0
2775,5,5,5,1.8722900385625962e-06,5,5,0,0
2776,3,3,3,1.909406738498376e-06,3,3,0,0
2777,0,0,0,2.85756958007255e-06,0,0,0,0
2778,4,4,4,9.548315429430687e-07,4,4,0,0
2779,0,0,0,1.9105761719373504e-06,0,0,0,0
2780,2,2,2,1.909584960824162e-06,2,2,0,0
2781,9,9,9,2.142599487164887e-06,9,9,0,0
2782,6,6,6,2.8652172847642987e-06,6,6,0,0
2783,8,8,8,3.8130834969507532e-06,8,8,0,0
2784,2,2,2,3.791577148248848e-06,2,2,0,0
2785,3,3,3,2.8584570319623026e-06,3,3,0,0
2786,1,1,1,7.147161866782881e-07,1,1,0,0
2787,2,2,2,2.8575439454670004e-06,2,2,0,0
2788,1,1,1,1.426751708777374e-06,1,1,0,0
2789,1,1,1,1.912221069488851e-06,1,1,0,0
2790,5,5,5,3.8352050779622004e-06,5,5,0,0
2791,6,6,6,2.0113839340196726e-06,6,6,0,0
2792,9,9,9,1.4346752932326012e-06,9,9,0,0
2793,8,8,8,6.55591979925596e-07,8,8,0,0
2794,0,0,0,9.50727539361651e-07,0,0,0,0
2795,6,6,6,3.7770263663361447e-06,6,6,0,0
2796,6,6,6,9.577893065326748e-07,6,6,0,0
2797,5,5,5,1.9222534177743e-06,5,5,0,0
2798,5,5,5,2.8799072264718006e-06,5,5,0,0
2799,3,3,3,2.8271728513828975e-06,3,3,0,0
2800,8,8,8,2.1453473968424674e-06,8,8,0,0
2801,6,6,6,2.8577587887212985e-06,6,6,0,0
2802,2,2,2,1.671012573201125e-06,2,2,0,0
2803,1,1,1,1.4281463622811685e-06,1,1,0,0
2804,4,4,4,2.860775360158385e-06,4,4,0,0
2805,5,5,5,2.8628613284453763e-06,5,5,0,0
2806,4,4,4,1.9114379883333754e-06,4,4,0,0
2807,3,3,3,2.145399169872775e-06,3,3,0,0
2808,7,7,7,1.8709228513102971e-06,7,7,0,0
2809,8,8,8,2.15012817372795e-06,8,8,0,0
2810,5,5,5,1.908249512183602e-06,5,5,0,0
2811,0,0,0,1.427260742481451e-06,0,0,0,0
2812,9,9,9,1.9056640621073484e-06,9,9,0,0
2813,3,3,3,1.9141967779745528e-06,3,3,0,0
2814,5,5,5,1.911520996600302e-06,5,5,0,0
2815,1,1,1,1.9072937007535984e-06,1,1,0,0
2816,1,1,1,1.8684326175133492e-06,1,1,0,0
2817,0,0,0,1.4296594237350746e-06,0,0,0,0
2818,4,4,4,2.3831188968870265e-06,4,4,0,0
2819,4,4,4,1.7285341186168424e-06,4,4,0,0
2820,7,7,7,3.0977093508077758e-06,7,7,0,0
2821,0,0,0,3.3361181639435245e-06,0,0,0,0
2822,1,1,1,1.314248352146663e-06,1,1,0,0
2823,7,7,7,1.192096527047326e-06,7,7,0,0
2824,0,0,0,1.1938958741630756e-06,0,0,0,0
2825,1,1,1,1.3109897155638706e-06,1,1,0,0
2826,6,6,6,1.9432983400236026e-06,6,6,0,0
2827,1,1,1,9.550866701957261e-07,1,1,0,0
2828,4,4,4,1.9256225591846032e-06,4,4,0,0
2829,5,5,5,2.90479736264615e-06,5,5,0,0
2830,6,6,6,1.9034741214341011e-06,6,6,0,0
2831,6,6,6,1.9075256343370484e-06,6,6,0,0
2832,5,5,5,1.9486938480639537e-06,5,5,0,0
2833,7,7,7,1.864001465179399e-06,7,7,0,0
2834,8,8,8,3.3414727784730758e-06,8,8,0,0
2835,4,4,4,1.4295983890022512e-06,4,4,0,0
2836,4,4,4,1.9096191401501983e-06,4,4,0,0
2837,7,7,7,1.858544921518046e-06,7,7,0,0
2838,2,2,2,9.577783206538015e-07,2,2,0,0
2839,5,5,5,1.9255615235636014e-06,5,5,0,0
2840,3,3,3,1.863000488100397e-06,3,3,0,0
2841,7,7,7,2.859458007264948e-06,7,7,0,0
2842,0,0,0,2.3884985349553745e-06,0,0,0,0
2843,7,7,7,2.811950682968245e-06,7,7,0,0
2844,7,7,7,3.8098144514719934e-06,7,7,0,0
2845,9,9,9,1.8956176752737974e-06,9,9,0,0
2846,6,6,6,1.903659667235047e-06,6,6,0,0
2847,4,4,4,2.8597607428793026e-06,4,4,0,0
2848,2,2,2,1.952197266064104e-06,2,2,0,0
2849,8,8,8,1.9056884763557491e-06,8,8,0,0
2850,5,5,5,3.8181323240849e-06,5,5,0,0
2851,7,7,7,1.8920288091806015e-06,7,7,0,0
2852,8,8,8,1.4345727539222253e-06,8,8,0,0
2853,3,3,3,1.9234619124119945e-06,3,3,0,0
2854,9,9,9,2.388616943349575e-06,9,9,0,0
2855,5,5,5,1.9025897217694876e-06,5,5,0,0
2856,8,8,8,2.858492431201398e-06,8,8,0,0
2857,9,9,9,1.9320190425275996e-06,9,9,0,0
2858,9,9,9,1.904525451568162e-06,9,9,0,0
2859,8,8,8,9.298706054039485e-07,8,8,0,0
2860,6,6,6,2.3804113773451263e-06,6,6,0,0
2861,2,2,2,2.880456543508103e-06,2,2,0,0
2862,8,8,8,1.6653649903553003e-06,8,8,0,0
2863,9,9,9,3.3347851564613507e-06,9,9,0,0
2864,2,2,2,3.7766845686348915e-06,2,2,0,0
2865,3,3,3,2.8581372069069744e-06,3,3,0,0
2866,6,6,6,9.56362304904701e-07,6,6,0,0
2867,1,1,1,9.487451171352745e-07,1,1,0,0
2868,1,1,1,1.3116619872466373e-06,1,1,0,0
2869,8,8,8,2.1499493407795e-06,8,8,0,0
2870,9,9,9,1.3111249084207799e-06,9,9,0,0
2871,3,3,3,1.9362792968991016e-06,3,3,0,0
2872,4,4,4,2.9801457672173903e-06,4,4,0,0
2873,0,0,0,2.8529785147668463e-06,0,0,0,0
2874,7,7,7,1.0688989258156312e-06,7,7,0,0
2875,9,9,9,2.8908203120181497e-06,9,9,0,0
2876,6,6,6,2.3863854980987753e-06,6,6,0,0
2877,4,4,4,9.530895992426736e-07,4,4,0,0
2878,1,1,1,1.4350512698158013e-06,1,1,0,0
2879,4,4,4,2.1417932130063377e-06,4,4,0,0
2880,1,1,1,1.9063085936465995e-06,1,1,0,0
2881,3,3,3,2.1489050292533562e-06,3,3,0,0
2882,4,4,4,2.1437500001830756e-06,4,4,0,0
2883,9,9,9,3.7982421865478955e-06,9,9,0,0
2884,3,3,3,1.9179443366823534e-06,3,3,0,0
2885,1,1,1,1.4266613765911984e-06,1,1,0,0
2886,4,4,4,1.9216064455207515e-06,4,4,0,0
2887,7,7,7,1.1963696286976244e-06,7,7,0,0
2888,7,7,7,2.85897949225955e-06,7,7,0,0
2889,4,4,4,2.3797790529300755e-06,4,4,0,0
2890,7,7,7,1.1959814454343132e-06,7,7,0,0
2891,2,2,2,2.9068237310525546e-06,2,2,0,0
2892,9,9,9,1.4293353269856368e-06,9,9,0,0
2893,3,3,3,3.814697265625e-06,3,3,0,0
2894,0,0,0,9.621459966524526e-07,0,0,0,0
2895,8,8,8,1.9533691411055543e-06,8,8,0,0
2896,8,0,0,3.3384338378183998e-06,0,0,0,0
2897,8,8,8,1.9040722651908482e-06,8,8,0,0
2898,4,4,4,2.864453124473698e-06,4,4,0,0
2899,0,0,0,1.4325659183356265e-06,0,0,0,0
2900,4,4,4,2.8370117188813992e-06,4,4,0,0
2901,4,4,4,1.9084619147236026e-06,4,4,0,0
2902,1,1,1,1.9048852539782501e-06,1,1,0,0
2903,5,5,5,2.8594848640040027e-06,5,5,0,0
2904,2,2,2,9.96557616872451e-07,2,2,0,0
2905,8,8,8,1.9066577152671016e-06,8,8,0,0
2906,3,3,3,1.9306884766479016e-06,3,3,0,0
2907,4,4,4,2.8636071780496763e-06,4,4,0,0
2908,9,9,9,1.939086914148902e-06,9,9,0,0
2909,5,5,5,1.430756835674174e-06,5,5,0,0
2910,2,2,2,1.8574218749733973e-06,2,2,0,0
2911,8,8,8,2.381282959262876e-06,8,8,0,0
2912,1,1,1,9.552856443661994e-07,1,1,0,0
2913,5,5,5,2.8645971683616267e-06,5,5,0,0
2914,3,3,3,2.858325196086753e-06,3,3,0,0
2915,7,7,7,1.7280420532284069e-06,7,7,0,0
2916,9,9,9,1.9356201175213528e-06,9,9,0,0
2917,4,4,4,1.8905273435620984e-06,4,4,0,0
2918,2,2,2,1.9053613282693505e-06,2,2,0,0
2919,5,5,5,1.313638916089488e-06,5,5,0,0
2920,6,6,6,9.542944336971004e-07,6,6,0,0
2921,3,3,3,1.4267907713083616e-06,3,3,0,0
2922,5,5,5,1.9103710933165985e-06,5,5,0,0
2923,9,9,9,1.9040039056505975e-06,9,9,0,0
2924,3,3,3,2.8577319337586005e-06,3,3,0,0
2925,5,5,5,3.823217772591647e-06,5,5,0,0
2926,9,9,9,1.4307482913977765e-06,9,9,0,0
2927,3,3,3,2.8649523926560505e-06,3,3,0,0
2928,1,1,1,1.4334899902657128e-06,1,1,0,0
2929,9,9,9,2.3869921879082767e-06,9,9,0,0
2930,5,5,5,1.1968072510804006e-06,5,5,0,0
2931,3,3,3,1.9091308587348976e-06,3,3,0,0
2932,0,0,0,9.491503902836484e-07,0,0,0,0
2933,6,6,6,2.3828198241204745e-06,6,6,0,0
2934,9,9,9,9.5562988278175e-07,9,9,0,0
2935,8,8,8,2.381820678909463e-06,8,8,0,0
2936,4,4,4,2.385083007538924e-06,4,4,0,0
2937,0,0,0,2.380618286057512e-06,0,0,0,0
2938,4,4,4,1.9088635250241737e-06,4,4,0,0
2939,9,7,7,2.086404785162088e-06,7,7,0,0
2940,2,2,2,2.8649877927833245e-06,2,2,0,0
2941,9,9,9,1.4902200317079561e-06,9,9,0,0
2942,0,0,0,1.8775390628889e-06,0,0,0,0
2943,1,1,1,1.9082128908110008e-06,1,1,0,0
2944,0,0,0,9.60498047319902e-07,0,0,0,0
2945,3,3,3,9.56022949694102e-07,3,3,0,0
2946,1,1,1,2.8594885250754487e-06,1,1,0,0
2947,6,6,6,1.9223022462711015e-06,6,6,0,0
2948,5,5,5,1.915100098059952e-06,5,5,0,0
2949,8,8,8,4.777258304500265e-07,8,8,0,0
2950,1,1,1,1.429903564442725e-06,1,1,0,0
2951,5,5,5,2.875561524007253e-06,5,5,0,0
2952,3,3,3,6.638403320380348e-06,3,3,0,0
2953,3,3,3,2.865891113756902e-06,3,3,0,0
2954,0,0,0,2.859682616929149e-06,0,0,0,0
2955,3,3,3,2.820202636755198e-06,3,3,0,0
2956,5,5,5,2.142001953142625e-06,5,5,0,0
2957,5,5,5,1.9557861321573e-06,5,5,0,0
2958,9,9,9,2.8778320313449512e-06,9,9,0,0
2959,2,2,2,1.910778808067448e-06,2,2,0,0
2960,8,8,8,1.9031640619004975e-06,8,8,0,0
2961,7,7,7,3.846899414128302e-06,7,7,0,0
2962,0,0,0,1.936560058979353e-06,0,0,0,0
2963,4,4,4,1.9108935545020245e-06,4,4,0,0
2964,9,9,9,1.435183105691351e-06,9,9,0,0
2965,1,1,1,1.5497625731608622e-06,1,1,0,0
2966,9,9,9,1.6643395994719867e-06,9,9,0,0
2967,7,7,7,1.9048901362950232e-06,7,7,0,0
2968,7,7,7,9.574743651263873e-07,7,7,0,0
2969,5,5,5,9.56523438233603e-07,5,5,0,0
2970,5,5,5,9.535083007605749e-07,5,5,0,0
2971,2,2,2,1.8780761710246452e-06,2,2,0,0
2972,0,0,0,2.1453271483728997e-06,0,0,0,0
2973,9,9,9,2.8652844239474007e-06,9,9,0,0
2974,1,1,1,1.9114880371873255e-06,1,1,0,0
2975,8,8,8,9.562084954950478e-07,8,8,0,0
2976,6,6,6,1.916003418145351e-06,6,6,0,0
2977,2,2,2,1.8965820309801984e-06,2,2,0,0
2978,3,3,3,1.7927996827094006e-06,3,3,0,0
2979,9,7,7,1.0135091857987888e-06,7,7,0,0
2980,6,6,6,2.8627197261599235e-06,6,6,0,0
2981,2,2,2,1.911789550668175e-06,2,2,0,0
2982,1,1,1,1.903800048719262e-06,1,1,0,0
2983,9,9,9,1.921691895390154e-06,9,9,0,0
2984,1,1,1,1.9110791011911488e-06,1,1,0,0
2985,3,3,3,1.013047012332624e-06,3,3,0,0
2986,5,5,5,1.910349121558852e-06,5,5,0,0
2987,5,5,5,2.9066406241895493e-06,5,5,0,0
2988,0,0,0,9.497937014657509e-07,0,0,0,0
2989,3,3,3,1.8478325195525613e-06,3,3,0,0
2990,8,8,8,2.882141112436898e-06,8,8,0,0
2991,3,3,3,3.3370666505661006e-06,3,3,0,0
2992,3,3,3,2.8452026370473504e-06,3,3,0,0
2993,7,7,7,1.9113482667698634e-06,7,7,0,0
2994,6,6,6,1.8639526366825976e-06,6,6,0,0
2995,6,8,8,1.4290368648417484e-06,8,8,0,0
2996,0,0,0,3.828601073507798e-06,0,0,0,0
2997,1,1,1,1.9102124024783507e-06,1,1,0,0
2998,4,4,4,2.9068481453009554e-06,4,4,0,0
2999,0,0,0,1.3117098998094434e-06,0,0,0,0
3000,6,6,6,1.8761352542639997e-06,6,6,0,0
3001,9,9,9,2.384439697245e-06,9,9,0,0
3002,8,8,8,1.4316235352751505e-06,8,8,0,0
3003,1,1,1,1.4317248533401994e-06,1,1,0,0
3004,2,2,2,2.012027145392725e-06,2,2,0,0
3005,9,9,9,2.6224322509094122e-06,9,9,0,0
3006,9,9,9,1.9474609374015017e-06,9,9,0,0
3007,5,5,5,2.865031738963353e-06,5,5,0,0
3008,9,9,9,1.9028100588514008e-06,9,9,0,0
3009,7,7,7,9.75634765865152e-07,7,7,0,0
3010,3,3,3,9.51544189220499e-07,3,3,0,0
3011,7,7,7,1.4315722660640517e-06,7,7,0,0
3012,8,8,8,2.8212158209584004e-06,8,8,0,0
3013,0,0,0,2.1479400635904256e-06,0,0,0,0
3014,1,1,1,1.911287841771525e-06,1,1,0,0
3015,3,3,3,2.384758300610912e-06,3,3,0,0
3016,0,0,0,3.820324707248801e-06,0,0,0,0
3017,4,4,4,1.9229980470214514e-06,4,4,0,0
3018,6,6,6,2.385814514171969e-06,6,6,0,0
3019,1,1,1,9.489892578429249e-07,1,1,0,0
3020,0,0,0,9.519177242012233e-07,0,0,0,0
3021,2,2,2,1.1950128173676688e-06,2,2,0,0
3022,5,5,5,1.9064306648886031e-06,5,5,0,0
3023,8,8,8,1.9249633780304976e-06,8,8,0,0
3024,4,4,4,1.4351586914429504e-06,4,4,0,0
3025,4,4,4,3.814394531787002e-06,4,4,0,0
3026,1,1,1,1.4342773440034762e-06,1,1,0,0
3027,1,1,1,1.4302911375274618e-06,1,1,0,0
3028,5,5,5,1.925756837550807e-06,5,5,0,0
3029,4,4,4,1.9465209959435015e-06,4,4,0,0
3030,6,6,6,9.572167964932987e-07,6,6,0,0
3031,6,6,6,1.910688476769451e-06,6,6,0,0
3032,0,0,0,2.8356567387533005e-06,0,0,0,0
3033,6,6,6,2.3843786625121766e-06,6,6,0,0
3034,9,9,9,1.490277404814222e-06,9,9,0,0
3035,2,2,2,1.9295654301032528e-06,2,2,0,0
3036,6,6,6,1.4297680666075507e-06,6,6,0,0
3037,2,2,2,2.86270263671895e-06,2,2,0,0
3038,7,7,7,2.3875292969322004e-06,7,7,0,0
3039,1,1,1,9.51754150158024e-07,1,1,0,0
3040,7,7,7,2.863637694971999e-06,7,7,0,0
3041,9,9,9,2.3831262208062753e-06,9,9,0,0
3042,4,4,4,1.8940917971832505e-06,4,4,0,0
3043,0,0,0,1.4299853514643246e-06,0,0,0,0
3044,0,0,0,1.904053955392726e-06,0,0,0,0
3045,3,3,3,3.8031982434461042e-06,3,3,0,0
3046,8,8,8,1.435177002129251e-06,8,8,0,0
3047,2,2,2,1.8973754887241512e-06,2,2,0,0
3048,2,2,2,2.811352539211498e-06,2,2,0,0
3049,3,3,3,1.9432128901542e-06,3,3,0,0
3050,1,1,1,1.90766845697965e-06,1,1,0,0
3051,6,6,6,1.910866698651148e-06,6,6,0,0
3052,0,0,0,1.4299456787547626e-06,0,0,0,0
3053,5,5,5,2.880456543508103e-06,5,5,0,0
3054,7,7,7,1.9075244139798997e-06,7,7,0,0
3055,7,7,7,2.8573193358027993e-06,7,7,0,0
3056,9,9,9,1.9043945318486522e-06,9,9,0,0
3057,2,2,2,2.0220678711435625e-06,2,2,0,0
3058,6,6,6,1.4297689818754122e-06,6,6,0,0
3059,7,7,7,1.4349157710924487e-06,7,7,0,0
3060,9,9,9,7.160406494399751e-07,9,9,0,0
3061,7,7,7,1.9046630859165248e-06,7,7,0,0
3062,8,8,8,1.4288507079740498e-06,8,8,0,0
3063,6,6,6,1.914172363726152e-06,6,6,0,0
3064,8,8,8,1.910615234024249e-06,8,8,0,0
3065,8,8,8,1.906196288814499e-06,8,8,0,0
3066,4,4,4,1.6640045163995865e-06,4,4,0,0
3067,6,6,6,3.862976074131552e-06,6,6,0,0
3068,8,8,8,9.97058105411952e-07,8,8,0,0
3069,4,4,4,1.914599609520451e-06,4,4,0,0
3070,1,1,1,9.561547855696517e-07,1,1,0,0
3071,2,2,2,3.8174804686264e-06,2,2,0,0
3072,8,8,8,2.894165039180052e-06,8,8,0,0
3073,1,1,1,2.858217772683247e-06,1,1,0,0
3074,3,3,3,3.8507812512023065e-06,3,3,0,0
3075,9,9,9,1.5510223387860123e-06,9,9,0,0
3076,4,4,4,1.936157227433455e-06,4,4,0,0
3077,0,0,0,1.4294140626702756e-06,0,0,0,0
3078,3,3,3,9.560156248866747e-07,3,3,0,0
3079,7,7,7,7.625952147094495e-06,7,7,0,0
3080,3,3,3,1.8895996092282985e-06,3,3,0,0
3081,2,2,2,1.924047850820898e-06,2,2,0,0
3082,3,3,3,1.8768310532379928e-06,3,3,0,0
3083,3,3,3,1.8743530265652453e-06,3,3,0,0
3084,7,7,7,1.1959045411735758e-06,7,7,0,0
3085,3,3,3,2.8635864257609e-06,3,3,0,0
3086,4,4,4,9.585314941773504e-07,4,4,0,0
3087,0,0,0,2.8302978520855504e-06,0,0,0,0
3088,6,6,6,9.574462893624514e-07,6,6,0,0
3089,2,2,2,1.939282226359751e-06,2,2,0,0
3090,0,0,0,2.861993408487251e-06,0,0,0,0
3091,8,8,8,2.8630822752617746e-06,8,8,0,0
3092,1,1,1,1.9037670906385529e-06,1,1,0,0
3093,5,5,5,1.909545899181353e-06,5,5,0,0
3094,3,3,3,1.433547363483001e-06,3,3,0,0
3095,5,5,5,1.911733399140303e-06,5,5,0,0
3096,4,4,4,2.862058105179699e-06,4,4,0,0
3097,1,1,1,2.3845153807044994e-06,1,1,0,0
3098,7,7,7,2.894128417807451e-06,7,7,0,0
3099,1,1,1,1.4341284177987745e-06,1,1,0,0
3100,5,5,5,2.8649328616126013e-06,5,5,0,0
3101,7,7,7,3.806445311838047e-06,7,7,0,0
3102,5,5,5,1.9081628419570507e-06,5,5,0,0
3103,7,7,7,1.9278442380255e-06,7,7,0,0
3104,3,3,3,1.9013061525186004e-06,3,3,0,0
3105,2,2,2,1.430793457046775e-06,2,2,0,0
3106,2,2,2,2.0545399499888317e-06,2,2,0,0
3107,7,7,7,2.8180175775105454e-06,7,7,0,0
3108,3,3,3,1.913208008019751e-06,3,3,0,0
3109,7,7,7,1.885156249770148e-06,7,7,0,0
3110,3,3,3,1.4347387695679004e-06,3,3,0,0
3111,7,7,7,9.536983337499194e-07,7,7,0,0
3112,8,8,8,2.835437012294051e-06,8,8,0,0
3113,5,5,5,9.98120116335599e-07,5,5,0,0
3114,4,4,4,2.026546646105576e-06,4,4,0,0
3115,5,5,5,9.576672361788496e-07,5,5,0,0
3116,2,2,2,2.0240701295026753e-06,2,2,0,0
3117,5,5,5,1.905446778138753e-06,5,5,0,0
3118,6,6,6,4.7657958983649e-06,6,6,0,0
3119,5,5,5,1.94855956969775e-06,5,5,0,0
3120,3,3,3,2.5036507568243493e-06,3,3,0,0
3121,6,6,6,2.8570507808467482e-06,6,6,0,0
3122,7,7,7,1.1937854003107873e-06,7,7,0,0
3123,4,4,4,1.8804199211075456e-06,4,4,0,0
3124,1,1,1,1.1913916013739367e-06,1,1,0,0
3125,7,7,7,3.854492186761149e-06,7,7,0,0
3126,1,1,1,1.9036206051481486e-06,1,1,0,0
3127,5,5,5,1.911752930183752e-06,5,5,0,0
3128,2,2,2,1.967147674530878e-06,2,2,0,0
3129,3,3,3,1.9083532718511265e-06,3,3,0,0
3130,6,6,6,2.8648486321003475e-06,6,6,0,0
3131,3,3,3,2.3863171385585247e-06,3,3,0,0
3132,1,1,1,1.4300720216908758e-06,1,1,0,0
3133,4,4,4,3.7717651366619975e-06,4,4,0,0
3134,2,2,2,2.895629883425954e-06,2,2,0,0
3135,6,6,6,9.991088862904007e-07,6,6,0,0
3136,7,7,7,1.4316571044226123e-06,7,7,0,0
3137,4,4,4,1.4343981931119743e-06,4,4,0,0
3138,3,3,3,2.3841809078106735e-06,3,3,0,0
3139,8,8,8,3.094575195206062e-06,8,8,0,0
3140,0,0,0,1.9047753907486253e-06,0,0,0,0
3141,6,6,6,2.8408203132102017e-06,6,6,0,0
3142,2,2,2,4.766442870618448e-06,2,2,0,0
3143,1,1,1,9.48767700403863e-07,1,1,0,0
3144,6,6,6,3.846191404477395e-06,6,6,0,0
3145,5,5,5,1.8733886726352011e-06,5,5,0,0
3146,3,3,3,9.488751220310121e-07,3,3,0,0
3147,9,9,9,2.8443359383345523e-06,9,9,0,0
3148,1,1,1,1.4314489744648995e-06,1,1,0,0
3149,9,9,9,4.768627929863101e-06,9,9,0,0
3150,3,3,3,1.910673828042775e-06,3,3,0,0
3151,2,2,2,1.9089233393998484e-06,2,2,0,0
3152,1,1,1,1.1963787840407747e-06,1,1,0,0
3153,8,8,8,1.885961914638301e-06,8,8,0,0
3154,4,4,4,2.8536499030451523e-06,4,4,0,0
3155,4,4,4,1.1968316648847122e-06,4,4,0,0
3156,6,6,6,1.8925170905959021e-06,6,6,0,0
3157,5,5,5,9.517443846362994e-07,5,5,0,0
3158,8,8,8,3.1006060789984247e-06,8,8,0,0
3159,6,6,6,2.8584179689872258e-06,6,6,0,0
3160,9,9,9,1.9101446531166744e-06,9,9,0,0
3161,7,7,7,1.1928472898325992e-06,7,7,0,0
3162,7,7,7,2.8344848637118503e-06,7,7,0,0
3163,8,8,8,1.911613769500775e-06,8,8,0,0
3164,6,6,6,1.9455322259887e-06,6,6,0,0
3165,9,9,9,1.4350180053135375e-06,9,9,0,0
3166,7,7,7,2.1429589844856878e-06,7,7,0,0
3167,3,3,3,1.4340222165287742e-06,3,3,0,0
3168,9,9,9,2.867419434338103e-06,9,9,0,0
3169,4,4,4,9.551123048012755e-07,4,4,0,0
3170,0,0,0,1.9079992679138513e-06,0,0,0,0
3171,5,5,5,9.550476072206493e-07,5,5,0,0
3172,4,4,4,2.8886474616740543e-06,4,4,0,0
3173,6,6,6,1.6682385255428755e-06,6,6,0,0
3174,4,4,4,1.90888427731295e-06,4,4,0,0
3175,1,1,1,1.9458251951931516e-06,1,1,0,0
3176,2,2,2,3.830676270411004e-06,2,2,0,0
3177,3,3,3,1.9156127937236533e-06,3,3,0,0
3178,0,0,0,1.6644589233560936e-06,0,0,0,0
3179,0,0,0,2.86307861330215e-06,0,0,0,0
3180,2,2,2,7.619921873924795e-06,2,2,0,0
3181,6,6,6,2.865710449384551e-06,6,6,0,0
3182,6,6,6,3.7651733393317954e-06,6,6,0,0
3183,5,5,5,1.907816772561688e-06,5,5,0,0
3184,7,7,7,1.4333544919864494e-06,7,7,0,0
3185,0,0,0,1.3109629821705937e-06,0,0,0,0
3186,8,8,8,1.910974120278297e-06,8,8,0,0
3187,6,6,6,1.929431151737049e-06,6,6,0,0
3188,4,4,4,1.9067456058508014e-06,4,4,0,0
3189,7,7,7,9.839015960855235e-07,7,7,0,0
3190,9,9,9,1.1962921142583127e-06,9,9,0,0
3191,0,0,0,9.538317868873492e-07,0,0,0,0
3192,7,7,7,3.840551759282107e-06,7,7,0,0
3193,3,3,3,3.851708985536106e-06,3,3,0,0
3194,4,4,4,9.75231934319254e-07,4,4,0,0
3195,2,2,2,1.315405883772769e-06,2,2,0,0
3196,1,1,1,9.560925295915013e-07,1,1,0,0
3197,8,8,8,1.9530517576527018e-06,8,8,0,0
3198,8,8,8,2.387735595910101e-06,8,8,0,0
3199,5,5,5,1.9090893550455235e-06,5,5,0,0
3200,9,9,9,1.9557617179088993e-06,9,9,0,0
3201,2,2,2,1.9116174314603995e-06,2,2,0,0
3202,7,7,7,1.6687335206988507e-06,7,7,0,0
3203,1,1,1,9.570043948414764e-07,1,1,0,0
3204,8,8,8,2.8900146489263534e-06,8,8,0,0
3205,8,8,8,1.434513549725125e-06,8,8,0,0
3206,8,8,8,2.15064514152985e-06,8,8,0,0
3207,2,2,2,2.8560913083452988e-06,2,2,0,0
3208,7,7,7,9.583251951994498e-07,7,7,0,0
3209,6,6,6,2.8423095699281475e-06,6,6,0,0
3210,0,0,0,1.9075195316631266e-06,0,0,0,0
3211,1,1,1,1.930908203107151e-06,1,1,0,0
3212,2,2,2,9.843017583222036e-07,2,2,0,0
3213,7,7,7,1.1957635499548758e-06,7,7,0,0
3214,1,1,1,2.8507202145533483e-06,1,1,0,0
3215,0,0,0,2.382702636971601e-06,0,0,0,0
3216,8,8,8,1.9072387695828752e-06,8,8,0,0
3217,3,3,3,1.9129272459394997e-06,3,3,0,0
3218,6,6,6,1.9435302736070525e-06,6,6,0,0
3219,0,0,0,4.295563964973326e-06,0,0,0,0
3220,5,5,5,3.3328857420578117e-06,5,5,0,0
3221,3,3,3,1.6716137696271005e-06,3,3,0,0
3222,6,6,6,9.585034179693253e-07,6,6,0,0
3223,2,2,2,1.932739259302707e-06,2,2,0,0
3224,8,8,8,4.7758056638258495e-06,8,8,0,0
3225,7,9,9,9.582177735723008e-07,9,9,0,0
3226,0,0,0,1.9051184079188488e-06,0,0,0,0
3227,1,1,1,9.558154294708743e-07,1,1,0,0
3228,4,4,4,4.2883532715976e-06,4,4,0,0
3229,2,2,2,3.7980468743370466e-06,2,2,0,0
3230,1,1,1,1.9039782710450481e-06,1,1,0,0
3231,1,1,1,2.388234863204275e-06,1,1,0,0
3232,4,4,4,9.578857422809506e-07,4,4,0,0
3233,4,4,4,3.817409668371852e-06,4,4,0,0
3234,4,4,4,2.3828784181390006e-06,4,4,0,0
3235,4,4,4,1.9069897456702734e-06,4,4,0,0
3236,7,7,7,1.903103027167674e-06,7,7,0,0
3237,1,1,1,1.4308192749501458e-06,1,1,0,0
3238,6,6,6,1.8906860344003462e-06,6,6,0,0
3239,2,2,2,2.9068115239283543e-06,2,2,0,0
3240,9,9,9,1.911538085153097e-06,9,9,0,0
3241,9,9,9,2.8421386719656994e-06,9,9,0,0
3242,0,0,0,1.9072167969369502e-06,0,0,0,0
3243,0,0,0,2.860544433325174e-06,0,0,0,0
3244,1,1,1,1.9086010745184012e-06,1,1,0,0
3245,8,8,8,1.912224121269901e-06,8,8,0,0
3246,8,8,8,3.0974127196436996e-06,8,8,0,0
3247,4,4,4,2.8602050790027533e-06,4,4,0,0
3248,3,3,3,3.847912598331504e-06,3,3,0,0
3249,4,4,4,2.8659301758438005e-06,4,4,0,0
3250,2,2,2,2.3841455076833995e-06,2,2,0,0
3251,0,0,0,1.911918944941249e-06,0,0,0,0
3252,6,6,6,1.6698052980324007e-06,6,6,0,0
3253,1,1,1,1.9458496094415523e-06,1,1,0,0
3254,6,6,6,1.8968139645636484e-06,6,6,0,0
3255,1,1,1,9.521362303033243e-07,1,1,0,0
3256,2,2,2,2.1495428468298883e-06,2,2,0,0
3257,2,2,2,3.787255860032701e-06,2,2,0,0
3258,2,2,2,1.9070971681856008e-06,2,2,0,0
3259,1,1,1,1.4354199220356634e-06,1,1,0,0
3260,2,2,2,1.9219360343214476e-06,2,2,0,0
3261,3,3,3,3.796826170798795e-06,3,3,0,0
3262,7,7,7,1.1937017823093754e-06,7,7,0,0
3263,8,8,8,2.3813696286012487e-06,8,8,0,0
3264,1,1,1,1.904813232478375e-06,1,1,0,0
3265,0,0,0,1.9078173827402622e-06,0,0,0,0
3266,0,0,0,1.5197580718884218e-06,0,0,0,0
3267,2,2,2,1.929101562936353e-06,2,2,0,0
3268,1,1,1,9.524389650295007e-07,1,1,0,0
3269,6,6,6,1.9118627925251985e-06,6,6,0,0
3270,6,6,6,9.542333980760986e-07,6,6,0,0
3271,0,0,0,1.4340795901901515e-06,0,0,0,0
3272,1,1,1,1.4314105225565754e-06,1,1,0,0
3273,6,6,6,1.952368165802909e-06,6,6,0,0
3274,2,2,2,9.941528311685488e-07,2,2,0,0
3275,5,5,5,1.9119604495188014e-06,5,5,0,0
3276,1,1,1,1.0729281951921132e-06,1,1,0,0
3277,7,7,7,1.949768066111801e-06,7,7,0,0
3278,4,4,4,2.386696777101349e-06,4,4,0,0
3279,8,8,8,1.9109619131540967e-06,8,8,0,0
3280,2,2,2,2.877819824220751e-06,2,2,0,0
3281,1,1,1,1.4270971675500732e-06,1,1,0,0
3282,4,4,4,2.146469726405087e-06,4,4,0,0
3283,3,3,3,1.907519532551305e-06,3,3,0,0
3284,8,8,8,2.383780517867251e-06,8,8,0,0
3285,3,3,3,1.9017822268097007e-06,3,3,0,0
3286,9,9,9,1.911534424081651e-06,9,9,0,0
3287,9,9,9,1.9181030275206012e-06,9,9,0,0
3288,4,4,4,1.9025866695443483e-06,4,4,0,0
3289,8,8,8,2.862172850726097e-06,8,8,0,0
3290,3,3,3,2.3244467163285876e-06,3,3,0,0
3291,4,4,4,2.3846008296857235e-06,4,4,0,0
3292,7,7,7,1.550138061467976e-06,7,7,0,0
3293,2,2,2,1.4332971192132504e-06,2,2,0,0
3294,7,7,7,1.6665933226800433e-06,7,7,0,0
3295,5,5,5,1.728249664267878e-06,5,5,0,0
3296,7,7,7,2.8585107418876987e-06,7,7,0,0
3297,0,0,0,2.862067871589602e-06,0,0,0,0
3298,4,4,4,1.954724121233653e-06,4,4,0,0
3299,3,3,3,1.9091381844305033e-06,3,3,0,0
3300,3,3,3,1.4325073243171005e-06,3,3,0,0
3301,2,2,2,1.8899658194015956e-06,2,2,0,0
3302,6,6,6,1.908850098431003e-06,6,6,0,0
3303,7,7,7,1.9025048825227486e-06,7,7,0,0
3304,6,6,6,9.973510746164038e-07,6,6,0,0
3305,0,0,0,2.140997924726662e-06,0,0,0,0
3306,0,0,0,1.9087841796050498e-06,0,0,0,0
3307,6,6,6,1.946508788819301e-06,6,6,0,0
3308,7,7,7,1.908078612444797e-06,7,7,0,0
3309,7,7,7,1.9087524414374e-06,7,7,0,0
3310,0,0,0,1.907143554191748e-06,0,0,0,0
3311,5,5,5,2.8804077150113017e-06,5,5,0,0
3312,5,5,5,3.7909179688710992e-06,5,5,0,0
3313,8,8,8,2.861611328341951e-06,8,8,0,0
3314,1,1,1,2.8563403322579006e-06,1,1,0,0
3315,0,0,0,2.1441842650293808e-06,0,0,0,0
3316,7,7,7,2.025200500410662e-06,7,7,0,0
3317,0,0,0,2.385692138950901e-06,0,0,0,0
3318,2,2,2,1.9066503913478527e-06,2,2,0,0
3319,8,8,8,1.9334838867735016e-06,8,8,0,0
3320,1,1,1,1.4278710933623984e-06,1,1,0,0
3321,5,5,5,2.8624536128063482e-06,5,5,0,0
3322,0,0,0,1.8670410160126494e-06,0,0,0,0
3323,8,8,8,2.1410296628943115e-06,8,8,0,0
3324,8,8,8,2.3846899415147504e-06,8,8,0,0
3325,0,0,0,9.470703119518475e-07,0,0,0,0
3326,3,3,3,9.202880857372975e-07,3,3,0,0
3327,2,2,2,2.8123046877936986e-06,2,2,0,0
3328,7,7,7,2.866479492880103e-06,7,7,0,0
3329,7,7,7,2.8585961917571012e-06,7,7,0,0
3330,2,2,2,2.3805822753075745e-06,2,2,0,0
3331,6,6,6,1.911693114919899e-06,6,6,0,0
3332,4,4,4,1.8709350584344975e-06,4,4,0,0
3333,7,7,7,1.8654296880527e-06,7,7,0,0
3334,5,5,5,1.4303076172339502e-06,5,5,0,0
3335,5,5,5,1.4335656741693015e-06,5,5,0,0
3336,5,5,5,1.6667071531806243e-06,5,5,0,0
3337,2,2,2,1.9101733403914523e-06,2,2,0,0
3338,9,9,9,9.358154304806021e-07,9,9,0,0
3339,2,2,2,9.881958007440517e-07,2,2,0,0
3340,8,8,8,1.9045501709058499e-06,8,8,0,0
3341,4,4,4,3.826416016039502e-06,4,4,0,0
3342,6,6,6,2.383188476784426e-06,6,6,0,0
3343,8,8,8,9.814453125756017e-07,8,8,0,0
3344,6,6,6,1.4343041989661742e-06,6,6,0,0
3345,5,5,5,1.9540771489801045e-06,5,5,0,0
3346,0,0,0,2.3803063964322746e-06,0,0,0,0
3347,0,0,0,4.7719848641492035e-06,0,0,0,0
3348,8,8,8,3.861779784841701e-06,8,8,0,0
3349,7,7,7,1.4312658689341617e-06,7,7,0,0
3350,6,6,6,1.9101281738542752e-06,6,6,0,0
3351,1,1,1,1.9109948734552518e-06,1,1,0,0
3352,7,7,7,1.9270263678095034e-06,7,7,0,0
3353,1,1,1,1.4337744138614994e-06,1,1,0,0
3354,1,1,1,1.4284643556905507e-06,1,1,0,0
3355,2,2,2,1.9270019535611027e-06,2,2,0,0
3356,7,7,7,1.4270153805284735e-06,7,7,0,0
3357,4,4,4,1.893237303818296e-06,4,4,0,0
3358,0,0,0,2.8609399418400017e-06,0,0,0,0
3359,0,0,0,3.7915283197520466e-06,0,0,0,0
3360,7,7,7,1.906219482705751e-06,7,7,0,0
3361,7,7,7,1.931994628279199e-06,7,7,0,0
3362,6,6,6,1.889013670819395e-06,6,6,0,0
3363,3,3,3,1.9067022702934366e-06,3,3,0,0
3364,8,8,8,3.815454101996352e-06,8,8,0,0
3365,6,6,6,1.9052563473564987e-06,6,6,0,0
3366,4,4,4,1.9366088874761545e-06,4,4,0,0
3367,2,2,2,4.7631958004501485e-06,2,2,0,0
3368,0,0,0,2.4139836883596555e-06,0,0,0,0
3369,9,9,9,1.9505859381041546e-06,9,9,0,0
3370,4,4,4,9.562164304810494e-07,4,4,0,0
3371,0,0,0,2.8499389657099528e-06,0,0,0,0
3372,5,5,5,1.9115075682307747e-06,5,5,0,0
3373,7,7,7,1.1923187255291623e-06,7,7,0,0
3374,8,8,8,4.769318847408499e-06,8,8,0,0
3375,2,2,2,2.889770508218703e-06,2,2,0,0
3376,7,7,7,9.98200614915623e-07,7,7,0,0
3377,4,4,4,9.564868159728235e-07,4,4,0,0
3378,7,7,7,1.6730456542379812e-06,7,7,0,0
3379,1,1,1,2.3832507327625763e-06,1,1,0,0
3380,1,1,1,1.9024877921935968e-06,1,1,0,0
3381,3,3,3,1.9261230477241043e-06,3,3,0,0
3382,6,6,6,1.9332275407180077e-06,6,6,0,0
3383,6,6,6,1.9101782227082253e-06,6,6,0,0
3384,2,2,2,2.3871899417216014e-06,2,2,0,0
3385,9,9,9,1.9116577156808034e-06,9,9,0,0
3386,1,1,1,2.3886999507283235e-06,1,1,0,0
3387,9,9,9,2.872631835515449e-06,9,9,0,0
3388,4,4,4,2.383353271184774e-06,4,4,0,0
3389,8,8,8,2.863182372969675e-06,8,8,0,0
3390,3,3,3,3.7763916012067966e-06,3,3,0,0
3391,6,6,6,9.543078611784495e-07,6,6,0,0
3392,9,9,9,1.9106420898751253e-06,9,9,0,0
3393,5,5,5,2.86037109376025e-06,5,5,0,0
3394,9,9,9,1.9113909912604754e-06,9,9,0,0
3395,6,6,6,1.9540405276075035e-06,6,6,0,0
3396,2,2,2,2.8877563469364986e-06,2,2,0,0
3397,4,4,4,3.836157226544401e-06,4,4,0,0
3398,6,6,6,1.4278857420890745e-06,6,6,0,0
3399,7,7,7,1.0007202142503502e-06,7,7,0,0
3400,7,7,7,1.915405274388604e-06,7,7,0,0
3401,0,0,0,2.8157348630486467e-06,0,0,0,0
3402,6,6,6,1.9405273441464033e-06,6,6,0,0
3403,6,6,6,3.861584472630852e-06,6,6,0,0
3404,9,9,9,1.386250633228503e-06,9,9,0,0
3405,4,4,4,3.1041943358012247e-06,4,4,0,0
3406,8,8,8,1.8998901367694998e-06,8,8,0,0
3407,3,3,3,2.872399901931999e-06,3,3,0,0
3408,5,5,5,1.907170410930803e-06,5,5,0,0
3409,3,3,3,2.8638964844063253e-06,3,3,0,0
3410,4,4,4,1.4289471437223256e-06,4,4,0,0
3411,9,9,9,3.837316894461651e-06,9,9,0,0
3412,0,0,0,1.9086352542885265e-06,0,0,0,0
3413,0,0,0,1.4296398926916254e-06,0,0,0,0
3414,5,5,5,2.8647583008023503e-06,5,5,0,0
3415,2,2,2,1.8999145510179005e-06,2,2,0,0
3416,5,5,5,2.8630126953643753e-06,5,5,0,0
3417,0,0,0,1.9383666991501514e-06,0,0,0,0
3418,7,7,7,5.978982544618816e-07,7,7,0,0
3419,1,1,1,9.569110108742507e-07,1,1,0,0
3420,1,1,1,1.0760025024314501e-06,1,1,0,0
3421,1,1,1,9.545654293674488e-07,1,1,0,0
3422,6,0,0,1.073927001993269e-06,0,0,0,0
3423,7,7,7,1.910761719514653e-06,7,7,0,0
3424,6,6,6,1.910207519273399e-06,6,6,0,0
3425,7,7,7,9.577392576787247e-07,7,7,0,0
3426,9,9,9,5.762756346783249e-06,9,9,0,0
3427,6,6,6,1.932568359563902e-06,6,6,0,0
3428,6,6,6,1.8630126952245973e-06,6,6,0,0
3429,4,4,4,1.9404296871528004e-06,4,4,0,0
3430,1,1,1,1.430802002211351e-06,1,1,0,0
3431,4,4,4,2.827062989041451e-06,4,4,0,0
3432,3,3,3,2.1497778319723437e-06,3,3,0,0
3433,1,1,1,2.3887719722281986e-06,1,1,0,0
3434,1,1,1,9.57272948909349e-07,1,1,0,0
3435,2,2,2,9.577221682377512e-07,2,2,0,0
3436,2,2,2,9.586499025715511e-07,2,2,0,0
3437,4,4,4,1.9143554688128006e-06,4,4,0,0
3438,1,1,1,1.4344104002361746e-06,1,1,0,0
3439,0,0,0,1.4276037596516744e-06,0,0,0,0
3440,8,8,8,1.9095385743739257e-06,8,8,0,0
3441,7,7,7,1.9115734861685496e-06,7,7,0,0
3442,6,6,6,1.9173095697766485e-06,6,6,0,0
3443,3,3,3,1.933569336642904e-06,3,3,0,0
3444,4,4,4,2.267405700751013e-06,4,4,0,0
3445,0,0,0,3.1024200439766503e-06,0,0,0,0
3446,0,0,0,9.54004516717788e-07,0,0,0,0
3447,6,6,6,2.897424316472552e-06,6,6,0,0
3448,3,3,3,1.9343749997347004e-06,3,3,0,0
3449,3,3,3,1.9289306649739046e-06,3,3,0,0
3450,0,0,0,1.1968640136750253e-06,0,0,0,0
3451,7,7,7,2.895092773513852e-06,7,7,0,0
3452,1,1,1,1.609781249967135e-06,1,1,0,0
3453,7,7,7,1.1028381652899988e-06,7,7,0,0
3454,1,1,1,1.908500976810501e-06,1,1,0,0
3455,1,1,1,1.923791504765404e-06,1,1,0,0
3456,3,3,3,2.8578955078018e-06,3,3,0,0
3457,1,1,1,1.9084179685435743e-06,1,1,0,0
3458,0,0,0,1.8639038081857962e-06,0,0,0,0
3459,9,9,9,1.8689453131770506e-06,9,9,0,0
3460,9,9,9,1.1923666382029907e-06,9,9,0,0
3461,7,7,7,1.8958862302298485e-06,7,7,0,0
3462,5,5,5,9.560498046568e-07,5,5,0,0
3463,4,4,4,1.8883300789696023e-06,4,4,0,0
3464,1,1,1,1.189304199122887e-06,1,1,0,0
3465,4,4,4,4.804821777781854e-06,4,4,0,0
3466,8,8,8,2.3880957034094763e-06,8,8,0,0
3467,9,9,9,1.432252807465062e-06,9,9,0,0
3468,5,5,5,2.3802941893080742e-06,5,5,0,0
3469,3,3,3,2.848181152259599e-06,3,3,0,0
3470,5,5,5,2.8295654299625994e-06,5,5,0,0
3471,1,1,1,2.856396484673951e-06,1,1,0,0
3472,9,9,9,1.431149902586526e-06,9,9,0,0
3473,8,8,8,2.861682128596499e-06,8,8,0,0
3474,2,2,2,2.8608679203401266e-06,2,2,0,0
3475,3,3,3,9.577612303246497e-07,3,3,0,0
3476,3,3,3,1.193218383654937e-06,3,3,0,0
3477,9,9,9,2.829748535049248e-06,9,9,0,0
3478,9,9,9,3.7718750007798008e-06,9,9,0,0
3479,0,0,0,1.5453469848214496e-06,0,0,0,0
3480,1,1,1,1.9059692384360005e-06,1,1,0,0
3481,0,0,0,1.9038940433091511e-06,0,0,0,0
3482,2,2,2,2.864979858241412e-06,2,2,0,0
3483,9,9,9,2.9108764643126506e-06,9,9,0,0
3484,3,3,3,1.9385742184852006e-06,3,3,0,0
3485,9,9,9,3.84007568321465e-06,9,9,0,0
3486,3,3,3,9.760009760384492e-07,3,3,0,0
3487,3,3,3,2.8856201179650043e-06,3,3,0,0
3488,6,6,6,1.9230712897666535e-06,6,6,0,0
3489,2,2,2,2.3888476565758765e-06,2,2,0,0
3490,4,4,4,1.3120959472256999e-06,4,4,0,0
3491,9,9,9,1.9069873040677976e-06,9,9,0,0
3492,8,8,8,2.025826415952281e-06,8,8,0,0
3493,3,3,3,3.0973739624240437e-06,3,3,0,0
3494,7,7,7,1.8908447270149509e-06,7,7,0,0
3495,4,4,4,9.787963861640492e-07,4,4,0,0
3496,0,0,0,9.541394043743878e-07,0,0,0,0
3497,4,4,4,1.3085174559446244e-06,4,4,0,0
3498,7,7,7,7.179028318482494e-07,7,7,0,0
3499,8,8,8,1.9355834961487517e-06,8,8,0,0
3500,4,4,4,3.2190963439870934e-06,4,4,0,0
3501,9,9,9,1.3121820068295875e-06,9,9,0,0
3502,8,8,8,1.954785155078298e-06,8,8,0,0
3503,9,1,1,2.8609008797531033e-06,1,1,0,0
3504,9,9,9,1.6718515014613189e-06,9,9,0,0
3505,7,7,7,1.90991210935465e-06,7,7,0,0
3506,5,5,5,4.794079590197953e-06,5,5,0,0
3507,9,9,9,1.9024008177659368e-06,9,9,0,0
3508,2,2,2,1.9007812497306986e-06,2,2,0,0
3509,8,8,8,2.3801464843486997e-06,8,8,0,0
3510,2,2,2,1.91550292960585e-06,2,2,0,0
3511,2,2,2,1.4329443360772132e-06,2,2,0,0
3512,0,0,0,1.4321252441718002e-06,0,0,0,0
3513,2,2,2,1.8784179687258984e-06,2,2,0,0
3514,2,2,2,2.820166015382597e-06,2,2,0,0
3515,3,3,3,1.8881103507339958e-06,3,3,0,0
3516,8,8,8,1.904986572043299e-06,8,8,0,0
3517,4,4,4,2.3797058101848734e-06,4,4,0,0
3518,6,6,6,2.380281982183874e-06,6,6,0,0
3519,8,8,8,2.864956054615675e-06,8,8,0,0
3520,6,4,4,2.3842260743478505e-06,4,4,0,0
3521,8,8,8,1.9374755844125957e-06,8,8,0,0
3522,2,2,2,2.858728027632651e-06,2,2,0,0
3523,4,4,4,1.9316528323543025e-06,4,4,0,0
3524,6,6,6,2.8459350591703014e-06,6,6,0,0
3525,7,7,7,2.8581799318416756e-06,7,7,0,0
3526,9,9,9,1.5477267456542876e-06,9,9,0,0
3527,3,3,3,3.8143725582528987e-06,3,3,0,0
3528,3,3,3,3.7854492198619027e-06,3,3,0,0
3529,9,9,9,9.605468758167035e-07,9,9,0,0
3530,4,4,4,1.9122619629996507e-06,4,4,0,0
3531,3,3,3,1.872314452810997e-06,3,3,0,0
3532,1,1,1,1.435021972362449e-06,1,1,0,0
3533,4,4,4,1.910541992167225e-06,4,4,0,0
3534,4,8,8,2.86373046876065e-06,8,8,0,0
3535,7,7,7,2.877758788599749e-06,7,7,0,0
3536,0,0,0,2.5028555297179622e-06,0,0,0,0
3537,5,5,5,1.9030029303479523e-06,5,5,0,0
3538,9,9,9,2.856809082629752e-06,9,9,0,0
3539,6,6,6,1.428925781254975e-06,6,6,0,0
3540,0,0,0,2.444031860338036e-06,0,0,0,0
3541,4,4,4,2.022808837987e-06,4,4,0,0
3542,4,4,4,3.8102807611295475e-06,4,4,0,0
3543,4,4,4,2.8625024413031497e-06,4,4,0,0
3544,4,4,4,1.4273364259409504e-06,4,4,0,0
3545,6,6,6,3.781396483049093e-06,6,6,0,0
3546,1,1,1,1.4302844242308765e-06,1,1,0,0
3547,2,2,2,1.433061523670176e-06,2,2,0,0
3548,3,3,3,2.056787139881333e-06,3,3,0,0
3549,3,3,3,3.826049804089848e-06,3,3,0,0
3550,6,6,6,1.9085571292265513e-06,6,6,0,0
3551,4,4,4,1.912297364015103e-06,4,4,0,0
3552,5,5,5,8.333502197199749e-07,5,5,0,0
3553,9,9,9,9.093750001909484e-07,9,9,0,0
3554,6,6,6,2.811279296466296e-06,6,6,0,0
3555,8,8,8,1.9469238274893996e-06,8,8,0,0
3556,5,5,5,1.904914550543424e-06,5,5,0,0
3557,6,6,6,9.647949212876483e-07,6,6,0,0
3558,5,5,5,2.147083129955263e-06,5,5,0,0
3559,8,8,8,9.549145509879509e-07,8,8,0,0
3560,6,6,6,1.873144530151194e-06,6,6,0,0
3561,4,4,4,1.9410278326859043e-06,4,4,0,0
3562,1,1,1,1.914038085359948e-06,1,1,0,0
3563,8,8,8,3.840185547332453e-06,8,8,0,0
3564,6,6,6,1.9072705086387032e-06,6,6,0,0
3565,5,5,5,2.8641284179897752e-06,5,5,0,0
3566,2,2,2,1.4288165282039245e-06,2,2,0,0
3567,8,8,8,1.909774169917e-06,8,8,0,0
3568,4,4,4,9.69177246901154e-07,4,4,0,0
3569,5,5,5,2.4439602813730588e-06,5,5,0,0
3570,5,5,5,2.8610961910757737e-06,5,5,0,0
3571,4,4,4,1.427162475753363e-06,4,4,0,0
3572,7,7,7,1.671896362243075e-06,7,7,0,0
3573,7,7,7,1.6709637451484127e-06,7,7,0,0
3574,0,7,7,9.57326660611102e-07,7,7,0,0
3575,7,7,7,1.4300366206754234e-06,7,7,0,0
3576,8,8,8,2.8808715821782016e-06,8,8,0,0
3577,2,2,2,1.943774414314703e-06,2,2,0,0
3578,2,2,2,1.907697754433002e-06,2,2,0,0
3579,3,3,3,2.3813061522659495e-06,3,3,0,0
3580,7,7,7,1.9108447268934015e-06,7,7,0,0
3581,0,0,0,1.7890838623912941e-06,0,0,0,0
3582,1,1,1,1.187573241967499e-06,1,1,0,0
3583,8,8,8,9.576843265080015e-07,8,8,0,0
3584,0,0,0,1.8679199218496478e-06,0,0,0,0
3585,7,7,7,1.9093640135636747e-06,7,7,0,0
3586,1,1,1,3.8082031252884008e-06,1,1,0,0
3587,9,9,9,1.8674804671547918e-06,9,9,0,0
3588,8,8,8,2.029678039638938e-06,8,8,0,0
3589,7,7,7,1.6695703126679007e-06,7,7,0,0
3590,5,5,5,1.9056542974738022e-06,5,5,0,0
3591,5,5,5,1.432517089838825e-06,5,5,0,0
3592,9,9,9,1.9391967764903484e-06,9,9,0,0
3593,1,1,1,1.9092578131818527e-06,1,1,0,0
3594,7,7,7,2.3806744384735623e-06,7,7,0,0
3595,5,5,5,1.9053808593127997e-06,5,5,0,0
3596,4,4,4,9.493872070720499e-07,4,4,0,0
3597,9,9,9,1.4301574706720999e-06,3,3,0,0
3598,1,1,1,1.9060522458147489e-06,1,1,0,0
3599,2,2,2,1.4258154292789982e-06,2,2,0,0
3600,2,2,2,1.8895019540110525e-06,2,2,0,0
3601,1,1,1,2.863647461381902e-06,1,1,0,0
3602,6,6,6,2.148740844809538e-06,6,6,0,0
3603,6,6,6,2.84099121117265e-06,6,6,0,0
3604,7,7,7,1.9026812743128119e-06,7,7,0,0
3605,1,1,1,2.8627465820108e-06,1,1,0,0
3606,1,1,1,1.4323791504011751e-06,1,1,0,0
3607,4,4,4,2.8655102539687505e-06,4,4,0,0
3608,0,0,0,1.9102429202888516e-06,0,0,0,0
3609,7,7,7,3.8180419927869025e-06,7,7,0,0
3610,4,4,4,1.9566284183980542e-06,4,4,0,0
3611,2,2,2,2.1418005369255866e-06,2,2,0,0
3612,4,4,4,2.861450195013049e-06,4,4,0,0
3613,0,0,0,9.577423094597748e-07,0,0,0,0
3614,6,6,6,9.509643561500525e-07,6,6,0,0
3615,4,4,4,1.434067382621862e-06,4,4,0,0
3616,7,7,7,1.9075122068556993e-06,7,7,0,0
3617,6,6,6,1.1326424865787388e-06,6,6,0,0
3618,9,9,9,2.8232421875884484e-06,9,9,0,0
3619,5,5,5,1.909599609106749e-06,5,5,0,0
3620,3,3,3,1.9032531737295244e-06,3,3,0,0
3621,4,4,4,2.8377929695011517e-06,4,4,0,0
3622,6,6,6,1.908500976810501e-06,6,6,0,0
3623,5,5,5,3.862512206964652e-06,5,5,0,0
3624,0,0,0,1.7286984558273488e-06,0,0,0,0
3625,1,1,1,2.1429162595509865e-06,1,1,0,0
3626,8,8,8,4.762585449569201e-06,8,8,0,0
3627,8,8,8,2.2629144287300562e-06,8,8,0,0
3628,2,2,2,3.780834962441304e-06,2,2,0,0
3629,8,8,8,1.3064425659070622e-06,8,8,0,0
3630,3,3,3,5.757543945605903e-06,3,3,0,0
3631,5,5,5,1.4330554201080759e-06,5,5,0,0
3632,7,7,7,3.7936279291272967e-06,7,7,0,0
3633,8,8,8,3.8159521480451986e-06,8,8,0,0
3634,0,0,0,1.9077856445726127e-06,0,0,0,0
3635,8,8,8,1.9307128908963023e-06,8,8,0,0
3636,5,5,5,1.4342504881525997e-06,5,5,0,0
3637,7,7,7,1.8970214838986976e-06,7,7,0,0
3638,1,1,1,2.8167968757486506e-06,1,1,0,0
3639,1,1,1,1.1927374266029744e-06,1,1,0,0
3640,0,0,0,5.061794128291552e-07,0,0,0,0
3641,1,1,1,9.580444331191984e-07,1,1,0,0
3642,3,3,3,1.9127807622254522e-06,3,3,0,0
3643,7,7,7,2.875756836218102e-06,7,7,0,0
3644,8,8,8,1.428092041066975e-06,8,8,0,0
3645,5,5,5,1.911000977017352e-06,5,5,0,0
3646,0,0,0,2.384465942473213e-06,0,0,0,0
3647,7,7,7,1.9123779289031972e-06,7,7,0,0
3648,1,1,1,1.9027832030005243e-06,1,1,0,0
3649,1,1,1,1.668848571778625e-06,1,1,0,0
3650,0,0,0,1.431292724340949e-06,0,0,0,0
3651,1,1,1,2.8645458982623495e-06,1,1,0,0
3652,1,1,1,1.192452697695856e-06,1,1,0,0
3653,4,4,4,1.4289660645872004e-06,4,4,0,0
3654,5,5,5,1.903847655526647e-06,5,5,0,0
3655,2,2,2,1.90869628902135e-06,2,2,0,0
3656,7,7,7,1.942382812814003e-06,7,7,0,0
3657,6,6,6,2.3867089842255496e-06,6,6,0,0
3658,2,2,2,2.8882934568486007e-06,2,2,0,0
3659,3,3,3,4.2902355961160765e-06,3,3,0,0
3660,0,0,0,1.911815185273724e-06,0,0,0,0
3661,2,2,2,2.8990234373083013e-06,2,2,0,0
3662,8,8,8,1.9117712399818743e-06,8,8,0,0
3663,5,5,5,2.2514692647169175e-06,5,5,0,0
3664,9,9,9,1.9089117433424008e-06,9,9,0,0
3665,6,6,6,1.6652047729603936e-06,6,6,0,0
3666,9,9,9,1.9106866453455496e-06,9,9,0,0
3667,7,7,7,9.810668952781043e-07,7,7,0,0
3668,2,2,2,1.9057690430202001e-06,2,2,0,0
3669,1,1,1,2.858994140098048e-06,1,1,0,0
3670,3,3,3,2.3357449173005973e-06,3,3,0,0
3671,6,6,6,1.4347433472394755e-06,6,6,0,0
3672,4,4,4,1.90646484377055e-06,4,4,0,0
3673,1,1,1,9.58643799009451e-07,1,1,0,0
3674,8,8,8,1.9443847651956503e-06,8,8,0,0
3675,2,2,2,1.9394287100737984e-06,2,2,0,0
3676,4,4,4,1.4355102537777498e-06,4,4,0,0
3677,0,0,0,3.7652465820769976e-06,0,0,0,0
3678,5,5,5,1.9058715814423977e-06,5,5,0,0
3679,1,1,1,1.943872069531949e-06,1,1,0,0
3680,0,0,0,2.386519775576801e-06,0,0,0,0
3681,2,2,2,2.8231811519674466e-06,2,2,0,0
3682,2,2,2,1.4349182126949245e-06,2,2,0,0
3683,6,6,6,1.9053820796699483e-06,6,6,0,0
3684,4,4,4,1.9100097654600745e-06,4,4,0,0
3685,4,4,4,2.6182678221076117e-06,4,4,0,0
3686,3,3,3,2.867419434338103e-06,3,3,0,0
3687,9,9,9,1.926403808027999e-06,9,9,0,0
3688,6,6,6,1.4306405334840733e-06,6,6,0,0
3689,1,1,1,1.9045556634011973e-06,1,1,0,0
3690,6,6,6,9.584765621184488e-07,6,6,0,0
3691,5,5,5,2.8303344734581515e-06,5,5,0,0
3692,7,7,7,1.8999023438937002e-06,7,7,0,0
3693,9,9,9,2.3878637698260263e-06,9,9,0,0
3694,2,2,2,2.1481817626956e-06,2,2,0,0
3695,0,0,0,1.910292358520138e-06,0,0,0,0
3696,2,2,2,9.556311031388987e-07,2,2,0,0
3697,6,6,6,1.9368530281838048e-06,6,6,0,0
3698,0,0,0,4.805273436936375e-07,0,0,0,0
3699,1,1,1,9.577880861755261e-07,1,1,0,0
3700,4,4,4,1.9086462401674e-06,4,4,0,0
3701,3,3,3,1.9060339351284483e-06,3,3,0,0
3702,5,5,5,1.4261389162939508e-06,5,5,0,0
3703,2,2,2,2.9029541011027504e-06,2,2,0,0
3704,8,8,8,1.9087338256618125e-06,8,8,0,0
3705,8,8,8,3.1023483275660624e-06,8,8,0,0
3706,0,0,0,1.8701782220631458e-06,0,0,0,0
3707,8,8,8,9.58000488715527e-07,8,8,0,0
3708,8,8,8,9.744018552027e-07,8,8,0,0
3709,9,9,9,1.8984497067719985e-06,9,9,0,0
3710,0,0,0,1.9100024406526472e-06,0,0,0,0
3711,9,9,9,3.851635742790904e-06,9,9,0,0
3712,6,6,6,1.9114013678489528e-06,6,6,0,0
3713,7,7,7,1.4282971187995486e-06,7,7,0,0
3714,6,6,6,1.9079150384015975e-06,6,6,0,0
3715,3,3,3,1.881298828720901e-06,3,3,0,0
3716,9,9,9,1.9107128910178517e-06,9,9,0,0
3717,3,3,3,2.8615722662550525e-06,3,3,0,0
3718,4,4,4,6.411677169748664e-07,4,4,0,0
3719,7,7,7,3.862646483554499e-06,7,7,0,0
3720,7,7,7,1.9111645510605513e-06,7,7,0,0
3721,7,7,7,1.915771484561901e-06,7,7,0,0
3722,4,4,4,1.909367675523299e-06,4,4,0,0
3723,9,9,9,1.4269519041931744e-06,9,9,0,0
3724,0,0,0,2.1441320798842867e-06,0,0,0,0
3725,6,6,6,1.4334613038791133e-06,6,6,0,0
3726,4,4,4,1.9097509769139265e-06,4,4,0,0
3727,8,8,8,3.816593017624825e-06,8,8,0,0
3728,4,4,4,1.1950152587481e-06,4,4,0,0
3729,2,2,2,3.4609487915560067e-06,2,2,0,0
3730,7,7,7,1.4322070311933999e-06,7,7,0,0
3731,2,2,2,2.8721557612243487e-06,2,2,0,0
3732,8,8,8,7.143585203372993e-07,8,8,0,0
3733,1,1,1,1.908637695002824e-06,1,1,0,0
3734,0,0,0,2.857033691405775e-06,0,0,0,0
3735,0,0,0,1.4322131347555e-06,0,0,0,0
3736,7,7,7,1.4293066410431265e-06,7,7,0,0
3737,8,8,8,1.433856200883099e-06,8,8,0,0
3738,3,3,3,1.9368164068112037e-06,3,3,0,0
3739,3,3,3,1.4269799804011996e-06,3,3,0,0
3740,3,3,3,2.480929611206606e-06,3,3,0,0
3741,1,1,1,9.55246582279301e-07,1,1,0,0
3742,3,3,3,1.9265625006426035e-06,3,3,0,0
3743,7,7,7,1.4901803436218053e-06,7,7,0,0
3744,6,6,6,1.871289063259951e-06,6,6,0,0
3745,1,1,1,1.194556884964726e-06,1,1,0,0
3746,3,3,3,1.899891521453534e-06,3,3,0,0
3747,1,1,1,1.904052734147399e-06,1,1,0,0
3748,6,6,6,1.9089599607724494e-06,6,6,0,0
3749,6,6,6,1.90935424804195e-06,6,6,0,0
3750,5,5,5,1.0743536376089935e-06,5,5,0,0
3751,7,7,7,9.537524405800468e-07,7,7,0,0
3752,4,4,4,1.9044628913889028e-06,4,4,0,0
3753,7,7,7,1.9090966798529507e-06,7,7,0,0
3754,5,5,5,1.9074804686880498e-06,5,5,0,0
3755,9,9,9,3.850170898545002e-06,9,9,0,0
3756,5,5,5,9.577917481351506e-07,5,5,0,0
3757,8,8,8,1.4269897459229242e-06,8,8,0,0
3758,4,4,4,1.433820800755825e-06,4,4,0,0
3759,9,9,9,1.910742186694847e-06,9,9,0,0
3760,9,9,9,4.816406249830152e-06,9,9,0,0
3761,1,1,1,9.568878174270878e-07,1,1,0,0
3762,6,8,8,1.4316735841291006e-06,8,8,0,0
3763,5,5,5,1.907715637239349e-06,5,5,0,0
3764,0,0,0,1.668867797732787e-06,0,0,0,0
3765,1,1,1,1.4313739011839743e-06,1,1,0,0
3766,3,3,3,2.85878540040585e-06,3,3,0,0
3767,7,2,2,2.8638134761393985e-06,2,2,0,0
3768,0,0,0,2.860632324352963e-06,0,0,0,0
3769,3,3,3,4.730981444822646e-06,3,3,0,0
3770,4,4,4,1.9092480467719497e-06,4,4,0,0
3771,8,8,8,2.141914978048831e-06,8,8,0,0
3772,2,2,2,3.8133544926211016e-06,2,2,0,0
3773,2,2,2,1.433763427538537e-06,2,2,0,0
3774,0,0,0,1.912019042649149e-06,0,0,0,0
3775,2,2,2,1.9743633277863326e-06,2,2,0,0
3776,5,5,5,1.4262890628558011e-06,5,5,0,0
3777,1,1,1,1.6734448240462996e-06,1,1,0,0
3778,5,5,5,1.6685284118800325e-06,5,5,0,0
3779,1,1,1,2.379310302558224e-06,1,1,0,0
3780,4,4,4,1.4294665531267015e-06,4,4,0,0
3781,8,8,8,1.9029089353139739e-06,8,8,0,0
3782,8,8,8,2.8964721678903516e-06,8,8,0,0
3783,9,9,9,1.910473633515153e-06,9,9,0,0
3784,1,1,1,1.0137743224891693e-06,1,1,0,0
3785,2,2,2,9.93298339579951e-07,2,2,0,0
3786,1,1,1,9.556799316357e-07,1,1,0,0
3787,3,3,3,2.143683776933969e-06,3,3,0,0
3788,5,5,5,1.8829833976496957e-06,5,5,0,0
3789,1,1,1,2.384807128663624e-06,1,1,0,0
3790,0,0,0,1.9089819334183744e-06,0,0,0,0
3791,9,9,9,1.9074707022781467e-06,9,9,0,0
3792,4,4,4,3.816772460751849e-06,4,4,0,0
3793,4,4,4,1.4282360840667252e-06,4,4,0,0
3794,8,8,8,1.9295654301032528e-06,8,8,0,0
3795,3,3,3,2.8839721686324538e-06,3,3,0,0
3796,2,2,2,1.9344116211073015e-06,2,2,0,0
3797,5,5,5,2.864460448392947e-06,5,5,0,0
3798,9,9,9,2.864124756030151e-06,9,9,0,0
3799,7,7,7,1.867431642210704e-06,7,7,0,0
3800,6,6,6,1.9078613284762014e-06,6,6,0,0
3801,6,6,6,1.8596923823110956e-06,6,6,0,0
3802,2,2,2,1.0017944340745544e-06,2,2,0,0
3803,0,0,0,2.8117309565089954e-06,0,0,0,0
3804,0,0,0,2.146023559745913e-06,0,0,0,0
3805,0,0,0,2.861799316633551e-06,0,0,0,0
3806,5,5,5,2.862427978200799e-06,5,5,0,0
3807,8,8,8,6.646350097838649e-06,8,8,0,0
3808,7,8,8,1.4314916993996007e-06,8,8,0,0
3809,1,1,1,9.553390503125314e-07,1,1,0,0
3810,5,5,5,2.8146362307523987e-06,5,5,0,0
3811,2,2,2,9.567749028605022e-07,2,2,0,0
3812,3,3,3,1.943774414314703e-06,3,3,0,0
3813,8,8,8,2.4735699020450586e-06,8,8,0,0
3814,5,5,5,1.911286620526198e-06,5,5,0,0
3815,1,1,1,1.9069091798940008e-06,1,1,0,0
3816,8,8,8,1.9241699220629016e-06,8,8,0,0
3817,2,2,2,2.8764526369684518e-06,2,2,0,0
3818,0,0,0,1.4345843506458067e-06,0,0,0,0
3819,4,4,4,3.3347851564613507e-06,4,4,0,0
3820,9,9,9,2.865058593926051e-06,9,9,0,0
3821,9,9,9,1.9094885255199756e-06,9,9,0,0
3822,6,6,6,9.866699226535047e-07,6,6,0,0
3823,2,2,2,1.9501708976576992e-06,2,2,0,0
3824,3,3,3,4.7726806648995534e-06,3,3,0,0
3825,3,3,3,1.931665039478503e-06,3,3,0,0
3826,5,5,5,1.9499755854468503e-06,5,5,0,0
3827,6,6,6,1.9426269535216534e-06,6,6,0,0
3828,4,4,4,2.3812341307660745e-06,4,4,0,0
3829,8,8,8,1.865234375841851e-06,8,8,0,0
3830,0,0,0,1.4307641604816013e-06,0,0,0,0
3831,9,9,9,2.145115966634137e-06,9,9,0,0
3832,2,2,2,1.921350097688901e-06,2,2,0,0
3833,8,8,8,2.825219725721695e-06,8,8,0,0
3834,3,3,3,2.8175537103436454e-06,3,3,0,0
3835,6,6,6,2.8599755861336007e-06,6,6,0,0
3836,7,7,7,1.909917297426844e-06,7,7,0,0
3837,5,5,5,3.81744873045875e-06,5,5,0,0
3838,7,7,7,2.38858276357945e-06,7,7,0,0
3839,2,2,2,2.8604321284930734e-06,2,2,0,0
3840,9,9,9,2.8610620113056484e-06,9,9,0,0
3841,4,4,4,1.9005859357434929e-06,4,4,0,0
3842,9,9,9,1.9026135253952248e-06,9,9,0,0
3843,1,1,1,7.110110473718123e-07,1,1,0,0
3844,2,2,2,1.9091210941013514e-06,2,2,0,0
3845,8,8,8,3.8267578119643986e-06,8,8,0,0
3846,6,6,6,9.527392581532013e-07,6,6,0,0
3847,0,0,0,9.829956049145494e-07,0,0,0,0
3848,7,7,7,1.908521728211099e-06,7,7,0,0
3849,0,0,0,1.6644952391953183e-06,0,0,0,0
3850,9,9,9,1.4334130860049754e-06,9,9,0,0
3851,1,1,1,4.807177731436241e-07,1,1,0,0
3852,1,1,1,1.4308502196413997e-06,1,1,0,0
3853,6,6,6,1.4330541988627488e-06,6,6,0,0
3854,7,7,7,1.9408325186986985e-06,7,7,0,0
3855,5,5,5,1.0001342776178035e-06,5,5,0,0
3856,9,9,9,1.9113146976224016e-06,9,9,0,0
3857,9,9,9,1.9388916001616963e-06,9,9,0,0
3858,1,1,1,1.431154784903299e-06,1,1,0,0
3859,9,2,2,2.858525390614375e-06,2,2,0,0
3860,5,5,5,3.826049804089848e-06,5,5,0,0
3861,9,9,9,1.913366698857999e-06,9,9,0,0
3862,2,2,2,1.9086303719717534e-06,2,2,0,0
3863,5,5,5,1.9093603516040503e-06,5,5,0,0
3864,0,0,0,1.9106225579434977e-06,0,0,0,0
3865,4,4,4,1.911376951824195e-06,4,4,0,0
3866,1,1,1,1.1931207275495126e-06,1,1,0,0
3867,0,0,0,1.663936157303425e-06,0,0,0,0
3868,8,8,8,1.9051293946859005e-06,8,8,0,0
3869,9,4,4,1.9049584967234523e-06,4,4,0,0
3870,0,0,0,2.383225707891512e-06,0,0,0,0
3871,8,8,8,2.9066772455621503e-06,8,8,0,0
3872,9,9,9,1.075349121082425e-06,9,9,0,0
3873,8,8,8,1.91036987295945e-06,8,8,0,0
3874,9,9,9,1.9100439452302e-06,9,9,0,0
3875,4,4,4,2.8603222652634486e-06,4,4,0,0
3876,2,2,2,9.953735347068005e-07,2,2,0,0
3877,5,5,5,1.9037158196510973e-06,5,5,0,0
3878,7,7,7,2.145657958863012e-06,7,7,0,0
3879,9,9,9,1.910251464565249e-06,9,9,0,0
3880,8,8,8,1.9099438475222996e-06,8,8,0,0
3881,9,9,9,1.907314453930553e-06,9,9,0,0
3882,8,8,8,1.8589477530639442e-06,8,8,0,0
3883,0,0,0,1.9101281738542752e-06,0,0,0,0
3884,9,9,9,1.5524719239046192e-06,9,9,0,0
3885,9,9,9,1.945837402317352e-06,9,9,0,0
3886,6,6,6,5.217452621469887e-07,6,6,0,0
3887,8,8,8,1.9511230462399e-06,8,8,0,0
3888,9,9,9,2.861647949714552e-06,9,9,0,0
3889,9,9,9,9.566821290718508e-07,9,9,0,0
3890,5,5,5,1.931872558813552e-06,5,5,0,0
3891,9,9,9,1.5644958801241948e-06,9,9,0,0
3892,8,8,8,2.8657141113441753e-06,8,8,0,0
3893,5,5,5,1.0131139373537046e-06,5,5,0,0
3894,1,1,1,1.6683386232507758e-06,1,1,0,0
3895,0,0,0,1.4328027342358496e-06,0,0,0,0
3896,3,3,3,1.9418945313987024e-06,3,3,0,0
3897,3,3,3,1.904132080010612e-06,3,3,0,0
3898,5,5,5,9.85180664159202e-07,5,5,0,0
3899,2,2,2,1.8672363282234983e-06,2,2,0,0
3900,1,1,1,3.335015258620899e-06,1,1,0,0
3901,6,6,6,2.85078125017435e-06,6,6,0,0
3902,5,5,5,1.9142822260675985e-06,5,5,0,0
3903,0,0,0,1.3116812438429548e-06,0,0,0,0
3904,2,2,2,1.908663940231037e-06,2,2,0,0
3905,8,8,8,9.516430665712505e-07,8,8,0,0
3906,1,1,1,1.9440917959911985e-06,1,1,0,0
3907,5,5,5,2.8854980467230007e-06,5,5,0,0
3908,6,6,6,2.8866821288886513e-06,6,6,0,0
3909,2,2,2,1.9108007816015515e-06,2,2,0,0
3910,3,3,3,2.8586596680924004e-06,3,3,0,0
3911,0,0,0,1.954797363978855e-06,0,0,0,0
3912,2,2,2,2.849743651722747e-06,2,2,0,0
3913,2,2,2,2.8625445556151874e-06,2,2,0,0
3914,6,6,6,1.4328601070090485e-06,6,6,0,0
3915,4,4,4,9.526214599375749e-07,4,4,0,0
3916,3,3,3,3.8208984367571475e-06,3,3,0,0
3917,5,5,5,1.9337402346053523e-06,5,5,0,0
3918,5,5,5,9.529223632398498e-07,5,5,0,0
3919,1,1,1,9.581909186096027e-07,1,1,0,0
3920,7,7,7,9.953613275826e-07,7,7,0,0
3921,2,2,2,3.811035156786602e-06,2,2,0,0
3922,1,1,1,2.384940185784501e-06,1,1,0,0
3923,6,6,6,9.437866204109469e-07,6,6,0,0
3924,9,9,9,3.85266113234195e-06,9,9,0,0
3925,1,1,1,1.9109155271479494e-06,1,1,0,0
3926,9,3,3,9.266845708566507e-07,3,3,0,0
3927,9,9,9,1.9039428718059526e-06,9,9,0,0
3928,5,5,5,1.9066894534347512e-06,5,5,0,0
3929,5,5,5,1.966657196095234e-06,5,5,0,0
3930,1,1,1,1.9084960936055495e-06,1,1,0,0
3931,6,6,6,2.8446777342594487e-06,6,6,0,0
3932,2,2,2,1.3109018249246596e-06,2,2,0,0
3933,2,2,2,1.1898199463455938e-06,2,2,0,0
3934,8,8,8,1.909804687727501e-06,8,8,0,0
3935,6,6,6,2.8538818366286023e-06,6,6,0,0
3936,7,7,7,1.932360840228853e-06,7,7,0,0
3937,1,1,1,9.546911616808984e-07,1,1,0,0
3938,4,4,4,9.323242196046522e-07,4,4,0,0
3939,6,6,6,2.3860803226583016e-06,6,6,0,0
3940,0,0,0,1.907687988023099e-06,0,0,0,0
3941,4,4,4,2.864768066324075e-06,4,4,0,0
3942,0,0,0,1.4327868651520248e-06,0,0,0,0
3943,3,3,3,1.9451538086912024e-06,3,3,0,0
3944,3,3,3,2.3811682128282996e-06,3,3,0,0
3945,2,2,2,2.8498535158405502e-06,2,2,0,0
3946,2,2,2,2.8589038088000507e-06,2,2,0,0
3947,3,3,3,2.385166625984425e-06,3,3,0,0
3948,6,6,6,1.4343341065981008e-06,6,6,0,0
3949,8,8,8,1.9465942386887036e-06,8,8,0,0
3950,9,9,9,1.9521484375673026e-06,9,9,0,0
3951,8,8,8,9.555749511669376e-07,8,8,0,0
3952,5,5,5,1.8959838872234513e-06,5,5,0,0
3953,3,3,3,3.863378907453807e-06,3,3,0,0
3954,8,8,8,3.335114746150225e-06,8,8,0,0
3955,5,5,5,2.863247070550301e-06,5,5,0,0
3956,4,4,4,1.910815431216406e-06,4,4,0,0
3957,5,5,5,1.9107739266388535e-06,5,5,0,0
3958,2,2,2,1.906518555472303e-06,2,2,0,0
3959,0,0,0,2.9050292962296e-06,0,0,0,0
3960,5,5,5,3.7683715827796505e-06,5,5,0,0
3961,6,6,6,1.948144532804008e-06,6,6,0,0
3962,3,3,3,3.834912108757749e-06,3,3,0,0
3963,2,2,2,1.9075146475699967e-06,2,2,0,0
3964,8,8,8,1.860278320719999e-06,8,8,0,0
3965,3,3,3,2.0268662109801383e-06,3,3,0,0
3966,9,9,9,5.7571289069358045e-06,9,9,0,0
3967,9,9,9,9.5399371335958e-07,9,9,0,0
3968,5,5,5,2.8760498054225536e-06,5,5,0,0
3969,7,7,7,1.8588134764740971e-06,7,7,0,0
3970,9,9,9,1.9049658206427011e-06,9,9,0,0
3971,4,4,4,2.3840808109909517e-06,4,4,0,0
3972,6,6,6,1.9096411136843017e-06,6,6,0,0
3973,7,7,7,1.9402343767183083e-06,7,7,0,0
3974,1,1,1,1.1894488527453007e-06,1,1,0,0
3975,3,3,3,1.933496093897702e-06,3,3,0,0
3976,7,7,7,1.4292004397731262e-06,7,7,0,0
3977,3,3,3,2.854541016006351e-06,3,3,0,0
3978,6,6,6,2.859422607137674e-06,6,6,0,0
3979,6,6,6,1.9034436036236002e-06,6,6,0,0
3980,0,0,0,1.3072543334491371e-06,0,0,0,0
3981,9,9,9,4.757312010994497e-06,9,9,0,0
3982,0,0,0,2.875061035467752e-06,0,0,0,0
3983,1,1,1,9.507556151255869e-07,1,1,0,0
3984,9,9,9,1.9104248050183514e-06,9,9,0,0
3985,9,9,9,1.9062011720194505e-06,9,9,0,0
3986,2,2,2,1.9039965817313487e-06,2,2,0,0
3987,8,8,8,2.3794775394492262e-06,8,8,0,0
3988,8,8,8,1.9070922849806493e-06,8,8,0,0
3989,0,0,0,2.3819299315164244e-06,0,0,0,0
3990,1,1,1,1.9112390132747237e-06,1,1,0,0
3991,6,6,6,1.1919299316431875e-06,6,6,0,0
3992,9,9,9,1.4258752445428513e-06,9,9,0,0
3993,7,7,7,1.922326660519502e-06,7,7,0,0
3994,5,5,5,1.8620849608907974e-06,5,5,0,0
3995,3,3,3,1.8802978516418989e-06,3,3,0,0
3996,4,4,4,1.9527099617278054e-06,4,4,0,0
3997,7,7,7,9.573657226980004e-07,7,7,0,0
3998,4,4,4,1.7897497559538067e-06,4,4,0,0
3999,9,9,9,2.146839599426187e-06,9,9,0,0
4000,9,9,9,2.882250976554701e-06,9,9,0,0
4001,4,4,4,1.9088525391453004e-06,4,4,0,0
4002,3,3,3,4.7554809565752976e-06,3,3,0,0
4003,6,6,6,2.8588500970982977e-06,6,6,0,0
4004,3,3,3,1.4279138182970996e-06,3,3,0,0
4005,1,1,1,1.190585937393962e-06,1,1,0,0
4006,1,1,1,1.4300482176210494e-06,1,1,0,0
4007,7,7,7,1.5478124999468434e-06,7,7,0,0
4008,6,6,6,3.812374267830876e-06,6,6,0,0
4009,9,9,9,1.5347829521172862e-06,9,9,0,0
4010,1,1,1,9.542785646132756e-07,1,1,0,0
4011,8,8,8,2.388945312681301e-06,8,8,0,0
4012,4,4,4,1.859472655851846e-06,4,4,0,0
4013,1,1,1,1.433914794901625e-06,1,1,0,0
4014,1,1,1,2.3824981689735125e-06,1,1,0,0
4015,9,9,9,1.910053711640103e-06,9,9,0,0
4016,9,9,9,1.8581054685995468e-06,9,9,0,0
4017,4,4,4,2.8563757323851746e-06,4,4,0,0
4018,3,3,3,3.3379986570380993e-06,3,3,0,0
4019,6,6,6,2.8594116212588006e-06,6,6,0,0
4020,8,8,8,2.8345825189290963e-06,8,8,0,0
4021,1,1,1,9.512597660688016e-07,1,1,0,0
4022,6,6,6,3.8258911132516005e-06,6,6,0,0
4023,0,0,0,1.425867919735424e-06,0,0,0,0
4024,4,4,4,1.9127563479770515e-06,4,4,0,0
4025,1,1,1,1.9067602536892991e-06,1,1,0,0
4026,3,3,3,1.938049315697299e-06,3,3,0,0
4027,7,7,7,7.13666381990663e-07,7,7,0,0
4028,7,7,7,1.9074096675453234e-06,7,7,0,0
4029,4,4,4,1.4315490721727997e-06,4,4,0,0
4030,9,9,9,2.3798333739222244e-06,9,9,0,0
4031,5,5,5,9.237057037592145e-07,5,5,0,0
4032,1,1,1,1.9067822272234025e-06,1,1,0,0
4033,0,0,0,2.9076904297653527e-06,0,0,0,0
4034,0,0,0,1.4345410157545757e-06,0,0,0,0
4035,1,1,1,1.4312548826111993e-06,1,1,0,0
4036,1,1,1,1.1921307372375622e-06,1,1,0,0
4037,6,6,6,2.910034179848253e-06,6,6,0,0
4038,2,2,2,1.0002197257108492e-06,2,2,0,0
4039,1,1,1,9.568127437020735e-07,1,1,0,0
4040,9,9,9,1.942443848435005e-06,9,9,0,0
4041,8,8,8,2.8641088860581476e-06,8,8,0,0
4042,4,4,4,1.9084155269410985e-06,4,4,0,0
4043,0,0,0,9.541152649061857e-07,0,0,0,0
4044,3,3,3,1.9178466796887506e-06,3,3,0,0
4045,6,6,6,3.3416546632025756e-06,6,6,0,0
4046,4,4,4,1.920227051144252e-06,4,4,0,0
4047,9,9,9,1.9025292967711493e-06,9,9,0,0
4048,0,0,0,1.1902746583913881e-06,0,0,0,0
4049,7,7,7,1.907790527333475e-06,7,7,0,0
4050,1,1,1,1.4319360355230515e-06,1,1,0,0
4051,6,6,6,2.8560424798484974e-06,6,6,0,0
4052,5,5,5,1.4275524904405756e-06,5,5,0,0
4053,7,7,7,9.501159672353765e-07,7,7,0,0
4054,5,5,5,2.860624999989625e-06,5,5,0,0
4055,2,2,2,1.917431639242295e-06,2,2,0,0
4056,5,5,5,2.8495239252634974e-06,5,5,0,0
4057,1,1,1,1.4293176269219998e-06,1,1,0,0
4058,8,8,8,3.3401867671756236e-06,8,8,0,0
4059,5,5,5,1.4284643556905507e-06,5,5,0,0
4060,4,4,4,1.433315429899551e-06,4,4,0,0
4061,7,7,7,1.5481576538523e-06,7,7,0,0
4062,0,0,0,1.904250488848902e-06,0,0,0,0
4063,6,5,5,1.4321240238146515e-06,5,5,0,0
4064,7,7,7,9.549255373109133e-07,7,7,0,0
4065,0,0,0,1.911719360148112e-06,0,0,0,0
4066,2,2,2,3.816333006056993e-06,2,2,0,0
4067,5,5,5,9.58496093161898e-07,5,5,0,0
4068,8,8,8,2.8569055174898494e-06,8,8,0,0
4069,1,1,1,9.531256104367003e-07,1,1,0,0
4070,0,0,0,1.9094604493119505e-06,0,0,0,0
4071,4,4,4,2.862209472098698e-06,4,4,0,0
4072,5,5,5,1.9085583495837e-06,5,5,0,0
4073,7,7,7,3.8333251950462e-06,7,7,0,0
4074,1,1,1,1.5496569825135253e-06,1,1,0,0
4075,8,8,8,2.8654223633850506e-06,8,8,0,0
4076,5,5,5,1.1968713380383633e-06,5,5,0,0
4077,1,1,1,2.8627172845574478e-06,1,1,0,0
4078,9,2,2,3.815632323878049e-06,2,2,0,0
4079,0,0,0,9.565356453578033e-07,0,0,0,0
4080,0,0,0,2.865729980428e-06,0,0,0,0
4081,6,6,6,1.9502075190303003e-06,6,6,0,0
4082,0,0,0,1.4312768552571242e-06,0,0,0,0
4083,7,7,7,1.875146484309198e-06,7,7,0,0
4084,3,3,3,1.9467163081543504e-06,3,3,0,0
4085,1,1,1,1.6707525634096498e-06,1,1,0,0
4086,8,8,8,3.7650390627419483e-06,8,8,0,0
4087,3,3,3,2.8875610347256497e-06,3,3,0,0
4088,9,9,9,3.832055664787504e-06,9,9,0,0
4089,7,7,7,1.905749511976751e-06,7,7,0,0
4090,0,0,0,1.9116674803143496e-06,0,0,0,0
4091,0,0,0,1.919189452692649e-06,0,0,0,0
4092,8,8,8,2.269918518038594e-06,8,8,0,0
4093,9,9,9,1.9059497073925513e-06,9,9,0,0
4094,5,5,5,2.503551330468312e-06,5,5,0,0
4095,9,9,9,3.856689453130002e-06,9,9,0,0
4096,8,8,8,1.8812622073482999e-06,8,8,0,0
4097,3,3,3,2.0312649535725313e-06,3,3,0,0
4098,2,2,2,1.9323120117320514e-06,2,2,0,0
4099,7,7,7,1.9084826661242005e-06,7,7,0,0
4100,2,2,2,3.8570800775517e-06,2,2,0,0
4101,9,9,9,2.8651184083017256e-06,9,9,0,0
4102,7,7,7,1.4328479007730266e-06,7,7,0,0
4103,2,2,2,1.902958984167924e-06,2,2,0,0
4104,1,1,1,2.863415527798452e-06,1,1,0,0
4105,1,1,1,1.909707030733898e-06,1,1,0,0
4106,3,3,3,1.956323242069402e-06,3,3,0,0
4107,7,7,7,1.8911621104678034e-06,7,7,0,0
4108,5,5,5,1.8851684568943483e-06,5,5,0,0
4109,3,3,3,1.9057617191009513e-06,3,3,0,0
4110,1,1,1,9.522912600701261e-07,1,1,0,0
4111,9,9,9,1.9452880852810495e-06,9,9,0,0
4112,8,8,8,1.9523803711507526e-06,8,8,0,0
4113,2,2,2,1.0732315063322062e-06,2,2,0,0
4114,2,2,2,1.8692138663567448e-06,2,2,0,0
4115,2,2,2,2.8585449225460025e-06,2,2,0,0
4116,8,8,8,2.5631647949664327e-06,8,8,0,0
4117,8,8,8,2.3818591312618764e-06,8,8,0,0
4118,5,5,5,9.827392570826987e-07,5,5,0,0
4119,7,7,7,2.3869323726444236e-06,7,7,0,0
4120,3,3,3,1.0678851318779436e-06,3,3,0,0
4121,8,8,8,1.9121423342483013e-06,8,8,0,0
4122,9,9,9,1.902758789640302e-06,9,9,0,0
4123,8,8,8,2.8204467774628483e-06,8,8,0,0
4124,8,8,8,2.859560547463502e-06,8,8,0,0
4125,6,6,6,3.7973388664624963e-06,6,6,0,0
4126,8,8,8,1.908312988518901e-06,8,8,0,0
4127,2,2,2,1.931030272572798e-06,2,2,0,0
4128,3,3,3,1.425716552816425e-06,3,3,0,0
4129,9,9,9,9.58227538205847e-07,9,9,0,0
4130,7,7,7,1.8991455092987053e-06,7,7,0,0
4131,5,5,5,2.8636547853011507e-06,5,5,0,0
4132,6,6,6,1.9084399411894992e-06,6,6,0,0
4133,2,2,2,1.9117834471060746e-06,2,2,0,0
4134,9,9,9,2.146121520940625e-06,9,9,0,0
4135,2,2,2,9.544409174111479e-07,2,2,0,0
4136,8,8,8,1.8735595705976493e-06,8,8,0,0
4137,8,8,8,2.8637329094749475e-06,8,8,0,0
4138,1,1,1,1.430452880590849e-06,1,1,0,0
4139,6,6,6,1.9040606691334006e-06,6,6,0,0
4140,8,8,8,2.8652270511742017e-06,8,8,0,0
4141,8,8,8,1.6693341065021627e-06,8,8,0,0
4142,7,7,7,1.9454589832434976e-06,7,7,0,0
4143,9,9,9,2.8643298337627243e-06,9,9,0,0
4144,1,1,1,2.1436798096630127e-06,1,1,0,0
4145,8,8,8,2.3829467776792512e-06,8,8,0,0
4146,0,0,0,1.908428955310626e-06,0,0,0,0
4147,1,1,1,2.3817187502217507e-06,1,1,0,0
4148,7,7,7,1.919555664642303e-06,7,7,0,0
4149,2,2,2,1.919396972027698e-06,2,2,0,0
4150,0,0,0,1.9081982420843246e-06,0,0,0,0
4151,7,7,7,1.929345703644003e-06,7,7,0,0
4152,5,5,5,1.8796142580157493e-06,5,5,0,0
4153,1,1,1,2.8596069334696494e-06,1,1,0,0
4154,9,9,9,2.621329955987406e-06,9,9,0,0
4155,0,0,0,3.850598144339301e-06,0,0,0,0
4156,2,2,2,1.9036767575641989e-06,2,2,0,0
4157,0,0,0,1.9069815215821961e-06,0,0,0,0
4158,9,9,9,1.9107388304906436e-06,9,9,0,0
4159,8,8,8,1.1881274413205745e-06,8,8,0,0
4160,6,6,6,3.8154345709529025e-06,6,6,0,0
4161,2,2,2,1.7480767364498606e-06,2,2,0,0
4162,3,3,3,2.14577297974472e-06,3,3,0,0
4163,9,9,9,2.1435580443984747e-06,9,9,0,0
4164,3,3,3,2.1410113526521e-06,3,3,0,0
4165,8,8,8,1.910841674668262e-06,8,8,0,0
4166,0,0,0,2.029883117593556e-06,0,0,0,0
4167,2,2,2,1.935498046279349e-06,2,2,0,0
4168,1,1,1,1.7896817017248878e-06,1,1,0,0
4169,1,1,1,1.069312133727962e-06,1,1,0,0
4170,1,1,1,1.1946069333745868e-06,1,1,0,0
4171,1,1,1,2.508258361899607e-06,1,1,0,0
4172,4,4,4,1.9466796867817493e-06,4,4,0,0
4173,2,2,2,1.7848089599592498e-06,2,2,0,0
4174,9,9,9,2.865612792390948e-06,9,9,0,0
4175,7,7,7,1.8970947266438998e-06,7,7,0,0
4176,2,7,7,1.9070959469402737e-06,7,7,0,0
4177,5,5,5,1.9055700679615484e-06,5,5,0,0
4178,1,1,1,1.9266235344872484e-06,1,1,0,0
4179,1,1,1,1.4352496338077003e-06,1,1,0,0
4180,2,2,2,2.3806408693261005e-06,2,2,0,0
4181,1,1,1,1.9073901373900526e-06,1,1,0,0
4182,9,9,9,1.6721627806859374e-06,9,9,0,0
4183,9,9,9,1.9214965814029483e-06,9,9,0,0
4184,9,9,9,9.54611817149953e-07,9,9,0,0
4185,1,1,1,1.9122802736859512e-06,1,1,0,0
4186,0,0,0,1.5503051757903563e-06,0,0,0,0
4187,2,2,2,1.9067126464378248e-06,2,2,0,0
4188,0,0,0,2.3856311033298994e-06,0,0,0,0
4189,2,2,2,2.2646402892956274e-06,2,2,0,0
4190,1,1,1,9.57889404240575e-07,1,1,0,0
4191,1,1,1,9.581909181655135e-07,1,1,0,0
4192,4,4,4,1.9117187495254484e-06,4,4,0,0
4193,6,6,6,2.8235473639171005e-06,6,6,0,0
4194,4,4,4,1.911208496352401e-06,4,4,0,0
4195,1,1,1,1.6840846099874796e-06,1,1,0,0
4196,5,5,5,1.4270031734042732e-06,5,5,0,0
4197,4,4,4,1.432982177806963e-06,4,4,0,0
4198,9,9,9,1.884826660969452e-06,9,9,0,0
4199,7,7,7,1.434595946925299e-06,7,7,0,0
4200,7,7,7,9.542053218680735e-07,7,7,0,0
4201,1,1,1,9.574096679898503e-07,1,1,0,0
4202,5,5,5,1.4309959563973962e-06,5,5,0,0
4203,6,6,6,1.9113916014390497e-06,6,6,0,0
4204,2,2,2,1.6688806150355617e-06,2,2,0,0
4205,2,2,2,9.505908202811497e-07,2,2,0,0
4206,2,2,2,3.772412108915546e-06,2,2,0,0
4207,8,8,8,9.58464965616912e-07,8,8,0,0
4208,0,0,0,1.9334472654009005e-06,0,0,0,0
4209,6,6,6,1.874377440813646e-06,6,6,0,0
4210,9,9,9,9.487060541601977e-07,9,9,0,0
4211,6,6,6,1.9100122070625503e-06,6,6,0,0
4212,1,1,1,2.3837902833889757e-06,1,1,0,0
4213,9,9,9,1.9227172849412e-06,9,9,0,0
4214,7,7,7,1.8840454103496995e-06,7,7,0,0
4215,7,7,7,1.933105469476004e-06,7,7,0,0
4216,1,1,1,1.594382652292392e-06,1,1,0,0
4217,4,4,4,1.910151366857349e-06,4,4,0,0
4218,8,8,8,2.386258544984088e-06,8,8,0,0
4219,5,5,5,2.3867614746819754e-06,5,5,0,0
4220,3,3,3,2.0827894500852033e-06,3,3,0,0
4221,4,4,4,1.7837121581987248e-06,4,4,0,0
4222,3,3,3,3.777001953864101e-06,3,3,0,0
4223,4,4,4,3.7986083984975494e-06,4,4,0,0
4224,9,7,7,1.9135253914726036e-06,7,7,0,0
4225,7,7,7,2.853674317293553e-06,7,7,0,0
4226,5,5,5,2.8643505860515006e-06,5,5,0,0
4227,0,0,0,2.8144409185415498e-06,0,0,0,0
4228,7,7,7,2.8644274898681488e-06,7,7,0,0
4229,4,4,4,1.916296387349803e-06,4,4,0,0
4230,8,8,8,1.9115478515630002e-06,8,8,0,0
4231,8,8,8,1.4350708008592505e-06,8,8,0,0
4232,1,1,1,1.9035998537475507e-06,1,1,0,0
4233,5,5,5,1.946301269484252e-06,5,5,0,0
4234,3,3,3,2.380506591848075e-06,3,3,0,0
4235,9,9,9,1.9429687494465497e-06,9,9,0,0
4236,5,5,5,1.8840332032254992e-06,5,5,0,0
4237,9,9,9,9.881103508746492e-07,9,9,0,0
4238,7,3,3,1.8644775394704993e-06,3,3,0,0
4239,6,6,6,1.9157836916861015e-06,6,6,0,0
4240,9,9,9,2.8579101560843867e-06,9,9,0,0
4241,0,0,0,2.2650591430806166e-06,0,0,0,0
4242,3,3,3,1.956860351981504e-06,3,3,0,0
4243,6,6,6,1.9073815922254767e-06,6,6,0,0
4244,3,3,3,4.774267578611102e-06,3,3,0,0
4245,9,9,9,2.857800293298851e-06,9,9,0,0
4246,8,8,8,1.9081420896682744e-06,8,8,0,0
4247,2,2,2,3.8235351560445e-06,2,2,0,0
4248,2,8,8,1.6698126219516496e-06,8,8,0,0
4249,1,1,1,1.9082470696929477e-06,1,1,0,0
4250,2,2,2,1.4348565673394376e-06,2,2,0,0
4251,8,8,8,2.3807217406357495e-06,8,8,0,0
4252,6,6,6,3.840612793126752e-06,6,6,0,0
4253,8,8,8,1.9146118166446513e-06,8,8,0,0
4254,5,5,5,2.858916015924251e-06,5,5,0,0
4255,5,5,5,2.3830090327692233e-06,5,5,0,0
4256,3,3,3,2.388873291181426e-06,3,3,0,0
4257,9,9,9,1.9071655277258515e-06,9,9,0,0
4258,4,4,4,1.955712889412098e-06,4,4,0,0
4259,9,9,9,1.4346130372544508e-06,9,9,0,0
4260,2,2,2,1.9047705075436738e-06,2,2,0,0
4261,5,5,5,1.314382019002025e-06,5,5,0,0
4262,1,1,1,9.533813472017982e-07,1,1,0,0
4263,5,5,5,1.9067749015277968e-06,5,5,0,0
4264,1,1,1,3.816020507585449e-06,1,1,0,0
4265,4,4,4,9.502807625239029e-07,4,4,0,0
4266,4,4,4,2.8580181883341993e-06,4,4,0,0
4267,1,1,1,1.6643579101582873e-06,1,1,0,0
4268,4,4,4,1.4282992553127372e-06,4,4,0,0
4269,4,4,4,1.9109765627689512e-06,4,4,0,0
4270,3,3,3,3.79514160187e-06,3,3,0,0
4271,5,5,5,1.909637450836499e-06,5,5,0,0
4272,9,9,9,1.908481445767052e-06,9,9,0,0
4273,1,1,1,1.4257397458194987e-06,1,1,0,0
4274,2,2,2,3.822387697027807e-06,2,2,0,0
4275,2,2,2,1.8880737311377516e-06,2,2,0,0
4276,3,3,3,1.0035034172517499e-06,3,3,0,0
4277,3,3,3,3.7915893553730484e-06,3,3,0,0
4278,0,0,0,9.571899415306007e-07,0,0,0,0
4279,2,2,2,1.9115356444388e-06,2,2,0,0
4280,9,9,9,2.8203125008730012e-06,9,9,0,0
4281,0,0,0,1.906022949249575e-06,0,0,0,0
4282,0,0,0,2.8411132806382966e-06,0,0,0,0
4283,9,9,9,1.4351196284678736e-06,9,9,0,0
4284,9,9,9,2.8656347659250514e-06,9,9,0,0
4285,6,6,6,3.768627930611501e-06,6,6,0,0
4286,0,0,0,1.1877795409453995e-06,0,0,0,0
4287,9,9,9,1.908962402374925e-06,9,9,0,0
4288,3,3,3,3.831201173198906e-06,3,3,0,0
4289,2,8,8,9.546057126996743e-07,8,8,0,0
4290,8,8,8,4.81168212829175e-06,8,8,0,0
4291,4,4,4,9.506909179890499e-07,4,4,0,0
4292,1,1,1,1.1966143800279383e-06,1,1,0,0
4293,9,9,9,1.6699859619606627e-06,9,9,0,0
4294,9,9,9,3.862243652008601e-06,9,9,0,0
4295,7,7,7,1.9044470214168996e-06,7,7,0,0
4296,2,2,2,1.307064819267012e-06,2,2,0,0
4297,7,7,7,2.055900833131119e-06,7,7,0,0
4298,9,9,9,4.7986938476185514e-06,9,9,0,0
4299,9,9,9,1.9032617188941003e-06,9,9,0,0
4300,5,5,5,1.930737305144703e-06,5,5,0,0
4301,9,9,9,1.1967980957372504e-06,9,9,0,0
4302,5,5,5,2.382128906575076e-06,5,5,0,0
4303,1,1,1,1.4299865727096517e-06,1,1,0,0
4304,1,1,1,4.80194702223713e-07,1,1,0,0
4305,8,8,8,1.428614502252401e-06,8,8,0,0
4306,3,3,3,2.840026855466249e-06,3,3,0,0
4307,5,5,5,1.9261230477241043e-06,5,5,0,0
4308,1,1,1,9.51611328403601e-07,1,1,0,0
4309,9,9,9,1.1919500733093003e-06,9,9,0,0
4310,5,5,5,1.9110229487750985e-06,5,5,0,0
4311,3,3,3,2.145713195789156e-06,3,3,0,0
4312,5,5,5,9.540759275949995e-07,5,5,0,0
4313,4,4,4,9.496350097393247e-07,4,4,0,0
4314,9,9,9,9.519677730551734e-07,9,9,0,0
4315,5,5,5,2.8826293938521985e-06,5,5,0,0
4316,9,9,9,9.584753417613001e-07,9,9,0,0
4317,3,3,3,1.0758929442911125e-06,3,3,0,0
4318,1,1,1,1.0712512206190183e-06,1,1,0,0
4319,9,9,9,3.8116943361643507e-06,9,9,0,0
4320,0,0,0,2.3852343753461014e-06,0,0,0,0
4321,9,9,9,3.1018191528620065e-06,9,9,0,0
4322,7,7,7,1.945434568995097e-06,7,7,0,0
4323,5,5,5,1.4328479007730266e-06,5,5,0,0
4324,4,4,4,3.815332030754348e-06,4,4,0,0
4325,9,9,9,1.9547607408298973e-06,9,9,0,0
4326,2,2,2,1.4276110835709233e-06,2,2,0,0
4327,0,0,0,1.4336523435076742e-06,0,0,0,0
4328,1,1,1,2.864941405888999e-06,1,1,0,0
4329,0,0,0,2.8578320314665007e-06,0,0,0,0
4330,5,5,5,1.9075659185574523e-06,5,5,0,0
4331,1,1,1,7.165667723629809e-07,1,1,0,0
4332,4,4,4,1.9029785160995516e-06,4,4,0,0
4333,9,9,9,1.9073608399367004e-06,9,9,0,0
4334,3,3,3,1.9556396466668957e-06,3,3,0,0
4335,3,3,3,1.8601684566021959e-06,3,3,0,0
4336,6,6,6,2.858637694558297e-06,6,6,0,0
4337,1,1,1,1.910041503627724e-06,1,1,0,0
4338,5,5,5,1.955053711810706e-06,5,5,0,0
4339,2,2,2,2.1495050051001385e-06,2,2,0,0
4340,5,5,5,9.516674808196512e-07,5,5,0,0
4341,2,2,2,2.5036672515743597e-06,2,2,0,0
4342,2,2,2,1.8609008787251469e-06,2,2,0,0
4343,0,0,0,2.1494989015380384e-06,0,0,0,0
4344,9,9,9,2.3831604005764007e-06,9,9,0,0
4345,2,2,2,3.8393310539674985e-06,2,2,0,0
4346,6,6,6,3.3394140626086255e-06,6,6,0,0
4347,6,6,6,2.895715331519e-06,6,6,0,0
4348,0,0,0,2.864179687200874e-06,0,0,0,0
4349,1,1,1,1.4350549317754258e-06,1,1,0,0
4350,2,2,2,2.3868652343495e-06,2,2,0,0
4351,0,0,0,1.9471557610728496e-06,0,0,0,0
4352,3,3,3,2.8603759769652015e-06,3,3,0,0
4353,0,0,0,1.4345471193166759e-06,0,0,0,0
4354,2,2,2,1.9086694331704734e-06,2,2,0,0
4355,5,5,5,3.5742907713576244e-06,5,5,0,0
4356,5,5,5,2.8567431638037988e-06,5,5,0,0
4357,7,7,7,1.9134277344790007e-06,7,7,0,0
4358,9,9,9,1.4312170408814495e-06,9,9,0,0
4359,5,5,5,1.9042993155693466e-06,5,5,0,0
4360,5,5,5,1.9037695313528502e-06,5,5,0,0
4361,0,0,0,1.9108245847831995e-06,0,0,0,0
4362,8,8,8,1.909179687231699e-06,8,8,0,0
4363,9,9,9,1.8772338865602478e-06,9,9,0,0
4364,5,5,5,1.910218506040451e-06,5,5,0,0
4365,0,0,0,3.816785888233198e-06,0,0,0,0
4366,3,3,3,1.1914062501006129e-06,3,3,0,0
4367,2,2,2,2.8385131827235455e-06,2,2,0,0
4368,5,5,5,1.905008544689224e-06,5,5,0,0
4369,9,9,9,1.9120520020621257e-06,9,9,0,0
4370,0,0,0,1.0576663894701355e-06,0,0,0,0
4371,8,8,8,2.3854681394652744e-06,8,8,0,0
4372,8,8,8,2.9052490226888494e-06,8,8,0,0
4373,4,4,4,1.90879638672925e-06,4,4,0,0
4374,5,5,5,2.3801928712430254e-06,5,5,0,0
4375,8,8,8,1.907919921606549e-06,8,8,0,0
4376,8,8,8,1.6671942137946871e-06,8,8,0,0
4377,4,4,4,1.3117882080582177e-06,4,4,0,0
4378,5,5,5,3.8066528311730963e-06,5,5,0,0
4379,4,4,4,1.9376708983998014e-06,4,4,0,0
4380,8,8,8,1.925817871395452e-06,8,8,0,0
4381,5,5,5,1.9283325194408008e-06,5,5,0,0
4382,4,4,4,2.877294921432849e-06,4,4,0,0
4383,9,9,9,1.905883788566598e-06,9,9,0,0
4384,2,2,2,1.671602783304138e-06,2,2,0,0
4385,2,2,2,3.86149902276145e-06,2,2,0,0
4386,1,1,1,2.8574633788025494e-06,1,1,0,0
4387,2,2,2,1.9428710942293037e-06,2,2,0,0
4388,6,6,6,2.7417420349618027e-06,6,6,0,0
4389,8,8,8,1.785746765126106e-06,8,8,0,0
4390,8,8,8,3.790209959220192e-06,8,8,0,0
4391,7,7,7,1.9097351078301017e-06,7,7,0,0
4392,0,0,0,2.8519165038431993e-06,0,0,0,0
4393,3,3,3,2.388328857350075e-06,3,3,0,0
4394,6,6,6,1.9126220696108476e-06,6,6,0,0
4395,6,6,6,2.9102416991833024e-06,6,6,0,0
4396,4,4,4,1.9041503911410018e-06,4,4,0,0
4397,3,3,3,1.9034643559123765e-06,3,3,0,0
4398,8,8,8,4.724243163778397e-06,8,8,0,0
4399,8,8,8,3.579042358481388e-06,8,8,0,0
4400,7,7,7,1.6693637848175236e-06,7,7,0,0
4401,2,2,2,2.85934326171855e-06,2,2,0,0
4402,2,2,2,1.549822509772092e-06,2,2,0,0
4403,0,0,0,1.9114697273892034e-06,0,0,0,0
4404,0,0,0,9.850830071655992e-07,0,0,0,0
4405,9,9,9,2.8815307615559504e-06,9,9,0,0
4406,3,3,3,3.7941894532877996e-06,3,3,0,0
4407,9,9,9,7.749758147990171e-07,9,9,0,0
4408,9,9,9,2.1455093384137314e-06,9,9,0,0
4409,1,1,1,2.8590917970916507e-06,1,1,0,0
4410,9,9,9,1.3704638976985706e-06,9,9,0,0
4411,8,8,8,1.9369384780532073e-06,8,8,0,0
4412,6,6,6,9.989013669553515e-07,6,6,0,0
4413,6,6,6,1.0730801086600295e-06,6,6,0,0
4414,4,4,4,2.382845458726024e-06,4,4,0,0
4415,2,2,2,1.9047436516927974e-06,2,2,0,0
4416,6,6,6,1.911077880834e-06,6,6,0,0
4417,9,9,9,1.957092285564954e-06,9,9,0,0
4418,2,2,2,1.935791015483801e-06,2,2,0,0
4419,8,8,8,1.9059497073925513e-06,8,8,0,0
4420,5,5,5,9.580456543645255e-07,5,5,0,0
4421,4,4,4,1.909240722852701e-06,4,4,0,0
4422,5,5,5,9.582397462182257e-07,5,5,0,0
4423,7,7,7,1.8963867169929927e-06,7,7,0,0
4424,9,9,9,1.9222045892774986e-06,9,9,0,0
4425,9,9,9,1.9549682619413034e-06,9,9,0,0
4426,9,9,9,1.4263745118370252e-06,9,9,0,0
4427,2,2,2,2.6247760009923127e-06,2,2,0,0
4428,1,1,1,1.911940918475352e-06,1,1,0,0
4429,8,8,8,1.8983520515547525e-06,8,8,0,0
4430,3,3,3,1.8626464850513003e-06,3,3,0,0
4431,4,4,4,2.3880407713505747e-06,4,4,0,0
4432,0,0,0,1.3077618408185998e-06,0,0,0,0
4433,7,7,7,1.9454589850198545e-06,7,7,0,0
4434,8,8,8,1.9077136226286484e-06,8,8,0,0
4435,3,3,3,2.383953857432175e-06,3,3,0,0
4436,9,9,9,2.385516967962076e-06,9,9,0,0
4437,3,3,3,1.90916015618825e-06,3,3,0,0
4438,4,4,4,1.9104205324360635e-06,4,4,0,0
4439,6,6,6,1.2033100948299902e-06,6,6,0,0
4440,5,5,5,9.667724611972517e-07,5,5,0,0
4441,6,6,6,1.4294189449870487e-06,6,6,0,0
4442,2,2,2,1.670939330900012e-06,2,2,0,0
4443,3,3,3,1.9027209470223738e-06,3,3,0,0
4444,9,9,9,2.849475098543053e-06,9,9,0,0
4445,2,2,2,1.90823242185445e-06,2,2,0,0
4446,6,6,6,2.382293700975424e-06,6,6,0,0
4447,0,0,0,1.8839111319834956e-06,0,0,0,0
4448,0,0,0,2.148670654289475e-06,0,0,0,0
4449,6,6,6,1.189120483413575e-06,6,6,0,0
4450,1,1,1,1.4304125977027127e-06,1,1,0,0
4451,2,2,2,1.4304553221933247e-06,2,2,0,0
4452,8,8,8,2.507587890665519e-06,8,8,0,0
4453,7,7,7,9.542968744113978e-07,7,7,0,0
4454,9,9,9,1.4313458249759492e-06,9,9,0,0
4455,8,8,8,2.383099364955399e-06,8,8,0,0
4456,2,2,2,5.765527344436805e-06,2,2,0,0
4457,0,0,0,2.6204632570525632e-06,0,0,0,0
4458,4,4,4,1.9363769538927045e-06,4,4,0,0
4459,7,7,7,1.9430664046637958e-06,7,7,0,0
4460,7,7,7,1.435074462818875e-06,7,7,0,0
4461,5,5,5,9.556481934680505e-07,5,5,0,0
4462,0,0,0,9.986206048751e-07,0,0,0,0
4463,5,5,5,2.8982299813407053e-06,5,5,0,0
4464,6,6,6,2.860318603303824e-06,6,6,0,0
4465,4,4,4,1.4324682613420237e-06,4,4,0,0
4466,6,6,6,2.3846374510583246e-06,6,6,0,0
4467,7,7,7,9.558410640764237e-07,7,7,0,0
4468,4,4,4,1.9056762692315488e-06,4,4,0,0
4469,3,3,3,1.9234741213125517e-06,3,3,0,0
4470,0,0,0,9.497143556025378e-07,0,0,0,0
4471,7,7,7,2.8785766605921026e-06,7,7,0,0
4472,5,5,5,1.9037145992939486e-06,5,5,0,0
4473,0,0,0,1.9359741205704495e-06,0,0,0,0
4474,7,7,7,2.8635449211833475e-06,7,7,0,0
4475,4,4,4,2.8915771483895014e-06,4,4,0,0
4476,2,2,2,2.8265136720051487e-06,2,2,0,0
4477,0,0,0,1.912064209186326e-06,0,0,0,0
4478,8,8,8,1.4312817384620757e-06,8,8,0,0
4479,9,9,9,1.9105151363163486e-06,9,9,0,0
4480,9,9,9,1.892480469223301e-06,9,9,0,0
4481,4,4,4,1.904438477140502e-06,4,4,0,0
4482,2,2,2,2.9095825198055536e-06,2,2,0,0
4483,4,4,4,1.9552001955247533e-06,4,4,0,0
4484,6,6,6,1.8624511710640945e-06,6,6,0,0
4485,7,7,7,2.388813476805751e-06,7,7,0,0
4486,8,8,8,2.3801538082679485e-06,8,8,0,0
4487,7,7,7,3.3417871092566998e-06,7,7,0,0
4488,6,6,6,3.342597656441626e-06,6,6,0,0
4489,9,9,9,2.8491333008417996e-06,9,9,0,0
4490,4,4,4,1.952563476237401e-06,4,4,0,0
4491,1,1,1,1.3091070556470186e-06,1,1,0,0
4492,3,3,3,1.9315063468638982e-06,3,3,0,0
4493,7,7,7,1.8976318365560019e-06,7,7,0,0
4494,3,3,3,2.8651171870563985e-06,3,3,0,0
4495,0,0,0,3.336223144856376e-06,0,0,0,0
4496,8,8,8,1.9087145997076505e-06,8,8,0,0
4497,8,8,8,3.815124511419299e-06,8,8,0,0
4498,7,7,7,1.8951171867342964e-06,7,7,0,0
4499,6,6,6,9.438720702803494e-07,6,6,0,0
4500,9,9,9,9.556005853283978e-07,9,9,0,0
4501,3,3,3,1.9302246094810016e-06,3,3,0,0
4502,9,9,9,1.954418944905001e-06,9,9,0,0
4503,2,2,2,2.1436672974495252e-06,2,2,0,0
4504,2,2,2,2.8717773439268512e-06,2,2,0,0
4505,9,3,3,2.859168700908299e-06,3,3,0,0
4506,2,2,2,1.8585693357664468e-06,2,2,0,0
4507,1,1,1,1.1893884277469624e-06,1,1,0,0
4508,8,8,8,1.7287949524158464e-06,8,8,0,0
4509,3,3,3,3.8575561518428e-06,3,3,0,0
4510,2,2,2,3.8025878907888e-06,2,2,0,0
4511,9,9,9,2.385143127447975e-06,9,9,0,0
4512,6,6,6,1.9389648429068984e-06,6,6,0,0
4513,8,8,8,3.804284668618152e-06,8,8,0,0
4514,4,4,4,2.852246094420252e-06,4,4,0,0
4515,0,0,0,9.750854488288496e-07,0,0,0,0
4516,1,1,1,2.3841809078106735e-06,1,1,0,0
4517,2,2,2,1.954785155078298e-06,2,2,0,0
4518,8,8,8,2.5019320679664503e-06,8,8,0,0
4519,4,4,4,2.380166015836238e-06,4,4,0,0
4520,5,5,5,1.908178710152697e-06,5,5,0,0
4521,2,2,2,1.9135498057210043e-06,2,2,0,0
4522,7,7,7,2.8640734859308736e-06,7,7,0,0
4523,8,8,8,2.8633422850532497e-06,8,8,0,0
4524,1,1,1,1.9119995116057e-06,1,1,0,0
4525,1,1,1,1.4291748042793984e-06,1,1,0,0
4526,3,3,3,2.857653807808447e-06,3,3,0,0
4527,0,0,0,1.4342541501122241e-06,0,0,0,0
4528,3,3,3,2.8171997072945487e-06,3,3,0,0
4529,5,5,5,1.9061743170567524e-06,5,5,0,0
4530,7,7,7,1.551761779738925e-06,7,7,0,0
4531,0,0,0,1.911848144686701e-06,0,0,0,0
4532,3,3,3,1.953320310832396e-06,3,3,0,0
4533,1,1,1,1.1959570311859125e-06,1,1,0,0
4534,9,9,9,2.381020507868925e-06,9,9,0,0
4535,3,3,3,2.383657226712188e-06,3,3,0,0
4536,6,5,5,3.57331542977235e-06,5,5,0,0
4537,3,3,3,2.8875854489740505e-06,3,3,0,0
4538,1,1,1,5.725976562231949e-06,1,1,0,0
4539,7,7,7,1.9114868159419984e-06,7,7,0,0
4540,7,7,7,1.8719482426376999e-06,7,7,0,0
4541,3,3,3,1.4278460693795125e-06,3,3,0,0
4542,0,0,0,1.9333129888110534e-06,0,0,0,0
4543,8,8,8,3.7760498052819003e-06,8,8,0,0
4544,4,4,4,1.9669194641080967e-06,4,4,0,0
4545,8,8,8,9.835083005782508e-07,8,8,0,0
4546,2,2,2,1.910114745484748e-06,2,2,0,0
4547,6,6,6,1.0134653625204493e-06,6,6,0,0
4548,5,5,5,2.3834167484082514e-06,5,5,0,0
4549,2,2,2,2.3846374510583246e-06,2,2,0,0
4550,9,9,9,1.9555664074744072e-06,9,9,0,0
4551,7,7,7,1.9085595699408486e-06,7,7,0,0
4552,3,3,3,2.860493164114075e-06,3,3,0,0
4553,9,9,9,1.934191894648052e-06,9,9,0,0
4554,0,0,0,2.864711914796203e-06,0,0,0,0
4555,9,9,9,2.89315185497685e-06,9,9,0,0
4556,9,9,9,1.4328308104438747e-06,9,9,0,0
4557,6,6,6,9.624145516085036e-07,6,6,0,0
4558,4,4,4,1.4341345213608747e-06,4,4,0,0
4559,2,2,2,2.8554199218433496e-06,2,2,0,0
4560,9,9,9,1.1923956297898997e-06,9,9,0,0
4561,7,7,7,1.9383666991501514e-06,7,7,0,0
4562,2,2,2,1.9104821777915504e-06,2,2,0,0
4563,1,1,1,2.8642871097162015e-06,1,1,0,0
4564,1,1,1,9.517944334902495e-07,1,1,0,0
4565,6,6,6,9.10791015940049e-07,6,6,0,0
4566,7,7,7,2.8780151364315998e-06,7,7,0,0
4567,4,4,4,1.6700942992997625e-06,4,4,0,0
4568,7,7,7,1.4598175506752575e-06,7,7,0,0
4569,5,5,5,1.9396606436572483e-06,5,5,0,0
4570,9,9,9,2.8618005369906996e-06,9,9,0,0
4571,6,0,0,4.771679687820551e-06,0,0,0,0
4572,8,8,8,2.3848547359150984e-06,8,8,0,0
4573,2,2,2,1.9139526372669025e-06,2,2,0,0
4574,1,1,1,2.1474230957885254e-06,1,1,0,0
4575,4,4,4,2.388046874912675e-06,4,4,0,0
4576,4,4,4,1.1927374266029744e-06,4,4,0,0
4577,5,5,5,9.584191893452498e-07,5,5,0,0
4578,7,7,7,1.435446166819787e-06,7,7,0,0
4579,6,6,6,1.9097387689015477e-06,6,6,0,0
4580,1,1,1,2.3823449710747013e-06,1,1,0,0
4581,3,3,3,3.8142089842096993e-06,3,3,0,0
4582,2,2,2,2.8636157232142523e-06,2,2,0,0
4583,5,5,5,1.428685302506949e-06,5,5,0,0
4584,9,9,9,1.0020874015026493e-06,9,9,0,0
4585,9,9,9,1.4259777829650488e-06,9,9,0,0
4586,3,3,3,1.9040368650635742e-06,3,3,0,0
4587,6,6,6,1.8946289070953526e-06,6,6,0,0
4588,1,1,1,1.909602050709225e-06,1,1,0,0
4589,1,1,1,1.8605224614276494e-06,1,1,0,0
4590,4,4,4,1.947668456736551e-06,4,4,0,0
4591,6,6,6,1.8925903315647474e-06,6,6,0,0
4592,9,9,9,1.921582031272351e-06,9,9,0,0
4593,7,7,7,3.852270507920252e-06,7,7,0,0
4594,2,2,2,9.570434578165532e-07,2,2,0,0
4595,1,1,1,9.578125004239268e-07,1,1,0,0
4596,5,5,5,1.905964355231049e-06,5,5,0,0
4597,1,1,1,9.512524421495527e-07,1,1,0,0
4598,4,4,4,1.903615721943197e-06,4,4,0,0
4599,6,6,6,1.8957031251432e-06,6,6,0,0
4600,3,3,3,1.952490233492199e-06,3,3,0,0
4601,8,8,8,2.8650390628826017e-06,8,8,0,0
4602,1,1,1,1.0008544926165541e-06,1,1,0,0
4603,1,1,1,1.9054174806854007e-06,1,1,0,0
4604,0,0,0,1.6713287354086503e-06,0,0,0,0
4605,3,3,3,2.6201641847301005e-06,3,3,0,0
4606,1,1,1,2.3835668949701017e-06,1,1,0,0
4607,6,6,6,2.3807373050743763e-06,6,6,0,0
4608,8,8,8,1.4286798095675124e-06,8,8,0,0
4609,4,4,4,9.579418946970009e-07,4,4,0,0
4610,9,9,9,4.0508166505581755e-06,9,9,0,0
4611,0,0,0,9.665771489864028e-07,0,0,0,0
4612,7,7,7,2.387672119574802e-06,7,7,0,0
4613,3,3,3,1.9351318343296953e-06,3,3,0,0
4614,0,0,0,1.0017333984535526e-06,0,0,0,0
4615,2,2,2,2.147280273590013e-06,2,2,0,0
4616,9,9,9,9.94628905459649e-07,9,9,0,0
4617,0,0,0,9.490283199298233e-07,0,0,0,0
4618,6,6,6,9.522363288994029e-07,6,6,0,0
4619,6,6,6,2.8353271481762476e-06,6,6,0,0
4620,6,6,6,2.8614990235098503e-06,6,6,0,0
4621,3,3,3,1.954663087389008e-06,3,3,0,0
4622,6,6,6,9.522326660516001e-07,6,6,0,0
4623,7,7,7,1.8752929680232455e-06,7,7,0,0
4624,7,7,7,3.7722656252014986e-06,7,7,0,0
4625,2,2,2,2.8901733397646012e-06,2,2,0,0
4626,8,8,8,2.3832458495576248e-06,8,8,0,0
4627,6,6,6,2.860865478737651e-06,6,6,0,0
4628,0,0,0,1.4295507808625985e-06,0,0,0,0
4629,8,8,8,1.9039257814768007e-06,8,8,0,0
4630,3,3,3,1.9109838866882e-06,3,3,0,0
4631,0,0,0,2.903735351722503e-06,0,0,0,0
4632,2,2,2,2.886132811852349e-06,2,2,0,0
4633,9,9,9,1.908034667152947e-06,9,9,0,0
4634,8,8,8,9.641113276614988e-07,8,8,0,0
4635,3,3,3,2.147742309777101e-06,3,3,0,0
4636,2,2,2,3.7790527347425495e-06,2,2,0,0
4637,5,5,5,1.9055419926417017e-06,5,5,0,0
4638,3,3,3,9.581726070351237e-07,3,3,0,0
4639,8,9,9,9.572778321143005e-07,9,9,0,0
4640,8,8,8,2.9085815427265516e-06,8,8,0,0
4641,0,0,0,1.902473144355099e-06,0,0,0,0
4642,0,0,0,9.565917959974968e-07,0,0,0,0
4643,1,1,1,1.6705300902586373e-06,1,1,0,0
4644,9,9,9,1.8654052738042992e-06,9,9,0,0
4645,5,5,5,1.947143555725006e-06,5,5,0,0
4646,1,1,1,1.4292480470246005e-06,1,1,0,0
4647,3,3,3,1.8697998029892915e-06,3,3,0,0
4648,9,9,9,1.4322680663703125e-06,9,9,0,0
4649,6,6,6,1.0032348640720556e-06,6,6,0,0
4650,0,0,0,1.9521118161947015e-06,0,0,0,0
4651,1,1,1,1.9036242679959514e-06,1,1,0,0
4652,4,4,4,3.3338000484661734e-06,4,4,0,0
4653,1,1,1,1.902722168267701e-06,1,1,0,0
4654,7,7,7,1.9111755369394245e-06,7,7,0,0
4655,1,1,1,9.52424317191003e-07,1,1,0,0
4656,2,2,2,1.9472900394390535e-06,2,2,0,0
4657,3,3,3,1.9042889403131369e-06,3,3,0,0
4658,7,7,7,1.929541015854852e-06,7,7,0,0
4659,9,9,9,3.7978149407535966e-06,9,9,0,0
4660,7,7,7,1.8830078118980964e-06,7,7,0,0
4661,4,4,4,2.8602294914747972e-06,4,4,0,0
4662,9,9,9,3.857421875252953e-06,9,9,0,0
4663,9,9,9,1.1896295166735626e-06,9,9,0,0
4664,3,3,3,1.921484376055105e-06,3,3,0,0
4665,9,9,9,2.882678222349e-06,9,9,0,0
4666,2,2,2,2.882556152883353e-06,2,2,0,0
4667,8,8,8,2.908032225690249e-06,8,8,0,0
4668,2,2,2,1.1965820312376252e-06,2,2,0,0
4669,7,7,7,1.4268048094123742e-06,7,7,0,0
4670,1,1,1,1.0137077026683983e-06,1,1,0,0
4671,8,8,8,1.9049829100836746e-06,8,8,0,0
4672,0,0,0,1.251541610736151e-06,0,0,0,0
4673,9,9,9,9.72375488572652e-07,9,9,0,0
4674,1,1,1,1.4905041504365002e-06,1,1,0,0
4675,0,0,0,1.8815551765527516e-06,0,0,0,0
4676,1,1,1,9.496240238604514e-07,1,1,0,0
4677,7,7,7,2.864587402839902e-06,7,7,0,0
4678,7,7,7,3.860449218962003e-06,7,7,0,0
4679,9,9,9,2.3860156250776754e-06,9,9,0,0
4680,6,6,6,1.9546142588922066e-06,6,6,0,0
4681,9,9,9,1.5513043212234123e-06,9,9,0,0
4682,9,9,9,1.8893676756448485e-06,9,9,0,0
4683,9,9,9,1.905590821138503e-06,9,9,0,0
4684,2,2,2,2.8814086920903037e-06,2,2,0,0
4685,1,1,1,1.0726541137540124e-06,1,1,0,0
4686,6,6,6,1.911290283374001e-06,6,6,0,0
4687,1,1,1,9.530664062395999e-07,1,1,0,0
4688,3,3,3,3.8073242194514023e-06,3,3,0,0
4689,5,5,5,4.767836913721624e-06,5,5,0,0
4690,7,7,7,1.5463409424043562e-06,7,7,0,0
4691,1,1,1,2.443961975129305e-06,1,1,0,0
4692,9,9,9,9.518444823441996e-07,9,9,0,0
4693,7,7,7,9.511535647988012e-07,7,7,0,0
4694,6,6,6,2.8900756827709984e-06,6,6,0,0
4695,4,4,4,1.9096313472743986e-06,4,4,0,0
4696,5,5,5,1.428890381127701e-06,5,5,0,0
4697,7,7,7,1.892114259050004e-06,7,7,0,0
4698,6,6,6,1.9225531463495926e-06,6,6,0,0
4699,6,6,6,1.9061059566283234e-06,6,6,0,0
4700,9,9,9,2.7641495140007244e-06,9,9,0,0
4701,9,9,9,1.937451170164195e-06,9,9,0,0
4702,6,6,6,1.9068676753164482e-06,6,6,0,0
4703,3,3,3,1.9085327149781506e-06,3,3,0,0
4704,6,6,6,1.4278375242149366e-06,6,6,0,0
4705,2,2,2,2.547603645319807e-06,2,2,0,0
4706,9,9,9,2.8610473634671507e-06,9,9,0,0
4707,8,8,8,2.862921142821051e-06,8,8,0,0
4708,1,1,1,1.9095141610137034e-06,1,1,0,0
4709,2,2,2,2.1085382434851696e-06,2,2,0,0
4710,2,2,2,1.922924806052606e-06,2,2,0,0
4711,5,5,5,1.8964111330177502e-06,5,5,0,0
4712,5,5,5,2.8619311525091007e-06,5,5,0,0
4713,2,2,2,1.9109143067908008e-06,2,2,0,0
4714,3,3,3,1.920654295162194e-06,3,3,0,0
4715,7,7,7,2.028085632321819e-06,7,7,0,0
4716,2,2,2,1.944812010989949e-06,2,2,0,0
4717,1,1,1,9.526171869111977e-07,1,1,0,0
4718,0,0,0,2.8695556633095975e-06,0,0,0,0
4719,1,1,1,1.433092651215162e-06,1,1,0,0
4720,0,0,0,1.552302246077275e-06,0,0,0,0
4721,4,4,4,9.537023926142751e-07,4,4,0,0
4722,5,5,5,9.574719239680007e-07,5,5,0,0
4723,2,2,2,1.9050146482513242e-06,2,2,0,0
4724,8,8,8,3.827941894130049e-06,8,8,0,0
4725,2,2,2,1.9289184578497043e-06,2,2,0,0
4726,8,8,8,1.9037011718125996e-06,8,8,0,0
4727,3,3,3,1.9465576173161026e-06,3,3,0,0
4728,5,5,5,2.3860583500123766e-06,5,5,0,0
4729,1,1,1,1.6720855713359128e-06,1,1,0,0
4730,7,7,7,1.8728027342262976e-06,7,7,0,0
4731,8,8,8,1.4332617190859764e-06,8,8,0,0
4732,1,1,1,2.8583337403631504e-06,1,1,0,0
4733,1,1,1,1.9026464848082014e-06,1,1,0,0
4734,2,2,2,1.9082177740159523e-06,2,2,0,0
4735,9,9,9,1.9312255865600036e-06,9,9,0,0
4736,7,7,7,1.9024255371036247e-06,7,7,0,0
4737,8,8,8,1.433082275070774e-06,8,8,0,0
4738,4,4,4,2.3865624996233237e-06,4,4,0,0
4739,0,0,0,1.8957153322674003e-06,0,0,0,0
4740,3,3,3,1.0771655274410818e-06,3,3,0,0
4741,0,0,0,1.4350122068407245e-06,0,0,0,0
4742,7,7,7,1.9371704098603004e-06,7,7,0,0
4743,8,8,8,2.8811279300100523e-06,8,8,0,0
4744,8,8,8,2.381746826429776e-06,8,8,0,0
4745,4,4,4,1.9418701171503017e-06,4,4,0,0
4746,7,7,7,9.616699223613523e-07,7,7,0,0
4747,7,7,7,1.4304199220660507e-06,7,7,0,0
4748,8,8,8,5.688793944358395e-06,8,8,0,0
4749,5,5,5,9.901000979084529e-07,5,5,0,0
4750,8,8,8,2.383626098723113e-06,8,8,0,0
4751,4,4,4,1.550134948735682e-06,4,4,0,0
4752,9,9,9,1.5795515289351858e-06,9,9,0,0
4753,8,8,8,1.1873211671620254e-06,8,8,0,0
4754,1,1,1,1.4303332518394996e-06,1,1,0,0
4755,3,3,3,4.7476318361106e-06,3,3,0,0
4756,8,8,8,2.8473876945156462e-06,8,8,0,0
4757,0,0,0,1.7922076416265753e-06,0,0,0,0
4758,3,3,3,2.024357604879512e-06,3,3,0,0
4759,1,1,1,9.501977542569762e-07,1,1,0,0
4760,7,7,7,1.9103369144346516e-06,7,7,0,0
4761,9,9,9,1.8585327143938457e-06,9,9,0,0
4762,5,5,5,2.8907592781735048e-06,5,5,0,0
4763,5,5,5,1.943518066482852e-06,5,5,0,0
4764,1,1,1,2.85738769534305e-06,1,1,0,0
4765,6,6,6,1.4330505369031243e-06,6,6,0,0
4766,5,5,5,2.884912110090454e-06,5,5,0,0
4767,7,7,7,1.435450439402075e-06,7,7,0,0
4768,4,4,4,2.3847515868702374e-06,4,4,0,0
4769,9,9,9,1.8854125976019986e-06,9,9,0,0
4770,3,3,3,1.9008300782275e-06,3,3,0,0
4771,5,5,5,1.192738037225638e-06,5,5,0,0
4772,4,4,4,2.8636718756303026e-06,4,4,0,0
4773,7,7,7,9.579138184889757e-07,7,7,0,0
4774,1,1,1,1.910649413794374e-06,1,1,0,0
4775,2,2,2,3.799902344781003e-06,2,2,0,0
4776,0,0,0,1.8678344719802453e-06,0,0,0,0
4777,8,8,8,2.1502014160290628e-06,8,8,0,0
4778,1,1,1,1.4336950684423755e-06,1,1,0,0
4779,6,6,6,1.9545410161470045e-06,6,6,0,0
4780,0,0,0,1.91056396481315e-06,0,0,0,0
4781,7,7,7,1.910501709057044e-06,7,7,0,0
4782,3,3,3,3.845043945460702e-06,3,3,0,0
4783,4,4,4,1.9089599607724494e-06,4,4,0,0
4784,7,7,7,1.905893554976501e-06,7,7,0,0
4785,3,3,3,3.862915040286907e-06,3,3,0,0
4786,9,9,9,2.8745483398040506e-06,9,9,0,0
4787,6,6,6,2.116059494017275e-06,6,6,0,0
4788,0,0,0,1.4343505858605e-06,0,0,0,0
4789,8,8,8,2.8630615229729983e-06,8,8,0,0
4790,6,6,6,9.511816410068263e-07,6,6,0,0
4791,4,4,4,1.9440185550223532e-06,4,4,0,0
4792,8,8,8,1.953552246192203e-06,8,8,0,0
4793,7,7,7,1.5795627475723162e-06,7,7,0,0
4794,7,7,7,1.196640624812062e-06,7,7,0,0
4795,9,9,9,1.9085839841892493e-06,9,9,0,0
4796,3,3,3,1.8844970703923991e-06,3,3,0,0
4797,8,8,8,2.844519043421201e-06,8,8,0,0
4798,6,6,6,1.929870604655548e-06,6,6,0,0
4799,9,9,9,9.498193360713003e-07,9,9,0,0
4800,7,7,7,1.8578369136434958e-06,7,7,0,0
4801,2,2,2,5.7558349624287075e-06,2,2,0,0
4802,3,3,3,1.9088720701887496e-06,3,3,0,0
4803,4,4,4,2.3794116215114514e-06,4,4,0,0
4804,0,0,0,3.853381347340701e-06,0,0,0,0
4805,2,2,2,3.851989745840001e-06,2,2,0,0
4806,1,1,1,1.4267065431283754e-06,1,1,0,0
4807,8,0,0,1.9085021971676497e-06,0,0,0,0
4808,3,3,3,9.54870605696101e-07,3,3,0,0
4809,5,5,5,1.937792967865448e-06,5,5,0,0
4810,5,5,5,1.9029980471430008e-06,5,5,0,0
4811,7,7,7,3.811401366959899e-06,7,7,0,0
4812,2,2,2,2.8486816407991e-06,2,2,0,0
4813,4,4,4,1.928503417403249e-06,4,4,0,0
4814,6,6,6,1.9071862791264493e-06,6,6,0,0
4815,7,7,7,1.432337646711801e-06,7,7,0,0
4816,2,2,2,9.764892574537498e-07,2,2,0,0
4817,8,8,8,2.3806921385371993e-06,8,8,0,0
4818,3,3,3,1.931933592658197e-06,3,3,0,0
4819,0,0,0,1.9111926272685764e-06,0,0,0,0
4820,8,8,8,1.9062524412305493e-06,8,8,0,0
4821,7,7,7,1.904522704876399e-06,7,7,0,0
4822,8,8,8,1.910549316086474e-06,8,8,0,0
4823,9,4,4,9.527905273643e-07,4,4,0,0
4824,0,0,0,1.909018553902797e-06,0,0,0,0
4825,8,8,8,1.9090747063188473e-06,8,8,0,0
4826,4,4,4,1.9172851555282477e-06,4,4,0,0
4827,4,4,4,1.943115233160597e-06,4,4,0,0
4828,5,5,5,2.3882623292337257e-06,5,5,0,0
4829,8,8,8,1.1903137207003311e-06,8,8,0,0
4830,5,5,5,1.9041674796937968e-06,5,5,0,0
4831,6,6,6,2.265121383682178e-06,6,6,0,0
4832,6,6,6,1.8598266606772995e-06,6,6,0,0
4833,3,3,3,4.736120605031147e-06,3,3,0,0
4834,0,0,0,2.379620971826313e-06,0,0,0,0
4835,9,9,9,2.879919433596001e-06,9,9,0,0
4836,3,3,3,1.8892333990550014e-06,3,3,0,0
4837,7,7,7,1.9473754875320992e-06,7,7,0,0
4838,6,5,5,1.912177733487397e-06,5,5,0,0
4839,8,8,8,2.3803857418513985e-06,8,8,0,0
4840,9,9,9,1.9025732420629993e-06,9,9,0,0
4841,3,3,3,9.777343752404022e-07,3,3,0,0
4842,4,4,4,5.718957519107448e-06,4,4,0,0
4843,9,9,9,2.4291225051986665e-06,9,9,0,0
4844,5,5,5,1.908286133556203e-06,5,5,0,0
4845,8,8,8,2.835937500833552e-06,8,8,0,0
4846,9,9,9,1.9029443354412479e-06,9,9,0,0
4847,1,1,1,1.911743163773849e-06,1,1,0,0
4848,2,2,2,1.8897949214391474e-06,2,2,0,0
4849,8,8,8,1.9194824218971007e-06,8,8,0,0
4850,8,8,8,2.3842346195124264e-06,8,8,0,0
4851,6,6,6,1.8982055660643482e-06,6,6,0,0
4852,8,8,8,2.8526977544629517e-06,8,8,0,0
4853,1,1,1,1.903740233899498e-06,1,1,0,0
4854,3,3,3,1.9503906258933057e-06,3,3,0,0
4855,7,7,7,1.075631713920444e-06,7,7,0,0
4856,9,9,9,1.8752075199301999e-06,9,9,0,0
4857,0,0,0,9.661010746953025e-07,0,0,0,0
4858,1,1,1,9.572753914000032e-07,1,1,0,0
4859,1,1,1,9.571899415306007e-07,1,1,0,0
4860,4,4,4,2.8506347664603027e-06,4,4,0,0
4861,7,7,7,2.8656958006578748e-06,7,7,0,0
4862,0,0,0,1.933227538941651e-06,0,0,0,0
4863,8,8,8,9.579174804486001e-07,8,8,0,0
4864,1,1,1,5.961798095199811e-07,1,1,0,0
4865,7,7,7,1.9500854495646536e-06,7,7,0,0
4866,4,4,4,1.8704833983917979e-06,4,4,0,0
4867,5,5,5,1.914233397570797e-06,5,5,0,0
4868,7,7,7,9.55389404033724e-07,7,7,0,0
4869,1,1,1,2.8638378903877992e-06,1,1,0,0
4870,2,2,2,1.9060644529389492e-06,2,2,0,0
4871,1,1,1,9.572430421656009e-07,1,1,0,0
4872,1,1,1,1.4297717285671752e-06,1,1,0,0
4873,3,3,3,1.910400388993594e-06,3,3,0,0
4874,9,0,0,2.381781006199901e-06,0,0,0,0
4875,6,6,6,2.624757080127438e-06,6,6,0,0
4876,2,2,2,9.522045898435749e-07,2,2,0,0
4877,1,1,1,1.911699218481999e-06,1,1,0,0
4878,2,2,2,1.6730059813063747e-06,2,2,0,0
4879,8,8,8,1.7901181030843816e-06,8,8,0,0
4880,0,0,0,2.827661132798198e-06,0,0,0,0
4881,7,7,7,1.9082031244010977e-06,7,7,0,0
4882,6,6,6,1.4335791016506505e-06,6,6,0,0
4883,6,6,6,9.525903319484996e-07,6,6,0,0
4884,9,9,9,3.768164063444601e-06,9,9,0,0
4885,3,3,3,1.9218994147252033e-06,3,3,0,0
4886,7,7,7,2.8147216788454443e-06,7,7,0,0
4887,0,0,0,1.5453457642422563e-06,0,0,0,0
4888,5,5,5,1.9036791991666746e-06,5,5,0,0
4889,2,2,2,1.925378418476953e-06,2,2,0,0
4890,8,8,8,1.6989131622346942e-06,8,8,0,0
4891,0,0,0,1.4347412111703761e-06,0,0,0,0
4892,5,5,5,1.9227050778169996e-06,5,5,0,0
4893,4,4,4,9.492138666189476e-07,4,4,0,0
4894,3,3,3,2.8434326164727963e-06,3,3,0,0
4895,8,8,8,1.9116760254789256e-06,8,8,0,0
4896,4,4,4,1.9037664795718001e-06,4,4,0,0
4897,6,6,6,2.3872351073706e-06,6,6,0,0
4898,6,6,6,2.3831652828931738e-06,6,6,0,0
4899,2,2,2,1.6650860596989503e-06,2,2,0,0
4900,7,7,7,1.7870156860944064e-06,7,7,0,0
4901,9,9,9,1.9536499031858057e-06,9,9,0,0
4902,5,5,5,1.9256347663088036e-06,5,5,0,0
4903,1,1,1,1.4348852541701262e-06,1,1,0,0
4904,3,3,3,2.845825195052498e-06,3,3,0,0
4905,2,2,2,1.9086462401674e-06,2,2,0,0
4906,4,4,4,1.9091101073342998e-06,4,4,0,0
4907,3,3,3,1.907829590308552e-06,3,3,0,0
4908,6,6,6,2.3840820313481004e-06,6,6,0,0
4909,1,1,1,1.4340417484604018e-06,1,1,0,0
4910,9,9,9,1.937463379064752e-06,9,9,0,0
4911,4,4,4,1.074344177176556e-06,4,4,0,0
4912,4,4,4,1.8851806657949055e-06,4,4,0,0
4913,7,7,7,1.4305389406388258e-06,7,7,0,0
4914,6,6,6,1.4316003413838985e-06,6,6,0,0
4915,5,5,5,2.3871569823086247e-06,5,5,0,0
4916,4,4,4,2.147258300944088e-06,4,4,0,0
4917,1,1,1,1.4345660401815508e-06,1,1,0,0
4918,9,9,9,9.58367920134151e-07,9,9,0,0
4919,9,9,9,1.926306152810753e-06,9,9,0,0
4920,2,2,2,2.6263015746597063e-06,2,2,0,0
4921,7,7,7,1.9081353759276e-06,7,7,0,0
4922,8,8,8,9.571679679964973e-07,8,8,0,0
4923,0,0,0,1.9104174810991026e-06,0,0,0,0
4924,1,1,1,1.0732123718049102e-06,1,1,0,0
4925,3,3,3,3.833056640090149e-06,3,3,0,0
4926,6,6,6,1.2519655762099902e-06,6,6,0,0
4927,1,1,1,1.9044189452088744e-06,1,1,0,0
4928,3,3,3,1.8596923823110956e-06,3,3,0,0
4929,4,4,4,9.493688963857494e-07,4,4,0,0
4930,1,1,1,1.1957678220930745e-06,1,1,0,0
4931,1,1,1,2.8583837892171005e-06,1,1,0,0
4932,1,1,1,1.905749511976751e-06,1,1,0,0
4933,5,5,5,1.9305786125300983e-06,5,5,0,0
4934,6,6,6,1.6734564209919256e-06,6,6,0,0
4935,0,0,0,1.9004882805262469e-06,0,0,0,0
4936,7,7,7,1.932568359563902e-06,7,7,0,0
4937,0,0,0,1.9254638665699986e-06,0,0,0,0
4938,7,7,7,9.684050827074575e-07,7,7,0,0
4939,2,2,2,1.865930176592201e-06,2,2,0,0
4940,3,3,3,1.9308837888587504e-06,3,3,0,0
4941,2,2,2,2.8813354493451016e-06,2,2,0,0
4942,5,5,5,1.6736663819294506e-06,5,5,0,0
4943,2,2,2,1.4345068359844504e-06,2,2,0,0
4944,2,2,2,3.7779296881979008e-06,2,2,0,0
4945,9,9,9,2.853234862598697e-06,9,9,0,0
4946,4,4,4,1.0702267456697001e-06,4,4,0,0
4947,9,9,9,2.889465331890051e-06,9,9,0,0
4948,8,8,8,3.7892578124143483e-06,8,8,0,0
4949,1,1,1,9.56121826156675e-07,1,1,0,0
4950,2,2,2,1.4334387206105248e-06,2,2,0,0
4951,1,1,1,9.542150878338873e-07,1,1,0,0
4952,6,6,6,2.383758545221326e-06,6,6,0,0
4953,1,1,1,7.194012452416132e-07,1,1,0,0
4954,2,2,2,1.9131591812993065e-06,2,2,0,0
4955,7,7,7,1.9111138915839376e-06,7,7,0,0
4956,8,8,8,2.146967773342112e-06,8,8,0,0
4957,0,0,0,1.4331860347382985e-06,0,0,0,0
4958,0,0,0,2.4435606383876873e-06,0,0,0,0
4959,0,0,0,1.0128442077261823e-06,0,0,0,0
4960,8,8,8,1.9043847654387491e-06,8,8,0,0
4961,2,2,2,1.900097656104549e-06,2,2,0,0
4962,2,2,2,1.912160644934602e-06,2,2,0,0
4963,9,9,9,9.541478271923864e-07,9,9,0,0
4964,2,2,2,2.8590917970916507e-06,2,2,0,0
4965,2,2,2,3.836718750704904e-06,2,2,0,0
4966,7,7,7,1.9463623051052537e-06,3,3,0,0
4967,9,9,9,1.490251983593538e-06,9,9,0,0
4968,9,9,9,9.537597662756525e-07,9,9,0,0
4969,2,2,2,9.8068847620425e-07,2,2,0,0
4970,7,7,7,1.895410157715105e-06,7,7,0,0
4971,5,5,5,2.86577392571985e-06,5,5,0,0
4972,1,1,1,9.533630374036761e-07,1,1,0,0
4973,3,3,3,3.805517579280604e-06,3,3,0,0
4974,4,4,4,2.3838830562894486e-06,4,4,0,0
4975,9,9,9,9.551971436039253e-07,9,9,0,0
4976,4,4,4,2.8955444335565517e-06,4,4,0,0
4977,1,1,1,2.858862304222498e-06,1,1,0,0
4978,8,8,8,2.3831750484148984e-06,8,8,0,0
4979,5,5,5,2.8381591796744488e-06,5,5,0,0
4980,6,6,6,1.907633056852376e-06,6,6,0,0
4981,2,2,2,1.953735353055208e-06,2,2,0,0
4982,8,8,8,2.3864739988610495e-06,8,8,0,0
4983,3,3,3,3.8008789076116045e-06,3,3,0,0
4984,1,1,1,9.58023071095937e-07,1,1,0,0
4985,2,2,2,1.906268310314374e-06,2,2,0,0
4986,8,8,8,1.9115795897306498e-06,8,8,0,0
4987,4,4,4,1.4262402343589997e-06,4,4,0,0
4988,9,9,9,1.5475427246336437e-06,9,9,0,0
4989,9,9,9,9.510308838223125e-07,9,9,0,0
4990,3,3,3,2.3851513670791746e-06,3,3,0,0
4991,7,7,7,1.905419921399698e-06,7,7,0,0
4992,0,0,0,1.4308679201491259e-06,0,0,0,0
4993,7,7,7,1.9119873044814995e-06,7,7,0,0
4994,7,7,7,1.9004150395574015e-06,7,7,0,0
4995,2,2,2,1.9094451904067e-06,2,2,0,0
4996,3,3,3,3.8143530272094495e-06,3,3,0,0
4997,2,2,2,1.9328857430167545e-06,2,2,0,0
4998,4,4,4,1.9043487546888116e-06,4,4,0,0
4999,0,0,0,3.805310058169198e-06,0,0,0,0
5000,3,3,3,2.0276077270509063e-06,3,3,0,0
5001,9,9,9,1.1917205808842368e-06,9,9,0,0
5002,9,9,9,1.9297973636867027e-06,9,9,0,0
5003,8,8,8,1.950903321557007e-06,8,8,0,0
5004,4,4,4,1.9263916009037985e-06,4,4,0,0
5005,1,1,1,2.3823645021181505e-06,1,1,0,0
5006,0,0,0,1.9102539070559033e-06,0,0,0,0
5007,6,6,6,3.8477661128411e-06,6,6,0,0
5008,0,0,0,1.1877166747886747e-06,0,0,0,0
5009,9,9,9,2.8907470710493044e-06,9,9,0,0
5010,6,6,6,1.426180419983325e-06,6,6,0,0
5011,8,8,8,1.5451116943676624e-06,8,8,0,0
5012,6,6,6,1.8950683600138518e-06,6,6,0,0
5013,1,1,1,1.434039306857926e-06,1,1,0,0
5014,1,1,1,2.8501220707966013e-06,1,1,0,0
5015,9,9,9,2.896655272977e-06,9,9,0,0
5016,8,8,8,1.9412353502445967e-06,8,8,0,0
5017,9,9,9,1.8666259773425509e-06,9,9,0,0
5018,2,2,2,2.88757324184985e-06,2,2,0,0
5019,3,3,3,2.8470336914665495e-06,3,3,0,0
5020,5,5,5,1.9078784188053532e-06,5,5,0,0
5021,5,5,5,1.9535400390680024e-06,5,5,0,0
5022,9,9,9,1.9412597662693543e-06,9,9,0,0
5023,4,4,4,2.862775878575974e-06,4,4,0,0
5024,2,2,2,3.787084960293896e-06,2,2,0,0
5025,1,1,1,1.9082836910655487e-06,1,1,0,0
5026,9,9,9,2.1491674804252625e-06,9,9,0,0
5027,4,4,4,2.812011718589247e-06,4,4,0,0
5028,3,3,3,4.7685913084905e-06,3,3,0,0
5029,9,9,9,1.9032543949748515e-06,9,9,0,0
5030,6,6,6,3.849230957087002e-06,6,6,0,0
5031,0,0,0,2.864741211361377e-06,0,0,0,0
5032,4,4,4,2.8545532231305515e-06,4,4,0,0
5033,0,0,0,2.8346923830468995e-06,0,0,0,0
5034,6,6,6,1.925805662494895e-06,6,6,0,0
5035,0,0,0,4.738220214406397e-06,0,0,0,0
5036,1,1,1,1.9078735356004017e-06,1,1,0,0
5037,2,2,2,2.3797290040761254e-06,2,2,0,0
5038,3,3,3,2.8291015627956995e-06,3,3,0,0
5039,4,4,4,1.9121826166923483e-06,4,4,0,0
5040,7,7,7,1.9962563858055837e-06,7,7,0,0
5041,8,8,8,1.787098693917244e-06,8,8,0,0
5042,9,9,9,1.5519018554677189e-06,9,9,0,0
5043,0,0,0,1.4315563960920485e-06,0,0,0,0
5044,1,1,1,1.9332519531900516e-06,1,1,0,0
5045,2,2,2,2.920283233676102e-06,2,2,0,0
5046,3,3,3,1.9023706059329015e-06,3,3,0,0
5047,4,4,4,2.8768432613901496e-06,4,4,0,0
5048,7,7,7,1.9042700198923512e-06,7,7,0,0
5049,8,8,8,1.8627197260201456e-06,8,8,0,0
5050,9,9,9,1.9255615235636014e-06,9,9,0,0
5051,0,0,0,1.8677368167629993e-06,0,0,0,0
5052,1,1,1,2.3799157711223984e-06,1,1,0,0
5053,2,2,2,1.4325842281337486e-06,2,2,0,0
5054,3,3,3,1.9114477538551e-06,3,3,0,0
5055,4,4,4,1.921423340434103e-06,4,4,0,0
5056,5,5,5,1.4267907717524508e-06,5,5,0,0
5057,6,6,6,3.815373535331901e-06,6,6,0,0
5058,7,7,7,1.8607910163837005e-06,7,7,0,0
5059,8,8,8,2.8639208977665476e-06,8,8,0,0
5060,9,9,9,2.386221924055576e-06,9,9,0,0
5061,8,8,8,2.387965087891075e-06,8,8,0,0
5062,3,3,3,1.940820311574498e-06,3,3,0,0
5063,4,4,4,1.903635254763003e-06,4,4,0,0
5064,7,7,7,9.544482422185752e-07,7,7,0,0
5065,8,8,8,1.9244995108635976e-06,8,8,0,0
5066,6,6,6,1.93320312469325e-06,6,6,0,0
5067,3,3,3,1.9098645021031757e-06,3,3,0,0
5068,4,4,4,1.910781249669924e-06,4,4,0,0
5069,0,0,0,1.9119226073449624e-06,0,0,0,0
5070,9,9,9,1.8811889646030977e-06,9,9,0,0
5071,7,7,7,1.4321356203161884e-06,7,7,0,0
5072,1,1,1,1.911672363519301e-06,1,1,0,0
5073,9,9,9,1.8948852531508464e-06,9,9,0,0
5074,3,3,3,1.939550781315802e-06,3,3,0,0
5075,8,8,8,3.8103515631604523e-06,8,8,0,0
5076,4,4,4,1.9073364256882996e-06,4,4,0,0
5077,7,7,7,1.9067626944035965e-06,7,7,0,0
5078,3,3,3,2.3835394284965616e-06,3,3,0,0
5079,0,0,0,2.380839843496574e-06,0,0,0,0
5080,9,9,9,1.8634033196462951e-06,9,9,0,0
5081,1,1,1,1.910339355148949e-06,1,1,0,0
5082,4,4,4,2.0862314148439864e-06,4,4,0,0
5083,5,5,5,1.188137206842299e-06,5,5,0,0
5084,4,4,4,1.42993164065075e-06,4,4,0,0
5085,6,6,6,1.433271484607701e-06,6,6,0,0
5086,2,2,2,1.4352136226136736e-06,2,2,0,0
5087,0,0,0,2.0564933319033862e-06,0,0,0,0
5088,6,6,6,1.947802733326398e-06,6,6,0,0
5089,2,2,2,2.8156372078314007e-06,2,2,0,0
5090,1,1,1,1.4284204103987008e-06,1,1,0,0
5091,1,1,1,2.86577392571985e-06,1,1,0,0
5092,1,1,1,1.1939068602639935e-06,1,1,0,0
5093,1,1,1,2.3872412109327e-06,1,1,0,0
5094,7,7,7,1.4344824217360497e-06,7,7,0,0
5095,2,2,2,1.909722290083238e-06,2,2,0,0
5096,4,4,4,1.9107757567304873e-06,4,4,0,0
5097,7,7,7,2.383751342760476e-06,7,7,0,0
5098,5,5,5,1.4293395995679248e-06,5,5,0,0
5099,2,2,2,2.026937133803308e-06,2,2,0,0
5100,9,9,9,1.913232422268152e-06,9,9,0,0
5101,4,4,4,1.9233276375985042e-06,4,4,0,0
5102,5,5,5,1.8913208013060512e-06,5,5,0,0
5103,8,8,8,9.788818360334517e-07,8,8,0,0
5104,4,4,4,2.8601269530525997e-06,4,4,0,0
5105,2,2,2,2.862727661145925e-06,2,2,0,0
5106,9,9,9,2.8929077142691995e-06,9,9,0,0
5107,7,7,7,9.510632326126256e-07,7,7,0,0
5108,0,0,0,1.9091992182751483e-06,0,0,0,0
5109,0,0,0,9.552984621130634e-07,0,0,0,0
5110,7,7,7,3.794335938778204e-06,7,7,0,0
5111,5,5,5,2.861790771468975e-06,5,5,0,0
5112,1,1,1,1.9115789795520755e-06,1,1,0,0
5113,1,1,1,1.942944335198149e-06,1,1,0,0
5114,7,7,7,1.670534057751638e-06,7,7,0,0
5115,6,6,6,2.379731445678601e-06,6,6,0,0
5116,6,6,6,2.3830578612660247e-06,6,6,0,0
5117,6,6,6,4.295426025535676e-06,6,6,0,0
5118,8,8,8,2.849316405928448e-06,8,8,0,0
5119,2,2,2,2.386148681310374e-06,2,2,0,0
5120,2,2,2,1.8996215818134488e-06,2,2,0,0
5121,7,7,7,1.925708007277649e-06,7,7,0,0
5122,7,7,7,1.8796386704877932e-06,7,7,0,0
5123,4,4,4,2.848950195755151e-06,4,4,0,0
5124,0,0,0,2.384041748015875e-06,0,0,0,0
5125,2,2,2,2.8613549805101e-06,2,2,0,0
5126,4,4,4,1.4352294925856768e-06,4,4,0,0
5127,2,2,2,2.8213500975482475e-06,2,2,0,0
5128,1,1,1,1.9110766604768514e-06,1,1,0,0
5129,8,8,8,1.4304063720160798e-06,8,8,0,0
5130,9,9,9,2.836669921180146e-06,9,9,0,0
5131,6,6,6,2.822900389887195e-06,6,6,0,0
5132,1,1,1,1.8883056647212015e-06,1,1,0,0
5133,0,0,0,1.9088452152260516e-06,0,0,0,0
5134,5,5,5,1.6683044434806504e-06,5,5,0,0
5135,9,9,9,1.0734219360042374e-06,9,9,0,0
5136,6,6,6,1.913232420491795e-06,6,6,0,0
5137,9,9,9,1.910352783074387e-06,9,9,0,0
5138,8,8,8,2.379813232700201e-06,8,8,0,0
5139,0,0,0,1.9293579107682035e-06,0,0,0,0
5140,3,3,3,1.4337280269671737e-06,3,3,0,0
5141,0,0,0,2.3805664062237497e-06,0,0,0,0
5142,8,8,8,1.9370117190220526e-06,8,8,0,0
5143,3,3,3,1.4255499265480864e-06,3,3,0,0
5144,9,9,9,1.9056463624878006e-06,9,9,0,0
5145,6,6,6,2.869140624639499e-06,6,6,0,0
5146,3,3,3,1.4319274903584756e-06,3,3,0,0
5147,0,0,0,1.9091113276914484e-06,0,0,0,0
5148,1,1,1,2.8804321292597024e-06,1,1,0,0
5149,2,2,2,1.9194580076487e-06,2,2,0,0
5150,3,3,3,1.935571290800908e-06,3,3,0,0
5151,4,4,4,1.948999022616249e-06,4,4,0,0
5152,5,5,5,3.852490234379502e-06,5,5,0,0
5153,6,6,6,2.8649291987647985e-06,6,6,0,0
5154,7,7,7,1.951269531730304e-06,7,7,0,0
5155,0,0,0,9.501196291950009e-07,0,0,0,0
5156,1,1,1,1.9081274409415983e-06,1,1,0,0
5157,2,2,2,1.923486326660395e-06,2,2,0,0
5158,3,3,3,1.9208740233978006e-06,3,3,0,0
5159,4,4,4,1.9054809570206999e-06,4,4,0,0
5160,5,5,5,1.9362060541538995e-06,5,5,0,0
5161,6,6,6,1.9271240230267495e-06,6,6,0,0
5162,7,7,7,2.855065918794253e-06,7,7,0,0
5163,8,8,8,1.4318902588073001e-06,8,8,0,0
5164,9,9,9,1.9061706542089496e-06,9,9,0,0
5165,0,0,0,1.908903808356399e-06,0,0,0,0
5166,1,1,1,2.3862622073878015e-06,1,1,0,0
5167,2,2,2,2.8720092775103012e-06,2,2,0,0
5168,3,3,3,2.8565270993041736e-06,3,3,0,0
5169,4,4,4,2.856440429965801e-06,4,4,0,0
5170,5,5,5,1.9045410155626996e-06,5,5,0,0
5171,6,6,6,1.9186035160601023e-06,6,6,0,0
5172,7,7,7,1.1923170470939937e-06,7,7,0,0
5173,8,8,8,2.1497741697906747e-06,8,8,0,0
5174,5,5,5,1.9043627936810026e-06,5,5,0,0
5175,4,4,4,1.9008300782275e-06,4,4,0,0
5176,8,8,8,2.844226074216749e-06,8,8,0,0
5177,7,7,7,9.978515631559048e-07,7,7,0,0
5178,4,4,4,3.819726561715697e-06,4,4,0,0
5179,7,7,7,1.9115307621220268e-06,7,7,0,0
5180,7,7,7,1.9067797847327483e-06,7,7,0,0
5181,3,3,3,3.81222167966655e-06,3,3,0,0
5182,9,9,9,1.8720581049791463e-06,9,9,0,0
5183,8,8,8,1.901562500350451e-06,8,8,0,0
5184,8,8,8,3.7785156248304475e-06,8,8,0,0
5185,3,3,3,3.833007813369704e-06,3,3,0,0
5186,1,1,1,1.9457641595721498e-06,1,1,0,0
5187,5,5,5,1.9029858400188004e-06,5,5,0,0
5188,8,8,8,2.8844970696439987e-06,8,8,0,0
5189,2,2,2,2.839038085511447e-06,2,2,0,0
5190,7,7,7,2.863811035425101e-06,7,7,0,0
5191,4,4,4,9.577459718634884e-07,4,4,0,0
5192,2,2,2,1.6688206176951326e-06,2,2,0,0
5193,1,1,1,9.54853515366949e-07,1,1,0,0
5194,5,5,5,1.8630859379697995e-06,5,5,0,0
5195,4,4,4,2.8244506840024997e-06,4,4,0,0
5196,5,5,5,1.9325561524397017e-06,5,5,0,0
5197,5,5,5,2.860944825044953e-06,5,5,0,0
5198,8,8,8,1.9057971192282253e-06,8,8,0,0
5199,6,6,6,1.4300463870853264e-06,6,6,0,0
5200,4,4,4,1.6667803954817373e-06,4,4,0,0
5201,4,4,4,2.8595690917398997e-06,4,4,0,0
5202,4,4,4,2.3833752438306988e-06,4,4,0,0
5203,1,1,1,9.910766607390542e-07,1,1,0,0
5204,8,8,8,1.909240722852701e-06,8,8,0,0
5205,7,7,7,9.525280759703492e-07,7,7,0,0
5206,5,5,5,2.3885632325360007e-06,5,5,0,0
5207,5,5,5,1.915502931382207e-06,5,5,0,0
5208,1,1,1,2.857301025560588e-06,1,1,0,0
5209,8,8,8,1.9076318356070487e-06,8,8,0,0
5210,9,9,9,1.9114160156874505e-06,9,9,0,0
5211,1,1,1,1.4322155763579758e-06,1,1,0,0
5212,3,3,3,2.8606250008778034e-06,3,3,0,0
5213,6,6,6,1.9107556150643745e-06,6,6,0,0
5214,3,3,3,1.923046873741896e-06,3,3,0,0
5215,3,3,3,3.838232423447607e-06,3,3,0,0
5216,2,2,2,1.9251586920177033e-06,2,2,0,0
5217,2,2,2,3.830273437088749e-06,2,2,0,0
5218,6,6,6,1.908057861044199e-06,6,6,0,0
5219,9,9,9,1.8639038081857962e-06,9,9,0,0
5220,9,9,9,1.8767700193933479e-06,9,9,0,0
5221,6,6,6,4.7678515624483e-06,6,6,0,0
5222,5,5,5,1.953735353055208e-06,5,5,0,0
5223,5,5,5,1.9059814455602009e-06,5,5,0,0
5224,3,3,3,3.778906251028502e-06,3,3,0,0
5225,3,3,3,3.862939454535308e-06,3,3,0,0
5226,8,8,8,2.92030175785829e-06,8,8,0,0
5227,1,1,1,1.9056921383153735e-06,1,1,0,0
5228,6,6,6,1.9024951178892024e-06,6,6,0,0
5229,5,5,5,2.9000732428841047e-06,5,5,0,0
5230,6,6,6,2.870935059462454e-06,6,6,0,0
5231,8,8,8,1.9067358394408984e-06,8,8,0,0
5232,1,1,1,1.9088000486888745e-06,1,1,0,0
5233,9,9,9,1.918164063141603e-06,9,9,0,0
5234,7,7,7,9.586340334877264e-07,7,7,0,0
5235,6,6,6,2.859003906507951e-06,6,6,0,0
5236,8,8,8,1.9053808593127997e-06,8,8,0,0
5237,3,3,3,9.554040527604002e-07,3,3,0,0
5238,7,7,7,1.6732165528665632e-06,7,7,0,0
5239,4,4,4,1.4271923829412003e-06,4,4,0,0
5240,7,7,7,1.069844970613687e-06,7,7,0,0
5241,0,0,0,1.430730804441449e-06,0,0,0,0
5242,9,9,9,1.432546386403999e-06,9,9,0,0
5243,0,0,0,1.4271044923575005e-06,0,0,0,0
5244,0,0,0,2.144490966582424e-06,0,0,0,0
5245,3,3,3,2.3858129880593992e-06,3,3,0,0
5246,7,7,7,1.93552246052775e-06,7,7,0,0
5247,9,9,9,1.1932275389980873e-06,9,9,0,0
5248,3,3,3,2.906372071009855e-06,3,3,0,0
5249,0,0,0,1.4255810549812509e-06,0,0,0,0
5250,2,2,2,2.1504443359354752e-06,2,2,0,0
5251,0,0,0,1.9119799805622506e-06,0,0,0,0
5252,1,1,1,1.4309020999192512e-06,1,1,0,0
5253,0,0,0,1.4332153321916508e-06,0,0,0,0
5254,1,1,1,1.9077856441285235e-06,1,1,0,0
5255,0,0,0,1.910830077278547e-06,0,0,0,0
5256,4,4,4,2.8596801762148516e-06,4,4,0,0
5257,0,0,0,2.879846190850799e-06,0,0,0,0
5258,1,1,1,1.908007812190249e-06,1,1,0,0
5259,0,0,0,1.434481201378901e-06,0,0,0,0
5260,4,4,4,2.8598040771043998e-06,4,4,0,0
5261,7,7,7,9.529937745611505e-07,7,7,0,0
5262,9,9,9,1.9320800781486014e-06,9,9,0,0
5263,6,6,6,2.861120606212353e-06,6,6,0,0
5264,2,2,2,1.924255371932304e-06,2,2,0,0
5265,6,6,6,1.4343554690654514e-06,6,6,0,0
5266,2,2,2,1.713626434335369e-06,2,2,0,0
5267,2,2,2,2.8943115228940997e-06,2,2,0,0
5268,9,9,9,2.149883422841725e-06,9,9,0,0
5269,9,9,9,1.886486815649846e-06,9,9,0,0
5270,0,0,0,4.770544434151702e-06,0,0,0,0
5271,1,1,1,2.3832409672408517e-06,1,1,0,0
5272,2,2,2,1.914306640315999e-06,2,2,0,0
5273,3,3,3,1.937353516723306e-06,3,3,0,0
5274,4,4,4,1.9120153806895246e-06,4,4,0,0
5275,5,5,5,3.829467773996953e-06,5,5,0,0
5276,6,6,6,1.870556641137e-06,6,6,0,0
5277,7,7,7,3.811572266698704e-06,7,7,0,0
5278,8,8,8,2.908435059012504e-06,8,8,0,0
5279,9,9,9,1.9309570298275958e-06,9,9,0,0
5280,0,0,0,3.853710937917754e-06,0,0,0,0
5281,1,1,1,1.9048266608479025e-06,1,1,0,0
5282,2,2,2,1.9163818354428486e-06,2,2,0,0
5283,3,3,3,1.9367675783144023e-06,3,3,0,0
5284,4,4,4,2.8837646492974045e-06,4,4,0,0
5285,5,5,5,2.8884765619352493e-06,5,5,0,0
5286,6,6,6,2.387879638909851e-06,6,6,0,0
5287,7,7,7,3.3374438475064494e-06,7,7,0,0
5288,8,8,8,1.9119506831088984e-06,8,8,0,0
5289,9,9,9,2.8252685542184963e-06,9,9,0,0
5290,0,0,0,3.3407763675441515e-06,0,0,0,0
5291,1,1,1,1.9095312495664984e-06,1,1,0,0
5292,2,2,2,1.9534057624781553e-06,2,2,0,0
5293,3,3,3,3.848876954037905e-06,3,3,0,0
5294,4,4,4,2.858764649005252e-06,4,4,0,0
5295,5,5,5,2.9057861326009515e-06,5,5,0,0
5296,6,6,6,2.8570434569274994e-06,6,6,0,0
5297,7,7,7,3.7992431636268975e-06,7,7,0,0
5298,8,8,8,1.9073948288039766e-06,8,8,0,0
5299,9,9,9,3.7710693376880045e-06,9,9,0,0
5300,8,8,8,1.956152344106954e-06,8,8,0,0
5301,0,0,0,2.865549316055649e-06,0,0,0,0
5302,5,5,5,1.425889892381349e-06,5,5,0,0
5303,6,6,6,2.901843261682302e-06,6,6,0,0
5304,6,6,6,1.9183837896008527e-06,6,6,0,0
5305,0,0,0,1.6679278562747868e-06,0,0,0,0
5306,8,8,8,2.8632580564291743e-06,8,8,0,0
5307,0,0,0,2.875366211796404e-06,0,0,0,0
5308,2,2,2,4.766135253575499e-06,2,2,0,0
5309,3,3,3,3.8316162118690045e-06,3,3,0,0
5310,7,7,7,1.925805662494895e-06,7,7,0,0
5311,9,9,9,1.9418212886535002e-06,9,9,0,0
5312,4,4,4,2.384338379179951e-06,4,4,0,0
5313,7,7,7,3.817608642542325e-06,7,7,0,0
5314,1,1,1,1.8601806637263962e-06,1,1,0,0
5315,9,9,9,2.9050415033538e-06,9,9,0,0
5316,1,1,1,1.8620117181455953e-06,1,1,0,0
5317,7,7,7,3.8005126938855938e-06,7,7,0,0
5318,1,1,1,2.842358398424949e-06,1,1,0,0
5319,4,4,4,1.9025854491871996e-06,4,4,0,0
5320,0,0,0,1.909606933025998e-06,0,0,0,0
5321,0,0,0,1.4315548706456127e-06,0,0,0,0
5322,4,4,4,9.559521485513756e-07,4,4,0,0
5323,1,1,1,2.5079263306082566e-06,1,1,0,0
5324,7,7,7,1.1879580688045621e-06,7,7,0,0
5325,5,5,5,1.9049975588103507e-06,5,5,0,0
5326,7,7,7,1.907385254185101e-06,7,7,0,0
5327,1,1,1,1.9061145017928993e-06,1,1,0,0
5328,3,3,3,3.7981445295542926e-06,3,3,0,0
5329,3,3,3,1.9046728514382494e-06,3,3,0,0
5330,3,3,3,3.8019775381314957e-06,3,3,0,0
5331,1,1,1,1.9120935057515e-06,1,1,0,0
5332,6,6,6,2.863391113550051e-06,6,6,0,0
5333,9,9,9,1.949926756950049e-06,9,9,0,0
5334,7,7,7,1.8736328115664946e-06,7,7,0,0
5335,4,4,4,1.4326354982330258e-06,4,4,0,0
5336,3,3,3,9.563098144482751e-07,3,3,0,0
5337,0,0,0,1.9505737309799542e-06,0,0,0,0
5338,2,2,2,2.884912110090454e-06,2,2,0,0
5339,5,5,5,2.8389160160458005e-06,5,5,0,0
5340,2,2,2,1.9476440424881503e-06,2,2,0,0
5341,6,6,6,2.8255371091745474e-06,6,6,0,0
5342,0,0,0,3.334787597619737e-06,0,0,0,0
5343,8,8,8,1.9027416993111501e-06,8,8,0,0
5344,9,9,9,1.9254272469737543e-06,9,9,0,0
5345,4,4,4,2.8626098629302987e-06,4,4,0,0
5346,3,3,3,2.6182543946262626e-06,3,3,0,0
5347,5,5,5,1.8864501960536018e-06,5,5,0,0
5348,4,4,4,1.609143066461094e-06,4,4,0,0
5349,8,8,8,2.8578173827398246e-06,8,8,0,0
5350,1,1,1,3.766699219198699e-06,1,1,0,0
5351,5,5,5,1.9011596688045529e-06,5,5,0,0
5352,9,9,9,1.917456053490696e-06,9,9,0,0
5353,0,0,0,1.8659545890642448e-06,0,0,0,0
5354,6,6,6,1.956848144857304e-06,6,6,0,0
5355,4,4,4,2.8627075199239016e-06,4,4,0,0
5356,3,3,3,1.909964599811076e-06,3,3,0,0
5357,6,6,6,2.906494140475502e-06,6,6,0,0
5358,3,3,3,2.3891564939759746e-06,3,3,0,0
5359,3,3,3,3.849682617129702e-06,3,3,0,0
5360,8,8,8,2.3863000491175512e-06,8,8,0,0
5361,1,1,1,9.494281005828498e-07,1,1,0,0
5362,4,4,4,1.1931646728413625e-06,4,4,0,0
5363,7,7,7,1.923352050070548e-06,7,7,0,0
5364,5,5,5,1.9110534665855994e-06,5,5,0,0
5365,7,7,7,1.4341058349742752e-06,7,7,0,0
5366,2,2,2,2.880651855718952e-06,2,2,0,0
5367,2,2,2,1.910609130906238e-06,2,2,0,0
5368,0,0,0,2.1450152587476623e-06,0,0,0,0
5369,0,0,0,2.3807922362450995e-06,0,0,0,0
5370,1,1,1,1.907497222952692e-06,1,1,0,0
5371,7,7,7,1.0029418948676039e-06,7,7,0,0
5372,7,7,7,1.907778321097453e-06,7,7,0,0
5373,9,9,9,1.954284668315154e-06,9,9,0,0
5374,5,5,5,2.8240478506802447e-06,5,5,0,0
5375,9,9,9,3.814697265625e-06,9,9,0,0
5376,8,8,8,1.9102734380993525e-06,8,8,0,0
5377,9,9,9,2.3859265132486485e-06,9,9,0,0
5378,6,6,6,1.878076172801002e-06,6,6,0,0
5379,8,8,8,2.864013671555199e-06,8,8,0,0
5380,8,8,8,2.902209471855599e-06,8,8,0,0
5381,2,2,2,1.947106934352405e-06,2,2,0,0
5382,3,3,3,5.6861816410958e-06,3,3,0,0
5383,6,6,6,1.9072045898127499e-06,6,6,0,0
5384,1,1,1,2.8600915529253257e-06,1,1,0,0
5385,2,2,2,1.9436767573211e-06,2,2,0,0
5386,9,9,9,3.8024658195467964e-06,9,9,0,0
5387,8,8,8,1.9401123054763048e-06,8,8,0,0
5388,9,9,9,2.621659545898325e-06,9,9,0,0
5389,5,5,5,3.3333093263365754e-06,5,5,0,0
5390,2,2,2,2.1436328125901127e-06,2,2,0,0
5391,6,6,6,9.563220215724755e-07,6,6,0,0
5392,2,2,2,1.8765136715614972e-06,2,2,0,0
5393,4,4,4,2.387845459139726e-06,4,4,0,0
5394,8,8,8,2.859890136264198e-06,8,8,0,0
5395,4,4,4,1.8828002925630472e-06,4,4,0,0
5396,6,6,6,1.4284277343179497e-06,6,6,0,0
5397,5,5,5,1.9106469721918984e-06,5,5,0,0
5398,0,0,0,1.5544366454012248e-06,0,0,0,0
5399,1,1,1,1.90832031243815e-06,1,1,0,0
5400,5,5,5,1.9102294928075025e-06,5,5,0,0
5401,6,6,6,1.1969409179357626e-06,6,6,0,0
5402,7,7,7,3.791308593292797e-06,7,7,0,0
5403,8,8,8,1.4330895998782012e-06,8,8,0,0
5404,9,9,9,2.3849438477441254e-06,9,9,0,0
5405,0,0,0,1.9085595699408486e-06,0,0,0,0
5406,1,1,1,1.9066662595434991e-06,1,1,0,0
5407,2,2,2,2.857753905516347e-06,2,2,0,0
5408,3,3,3,2.8752319334302e-06,3,3,0,0
5409,4,4,4,2.8788696280201975e-06,4,4,0,0
5410,5,5,5,1.91233764645915e-06,5,5,0,0
5411,6,6,6,1.9216064437443947e-06,6,6,0,0
5412,7,7,7,1.9458496076651954e-06,7,7,0,0
5413,8,8,8,1.429569091548899e-06,8,8,0,0
5414,9,9,9,2.8551757811356993e-06,9,9,0,0
5415,0,0,0,2.618820495570162e-06,0,0,0,0
5416,1,1,1,2.8606347655113495e-06,1,1,0,0
5417,2,2,2,2.835473633666652e-06,2,2,0,0
5418,3,3,3,5.735888670699296e-06,3,3,0,0
5419,4,4,4,1.1909790038622248e-06,4,4,0,0
5420,5,5,5,1.90944824218775e-06,5,5,0,0
5421,6,6,6,1.8965576167317977e-06,6,6,0,0
5422,7,7,7,1.9227661134380014e-06,7,7,0,0
5423,8,8,8,1.1889874267367873e-06,8,8,0,0
5424,9,9,9,2.8937744147583544e-06,9,9,0,0
5425,7,7,7,1.917761229819348e-06,7,7,0,0
5426,4,4,4,1.9071618648780486e-06,4,4,0,0
5427,2,2,2,3.8098876942171955e-06,2,2,0,0
5428,0,0,0,9.563378906563003e-07,0,0,0,0
5429,9,9,9,9.805664067386033e-07,9,9,0,0
5430,0,0,0,1.9059329223747312e-06,0,0,0,0
5431,1,1,1,1.9067724608134995e-06,1,1,0,0
5432,5,5,5,2.892724609182551e-06,5,5,0,0
5433,8,8,8,3.3381542969834754e-06,8,8,0,0
5434,8,8,8,9.76062011659451e-07,8,8,0,0
5435,0,0,0,2.8233520499298947e-06,0,0,0,0
5436,2,2,2,3.841772461044002e-06,2,2,0,0
5437,7,7,7,9.581176758644006e-07,7,7,0,0
5438,8,8,8,2.3829333493097238e-06,8,8,0,0
5439,4,4,4,2.2625912474705245e-06,4,4,0,0
5440,4,4,4,2.742909851027875e-06,4,4,0,0
5441,6,6,6,1.9040502925449232e-06,6,6,0,0
5442,1,1,1,1.4258776852571486e-06,1,1,0,0
5443,0,0,0,2.8327636716340976e-06,0,0,0,0
5444,4,4,4,9.584375000315504e-07,4,4,0,0
5445,5,5,5,3.839294434371254e-06,5,5,0,0
5446,3,3,3,3.7685058593694976e-06,3,3,0,0
5447,9,9,9,2.865649413763549e-06,9,9,0,0
5448,4,4,4,2.8628002928243745e-06,4,4,0,0
5449,2,2,2,1.9114013678489528e-06,2,2,0,0
5450,0,0,0,9.58508911352851e-07,0,0,0,0
5451,5,5,5,1.924584960733e-06,5,5,0,0
5452,0,0,0,2.860925292225147e-06,0,0,0,0
5453,1,1,1,9.550781250311502e-07,1,1,0,0
5454,3,3,3,1.427664794828587e-06,3,3,0,0
5455,2,2,2,1.869848631486093e-06,2,2,0,0
5456,9,9,9,1.434933471600175e-06,9,9,0,0
5457,1,1,1,2.386499633910688e-06,1,1,0,0
5458,6,6,6,9.542736814083241e-07,6,6,0,0
5459,0,0,0,1.9571655265337995e-06,0,0,0,0
5460,1,1,1,1.4327465818197993e-06,1,1,0,0
5461,1,1,1,1.9091650393932014e-06,1,1,0,0
5462,8,8,8,1.4270043946496003e-06,8,8,0,0
5463,0,0,0,2.8628674320074765e-06,0,0,0,0
5464,4,4,4,2.8884887690594496e-06,4,4,0,0
5465,7,7,7,1.9329467768613995e-06,7,7,0,0
5466,7,7,7,2.3846679688688255e-06,7,7,0,0
5467,6,6,6,3.782788084549793e-06,6,6,0,0
5468,3,3,3,1.92574462865025e-06,3,3,0,0
5469,6,6,6,2.379625244408601e-06,6,6,0,0
5470,0,0,0,9.889526371154034e-07,0,0,0,0
5471,7,7,7,1.9069982908348493e-06,7,7,0,0
5472,3,3,3,1.937622069903e-06,3,3,0,0
5473,5,5,5,4.729370116862697e-06,5,5,0,0
5474,4,4,4,2.1490753174813193e-06,4,4,0,0
5475,2,2,2,2.904833984018751e-06,2,2,0,0
5476,4,4,4,2.8638500975119996e-06,4,4,0,0
5477,1,1,1,1.919323731058853e-06,1,1,0,0
5478,8,8,8,3.816164550585199e-06,8,8,0,0
5479,3,3,3,3.834912108757749e-06,3,3,0,0
5480,5,5,5,2.864543457548052e-06,5,5,0,0
5481,6,6,6,1.8651611330966489e-06,6,6,0,0
5482,7,7,7,1.1960729979776374e-06,7,7,0,0
5483,0,0,0,2.9089111333036044e-06,0,0,0,0
5484,6,6,6,9.528564461902533e-07,6,6,0,0
5485,7,7,7,2.8591064449301484e-06,7,7,0,0
5486,1,1,1,1.90758056639595e-06,1,1,0,0
5487,2,2,2,1.8606201166448955e-06,2,2,0,0
5488,5,5,5,1.9037963863155483e-06,5,5,0,0
5489,8,8,8,2.85748779305095e-06,8,8,0,0
5490,1,1,1,2.3835879516820313e-06,1,1,0,0
5491,9,9,9,2.8574707027217983e-06,9,9,0,0
5492,3,3,3,1.8702026363115465e-06,3,3,0,0
5493,8,8,8,1.943017577943351e-06,8,8,0,0
5494,2,2,2,3.834436034466648e-06,2,2,0,0
5495,8,8,8,2.865148925224048e-06,8,8,0,0
5496,7,7,7,1.9112548841349053e-06,7,7,0,0
5497,6,6,6,1.893481446302303e-06,6,6,0,0
5498,7,7,7,1.902668456565948e-06,7,7,0,0
5499,1,1,1,4.81708374078238e-07,1,1,0,0
5500,4,4,4,2.8303710930543957e-06,4,4,0,0
5501,6,6,6,3.3359374995711732e-06,6,6,0,0
5502,2,2,2,1.954565430395405e-06,2,2,0,0
5503,9,9,9,9.563122560507509e-07,9,9,0,0
5504,3,3,3,2.8658666995085014e-06,3,3,0,0
5505,0,0,0,1.9110302735825258e-06,0,0,0,0
5506,1,1,1,1.43235107419315e-06,1,1,0,0
5507,2,2,2,2.886340331187398e-06,2,2,0,0
5508,3,3,3,2.883984375756654e-06,3,3,0,0
5509,4,4,4,1.9084399411894992e-06,4,4,0,0
5510,5,5,5,2.85263671884195e-06,5,5,0,0
5511,6,6,6,1.426000976856301e-06,6,6,0,0
5512,7,7,7,2.14831970213325e-06,7,7,0,0
5513,0,0,0,1.90814453127075e-06,0,0,0,0
5514,1,1,1,2.8588256837380754e-06,1,1,0,0
5515,2,2,2,2.84006347683885e-06,2,2,0,0
5516,3,3,3,2.8587890632536528e-06,3,3,0,0
5517,4,4,4,9.79956054081299e-07,4,4,0,0
5518,5,5,5,2.1452416993916756e-06,5,5,0,0
5519,0,0,0,1.4342248535470503e-06,0,0,0,0
5520,1,1,1,1.908593749710974e-06,1,1,0,0
5521,2,2,2,1.9103515622731493e-06,2,2,0,0
5522,8,8,8,2.8438964836396963e-06,8,8,0,0
5523,9,9,9,1.9570678713165535e-06,9,9,0,0
5524,1,1,1,9.574218751140506e-07,1,1,0,0
5525,4,4,4,2.9058471682219533e-06,4,4,0,0
5526,0,0,0,1.9339477539404015e-06,0,0,0,0
5527,9,9,9,2.144594726694038e-06,9,9,0,0
5528,5,5,5,3.7840332023364454e-06,5,5,0,0
5529,0,0,0,1.8595214843486474e-06,0,0,0,0
5530,8,8,8,1.6726489255880495e-06,8,8,0,0
5531,0,0,0,9.588134766147505e-07,0,0,0,0
5532,7,7,7,1.7304373142248974e-06,7,7,0,0
5533,7,7,7,1.4339855960443515e-06,7,7,0,0
5534,1,1,1,1.4350402830487496e-06,1,1,0,0
5535,1,1,1,1.9086181639593747e-06,1,1,0,0
5536,2,2,2,9.553430171393984e-07,2,2,0,0
5537,9,9,9,1.8867065421090956e-06,9,9,0,0
5538,3,3,3,1.922583006574996e-06,3,3,0,0
5539,6,6,6,3.813131103314049e-06,6,6,0,0
5540,7,7,7,1.196778564249712e-06,7,7,0,0
5541,2,2,2,1.9155517563262947e-06,2,2,0,0
5542,3,3,3,2.884277343184749e-06,3,3,0,0
5543,8,8,8,1.7658164512650287e-06,8,8,0,0
5544,1,1,1,1.4323657229198261e-06,1,1,0,0
5545,2,2,2,2.873535155600848e-06,2,2,0,0
5546,9,9,9,2.8599291983510966e-06,9,9,0,0
5547,8,8,8,1.9138671873975e-06,8,8,0,0
5548,8,8,8,3.836962891412554e-06,8,8,0,0
5549,7,7,7,1.955346679238801e-06,7,7,0,0
5550,1,1,1,9.661254889437032e-07,1,1,0,0
5551,7,7,7,1.8753906232404915e-06,7,7,0,0
5552,1,1,1,1.9087548821516975e-06,1,1,0,0
5553,1,1,1,1.9497070304907993e-06,1,1,0,0
5554,0,0,0,1.6727044678255254e-06,0,0,0,0
5555,3,3,3,1.947509765898303e-06,3,3,0,0
5556,4,4,4,1.967215606635264e-06,4,4,0,0
5557,2,2,2,2.9013061517702e-06,2,2,0,0
5558,6,6,6,3.8002075193332985e-06,6,6,0,0
5559,4,4,4,1.6694311524290129e-06,4,4,0,0
5560,7,7,7,1.876208495232845e-06,7,7,0,0
5561,4,4,4,9.532885743013253e-07,4,4,0,0
5562,2,2,2,2.8596435548422505e-06,2,2,0,0
5563,7,7,7,3.7724609391887043e-06,7,7,0,0
5564,4,4,4,2.3249573364303444e-06,4,4,0,0
5565,9,9,9,1.9529663077832993e-06,9,9,0,0
5566,1,1,1,9.579626460975987e-07,1,1,0,0
5567,0,0,0,1.9114233396066993e-06,0,0,0,0
5568,6,6,6,1.9035668952227525e-06,6,6,0,0
5569,8,8,8,1.879370117308099e-06,8,8,0,0
5570,5,5,5,1.9276000973178498e-06,5,5,0,0
5571,5,5,5,1.9304565430644516e-06,5,5,0,0
5572,5,5,5,2.385432129159426e-06,5,5,0,0
5573,3,3,3,3.837133789375002e-06,3,3,0,0
5574,5,5,5,1.9425903321490523e-06,5,5,0,0
5575,9,9,9,1.9054931641449002e-06,9,9,0,0
5576,7,7,7,1.8708740228134957e-06,7,7,0,0
5577,4,4,4,1.9059802243148738e-06,4,4,0,0
5578,8,8,8,1.9052209472292247e-06,8,8,0,0
5579,5,5,5,1.9117028804416236e-06,5,5,0,0
5580,9,9,9,2.3821386720968007e-06,9,9,0,0
5581,6,6,6,1.935229491323298e-06,6,6,0,0
5582,9,9,9,3.856225585963102e-06,9,9,0,0
5583,3,3,3,2.3808996583163378e-06,3,3,0,0
5584,0,0,0,1.9268554680706984e-06,0,0,0,0
5585,3,3,3,2.882641600976399e-06,3,3,0,0
5586,8,8,8,2.265117797772831e-06,8,8,0,0
5587,9,9,9,1.953662108533649e-06,9,9,0,0
5588,1,1,1,1.9100927737270013e-06,1,1,0,0
5589,8,8,8,2.8571447754366375e-06,8,8,0,0
5590,1,1,1,1.4325012207550003e-06,1,1,0,0
5591,6,6,6,1.8721069334759477e-06,6,6,0,0
5592,0,0,0,1.9262207029413503e-06,0,0,0,0
5593,0,0,0,1.936096191812453e-06,0,0,0,0
5594,1,1,1,2.3889709472868503e-06,1,1,0,0
5595,2,2,2,1.3280631006237775e-06,2,2,0,0
5596,3,3,3,3.822778319673148e-06,3,3,0,0
5597,4,4,4,1.4332312012754755e-06,4,4,0,0
5598,5,5,5,3.7968749992955964e-06,5,5,0,0
5599,6,6,6,1.945239258560605e-06,6,6,0,0
5600,7,9,9,2.832214354597795e-06,9,9,0,0
5601,8,8,8,2.861083984839752e-06,8,8,0,0
5602,9,9,9,1.908860473687213e-06,9,9,0,0
5603,0,0,0,1.9029785160995516e-06,0,0,0,0
5604,1,1,1,1.911708984003724e-06,1,1,0,0
5605,2,2,2,1.9524047853991533e-06,2,2,0,0
5606,3,3,3,1.936523435830395e-06,3,3,0,0
5607,4,4,4,1.4295947261544484e-06,4,4,0,0
5608,5,5,5,1.669288940409075e-06,5,5,0,0
5609,6,6,6,2.383315429455024e-06,6,6,0,0
5610,7,7,7,9.57620849284524e-07,7,7,0,0
5611,8,8,8,1.4292980958785506e-06,8,8,0,0
5612,9,9,9,1.9572753906516027e-06,9,9,0,0
5613,0,0,0,2.6203607177421873e-06,0,0,0,0
5614,1,1,1,2.380989990058424e-06,1,1,0,0
5615,2,2,2,1.9270629874057477e-06,2,2,0,0
5616,3,3,3,2.8990234373083013e-06,3,3,0,0
5617,4,4,4,1.1920062256143282e-06,4,4,0,0
5618,5,5,5,1.8582031255931497e-06,5,5,0,0
5619,6,6,6,1.4316705323480505e-06,6,6,0,0
5620,7,7,7,1.954321289687755e-06,7,7,0,0
5621,8,8,8,2.506795043988319e-06,8,8,0,0
5622,9,9,9,2.864130859592251e-06,9,9,0,0
5623,3,3,3,1.9044799799416978e-06,3,3,0,0
5624,5,5,5,2.8580895996555e-06,5,5,0,0
5625,3,3,3,5.740185546443399e-06,3,3,0,0
5626,2,2,2,2.8870483390619484e-06,2,2,0,0
5627,9,9,9,1.9152221675255987e-06,9,9,0,0
5628,3,3,3,1.910524292103588e-06,3,3,0,0
5629,2,2,2,2.842956542181696e-06,2,2,0,0
5630,1,1,1,1.4342199703420988e-06,1,1,0,0
5631,4,4,4,2.8647204590726005e-06,4,4,0,0
5632,5,5,5,1.868859863307648e-06,5,5,0,0
5633,5,5,5,2.886340331187398e-06,5,5,0,0
5634,2,2,2,3.8171752922977475e-06,2,2,0,0
5635,3,3,3,3.863427735950609e-06,3,3,0,0
5636,2,2,2,1.9372314454813022e-06,2,2,0,0
5637,1,1,1,3.1003344727054127e-06,1,1,0,0
5638,3,3,3,9.594726559924993e-07,3,3,0,0
5639,9,9,9,1.4598640594720713e-06,9,9,0,0
5640,7,7,7,1.9076513675386764e-06,7,7,0,0
5641,2,2,2,3.775744628953248e-06,2,2,0,0
5642,1,1,1,1.93692626915265e-06,1,1,0,0
5643,2,2,2,3.860400390465202e-06,2,2,0,0
5644,8,8,8,1.955920410523504e-06,8,8,0,0
5645,9,9,9,1.8772460936844482e-06,9,9,0,0
5646,1,1,1,1.2217126770242004e-06,1,1,0,0
5647,8,8,8,1.910041503627724e-06,8,8,0,0
5648,8,8,8,1.904053955392726e-06,8,8,0,0
5649,7,7,7,3.8134936524159002e-06,7,7,0,0
5650,8,8,8,1.7874865723133126e-06,8,8,0,0
5651,1,1,1,1.904937744434676e-06,1,1,0,0
5652,0,0,0,1.4305138336112577e-06,0,0,0,0
5653,0,0,0,1.9082763671463e-06,0,0,0,0
5654,7,7,7,9.57460937200949e-07,7,7,0,0
5655,7,7,7,1.6675915528452379e-06,7,7,0,0
5656,8,8,8,1.1919378661850999e-06,8,8,0,0
5657,7,7,7,1.1881277466319062e-06,7,7,0,0
5658,5,5,5,1.8623901372194496e-06,5,5,0,0
5659,0,0,0,2.839038085511447e-06,0,0,0,0
5660,6,6,6,1.9389038090622535e-06,6,6,0,0
5661,1,1,1,2.3794226073903246e-06,1,1,0,0
5662,5,5,5,3.3335546874013744e-06,5,5,0,0
5663,7,7,7,1.953552246192203e-06,7,7,0,0
5664,4,4,4,1.909687499690449e-06,4,4,0,0
5665,6,6,6,3.3369091800850015e-06,6,6,0,0
5666,1,1,1,1.1917255554605433e-06,1,1,0,0
5667,2,2,2,1.908366698444297e-06,2,2,0,0
5668,5,5,5,3.85777587830205e-06,5,5,0,0
5669,0,0,0,2.8868286126026987e-06,0,0,0,0
5670,7,7,7,9.945434573666034e-07,7,7,0,0
5671,9,9,9,1.9503417973965043e-06,9,9,0,0
5672,9,9,9,2.1497796631742006e-06,9,9,0,0
5673,0,0,0,1.0717260741088808e-06,0,0,0,0
5674,3,3,3,1.9373291006985482e-06,3,3,0,0
5675,8,8,8,1.6682458494621244e-06,8,8,0,0
5676,4,4,4,9.578942874455265e-07,4,4,0,0
5677,4,4,4,1.9111273192873313e-06,4,4,0,0
5678,8,8,8,1.9058605955635244e-06,8,8,0,0
5679,1,1,1,1.9043457033518507e-06,1,1,0,0
5680,8,8,8,2.8620458980554986e-06,8,8,0,0
5681,6,6,6,1.9114526370600515e-06,6,6,0,0
5682,5,5,5,1.4264660643803495e-06,5,5,0,0
5683,9,9,9,2.8932739262188534e-06,9,9,0,0
5684,0,0,0,2.846850586379901e-06,0,0,0,0
5685,0,0,0,1.9091650393932014e-06,0,0,0,0
5686,0,0,0,1.4333410645051003e-06,0,0,0,0
5687,3,3,3,2.8699584966318525e-06,3,3,0,0
5688,7,7,7,2.8570800783001005e-06,7,7,0,0
5689,1,1,1,1.9038891601041996e-06,1,1,0,0
5690,6,6,6,1.951196288985102e-06,6,6,0,0
5691,4,4,4,9.752929681638989e-07,4,4,0,0
5692,2,2,2,1.860278320719999e-06,2,2,0,0
5693,6,6,6,1.5202384948675984e-06,6,6,0,0
5694,6,6,6,9.556152349432523e-07,6,6,0,0
5695,0,0,0,3.7811767583662004e-06,0,0,0,0
5696,4,4,4,1.9103735358072527e-06,4,4,0,0
5697,5,5,5,1.9089331058097514e-06,5,5,0,0
5698,4,4,4,2.8646374508056738e-06,4,4,0,0
5699,1,1,1,9.570532224500994e-07,1,1,0,0
5700,3,3,3,1.9521850589399037e-06,3,3,0,0
5701,8,8,8,1.5799705962993293e-06,8,8,0,0
5702,6,6,6,2.856916504256901e-06,6,6,0,0
5703,3,3,3,1.9529907220317e-06,3,3,0,0
5704,9,9,9,1.4324865724724134e-06,9,9,0,0
5705,9,9,9,1.9221923821532982e-06,9,9,0,0
5706,5,5,5,1.9337890631021537e-06,5,5,0,0
5707,9,9,9,2.1420404052729936e-06,9,9,0,0
5708,3,3,3,1.8967285164706027e-06,3,3,0,0
5709,7,7,7,1.6720434570238751e-06,7,7,0,0
5710,8,8,8,1.6721173095035624e-06,8,8,0,0
5711,5,5,5,4.289692382641874e-06,5,5,0,0
5712,6,6,6,1.9123413084187746e-06,6,6,0,0
5713,4,4,4,1.9105041504374753e-06,4,4,0,0
5714,7,7,7,1.9110034177316493e-06,7,7,0,0
5715,6,6,6,1.8704467770191968e-06,6,6,0,0
5716,2,2,2,3.774145508117499e-06,2,2,0,0
5717,2,2,2,2.8629809563085473e-06,2,2,0,0
5718,0,0,0,1.87917480509725e-06,0,0,0,0
5719,9,9,9,1.9466796867817493e-06,9,9,0,0
5720,4,4,4,1.909338378069947e-06,4,4,0,0
5721,0,0,0,1.92807617160895e-06,0,0,0,0
5722,1,1,1,1.1892437743465933e-06,1,1,0,0
5723,2,2,2,1.9363769538927045e-06,2,2,0,0
5724,3,3,3,1.9469970702346018e-06,3,3,0,0
5725,4,4,4,2.8783081056360516e-06,4,4,0,0
5726,5,5,5,1.9093969729766513e-06,5,5,0,0
5727,6,6,6,1.4318273926505753e-06,6,6,0,0
5728,7,7,7,9.583361815224123e-07,7,7,0,0
5729,8,8,8,1.886950682816746e-06,8,8,0,0
5730,9,9,9,1.434702453506631e-06,9,9,0,0
5731,0,0,0,1.908847655940349e-06,0,0,0,0
5732,1,1,1,1.902526856056852e-06,1,1,0,0
5733,2,2,2,3.801586913709798e-06,2,2,0,0
5734,3,7,7,1.9034838860676473e-06,7,7,0,0
5735,5,5,5,1.4256848146487755e-06,5,5,0,0
5736,6,6,6,9.969726555425495e-07,6,6,0,0
5737,0,0,0,3.818830565549547e-06,0,0,0,0
5738,1,1,1,2.3870593262032003e-06,1,1,0,0
5739,2,2,2,1.947497558774103e-06,2,2,0,0
5740,3,3,3,3.7810791013725975e-06,3,3,0,0
5741,4,4,4,2.1476828002686688e-06,4,4,0,0
5742,5,5,5,2.379520263495749e-06,5,5,0,0
5743,6,6,6,2.901574706726251e-06,6,6,0,0
5744,8,8,8,1.9112854001690494e-06,8,8,0,0
5745,7,7,7,9.53710937778851e-07,7,7,0,0
5746,1,1,1,9.732055659128491e-07,1,1,0,0
5747,3,3,3,2.041740196218056e-06,3,3,0,0
5748,2,2,2,1.908449706711224e-06,2,2,0,0
5749,8,8,8,2.8570141603623256e-06,8,8,0,0
5750,0,0,0,3.102864380100101e-06,0,0,0,0
5751,7,7,7,1.9026855468950998e-06,7,7,0,0
5752,5,3,3,1.9080627442491505e-06,3,3,0,0
5753,9,9,9,1.919067383227002e-06,9,9,0,0
5754,9,9,9,1.4337548828180502e-06,9,9,0,0
5755,6,6,6,2.8248413084241975e-06,6,6,0,0
5756,0,0,0,1.4319628904857495e-06,0,0,0,0
5757,9,9,9,2.8575708004296985e-06,9,9,0,0
5758,4,4,4,3.792382813117001e-06,4,4,0,0
5759,1,1,1,1.925854492768053e-06,1,1,0,0
5760,3,3,3,1.9259277337368985e-06,3,3,0,0
5761,2,2,2,2.6205755614405746e-06,2,2,0,0
5762,1,1,1,1.9015869145988518e-06,1,1,0,0
5763,2,2,2,1.9457519524479494e-06,2,2,0,0
5764,3,3,3,5.728662110016103e-06,3,3,0,0
5765,8,8,8,1.966525741581293e-06,8,8,0,0
5766,3,3,3,2.8681884760572984e-06,3,3,0,0
5767,2,2,2,2.9081420898080523e-06,2,2,0,0
5768,6,6,6,1.4283618163801748e-06,6,6,0,0
5769,5,5,5,2.622338562074944e-06,5,5,0,0
5770,6,6,6,2.150731811312312e-06,6,6,0,0
5771,8,8,8,3.3404425048289e-06,8,8,0,0
5772,2,2,2,2.8800292977138042e-06,2,2,0,0
5773,7,7,7,1.887353516139001e-06,7,7,0,0
5774,4,4,4,1.0135340576256091e-06,4,4,0,0
5775,8,8,8,9.270996095267492e-07,8,8,0,0
5776,1,1,1,1.9077441404391493e-06,1,1,0,0
5777,8,8,8,2.9058837895945544e-06,8,8,0,0
5778,0,0,0,2.3796887207439e-06,0,0,0,0
5779,5,5,5,1.949194334827098e-06,5,5,0,0
5780,3,3,3,3.852221681199808e-06,3,3,0,0
5781,9,9,9,1.6639587401279243e-06,9,9,0,0
5782,4,4,4,1.4345385741521e-06,4,4,0,0
5783,1,1,1,2.856672363549251e-06,1,1,0,0
5784,9,9,9,9.57687988467626e-07,9,9,0,0
5785,2,2,2,1.9171875003110017e-06,2,2,0,0
5786,1,1,1,1.4299609372159239e-06,1,1,0,0
5787,9,9,9,9.344726557003469e-07,9,9,0,0
5788,6,6,6,1.4332104489866992e-06,6,6,0,0
5789,7,7,7,1.311424255412419e-06,7,7,0,0
5790,9,9,9,1.907455657979007e-06,9,9,0,0
5791,0,0,0,3.7969848634133996e-06,0,0,0,0
5792,4,4,4,1.911249999153597e-06,4,4,0,0
5793,6,6,6,9.903442386161032e-07,6,6,0,0
5794,1,1,1,1.4309643558974017e-06,1,1,0,0
5795,7,7,7,2.3866723632970377e-06,7,7,0,0
5796,3,3,3,2.383697143559793e-06,3,3,0,0
5797,8,8,8,3.810947266202902e-06,8,8,0,0
5798,7,7,7,1.1936779786836382e-06,7,7,0,0
5799,2,2,2,1.9516845704004027e-06,2,2,0,0
5800,9,9,9,2.8536499030451523e-06,9,9,0,0
5801,6,6,6,2.861849365487501e-06,6,6,0,0
5802,5,5,5,2.8592749021782993e-06,5,5,0,0
5803,8,8,8,1.9325439453155013e-06,8,8,0,0
5804,3,3,3,2.842785644219248e-06,3,3,0,0
5805,9,9,9,1.9218627933526022e-06,9,9,0,0
5806,0,0,0,3.818154296730825e-06,0,0,0,0
5807,5,5,5,1.9105981445832754e-06,5,5,0,0
5808,7,7,7,1.4326660160435267e-06,7,7,0,0
5809,1,1,1,2.8600341792639483e-06,1,1,0,0
5810,6,6,6,1.3710069275418846e-06,6,6,0,0
5811,1,1,1,1.430649414047025e-06,1,1,0,0
5812,0,0,0,1.9039794922903752e-06,0,0,0,0
5813,9,9,9,1.9189453119849986e-06,9,9,0,0
5814,3,3,3,1.0777249146443069e-06,3,3,0,0
5815,3,3,3,2.383917236503663e-06,3,3,0,0
5816,4,4,4,1.9060498051004515e-06,4,4,0,0
5817,4,4,4,1.9500732406640964e-06,4,4,0,0
5818,0,0,0,9.571838379685005e-07,0,0,0,0
5819,6,6,6,1.950231933278701e-06,6,6,0,0
5820,2,2,2,1.8868041991026985e-06,2,2,0,0
5821,5,5,5,1.4333178715020267e-06,5,5,0,0
5822,4,4,4,2.858258056903651e-06,4,4,0,0
5823,2,2,2,3.7892578124143483e-06,2,2,0,0
5824,3,3,3,3.2778987579251684e-06,3,3,0,0
5825,4,4,4,1.0036376956179538e-06,4,4,0,0
5826,6,6,6,9.487646490669022e-07,6,6,0,0
5827,0,0,0,1.6734362793258128e-06,0,0,0,0
5828,0,0,0,1.1250404560077254e-06,0,0,0,0
5829,2,2,2,1.9235595694055974e-06,2,2,0,0
5830,0,0,0,1.9206665040627513e-06,0,0,0,0
5831,1,1,1,1.1965640258626564e-06,1,1,0,0
5832,4,4,4,3.3370544434419003e-06,4,4,0,0
5833,5,5,5,3.8181396480041485e-06,5,5,0,0
5834,6,6,6,9.843994135394496e-07,6,6,0,0
5835,7,7,7,1.6097308502271979e-06,7,7,0,0
5836,8,8,8,2.8589379876819976e-06,8,8,0,0
5837,9,9,9,1.1902911376537872e-06,9,9,0,0
5838,0,0,0,1.8587158194804942e-06,0,0,0,0
5839,1,1,1,2.1438171387000438e-06,1,1,0,0
5840,2,2,2,1.9083984366119466e-06,2,2,0,0
5841,3,3,3,2.8639135738472987e-06,3,3,0,0
5842,4,4,4,1.9114135740849747e-06,4,4,0,0
5843,5,5,5,2.38166778565585e-06,5,5,0,0
5844,6,6,6,1.937548827157798e-06,6,6,0,0
5845,7,7,7,1.9030737306025003e-06,7,7,0,0
5846,8,8,8,4.7402465828128015e-06,8,8,0,0
5847,0,0,0,3.3384521485047003e-06,0,0,0,0
5848,1,1,1,2.3824426271801258e-06,1,1,0,0
5849,2,2,2,4.743664550943549e-06,2,2,0,0
5850,3,3,3,1.9374023452201072e-06,3,3,0,0
5851,4,4,4,1.4272485353572506e-06,4,4,0,0
5852,5,5,5,2.1430920411624754e-06,5,5,0,0
5853,6,6,6,1.951098631991499e-06,6,6,0,0
5854,7,7,7,2.379887085179888e-06,7,7,0,0
5855,8,8,8,9.690673827833507e-07,8,8,0,0
5856,9,9,9,2.8199096675507462e-06,9,9,0,0
5857,8,8,8,2.863881835679649e-06,8,8,0,0
5858,7,7,7,1.609371337862875e-06,7,7,0,0
5859,1,1,1,1.4324499515439015e-06,1,1,0,0
5860,3,3,3,1.9560058603929065e-06,3,3,0,0
5861,7,7,7,1.5271111259429482e-06,7,7,0,0
5862,5,5,5,3.8100341797076e-06,5,5,0,0
5863,2,2,2,2.9030273438479526e-06,2,2,0,0
5864,8,8,8,1.9093591312469016e-06,8,8,0,0
5865,0,0,0,2.3813806153683004e-06,0,0,0,0
5866,7,7,7,2.8482177736322e-06,7,7,0,0
5867,5,5,5,3.3344665526513495e-06,5,5,0,0
5868,9,9,9,2.865332031198875e-06,9,9,0,0
5869,9,9,9,2.858425293794653e-06,9,9,0,0
5870,0,0,0,1.904008788855549e-06,0,0,0,0
5871,9,9,9,1.9053466804308528e-06,9,9,0,0
5872,1,1,1,9.582232665117374e-07,1,1,0,0
5873,1,1,1,1.1938110353604259e-06,1,1,0,0
5874,5,5,5,1.940148925072549e-06,5,5,0,0
5875,8,8,8,1.9112744134019977e-06,8,8,0,0
5876,8,8,8,1.900561523271449e-06,8,8,0,0
5877,6,6,6,3.810256347769325e-06,6,6,0,0
5878,3,3,3,1.9195434575181025e-06,3,3,0,0
5879,2,2,2,1.9339111325678005e-06,2,2,0,0
5880,1,1,1,1.4338940426128488e-06,1,1,0,0
5881,8,8,8,1.905187987816248e-06,8,8,0,0
5882,3,3,3,5.740747070603902e-06,3,3,0,0
5883,2,2,2,1.891943359311199e-06,2,2,0,0
5884,6,6,6,1.433199463107826e-06,6,6,0,0
5885,5,5,5,1.9071093753098012e-06,5,5,0,0
5886,6,6,6,1.892773436651396e-06,6,6,0,0
5887,7,7,7,2.8608862301382487e-06,7,7,0,0
5888,4,4,4,3.8142761233928013e-06,4,4,0,0
5889,1,1,1,1.1968902589032382e-06,1,1,0,0
5890,0,0,0,1.8604614258066476e-06,0,0,0,0
5891,5,5,5,1.4262194820702234e-06,5,5,0,0
5892,3,3,3,1.913012695808902e-06,3,3,0,0
5893,1,1,1,1.9054248046046496e-06,1,1,0,0
5894,9,9,9,1.917895508185552e-06,9,9,0,0
5895,2,2,2,9.481933584964963e-07,2,2,0,0
5896,1,1,1,1.6733154297732256e-06,1,1,0,0
5897,9,9,9,1.5510583495359498e-06,9,9,0,0
5898,6,6,6,3.826269530549098e-06,6,6,0,0
5899,0,0,0,2.8609790039269e-06,0,0,0,0
5900,4,4,4,1.9026525874821232e-06,4,4,0,0
5901,6,6,6,1.922448729985149e-06,6,6,0,0
5902,1,1,1,9.525366202467467e-07,1,1,0,0
5903,7,7,7,2.8358154295915483e-06,7,7,0,0
5904,3,3,3,1.948608399970908e-06,3,3,0,0
5905,8,8,8,1.9061865241809528e-06,8,8,0,0
5906,7,7,7,2.8611450186843967e-06,7,7,0,0
5907,2,2,2,1.9415649408216495e-06,2,2,0,0
5908,9,9,9,2.0265381469597443e-06,9,9,0,0
5909,6,6,6,1.9275878901936494e-06,6,6,0,0
5910,5,5,5,1.9362304684023e-06,5,5,0,0
5911,8,8,8,2.3839025882210763e-06,8,8,0,0
5912,3,3,3,1.9207031254353524e-06,3,3,0,0
5913,5,5,5,1.4278002931078504e-06,5,5,0,0
5914,7,7,7,9.849853519483531e-07,7,7,0,0
5915,1,1,1,1.4310156251085004e-06,1,1,0,0
5916,6,6,6,1.068889160071862e-06,6,6,0,0
5917,1,1,1,2.8580712889691995e-06,1,1,0,0
5918,0,0,0,1.933129881948048e-06,0,0,0,0
5919,9,9,9,1.9067749015277968e-06,9,9,0,0
5920,6,6,6,1.8983886711509967e-06,6,6,0,0
5921,2,2,2,2.8942749015214986e-06,2,2,0,0
5922,5,5,5,9.547778319074496e-07,5,5,0,0
5923,4,4,4,1.9096313472743986e-06,4,4,0,0
5924,2,2,2,1.9289184578497043e-06,2,2,0,0
5925,3,3,3,2.811120605628048e-06,3,3,0,0
5926,4,4,4,1.6686071777627376e-06,4,4,0,0
5927,4,4,4,1.9535400390680024e-06,4,4,0,0
5928,6,6,6,1.8874755856046477e-06,6,6,0,0
5929,0,0,0,2.388044433310199e-06,0,0,0,0
5930,0,0,0,3.7884277350741513e-06,0,0,0,0
5931,2,2,2,1.927343749485999e-06,2,2,0,0
5932,0,0,0,1.6702001954804757e-06,0,0,0,0
5933,1,1,1,1.1930493162282119e-06,1,1,0,0
5934,2,2,2,1.9036071776667995e-06,2,2,0,0
5935,3,3,3,2.841528321084752e-06,3,3,0,0
5936,4,4,4,1.195800781061962e-06,4,4,0,0
5937,5,3,3,1.9108557127722747e-06,3,3,0,0
5938,6,6,6,1.9040051268959246e-06,6,6,0,0
5939,7,7,7,1.940185548221507e-06,7,7,0,0
5940,8,8,8,1.9412719733935546e-06,8,8,0,0
5941,9,9,9,1.9067266845418374e-06,9,9,0,0
5942,0,0,0,1.4298693846725996e-06,0,0,0,0
5943,1,1,1,2.858912353076448e-06,1,1,0,0
5944,2,2,2,2.865915528005303e-06,2,2,0,0
5945,3,3,3,3.802954100962097e-06,3,3,0,0
5946,4,4,4,1.9535156248196017e-06,4,4,0,0
5947,5,5,5,1.9111328128929017e-06,5,5,0,0
5948,6,6,6,2.8568798828843e-06,6,6,0,0
5949,7,7,7,1.8860351573835032e-06,7,7,0,0
5950,8,8,8,2.3879846189345244e-06,8,8,0,0
5951,9,9,9,1.929833985059304e-06,9,9,0,0
5952,0,0,0,1.9066235346087979e-06,0,0,0,0
5953,1,1,1,1.1883496093822998e-06,1,1,0,0
5954,2,2,2,3.860742188166455e-06,2,2,0,0
5955,3,3,3,9.82617187617052e-07,3,3,0,0
5956,4,4,4,1.8894897468868521e-06,4,4,0,0
5957,5,5,5,3.7708007809555966e-06,5,5,0,0
5958,6,6,6,1.919262695437851e-06,6,6,0,0
5959,7,7,7,1.9023706059329015e-06,7,7,0,0
5960,8,8,8,2.833349610043001e-06,8,8,0,0
5961,9,9,9,1.910766600943248e-06,9,9,0,0
5962,8,8,8,2.8615283209632025e-06,8,8,0,0
5963,6,6,6,9.684326176540026e-07,6,6,0,0
5964,5,5,5,2.8596264645130987e-06,5,5,0,0
5965,0,0,0,1.907326660166575e-06,0,0,0,0
5966,6,6,6,3.851684569511349e-06,6,6,0,0
5967,8,8,8,2.8604370125862033e-06,8,8,0,0
5968,9,9,9,2.8321899421257513e-06,9,9,0,0
5969,4,4,4,3.854907227207605e-06,4,4,0,0
5970,1,1,1,1.4279357909430246e-06,1,1,0,0
5971,9,9,9,1.8823242200483037e-06,9,9,0,0
5972,5,3,3,2.8648413081810986e-06,3,3,0,0
5973,3,3,3,1.9033276359436968e-06,3,3,0,0
5974,0,0,0,1.4295874022351995e-06,0,0,0,0
5975,4,4,4,4.737792968612098e-06,4,4,0,0
5976,8,8,8,2.888867188133304e-06,8,8,0,0
5977,9,9,9,1.9069580083908022e-06,9,9,0,0
5978,1,1,1,9.503955080703008e-07,1,1,0,0
5979,4,4,4,1.5797865295374969e-06,4,4,0,0
5980,0,0,0,1.8785278328437016e-06,0,0,0,0
5981,5,9,9,1.9088623055552034e-06,9,9,0,0
5982,5,5,5,9.646362304494005e-07,5,5,0,0
5983,2,2,2,2.8123413091662997e-06,2,2,0,0
5984,1,1,1,1.4290777587966375e-06,1,1,0,0
5985,5,5,5,2.3814062499738498e-06,5,5,0,0
5986,4,4,4,1.6709222410149493e-06,4,4,0,0
5987,0,0,0,9.628051760302014e-07,0,0,0,0
5988,7,7,7,1.195744629090001e-06,7,7,0,0
5989,6,6,6,2.8808593750540012e-06,6,6,0,0
5990,0,0,0,2.1458715822042507e-06,0,0,0,0
5991,1,1,1,1.9097631831499484e-06,1,1,0,0
5992,7,7,7,1.4266845704824505e-06,7,7,0,0
5993,0,0,0,1.90991210935465e-06,0,0,0,0
5994,6,6,6,3.84938964792525e-06,6,6,0,0
5995,8,8,8,1.9241699220629016e-06,8,8,0,0
5996,9,9,9,1.9090728757831243e-06,9,9,0,0
5997,5,9,9,2.3842236327453747e-06,9,9,0,0
5998,1,1,1,9.516662595743242e-07,1,1,0,0
5999,7,7,7,4.789868164323252e-07,7,7,0,0
6000,9,9,9,1.926403808027999e-06,9,9,0,0
6001,8,8,8,3.102855224534906e-06,8,8,0,0
6002,6,6,6,2.8606152344679003e-06,6,6,0,0
6003,0,0,0,9.931518558659036e-07,0,0,0,0
6004,8,8,8,1.9251342777693026e-06,8,8,0,0
6005,1,1,1,1.4257409666207366e-06,1,1,0,0
6006,7,7,7,9.491455070786969e-07,7,7,0,0
6007,7,7,7,1.930505371561253e-06,7,7,0,0
6008,1,1,1,9.517895507293872e-07,1,1,0,0
6009,3,3,3,1.9041491698956747e-06,3,3,0,0
6010,2,2,2,1.9105291748644504e-06,2,2,0,0
6011,3,9,9,1.431336669632799e-06,9,9,0,0
6012,1,1,1,1.9129516601879004e-06,1,1,0,0
6013,4,4,4,2.860908203672352e-06,4,4,0,0
6014,2,2,2,1.931372070274051e-06,2,2,0,0
6015,0,0,0,1.9063671867769472e-06,0,0,0,0
6016,0,0,0,1.893237303818296e-06,0,0,0,0
6017,7,7,7,2.856708984921852e-06,7,7,0,0
6018,8,8,8,4.2898864744955745e-06,8,8,0,0
6019,4,4,4,1.91712646469e-06,4,4,0,0
6020,6,6,6,9.553778075321873e-07,6,6,0,0
6021,4,4,4,1.0007568356229513e-06,4,4,0,0
6022,9,9,9,2.026284545930679e-06,9,9,0,0
6023,3,3,3,1.4355102537777498e-06,3,3,0,0
6024,8,8,8,2.86297851559425e-06,8,8,0,0
6025,4,4,4,1.6728839109525495e-06,4,4,0,0
6026,7,7,7,9.56201171575799e-07,7,7,0,0
6027,2,2,2,2.872705078260651e-06,2,2,0,0
6028,5,5,5,3.820092773665351e-06,5,5,0,0
6029,6,6,6,2.813342284468945e-06,6,6,0,0
6030,3,3,3,1.9536499031858057e-06,3,3,0,0
6031,6,6,6,2.8946166992227518e-06,6,6,0,0
6032,9,9,9,2.842065429220497e-06,9,9,0,0
6033,6,6,6,3.8498413079679494e-06,6,6,0,0
6034,3,3,3,1.9085400388973994e-06,3,3,0,0
6035,2,2,2,1.4257812503970513e-06,2,2,0,0
6036,2,2,2,1.8824462877375936e-06,2,2,0,0
6037,4,4,4,9.573913573035497e-07,4,4,0,0
6038,6,6,6,2.381152343744475e-06,6,6,0,0
6039,9,9,9,3.794396972622849e-06,9,9,0,0
6040,0,0,0,2.8487670906685025e-06,0,0,0,0
6041,2,2,2,1.4267761230257747e-06,2,2,0,0
6042,5,3,3,3.336403808340549e-06,3,3,0,0
6043,5,5,5,2.8412475590045005e-06,5,5,0,0
6044,1,1,1,1.9062963865223992e-06,1,1,0,0
6045,3,3,3,2.8638867188846007e-06,3,3,0,0
6046,3,3,3,1.4326074220250007e-06,3,3,0,0
6047,9,9,9,1.936547850078796e-06,9,9,0,0
6048,7,7,7,1.908715820064799e-06,7,7,0,0
6049,8,8,8,2.9789108275668497e-06,8,8,0,0
6050,7,7,7,9.492364503316253e-07,7,7,0,0
6051,2,2,2,3.824084473080802e-06,2,2,0,0
6052,2,2,2,2.812182616551695e-06,2,2,0,0
6053,5,5,5,2.8901855468888016e-06,5,5,0,0
6054,7,7,7,1.8812133788514984e-06,7,7,0,0
6055,9,9,9,2.835571288883898e-06,9,9,0,0
6056,8,8,8,2.8756347649760983e-06,8,8,0,0
6057,2,2,2,2.893530274050704e-06,2,2,0,0
6058,1,1,1,3.814390868939199e-06,1,1,0,0
6059,3,3,3,1.9028454589786747e-06,3,3,0,0
6060,1,1,1,1.4289282228574507e-06,1,1,0,0
6061,3,3,3,2.5037961120522034e-06,3,3,0,0
6062,0,0,0,1.0730690307436674e-06,0,0,0,0
6063,1,1,1,1.9074157711074236e-06,1,1,0,0
6064,2,2,2,1.9266601576362063e-06,2,2,0,0
6065,3,3,3,2.3854846191717627e-06,3,3,0,0
6066,4,4,4,2.205468200733307e-06,4,4,0,0
6067,5,5,5,4.794494628868051e-06,5,5,0,0
6068,6,6,6,3.3331311035667e-06,6,6,0,0
6069,7,7,7,2.3804077144973235e-06,7,7,0,0
6070,8,8,8,1.6732684327003255e-06,8,8,0,0
6071,9,9,9,2.6220916748975753e-06,9,9,0,0
6072,0,0,0,2.882287597927302e-06,0,0,0,0
6073,1,1,1,2.8570288082008233e-06,1,1,0,0
6074,2,2,2,2.6268872068690996e-06,2,2,0,0
6075,3,3,3,3.8112377929166996e-06,3,3,0,0
6076,4,4,4,2.8650366203919475e-06,4,4,0,0
6077,5,5,5,1.9057373030761937e-06,5,5,0,0
6078,6,6,6,1.8742797855964e-06,6,6,0,0
6079,7,7,7,1.8583496093071972e-06,7,7,0,0
6080,8,8,8,1.893115236129006e-06,8,8,0,0
6081,9,9,9,5.733886718317649e-06,9,9,0,0
6082,0,0,0,1.6644989013769873e-06,0,0,0,0
6083,1,1,1,2.3850189210250505e-06,1,1,0,0
6084,2,2,2,3.769628907690503e-06,2,2,0,0
6085,3,3,3,2.563289733914509e-06,3,3,0,0
6086,4,4,4,1.9070099182005862e-06,4,4,0,0
6087,5,5,5,1.911010741650898e-06,5,5,0,0
6088,6,6,6,2.387047119079e-06,6,6,0,0
6089,7,7,7,1.4257641600678994e-06,7,7,0,0
6090,8,8,8,1.9561279280821964e-06,8,8,0,0
6091,9,9,9,1.907919921606549e-06,9,9,0,0
6092,1,1,1,2.3543440094142554e-06,1,1,0,0
6093,2,2,2,1.9351196289818517e-06,2,2,0,0
6094,6,6,6,2.826257324173298e-06,6,6,0,0
6095,5,5,5,2.1497100830547566e-06,5,5,0,0
6096,3,3,3,5.7001708988480004e-06,3,3,0,0
6097,0,0,0,1.4337158207311518e-06,0,0,0,0
6098,7,7,7,2.8566540528629503e-06,7,7,0,0
6099,0,0,0,1.9066638179410234e-06,0,0,0,0
6100,4,4,4,1.908955077567498e-06,4,4,0,0
6101,1,1,1,1.4307782593148133e-06,1,1,0,0
6102,4,4,4,2.8604003912136022e-06,4,4,0,0
6103,3,3,3,5.724462891265603e-06,3,3,0,0
6104,6,6,6,2.3808496090182985e-06,6,6,0,0
6105,7,7,7,1.9091143799165877e-06,7,7,0,0
6106,2,2,2,3.3373046877116508e-06,2,2,0,0
6107,3,3,3,3.838427733882099e-06,3,3,0,0
6108,1,1,1,1.2068156967082189e-06,1,1,0,0
6109,2,2,2,3.811010742538201e-06,2,2,0,0
6110,1,1,1,2.1474670410803753e-06,1,1,0,0
6111,2,2,2,1.938623046982002e-06,2,2,0,0
6112,9,9,9,3.833056641866506e-06,9,9,0,0
6113,6,6,6,2.8606005857412242e-06,6,6,0,0
6114,0,0,0,1.9044897463516008e-06,0,0,0,0
6115,1,1,1,1.4901094535779702e-06,1,1,0,0
6116,3,3,3,3.801953123883095e-06,3,3,0,0
6117,0,0,0,1.952465821020155e-06,0,0,0,0
6118,2,2,2,3.8373290998094944e-06,2,2,0,0
6119,7,7,7,3.7719970720218043e-06,7,7,0,0
6120,5,5,5,1.4320239261067513e-06,5,5,0,0
6121,7,7,7,1.4290161134411505e-06,7,7,0,0
6122,6,6,6,1.4262384033791875e-06,6,6,0,0
6123,2,2,2,2.8968749994362497e-06,2,2,0,0
6124,9,9,9,1.9097204591034256e-06,9,9,0,0
6125,1,1,1,1.4905333252102082e-06,1,1,0,0
6126,9,9,9,4.789538573746199e-06,9,9,0,0
6127,0,0,0,2.3866912841619126e-06,0,0,0,0
6128,6,6,6,1.931298829305206e-06,6,6,0,0
6129,0,0,0,1.4457229308983965e-06,0,0,0,0
6130,6,6,6,3.7965576176191007e-06,6,6,0,0
6131,0,0,0,3.3362048341700756e-06,0,0,0,0
6132,2,2,2,2.872229003969551e-06,2,2,0,0
6133,0,0,0,2.8910644527258e-06,0,0,0,0
6134,6,6,6,2.8267333984643983e-06,6,6,0,0
6135,1,1,1,1.6677630614303496e-06,1,1,0,0
6136,5,5,5,2.865559082465552e-06,5,5,0,0
6137,8,8,8,1.4263476559861488e-06,8,8,0,0
6138,4,4,4,2.3862170408506245e-06,4,4,0,0
6139,3,3,3,3.8605957044524075e-06,3,3,0,0
6140,0,0,0,1.9054882809399487e-06,0,0,0,0
6141,1,1,1,2.893090821132205e-06,1,1,0,0
6142,5,5,5,2.771956176761403e-06,5,5,0,0
6143,4,4,4,3.336862793190676e-06,4,4,0,0
6144,4,4,4,2.1484643553115745e-06,4,4,0,0
6145,8,8,8,1.9165771476536975e-06,8,8,0,0
6146,5,5,5,1.903588866980499e-06,5,5,0,0
6147,7,7,7,3.820922852781905e-06,7,7,0,0
6148,5,5,5,2.8209472660023494e-06,5,5,0,0
6149,7,7,7,1.9445556631580985e-06,7,7,0,0
6150,8,8,8,3.3415014648596753e-06,8,8,0,0
6151,3,3,3,3.835766602122703e-06,3,3,0,0
6152,4,4,4,1.9424316413108045e-06,4,4,0,0
6153,8,8,8,2.386719970548512e-06,8,8,0,0
6154,8,8,8,1.952587890485802e-06,8,8,0,0
6155,5,5,5,4.812255859576453e-06,5,5,0,0
6156,2,2,2,1.930908203107151e-06,2,2,0,0
6157,9,9,9,2.1468670654556377e-06,9,9,0,0
6158,7,7,7,1.8634155267704955e-06,7,7,0,0
6159,1,1,1,2.382680664325676e-06,1,1,0,0
6160,3,3,3,2.624581298960038e-06,3,3,0,0
6161,8,8,8,3.6354885863953967e-06,8,8,0,0
6162,1,1,1,2.1307351608379488e-06,1,1,0,0
6163,0,0,0,3.3401379395670006e-06,0,0,0,0
6164,7,7,7,1.433989258003976e-06,7,7,0,0
6165,5,5,5,9.753540037849007e-07,5,5,0,0
6166,9,9,9,3.8122961427689006e-06,9,9,0,0
6167,6,6,6,1.9156494133198976e-06,6,6,0,0
6168,9,9,9,1.943847657059905e-06,9,9,0,0
6169,4,4,4,2.3792272951794757e-06,4,4,0,0
6170,7,7,7,1.9476562513887075e-06,7,7,0,0
6171,7,7,7,1.9273681637343998e-06,7,7,0,0
6172,9,9,9,5.243065185567275e-06,9,9,0,0
6173,9,9,9,1.6683129882011372e-06,9,9,0,0
6174,3,3,3,2.14481933591415e-06,3,3,0,0
6175,4,4,4,2.382780762033576e-06,4,4,0,0
6176,4,4,4,1.4331945799028745e-06,4,4,0,0
6177,3,3,3,1.8789794928864012e-06,3,3,0,0
6178,8,8,8,2.9052856440614505e-06,8,8,0,0
6179,6,6,6,1.4290972898400867e-06,6,6,0,0
6180,2,2,2,1.952587890485802e-06,2,2,0,0
6181,0,0,0,2.8739501960473035e-06,0,0,0,0
6182,1,1,1,3.798059081461247e-06,1,1,0,0
6183,2,2,2,1.9210449213602487e-06,2,2,0,0
6184,3,3,3,1.9277832024044983e-06,3,3,0,0
6185,4,4,4,4.726940918686751e-06,4,4,0,0
6186,5,5,5,3.572306213284193e-06,5,5,0,0
6187,6,6,6,2.9045654290627e-06,6,6,0,0
6188,7,7,7,1.9080102537927246e-06,7,7,0,0
6189,8,8,8,2.1453399656756744e-06,8,8,0,0
6190,9,9,9,1.8650512689788457e-06,9,9,0,0
6191,0,0,0,1.8788452145201973e-06,0,0,0,0
6192,1,1,1,3.8123193366601527e-06,1,1,0,0
6193,2,2,2,2.8561767582147013e-06,2,2,0,0
6194,3,3,3,3.7656738278712965e-06,3,3,0,0
6195,4,4,4,2.7381979370577625e-06,4,4,0,0
6196,5,5,5,2.8936401363921505e-06,5,5,0,0
6197,6,6,6,3.841308593877102e-06,6,6,0,0
6198,7,7,7,1.9532836912361518e-06,7,7,0,0
6199,8,8,8,2.3834374998088492e-06,8,8,0,0
6200,9,9,9,1.2815432434143403e-06,9,9,0,0
6201,0,0,0,2.8653784180932007e-06,0,0,0,0
6202,1,1,1,2.3804870603605366e-06,1,1,0,0
6203,2,2,2,3.827294921876501e-06,2,2,0,0
6204,3,3,3,1.4280224611695758e-06,3,3,0,0
6205,4,4,4,1.4335437015233765e-06,4,4,0,0
6206,5,5,5,1.672225341753375e-06,5,5,0,0
6207,6,6,6,1.9522216803125048e-06,6,6,0,0
6208,7,7,7,2.384320678672225e-06,7,7,0,0
6209,8,8,8,3.342088622737549e-06,8,8,0,0
6210,9,9,9,1.6688742370263299e-06,9,9,0,0
6211,0,0,0,1.8704956055159982e-06,0,0,0,0
6212,8,8,8,4.7733325203580534e-06,8,8,0,0
6213,3,3,3,1.952270508809306e-06,3,3,0,0
6214,9,9,9,9.55388182788397e-07,9,9,0,0
6215,5,5,5,9.493859867149013e-07,5,5,0,0
6216,5,5,5,3.835229492210601e-06,5,5,0,0
6217,2,2,2,2.8401855463044967e-06,2,2,0,0
6218,6,6,6,1.9491210938582526e-06,6,6,0,0
6219,8,8,8,1.9423583985656023e-06,8,8,0,0
6220,4,4,4,1.8711914044899913e-06,4,4,0,0
6221,9,9,9,1.4267150882929514e-06,9,9,0,0
6222,1,1,1,1.433954467611187e-06,1,1,0,0
6223,7,7,7,1.190215759283575e-06,7,7,0,0
6224,1,1,1,2.8949096684272035e-06,1,1,0,0
6225,2,2,2,2.8593749998861995e-06,2,2,0,0
6226,3,3,3,3.333172607256074e-06,3,3,0,0
6227,5,5,5,2.8141357422128976e-06,5,5,0,0
6228,9,9,9,2.8691894531363005e-06,9,9,0,0
6229,6,6,6,2.896948242181452e-06,6,6,0,0
6230,9,9,9,4.727478026822496e-06,9,9,0,0
6231,1,1,1,9.506958011940014e-07,1,1,0,0
6232,1,1,1,1.904807128916275e-06,1,1,0,0
6233,1,1,1,9.559008784520984e-07,1,1,0,0
6234,2,2,2,3.8051025388341486e-06,2,2,0,0
6235,9,9,9,1.938696289727204e-06,9,9,0,0
6236,5,5,5,2.8630224608861e-06,5,5,0,0
6237,6,6,6,1.4260876461946737e-06,6,6,0,0
6238,8,8,8,1.7899246216313003e-06,8,8,0,0
6239,1,1,1,2.3241749572688875e-06,1,1,0,0
6240,2,2,2,1.9106024171655633e-06,2,2,0,0
6241,0,0,0,1.911896972295324e-06,0,0,0,0
6242,7,7,7,1.9531982413667492e-06,7,7,0,0
6243,7,7,7,1.4260607912319756e-06,7,7,0,0
6244,5,5,5,2.8579101556402975e-06,5,5,0,0
6245,8,8,8,3.7737548836958013e-06,8,8,0,0
6246,2,2,2,2.865854492384301e-06,2,2,0,0
6247,9,9,9,1.9070117183161983e-06,9,9,0,0
6248,8,8,8,2.3798437496225233e-06,8,8,0,0
6249,9,9,9,1.9060510254576002e-06,9,9,0,0
6250,0,0,0,2.8641601570456032e-06,0,0,0,0
6251,4,4,4,1.188630371018462e-06,4,4,0,0
6252,6,6,6,1.0025878900421503e-06,6,6,0,0
6253,7,7,7,3.8104614255018987e-06,7,7,0,0
6254,1,1,1,1.1914288329251121e-06,1,1,0,0
6255,3,3,3,2.388186645330137e-06,3,3,0,0
6256,4,4,4,1.9114721681035007e-06,4,4,0,0
6257,5,5,5,2.622774047722487e-06,5,5,0,0
6258,6,6,6,1.3114287720217277e-06,6,6,0,0
6259,0,0,0,2.380585937267199e-06,0,0,0,0
6260,3,3,3,2.8226806634279455e-06,3,3,0,0
6261,6,6,6,1.906379394789326e-06,6,6,0,0
6262,8,8,8,2.8628637691596737e-06,8,8,0,0
6263,7,7,7,1.9127441390764943e-06,7,7,0,0
6264,0,0,0,1.432766723485912e-06,0,0,0,0
6265,4,4,4,2.3547334289664157e-06,4,4,0,0
6266,2,2,2,1.909985352099852e-06,2,2,0,0
6267,7,7,7,1.926318359934953e-06,7,7,0,0
6268,4,4,4,1.9061450196034002e-06,4,4,0,0
6269,7,7,7,1.490195159936647e-06,7,7,0,0
6270,5,5,5,1.9520141609774555e-06,5,5,0,0
6271,4,4,4,2.8235351567929e-06,4,4,0,0
6272,3,3,3,5.697338867349799e-06,3,3,0,0
6273,4,4,4,2.3880517581176264e-06,4,4,0,0
6274,2,2,2,2.856799316219849e-06,2,2,0,0
6275,8,8,8,2.862407226800201e-06,8,8,0,0
6276,1,1,1,1.942944335198149e-06,1,1,0,0
6277,5,5,5,1.0735787963067622e-06,5,5,0,0
6278,1,1,1,1.4278027347103261e-06,1,1,0,0
6279,2,2,2,1.887585449722451e-06,2,2,0,0
6280,0,0,0,2.8620385741362497e-06,0,0,0,0
6281,2,2,2,3.858422850555598e-06,2,2,0,0
6282,5,5,5,1.9108178719307034e-06,5,5,0,0
6283,6,6,6,1.887487792728848e-06,6,6,0,0
6284,4,4,4,1.9120849614751023e-06,4,4,0,0
6285,3,3,3,1.909350586970504e-06,3,3,0,0
6286,0,0,0,1.912315673813225e-06,0,0,0,0
6287,0,0,0,2.388204345393774e-06,0,0,0,0
6288,0,0,0,1.1955841063837624e-06,0,0,0,0
6289,3,3,3,1.9366699213207994e-06,3,3,0,0
6290,3,3,3,2.2651314086907792e-06,3,3,0,0
6291,5,5,5,1.9080249025194007e-06,5,5,0,0
6292,7,7,7,9.964843741272489e-07,7,7,0,0
6293,0,0,0,1.9387695306960495e-06,0,0,0,0
6294,6,6,6,2.819006347465347e-06,6,6,0,0
6295,4,4,4,2.8596777337241974e-06,4,4,0,0
6296,8,8,8,9.57192382244898e-07,8,8,0,0
6297,8,8,8,1.9053955071512974e-06,8,8,0,0
6298,6,6,6,3.8332763665493985e-06,6,6,0,0
6299,3,3,3,3.816977539372601e-06,3,3,0,0
6300,4,4,4,2.3824926755899867e-06,4,4,0,0
6301,6,6,6,2.3815319822872993e-06,6,6,0,0
6302,9,9,9,1.9044189460970529e-06,9,9,0,0
6303,9,9,9,2.0299453735717066e-06,9,9,0,0
6304,8,8,8,1.9118872067735992e-06,8,8,0,0
6305,2,2,2,2.8572668453463734e-06,2,2,0,0
6306,7,7,7,1.8860351573835032e-06,7,7,0,0
6307,7,7,7,3.849121092969199e-06,7,7,0,0
6308,1,1,1,2.858344727130202e-06,1,1,0,0
6309,0,0,0,1.4278845217319258e-06,0,0,0,0
6310,1,1,1,3.81586914066645e-06,1,1,0,0
6311,2,2,2,2.8619531242668472e-06,2,2,0,0
6312,3,3,3,3.774072265372297e-06,3,3,0,0
6313,4,4,4,1.9072094730177014e-06,4,4,0,0
6314,5,5,5,2.085892791769961e-06,5,5,0,0
6315,6,6,6,2.3874047849758995e-06,6,6,0,0
6316,7,7,7,1.4298583987937263e-06,7,7,0,0
6317,8,8,8,1.9091198728560244e-06,8,8,0,0
6318,9,9,9,1.9149169929733034e-06,9,9,0,0
6319,0,0,0,1.8722045904695506e-06,0,0,0,0
6320,1,1,1,2.3807556148724984e-06,1,1,0,0
6321,2,2,2,2.847180175180597e-06,2,2,0,0
6322,3,3,3,1.918066406148e-06,3,3,0,0
6323,4,4,4,1.1929534911025996e-06,4,4,0,0
6324,5,5,5,1.4317187497780992e-06,5,5,0,0
6325,6,6,6,2.384852295200801e-06,6,6,0,0
6326,7,7,7,1.9090405274369004e-06,7,7,0,0
6327,8,8,8,2.382799682454362e-06,8,8,0,0
6328,0,0,0,2.865275879671003e-06,0,0,0,0
6329,1,1,1,1.9096789554140514e-06,1,1,0,0
6330,2,2,2,2.8617968741428967e-06,2,2,0,0
6331,3,3,3,3.8127038575197503e-06,3,3,0,0
6332,4,4,4,2.8582067868043737e-06,4,4,0,0
6333,5,5,5,1.9510864266436556e-06,5,5,0,0
6334,6,6,6,1.0714474487638626e-06,6,6,0,0
6335,7,7,7,1.8787597646507948e-06,7,7,0,0
6336,8,8,8,1.4295971677569241e-06,8,8,0,0
6337,2,2,2,2.8692504887573023e-06,2,2,0,0
6338,1,1,1,9.579931639080996e-07,1,1,0,0
6339,7,7,7,1.876708985548703e-06,7,7,0,0
6340,2,2,2,1.2513443298223237e-06,2,2,0,0
6341,5,5,5,3.7723876946671453e-06,5,5,0,0
6342,0,0,0,2.8587493896559124e-06,0,0,0,0
6343,8,8,8,1.907902831277397e-06,8,8,0,0
6344,0,0,0,2.175573171239731e-06,0,0,0,0
6345,2,2,2,1.9177124030989035e-06,2,2,0,0
6346,7,7,7,1.0730718383866744e-06,7,7,0,0
6347,8,8,8,2.8415039068363512e-06,8,8,0,0
6348,8,8,8,2.3869976808477134e-06,8,8,0,0
6349,3,3,3,2.619838867179425e-06,3,3,0,0
6350,6,6,6,3.780395507746448e-06,6,6,0,0
6351,0,0,0,1.908804931449737e-06,0,0,0,0
6352,2,2,2,2.8625390626757508e-06,2,2,0,0
6353,7,7,7,2.1409515382764255e-06,7,7,0,0
6354,6,6,6,3.5739541626167437e-06,6,6,0,0
6355,6,6,6,1.9067602536892991e-06,6,6,0,0
6356,1,1,1,9.55803222346674e-07,1,1,0,0
6357,2,2,2,1.9333251959352538e-06,2,2,0,0
6358,8,8,8,1.9090576159896955e-06,8,8,0,0
6359,8,8,8,2.3841259766399503e-06,8,8,0,0
6360,7,7,7,1.4325354005251256e-06,7,7,0,0
6361,7,7,7,2.905212403092605e-06,7,7,0,0
6362,4,4,4,2.8564721681334504e-06,4,4,0,0
6363,7,7,7,9.569543459875263e-07,7,7,0,0
6364,7,7,7,1.9505126935825956e-06,7,7,0,0
6365,3,3,3,1.948974610144205e-06,3,3,0,0
6366,7,7,7,9.570294190464068e-07,7,7,0,0
6367,4,4,4,1.9077917476906237e-06,4,4,0,0
6368,5,5,5,2.8660070796604487e-06,5,5,0,0
6369,4,4,4,1.4262951664179013e-06,4,4,0,0
6370,3,3,3,2.8137084964185988e-06,3,3,0,0
6371,3,3,3,1.9098510737336483e-06,3,3,0,0
6372,8,8,8,2.149043579091625e-06,8,8,0,0
6373,4,4,4,1.952355956902352e-06,4,4,0,0
6374,1,1,1,2.8611865232619493e-06,1,1,0,0
6375,1,1,1,2.3826330570742016e-06,1,1,0,0
6376,9,9,9,2.3882116702012013e-06,9,9,0,0
6377,7,7,7,1.6669116211787127e-06,7,7,0,0
6378,4,4,4,2.381094970971276e-06,4,4,0,0
6379,3,3,3,1.9510742195194553e-06,3,3,0,0
6380,7,7,7,1.4298583983496371e-06,7,7,0,0
6381,3,3,3,2.8232177733400476e-06,3,3,0,0
6382,3,3,3,2.3837414548921743e-06,3,3,0,0
6383,0,0,0,1.9105822754994506e-06,0,0,0,0
6384,2,2,2,1.669158325334763e-06,2,2,0,0
6385,5,5,5,1.9076416020169518e-06,5,5,0,0
6386,5,5,5,2.862666015346349e-06,5,5,0,0
6387,6,6,6,2.863728028046353e-06,6,6,0,0
6388,6,6,6,2.8645019529704996e-06,6,6,0,0
6389,3,3,3,2.8627294925698266e-06,3,3,0,0
6390,5,5,5,1.9110034177316493e-06,5,5,0,0
6391,2,2,2,2.8615686034072496e-06,2,2,0,0
6392,5,5,5,2.0259475708162e-06,5,5,0,0
6393,9,9,9,1.9034423832664515e-06,9,9,0,0
6394,9,9,9,1.1926074217072369e-06,9,9,0,0
6395,8,8,8,2.9045532219384995e-06,8,8,0,0
6396,4,4,4,1.9086059577233527e-06,4,4,0,0
6397,1,1,1,1.191353759644187e-06,1,1,0,0
6398,0,0,0,1.9070825194589247e-06,0,0,0,0
6399,6,6,6,2.5076602172546814e-06,6,6,0,0
6400,0,0,0,1.911411132482499e-06,0,0,0,0
6401,9,9,9,1.908842773623576e-06,9,9,0,0
6402,6,6,6,2.8945800778501507e-06,6,6,0,0
6403,8,8,8,1.9082434086215017e-06,8,8,0,0
6404,8,8,8,2.712280776973053e-06,8,8,0,0
6405,5,5,5,2.3875219730129515e-06,5,5,0,0
6406,6,6,6,1.4256555171954233e-06,6,6,0,0
6407,1,1,1,1.4256054683414732e-06,1,1,0,0
6408,1,1,1,9.569482415372477e-07,1,1,0,0
6409,9,9,9,2.910961914182053e-06,9,9,0,0
6410,8,8,8,2.8642700193870496e-06,8,8,0,0
6411,9,9,9,2.3824499510993746e-06,9,9,0,0
6412,2,2,2,2.8636328126552257e-06,2,2,0,0
6413,3,3,3,3.823828123472595e-06,3,3,0,0
6414,5,5,5,3.773974610155051e-06,5,5,0,0
6415,5,5,5,3.836083983799199e-06,5,5,0,0
6416,9,9,9,1.3106655882832996e-06,9,9,0,0
6417,4,4,4,1.910395507564999e-06,4,4,0,0
6418,2,2,2,1.8617431631895442e-06,2,2,0,0
6419,1,1,1,1.9068725585213997e-06,1,1,0,0
6420,9,9,9,2.3809277340802737e-06,9,9,0,0
6421,3,3,3,1.9032495117699e-06,3,3,0,0
6422,9,9,9,1.1908917234570993e-06,9,9,0,0
6423,2,2,2,2.3876428221214496e-06,2,2,0,0
6424,0,0,0,2.380526122891524e-06,0,0,0,0
6425,6,6,6,1.4299206538836984e-06,6,6,0,0
6426,0,0,0,1.9107983391108974e-06,0,0,0,0
6427,4,4,4,1.1960369872277e-06,4,4,0,0
6428,0,0,0,1.4290380860870755e-06,0,0,0,0
6429,0,0,0,9.816284176622503e-07,0,0,0,0
6430,1,1,1,2.3865148923718493e-06,1,1,0,0
6431,2,2,2,2.711762947082974e-06,2,2,0,0
6432,3,3,3,3.844580078293802e-06,3,3,0,0
6433,4,4,4,2.8919921870596e-06,4,4,0,0
6434,7,7,7,1.9100341797084752e-06,7,7,0,0
6435,8,8,8,1.9340698234060483e-06,8,8,0,0
6436,9,9,9,2.625137329292926e-06,9,9,0,0
6437,0,0,0,1.9029736328946e-06,0,0,0,0
6438,1,1,1,1.908774414083325e-06,1,1,0,0
6439,2,2,2,2.3888583373654626e-06,2,2,0,0
6440,3,3,3,4.768425293733003e-06,3,3,0,0
6441,7,7,7,9.543652339516484e-07,7,7,0,0
6442,8,8,8,2.389132079727574e-06,8,8,0,0
6443,9,9,9,2.826892089302646e-06,9,9,0,0
6444,0,0,0,9.847900397375042e-07,0,0,0,0
6445,1,1,1,1.9051428221672495e-06,1,1,0,0
6446,2,2,2,1.8719238283892992e-06,2,2,0,0
6447,3,3,3,1.1955422973830565e-06,3,3,0,0
6448,4,4,4,1.9301879881084005e-06,4,4,0,0
6449,7,7,7,1.8705078126401986e-06,7,7,0,0
6450,8,8,8,2.4731557464741094e-06,8,8,0,0
6451,9,9,9,1.9117919922706506e-06,9,9,0,0
6452,7,7,7,1.0134791259552856e-06,7,7,0,0
6453,3,3,3,1.9515380849099984e-06,3,3,0,0
6454,0,0,0,2.8603552246764252e-06,0,0,0,0
6455,3,3,3,2.3851098633898005e-06,3,3,0,0
6456,1,1,1,2.8624633792162513e-06,1,1,0,0
6457,8,8,8,2.8594116212588006e-06,8,8,0,0
6458,7,7,7,1.4346679688692632e-06,7,7,0,0
6459,6,6,6,1.4298309327642755e-06,6,6,0,0
6460,4,4,4,3.4551840208951745e-06,4,4,0,0
6461,0,0,0,1.54976831207021e-06,0,0,0,0
6462,2,2,2,2.823168944843246e-06,2,2,0,0
6463,6,6,6,2.885876464020498e-06,6,6,0,0
6464,8,8,8,1.6652288818974625e-06,8,8,0,0
6465,3,3,3,1.8702148452121037e-06,3,3,0,0
6466,2,2,2,1.9566406255222546e-06,2,2,0,0
6467,8,8,8,1.9063073732894509e-06,8,8,0,0
6468,1,1,1,2.8648217771376494e-06,1,1,0,0
6469,2,2,2,2.8627697750138736e-06,2,2,0,0
6470,0,0,0,1.4897087402543363e-06,0,0,0,0
6471,7,7,7,1.940783691978254e-06,7,7,0,0
6472,1,1,1,9.548596189290492e-07,1,1,0,0
6473,0,0,0,1.903635254763003e-06,0,0,0,0
6474,4,4,4,1.4336541749315757e-06,4,4,0,0
6475,4,4,4,1.4298144535018764e-06,4,4,0,0
6476,5,5,5,2.9075439460513053e-06,5,5,0,0
6477,8,8,8,3.8119177245832248e-06,8,8,0,0
6478,0,0,0,1.4306445308420734e-06,0,0,0,0
6479,6,6,6,2.740120849553662e-06,6,6,0,0
6480,2,2,2,1.8743530265652453e-06,2,2,0,0
6481,3,3,3,1.939453124322199e-06,3,3,0,0
6482,1,1,1,1.9118188472333486e-06,1,1,0,0
6483,5,5,5,3.7912597647959956e-06,5,5,0,0
6484,1,1,1,1.9249389655584537e-06,1,1,0,0
6485,8,8,8,3.818737793537252e-06,8,8,0,0
6486,5,5,5,1.919091797475403e-06,5,5,0,0
6487,9,9,9,1.9557617179088993e-06,9,9,0,0
6488,4,4,4,2.9108764643126506e-06,4,4,0,0
6489,0,0,0,2.8639514155770485e-06,0,0,0,0
6490,7,7,7,1.8480937195031188e-06,7,7,0,0
6491,5,5,5,1.0029296877434035e-06,5,5,0,0
6492,8,8,8,2.82330322320945e-06,8,8,0,0
6493,8,8,8,9.582470701374746e-07,8,8,0,0
6494,3,3,3,1.934863281150001e-06,3,3,0,0
6495,8,8,8,3.8132031257021026e-06,8,8,0,0
6496,9,9,9,1.9426025392732527e-06,9,9,0,0
6497,2,2,2,3.8105151372036516e-06,2,2,0,0
6498,6,6,6,2.026264404264566e-06,6,6,0,0
6499,2,2,2,2.8674560539343474e-06,2,2,0,0
6500,5,5,5,1.909375001218905e-06,5,5,0,0
6501,3,3,3,3.3357214359597265e-06,3,3,0,0
6502,1,1,1,1.5504986572434376e-06,1,1,0,0
6503,7,7,7,1.9395263670674012e-06,7,7,0,0
6504,3,3,3,3.822509764717097e-06,3,3,0,0
6505,9,0,0,1.784183044417631e-06,0,0,0,0
6506,1,1,1,1.4354846191722004e-06,1,1,0,0
6507,9,9,9,1.519927879334304e-06,9,9,0,0
6508,9,9,9,1.907482909402347e-06,9,9,0,0
6509,6,6,6,1.930004883021752e-06,6,6,0,0
6510,0,0,0,2.3867443843528235e-06,0,0,0,0
6511,3,3,3,2.38598144530755e-06,3,3,0,0
6512,9,9,9,3.8043945309595983e-06,9,9,0,0
6513,2,2,2,2.8596203609509985e-06,2,2,0,0
6514,8,8,8,2.3830358886200997e-06,8,8,0,0
6515,1,1,1,2.379697265908476e-06,1,1,0,0
6516,4,4,4,2.383829620367095e-06,4,4,0,0
6517,3,3,3,2.8815063473075497e-06,3,3,0,0
6518,5,5,5,4.782202148945203e-06,5,5,0,0
6519,2,2,2,2.742520446741281e-06,2,2,0,0
6520,9,9,9,1.945715332851705e-06,9,9,0,0
6521,2,2,2,3.8058349609570996e-06,2,2,0,0
6522,5,5,5,2.8641723623934467e-06,5,5,0,0
6523,8,8,8,2.8723144538389533e-06,8,8,0,0
6524,9,9,9,3.84566650346585e-06,9,9,0,0
6525,5,5,5,1.8625244138092967e-06,5,5,0,0
6526,0,0,0,2.817871093796498e-06,0,0,0,0
6527,1,1,1,1.9273681637343998e-06,1,1,0,0
6528,2,2,2,1.4322827146528994e-06,2,2,0,0
6529,4,4,4,2.8820922857164533e-06,4,4,0,0
6530,5,5,5,1.9116357421467e-06,5,5,0,0
6531,6,6,6,9.582214355319252e-07,6,6,0,0
6532,0,0,0,1.428519286861274e-06,0,0,0,0
6533,1,1,1,9.553662110306504e-07,1,1,0,0
6534,2,2,2,3.849218749962802e-06,2,2,0,0
6535,3,3,3,1.955346679238801e-06,3,3,0,0
6536,4,4,4,2.142607421928844e-06,4,4,0,0
6537,5,5,5,1.949633789521954e-06,5,5,0,0
6538,6,6,6,1.430314941153199e-06,6,6,0,0
6539,7,7,7,1.6644549560851374e-06,7,7,0,0
6540,1,1,1,1.4281176756725245e-06,1,1,0,0
6541,2,2,2,1.9494506844353054e-06,2,2,0,0
6542,3,3,3,2.8176513673372483e-06,3,3,0,0
6543,4,4,4,2.8596069334696494e-06,4,4,0,0
6544,5,5,5,1.916369628318648e-06,5,5,0,0
6545,1,1,1,2.8614916995906015e-06,1,1,0,0
6546,0,0,0,2.1461846921866368e-06,0,0,0,0
6547,4,4,4,1.869519042685397e-06,4,4,0,0
6548,5,5,5,1.9064285279313253e-06,5,5,0,0
6549,6,6,6,1.4347424315275248e-06,6,6,0,0
6550,6,6,6,1.913208008019751e-06,6,6,0,0
6551,3,3,3,1.901586912822495e-06,3,3,0,0
6552,4,4,4,1.4294287105087733e-06,4,4,0,0
6553,4,4,4,1.5532925414785126e-06,4,4,0,0
6554,2,2,2,1.4311291502977497e-06,2,2,0,0
6555,8,9,9,9.675903314132484e-07,8,8,0,0
6556,1,1,1,1.426136474691475e-06,1,1,0,0
6557,0,0,0,2.1452709959568494e-06,0,0,0,0
6558,6,6,6,1.4269250492304764e-06,6,6,0,0
6559,4,7,7,1.9114257820973535e-06,7,7,0,0
6560,9,9,9,1.9025585933363232e-06,9,9,0,0
6561,7,7,7,7.125158689724742e-07,7,7,0,0
6562,2,2,2,1.4329382320710238e-06,2,2,0,0
6563,3,3,3,2.910498047015153e-06,3,3,0,0
6564,3,3,3,2.8867553716338534e-06,3,3,0,0
6565,9,9,9,1.909494629082076e-06,9,9,0,0
6566,2,2,2,1.8625130081273422e-06,2,2,0,0
6567,0,0,0,9.124633795210002e-07,0,0,0,0
6568,9,9,9,1.4301208492994988e-06,9,9,0,0
6569,3,3,3,1.426282959293701e-06,3,3,0,0
6570,3,3,3,1.9144775382784474e-06,3,3,0,0
6571,9,9,9,1.06978027347715e-06,9,9,0,0
6572,1,8,8,6.555679931130598e-07,8,8,0,0
6573,5,5,5,1.924951172682654e-06,5,5,0,0
6574,2,2,2,2.386939697451851e-06,2,2,0,0
6575,3,3,3,1.1940063475712748e-06,3,3,0,0
6576,7,1,1,9.537109375568065e-07,1,1,0,0
6577,7,7,7,1.4326757815652513e-06,7,7,0,0
6578,8,8,8,2.857045898529975e-06,8,8,0,0
6579,4,4,4,1.908052978727426e-06,4,4,0,0
6580,0,0,0,9.533520506366244e-07,0,0,0,0
6581,2,2,2,2.9095703126813532e-06,2,2,0,0
6582,4,4,4,1.865527343269946e-06,4,4,0,0
6583,0,0,0,9.746582030345508e-07,0,0,0,0
6584,2,2,2,2.3834802247435505e-06,2,2,0,0
6585,4,4,4,1.8708740228134957e-06,4,4,0,0
6586,7,7,7,1.906491698733248e-06,7,7,0,0
6587,8,8,8,1.8890747064403968e-06,8,8,0,0
6588,0,0,0,2.3890283200600493e-06,0,0,0,0
6589,7,7,7,1.671077270337662e-06,7,7,0,0
6590,0,0,0,2.3881091308908253e-06,0,0,0,0
6591,6,6,6,1.9107617186264747e-06,6,6,0,0
6592,9,9,9,9.495910644474748e-07,9,9,0,0
6593,3,3,3,1.8611328123085968e-06,3,3,0,0
6594,2,2,2,2.8390869140082486e-06,2,2,0,0
6595,8,8,8,1.4298413084645745e-06,8,8,0,0
6596,6,6,6,9.580972291090006e-07,6,6,0,0
6597,0,7,7,1.9062597651497981e-06,7,7,0,0
6598,5,5,5,3.334912109131949e-06,5,5,0,0
6599,7,9,9,1.1884835815489936e-06,9,9,0,0
6600,5,5,5,1.9061010743115503e-06,5,5,0,0
6601,1,1,1,1.909255065823956e-06,1,1,0,0
6602,0,0,0,1.8688720704318484e-06,0,0,0,0
6603,8,8,8,1.9059448241875998e-06,8,8,0,0
6604,1,1,1,1.425814819544513e-06,1,1,0,0
6605,6,6,6,9.548474118048489e-07,6,6,0,0
6606,7,7,7,7.155718995122129e-07,7,7,0,0
6607,2,2,2,1.944543457810255e-06,2,2,0,0
6608,9,9,9,1.5502841186343375e-06,9,9,0,0
6609,7,7,7,9.624023444843033e-07,7,7,0,0
6610,9,9,9,1.6668206788139628e-06,9,9,0,0
6611,5,5,5,1.9055517581634263e-06,5,5,0,0
6612,8,8,8,9.447875974899489e-07,8,8,0,0
6613,6,6,6,1.8764526359404954e-06,6,6,0,0
6614,2,2,2,1.91140380856325e-06,2,2,0,0
6615,6,6,6,1.07446380614995e-06,6,6,0,0
6616,2,2,2,1.072632293652731e-06,2,2,0,0
6617,8,8,8,9.903198243677025e-07,8,8,0,0
6618,1,1,1,1.3152279663142252e-06,1,1,0,0
6619,7,7,7,1.4314294434214503e-06,7,7,0,0
6620,5,5,5,1.013322753928847e-06,5,5,0,0
6621,0,0,0,1.192141723671547e-06,0,0,0,0
6622,1,1,1,1.7902880860010129e-06,1,1,0,0
6623,1,1,1,1.3147045898609377e-06,1,1,0,0
6624,3,3,3,1.941784667280899e-06,3,3,0,0
6625,8,8,8,9.506933595915257e-07,8,8,0,0
6626,4,4,4,1.847894042950049e-06,4,4,0,0
6627,9,9,9,1.9033544926827517e-06,9,9,0,0
6628,1,1,1,1.4318164058835237e-06,1,1,0,0
6629,8,8,8,1.9094238279393494e-06,8,8,0,0
6630,6,6,6,1.9182006827378473e-06,6,6,0,0
6631,8,8,8,1.0133057861266836e-06,8,8,0,0
6632,9,9,9,1.43393676754755e-06,9,9,0,0
6633,0,0,0,1.7845883177880495e-06,0,0,0,0
6634,1,1,1,1.4328808592978248e-06,1,1,0,0
6635,2,2,2,2.863479004133751e-06,2,2,0,0
6636,3,3,3,3.817553711371602e-06,3,3,0,0
6637,4,4,4,1.67368896475395e-06,4,4,0,0
6638,5,5,5,1.4261254883685126e-06,5,5,0,0
6639,6,6,6,1.4297680666075507e-06,6,6,0,0
6640,7,7,7,1.9323486313282956e-06,7,7,0,0
6641,8,8,8,2.5037808227823533e-06,8,8,0,0
6642,9,9,9,2.219804435737993e-06,9,9,0,0
6643,0,0,0,1.4293200685244756e-06,0,0,0,0
6644,1,1,1,1.903928222191098e-06,1,1,0,0
6645,2,2,2,4.29277221680735e-06,2,2,0,0
6646,3,3,3,2.1460009764773247e-06,3,3,0,0
6647,4,4,4,2.3877954102857757e-06,4,4,0,0
6648,7,7,7,1.9152099604013983e-06,7,7,0,0
6649,8,8,8,1.9343139641136986e-06,8,8,0,0
6650,9,9,9,1.8812133788514984e-06,9,9,0,0
6651,0,8,8,1.4255319213951623e-06,8,8,0,0
6652,1,1,1,1.4281921387748753e-06,1,1,0,0
6653,7,7,7,1.9049719242048013e-06,7,7,0,0
6654,8,8,8,2.88942871051745e-06,8,8,0,0
6655,9,9,9,2.850646971808146e-06,9,9,0,0
6656,9,9,9,2.3858642581586764e-06,9,9,0,0
6657,8,8,8,1.9042358392340475e-06,8,8,0,0
6658,9,9,9,9.42297363693001e-07,9,9,0,0
6659,8,8,8,2.8657348636329516e-06,8,8,0,0
6660,4,4,4,1.9024365238706764e-06,4,4,0,0
6661,1,1,1,1.9107934576823027e-06,1,1,0,0
6662,7,7,7,3.818286131718196e-06,7,7,0,0
6663,7,7,7,2.86027099605235e-06,7,7,0,0
6664,3,3,3,3.823168945871203e-06,3,3,0,0
6665,3,3,3,1.9063964842302994e-06,3,3,0,0
6666,7,7,7,1.9058801266069736e-06,7,7,0,0
6667,6,6,6,2.8595190428859496e-06,6,6,0,0
6668,6,6,6,2.3812768557007757e-06,6,6,0,0
6669,6,6,6,1.6716656494608628e-06,6,6,0,0
6670,1,1,1,2.844384765054997e-06,1,1,0,0
6671,9,9,9,1.4294329835351505e-06,9,9,0,0
6672,0,0,0,1.9051977542261511e-06,0,0,0,0
6673,1,1,1,1.4280957030265995e-06,1,1,0,0
6674,7,7,7,1.951501465313754e-06,7,7,0,0
6675,6,6,6,2.8778320313449512e-06,6,6,0,0
6676,3,3,3,2.4289307250929815e-06,3,3,0,0
6677,2,2,2,2.3872973633487504e-06,2,2,0,0
6678,1,1,1,1.9099157713142745e-06,1,1,0,0
6679,7,7,7,1.4285449219109125e-06,7,7,0,0
6680,1,1,1,9.510009757462967e-07,1,1,0,0
6681,3,3,3,1.9078344735135033e-06,3,3,0,0
6682,9,9,9,2.8566674803442993e-06,9,9,0,0
6683,1,1,1,2.388744506642837e-06,1,1,0,0
6684,7,7,7,1.4309216309627004e-06,7,7,0,0
6685,6,6,6,1.953759765527252e-06,6,6,0,0
6686,8,8,8,1.6643377684921745e-06,8,8,0,0
6687,4,4,4,1.9085583495837e-06,4,4,0,0
6688,1,1,1,1.9037451171044495e-06,1,1,0,0
6689,4,4,4,2.1408624268914878e-06,4,4,0,0
6690,3,3,3,1.9572265621548013e-06,3,3,0,0
6691,6,6,6,1.8982665999089932e-06,6,6,0,0
6692,9,9,9,1.9036230467506243e-06,9,9,0,0
6693,6,6,6,1.5482171631386876e-06,6,6,0,0
6694,1,1,1,1.910385742931453e-06,1,1,0,0
6695,4,4,4,1.8999204177833073e-06,4,4,0,0
6696,4,4,4,1.9110070796912737e-06,4,4,0,0
6697,7,7,7,3.7833984372070972e-06,7,7,0,0
6698,2,2,2,2.1159253082159157e-06,2,2,0,0
6699,4,4,4,9.876342765835489e-07,4,4,0,0
6700,4,4,4,2.3860949704967993e-06,4,4,0,0
6701,0,0,0,3.815407714213848e-06,0,0,0,0
6702,1,1,1,1.903328857633113e-06,1,1,0,0
6703,2,2,2,3.8047607429092523e-06,2,2,0,0
6704,3,3,3,3.838232423447607e-06,3,3,0,0
6705,4,4,4,1.9111206057687014e-06,4,4,0,0
6706,5,5,5,2.8591210936568245e-06,5,5,0,0
6707,6,6,6,1.861804198810546e-06,6,6,0,0
6708,7,7,7,1.1323012237274277e-06,7,7,0,0
6709,8,8,8,1.8580078133823008e-06,8,8,0,0
6710,9,9,9,1.9033007809809988e-06,9,9,0,0
6711,0,0,0,1.9063940426278236e-06,0,0,0,0
6712,1,1,1,1.1884350588076131e-06,1,1,0,0
6713,2,2,2,3.8015380852129965e-06,2,2,0,0
6714,3,3,3,5.7591308610938086e-06,3,3,0,0
6715,4,4,4,1.9092065430825755e-06,4,4,0,0
6716,5,5,5,2.8567138663504466e-06,5,5,0,0
6717,6,6,6,3.811474609705101e-06,6,6,0,0
6718,9,9,9,2.3884997562007015e-06,9,9,0,0
6719,0,0,0,3.861572265506652e-06,0,0,0,0
6720,1,1,1,3.340706786758574e-06,1,1,0,0
6721,2,2,2,1.4351623534025748e-06,2,2,0,0
6722,3,3,3,1.5497864684910212e-06,3,3,0,0
6723,4,4,4,1.9059057621007014e-06,4,4,0,0
6724,7,7,7,3.339410400649001e-06,7,7,0,0
6725,8,8,8,1.9119628902330987e-06,8,8,0,0
6726,1,1,1,1.9078808595196506e-06,1,1,0,0
6727,3,3,3,2.8166259760098455e-06,3,3,0,0
6728,5,5,5,3.814863281270675e-06,5,5,0,0
6729,1,1,1,9.64587401952599e-07,1,1,0,0
6730,7,7,7,1.9112817390976033e-06,7,7,0,0
6731,7,7,7,1.9182128916384045e-06,7,7,0,0
6732,2,2,2,2.8650390628826017e-06,2,2,0,0
6733,1,1,1,2.865512694683048e-06,1,1,0,0
6734,4,4,4,3.3370251468767265e-06,4,4,0,0
6735,8,8,8,1.1902416994225007e-06,8,8,0,0
6736,3,3,3,1.9087646485616006e-06,3,3,0,0
6737,4,4,4,9.585815430313005e-07,4,4,0,0
6738,4,4,4,2.3810925293688e-06,4,4,0,0
6739,3,3,3,2.145283813259624e-06,3,3,0,0
6740,9,9,9,2.1410894777140754e-06,9,9,0,0
6741,7,7,7,9.570288082016987e-07,7,7,0,0
6742,4,4,4,2.865208740487901e-06,4,4,0,0
6743,1,1,1,1.5199639740171023e-06,1,1,0,0
6744,2,2,2,1.6641528319816246e-06,2,2,0,0
6745,3,3,3,3.7710937501600483e-06,3,3,0,0
6746,5,5,5,1.4896492309679488e-06,5,5,0,0
6747,9,9,9,1.9264526365248003e-06,9,9,0,0
6748,1,1,1,2.3886804196848743e-06,1,1,0,0
6749,6,6,6,1.9037670897503745e-06,6,6,0,0
6750,0,0,0,2.1475109863722253e-06,0,0,0,0
6751,1,1,1,2.8578076172181e-06,1,1,0,0
6752,0,0,0,1.9105151363163486e-06,0,0,0,0
6753,0,0,0,1.910115966730075e-06,0,0,0,0
6754,2,2,2,1.9503417973965043e-06,2,2,0,0
6755,8,8,8,1.4327905271116492e-06,8,8,0,0
6756,7,7,7,2.856254882388498e-06,7,7,0,0
6757,1,1,1,2.9075805656475495e-06,1,1,0,0
6758,1,1,1,1.9106201172292003e-06,1,1,0,0
6759,4,4,4,1.908074951373351e-06,4,4,0,0
6760,0,0,0,2.444093811060366e-06,0,0,0,0
6761,4,4,4,2.8641186524680506e-06,4,4,0,0
6762,7,7,7,1.8775015575428489e-06,7,7,0,0
6763,3,3,3,1.922155762557054e-06,3,3,0,0
6764,6,6,6,2.8550903312662967e-06,6,6,0,0
6765,8,8,8,1.3147589110751312e-06,8,8,0,0
6766,0,0,0,2.3852529906776e-06,0,0,0,0
6767,3,3,3,1.8720703138797035e-06,3,3,0,0
6768,7,7,7,1.4292755126099621e-06,7,7,0,0
6769,4,4,4,1.918090820396401e-06,4,4,0,0
6770,0,0,0,3.8340087886723495e-06,0,0,0,0
6771,6,6,6,2.1489251706974244e-06,6,6,0,0
6772,9,9,9,1.910694580331551e-06,9,9,0,0
6773,2,2,2,2.3873474122027005e-06,2,2,0,0
6774,6,6,6,1.9109082032287006e-06,6,6,0,0
6775,5,5,5,1.9065795902051264e-06,5,5,0,0
6776,8,8,8,1.9034375000615e-06,8,8,0,0
6777,6,6,6,2.3867700198465513e-06,6,6,0,0
6778,9,9,9,1.1959338377387496e-06,9,9,0,0
6779,0,0,0,3.816052245753099e-06,0,0,0,0
6780,4,4,4,1.9094073486769503e-06,4,4,0,0
6781,0,0,0,3.803918456668498e-06,0,0,0,0
6782,6,6,6,2.149440918142176e-06,6,6,0,0
6783,1,6,6,2.8570306396247247e-06,6,6,0,0
6784,9,9,9,2.383840332242926e-06,9,9,0,0
6785,2,2,2,1.668604247995198e-06,2,2,0,0
6786,0,0,0,2.3870874024112254e-06,0,0,0,0
6787,9,9,9,2.888232421227599e-06,9,9,0,0
6788,5,5,5,2.148345336960844e-06,5,5,0,0
6789,1,1,1,9.677978507482976e-07,1,1,0,0
6790,3,3,3,1.430576171745912e-06,3,3,0,0
6791,7,7,7,3.3398706058562766e-06,7,7,0,0
6792,6,6,6,5.74183349577595e-06,6,6,0,0
6793,9,9,9,1.0731525573737244e-06,9,9,0,0
6794,3,3,3,3.7727539066167992e-06,3,3,0,0
6795,0,0,0,1.9062231446653755e-06,0,0,0,0
6796,2,2,2,2.3811462401823746e-06,2,2,0,0
6797,2,2,2,3.850524901594099e-06,2,2,0,0
6798,0,0,0,1.9557006840642543e-06,0,0,0,0
6799,1,1,1,1.4292590329034738e-06,1,1,0,0
6800,2,2,2,1.6672332763256748e-06,2,2,0,0
6801,3,3,3,1.909589844473203e-06,3,3,0,0
6802,4,4,4,2.3891076663673516e-06,4,4,0,0
6803,5,5,5,1.9537475584030517e-06,5,5,0,0
6804,6,6,6,2.848522949960852e-06,6,6,0,0
6805,7,7,7,1.911904297102751e-06,7,7,0,0
6806,8,8,8,4.767216797318952e-06,8,8,0,0
6807,9,9,9,3.103105163493325e-06,9,9,0,0
6808,0,0,0,2.8579565434228016e-06,0,0,0,0
6809,1,1,1,1.190195312528175e-06,1,1,0,0
6810,2,2,2,1.0130894775306487e-06,2,2,0,0
6811,3,3,3,1.904561767851476e-06,3,3,0,0
6812,4,4,4,4.772741698744198e-06,4,4,0,0
6813,5,5,5,4.802880859244851e-06,5,5,0,0
6814,6,6,6,9.838012697827025e-07,6,6,0,0
6815,7,7,7,1.9420288079885495e-06,7,7,0,0
6816,8,8,8,1.948168945276052e-06,8,8,0,0
6817,9,9,9,2.8207275395430997e-06,9,9,0,0
6818,0,0,0,2.864675293423602e-06,0,0,0,0
6819,1,1,1,1.069361267092006e-06,1,1,0,0
6820,2,2,2,9.567016601153e-07,2,2,0,0
6821,3,3,3,2.848986817127752e-06,3,3,0,0
6822,4,4,4,9.572973631577497e-07,4,4,0,0
6823,5,5,5,2.383012695617026e-06,5,5,0,0
6824,6,6,6,1.8606567380174965e-06,6,6,0,0
6825,7,7,7,2.6223455811269503e-06,7,7,0,0
6826,8,8,8,2.8994018546057987e-06,8,8,0,0
6827,9,9,9,9.581054687402002e-07,9,9,0,0
6828,2,2,2,1.907507323650748e-06,2,2,0,0
6829,1,1,1,2.8562060538916967e-06,1,1,0,0
6830,7,7,7,2.0857277832075916e-06,7,7,0,0
6831,2,2,2,1.9510498034946977e-06,2,2,0,0
6832,5,5,5,2.8665893552215493e-06,5,5,0,0
6833,0,0,0,1.4324731445469752e-06,0,0,0,0
6834,8,8,8,1.938928223310654e-06,8,8,0,0
6835,0,0,0,1.907376709020525e-06,0,0,0,0
6836,2,2,2,1.9100390629134267e-06,2,2,0,0
6837,7,7,7,1.9023974608955996e-06,7,7,0,0
6838,8,8,8,2.85673583988455e-06,8,8,0,0
6839,8,8,8,1.911369629681303e-06,8,8,0,0
6840,3,3,3,3.810732421172247e-06,3,3,0,0
6841,0,0,0,2.379443359679101e-06,0,0,0,0
6842,6,6,6,1.4269152828205733e-06,6,6,0,0
6843,0,0,0,1.9346069333181504e-06,0,0,0,0
6844,2,2,2,2.387004394588388e-06,2,2,0,0
6845,7,7,7,1.9057470694860967e-06,7,7,0,0
6846,6,6,6,2.3767280288716774e-06,6,6,0,0
6847,6,6,6,2.3845300294311755e-06,6,6,0,0
6848,1,1,1,1.427450561308774e-06,1,1,0,0
6849,2,2,2,2.0261672363242056e-06,2,2,0,0
6850,8,8,8,2.87592773418055e-06,8,8,0,0
6851,8,8,8,2.8781372076736034e-06,8,8,0,0
6852,7,7,7,1.9080407716032255e-06,7,7,0,0
6853,7,7,7,2.862424317129353e-06,7,7,0,0
6854,4,4,4,2.2620367432502064e-06,4,4,0,0
6855,7,7,7,1.9566406255222546e-06,7,7,0,0
6856,7,7,7,2.8618750000930504e-06,7,7,0,0
6857,3,3,3,3.824536133123502e-06,3,3,0,0
6858,7,7,7,9.555242921344131e-07,7,7,0,0
6859,4,4,4,2.861782226304399e-06,4,4,0,0
6860,5,5,5,2.8632995601185485e-06,5,5,0,0
6861,4,4,4,1.909106444486497e-06,4,4,0,0
6862,3,3,3,1.944677734400102e-06,3,3,0,0
6863,3,3,3,2.83354492225385e-06,3,3,0,0
6864,8,8,8,1.912197266307203e-06,8,8,0,0
6865,4,4,4,3.580643920919613e-06,4,4,0,0
6866,5,5,5,3.817309568887595e-06,5,5,0,0
6867,4,4,4,3.341032714487824e-06,4,4,0,0
6868,1,1,1,1.939416504725955e-06,1,1,0,0
6869,1,1,1,2.3883557132009514e-06,1,1,0,0
6870,9,9,9,1.935900879601604e-06,9,9,0,0
6871,7,7,7,1.8978027327420932e-06,7,7,0,0
6872,4,4,4,1.9073547363746e-06,4,4,0,0
6873,3,3,3,1.9208007806525984e-06,3,3,0,0
6874,7,7,7,1.0721722412121437e-06,7,7,0,0
6875,3,3,3,3.7819335929611952e-06,3,3,0,0
6876,3,3,3,1.9198974605671992e-06,3,3,0,0
6877,0,0,0,3.8183947754788505e-06,0,0,0,0
6878,2,2,2,1.939147949769904e-06,2,2,0,0
6879,5,5,5,2.8563940421832967e-06,5,5,0,0
6880,5,5,5,3.8185375972332736e-06,5,5,0,0
6881,6,6,6,1.9301757809842e-06,6,6,0,0
6882,3,3,3,1.18793579106935e-06,3,3,0,0
6883,1,1,1,1.9019165033995478e-06,1,1,0,0
6884,5,5,5,3.81578125008275e-06,5,5,0,0
6885,2,2,2,2.3866174316822253e-06,2,2,0,0
6886,5,5,5,1.6724847413662758e-06,5,5,0,0
6887,9,9,9,2.859041137615037e-06,9,9,0,0
6888,9,9,9,1.909189453641602e-06,9,9,0,0
6889,8,8,8,1.433547363483001e-06,8,8,0,0
6890,4,4,4,2.865512694683048e-06,4,4,0,0
6891,1,1,1,1.9080590814013476e-06,1,1,0,0
6892,0,0,0,1.9035034171110965e-06,0,0,0,0
6893,6,6,6,9.814331054514014e-07,6,6,0,0
6894,0,0,0,1.3712675780985784e-06,0,0,0,0
6895,9,9,9,3.831567383372203e-06,9,9,0,0
6896,6,6,6,1.9263183581585963e-06,6,6,0,0
6897,8,8,8,2.859309082836603e-06,8,8,0,0
6898,8,8,8,2.380235595289548e-06,8,8,0,0
6899,5,5,5,2.895227050103699e-06,5,5,0,0
6900,6,6,6,9.93225096834749e-07,6,6,0,0
6901,1,1,1,9.522460935329491e-07,1,1,0,0
6902,1,1,1,1.9058325193554992e-06,1,1,0,0
6903,9,9,9,3.7672119148624006e-06,9,9,0,0
6904,8,8,8,2.860754394262699e-06,8,8,0,0
6905,9,9,9,9.543823242808003e-07,9,9,0,0
6906,2,2,2,1.9077807618117504e-06,2,2,0,0
6907,3,3,3,3.81074218758215e-06,3,3,0,0
6908,5,5,5,3.825634767196107e-06,5,5,0,0
6909,5,5,5,1.9070825194589247e-06,5,5,0,0
6910,9,9,9,2.8448974607186983e-06,9,9,0,0
6911,4,4,4,4.803271483666549e-06,4,4,0,0
6912,2,2,2,9.917480472410034e-07,2,2,0,0
6913,1,1,1,2.3837707523455265e-06,1,1,0,0
6914,9,9,9,1.9048437494006976e-06,9,9,0,0
6915,4,4,4,1.911010741650898e-06,4,4,0,0
6916,9,9,9,2.8254638664293452e-06,9,9,0,0
6917,1,1,1,1.4288659668793002e-06,1,1,0,0
6918,3,3,3,1.9215332027755494e-06,3,3,0,0
6919,9,9,9,1.9515747062825994e-06,9,9,0,0
6920,2,2,2,1.9105163575616757e-06,2,2,0,0
6921,0,0,0,1.9065771486026506e-06,0,0,0,0
6922,6,6,6,1.90850830072975e-06,6,6,0,0
6923,0,0,0,1.9104687503102014e-06,0,0,0,0
6924,4,4,4,1.1892803954971498e-06,4,4,0,0
6925,0,0,0,2.6968809509336777e-06,0,0,0,0
6926,6,6,6,1.9066577152671016e-06,6,6,0,0
6927,0,0,0,2.885302734512152e-06,0,0,0,0
6928,1,1,1,9.540185548218005e-07,1,1,0,0
6929,2,2,2,4.808935546662951e-06,2,2,0,0
6930,3,3,3,3.7995361310549924e-06,3,3,0,0
6931,4,4,4,1.5498430328275692e-06,4,4,0,0
6932,5,5,5,1.9064868155282966e-06,5,5,0,0
6933,6,6,6,2.8610278324237015e-06,6,6,0,0
6934,7,7,7,1.9048706061397525e-06,7,7,0,0
6935,8,8,8,2.8720825202555034e-06,8,8,0,0
6936,9,9,9,9.923217767493497e-07,9,9,0,0
6937,0,0,0,1.6671203613149999e-06,0,0,0,0
6938,1,1,1,9.553784181548508e-07,1,1,0,0
6939,2,2,2,1.6659844970234872e-06,2,2,0,0
6940,3,3,3,2.8421020505930983e-06,3,3,0,0
6941,4,4,4,2.388292235977474e-06,4,4,0,0
6942,5,5,5,1.874316406969001e-06,5,5,0,0
6943,6,6,6,2.813806151635845e-06,6,6,0,0
6944,7,7,7,1.911318359582026e-06,7,7,0,0
6945,8,8,8,2.8158325200422496e-06,8,8,0,0
6946,9,9,9,1.8652709954380953e-06,9,9,0,0
6947,0,0,0,2.8583618165711755e-06,0,0,0,0
6948,1,1,1,2.381469726309149e-06,1,1,0,0
6949,2,2,2,2.87126464826315e-06,2,2,0,0
6950,3,3,3,3.8143554697001036e-06,3,3,0,0
6951,4,4,4,1.42667236335825e-06,4,4,0,0
6952,5,5,5,3.8136474618255534e-06,5,5,0,0
6953,6,6,6,9.409545906891026e-07,6,6,0,0
6954,7,7,7,1.9096252437122985e-06,7,7,0,0
6955,8,8,8,2.8656420898443002e-06,8,8,0,0
6956,9,9,9,2.149642333915125e-06,9,9,0,0
6957,3,3,3,1.9112561036038755e-06,3,3,0,0
6958,8,8,8,1.194105224477937e-06,8,8,0,0
6959,0,0,0,1.910032348728663e-06,0,0,0,0
6960,7,7,7,2.8577148434294486e-06,7,7,0,0
6961,1,1,1,9.5237060548925e-07,1,1,0,0
6962,0,0,0,2.8597167975874527e-06,0,0,0,0
6963,7,7,7,2.859633789320526e-06,7,7,0,0
6964,5,5,5,9.577490232004493e-07,5,5,0,0
6965,5,5,5,2.8645092768897484e-06,5,5,0,0
6966,6,6,6,1.9086914058163984e-06,6,6,0,0
6967,9,9,9,1.911137695209675e-06,9,9,0,0
6968,0,0,0,2.3876989745375e-06,0,0,0,0
6969,1,1,1,4.801342774030104e-06,1,1,0,0
6970,0,0,0,2.8619042975464026e-06,0,0,0,0
6971,0,0,0,1.9053588875550531e-06,0,0,0,0
6972,8,8,8,1.9055474853590937e-06,8,8,0,0
6973,3,3,3,3.7830322270338e-06,3,3,0,0
6974,4,4,4,1.8843872062745959e-06,4,4,0,0
6975,3,3,3,1.9111572271413024e-06,3,3,0,0
6976,1,1,1,9.542663574890753e-07,1,1,0,0
6977,5,5,5,1.9276855454108954e-06,5,5,0,0
6978,0,0,0,2.8622131349465008e-06,0,0,0,0
6979,0,0,0,1.6088680114823006e-06,0,0,0,0
6980,9,9,9,2.2652371368392377e-06,9,9,0,0
6981,5,5,5,1.9073883361642174e-06,5,5,0,0
6982,3,3,3,1.8791259748240918e-06,3,3,0,0
6983,4,4,4,1.946765136651152e-06,4,4,0,0
6984,9,9,9,2.086518066435339e-06,9,9,0,0
6985,3,3,3,3.835961912557195e-06,3,3,0,0
6986,7,7,7,9.782958976245482e-07,7,7,0,0
6987,6,6,6,3.159360748239415e-06,6,6,0,0
6988,9,9,9,2.01178552244885e-06,9,9,0,0
6989,2,2,2,1.9048339847671514e-06,2,2,0,0
6990,4,4,4,2.820166015382597e-06,4,4,0,0
6991,5,5,5,2.8615197757986266e-06,5,5,0,0
6992,7,7,7,2.841296387501302e-06,7,7,0,0
6993,2,2,2,2.143223877038025e-06,2,2,0,0
6994,6,6,6,1.8715576164396452e-06,6,6,0,0
6995,4,4,4,1.907714842985797e-06,4,4,0,0
6996,9,9,9,2.8882446283517993e-06,9,9,0,0
6997,4,4,4,1.430699462900975e-06,4,4,0,0
6998,9,9,9,2.147406921393369e-06,9,9,0,0
6999,4,4,4,1.9121636962715627e-06,4,4,0,0
7000,1,1,1,1.4281335447563492e-06,1,1,0,0
7001,2,2,2,1.427664794828587e-06,2,2,0,0
7002,2,2,2,1.9108105462350977e-06,2,2,0,0
7003,5,5,5,1.9138793945217003e-06,5,5,0,0
7004,8,8,8,1.9306274410268998e-06,8,8,0,0
7005,1,1,1,1.9167114260199014e-06,1,1,0,0
7006,3,3,3,3.8096679695343028e-06,3,3,0,0
7007,2,2,2,2.3819665528890255e-06,2,2,0,0
7008,9,9,9,3.8046020502946476e-06,9,9,0,0
7009,4,4,4,3.3379138182354495e-06,4,4,0,0
7010,3,3,3,3.768884276666995e-06,3,3,0,0
7011,8,8,8,2.8658837898376532e-06,8,8,0,0
7012,2,2,2,2.615108374029451e-06,2,2,0,0
7013,2,2,2,3.824975586042001e-06,2,2,0,0
7014,1,1,1,2.6254418945548252e-06,1,1,0,0
7015,2,2,2,2.8648583985102505e-06,2,2,0,0
7016,8,8,8,3.815644531002249e-06,8,8,0,0
7017,6,6,6,1.9383422849017506e-06,6,6,0,0
7018,5,5,5,3.102735595561512e-06,5,5,0,0
7019,1,1,1,1.1900903320594125e-06,1,1,0,0
7020,6,6,6,1.9041308600975526e-06,6,6,0,0
7021,7,7,7,3.7851318346326934e-06,7,7,0,0
7022,2,2,2,1.9353759768137024e-06,2,2,0,0
7023,1,1,1,1.6719219968486243e-06,1,1,0,0
7024,3,3,3,2.384546295197687e-06,3,3,0,0
7025,9,9,9,2.8632830808561494e-06,9,9,0,0
7026,3,3,3,5.7646484385998065e-06,3,3,0,0
7027,8,8,8,1.4351257320299737e-06,8,8,0,0
7028,7,7,7,1.4345263670278996e-06,7,7,0,0
7029,5,5,5,2.825915526472045e-06,5,5,0,0
7030,7,7,7,1.3111325684045383e-06,7,7,0,0
7031,0,0,0,1.9069494632262263e-06,0,0,0,0
7032,7,7,7,2.872595214142848e-06,7,7,0,0
7033,4,4,4,2.8566162111332005e-06,4,4,0,0
7034,8,8,8,2.0261260681442295e-06,8,8,0,0
7035,8,8,8,3.829028321078454e-06,8,8,0,0
7036,5,5,5,1.8819702152228501e-06,5,5,0,0
7037,0,0,0,1.911206053861747e-06,0,0,0,0
7038,6,6,6,3.7662841805286007e-06,6,6,0,0
7039,6,6,6,1.8908203109901933e-06,6,6,0,0
7040,3,3,3,2.8374877931724996e-06,3,3,0,0
7041,7,7,7,1.5521643066396251e-06,7,7,0,0
7042,6,6,6,1.8988769525662974e-06,6,6,0,0
7043,9,9,9,8.7542979316374e-07,9,9,0,0
7044,9,9,9,1.9026232909169494e-06,9,9,0,0
7045,4,4,4,3.334007568689401e-06,4,4,0,0
7046,8,8,8,2.861015625299501e-06,8,8,0,0
7047,4,4,4,2.9071533198532507e-06,4,4,0,0
7048,1,1,1,2.383426513929976e-06,1,1,0,0
7049,0,0,0,1.9361450203092545e-06,0,0,0,0
7050,6,6,6,1.9029663089753512e-06,6,6,0,0
7051,6,6,6,1.9067825316465559e-06,6,6,0,0
7052,0,0,0,2.1502374267790003e-06,0,0,0,0
7053,1,1,1,1.910893555390203e-06,1,1,0,0
7054,2,2,2,1.9096057126688493e-06,2,2,0,0
7055,3,3,3,3.848168944386998e-06,3,3,0,0
7056,4,4,4,2.1439306641113376e-06,4,4,0,0
7057,5,5,5,1.9165161138090525e-06,5,5,0,0
7058,6,6,6,1.939453124322199e-06,6,6,0,0
7059,7,7,7,1.9082812503512514e-06,7,7,0,0
7060,8,8,8,1.6721282958265249e-06,8,8,0,0
7061,9,9,9,1.9031896973942253e-06,9,9,0,0
7062,0,0,0,1.4319787595695743e-06,0,0,0,0
7063,1,1,1,1.1970556639262497e-06,1,1,0,0
7064,2,2,2,4.806469727114404e-06,2,2,0,0
7065,3,3,3,3.853564454203706e-06,3,3,0,0
7066,4,4,4,1.8633789053978944e-06,4,4,0,0
7067,5,5,5,2.8602050790027533e-06,5,5,0,0
7068,6,6,6,3.453455810653594e-06,6,6,0,0
7069,7,7,7,1.9457519542243062e-06,7,7,0,0
7070,8,8,8,1.9309936529765537e-06,8,8,0,0
7071,9,9,9,1.1921480407295348e-06,9,9,0,0
7072,0,0,0,2.3872375489730757e-06,0,0,0,0
7073,1,1,1,9.493811035099498e-07,1,1,0,0
7074,2,2,2,2.864069823971249e-06,2,2,0,0
7075,3,3,3,2.857270507750087e-06,3,3,0,0
7076,4,4,4,1.9108203126450007e-06,4,4,0,0
7077,5,5,5,1.4329528807976999e-06,5,5,0,0
7078,6,6,6,1.4258227540864254e-06,6,6,0,0
7079,7,7,7,1.4348229981919758e-06,7,7,0,0
7080,8,8,8,1.4332360835922486e-06,8,8,0,0
7081,9,9,9,3.7908203118774964e-06,9,9,0,0
7082,7,7,7,1.9114379883333754e-06,7,7,0,0
7083,4,4,4,1.9084497075994022e-06,4,4,0,0
7084,0,0,0,1.9671383667541065e-06,0,0,0,0
7085,4,4,4,1.4301829833751611e-06,4,4,0,0
7086,0,0,0,1.9069543455429994e-06,0,0,0,0
7087,1,1,1,9.54335938274653e-07,1,1,0,0
7088,7,7,7,3.8195068370328045e-06,7,7,0,0
7089,9,9,9,1.8620849608907974e-06,9,9,0,0
7090,5,5,5,2.895715331519e-06,5,5,0,0
7091,1,1,1,1.4268731689526248e-06,1,1,0,0
7092,4,4,4,1.6717840574109744e-06,4,4,0,0
7093,2,2,2,2.89409179643485e-06,2,2,0,0
7094,8,8,8,9.967285148348992e-07,8,8,0,0
7095,9,9,9,2.8471313484601524e-06,9,9,0,0
7096,4,4,4,1.9111572271413024e-06,4,4,0,0
7097,3,3,3,2.8569091803376523e-06,3,3,0,0
7098,7,7,7,3.7697265611313924e-06,7,7,0,0
7099,8,8,8,1.6836465301650616e-06,8,8,0,0
7100,2,2,2,1.936364746768504e-06,2,2,0,0
7101,4,4,4,1.9212036139748534e-06,4,4,0,0
7102,4,4,4,2.8598388670530994e-06,4,4,0,0
7103,3,3,3,1.934594727970307e-06,3,3,0,0
7104,3,3,3,1.8990966808019039e-06,3,3,0,0
7105,6,6,6,1.869018554145896e-06,6,6,0,0
7106,9,9,9,2.8993408207611537e-06,9,9,0,0
7107,9,9,9,2.8650024415100006e-06,9,9,0,0
7108,5,5,5,2.147034912081125e-06,5,5,0,0
7109,8,8,8,1.9111047366848766e-06,8,8,0,0
7110,6,6,6,2.3797705077654996e-06,6,6,0,0
7111,7,7,7,1.9105053716828024e-06,7,7,0,0
7112,0,0,0,2.861601561932048e-06,0,0,0,0
7113,6,6,6,1.9106396482726495e-06,6,6,0,0
7114,8,8,8,2.8592041019237513e-06,8,8,0,0
7115,2,2,2,2.892529296971702e-06,2,2,0,0
7116,6,6,6,1.076931762655775e-06,6,6,0,0
7117,3,3,3,3.818994141369103e-06,3,3,0,0
7118,9,9,9,2.1453619383215994e-06,9,9,0,0
7119,3,3,3,1.911401366072596e-06,3,3,0,0
7120,2,2,2,2.8393432618400993e-06,2,2,0,0
7121,8,8,8,2.147729492030237e-06,8,8,0,0
7122,6,6,6,2.8189941403411467e-06,6,6,0,0
7123,1,1,1,1.4320153809421754e-06,1,1,0,0
7124,7,7,7,1.1951831053735873e-06,7,7,0,0
7125,4,4,4,3.769921875118598e-06,4,4,0,0
7126,8,8,8,2.862384032908949e-06,8,8,0,0
7127,8,8,8,1.4338662719382e-06,8,8,0,0
7128,9,9,9,9.526879880539241e-07,9,9,0,0
7129,0,0,0,1.9084558107174132e-06,0,0,0,0
7130,3,3,3,1.950439454390107e-06,3,3,0,0
7131,3,3,3,3.846533203955005e-06,3,3,0,0
7132,9,9,9,2.6221343993881874e-06,9,9,0,0
7133,0,0,0,1.911160889100927e-06,0,0,0,0
7134,5,5,5,1.90674072264585e-06,5,5,0,0
7135,2,2,2,1.9403930657801993e-06,2,2,0,0
7136,9,9,9,1.9111425784146263e-06,9,9,0,0
7137,4,4,4,1.4262890628558011e-06,4,4,0,0
7138,1,1,1,1.9049853516861504e-06,1,1,0,0
7139,0,0,0,1.4317864991397755e-06,0,0,0,0
7140,3,3,3,3.825488281705702e-06,3,3,0,0
7141,7,7,7,3.8106005852966973e-06,7,7,0,0
7142,5,5,5,1.9138183589006985e-06,5,5,0,0
7143,8,8,8,1.9050390633879033e-06,8,8,0,0
7144,7,7,7,1.666376342690512e-06,7,7,0,0
7145,7,7,7,4.763513183903001e-06,7,7,0,0
7146,8,8,8,1.9426269535216534e-06,8,8,0,0
7147,2,2,2,1.9149780268179484e-06,2,2,0,0
7148,9,9,9,1.938122558442501e-06,9,9,0,0
7149,7,7,7,1.917993163402798e-06,7,7,0,0
7150,1,1,1,2.380338134599924e-06,1,1,0,0
7151,2,2,2,1.919860839194598e-06,2,2,0,0
7152,6,6,6,1.92341308569155e-06,6,6,0,0
7153,4,4,4,1.9041857912682758e-06,4,4,0,0
7154,2,2,2,9.827636713310994e-07,2,2,0,0
7155,5,5,5,2.839294433343298e-06,5,5,0,0
7156,2,2,2,1.9035400384836976e-06,2,2,0,0
7157,3,3,3,1.9096289065601013e-06,3,3,0,0
7158,6,6,6,1.9523071284055504e-06,6,6,0,0
7159,6,6,6,1.6689813233661255e-06,6,6,0,0
7160,5,5,5,1.425681152689151e-06,5,5,0,0
7161,0,0,0,1.2214910430907722e-06,0,0,0,0
7162,0,0,0,1.4300708004455487e-06,0,0,0,0
7163,2,2,2,1.870849608565095e-06,2,2,0,0
7164,8,8,8,1.4311779787945511e-06,8,8,0,0
7165,1,1,1,1.911645508556603e-06,1,1,0,0
7166,6,6,6,2.8758789056837486e-06,6,6,0,0
7167,1,1,1,1.9178710939371513e-06,1,1,0,0
7168,0,0,0,1.9051171875617001e-06,0,0,0,0
7169,4,4,4,2.504178771900456e-06,4,4,0,0
7170,3,3,3,2.8604260258191516e-06,3,3,0,0
7171,1,1,1,1.6737796020294127e-06,1,1,0,0
7172,6,6,6,9.573608394930488e-07,6,6,0,0
7173,1,1,1,2.8248779297967985e-06,1,1,0,0
7174,9,9,9,1.930236816605202e-06,9,9,0,0
7175,0,0,0,1.4316015626292256e-06,0,0,0,0
7176,1,1,1,1.3114019774551622e-06,1,1,0,0
7177,4,4,4,1.1321610717818231e-06,4,4,0,0
7178,5,5,5,2.38756103509985e-06,5,5,0,0
7179,6,6,6,2.1480725098665943e-06,6,6,0,0
7180,7,7,7,2.8282714836791456e-06,7,7,0,0
7181,8,8,8,1.192879028444338e-06,8,8,0,0
7182,9,9,9,2.8575927735197126e-06,9,9,0,0
7183,1,1,1,9.578875732607628e-07,1,1,0,0
7184,2,2,2,1.9036718743592473e-06,2,2,0,0
7185,3,3,3,2.3870797729586e-06,3,3,0,0
7186,4,4,4,2.854870604807047e-06,4,4,0,0
7187,5,5,5,2.3865295410985254e-06,5,5,0,0
7188,6,6,6,9.884277343275016e-07,6,6,0,0
7189,7,7,7,1.4305568847294836e-06,7,7,0,0
7190,0,0,0,9.503198246108013e-07,0,0,0,0
7191,1,1,1,2.8619018550557485e-06,1,1,0,0
7192,2,2,2,3.844995116963901e-06,2,2,0,0
7193,3,3,3,4.772656250651153e-06,3,3,0,0
7194,4,4,4,2.816638183134046e-06,4,4,0,0
7195,5,5,5,1.4329064939033742e-06,5,5,0,0
7196,6,6,6,9.521704100734496e-07,6,6,0,0
7197,7,7,7,2.1415740967256625e-06,7,7,0,0
7198,8,8,8,1.9040380863089013e-06,8,8,0,0
7199,9,9,9,1.909505614960949e-06,9,9,0,0
7200,8,8,8,2.8560888676310014e-06,8,8,0,0
7201,4,4,4,3.818969727120702e-06,4,4,0,0
7202,0,0,0,2.3844087524427238e-06,0,0,0,0
7203,0,0,0,3.817408447126525e-06,0,0,0,0
7204,7,7,7,1.4294580079621255e-06,7,7,0,0
7205,2,2,2,1.9029565425654482e-06,2,2,0,0
7206,4,4,4,1.8763549807232494e-06,4,4,0,0
7207,3,3,3,1.9129638673121008e-06,3,3,0,0
7208,8,8,8,9.567602532456476e-07,8,8,0,0
7209,6,6,6,1.8780273443042006e-06,6,6,0,0
7210,6,6,6,1.865759276853396e-06,6,6,0,0
7211,3,3,3,1.8644287109736979e-06,3,3,0,0
7212,2,2,2,1.4282421876288254e-06,2,2,0,0
7213,6,6,6,1.6720941160563996e-06,6,6,0,0
7214,3,3,3,3.7707275382103944e-06,3,3,0,0
7215,3,3,3,1.9260986334757035e-06,3,3,0,0
7216,0,0,0,1.917797851191949e-06,0,0,0,0
7217,1,1,1,1.905053711226401e-06,1,1,0,0
7218,4,4,4,1.9122012329120253e-06,4,4,0,0
7219,7,7,7,1.5471865844052246e-06,7,7,0,0
7220,8,8,8,1.9066186531802032e-06,8,8,0,0
7221,0,0,0,1.912214354859998e-06,0,0,0,0
7222,3,3,3,1.9241943363113023e-06,3,3,0,0
7223,1,1,1,1.9026562494417476e-06,1,1,0,0
7224,9,9,9,1.9092285157285005e-06,9,9,0,0
7225,0,0,0,1.758505538962396e-06,0,0,0,0
7226,1,1,1,9.581994628860002e-07,1,1,0,0
7227,9,9,9,2.8349243166303495e-06,9,9,0,0
7228,1,1,1,9.56442871569152e-07,1,1,0,0
7229,2,2,2,9.581860354046512e-07,2,2,0,0
7230,7,7,7,1.4350756831760236e-06,7,7,0,0
7231,0,0,0,1.9072540893283474e-06,0,0,0,0
7232,1,1,1,1.9098974615161524e-06,1,1,0,0
7233,3,3,3,1.0680917359451314e-06,3,3,0,0
7234,8,8,8,2.8639550784248513e-06,8,8,0,0
7235,2,2,2,1.9035925289401234e-06,2,2,0,0
7236,9,9,9,1.8761718756366008e-06,9,9,0,0
7237,2,2,2,2.8598095704879256e-06,2,2,0,0
7238,7,7,7,1.911018065570147e-06,7,7,0,0
7239,6,6,6,2.864550781467301e-06,6,6,0,0
7240,5,5,5,1.9284179693102033e-06,5,5,0,0
7241,5,5,5,2.8616198726183484e-06,5,5,0,0
7242,9,9,9,2.883508301465554e-06,9,9,0,0
7243,9,9,9,1.9147583003586988e-06,9,9,0,0
7244,8,8,8,1.9325927738123028e-06,8,8,0,0
7245,2,2,2,1.90487915041615e-06,2,2,0,0
7246,9,9,9,1.951576072689587e-06,9,9,0,0
7247,1,1,1,1.9042785641687487e-06,1,1,0,0
7248,3,3,3,1.908730467903297e-06,3,3,0,0
7249,2,2,2,1.9112841798119007e-06,2,2,0,0
7250,3,3,3,3.853564454203706e-06,3,3,0,0
7251,4,4,4,1.921386719061502e-06,4,4,0,0
7252,3,3,3,3.783593751194303e-06,3,3,0,0
7253,1,1,1,1.908659667648749e-06,1,1,0,0
7254,9,9,9,1.9347045903117532e-06,9,9,0,0
7255,0,0,0,2.500851745690369e-06,0,0,0,0
7256,9,9,9,1.4301440431907508e-06,9,9,0,0
7257,3,3,3,1.9030834952360465e-06,3,3,0,0
7258,6,6,6,2.8625610344334973e-06,6,6,0,0
7259,8,8,8,1.8998779296452994e-06,8,8,0,0
7260,7,7,7,2.8585546871795486e-06,7,7,0,0
7261,0,0,0,2.864648436684547e-06,0,0,0,0
7262,1,1,1,2.8255737305471484e-06,1,1,0,0
7263,0,0,0,2.857966308944526e-06,0,0,0,0
7264,5,5,5,2.3867028806634494e-06,5,5,0,0
7265,8,8,8,1.9251953116139475e-06,8,8,0,0
7266,2,2,2,3.8463867184646006e-06,2,2,0,0
7267,7,7,7,3.3354077144664984e-06,7,7,0,0
7268,7,7,7,2.379694824306e-06,7,7,0,0
7269,0,0,0,2.8199829102959484e-06,0,0,0,0
7270,1,1,1,1.911582030444947e-06,1,1,0,0
7271,2,2,2,2.3864447022958757e-06,2,2,0,0
7272,3,3,3,2.8583593749686997e-06,3,3,0,0
7273,4,4,4,2.618817138699825e-06,4,4,0,0
7274,5,5,5,1.9048706061397525e-06,5,5,0,0
7275,6,6,6,1.9068554690804262e-06,6,6,0,0
7276,7,7,7,2.384075927786e-06,7,7,0,0
7277,8,8,8,3.853393554464901e-06,8,8,0,0
7278,9,9,9,2.8815063473075497e-06,9,9,0,0
7279,0,0,0,1.4273406980791492e-06,0,0,0,0
7280,1,1,1,1.6676574707830127e-06,1,1,0,0
7281,2,2,2,1.907993164351751e-06,2,2,0,0
7282,3,3,3,4.808593750738055e-06,3,3,0,0
7283,4,4,4,1.9114672848985492e-06,4,4,0,0
7284,5,5,5,3.836621093711301e-06,5,5,0,0
7285,6,6,6,2.8801635743036513e-06,6,6,0,0
7286,7,7,7,1.9230102541456517e-06,7,7,0,0
7287,8,8,8,1.9479492188168024e-06,8,8,0,0
7288,9,9,9,2.3856677247025004e-06,9,9,0,0
7289,0,0,0,2.9006958008892525e-06,0,0,0,0
7290,1,1,1,1.9090332035176516e-06,1,1,0,0
7291,2,2,2,2.3843444827420512e-06,2,2,0,0
7292,3,3,3,3.831884765048699e-06,3,3,0,0
7293,4,4,4,9.583581546124265e-07,4,4,0,0
7294,5,5,5,4.802050781904654e-06,5,5,0,0
7295,6,6,6,1.915698241816699e-06,6,6,0,0
7296,7,7,7,1.784340820210062e-06,7,7,0,0
7297,8,8,8,1.910078125000325e-06,8,8,0,0
7298,9,9,9,1.4319726560074741e-06,9,9,0,0
7299,1,1,1,1.9048034669566505e-06,1,1,0,0
7300,7,7,7,1.432574462612024e-06,7,7,0,0
7301,4,4,4,2.8655273442979023e-06,4,4,0,0
7302,8,8,8,2.3843145751101247e-06,8,8,0,0
7303,1,1,1,1.003479004779706e-06,1,1,0,0
7304,5,5,5,4.764118651578997e-06,5,5,0,0
7305,6,6,6,2.3803942870159744e-06,6,6,0,0
7306,5,5,5,2.863549804388299e-06,5,5,0,0
7307,7,7,7,2.140969848518637e-06,7,7,0,0
7308,2,2,2,2.866943360047003e-06,2,2,0,0
7309,8,8,8,2.82608642621085e-06,8,8,0,0
7310,6,6,6,1.4326513673168506e-06,6,6,0,0
7311,3,3,3,2.382839355608013e-06,3,3,0,0
7312,3,3,3,1.967279357861784e-06,3,3,0,0
7313,8,8,8,1.907390136501874e-06,8,8,0,0
7314,6,6,6,1.9372070312329015e-06,6,6,0,0
7315,5,5,5,2.8609790039269e-06,5,5,0,0
7316,4,4,4,1.907739257234198e-06,4,4,0,0
7317,0,0,0,2.0862590331960362e-06,0,0,0,0
7318,9,9,9,2.5070785523162442e-06,9,9,0,0
7319,1,1,1,2.8604565436296525e-06,1,1,0,0
7320,7,7,7,2.0862463989690383e-06,7,7,0,0
7321,2,2,2,2.8845458981408e-06,2,2,0,0
7322,9,9,9,1.930969238728153e-06,9,9,0,0
7323,1,1,1,1.9069867248644456e-06,1,1,0,0
7324,5,5,5,3.843908691791853e-06,5,5,0,0
7325,1,1,1,2.859407959299176e-06,1,1,0,0
7326,3,3,3,2.3800891115755007e-06,3,3,0,0
7327,2,2,2,3.837011718132999e-06,2,2,0,0
7328,2,2,2,1.8672973638445e-06,2,2,0,0
7329,3,3,3,3.8020996093734993e-06,3,3,0,0
7330,0,0,0,2.8654492183477487e-06,0,0,0,0
7331,6,6,6,3.7813720705770493e-06,6,6,0,0
7332,4,4,4,1.921826171980001e-06,4,4,0,0
7333,3,3,3,1.9115515135226246e-06,3,3,0,0
7334,7,7,7,1.4307818605452383e-06,7,7,0,0
7335,6,6,6,1.9033715821237251e-06,6,6,0,0
7336,9,9,9,3.818581543413302e-06,9,9,0,0
7337,0,0,0,3.7817016593777453e-06,0,0,0,0
7338,4,4,4,1.5483776856228815e-06,4,4,0,0
7339,8,8,8,2.861494140304899e-06,8,8,0,0
7340,1,1,1,1.4267626955444257e-06,1,1,0,0
7341,4,4,4,2.3798303221411743e-06,4,4,0,0
7342,0,0,0,2.8625366219614534e-06,0,0,0,0
7343,6,6,6,1.4296594237350746e-06,6,6,0,0
7344,1,1,1,1.4278192139727253e-06,1,1,0,0
7345,2,2,2,1.9091552729832983e-06,2,2,0,0
7346,6,6,6,1.9113366702683265e-06,6,6,0,0
7347,9,9,9,2.149777221571725e-06,9,9,0,0
7348,2,2,2,3.826477051660504e-06,2,2,0,0
7349,2,2,2,1.946972655986201e-06,2,2,0,0
7350,3,3,3,5.707861326698094e-06,3,3,0,0
7351,5,5,5,4.76633422863415e-06,5,5,0,0
7352,5,5,5,1.9123291021827526e-06,5,5,0,0
7353,1,1,1,3.813568115518251e-06,1,1,0,0
7354,0,0,0,2.624478149471088e-06,0,0,0,0
7355,7,7,7,1.9231079093628978e-06,7,7,0,0
7356,7,7,7,1.938183594063503e-06,7,7,0,0
7357,9,9,9,1.9437011715695007e-06,9,9,0,0
7358,6,6,6,3.825842284754799e-06,6,6,0,0
7359,2,2,2,2.8328002930066987e-06,2,2,0,0
7360,9,9,9,2.3886083981849993e-06,9,9,0,0
7361,4,4,4,1.9107897948345e-06,4,4,0,0
7362,7,7,7,1.433588867172375e-06,7,7,0,0
7363,0,0,0,2.1450439451342618e-06,0,0,0,0
7364,2,2,2,1.8840576174738999e-06,2,2,0,0
7365,3,3,3,1.9302978522262038e-06,3,3,0,0
7366,4,4,4,1.9072265624586748e-06,4,4,0,0
7367,0,0,0,2.5035319519139954e-06,0,0,0,0
7368,0,0,0,1.8782592778876506e-06,0,0,0,0
7369,8,8,8,3.840441895164304e-06,8,8,0,0
7370,8,8,8,2.9045776361869002e-06,8,8,0,0
7371,8,8,8,3.3341931153785254e-06,8,8,0,0
7372,5,5,5,2.8647851557650483e-06,5,5,0,0
7373,1,1,1,1.9107202149371005e-06,1,1,0,0
7374,3,3,3,3.852636719869906e-06,3,3,0,0
7375,7,7,7,1.8964477543903513e-06,7,7,0,0
7376,4,4,4,1.917724610223104e-06,4,4,0,0
7377,9,9,9,1.9544433591534016e-06,9,9,0,0
7378,8,8,8,2.9206142532350876e-06,8,8,0,0
7379,8,8,8,2.384141845723775e-06,8,8,0,0
7380,9,9,9,2.860781249225397e-06,9,9,0,0
7381,0,0,0,1.9963655395471847e-06,0,0,0,0
7382,9,9,9,1.9402587874139954e-06,9,9,0,0
7383,8,8,8,1.9113037126317067e-06,8,8,0,0
7384,9,9,9,1.910134276528197e-06,9,9,0,0
7385,0,0,0,2.8564746088477477e-06,0,0,0,0
7386,2,2,2,2.8794067379322996e-06,2,2,0,0
7387,6,6,6,1.9054443356480988e-06,6,6,0,0
7388,5,5,5,3.7939941410769507e-06,5,5,0,0
7389,6,6,6,3.808081054046397e-06,6,6,0,0
7390,7,7,7,2.845214844171551e-06,7,7,0,0
7391,4,4,4,2.904699707428904e-06,4,4,0,0
7392,7,7,7,1.948974610144205e-06,7,7,0,0
7393,5,5,5,2.8252075203738514e-06,5,5,0,0
7394,4,4,4,2.858610839595599e-06,4,4,0,0
7395,1,1,1,2.835144043089599e-06,1,1,0,0
7396,3,3,3,2.862944336712303e-06,3,3,0,0
7397,5,5,5,1.902294922473402e-06,5,5,0,0
7398,3,3,3,2.8969604493056522e-06,3,3,0,0
7399,1,1,1,2.8411376948866973e-06,1,1,0,0
7400,2,2,2,9.758056638276003e-07,2,2,0,0
7401,3,3,3,2.865087891379403e-06,3,3,0,0
7402,4,4,4,1.9033715812355467e-06,4,4,0,0
7403,5,5,5,2.8600708006365494e-06,5,5,0,0
7404,6,6,6,2.8574621584454007e-06,6,6,0,0
7405,1,1,1,1.432923584232526e-06,1,1,0,0
7406,2,2,2,9.539624024057503e-07,2,2,0,0
7407,3,3,3,1.907519532551305e-06,3,3,0,0
7408,4,4,4,1.427860107483525e-06,4,4,0,0
7409,6,6,6,3.7741943366143005e-06,6,6,0,0
7410,0,0,0,9.917846686136045e-07,0,0,0,0
7411,1,1,1,1.9066723631055993e-06,1,1,0,0
7412,2,2,2,2.901171875180353e-06,2,2,0,0
7413,4,4,4,9.583197022600132e-07,4,4,0,0
7414,5,5,5,1.728891906749297e-06,5,5,0,0
7415,6,6,6,1.4312536622540506e-06,6,6,0,0
7416,7,7,7,1.8629150382309945e-06,7,7,0,0
7417,8,8,8,2.6197900391267126e-06,8,8,0,0
7418,1,1,1,1.8624511710640945e-06,1,1,0,0
7419,7,7,7,1.941918945647103e-06,7,7,0,0
7420,2,2,2,1.4276428226267512e-06,2,2,0,0
7421,4,4,4,9.910278322422528e-07,4,4,0,0
7422,1,1,1,2.832641602168451e-06,1,1,0,0
7423,4,4,4,2.822326660378849e-06,4,4,0,0
7424,1,1,1,1.9075622557096494e-06,1,1,0,0
7425,4,4,4,9.580895996563754e-07,4,4,0,0
7426,9,9,9,1.4341064451528496e-06,9,9,0,0
7427,6,6,6,2.82469482471015e-06,6,6,0,0
7428,8,8,8,2.791641941271225e-06,8,8,0,0
7429,4,4,4,1.4271661377129874e-06,4,4,0,0
7430,5,5,5,1.9057788085419247e-06,5,5,0,0
7431,3,3,3,2.1499310300931995e-06,3,3,0,0
7432,7,7,7,1.9072570802691757e-06,7,7,0,0
7433,8,8,8,1.54791961670675e-06,8,8,0,0
7434,4,4,4,1.1950634766222379e-06,4,4,0,0
7435,3,3,3,1.9166748046473003e-06,3,3,0,0
7436,3,3,3,3.795800783024106e-06,3,3,0,0
7437,5,5,5,1.8868774418479006e-06,5,5,0,0
7438,6,6,6,1.944506836437654e-06,6,6,0,0
7439,7,7,7,1.954711912333096e-06,7,7,0,0
7440,0,0,0,1.6674359128998617e-06,0,0,0,0
7441,6,6,6,1.909035644231949e-06,6,6,0,0
7442,1,1,1,2.3850598145358504e-06,1,1,0,0
7443,6,6,6,1.8681152340604967e-06,6,6,0,0
7444,8,8,8,3.3355688477954004e-06,8,8,0,0
7445,7,7,7,2.8568383783067475e-06,7,7,0,0
7446,0,0,0,1.911108398644501e-06,0,0,0,0
7447,1,1,1,1.9112402345200508e-06,1,1,0,0
7448,5,5,5,1.9101330570592268e-06,5,5,0,0
7449,0,0,0,3.8106933590853487e-06,0,0,0,0
7450,8,8,8,1.933032226730802e-06,8,8,0,0
7451,5,5,5,7.151077270339812e-07,5,5,0,0
7452,0,0,0,1.9072070305270472e-06,0,0,0,0
7453,1,1,1,9.866210941567033e-07,1,1,0,0
7454,5,5,5,1.427033691214774e-06,5,5,0,0
7455,8,8,8,1.890515136437898e-06,8,8,0,0
7456,4,4,4,1.9095251468925767e-06,4,4,0,0
7457,2,2,2,1.954553223271205e-06,2,2,0,0
7458,3,3,3,1.9051025397232024e-06,3,3,0,0
7459,9,9,9,1.4265954586534235e-06,9,9,0,0
7460,7,7,7,1.8968261734642056e-06,7,7,0,0
7461,6,6,6,1.9302490237294023e-06,6,6,0,0
7462,9,9,9,3.810043946117503e-06,9,9,0,0
7463,1,1,1,1.90348144535335e-06,1,1,0,0
7464,9,9,9,1.9408325186986985e-06,9,9,0,0
7465,0,0,0,2.9827420044981068e-06,0,0,0,0
7466,6,6,6,3.846545409302848e-06,6,6,0,0
7467,7,7,7,2.384844970393374e-06,7,7,0,0
7468,1,1,1,1.9109436033559746e-06,1,1,0,0
7469,2,2,2,2.864836424976147e-06,2,2,0,0
7470,3,3,3,1.8701660167153022e-06,3,3,0,0
7471,9,9,9,9.578222659456515e-07,9,9,0,0
7472,2,2,2,2.3837109370816734e-06,2,2,0,0
7473,4,4,4,9.573547359309487e-07,4,4,0,0
7474,5,5,5,1.9060913079016473e-06,5,5,0,0
7475,5,5,5,1.942138670329996e-06,5,5,0,0
7476,3,3,3,3.790515137325201e-06,3,3,0,0
7477,7,7,7,2.8626989747593257e-06,7,7,0,0
7478,5,5,5,1.9176757817263024e-06,5,5,0,0
7479,3,3,3,2.8645922842684968e-06,3,3,0,0
7480,1,1,1,1.9118157958963877e-06,1,1,0,0
7481,8,8,8,1.9069311516517473e-06,8,8,0,0
7482,2,2,2,1.4269213863826735e-06,2,2,0,0
7483,2,2,2,1.9053942867941487e-06,2,2,0,0
7484,3,3,3,2.8257080071369955e-06,3,3,0,0
7485,0,0,0,1.4255444336086498e-06,0,0,0,0
7486,2,2,2,2.8632452391263996e-06,2,2,0,0
7487,9,9,9,2.8564819327669966e-06,9,9,0,0
7488,4,4,4,9.528466797803503e-07,4,4,0,0
7489,9,9,9,2.860887451383576e-06,9,9,0,0
7490,7,7,7,3.827001954448406e-06,7,7,0,0
7491,0,0,0,9.515820309502487e-07,0,0,0,0
7492,2,2,2,1.9551635741521523e-06,2,2,0,0
7493,7,7,7,9.666748042036488e-07,7,7,0,0
7494,4,4,4,1.9057983404735523e-06,4,4,0,0
7495,9,9,9,1.3137078858083129e-06,9,9,0,0
7496,9,9,9,1.913964844391103e-06,9,9,0,0
7497,2,2,2,1.893737792357797e-06,2,2,0,0
7498,5,5,5,1.9058911124858469e-06,5,5,0,0
7499,9,9,9,9.892333991956548e-07,9,9,0,0
7500,8,8,8,1.6392297516043541e-06,8,8,0,0
7501,3,3,3,3.782495117121698e-06,3,3,0,0
7502,8,8,8,2.8634814448480483e-06,8,8,0,0
7503,6,6,6,1.1938049317983257e-06,6,6,0,0
7504,7,7,7,3.821826172867304e-06,7,7,0,0
7505,0,0,0,2.8645654293057987e-06,0,0,0,0
7506,0,0,0,1.668875122096125e-06,0,0,0,0
7507,1,1,1,1.4299865727096517e-06,1,1,0,0
7508,2,2,2,3.841210936883499e-06,2,2,0,0
7509,3,3,3,3.8306152347900024e-06,3,3,0,0
7510,4,4,4,2.872363280559398e-06,4,4,0,0
7511,5,5,5,2.387674560289099e-06,5,5,0,0
7512,6,6,6,9.56433105159249e-07,6,6,0,0
7513,7,7,7,1.9181030275206012e-06,7,7,0,0
7514,8,8,8,2.865489501679974e-06,8,8,0,0
7515,9,9,9,1.937487793313153e-06,9,9,0,0
7516,0,0,0,4.76613403321835e-06,0,0,0,0
7517,1,1,1,9.57299803872047e-07,1,1,0,0
7518,2,2,2,2.8568670655815254e-06,2,2,0,0
7519,3,3,3,3.816137695622501e-06,3,3,0,0
7520,4,4,4,2.863879394965352e-06,4,4,0,0
7521,5,5,5,1.9118737792922502e-06,5,5,0,0
7522,6,6,6,1.9338378898225983e-06,6,6,0,0
7523,7,7,7,1.8817382816394002e-06,7,7,0,0
7524,8,8,8,3.578060913111969e-06,8,8,0,0
7525,9,9,9,2.8121948236758953e-06,9,9,0,0
7526,0,0,0,1.9116650396000523e-06,0,0,0,0
7527,1,1,1,1.430021057124975e-06,1,1,0,0
7528,2,2,2,3.8042968757423523e-06,2,2,0,0
7529,3,3,3,2.8642712406323767e-06,3,3,0,0
7530,4,4,4,1.192760925361469e-06,4,4,0,0
7531,5,5,5,1.9048901362950232e-06,5,5,0,0
7532,6,6,6,2.8912231453404047e-06,6,6,0,0
7533,7,7,7,2.1437658692669004e-06,7,7,0,0
7534,8,8,8,1.954650878488451e-06,8,8,0,0
7535,9,9,9,1.4311206051331737e-06,9,9,0,0
7536,0,0,0,2.385133056392874e-06,0,0,0,0
7537,0,0,0,9.57924804367849e-07,0,0,0,0
7538,7,7,7,9.504577640484513e-07,7,7,0,0
7539,2,2,2,3.3401098633589754e-06,2,2,0,0
7540,6,6,6,2.1425579834755126e-06,6,6,0,0
7541,5,5,5,1.907841797432752e-06,5,5,0,0
7542,5,5,5,9.815917962896492e-07,5,5,0,0
7543,3,3,3,1.9315673824849e-06,3,3,0,0
7544,7,7,7,1.908686522611447e-06,7,7,0,0
7545,8,8,8,1.888647460646098e-06,8,8,0,0
7546,6,6,6,1.1890954589865999e-06,6,6,0,0
7547,6,6,6,2.854931640428049e-06,6,6,0,0
7548,6,6,6,2.379559326470826e-06,6,6,0,0
7549,6,6,6,1.4303710935692493e-06,6,6,0,0
7550,4,4,4,2.862253417390548e-06,4,4,0,0
7551,3,3,3,3.8131591804102527e-06,3,3,0,0
7552,8,8,8,1.9097070316220766e-06,8,8,0,0
7553,8,8,8,1.7898074340383374e-06,8,8,0,0
7554,3,3,3,1.881494139155393e-06,3,3,0,0
7555,0,0,0,2.8596276857584257e-06,0,0,0,0
7556,1,1,1,2.8611181637216987e-06,1,1,0,0
7557,9,9,9,1.425587158543351e-06,9,9,0,0
7558,0,0,0,1.5459460449562812e-06,0,0,0,0
7559,5,5,5,1.9112377938057534e-06,5,5,0,0
7560,4,4,4,2.3860229489969242e-06,4,4,0,0
7561,1,1,1,1.6711022949866816e-06,1,1,0,0
7562,9,9,9,1.9470214844830025e-06,9,9,0,0
7563,1,1,1,1.942944335198149e-06,1,1,0,0
7564,2,2,2,1.930676269523701e-06,2,2,0,0
7565,7,7,7,1.922216796401699e-06,7,7,0,0
7566,0,0,0,2.385133056392874e-06,0,0,0,0
7567,1,1,1,1.92388915998265e-06,1,1,0,0
7568,3,3,3,3.851867676374354e-06,3,3,0,0
7569,8,8,8,9.506933595915257e-07,8,8,0,0
7570,2,2,2,2.0268204193318873e-06,2,2,0,0
7571,9,9,9,2.847778320713701e-06,9,9,0,0
7572,2,2,2,1.908645019810251e-06,2,2,0,0
7573,7,7,7,1.0135411682155038e-06,7,7,0,0
7574,4,4,4,2.8567871090956487e-06,4,4,0,0
7575,2,2,2,1.9064569092286376e-06,2,2,0,0
7576,6,6,6,1.9078247071036003e-06,6,6,0,0
7577,5,5,5,1.938391113398552e-06,5,5,0,0
7578,5,5,5,2.3834729008243016e-06,5,5,0,0
7579,9,9,9,1.919555664642303e-06,9,9,0,0
7580,9,9,9,1.9071679684401488e-06,9,9,0,0
7581,1,1,1,1.907355956731749e-06,1,1,0,0
7582,1,1,1,1.4312084957168736e-06,1,1,0,0
7583,5,5,5,1.904892577897499e-06,5,5,0,0
7584,7,7,7,1.189684448288375e-06,7,7,0,0
7585,6,6,6,2.865616455238751e-06,6,6,0,0
7586,8,8,8,2.624851074273238e-06,8,8,0,0
7587,2,2,2,1.932690429029549e-06,2,2,0,0
7588,9,9,9,1.433431396691276e-06,9,9,0,0
7589,4,4,4,1.9437255858179014e-06,4,4,0,0
7590,3,3,3,1.9122460930276475e-06,3,3,0,0
7591,1,1,1,9.580334472403251e-07,1,1,0,0
7592,9,9,9,1.909106444486497e-06,9,9,0,0
7593,0,0,0,2.386016845434824e-06,0,0,0,0
7594,9,9,9,9.840942389871543e-07,9,9,0,0
7595,3,3,3,2.957835552215571e-06,3,3,0,0
7596,6,6,6,2.3832238769117e-06,6,6,0,0
7597,8,8,8,2.388820800725e-06,8,8,0,0
7598,7,7,7,1.8981323250955029e-06,7,7,0,0
7599,0,0,0,3.811445312251749e-06,0,0,0,0
7600,1,1,1,1.912027587813725e-06,1,1,0,0
7601,0,0,0,2.881616211425353e-06,0,0,0,0
7602,5,5,5,2.86288452144845e-06,5,5,0,0
7603,8,8,8,2.3829162598687503e-06,8,8,0,0
7604,2,2,2,3.818597412497127e-06,2,2,0,0
7605,7,7,7,1.9436035163522547e-06,7,7,0,0
7606,7,7,7,1.9069445800212748e-06,7,7,0,0
7607,0,0,0,1.9060827636252498e-06,0,0,0,0
7608,1,1,1,1.909752197271075e-06,1,1,0,0
7609,2,2,2,3.8072509767062e-06,2,2,0,0
7610,3,3,3,1.932861326991997e-06,3,3,0,0
7611,4,4,4,1.902512207330176e-06,4,4,0,0
7612,5,5,5,1.9058056643928012e-06,5,5,0,0
7613,6,6,6,1.8828247068114479e-06,6,6,0,0
7614,7,7,7,1.903190917751374e-06,7,7,0,0
7615,8,8,8,1.9102294928075025e-06,8,8,0,0
7616,9,9,9,9.5730957028195e-07,9,9,0,0
7617,0,0,0,1.910615234024249e-06,0,0,0,0
7618,1,1,1,1.914404297309602e-06,1,1,0,0
7619,2,2,2,1.908624267521475e-06,2,2,0,0
7620,3,3,3,2.3818115231222237e-06,3,3,0,0
7621,4,4,4,1.9057922360232737e-06,4,4,0,0
7622,5,5,5,1.4324432373591378e-06,5,5,0,0
7623,8,8,8,1.9072827139865467e-06,8,8,0,0
7624,9,9,9,1.6699523923691117e-06,9,9,0,0
7625,0,0,0,1.9027539064353505e-06,0,0,0,0
7626,1,1,1,1.4265393062373732e-06,1,1,0,0
7627,2,2,2,9.963134761648007e-07,2,2,0,0
7628,3,3,3,1.9109863274024974e-06,3,3,0,0
7629,4,4,4,1.8983398444305521e-06,4,4,0,0
7630,5,5,5,1.9023632820136527e-06,5,5,0,0
7631,6,6,6,1.9439208980287503e-06,6,6,0,0
7632,7,7,7,1.9075415043090516e-06,7,7,0,0
7633,8,8,8,2.384365234142649e-06,8,8,0,0
7634,9,9,9,9.553857420740997e-07,9,9,0,0
7635,2,2,2,1.428121338076238e-06,2,2,0,0
7636,1,1,1,1.4313891600892248e-06,1,1,0,0
7637,2,2,2,2.9008911131001014e-06,2,2,0,0
7638,1,1,1,1.908659667648749e-06,1,1,0,0
7639,3,3,3,2.8505371094667e-06,3,3,0,0
7640,9,9,9,2.8600903316799986e-06,9,9,0,0
7641,9,9,9,2.857609862516597e-06,9,9,0,0
7642,8,8,8,4.7702709959907e-06,8,8,0,0
7643,5,5,5,1.9029174804785498e-06,5,5,0,0
7644,3,3,3,1.9083740241399028e-06,3,3,0,0
7645,7,7,7,1.4348553465381997e-06,7,7,0,0
7646,0,0,0,1.911840820767452e-06,0,0,0,0
7647,7,7,7,2.144252929880963e-06,7,7,0,0
7648,7,7,7,1.4315209959647746e-06,7,7,0,0
7649,5,5,5,1.0724449310273165e-06,5,5,0,0
7650,7,7,7,3.768847655294394e-06,7,7,0,0
7651,9,9,9,1.313893737808769e-06,9,9,0,0
7652,9,9,9,2.8636425781769503e-06,9,9,0,0
7653,4,4,4,1.9089160154805995e-06,4,4,0,0
7654,7,7,7,1.9348144526531996e-06,7,7,0,0
7655,0,0,0,2.8684204096407484e-06,0,0,0,0
7656,3,3,3,1.4333837894398016e-06,3,3,0,0
7657,4,4,4,1.8657226554807949e-06,4,4,0,0
7658,1,1,1,4.789172365349259e-07,1,1,0,0
7659,5,5,5,2.889331055300204e-06,5,5,0,0
7660,8,8,8,2.5034414062874433e-06,8,8,0,0
7661,1,1,1,1.1948016358509506e-06,1,1,0,0
7662,4,4,4,2.8745849611766516e-06,4,4,0,0
7663,8,8,8,1.910917968750425e-06,8,8,0,0
7664,4,4,4,1.9060974123519259e-06,4,4,0,0
7665,1,1,1,1.905510254474052e-06,1,1,0,0
7666,8,8,8,2.3842248531025234e-06,8,8,0,0
7667,6,6,6,1.8871459968039517e-06,6,6,0,0
7668,6,6,6,2.8597241215067015e-06,6,6,0,0
7669,4,4,4,9.515209953292469e-07,4,4,0,0
7670,6,6,6,1.9571411140617556e-06,6,6,0,0
7671,0,0,0,1.9115295408766997e-06,0,0,0,0
7672,5,5,5,9.642456060277027e-07,5,5,0,0
7673,5,5,5,1.9669630737517707e-06,5,5,0,0
7674,3,3,3,3.829101562047299e-06,3,3,0,0
7675,3,3,3,1.9069299312945986e-06,3,3,0,0
7676,5,5,5,1.9049926756053992e-06,5,5,0,0
7677,7,7,7,2.385684814143474e-06,7,7,0,0
7678,2,2,2,3.7720214827174914e-06,2,2,0,0
7679,5,5,5,2.8649218748455496e-06,5,5,0,0
7680,9,9,9,2.836938476136197e-06,9,9,0,0
7681,6,6,6,1.9416381835668517e-06,6,6,0,0
7682,9,9,9,3.773547362584395e-06,9,9,0,0
7683,2,2,2,1.8961303709374988e-06,2,2,0,0
7684,6,6,6,2.814282225926945e-06,6,6,0,0
7685,2,2,2,1.9483154289900995e-06,2,2,0,0
7686,1,1,1,1.4268359374014494e-06,1,1,0,0
7687,2,2,2,2.861923828589852e-06,2,2,0,0
7688,0,0,0,1.8987182617280496e-06,0,0,0,0
7689,8,8,8,9.584692381992e-07,8,8,0,0
7690,3,3,3,3.860717773918054e-06,3,3,0,0
7691,8,8,8,2.905541991893301e-06,8,8,0,0
7692,3,3,3,9.501806639278243e-07,3,3,0,0
7693,0,0,0,1.8960815424406974e-06,0,0,0,0
7694,8,8,8,1.9083251956431013e-06,8,8,0,0
7695,7,7,7,1.9089270022476512e-06,7,7,0,0
7696,4,4,4,2.383475341538599e-06,4,4,0,0
7697,9,9,9,3.824743652458551e-06,9,9,0,0
7698,5,5,5,1.4275231929872234e-06,5,5,0,0
7699,0,0,0,1.4455993347095575e-06,0,0,0,0
7700,9,9,9,2.8390136712630465e-06,9,9,0,0
7701,7,7,7,2.865693359055399e-06,7,7,0,0
7702,0,0,0,1.908131103345312e-06,0,0,0,0
7703,0,0,0,1.8648681638921971e-06,0,0,0,0
7704,4,4,4,1.9106591793160987e-06,4,4,0,0
7705,6,6,6,2.3884460444989486e-06,6,6,0,0
7706,0,0,0,1.8803222658902996e-06,0,0,0,0
7707,9,9,9,2.7407089233655313e-06,9,9,0,0
7708,1,1,1,1.947302246563254e-06,1,1,0,0
7709,6,6,6,2.3880773927231758e-06,6,6,0,0
7710,2,2,2,1.9035131835209995e-06,2,2,0,0
7711,7,7,7,1.9036499026015008e-06,7,7,0,0
7712,6,6,6,2.825695800012795e-06,6,6,0,0
7713,8,8,8,1.87917480509725e-06,8,8,0,0
7714,3,3,3,1.919702150132707e-06,3,3,0,0
7715,5,5,5,1.6648107910022247e-06,5,5,0,0
7716,2,2,2,1.0732550659309226e-06,2,2,0,0
7717,1,1,1,2.8569946293188764e-06,1,1,0,0
7718,8,8,8,1.9086230462761478e-06,8,8,0,0
7719,3,3,3,1.9175170891116977e-06,3,3,0,0
7720,8,8,8,2.2679718016949124e-06,8,8,0,0
7721,6,6,6,2.3833410640605734e-06,6,6,0,0
7722,1,1,1,1.8839843747286977e-06,1,1,0,0
7723,0,0,0,1.4346374515028515e-06,0,0,0,0
7724,2,2,2,1.9065136722673515e-06,2,2,0,0
7725,1,1,1,1.9027416993111501e-06,1,1,0,0
7726,4,4,4,1.9068969727698004e-06,4,4,0,0
7727,0,0,0,4.050953674283875e-06,0,0,0,0
7728,1,1,1,1.909733887472953e-06,1,1,0,0
7729,2,2,2,2.863059082258701e-06,2,2,0,0
7730,3,3,3,2.858718261222748e-06,3,3,0,0
7731,4,4,4,3.8021240236219e-06,4,4,0,0
7732,5,5,5,3.7821655265446452e-06,5,5,0,0
7733,6,6,6,2.9038574211881496e-06,6,6,0,0
7734,7,7,7,1.4308911131521995e-06,7,7,0,0
7735,8,8,8,3.339915771505275e-06,8,8,0,0
7736,9,9,9,2.3819873047337126e-06,9,9,0,0
7737,0,0,0,1.944177245860601e-06,0,0,0,0
7738,1,1,1,1.9066064460560028e-06,1,1,0,0
7739,2,2,2,1.9217773434831997e-06,2,2,0,0
7740,3,3,3,3.798828124956799e-06,3,3,0,0
7741,4,4,4,1.910224609602551e-06,4,4,0,0
7742,5,5,5,2.8561157225936995e-06,5,5,0,0
7743,6,6,6,2.858981933862026e-06,6,6,0,0
7744,7,7,7,1.9255615235636014e-06,7,7,0,0
7745,8,8,8,1.9081323241465498e-06,8,8,0,0
7746,9,9,9,1.9101049808512016e-06,9,9,0,0
7747,0,0,0,1.4304052733393746e-06,0,0,0,0
7748,1,1,1,1.9042480463582478e-06,1,1,0,0
7749,2,2,2,1.914904785849103e-06,2,2,0,0
7750,3,3,3,9.528009035086882e-07,3,3,0,0
7751,4,4,4,1.9394653314463994e-06,4,4,0,0
7752,5,5,5,2.8593383785135984e-06,5,5,0,0
7753,6,6,6,1.9568725591057046e-06,6,6,0,0
7754,7,7,7,1.4310418703367134e-06,7,7,0,0
7755,8,8,8,3.809956664824199e-06,8,8,0,0
7756,9,9,9,3.7812744153598032e-06,9,9,0,0
7757,7,7,7,2.856198729972448e-06,7,7,0,0
7758,6,6,6,3.8630126937277964e-06,6,6,0,0
7759,4,4,4,2.8624609376137755e-06,4,4,0,0
7760,7,7,7,1.9053417972259012e-06,7,7,0,0
7761,6,6,6,1.910400388993594e-06,6,6,0,0
7762,2,2,2,3.7885253902913973e-06,2,2,0,0
7763,3,3,3,2.8615100093887236e-06,3,3,0,0
7764,4,4,4,2.1453063965282126e-06,4,4,0,0
7765,8,8,8,1.953393553577598e-06,8,8,0,0
7766,7,7,7,9.535986329467505e-07,7,7,0,0
7767,8,8,8,2.85635986330135e-06,8,8,0,0
7768,6,6,6,1.947570801519305e-06,6,6,0,0
7769,9,9,9,1.9082275386494985e-06,9,9,0,0
7770,8,8,8,3.833398437791402e-06,8,8,0,0
7771,3,3,3,1.910993653098103e-06,3,3,0,0
7772,2,2,2,2.379703369470576e-06,2,2,0,0
7773,2,2,2,1.929272460898801e-06,2,2,0,0
7774,8,8,8,2.625039062564838e-06,8,8,0,0
7775,4,4,4,1.9266601576362063e-06,4,4,0,0
7776,8,8,8,3.817799072436401e-06,8,8,0,0
7777,5,5,5,3.859472656131402e-06,5,5,0,0
7778,6,6,6,2.8618652336831474e-06,6,6,0,0
7779,5,5,5,2.8654589847576517e-06,5,5,0,0
7780,0,0,0,2.850939941012598e-06,0,0,0,0
7781,2,2,2,2.384519042664124e-06,2,2,0,0
7782,0,0,0,1.9047680668293765e-06,0,0,0,0
7783,1,1,1,2.0306182861862254e-06,1,1,0,0
7784,1,1,1,2.8937011720131522e-06,1,1,0,0
7785,2,2,2,2.8625573733620513e-06,2,2,0,0
7786,9,9,9,1.940722656357252e-06,9,9,0,0
7787,6,6,6,2.385997314391375e-06,6,6,0,0
7788,8,8,8,2.3821020507241997e-06,8,8,0,0
7789,2,2,2,2.381114502014725e-06,2,2,0,0
7790,1,1,1,1.750391723634448e-06,1,1,0,0
7791,0,0,0,2.108515599461361e-06,0,0,0,0
7792,6,6,6,2.8613322753390236e-06,6,6,0,0
7793,5,5,5,4.291604003725524e-06,5,5,0,0
7794,2,2,2,4.796252440542048e-06,2,2,0,0
7795,9,9,9,1.934423828231502e-06,9,9,0,0
7796,7,7,7,1.429896240523476e-06,7,7,0,0
7797,5,5,5,1.9424682609070487e-06,5,5,0,0
7798,3,3,3,2.906298828264653e-06,3,3,0,0
7799,9,9,9,2.867907713977047e-06,9,9,0,0
7800,3,3,3,1.9070263679310528e-06,3,3,0,0
7801,7,7,7,2.9008178703548992e-06,7,7,0,0
7802,1,1,1,3.340988769195974e-06,1,1,0,0
7803,8,8,8,1.4327587889439997e-06,8,8,0,0
7804,3,3,3,1.909802245236847e-06,3,3,0,0
7805,8,8,8,1.905278320446513e-06,8,8,0,0
7806,1,1,1,3.412378291323126e-06,1,1,0,0
7807,9,9,9,2.38737915037035e-06,9,9,0,0
7808,5,5,5,3.3356774906678766e-06,5,5,0,0
7809,5,5,5,2.387481689680726e-06,5,5,0,0
7810,0,0,0,2.381005859142249e-06,0,0,0,0
7811,1,1,1,1.9097033687742737e-06,1,1,0,0
7812,1,1,1,1.9109368896153e-06,1,1,0,0
7813,9,9,9,2.3851208492686737e-06,9,9,0,0
7814,8,8,8,2.8970336920508544e-06,8,8,0,0
7815,2,2,2,5.766406250273803e-06,2,2,0,0
7816,6,6,6,5.685913084363392e-06,6,6,0,0
7817,0,0,0,1.0724729309075087e-06,0,0,0,0
7818,4,4,4,3.826586915778307e-06,4,4,0,0
7819,5,5,5,1.9030004878572981e-06,5,5,0,0
7820,0,0,0,2.811682129788551e-06,0,0,0,0
7821,3,3,3,2.3876086427954135e-06,3,3,0,0
7822,1,1,1,1.9067163083974492e-06,1,1,0,0
7823,8,8,8,2.858444823949924e-06,8,8,0,0
7824,6,6,6,1.8959472640744934e-06,6,6,0,0
7825,7,7,7,3.854687498971998e-06,7,7,0,0
7826,5,5,5,1.9115393063984243e-06,5,5,0,0
7827,9,9,9,1.9489257816474037e-06,9,9,0,0
7828,9,9,9,1.9517822273940055e-06,9,9,0,0
7829,3,3,3,2.8349853522513513e-06,3,3,0,0
7830,0,0,0,1.072766540488601e-06,0,0,0,0
7831,3,3,3,1.1935601804680118e-06,3,3,0,0
7832,1,1,1,2.8649096677213493e-06,1,1,0,0
7833,4,4,4,3.8483154298774025e-06,4,4,0,0
7834,4,4,4,1.9068750001238755e-06,4,4,0,0
7835,0,0,0,1.9369140620284497e-06,0,0,0,0
7836,4,4,4,1.9398925772406983e-06,4,4,0,0
7837,9,9,9,1.9116345217895514e-06,9,9,0,0
7838,0,0,0,1.6693288573677023e-06,0,0,0,0
7839,1,1,1,1.4303906246126985e-06,1,1,0,0
7840,2,2,2,1.9084790032763976e-06,2,2,0,0
7841,3,3,3,2.8631872561746263e-06,3,3,0,0
7842,5,5,5,1.9118084715330497e-06,5,5,0,0
7843,6,6,6,2.503160690309203e-06,6,6,0,0
7844,7,7,7,1.9153930672644037e-06,7,7,0,0
7845,8,8,8,2.864477538722099e-06,8,8,0,0
7846,0,0,0,1.953759765527252e-06,0,0,0,0
7847,1,1,1,2.801449340839035e-06,1,1,0,0
7848,2,2,2,2.8253173827152978e-06,2,2,0,0
7849,3,3,3,1.6651904295450493e-06,3,3,0,0
7850,5,5,5,1.4309875489004753e-06,5,5,0,0
7851,6,6,6,2.876928711259552e-06,6,6,0,0
7852,7,7,7,1.8954467773113493e-06,7,7,0,0
7853,8,8,8,2.2622702027241814e-06,8,8,0,0
7854,9,9,9,2.8205200202080505e-06,9,9,0,0
7855,0,0,0,2.8928466804245545e-06,0,0,0,0
7856,1,1,1,2.3889590454739817e-06,1,1,0,0
7857,2,2,2,2.864604491392697e-06,2,2,0,0
7858,3,3,3,2.8856811518096492e-06,3,3,0,0
7859,5,5,5,3.3337060543203734e-06,5,5,0,0
7860,6,6,6,2.856237793835703e-06,6,6,0,0
7861,7,7,7,3.7824707028732973e-06,7,7,0,0
7862,8,8,8,3.8108264162062255e-06,8,8,0,0
7863,9,9,9,2.825524902050347e-06,9,9,0,0
7864,9,9,9,9.493243409153251e-07,9,9,0,0
7865,7,7,7,2.384846191638701e-06,7,7,0,0
7866,0,0,0,1.9436523430726993e-06,0,0,0,0
7867,9,9,9,1.8634155267704955e-06,9,9,0,0
7868,0,0,0,1.9080133055737747e-06,0,0,0,0
7869,1,1,1,1.9058520503989484e-06,1,1,0,0
7870,5,5,5,1.9469360346136e-06,5,5,0,0
7871,8,8,8,3.8170239253787486e-06,8,8,0,0
7872,8,8,8,3.7783813482406003e-06,8,8,0,0
7873,0,0,0,2.862014159887849e-06,0,0,0,0
7874,9,9,9,1.3070410156412748e-06,9,9,0,0
7875,3,3,3,2.857398681221923e-06,3,3,0,0
7876,2,2,2,1.6651434326941938e-06,2,2,0,0
7877,7,7,7,1.1917492677149255e-06,7,7,0,0
7878,8,8,8,2.8632702635533747e-06,8,8,0,0
7879,4,4,4,1.9444580061644956e-06,4,4,0,0
7880,6,6,6,2.865202636925801e-06,6,6,0,0
7881,1,1,1,3.3353723143392244e-06,1,1,0,0
7882,0,0,0,4.763853759470749e-06,0,0,0,0
7883,4,4,4,2.861076660920503e-06,4,4,0,0
7884,9,9,9,3.856225585963102e-06,9,9,0,0
7885,4,4,4,2.856092529590626e-06,4,4,0,0
7886,2,2,2,2.8635839841584243e-06,2,2,0,0
7887,0,0,0,1.9430297850675515e-06,0,0,0,0
7888,5,5,5,1.9082568361028507e-06,5,5,0,0
7889,0,0,0,1.9048242183572484e-06,0,0,0,0
7890,1,1,1,2.863159179966601e-06,1,1,0,0
7891,6,6,6,1.943408204141406e-06,6,6,0,0
7892,9,9,9,1.8857788077752957e-06,9,9,0,0
7893,3,3,3,3.8100061034995747e-06,3,3,0,0
7894,2,2,2,2.618880615035124e-06,2,2,0,0
7895,9,9,9,1.946643067185505e-06,9,9,0,0
7896,1,1,1,1.9085498053073024e-06,1,1,0,0
7897,6,6,6,2.842321777052348e-06,6,6,0,0
7898,0,0,0,1.4319470214019248e-06,0,0,0,0
7899,1,1,1,1.9048901367391124e-06,1,1,0,0
7900,1,1,1,2.3860083011584265e-06,1,1,0,0
7901,8,8,8,1.8856933579058932e-06,8,8,0,0
7902,7,7,7,3.767553710787297e-06,7,7,0,0
7903,7,7,7,2.89270019493415e-06,7,7,0,0
7904,6,6,6,2.0268194580452814e-06,6,6,0,0
7905,3,3,3,2.8615478520066517e-06,3,3,0,0
7906,6,6,6,1.905920409939199e-06,6,6,0,0
7907,0,0,0,1.936755371190202e-06,0,0,0,0
7908,7,7,7,2.8217407219699453e-06,7,7,0,0
7909,2,2,2,2.8124755857561468e-06,2,2,0,0
7910,4,4,4,1.910207519273399e-06,4,4,0,0
7911,1,1,1,4.2919592289081265e-06,1,1,0,0
7912,7,7,7,1.9099649046783185e-06,7,7,0,0
7913,0,0,0,3.21852969364933e-06,0,0,0,0
7914,6,6,6,3.845043945460702e-06,6,6,0,0
7915,7,7,7,2.8571618653217e-06,7,7,0,0
7916,1,1,1,2.384633605911901e-06,1,1,0,0
7917,2,2,2,6.671610107034098e-06,2,2,0,0
7918,5,5,5,9.584082025781981e-07,5,5,0,0
7919,8,8,8,3.813142090081101e-06,8,8,0,0
7920,1,1,1,2.8605786130952993e-06,1,1,0,0
7921,8,8,8,2.8625915531321766e-06,8,8,0,0
7922,2,2,2,1.4299206538836984e-06,2,2,0,0
7923,8,8,8,3.0974780274029e-06,8,8,0,0
7924,7,7,7,1.4284960938582003e-06,7,7,0,0
7925,6,6,6,2.8301025398747015e-06,6,6,0,0
7926,8,8,8,5.726025388952394e-06,8,8,0,0
7927,7,7,7,1.1954052734353127e-06,7,7,0,0
7928,1,1,1,1.911243896479675e-06,1,1,0,0
7929,6,6,6,2.147037963862175e-06,6,6,0,0
7930,2,2,2,1.002880859246602e-06,2,2,0,0
7931,9,9,9,1.4904265747128775e-06,9,9,0,0
7932,3,3,3,2.3869543452903486e-06,3,3,0,0
7933,0,0,0,2.3816845704516254e-06,0,0,0,0
7934,1,1,1,1.6726477052309008e-06,1,1,0,0
7935,2,2,2,2.8523193353890974e-06,2,2,0,0
7936,3,3,3,2.824853515548398e-06,3,3,0,0
7937,4,4,4,3.101509399527913e-06,4,4,0,0
7938,5,5,5,3.864160156297203e-06,5,5,0,0
7939,6,6,6,1.4330139164187017e-06,6,6,0,0
7940,7,7,7,1.921850586228402e-06,7,7,0,0
7941,8,8,8,3.842016601751652e-06,8,8,0,0
7942,9,9,9,2.8473266606710013e-06,9,9,0,0
7943,0,0,0,2.626087646451225e-06,0,0,0,0
7944,1,1,1,3.337657470403599e-06,1,1,0,0
7945,2,2,2,1.9441650387364007e-06,2,2,0,0
7946,3,3,3,3.8040649421589023e-06,3,3,0,0
7947,4,4,4,1.909394530485997e-06,4,4,0,0
7948,5,5,5,3.8054321294112015e-06,5,5,0,0
7949,6,6,6,2.8611181637216987e-06,6,6,0,0
7950,7,7,7,1.9059448241875998e-06,7,7,0,0
7951,8,8,8,1.909089355933702e-06,8,8,0,0
7952,9,9,9,2.6304626808137943e-06,9,9,0,0
7953,0,0,0,9.585937501555009e-07,0,0,0,0
7954,1,1,1,2.190833137516446e-06,1,1,0,0
7955,2,2,2,1.949304198944901e-06,2,2,0,0
7956,3,3,3,5.721777345257806e-06,3,3,0,0
7957,4,4,4,3.3414501956485765e-06,4,4,0,0
7958,5,5,5,2.386171875201626e-06,5,5,0,0
7959,6,6,6,3.099590454080925e-06,6,6,0,0
7960,7,7,7,1.6712322996603746e-06,7,7,0,0
7961,8,8,8,1.9111999511878253e-06,8,8,0,0
7962,9,9,9,1.9369166412430694e-06,9,9,0,0
7963,8,8,8,2.3807922362450995e-06,8,8,0,0
7964,9,9,9,2.868371581143947e-06,9,9,0,0
7965,5,5,5,1.8765380858098979e-06,5,5,0,0
7966,7,7,7,1.904531250040975e-06,7,7,0,0
7967,0,0,0,1.6714526367422877e-06,0,0,0,0
7968,3,3,3,3.829052733550498e-06,3,3,0,0
7969,1,1,1,9.58996581701399e-07,1,1,0,0
7970,6,6,6,2.8807617180603984e-06,6,6,0,0
7971,8,8,8,2.8763427728506485e-06,8,8,0,0
7972,4,4,4,1.9073486328125e-06,4,4,0,0
7973,1,1,1,1.4315850829227372e-06,1,1,0,0
7974,5,5,5,1.910493164558602e-06,5,5,0,0
7975,6,6,6,1.954882812071901e-06,6,6,0,0
7976,4,4,4,1.876208495232845e-06,4,4,0,0
7977,2,2,2,1.8635864265093005e-06,2,2,0,0
7978,7,7,7,2.8403808585153456e-06,7,7,0,0
7979,8,8,8,2.862296142325249e-06,8,8,0,0
7980,1,1,1,2.8617150880094755e-06,1,1,0,0
7981,3,3,3,7.106753538987931e-07,3,3,0,0
7982,4,4,4,1.890246581481847e-06,4,4,0,0
7983,3,3,3,1.910535888605125e-06,3,3,0,0
7984,4,4,4,2.3825573727265237e-06,4,4,0,0
7985,7,7,7,1.87078857472045e-06,7,7,0,0
7986,2,2,2,3.798693848366952e-06,2,2,0,0
7987,0,0,0,2.386270751664199e-06,0,0,0,0
7988,5,5,5,1.91159179685485e-06,5,5,0,0
7989,0,0,0,1.9088012699342016e-06,0,0,0,0
7990,1,1,1,1.9100109867054016e-06,1,1,0,0
7991,9,9,9,1.9500854495646536e-06,9,9,0,0
7992,2,2,2,1.940124512600505e-06,2,2,0,0
7993,3,3,3,1.8848632805656962e-06,3,3,0,0
7994,2,2,2,1.668711242741594e-06,2,2,0,0
7995,3,3,3,2.3793591310550255e-06,3,3,0,0
7996,5,5,5,2.859727783466326e-06,5,5,0,0
7997,5,5,5,1.427998046921175e-06,5,5,0,0
7998,7,7,7,1.923022461269852e-06,7,7,0,0
7999,8,8,8,3.0972491456005002e-06,8,8,0,0
8000,4,4,4,3.82004394516855e-06,4,4,0,0
8001,9,9,9,2.3793566894525497e-06,9,9,0,0
8002,9,9,9,1.9108715818560995e-06,9,9,0,0
8003,7,7,7,1.9070794676778746e-06,7,7,0,0
8004,1,1,1,2.870776366847849e-06,1,1,0,0
8005,1,1,1,1.162748977656669e-06,1,1,0,0
8006,9,9,9,1.9332519514136948e-06,9,9,0,0
8007,0,0,0,3.7947265631999016e-06,0,0,0,0
8008,7,7,7,1.9102539070559033e-06,7,7,0,0
8009,8,8,8,1.9123291012945742e-06,8,8,0,0
8010,3,3,3,1.9035742191420013e-06,3,3,0,0
8011,4,4,4,1.8732421871447968e-06,4,4,0,0
8012,8,8,8,2.909521484184552e-06,8,8,0,0
8013,6,6,6,3.801220703536501e-06,6,6,0,0
8014,3,3,3,1.9064581300298755e-06,3,3,0,0
8015,8,8,8,3.855981445255452e-06,8,8,0,0
8016,0,0,0,2.622111816563688e-06,0,0,0,0
8017,9,9,9,1.9513183602271056e-06,9,9,0,0
8018,6,6,6,2.8315551752200463e-06,6,6,0,0
8019,2,2,2,2.8395385740509482e-06,2,2,0,0
8020,1,1,1,3.8120874030767027e-06,1,1,0,0
8021,0,0,0,1.8600219728881484e-06,0,0,0,0
8022,1,1,1,3.8164965818765495e-06,1,1,0,0
8023,0,0,0,3.3425482177662502e-06,0,0,0,0
8024,6,6,6,4.7597656251952e-06,6,6,0,0
8025,2,2,2,3.1024725342110315e-06,2,2,0,0
8026,3,3,3,2.2670004271585498e-06,3,3,0,0
8027,8,8,8,1.888818360384903e-06,8,8,0,0
8028,9,9,9,2.3802795410254873e-06,9,9,0,0
8029,0,0,0,1.6688568114098246e-06,0,0,0,0
8030,7,7,7,1.902705077938549e-06,7,7,0,0
8031,2,2,2,1.9408569329470993e-06,2,2,0,0
8032,3,3,3,2.845214844171551e-06,3,3,0,0
8033,4,4,4,1.3110529785143044e-06,4,4,0,0
8034,5,5,5,2.8634277349226522e-06,5,5,0,0
8035,5,5,5,2.8981689457197035e-06,5,5,0,0
8036,2,2,2,1.901831055306502e-06,2,2,0,0
8037,8,8,8,1.9384033187463956e-06,8,8,0,0
8038,5,5,5,1.9376464841514007e-06,5,5,0,0
8039,4,4,4,3.3418615723590506e-06,4,4,0,0
8040,6,6,6,3.8319824220423016e-06,6,6,0,0
8041,6,6,6,1.908066406208775e-06,6,6,0,0
8042,6,6,6,2.266913452064756e-06,6,6,0,0
8043,7,7,7,2.909130859762854e-06,7,7,0,0
8044,9,9,9,3.3376391597172983e-06,9,9,0,0
8045,1,1,1,1.54992686463018e-06,1,1,0,0
8046,8,8,8,2.381215820079774e-06,8,8,0,0
8047,2,2,2,1.308717040959806e-06,2,2,0,0
8048,1,1,1,1.4320922847588236e-06,1,1,0,0
8049,5,5,5,1.9511474604883006e-06,5,5,0,0
8050,3,3,3,2.8855224609714014e-06,3,3,0,0
8051,4,4,4,5.7213378923393066e-06,4,4,0,0
8052,7,7,7,1.942077636485351e-06,7,7,0,0
8053,9,9,9,1.8591308581505928e-06,9,9,0,0
8054,4,4,4,3.8118896483751996e-06,4,4,0,0
8055,0,0,0,1.925244140110749e-06,0,0,0,0
8056,0,0,0,1.9099072261496985e-06,0,0,0,0
8057,0,0,0,1.923156737859699e-06,0,0,0,0
8058,1,1,1,1.9072772214911993e-06,1,1,0,0
8059,2,2,2,1.9050244137730488e-06,2,2,0,0
8060,3,3,3,2.3806555171645982e-06,3,3,0,0
8061,4,4,4,4.055275879100151e-06,4,4,0,0
8062,5,5,5,2.862182617136e-06,5,5,0,0
8063,6,6,6,3.771777343786198e-06,6,6,0,0
8064,7,7,7,1.9553710934872015e-06,7,7,0,0
8065,8,8,8,2.142765502810562e-06,8,8,0,0
8066,9,9,9,1.9507812503150035e-06,9,9,0,0
8067,0,0,0,1.427359618944024e-06,0,0,0,0
8068,1,1,1,2.864498291010875e-06,1,1,0,0
8069,2,2,2,1.937463379064752e-06,2,2,0,0
8070,3,3,3,7.648071289168001e-06,3,3,0,0
8071,4,4,4,1.4347363279654246e-06,4,4,0,0
8072,5,5,5,4.810449219405655e-06,5,5,0,0
8073,6,6,6,2.8541259773362526e-06,6,6,0,0
8074,7,7,7,3.7786254889482507e-06,7,7,0,0
8075,8,8,8,2.387033691597651e-06,8,8,0,0
8076,9,9,9,1.4283068852094516e-06,9,9,0,0
8077,0,0,0,2.3869348142468994e-06,0,0,0,0
8078,1,1,1,1.9118127441153376e-06,1,1,0,0
8079,2,2,2,2.8738891604263017e-06,2,2,0,0
8080,3,3,3,1.9327392575263502e-06,3,3,0,0
8081,4,4,4,1.546453857415031e-06,4,4,0,0
8082,5,5,5,2.8348999023819488e-06,5,5,0,0
8083,6,6,6,1.908289794627649e-06,6,6,0,0
8084,9,9,9,1.861035155314994e-06,9,9,0,0
8085,0,0,0,1.9081396480657986e-06,0,0,0,0
8086,1,1,1,1.4335241695917489e-06,1,1,0,0
8087,3,3,3,3.8070312484705937e-06,3,3,0,0
8088,1,1,1,1.9056262203775987e-06,1,1,0,0
8089,5,5,5,2.8650610346403482e-06,5,5,0,0
8090,1,1,1,2.3849853514334995e-06,1,1,0,0
8091,2,2,2,2.980390136742006e-06,2,2,0,0
8092,4,4,4,1.0710540772063126e-06,4,4,0,0
8093,9,9,9,1.921484374278748e-06,9,9,0,0
8094,2,8,8,3.3406176758177253e-06,8,8,0,0
8095,4,4,4,1.4286706546684513e-06,4,4,0,0
8096,6,6,6,1.4257617186874683e-06,6,6,0,0
8097,8,8,8,1.9432373044026008e-06,8,8,0,0
8098,0,0,0,1.9133789059821993e-06,0,0,0,0
8099,1,1,1,2.835144043089599e-06,1,1,0,0
8100,1,1,1,1.9122387691083986e-06,1,1,0,0
8101,9,9,9,1.9095971683924517e-06,9,9,0,0
8102,2,2,2,3.5807873532966994e-06,2,2,0,0
8103,6,6,6,2.6216241453269618e-06,6,6,0,0
8104,6,6,6,1.9572021479064006e-06,6,6,0,0
8105,8,8,8,2.384470215055501e-06,8,8,0,0
8106,7,7,7,1.911513671792875e-06,7,7,0,0
8107,4,4,4,3.0398518066077074e-06,4,4,0,0
8108,2,2,2,4.756799317107152e-06,2,2,0,0
8109,9,9,9,1.4343981931119743e-06,9,9,0,0
8110,7,7,7,4.7738769524130475e-06,7,7,0,0
8111,0,0,0,1.9009643548173472e-06,0,0,0,0
8112,2,2,2,2.903369139772849e-06,2,2,0,0
8113,1,1,1,1.8477237209296726e-06,1,1,0,0
8114,0,0,0,1.919824219598354e-06,0,0,0,0
8115,3,3,3,2.86800537097065e-06,3,3,0,0
8116,6,6,6,4.287828979432362e-06,6,6,0,0
8117,0,0,0,2.8649926751000976e-06,0,0,0,0
8118,1,1,1,2.8910644527258e-06,1,1,0,0
8119,2,2,2,1.6658630372923255e-06,2,2,0,0
8120,3,3,3,3.770092774857403e-06,3,3,0,0
8121,4,4,4,1.9016113288472525e-06,4,4,0,0
8122,5,5,5,2.1453631591228373e-06,5,5,0,0
8123,6,6,6,2.459065948479111e-06,6,6,0,0
8124,7,7,7,2.8573974608647745e-06,7,7,0,0
8125,8,8,8,1.902549438437262e-06,8,8,0,0
8126,9,9,9,1.913574218193048e-06,9,9,0,0
8127,0,0,0,1.921386719061502e-06,0,0,0,0
8128,1,1,1,3.2138064576248127e-06,1,1,0,0
8129,2,2,2,2.8116943351363943e-06,2,2,0,0
8130,3,3,3,3.7834472657038987e-06,3,3,0,0
8131,4,4,4,1.933593750891305e-06,4,4,0,0
8132,5,5,5,1.9033178713101506e-06,5,5,0,0
8133,6,6,6,1.8991210950503046e-06,6,6,0,0
8134,7,7,7,2.849780273095348e-06,7,7,0,0
8135,8,8,8,2.87172851543005e-06,8,8,0,0
8136,9,9,9,1.910531006288352e-06,9,9,0,0
8137,0,0,0,2.5628435669222682e-06,0,0,0,0
8138,1,1,1,2.3856567379354487e-06,1,1,0,0
8139,2,2,2,1.9005371107994051e-06,2,2,0,0
8140,3,3,3,2.852539061848347e-06,3,3,0,0
8141,4,4,4,3.7802124026597994e-06,4,4,0,0
8142,5,5,5,1.954992676189704e-06,5,5,0,0
8143,6,6,6,2.8901855468888016e-06,6,6,0,0
8144,7,7,7,1.8826660159732e-06,7,7,0,0
8145,8,8,8,1.00211181575105e-06,8,8,0,0
8146,9,9,9,2.85655395515505e-06,9,9,0,0
8147,8,8,8,9.048461908633953e-07,8,8,0,0
8148,6,6,6,2.386097412099275e-06,6,6,0,0
8149,5,5,5,2.150270995926462e-06,5,5,0,0
8150,9,9,9,3.852990722919003e-06,9,9,0,0
8151,7,7,7,9.487426755327988e-07,7,7,0,0
8152,0,0,0,1.8647094730539493e-06,0,0,0,0
8153,2,2,2,1.4331506346110245e-06,2,2,0,0
8154,3,3,3,1.910036621310951e-06,3,3,0,0
8155,4,4,4,2.8603271484684e-06,4,4,0,0
8156,3,3,3,3.830566406293201e-06,3,3,0,0
8157,8,8,8,3.7979736333682013e-06,8,8,0,0
8158,5,5,5,1.908449706711224e-06,5,5,0,0
8159,1,1,1,2.379766845805875e-06,1,1,0,0
8160,5,5,5,9.497729491769746e-07,5,5,0,0
8161,2,2,2,9.557641602597755e-07,2,2,0,0
8162,3,3,3,1.9571289051611984e-06,3,3,0,0
8163,0,0,0,1.4354113773151767e-06,0,0,0,0
8164,1,1,1,4.296136475012702e-06,1,1,0,0
8165,2,2,2,1.0131234588484084e-06,2,2,0,0
8166,1,1,1,1.9117175291682997e-06,1,1,0,0
8167,3,3,3,3.821240234458401e-06,3,3,0,0
8168,2,2,2,2.8653759773789034e-06,2,2,0,0
8169,6,6,6,1.933593749114948e-06,6,6,0,0
8170,5,5,5,3.8112036140347527e-06,5,5,0,0
8171,3,3,3,2.3812036129555736e-06,3,3,0,0
8172,0,0,0,1.9060620122246519e-06,0,0,0,0
8173,7,7,7,1.9125488286420023e-06,7,7,0,0
8174,2,2,2,2.893420409932901e-06,2,2,0,0
8175,7,7,7,2.1433673094151118e-06,7,7,0,0
8176,4,4,4,1.9112304698865046e-06,4,4,0,0
8177,6,6,6,2.900012207263103e-06,6,6,0,0
8178,4,4,4,2.382287597413324e-06,4,4,0,0
8179,0,0,0,1.9102368167267514e-06,0,0,0,0
8180,5,5,5,9.933837894493536e-07,5,5,0,0
8181,9,9,9,1.8806762689393963e-06,9,9,0,0
8182,9,9,9,1.907590332805853e-06,9,9,0,0
8183,8,8,8,2.860638427470974e-06,8,8,0,0
8184,9,9,9,1.9159423825243493e-06,9,9,0,0
8185,5,5,5,2.8485961909296975e-06,5,5,0,0
8186,3,3,3,3.7797851568655005e-06,3,3,0,0
8187,1,1,1,1.9058471680821754e-06,1,1,0,0
8188,7,7,7,2.024133606060019e-06,7,7,0,0
8189,4,4,4,1.4312780765024513e-06,4,4,0,0
8190,7,7,7,2.1503012084256312e-06,7,7,0,0
8191,6,6,6,4.79213867166095e-06,6,6,0,0
8192,5,5,5,1.952258299908749e-06,5,5,0,0
8193,4,4,4,2.8618310548012005e-06,4,4,0,0
8194,0,0,0,1.8643798824768965e-06,0,0,0,0
8195,0,0,0,1.4292456054221248e-06,0,0,0,0
8196,6,6,6,4.81168212829175e-07,6,6,0,0
8197,6,6,6,1.9219726574704055e-06,6,6,0,0
8198,2,2,2,2.8588842777566015e-06,2,2,0,0
8199,0,0,0,9.8674316362235e-07,0,0,0,0
8200,6,6,6,1.948071288282449e-06,6,6,0,0
8201,3,3,3,1.8585693375428036e-06,3,3,0,0
8202,7,7,7,9.534130853694478e-07,7,7,0,0
8203,7,7,7,2.904003906678554e-06,7,7,0,0
8204,4,4,4,1.9097290042680015e-06,4,4,0,0
8205,4,4,4,3.3425927732366745e-06,4,4,0,0
8206,3,3,3,1.954785156854655e-06,3,3,0,0
8207,9,9,9,1.905090332599002e-06,9,9,0,0
8208,2,2,2,9.820922848291502e-07,2,2,0,0
8209,8,8,8,3.3413024898010235e-06,8,8,0,0
8210,9,9,9,1.9357055656143984e-06,9,9,0,0
8211,6,6,6,1.9475830086435053e-06,6,6,0,0
8212,0,0,0,2.9091064455144533e-06,0,0,0,0
8213,9,9,9,1.9106396482726495e-06,9,9,0,0
8214,5,5,5,2.8877197273402544e-06,5,5,0,0
8215,3,3,3,3.7893554676315944e-06,3,3,0,0
8216,8,8,8,2.864835205507177e-06,8,8,0,0
8217,8,8,8,1.918859863891953e-06,8,8,0,0
8218,7,7,7,1.0711007689678809e-06,7,7,0,0
8219,1,1,1,1.909143065859098e-06,1,1,0,0
8220,4,4,4,1.8807373045603981e-06,4,4,0,0
8221,0,0,0,1.4299194335265497e-06,0,0,0,0
8222,4,4,4,3.8178222654394744e-06,4,4,0,0
8223,8,8,8,3.3426013184012504e-06,8,8,0,0
8224,5,5,5,1.8874755856046477e-06,5,5,0,0
8225,2,2,2,4.803124999952502e-06,2,2,0,0
8226,3,3,3,2.8192871095455985e-06,3,3,0,0
8227,9,9,9,1.8919555664353993e-06,9,9,0,0
8228,0,0,0,9.560107425699016e-07,0,0,0,0
8229,1,1,1,1.8630859379697995e-06,1,1,0,0
8230,9,9,9,1.8993408197331973e-06,9,9,0,0
8231,1,1,1,2.8628002928243745e-06,1,1,0,0
8232,5,5,5,1.902634277684001e-06,5,5,0,0
8233,1,1,1,1.943847657059905e-06,1,1,0,0
8234,7,7,7,9.547534176590489e-07,7,7,0,0
8235,4,4,4,2.8625122077130527e-06,4,4,0,0
8236,8,8,8,1.908505859127274e-06,8,8,0,0
8237,6,6,6,1.9071411134774507e-06,6,6,0,0
8238,2,2,2,2.8403442389191014e-06,2,2,0,0
8239,1,1,1,1.9030859377267006e-06,1,1,0,0
8240,6,6,6,1.9016845698160978e-06,6,6,0,0
8241,8,8,8,1.0706335449306437e-06,8,8,0,0
8242,8,8,8,1.9049523922731737e-06,8,8,0,0
8243,0,0,0,1.9181762702658034e-06,0,0,0,0
8244,1,1,1,1.9045947263762741e-06,1,1,0,0
8245,2,2,2,9.581738282804508e-07,2,2,0,0
8246,3,3,3,2.3867968748092494e-06,3,3,0,0
8247,4,4,4,2.3809289553256008e-06,4,4,0,0
8248,7,7,7,2.3878869628291e-06,7,7,0,0
8249,8,8,8,1.9044433585690967e-06,8,8,0,0
8250,9,9,9,1.668781738350944e-06,9,9,0,0
8251,0,0,0,1.9064672844848474e-06,0,0,0,0
8252,1,1,1,2.8629638677557523e-06,1,1,0,0
8253,2,2,2,1.90953613277145e-06,2,2,0,0
8254,3,3,3,2.1504913330083752e-06,3,3,0,0
8255,4,4,4,1.4270733643684252e-06,4,4,0,0
8256,6,6,6,3.7657348634922982e-06,6,6,0,0
8257,7,7,7,1.9105297850430247e-06,7,7,0,0
8258,8,8,8,1.911157226253124e-06,8,8,0,0
8259,9,9,9,1.6697583009595007e-06,9,9,0,0
8260,0,0,0,9.55102539279551e-07,0,0,0,0
8261,1,1,1,2.385897827306138e-06,1,1,0,0
8262,2,2,2,2.869970703756053e-06,2,2,0,0
8263,3,3,3,1.909787597398349e-06,3,3,0,0
8264,4,4,4,1.920751953932154e-06,4,4,0,0
8265,7,7,7,3.4600833129783126e-06,7,7,0,0
8266,8,8,8,1.8875976550702944e-06,8,8,0,0
8267,9,9,9,1.8850341803045012e-06,9,9,0,0
8268,1,1,1,1.9114355467308997e-06,1,1,0,0
8269,4,4,4,2.8440673833785013e-06,4,4,0,0
8270,5,5,5,2.385028076368201e-06,5,5,0,0
8271,3,3,3,3.7718261722829993e-06,3,3,0,0
8272,3,3,3,2.756562980654742e-06,3,3,0,0
8273,0,0,0,2.8600964352420988e-06,0,0,0,0
8274,9,9,9,1.4340734866280513e-06,9,9,0,0
8275,5,5,5,9.550793456103435e-07,5,5,0,0
8276,4,4,4,2.8567309566795984e-06,4,4,0,0
8277,3,3,3,2.3816381835572997e-06,3,3,0,0
8278,0,0,0,2.1415447997163994e-06,0,0,0,0
8279,8,9,9,1.9040722656349374e-06,9,9,0,0
8280,4,4,4,1.909759521190324e-06,4,4,0,0
8281,6,6,6,1.8893432613964478e-06,6,6,0,0
8282,7,7,7,1.8884765609072929e-06,7,7,0,0
8283,0,0,0,1.9047131347704749e-06,0,0,0,0
8284,7,7,7,1.9057373048525506e-06,7,7,0,0
8285,7,7,7,1.9033105473909018e-06,7,7,0,0
8286,1,1,1,2.858818358930648e-06,1,1,0,0
8287,6,6,6,1.8591064456785489e-06,6,6,0,0
8288,9,9,9,1.3706483764641675e-06,9,9,0,0
8289,1,1,1,3.8190063484933034e-06,1,1,0,0
8290,3,3,3,1.8920654305532025e-06,3,3,0,0
8291,6,6,6,1.9348388669016003e-06,6,6,0,0
8292,2,2,2,1.904998779389544e-06,2,2,0,0
8293,3,3,3,1.9045648194104814e-06,3,3,0,0
8294,8,8,8,2.8605810538095966e-06,8,8,0,0
8295,2,2,2,1.8665405274731484e-06,2,2,0,0
8296,3,3,3,2.8812011727552544e-06,3,3,0,0
8297,8,8,8,1.6731030272332248e-06,8,8,0,0
8298,9,9,9,1.9113647464763517e-06,9,9,0,0
8299,5,5,5,1.1693495788611674e-06,5,5,0,0
8300,8,8,8,1.9111590576770254e-06,8,8,0,0
8301,8,8,8,2.8160766607499e-06,8,8,0,0
8302,7,7,7,1.6728338620985994e-06,7,7,0,0
8303,1,1,1,9.543676764423026e-07,1,1,0,0
8304,7,7,7,2.8684326167649488e-06,7,7,0,0
8305,1,1,1,1.9060217288924264e-06,1,1,0,0
8306,1,1,1,1.4302343749328372e-06,1,1,0,0
8307,0,0,0,1.907910156973003e-06,0,0,0,0
8308,3,3,3,2.8575000001751505e-06,3,3,0,0
8309,4,4,4,1.9114868159419984e-06,4,4,0,0
8310,2,2,2,9.677001955310516e-07,2,2,0,0
8311,6,6,6,2.389171752881225e-06,6,6,0,0
8312,4,4,4,2.8798095694781978e-06,4,4,0,0
8313,7,7,7,2.1421838378721247e-06,7,7,0,0
8314,4,4,4,1.877310424780454e-06,4,4,0,0
8315,2,2,2,1.904438477140502e-06,2,2,0,0
8316,7,7,7,1.9476562496123506e-06,7,7,0,0
8317,4,4,4,1.9092260741260247e-06,4,4,0,0
8318,2,2,2,4.7294677738562996e-06,2,2,0,0
8319,9,9,9,2.8849609368108986e-06,9,9,0,0
8320,2,2,2,1.429246215600699e-06,2,2,0,0
8321,7,7,7,1.2521726379111087e-06,7,7,0,0
8322,9,9,9,2.380045166283651e-06,9,9,0,0
8323,2,2,2,1.9044848631466493e-06,2,2,0,0
8324,1,1,1,1.4300659181287756e-06,1,1,0,0
8325,0,0,0,2.901879883054903e-06,0,0,0,0
8326,6,6,6,2.3882312012446505e-06,6,6,0,0
8327,5,5,5,1.95509033140695e-06,5,5,0,0
8328,3,3,3,3.0994890975882816e-06,3,3,0,0
8329,4,4,4,1.434701538016725e-06,4,4,0,0
8330,8,8,8,1.930029295493796e-06,8,8,0,0
8331,5,5,5,1.9502807617755025e-06,5,5,0,0
8332,9,9,9,2.8177856439270954e-06,9,9,0,0
8333,6,6,6,9.838111572069153e-07,6,6,0,0
8334,9,9,9,3.819555663753249e-06,9,9,0,0
8335,0,0,0,2.8659814450548993e-06,0,0,0,0
8336,6,6,6,1.433629760683175e-06,6,6,0,0
8337,3,3,3,1.934252928492697e-06,3,3,0,0
8338,0,0,0,9.694091804846039e-07,0,0,0,0
8339,8,8,8,9.581103519451517e-07,8,8,0,0
8340,1,1,1,1.698408569339449e-06,1,1,0,0
8341,6,6,6,2.857734374472898e-06,6,6,0,0
8342,0,0,0,1.8796752936367511e-06,0,0,0,0
8343,0,0,0,1.910856934017602e-06,0,0,0,0
8344,1,1,1,1.0711489868420188e-06,1,1,0,0
8345,2,2,2,1.663980102595275e-06,2,2,0,0
8346,3,3,3,3.801293946281703e-06,3,3,0,0
8347,4,4,4,2.856181641419653e-06,4,4,0,0
8348,5,5,5,9.739379880358001e-07,5,5,0,0
8349,6,6,6,1.9062963865223992e-06,6,6,0,0
8350,7,7,7,1.8898315428117485e-06,7,7,0,0
8351,0,0,0,1.4308184814737501e-06,0,0,0,0
8352,1,1,1,2.8568725589650512e-06,1,1,0,0
8353,2,2,2,1.9275878901936494e-06,2,2,0,0
8354,3,3,3,1.9039685055233235e-06,3,3,0,0
8355,4,4,4,1.907922364097203e-06,4,4,0,0
8356,7,7,7,1.952563476237401e-06,7,7,0,0
8357,8,8,8,2.8641967766418475e-06,8,8,0,0
8358,9,9,9,2.8590454093091466e-06,9,9,0,0
8359,0,0,0,1.7861010741526684e-06,0,0,0,0
8360,1,1,1,3.3387158202558e-06,1,1,0,0
8361,2,2,2,1.9495849610251526e-06,2,2,0,0
8362,3,3,3,3.8305175777963996e-06,3,3,0,0
8363,4,4,4,2.0266273040858707e-06,4,4,0,0
8364,7,7,7,1.907866211681153e-06,7,7,0,0
8365,2,2,2,1.9054541020580018e-06,2,2,0,0
8366,5,5,5,1.9448242181141495e-06,5,5,0,0
8367,1,1,1,1.1923498535182375e-06,1,1,0,0
8368,6,6,6,2.864057616847049e-06,6,6,0,0
8369,4,4,4,2.742215652440372e-06,4,4,0,0
8370,3,3,3,3.7732421880321e-06,3,3,0,0
8371,9,9,9,2.8399169913484457e-06,9,9,0,0
8372,9,9,9,1.904025879184701e-06,9,9,0,0
8373,0,0,0,3.847424316916204e-06,0,0,0,0
8374,9,9,9,2.862333984054999e-06,9,9,0,0
8375,7,7,7,2.3814575191849485e-06,7,7,0,0
8376,1,1,1,1.4342263794375754e-06,1,1,0,0
8377,6,6,6,1.8594360344792449e-06,6,6,0,0
8378,4,4,4,1.9077661130850743e-06,4,4,0,0
8379,3,3,3,1.887084959406593e-06,3,3,0,0
8380,6,6,6,1.784416503891606e-06,6,6,0,0
8381,2,2,2,2.859799804966201e-06,2,2,0,0
8382,0,2,2,1.9060400386905485e-06,0,0,0,0
8383,9,9,9,1.911524047937263e-06,9,9,0,0
8384,8,8,8,2.8611291504887504e-06,8,8,0,0
8385,6,6,6,3.5755096434719746e-06,6,6,0,0
8386,5,5,5,1.910886229694597e-06,5,5,0,0
8387,7,7,7,1.427343750082244e-06,7,7,0,0
8388,0,0,0,2.6210748291788377e-06,0,0,0,0
8389,0,0,0,2.8166259760098455e-06,0,0,0,0
8390,1,1,1,9.582397453300473e-07,1,1,0,0
8391,7,7,7,1.9072827139865467e-06,7,7,0,0
8392,4,4,4,3.338937988317525e-06,4,4,0,0
8393,3,3,3,2.864377441458288e-06,3,3,0,0
8394,2,2,2,3.776074219530301e-06,2,2,0,0
8395,4,4,4,1.4256347657948254e-06,4,4,0,0
8396,1,1,1,1.9078674320383016e-06,1,1,0,0
8397,3,3,3,1.4301867672372737e-06,3,3,0,0
8398,7,7,7,1.9520385734494994e-06,7,7,0,0
8399,6,6,6,1.9469604488620007e-06,6,6,0,0
8400,4,4,4,1.904137573394138e-06,4,4,0,0
8401,7,7,7,1.858740233728895e-06,7,7,0,0
8402,7,7,7,1.4308673095264623e-06,7,7,0,0
8403,7,7,7,1.9095629886223264e-06,7,7,0,0
8404,9,9,9,1.8939941401896476e-06,9,9,0,0
8405,8,8,8,1.9121240235620007e-06,8,8,0,0
8406,4,4,4,1.904813232478375e-06,4,4,0,0
8407,3,3,3,1.8781494155462042e-06,3,3,0,0
8408,8,5,5,1.4257421874219744e-06,5,5,0,0
8409,2,2,2,1.903427733651597e-06,2,2,0,0
8410,8,8,8,2.860712891461503e-06,8,8,0,0
8411,3,3,3,1.922326660519502e-06,3,3,0,0
8412,5,5,5,2.3867822269707517e-06,5,5,0,0
8413,8,8,8,1.8708984370618964e-06,8,8,0,0
8414,0,0,0,1.4282238769425248e-06,0,0,0,0
8415,5,5,5,1.908239745773699e-06,5,5,0,0
8416,4,4,4,1.426917724423049e-06,4,4,0,0
8417,7,7,7,1.9150512695631505e-06,7,7,0,0
8418,1,1,1,1.4305786129042986e-06,1,1,0,0
8419,3,3,3,1.9182861343836066e-06,3,3,0,0
8420,1,1,1,1.946740722402751e-06,1,1,0,0
8421,7,7,7,1.942578123248495e-06,7,7,0,0
8422,9,9,9,2.028183288649288e-06,9,9,0,0
8423,6,6,6,1.43407165520415e-06,6,6,0,0
8424,2,2,2,1.9053710929028966e-06,2,2,0,0
8425,0,0,0,1.4295617676296501e-06,0,0,0,0
8426,9,9,9,1.6646661378239003e-06,9,9,0,0
8427,1,1,1,1.932641602309104e-06,1,1,0,0
8428,7,7,7,1.905847167193997e-06,7,7,0,0
8429,3,3,3,3.786254882953699e-06,3,3,0,0
8430,3,3,3,2.8625708008434003e-06,3,3,0,0
8431,9,9,9,1.910456543186001e-06,9,9,0,0
8432,1,1,1,1.9116601563951008e-06,1,1,0,0
8433,6,6,6,1.8779174801863974e-06,6,6,0,0
8434,4,4,4,2.8794067379322996e-06,4,4,0,0
8435,3,3,3,1.904111328165925e-06,3,3,0,0
8436,9,9,9,1.4345471193166759e-06,9,9,0,0
8437,8,8,8,2.856057129463352e-06,8,8,0,0
8438,2,2,2,1.4258331297867244e-06,2,2,0,0
8439,1,1,1,9.579516602187255e-07,1,1,0,0
8440,8,8,8,4.7369506841477005e-06,8,8,0,0
8441,6,6,6,1.9496093752735533e-06,6,6,0,0
8442,4,4,4,2.6192407225344994e-06,4,4,0,0
8443,1,1,1,9.837693481506982e-07,1,1,0,0
8444,5,5,5,1.910101318447488e-06,5,5,0,0
8445,5,5,5,9.554321289684253e-07,5,5,0,0
8446,6,6,6,2.864831542659374e-06,6,6,0,0
8447,5,5,5,7.637402344329303e-06,5,5,0,0
8448,0,0,0,9.516436767498249e-07,0,0,0,0
8449,1,1,1,2.8862670902185528e-06,1,1,0,0
8450,2,2,2,2.8586486813253487e-06,2,2,0,0
8451,3,3,3,1.920581054193349e-06,3,3,0,0
8452,4,4,4,1.4314196778997257e-06,4,4,0,0
8453,5,5,5,1.5543920899308006e-06,5,5,0,0
8454,6,6,6,1.8794921885501026e-06,6,6,0,0
8455,7,7,7,1.916235351728801e-06,7,7,0,0
8456,8,8,8,1.8746948242664985e-06,8,8,0,0
8457,9,9,9,3.8569580063096964e-06,9,9,0,0
8458,0,0,0,1.8711791991421478e-06,0,0,0,0
8459,1,1,1,3.8183142088143995e-06,1,1,0,0
8460,2,2,2,1.8966064452285991e-06,2,2,0,0
8461,3,3,3,2.3861901858879264e-06,3,3,0,0
8462,4,4,4,2.841198730507699e-06,4,4,0,0
8463,5,5,5,1.909465332516902e-06,5,5,0,0
8464,6,6,6,1.9045556634011973e-06,6,6,0,0
8465,7,7,7,2.3832678222035497e-06,7,7,0,0
8466,8,8,8,2.858898925595099e-06,8,8,0,0
8467,9,9,9,2.8953002928489013e-06,9,9,0,0
8468,0,0,0,1.8681030269362964e-06,0,0,0,0
8469,1,1,1,1.903352051080276e-06,1,1,0,0
8470,2,2,2,1.9218750004768026e-06,2,2,0,0
8471,3,3,3,3.797094727531203e-06,3,3,0,0
8472,4,4,4,2.8353271481762476e-06,4,4,0,0
8473,5,5,5,2.8570068355548983e-06,5,5,0,0
8474,6,6,6,2.887268065521198e-06,6,6,0,0
8475,7,7,7,3.837194824996004e-06,7,7,0,0
8476,8,8,8,3.7823364262834502e-06,8,8,0,0
8477,9,9,9,2.0303192138637627e-06,9,9,0,0
8478,6,6,6,3.771313476619298e-06,6,6,0,0
8479,9,9,9,1.9346801760633525e-06,9,9,0,0
8480,7,7,7,9.561352545262025e-07,7,7,0,0
8481,0,0,0,1.672221069171087e-06,0,0,0,0
8482,2,2,2,3.799926757253047e-06,2,2,0,0
8483,3,3,3,1.905590821138503e-06,3,3,0,0
8484,4,4,4,1.9399414057374997e-06,4,4,0,0
8485,3,3,3,3.852392577385899e-06,3,3,0,0
8486,8,8,8,2.3845472717498595e-06,8,8,0,0
8487,5,5,5,1.8869995113135474e-06,5,5,0,0
8488,1,1,1,9.555114743875492e-07,1,1,0,0
8489,3,3,3,1.910334472832176e-06,3,3,0,0
8490,0,0,0,1.664520263844338e-06,0,0,0,0
8491,1,1,1,1.6684936521293992e-06,1,1,0,0
8492,2,2,2,1.897900391512053e-06,2,2,0,0
8493,1,1,1,2.3825732418103485e-06,1,1,0,0
8494,3,3,3,1.9302490237294023e-06,3,3,0,0
8495,2,2,2,1.91922607406525e-06,2,2,0,0
8496,0,0,0,1.4256066895868003e-06,0,0,0,0
8497,7,7,7,1.4294995116514997e-06,7,7,0,0
8498,2,2,2,2.881909178853448e-06,2,2,0,0
8499,6,6,6,1.8666015613177933e-06,6,6,0,0
8500,4,4,4,2.1506121825609625e-06,4,4,0,0
8501,0,0,0,2.383528442173599e-06,0,0,0,0
8502,5,5,5,2.865576171018347e-06,5,5,0,0
8503,9,9,9,2.8600512695931e-06,9,9,0,0
8504,9,9,9,1.9371337884876993e-06,9,9,0,0
8505,8,8,8,1.955285645394156e-06,8,8,0,0
8506,9,9,9,3.8026367192856014e-06,9,9,0,0
8507,5,5,5,3.815007324270425e-06,5,5,0,0
8508,3,3,3,1.9102465813602976e-06,3,3,0,0
8509,1,1,1,3.814000244073412e-06,1,1,0,0
8510,7,7,7,1.9103027355527047e-06,7,7,0,0
8511,4,4,4,3.824316406664252e-06,4,4,0,0
8512,7,7,7,2.1451922607163e-06,7,7,0,0
8513,0,0,0,1.196596679520212e-06,0,0,0,0
8514,0,0,0,1.8727661128536965e-06,0,0,0,0
8515,6,6,6,1.1964984130141687e-06,6,6,0,0
8516,6,6,6,1.9165161138090525e-06,6,6,0,0
8517,6,6,6,9.864624015420986e-07,6,6,0,0
8518,3,3,3,3.7685668949904993e-06,3,3,0,0
8519,7,7,7,5.7308105461117975e-06,7,7,0,0
8520,4,4,4,1.9061035150258476e-06,4,4,0,0
8521,2,2,2,2.3872351073706e-06,2,2,0,0
8522,8,8,8,2.8675659180521507e-06,8,8,0,0
8523,9,9,9,2.8566650387418235e-06,9,9,0,0
8524,8,8,8,1.8963623045209488e-06,8,8,0,0
8525,7,7,7,1.9064257816836516e-06,7,7,0,0
8526,1,1,1,1.905972900395625e-06,1,1,0,0
8527,4,4,4,2.8013506012114497e-06,4,4,0,0
8528,0,0,0,2.8538574223802016e-06,0,0,0,0
8529,4,4,4,2.1505691527590187e-06,4,4,0,0
8530,8,8,8,1.9422729486962e-06,8,8,0,0
8531,5,5,5,1.9565307614044514e-06,5,5,0,0
8532,2,2,2,2.820202636755198e-06,2,2,0,0
8533,3,3,3,1.912259521397175e-06,3,3,0,0
8534,9,9,9,2.6243054200847382e-06,9,9,0,0
8535,0,0,0,1.947509765898303e-06,0,0,0,0
8536,1,1,1,2.38681518549555e-06,1,1,0,0
8537,9,9,9,1.9464965816951008e-06,9,9,0,0
8538,1,1,1,1.9050708015555529e-06,1,1,0,0
8539,5,5,5,1.9375732414061986e-06,5,5,0,0
8540,1,1,1,2.8951782233832546e-06,1,1,0,0
8541,7,7,7,1.916259765977202e-06,7,7,0,0
8542,6,6,6,2.8977661123974485e-06,6,6,0,0
8543,1,1,1,9.765014645779502e-07,1,1,0,0
8544,2,2,2,3.7799560548279487e-06,2,2,0,0
8545,1,1,1,1.4294628907229878e-06,1,1,0,0
8546,6,6,6,1.9110742188743757e-06,6,6,0,0
8547,8,8,8,1.923974608075696e-06,8,8,0,0
8548,0,0,0,2.386757812722351e-06,0,0,0,0
8549,1,1,1,4.767585449982903e-06,1,1,0,0
8550,2,2,2,2.3812646485765754e-06,2,2,0,0
8551,3,3,3,1.9138183589006985e-06,3,3,0,0
8552,4,4,4,1.912841796070097e-06,4,4,0,0
8553,5,5,5,1.3709553207397196e-06,5,5,0,0
8554,6,6,6,3.779565430406251e-06,6,6,0,0
8555,7,7,7,2.829882811639095e-06,7,7,0,0
8556,8,8,8,3.8152465826613025e-06,8,8,0,0
8557,9,9,9,2.8167602543760495e-06,9,9,0,0
8558,0,0,0,9.791870123621038e-07,0,0,0,0
8559,1,1,1,1.9113964846440012e-06,1,1,0,0
8560,2,2,2,2.8561401368421002e-06,2,2,0,0
8561,3,3,3,3.7826416026121024e-06,3,3,0,0
8562,4,4,4,2.812915038674646e-06,4,4,0,0
8563,5,5,5,2.8657519539621035e-06,5,5,0,0
8564,6,6,6,1.9114868159419984e-06,6,6,0,0
8565,7,7,7,2.857058104765997e-06,7,7,0,0
8566,8,8,8,2.8595263668051984e-06,8,8,0,0
8567,0,0,0,1.43393676754755e-06,0,0,0,0
8568,1,1,1,2.3856506343733486e-06,1,1,0,0
8569,2,2,2,3.7739501941302933e-06,2,2,0,0
8570,3,3,3,3.8007690434938013e-06,3,3,0,0
8571,5,5,5,1.9109301758746255e-06,5,5,0,0
8572,6,6,6,3.8175048828748e-06,6,6,0,0
8573,7,7,7,1.9100585930686975e-06,7,7,0,0
8574,8,8,8,2.83587646521255e-06,8,8,0,0
8575,1,1,1,9.861206056172023e-07,1,1,0,0
8576,0,0,0,1.9073486328125e-06,0,0,0,0
8577,4,4,4,2.3837036131624245e-06,4,4,0,0
8578,5,5,5,1.4274157713600744e-06,5,5,0,0
8579,6,6,6,2.8649389651747015e-06,6,6,0,0
8580,6,6,6,1.8694824213127959e-06,6,6,0,0
8581,3,3,3,3.833032225841748e-06,3,3,0,0
8582,4,4,4,3.809375000329851e-06,4,4,0,0
8583,4,4,4,1.9044140628921014e-06,4,4,0,0
8584,2,2,2,1.9081188966652007e-06,2,2,0,0
8585,8,8,8,1.8732177728963961e-06,8,8,0,0
8586,1,1,1,1.4334631348589255e-06,1,1,0,0
8587,0,0,0,2.8648388674668013e-06,0,0,0,0
8588,6,6,6,1.9082287598948255e-06,6,6,0,0
8589,4,4,4,1.925415038073197e-06,4,4,0,0
8590,9,9,9,1.909340820560601e-06,9,9,0,0
8591,7,7,7,1.9047827155560526e-06,7,7,0,0
8592,2,2,2,2.833410643887646e-06,2,2,0,0
8593,9,9,9,2.8659374997630493e-06,9,9,0,0
8594,2,2,2,2.8979614263846543e-06,2,2,0,0
8595,0,0,0,2.148410644498e-06,0,0,0,0
8596,9,9,9,1.2811151580693902e-06,9,9,0,0
8597,3,3,3,2.1471917723836498e-06,3,3,0,0
8598,3,3,3,1.9150146499669063e-06,3,3,0,0
8599,9,9,9,1.888183593479198e-06,9,9,0,0
8600,1,1,1,1.4300305180015016e-06,1,1,0,0
8601,5,5,5,1.8831542973885007e-06,5,5,0,0
8602,2,2,2,1.9548706049477005e-06,2,2,0,0
8603,3,3,3,1.9667741394391314e-06,3,3,0,0
8604,1,1,1,1.4259533691607373e-06,1,1,0,0
8605,6,6,6,2.853076171760449e-06,6,6,0,0
8606,7,7,7,1.9125244143936015e-06,7,7,0,0
8607,3,3,3,2.850610352211902e-06,3,3,0,0
8608,7,7,7,1.9429687512229066e-06,7,7,0,0
8609,8,8,8,1.9089404297290002e-06,8,8,0,0
8610,4,4,4,2.8634448243636257e-06,4,4,0,0
8611,0,0,0,3.823474120423498e-06,0,0,0,0
8612,2,2,2,2.8591381839859764e-06,2,2,0,0
8613,4,4,4,2.834448242339249e-06,4,4,0,0
8614,0,0,0,2.3867602543248267e-06,0,0,0,0
8615,2,2,2,1.939318847732352e-06,2,2,0,0
8616,4,4,4,1.5475180052959558e-06,4,4,0,0
8617,7,7,7,1.906938477347353e-06,7,7,0,0
8618,8,8,8,1.9059155267342476e-06,8,8,0,0
8619,0,0,0,2.3873559573672765e-06,0,0,0,0
8620,7,7,7,9.550256345747243e-07,7,7,0,0
8621,0,0,0,1.951757813145605e-06,0,0,0,0
8622,6,6,6,9.754272465301028e-07,6,6,0,0
8623,9,9,9,1.9453247066536505e-06,9,9,0,0
8624,3,3,3,9.59997558780401e-07,3,3,0,0
8625,2,2,2,1.9260375978547017e-06,2,2,0,0
8626,4,4,4,1.8952148437278993e-06,4,4,0,0
8627,8,8,8,1.9269042965675e-06,8,8,0,0
8628,6,6,6,1.9064062506402024e-06,6,6,0,0
8629,0,0,0,2.8593139642651977e-06,0,0,0,0
8630,5,5,5,3.8136645503783484e-06,5,5,0,0
8631,7,7,7,1.943579100327497e-06,7,7,0,0
8632,5,5,5,9.560552980403259e-07,5,5,0,0
8633,1,1,1,1.9093969729766513e-06,1,1,0,0
8634,0,0,0,1.4317517091910759e-06,0,0,0,0
8635,8,8,8,2.8639672855490517e-06,8,8,0,0
8636,1,1,1,1.4319787595695743e-06,1,1,0,0
8637,6,6,6,1.9043151855413498e-06,6,6,0,0
8638,7,7,7,2.144898681777363e-06,7,7,0,0
8639,2,2,2,2.1471936035855066e-06,2,2,0,0
8640,9,9,9,1.9119140617362973e-06,9,9,0,0
8641,7,7,7,1.8648193353953957e-06,7,7,0,0
8642,9,9,9,1.6666381834617994e-06,9,9,0,0
8643,5,5,5,2.856298827680348e-06,5,5,0,0
8644,6,6,6,1.1879913328627367e-06,6,6,0,0
8645,5,5,5,2.8577319337586005e-06,5,5,0,0
8646,2,2,2,9.576049802006992e-07,2,2,0,0
8647,6,6,6,2.8416381834261983e-06,6,6,0,0
8648,2,2,2,1.912136230686201e-06,2,2,0,0
8649,8,8,8,1.9086633304965517e-06,8,8,0,0
8650,1,1,1,2.9050903318506016e-06,1,1,0,0
8651,7,7,7,7.161254882426249e-07,7,7,0,0
8652,5,5,5,1.6694915769832619e-06,5,5,0,0
8653,5,5,5,1.9034179690180508e-06,5,5,0,0
8654,7,7,7,1.9089599625488063e-06,7,7,0,0
8655,3,3,3,2.38495361326585e-06,3,3,0,0
8656,5,5,5,9.550268558200514e-07,5,5,0,0
8657,0,0,0,1.4308666989037988e-06,0,0,0,0
8658,1,1,1,9.582714843858753e-07,1,1,0,0
8659,1,1,1,7.191357422886568e-07,1,1,0,0
8660,3,3,3,1.909055175275398e-06,3,3,0,0
8661,8,8,8,2.860424805462003e-06,8,8,0,0
8662,4,4,4,1.3133016967259437e-06,4,4,0,0
8663,9,9,9,1.8773315435538507e-06,9,9,0,0
8664,4,4,4,1.8945190429775494e-06,4,4,0,0
8665,5,5,5,2.864788818612851e-06,5,5,0,0
8666,1,1,1,1.9061145017928993e-06,1,1,0,0
8667,8,8,8,2.8552124025083003e-06,8,8,0,0
8668,6,6,6,1.9005859375198497e-06,6,6,0,0
8669,8,8,8,2.856076660506801e-06,8,8,0,0
8670,9,9,9,1.8831176760158996e-06,9,9,0,0
8671,0,0,0,3.8127661134979007e-06,0,0,0,0
8672,1,1,1,1.4339916991623625e-06,1,1,0,0
8673,2,2,2,1.9670148315720226e-06,2,2,0,0
8674,3,3,3,9.795532225354009e-07,3,3,0,0
8675,4,4,4,1.8624755853124952e-06,4,4,0,0
8676,5,5,5,3.847558593506051e-06,5,5,0,0
8677,6,6,6,2.385393066184349e-06,6,6,0,0
8678,7,7,7,1.432647704913137e-06,7,7,0,0
8679,8,8,8,3.7854492198619027e-06,8,8,0,0
8680,9,9,9,1.909284362833219e-06,9,9,0,0
8681,0,0,0,2.381303710663474e-06,0,0,0,0
8682,1,1,1,1.909500732644176e-06,1,1,0,0
8683,2,2,2,2.902307128849202e-06,2,2,0,0
8684,3,3,3,2.9093383790979033e-06,3,3,0,0
8685,4,4,4,7.650830077921e-06,4,4,0,0
8686,5,5,5,1.4304016113797502e-06,5,5,0,0
8687,6,6,6,2.388879394743526e-06,6,6,0,0
8688,7,7,7,1.9042480481346047e-06,7,7,0,0
8689,8,8,8,2.505160827670494e-06,8,8,0,0
8690,9,9,9,2.8918090819729514e-06,9,9,0,0
8691,0,0,0,2.8575964359234263e-06,0,0,0,0
8692,1,1,1,1.9055126951883494e-06,1,1,0,0
8693,2,2,2,1.9370361314940965e-06,2,2,0,0
8694,3,3,3,3.8102282715613e-06,3,3,0,0
8695,4,4,4,2.858920898241024e-06,4,4,0,0
8696,5,5,5,2.8637976070555737e-06,5,5,0,0
8697,6,6,6,3.819047851294499e-06,6,6,0,0
8698,7,7,7,1.8844360347713973e-06,7,7,0,0
8699,8,8,8,3.8247558578063945e-06,8,8,0,0
8700,9,9,9,2.3869628904549245e-06,9,9,0,0
8701,3,3,3,1.910351564049506e-06,3,3,0,0
8702,5,5,5,3.840600584226195e-06,5,5,0,0
8703,3,3,3,3.7663330072490453e-06,3,3,0,0
8704,2,2,2,9.54080810799951e-07,2,2,0,0
8705,9,9,9,2.38793701168305e-06,9,9,0,0
8706,3,3,3,1.9067401124672756e-06,3,3,0,0
8707,2,2,2,2.8571478272176876e-06,2,2,0,0
8708,1,1,1,2.6192437743155494e-06,1,1,0,0
8709,4,4,4,2.2600747680012745e-06,4,4,0,0
8710,5,5,5,1.9166748046473003e-06,5,5,0,0
8711,5,5,5,2.876989746880554e-06,5,5,0,0
8712,2,2,2,2.8386596682139498e-06,2,2,0,0
8713,3,3,3,3.846630860948608e-06,3,3,0,0
8714,2,2,2,3.7975585946981028e-06,2,2,0,0
8715,1,1,1,2.8637622069282997e-06,1,1,0,0
8716,3,3,3,1.9254638665699986e-06,3,3,0,0
8717,9,9,9,2.8140014656230505e-06,9,9,0,0
8718,7,7,7,2.386072692761587e-06,7,7,0,0
8719,2,2,2,1.9121594236892747e-06,2,2,0,0
8720,1,1,1,3.8132434081461497e-06,1,1,0,0
8721,2,2,2,2.861567383050101e-06,2,2,0,0
8722,8,8,8,1.9121911618569243e-06,8,8,0,0
8723,9,9,9,3.3407824711062517e-06,9,9,0,0
8724,1,1,1,2.861506347429099e-06,1,1,0,0
8725,8,8,8,1.943176268781599e-06,8,8,0,0
8726,8,8,8,4.788500977070953e-06,8,8,0,0
8727,7,7,7,1.4279992672783237e-06,7,7,0,0
8728,8,8,8,1.432546386403999e-06,8,8,0,0
8729,1,1,1,2.8587475586761e-06,1,1,0,0
8730,0,0,0,9.552905271270618e-07,0,0,0,0
8731,0,0,0,1.8970581052712987e-06,0,0,0,0
8732,6,6,6,2.8652490238201267e-06,6,6,0,0
8733,7,7,7,1.9032421878506511e-06,7,7,0,0
8734,7,7,7,1.946704102806507e-06,7,7,0,0
8735,8,8,8,1.4280297850888246e-06,8,8,0,0
8736,7,7,7,1.9050585944313525e-06,7,7,0,0
8737,5,5,5,3.3390734861526994e-06,5,5,0,0
8738,0,0,0,2.1411553956518503e-06,0,0,0,0
8739,6,6,6,2.829748535049248e-06,6,6,0,0
8740,1,1,1,1.9177856440677488e-06,1,1,0,0
8741,5,5,5,2.849108886593399e-06,5,5,0,0
8742,7,7,7,1.894702148064198e-06,7,7,0,0
8743,4,4,4,2.3843066410123015e-06,4,4,0,0
8744,6,6,6,2.911022949803055e-06,6,6,0,0
8745,1,1,1,2.381252441452375e-06,1,1,0,0
8746,2,2,2,3.827551269708351e-06,2,2,0,0
8747,5,5,5,3.830139160498902e-06,5,5,0,0
8748,0,0,0,1.9047473145406002e-06,0,0,0,0
8749,7,7,7,1.9312133794358033e-06,7,7,0,0
8750,9,9,9,1.1969940185707628e-06,9,9,0,0
8751,9,9,9,1.6698297118367122e-06,9,9,0,0
8752,0,0,0,2.8659277342413247e-06,0,0,0,0
8753,3,3,3,1.8636962906271037e-06,3,3,0,0
8754,4,4,4,3.095906982331087e-06,4,4,0,0
8755,4,4,4,1.4901402097707017e-06,4,4,0,0
8756,8,8,8,2.388502196914999e-06,8,8,0,0
8757,4,4,4,2.1427734373524743e-06,4,4,0,0
8758,1,1,1,3.8017456063244026e-06,1,1,0,0
8759,8,8,8,2.861845702639698e-06,8,8,0,0
8760,6,6,6,1.9104272457326488e-06,6,6,0,0
8761,5,5,5,3.787939451882494e-06,5,5,0,0
8762,9,9,9,3.835131835216998e-06,9,9,0,0
8763,0,0,0,1.9118237304383e-06,0,0,0,0
8764,0,0,0,2.836608887335501e-06,0,0,0,0
8765,0,0,0,2.38579345701595e-06,0,0,0,0
8766,3,3,3,2.903039550972153e-06,3,3,0,0
8767,7,7,7,1.7903005982145004e-06,7,7,0,0
8768,1,1,1,1.9065612795188258e-06,1,1,0,0
8769,6,6,6,1.947009277358802e-06,6,6,0,0
8770,4,4,4,1.244257347113309e-06,4,4,0,0
8771,6,6,6,2.8267333984643983e-06,6,6,0,0
8772,0,0,0,3.3412353515061e-06,0,0,0,0
8773,4,4,4,1.9483886717353016e-06,4,4,0,0
8774,5,5,5,1.9042980961003764e-06,5,5,0,0
8775,4,4,4,1.9093066399022973e-06,4,4,0,0
8776,1,1,1,1.909797363808252e-06,1,1,0,0
8777,3,3,3,1.943579100327497e-06,3,3,0,0
8778,8,8,8,1.9439941407739525e-06,8,8,0,0
8779,6,6,6,1.2516100692805399e-06,6,6,0,0
8780,3,3,3,1.940014648482702e-06,3,3,0,0
8781,9,9,9,1.909296875268751e-06,9,9,0,0
8782,9,9,9,1.1878314207791618e-06,9,9,0,0
8783,5,5,5,1.9103002930620505e-06,5,5,0,0
8784,9,9,9,2.141977538894224e-06,9,9,0,0
8785,3,3,3,3.862097168294554e-06,3,3,0,0
8786,7,7,7,1.9052087401050244e-06,7,7,0,0
8787,8,8,8,2.379267883378944e-06,8,8,0,0
8788,5,5,5,1.9211425783538516e-06,5,5,0,0
8789,6,6,6,1.90450927739505e-06,6,6,0,0
8790,4,4,4,2.384285888723525e-06,4,4,0,0
8791,7,7,7,1.1939550779160868e-06,7,7,0,0
8792,6,6,6,1.8911499015672462e-06,6,6,0,0
8793,2,2,2,4.78375244128415e-06,2,2,0,0
8794,2,2,2,2.813452148586748e-06,2,2,0,0
8795,0,0,0,1.9082287598948255e-06,0,0,0,0
8796,9,9,9,1.9527709955724504e-06,9,9,0,0
8797,4,4,4,1.9119335945561033e-06,4,4,0,0
8798,0,0,0,1.8932617180666966e-06,0,0,0,0
8799,1,1,1,9.805175782418019e-07,1,1,0,0
8800,2,2,2,2.1428070069440253e-06,2,2,0,0
8801,3,3,3,3.7848144529561978e-06,3,3,0,0
8802,4,4,4,1.433878173529024e-06,4,4,0,0
8803,5,5,5,1.904750977388403e-06,5,5,0,0
8804,6,6,6,1.9118121339367633e-06,6,6,0,0
8805,7,7,7,1.3091574095902558e-06,7,7,0,0
8806,8,8,8,1.9079046631453878e-06,8,8,0,0
8807,9,9,9,2.3803466797645e-06,9,9,0,0
8808,0,0,0,1.9072363279803994e-06,0,0,0,0
8809,1,1,1,1.5472555541240496e-06,1,1,0,0
8810,2,2,2,2.8910644527258e-06,2,2,0,0
8811,3,3,3,2.8575805668396015e-06,3,3,0,0
8812,4,4,4,3.3366479490481993e-06,4,4,0,0
8813,5,5,5,2.865795898365775e-06,5,5,0,0
8814,6,6,6,1.908995971522387e-06,6,6,0,0
8815,7,7,7,1.9023937989359752e-06,7,7,0,0
8816,8,8,8,1.4324401851339985e-06,8,8,0,0
8817,9,9,9,2.149039916909956e-06,9,9,0,0
8818,0,0,0,9.796752937774045e-07,0,0,0,0
8819,1,1,1,2.3804943847238746e-06,1,1,0,0
8820,2,2,2,1.9262939439101956e-06,2,2,0,0
8821,3,3,3,3.804125977779904e-06,3,3,0,0
8822,4,4,4,2.379326171642049e-06,4,4,0,0
8823,5,5,5,1.4281921387748753e-06,5,5,0,0
8824,6,6,6,2.9004882815542032e-06,6,6,0,0
8825,7,7,7,1.0006958000019495e-06,7,7,0,0
8826,8,8,8,3.333813476835701e-06,8,8,0,0
8827,9,9,9,2.863325194724098e-06,9,9,0,0
8828,6,6,6,1.9052001967168053e-06,6,6,0,0
8829,4,4,4,2.8801391600552506e-06,4,4,0,0
8830,2,2,2,1.912109375723503e-06,2,2,0,0
8831,6,6,6,3.85545654246755e-06,6,6,0,0
8832,4,4,4,1.993069617844956e-06,4,4,0,0
8833,7,7,7,9.546044923425256e-07,7,7,0,0
8834,5,5,5,1.9115173337524993e-06,5,5,0,0
8835,5,5,5,1.90730468752065e-06,5,5,0,0
8836,4,4,4,1.434874878025738e-06,4,4,0,0
8837,7,7,7,1.8690429683942966e-06,7,7,0,0
8838,2,2,2,1.1894622802266497e-06,2,2,0,0
8839,9,9,9,4.290720214683574e-06,9,9,0,0
8840,3,3,3,5.754614257114099e-06,3,3,0,0
8841,9,9,9,2.854895019055448e-06,9,9,0,0
8842,3,3,3,9.520336913482197e-06,3,3,0,0
8843,8,8,8,3.340960693432038e-06,8,8,0,0
8844,2,2,2,2.625507202314026e-06,2,2,0,0
8845,0,0,0,1.8635986336335009e-06,0,0,0,0
8846,9,9,9,1.932104492397002e-06,9,9,0,0
8847,5,5,5,2.1487280275067633e-06,5,5,0,0
8848,6,6,6,1.9031494140619998e-06,6,6,0,0
8849,0,0,0,2.9098388676374043e-06,0,0,0,0
8850,1,1,1,2.864221190890248e-06,1,1,0,0
8851,0,0,0,1.937292481102304e-06,0,0,0,0
8852,6,6,6,1.8982910159337507e-06,6,6,0,0
8853,5,5,5,1.945739745323749e-06,5,5,0,0
8854,3,3,3,1.9045214845192504e-06,3,3,0,0
8855,5,5,5,2.8805053702285477e-06,5,5,0,0
8856,3,3,3,5.735327150091507e-06,3,3,0,0
8857,8,8,8,2.861101073392547e-06,8,8,0,0
8858,0,0,0,3.5714471433578865e-06,0,0,0,0
8859,0,0,0,1.313002624403481e-06,0,0,0,0
8860,3,3,3,1.9407958973260975e-06,3,3,0,0
8861,4,4,4,2.862343750464902e-06,4,4,0,0
8862,1,1,1,3.7659790041999486e-06,1,1,0,0
8863,5,5,5,3.856213378838902e-06,5,5,0,0
8864,3,3,3,1.9348144526531996e-06,3,3,0,0
8865,0,0,0,1.9096533199203236e-06,0,0,0,0
8866,8,8,8,1.9097534185164022e-06,8,8,0,0
8867,3,3,3,2.5022814942321503e-06,3,3,0,0
8868,0,0,0,2.859924316922502e-06,0,0,0,0
8869,6,6,6,1.957312012024204e-06,6,6,0,0
8870,2,2,2,2.3871520999918516e-06,2,2,0,0
8871,7,7,7,1.910303955021675e-06,7,7,0,0
8872,8,8,8,9.585937501555009e-07,8,8,0,0
8873,1,1,1,1.923852538610049e-06,1,1,0,0
8874,7,7,7,5.690576170280792e-06,7,7,0,0
8875,1,1,1,3.813662109664051e-06,1,1,0,0
8876,3,3,3,3.851684571287706e-06,3,3,0,0
8877,8,8,8,1.848023468031812e-06,8,8,0,0
8878,5,5,5,1.911374511109898e-06,5,5,0,0
8879,4,4,4,2.3869689940170247e-06,4,4,0,0
8880,2,2,2,3.100293579194613e-06,2,2,0,0
8881,0,0,0,1.4350256343220735e-06,0,0,0,0
8882,9,9,9,1.4321240233705623e-06,9,9,0,0
8883,7,7,7,1.1938958741630756e-06,7,7,0,0
8884,6,6,6,1.8596923823110956e-06,6,6,0,0
8885,7,7,7,1.9120507808167986e-06,7,7,0,0
8886,4,4,4,1.426987914943112e-06,4,4,0,0
8887,1,1,1,1.944543457810255e-06,1,1,0,0
8888,6,6,6,2.8828369131872478e-06,6,6,0,0
8889,2,2,2,1.1942663573627499e-06,2,2,0,0
8890,6,6,6,2.3815502929736e-06,6,6,0,0
8891,7,7,7,4.771954345450524e-06,7,7,0,0
8892,1,1,1,2.8387207038349516e-06,1,1,0,0
8893,9,9,9,1.902587889901497e-06,9,9,0,0
8894,8,8,8,2.837768555252751e-06,8,8,0,0
8895,0,0,0,1.6691847534167081e-06,0,0,0,0
8896,6,6,6,1.9028173827706496e-06,6,6,0,0
8897,9,9,9,1.9106930542189815e-06,9,9,0,0
8898,4,4,4,2.141504516384174e-06,4,4,0,0
8899,9,9,9,1.1887005615385249e-06,9,9,0,0
8900,9,9,9,1.892541503067946e-06,9,9,0,0
8901,6,6,6,1.9446655272759017e-06,6,6,0,0
8902,2,2,2,2.145795593211375e-06,2,2,0,0
8903,3,3,3,3.848852539789505e-06,3,3,0,0
8904,7,7,7,1.9251708991419036e-06,7,7,0,0
8905,1,1,1,2.884277343184749e-06,1,1,0,0
8906,9,9,9,2.3839222411670136e-06,9,9,0,0
8907,2,2,2,1.935791015483801e-06,2,2,0,0
8908,2,2,2,1.1924139404762002e-06,2,2,0,0
8909,5,5,5,2.8171630859219476e-06,5,5,0,0
8910,3,3,3,1.9039575196444503e-06,3,3,0,0
8911,7,7,7,1.8978637701394518e-06,7,7,0,0
8912,8,8,8,2.0274322509727938e-06,8,8,0,0
8913,0,0,0,1.9122192380649494e-06,0,0,0,0
8914,1,1,1,3.3370800780474497e-06,1,1,0,0
8915,2,2,2,1.013253601078734e-06,2,2,0,0
8916,3,3,3,3.855078123393696e-06,3,3,0,0
8917,4,4,4,1.892749024179352e-06,4,4,0,0
8918,7,7,7,1.9096923828954004e-06,7,7,0,0
8919,8,8,8,2.8628613284453763e-06,8,8,0,0
8920,9,9,9,9.752929681638989e-07,9,9,0,0
8921,0,0,0,1.9112780762498005e-06,0,0,0,0
8922,1,1,1,1.9257690428986507e-06,1,1,0,0
8923,2,2,2,2.379675293262551e-06,2,2,0,0
8924,3,3,3,2.024338684014637e-06,3,3,0,0
8925,4,4,4,4.767517090442652e-06,4,4,0,0
8926,7,7,7,2.8622875980488516e-06,7,7,0,0
8927,8,8,8,1.895776367888402e-06,8,8,0,0
8928,9,9,9,1.4306175537548427e-06,9,9,0,0
8929,0,0,0,1.9395263670674012e-06,0,0,0,0
8930,1,1,1,1.877636718106146e-06,1,1,0,0
8931,7,7,7,1.922619629723954e-06,7,7,0,0
8932,8,8,8,2.1482086181023874e-06,8,8,0,0
8933,9,9,9,1.8915527348895012e-06,9,9,0,0
8934,8,8,8,9.58020019314887e-07,8,8,0,0
8935,9,9,9,1.6674249265768992e-06,9,9,0,0
8936,2,2,2,2.3801293949077262e-06,2,2,0,0
8937,6,6,6,1.8879760741441487e-06,6,6,0,0
8938,1,1,1,9.974731440820506e-07,1,1,0,0
8939,3,3,3,1.924682617726603e-06,3,3,0,0
8940,5,5,5,1.952490233492199e-06,5,5,0,0
8941,4,4,4,2.8633129875998975e-06,4,4,0,0
8942,8,8,8,1.4291125491894263e-06,8,8,0,0
8943,2,2,2,1.934497070976704e-06,2,2,0,0
8944,6,6,6,2.855297852377703e-06,6,6,0,0
8945,4,4,4,1.954663087389008e-06,4,4,0,0
8946,3,3,3,1.9080773925317374e-06,3,3,0,0
8947,4,4,4,2.3847241212848758e-06,4,4,0,0
8948,5,5,5,1.4310437013165256e-06,5,5,0,0
8949,9,9,9,1.9264404294006e-06,9,9,0,0
8950,2,2,2,2.8859252925172996e-06,2,2,0,0
8951,0,0,0,2.620590820345825e-06,0,0,0,0
8952,3,3,3,1.8632812484042915e-06,3,3,0,0
8953,9,9,9,2.820166015382597e-06,9,9,0,0
8954,4,4,4,4.769854736075274e-06,4,4,0,0
8955,9,9,9,2.8626269532594506e-06,9,9,0,0
8956,7,7,7,1.6732843017841503e-06,7,7,0,0
8957,3,3,3,4.814184570989255e-06,3,3,0,0
8958,8,8,8,3.8185595698791985e-06,8,8,0,0
8959,7,7,7,1.8994873052236017e-06,7,7,0,0
8960,4,4,4,2.8654956061302528e-06,4,4,0,0
8961,4,4,4,2.3825769046581513e-06,4,4,0,0
8962,9,9,9,3.806542967055293e-06,9,9,0,0
8963,8,8,8,1.8622436517290453e-06,8,8,0,0
8964,5,5,5,1.9081555171496234e-06,5,5,0,0
8965,8,8,8,1.8655883788909478e-06,8,8,0,0
8966,2,2,2,2.8752807619270015e-06,2,2,0,0
8967,6,6,6,2.8874877937568044e-06,6,6,0,0
8968,6,6,6,2.384256591714262e-06,6,6,0,0
8969,2,2,2,1.90478515627035e-06,2,2,0,0
8970,3,3,3,2.3845581056392007e-06,3,3,0,0
8971,1,1,1,2.8630615238611767e-06,1,1,0,0
8972,3,3,3,3.7983886720382998e-06,3,3,0,0
8973,2,2,2,1.948974610144205e-06,2,2,0,0
8974,7,7,7,9.8627929645545e-07,7,7,0,0
8975,3,3,3,2.5038905029362013e-06,3,3,0,0
8976,1,1,1,1.9399047843648987e-06,1,1,0,0
8977,9,9,9,3.8393798824643e-06,9,9,0,0
8978,0,0,0,9.543078611784495e-07,0,0,0,0
8979,1,1,1,2.8144287114173494e-06,1,1,0,0
8980,1,1,1,9.81884765494101e-07,1,1,0,0
8981,3,3,3,1.9480224615620045e-06,3,3,0,0
8982,5,5,5,9.537255856173488e-07,5,5,0,0
8983,0,0,0,3.830908203994454e-06,0,0,0,0
8984,7,7,7,2.8628674320074765e-06,7,7,0,0
8985,8,8,8,1.9103515622731493e-06,8,8,0,0
8986,1,1,1,1.4288928218419983e-06,1,1,0,0
8987,5,5,5,1.907614745277897e-06,5,5,0,0
8988,1,1,1,1.8749267578499484e-06,1,1,0,0
8989,4,4,4,3.3338928222548248e-06,4,4,0,0
8990,6,6,6,1.946972655986201e-06,6,6,0,0
8991,0,0,0,1.912070312748426e-06,0,0,0,0
8992,0,0,0,3.3354504394011997e-06,0,0,0,0
8993,4,4,4,3.843542479842199e-06,4,4,0,0
8994,9,9,9,2.8181152345041482e-06,9,9,0,0
8995,1,1,1,1.8588989263434996e-06,1,1,0,0
8996,6,6,6,3.765624999374495e-06,6,6,0,0
8997,6,6,6,1.9084594722329484e-06,6,6,0,0
8998,9,9,9,1.8875244141014491e-06,9,9,0,0
8999,0,0,0,1.9297851565625024e-06,0,0,0,0
9000,7,7,7,1.9126586909834487e-06,7,7,0,0
9001,6,6,6,2.860629882306398e-06,6,6,0,0
9002,1,1,1,9.913452156951053e-07,1,1,0,0
9003,1,1,1,1.4331799320643768e-06,1,1,0,0
9004,0,0,0,2.022776794508019e-06,0,0,0,0
9005,1,1,1,2.8464355477098024e-06,1,1,0,0
9006,2,2,2,1.9199829104366017e-06,2,2,0,0
9007,3,3,3,5.721874998698695e-06,3,3,0,0
9008,4,4,4,1.1900756837768256e-06,4,4,0,0
9009,7,2,2,2.8652075201307525e-06,2,2,0,0
9010,2,2,2,1.905262450918599e-06,2,2,0,0
9011,3,3,3,1.909472654659794e-06,3,3,0,0
9012,4,4,4,1.9665869216978216e-06,4,4,0,0
9013,5,5,5,9.537207024123973e-07,5,5,0,0
9014,6,6,6,1.9071533188252943e-06,6,6,0,0
9015,7,7,7,2.84426269558935e-06,7,7,0,0
9016,0,0,0,2.3823937986833243e-06,0,0,0,0
9017,1,1,1,2.8614819331806984e-06,1,1,0,0
9018,2,2,2,3.857946778040855e-06,2,2,0,0
9019,7,7,7,3.8085937497100986e-06,7,7,0,0
9020,8,8,8,2.8545288088821508e-06,8,8,0,0
9021,6,6,6,2.9094726556877504e-06,6,6,0,0
9022,3,3,3,1.9325927738123028e-06,3,3,0,0
9023,9,9,9,3.778637694296094e-06,9,9,0,0
9024,7,7,7,3.8311157233295035e-06,7,7,0,0
9025,1,1,1,1.4261486818156754e-06,1,1,0,0
9026,9,9,9,3.040043365487577e-06,9,9,0,0
9027,3,3,3,2.890624999807301e-06,3,3,0,0
9028,9,9,9,1.911508789476102e-06,9,9,0,0
9029,6,6,6,2.851269531589651e-06,6,6,0,0
9030,1,1,1,3.3423498537743512e-06,1,1,0,0
9031,7,7,7,2.388114014095777e-06,7,7,0,0
9032,2,2,2,2.6238122559085753e-06,2,2,0,0
9033,4,4,4,1.911710205249051e-06,4,4,0,0
9034,4,4,4,2.861732177450449e-06,4,4,0,0
9035,5,5,5,9.842041013286007e-07,5,5,0,0
9036,7,7,7,1.9038525387315985e-06,7,7,0,0
9037,0,0,0,2.8659350581605736e-06,0,0,0,0
9038,0,0,0,1.1325586547483724e-06,0,0,0,0
9039,1,1,1,2.8561523439663006e-06,1,1,0,0
9040,6,6,6,1.937927246231652e-06,6,6,0,0
9041,6,6,6,1.9390747070247016e-06,6,6,0,0
9042,8,8,8,2.6222515869811502e-06,8,8,0,0
9043,2,2,2,3.8073608390476466e-06,2,2,0,0
9044,7,7,7,2.384656982101774e-06,7,7,0,0
9045,7,7,7,3.821240234458401e-06,7,7,0,0
9046,2,2,2,2.888598633177253e-06,2,2,0,0
9047,4,4,4,1.9052124020646488e-06,4,4,0,0
9048,2,2,2,1.9178100583161495e-06,2,2,0,0
9049,1,1,1,9.68212891194753e-07,1,1,0,0
9050,6,6,6,1.9338134773505544e-06,6,6,0,0
9051,1,1,1,1.4271594235282237e-06,1,1,0,0
9052,0,0,0,2.146762695387494e-06,0,0,0,0
9053,6,6,6,1.908081054935451e-06,6,6,0,0
9054,9,9,9,1.9037377931852006e-06,9,9,0,0
9055,8,8,8,2.8659130855146486e-06,8,8,0,0
9056,3,3,3,2.3838391109975987e-06,3,3,0,0
9057,9,9,9,1.9459594717829987e-06,9,9,0,0
9058,6,6,6,1.8712158205147489e-06,6,6,0,0
9059,3,3,3,1.9048901362950232e-06,3,3,0,0
9060,0,0,0,1.9059570313118002e-06,0,0,0,0
9061,1,1,1,1.4345025634021624e-06,1,1,0,0
9062,2,2,2,1.8927856437755963e-06,2,2,0,0
9063,3,3,3,5.673107910553199e-06,3,3,0,0
9064,4,4,4,2.385111083746949e-06,4,4,0,0
9065,5,5,5,1.947607422891906e-06,5,5,0,0
9066,6,6,6,3.774438475545594e-06,6,6,0,0
9067,7,7,7,1.881665038894198e-06,7,7,0,0
9068,8,8,8,2.3891174318890762e-06,8,8,0,0
9069,9,9,9,2.856074218016147e-06,9,9,0,0
9070,0,0,0,1.909014892831351e-06,0,0,0,0
9071,1,1,1,2.8584399416331507e-06,1,1,0,0
9072,2,2,2,1.892773436651396e-06,2,2,0,0
9073,3,3,3,3.814331055451703e-06,3,3,0,0
9074,4,4,4,1.4348657222384986e-06,4,4,0,0
9075,5,5,5,2.3836938476407e-06,5,5,0,0
9076,6,6,6,1.8985229495172007e-06,6,6,0,0
9077,7,7,7,1.4304150388610992e-06,7,7,0,0
9078,8,8,8,2.8112060554974505e-06,8,8,0,0
9079,9,9,9,1.6723699949316995e-06,9,9,0,0
9080,0,0,0,2.9779656982587e-06,0,0,0,0
9081,1,1,1,1.9083544913200967e-06,1,1,0,0
9082,2,2,2,1.8906982433009034e-06,2,2,0,0
9083,3,3,3,2.1447100828630994e-06,3,3,0,0
9084,4,4,4,1.9051489257293497e-06,4,4,0,0
9085,5,5,5,3.7927490232902983e-06,5,5,0,0
9086,6,6,6,3.7883056656085046e-06,6,6,0,0
9087,7,7,7,4.798974609698803e-06,7,7,0,0
9088,8,8,8,3.3427868650903747e-06,8,8,0,0
9089,9,9,9,2.8370483402540003e-06,9,9,0,0
9090,1,1,1,2.388754882787225e-06,1,1,0,0
9091,6,6,6,3.7769287111188987e-06,6,6,0,0
9092,8,8,8,5.720499267169998e-06,8,8,0,0
9093,9,9,9,1.8593627935103996e-06,9,9,0,0
9094,9,9,9,1.4327819828352517e-06,9,9,0,0
9095,0,0,0,9.373291014469487e-07,0,0,0,0
9096,1,1,1,2.856494139891197e-06,1,1,0,0
9097,2,2,2,1.8792724603144961e-06,2,2,0,0
9098,4,4,4,2.8602661128473983e-06,4,4,0,0
9099,4,4,4,2.8170654289283448e-06,4,4,0,0
9100,3,3,3,2.1436437989130752e-06,3,3,0,0
9101,7,7,7,1.4266198729018242e-06,7,7,0,0
9102,4,4,4,1.9029248043977987e-06,4,4,0,0
9103,4,4,4,1.4339807128394e-06,4,4,0,0
9104,4,4,4,3.819555665529606e-06,4,4,0,0
9105,0,0,0,2.9088745119310033e-06,0,0,0,0
9106,3,3,3,1.3115755920223293e-06,3,3,0,0
9107,8,8,8,1.9025122064419975e-06,8,8,0,0
9108,7,7,7,1.4306665034879984e-06,7,7,0,0
9109,5,5,5,3.796142578949002e-06,5,5,0,0
9110,8,8,8,2.86437011709495e-06,8,8,0,0
9111,2,2,2,2.386520385755375e-06,2,2,0,0
9112,1,1,1,2.386967773659876e-06,1,1,0,0
9113,7,7,7,1.9304565430644516e-06,7,7,0,0
9114,5,5,5,3.8127465824544515e-06,5,5,0,0
9115,3,3,3,2.1456054688506754e-06,3,3,0,0
9116,8,8,8,1.926147461972505e-06,8,8,0,0
9117,5,5,5,2.8560656737397494e-06,5,5,0,0
9118,2,2,2,2.8815063473075497e-06,2,2,0,0
9119,5,5,5,2.742077178985447e-06,5,5,0,0
9120,1,1,1,2.8625390626757508e-06,1,1,0,0
9121,1,1,1,1.9081103523888032e-06,1,1,0,0
9122,6,6,6,2.4740503234976785e-06,6,6,0,0
9123,2,2,2,1.9030419924348507e-06,2,2,0,0
9124,1,1,1,3.812875975839347e-06,1,1,0,0
9125,3,3,3,2.5329278411923006e-06,3,3,0,0
9126,8,8,8,1.9256958001534485e-06,8,8,0,0
9127,6,6,6,1.8896606448493003e-06,6,6,0,0
9128,4,4,4,1.4304272459852996e-06,4,4,0,0
9129,2,2,2,1.432878417695349e-06,2,2,0,0
9130,6,6,6,1.1888427735584628e-06,6,6,0,0
9131,2,2,2,2.8616168212813875e-06,2,2,0,0
9132,5,5,5,3.7872070315358997e-06,5,5,0,0
9133,5,5,5,1.9041625982652022e-06,5,5,0,0
9134,0,0,0,1.4307507321120738e-06,0,0,0,0
9135,2,2,2,1.4276196287354992e-06,2,2,0,0
9136,8,8,8,2.865979004340602e-06,8,8,0,0
9137,0,0,0,2.1410461426008e-06,0,0,0,0
9138,6,6,6,1.932568359563902e-06,6,6,0,0
9139,8,8,8,1.9085241698135746e-06,8,8,0,0
9140,1,1,1,1.426256714065488e-06,1,1,0,0
9141,7,7,7,1.954052734731704e-06,7,7,0,0
9142,9,9,9,2.896252441431102e-06,9,9,0,0
9143,1,1,1,1.427860107483525e-06,1,1,0,0
9144,9,9,9,2.0268205413731533e-06,9,9,0,0
9145,2,2,2,1.9372802739781037e-06,2,2,0,0
9146,6,6,6,3.818823241630298e-06,6,6,0,0
9147,7,7,7,2.849804687343749e-06,7,7,0,0
9148,6,6,6,1.949829101732803e-06,6,6,0,0
9149,6,6,6,1.9040185543772736e-06,6,6,0,0
9150,8,8,8,1.9181884773900038e-06,8,8,0,0
9151,7,7,7,1.4349829102755507e-06,7,7,0,0
9152,4,4,4,1.5797257461591663e-06,4,4,0,0
9153,9,9,9,1.90926025389615e-06,9,9,0,0
9154,2,2,2,3.840112306363608e-06,2,2,0,0
9155,1,1,1,1.9113549800664487e-06,1,1,0,0
9156,3,3,3,1.9425659179006516e-06,3,3,0,0
9157,3,3,3,3.777270507043795e-06,3,3,0,0
9158,0,0,0,2.8605651856139502e-06,0,0,0,0
9159,5,5,5,4.720141602021499e-06,5,5,0,0
9160,5,5,5,2.384555664036725e-06,5,5,0,0
9161,8,8,8,2.6260473631189996e-06,8,8,0,0
9162,0,0,0,1.8605957023964947e-06,0,0,0,0
9163,3,3,3,1.4282800293585751e-06,3,3,0,0
9164,7,7,7,1.8815917961489959e-06,7,7,0,0
9165,9,9,9,1.910036621310951e-06,9,9,0,0
9166,7,7,7,9.130615232777473e-07,7,7,0,0
9167,0,0,0,2.8459106449219007e-06,0,0,0,0
9168,2,2,2,2.90620117127105e-06,2,2,0,0
9169,7,7,7,1.9363525396443038e-06,7,7,0,0
9170,9,9,9,1.8705444340127997e-06,9,9,0,0
9171,1,1,1,1.909665527044524e-06,1,1,0,0
9172,7,7,7,2.146160430926969e-06,7,7,0,0
9173,8,8,8,1.912512207269401e-06,8,8,0,0
9174,0,0,0,1.9081372073515013e-06,0,0,0,0
9175,3,3,3,3.781225586863002e-06,3,3,0,0
9176,5,5,5,1.931298827528849e-06,5,5,0,0
9177,3,3,3,3.7902832019653943e-06,3,3,0,0
9178,6,6,6,1.923779297641204e-06,6,6,0,0
9179,0,0,0,1.861999511021395e-06,0,0,0,0
9180,1,1,1,3.859484863255602e-06,1,1,0,0
9181,2,2,2,2.0265914306705213e-06,2,2,0,0
9182,3,3,3,1.9315917967333007e-06,3,3,0,0
9183,4,4,4,2.864638672051001e-06,4,4,0,0
9184,5,5,5,2.8585058595709256e-06,5,5,0,0
9185,6,6,6,3.7923339846201998e-06,6,6,0,0
9186,7,7,7,1.4315423584321252e-06,7,7,0,0
9187,8,8,8,1.9091333003373734e-06,8,8,0,0
9188,9,9,9,2.9036987303499018e-06,9,9,0,0
9189,0,0,0,2.8560852047831986e-06,0,0,0,0
9190,1,1,1,3.3404504398149015e-06,1,1,0,0
9191,2,2,2,5.7612548829411026e-06,2,2,0,0
9192,3,3,3,1.929833985059304e-06,3,3,0,0
9193,4,4,4,3.8333251950462e-06,4,4,0,0
9194,5,5,5,1.955688476940054e-06,5,5,0,0
9195,6,6,6,1.4327868651520248e-06,6,6,0,0
9196,7,7,7,9.546398924697996e-07,7,7,0,0
9197,8,8,8,3.3337341305283985e-06,8,8,0,0
9198,9,9,9,1.9061938481002016e-06,9,9,0,0
9199,0,0,0,2.8187499996334964e-06,0,0,0,0
9200,1,1,1,3.7941162105425974e-06,1,1,0,0
9201,2,2,2,2.825927733596245e-06,2,2,0,0
9202,3,3,3,3.7996093738001946e-06,3,3,0,0
9203,4,4,4,1.9095385743739257e-06,4,4,0,0
9204,7,7,7,1.90674072264585e-06,7,7,0,0
9205,8,8,8,2.8580981439318975e-06,8,8,0,0
9206,9,9,9,3.8007812506180016e-06,9,9,0,0
9207,6,6,6,2.3856262210131263e-06,6,6,0,0
9208,4,4,4,2.3826525876735616e-06,4,4,0,0
9209,2,2,2,1.9215332027755494e-06,2,2,0,0
9210,6,6,6,2.88057861297375e-06,6,6,0,0
9211,4,4,4,2.8622277827849985e-06,4,4,0,0
9212,7,7,7,1.929101562936353e-06,7,7,0,0
9213,8,8,8,2.6182312011791e-06,8,8,0,0
9214,9,9,9,2.8440307620059002e-06,9,9,0,0
9215,2,2,2,3.7927246090418976e-06,2,2,0,0
9216,9,9,9,2.8520874018056475e-06,9,9,0,0
9217,3,3,3,2.3868115235359255e-06,3,3,0,0
9218,9,9,9,2.3887463380667384e-06,9,9,0,0
9219,3,3,3,2.8592773428925966e-06,3,3,0,0
9220,0,0,0,3.8551025394184535e-06,0,0,0,0
9221,0,0,0,1.953955077738101e-06,0,0,0,0
9222,1,1,1,1.96720248413218e-06,1,1,0,0
9223,0,0,0,3.796130371824802e-06,0,0,0,0
9224,4,4,4,3.8123657226663e-06,4,4,0,0
9225,2,2,2,1.89454345722595e-06,2,2,0,0
9226,6,6,6,2.8692871101299033e-06,6,6,0,0
9227,3,3,3,1.3260928039549036e-06,3,3,0,0
9228,5,5,5,2.862821045113151e-06,5,5,0,0
9229,3,3,3,3.842797852371405e-06,3,3,0,0
9230,0,0,0,9.549389652363516e-07,0,0,0,0
9231,3,3,3,2.865267333618249e-06,3,3,0,0
9232,4,4,4,2.3835168461161516e-06,4,4,0,0
9233,1,1,1,1.9044750985131031e-06,1,1,0,0
9234,5,5,5,2.379746093517099e-06,5,5,0,0
9235,3,3,3,1.8975830080592004e-06,3,3,0,0
9236,0,0,0,1.6668035889289001e-06,0,0,0,0
9237,8,8,8,1.9041601566627264e-06,8,8,0,0
9238,3,3,3,2.8237792975005505e-06,3,3,0,0
9239,0,0,0,9.574862671613005e-07,0,0,0,0
9240,6,6,6,2.890930176135953e-06,6,6,0,0
9241,1,1,1,1.8607788092595001e-06,1,1,0,0
9242,7,7,7,1.1931896972683376e-06,7,7,0,0
9243,8,8,8,1.9061547860133032e-06,8,8,0,0
9244,0,0,0,3.338553466569749e-06,0,0,0,0
9245,9,9,9,1.9056884763557491e-06,9,9,0,0
9246,2,2,2,3.7888671862162937e-06,2,2,0,0
9247,6,6,6,2.2634799194953814e-06,6,6,0,0
9248,7,7,7,1.910450439623901e-06,7,7,0,0
9249,1,1,1,1.930969238728153e-06,1,1,0,0
9250,9,9,9,1.8932617180666966e-06,9,9,0,0
9251,6,6,6,1.4283520508584502e-06,6,6,0,0
9252,9,9,9,1.8886962891428993e-06,9,9,0,0
9253,4,4,4,3.3422387697434885e-06,4,4,0,0
9254,9,9,9,2.9074584961819028e-06,9,9,0,0
9255,9,9,9,1.95555419857385e-06,9,9,0,0
9256,6,6,6,1.666055908344788e-06,6,6,0,0
9257,7,7,7,1.8473465576152037e-06,7,7,0,0
9258,1,1,1,1.9119323733107763e-06,1,1,0,0
9259,2,2,2,2.862182617136e-06,2,2,0,0
9260,5,5,5,2.3839111324974738e-06,5,5,0,0
9261,3,3,3,3.8077880866183023e-06,3,3,0,0
9262,7,7,7,1.902727050584474e-06,7,7,0,0
9263,8,8,8,1.942944335198149e-06,8,8,0,0
9264,0,0,0,1.190202636891513e-06,0,0,0,0
9265,1,1,1,6.556912841571005e-07,1,1,0,0
9266,2,2,2,1.9330810552276034e-06,2,2,0,0
9267,4,4,4,9.573706059029519e-07,4,4,0,0
9268,5,5,5,1.9374755861889525e-06,5,5,0,0
9269,6,6,6,1.8966186523527995e-06,6,6,0,0
9270,7,7,7,1.427381591589949e-06,7,7,0,0
9271,8,8,8,1.6686424865741678e-06,8,8,0,0
9272,9,9,9,1.916760254516703e-06,9,9,0,0
9273,0,0,0,1.9096325685197257e-06,0,0,0,0
9274,1,1,1,1.911696777767702e-06,1,1,0,0
9275,3,3,3,9.659423820806978e-07,3,3,0,0
9276,4,4,4,1.883923339107696e-06,4,4,0,0
9277,5,5,5,1.908181152643351e-06,5,5,0,0
9278,6,6,6,1.9042602534824482e-06,6,6,0,0
9279,7,7,7,1.8706787123790036e-06,7,7,0,0
9280,8,8,8,2.862756348420703e-06,8,8,0,0
9281,0,0,0,1.9034338381018756e-06,0,0,0,0
9282,1,1,1,6.006915282963377e-07,1,1,0,0
9283,3,3,3,1.9667589111760364e-06,3,3,0,0
9284,4,4,4,1.1938549804302312e-06,4,4,0,0
9285,7,7,7,1.9120935057515e-06,7,7,0,0
9286,8,8,8,1.2518205871892008e-06,8,8,0,0
9287,9,9,9,1.9099243164788504e-06,9,9,0,0
9288,7,7,7,1.4279809565920232e-06,7,7,0,0
9289,5,5,5,1.9050146491395026e-06,5,5,0,0
9290,5,5,5,3.775207519041146e-06,5,5,0,0
9291,1,1,1,1.4319427488196368e-06,1,1,0,0
9292,9,9,9,1.9340454109340044e-06,9,9,0,0
9293,9,9,9,2.8613916018827013e-06,9,9,0,0
9294,7,7,7,2.141140746925174e-06,7,7,0,0
9295,1,1,1,1.6729119871605747e-06,1,1,0,0
9296,0,0,0,1.8906250005557013e-06,0,0,0,0
9297,0,0,0,2.380955810288299e-06,0,0,0,0
9298,5,5,5,2.8642700193870496e-06,5,5,0,0
9299,9,9,9,1.4313385010567004e-06,9,9,0,0
9300,7,7,7,1.19669189446725e-06,7,7,0,0
9301,1,1,1,1.192158477825167e-06,1,1,0,0
9302,7,7,7,9.555541993222505e-07,7,7,0,0
9303,2,2,2,3.783520508449101e-06,2,2,0,0
9304,2,2,2,1.4257104492543249e-06,2,2,0,0
9305,3,3,3,1.2516145324603656e-06,3,3,0,0
9306,6,6,6,1.9121923831022514e-06,6,6,0,0
9307,8,8,8,2.8607250968093467e-06,8,8,0,0
9308,3,3,3,1.9241699220629016e-06,3,3,0,0
9309,2,2,2,1.910705567098603e-06,2,2,0,0
9310,0,0,0,1.670265502795587e-06,0,0,0,0
9311,0,0,0,1.42718322759805e-06,0,0,0,0
9312,6,6,6,1.4300500490449508e-06,6,6,0,0
9313,1,1,1,1.206772140494028e-06,1,1,0,0
9314,7,7,7,2.8619897456394483e-06,7,7,0,0
9315,5,5,5,1.9110327151850015e-06,5,5,0,0
9316,8,8,8,1.8764160163442511e-06,8,8,0,0
9317,6,6,6,1.4321350096935248e-06,6,6,0,0
9318,2,2,2,1.4293762209405259e-06,2,2,0,0
9319,9,9,9,2.8848876958420533e-06,9,9,0,0
9320,4,4,4,1.9483520503627005e-06,4,4,0,0
9321,8,8,8,2.876196289136601e-06,8,8,0,0
9322,8,8,8,2.3819531254076765e-06,8,8,0,0
9323,7,7,7,1.8930664076322046e-06,7,7,0,0
9324,1,1,1,1.905571288318697e-06,1,1,0,0
9325,0,0,0,1.9030102542672012e-06,0,0,0,0
9326,8,8,8,1.908715820064799e-06,8,8,0,0
9327,7,7,7,1.937451170164195e-06,7,7,0,0
9328,7,7,7,9.513879390965485e-07,7,7,0,0
9329,5,5,5,2.380251464817462e-06,5,5,0,0
9330,8,8,8,2.8591137697375757e-06,8,8,0,0
9331,5,5,5,1.9382690421565485e-06,5,5,0,0
9332,3,3,3,1.0764694213794002e-06,3,3,0,0
9333,4,4,4,3.840954589051648e-06,4,4,0,0
9334,6,6,6,3.85963134696965e-06,6,6,0,0
9335,1,1,1,9.518481451920024e-07,1,1,0,0
9336,1,1,1,9.545434567215239e-07,1,1,0,0
9337,5,5,5,1.9238037101132477e-06,5,5,0,0
9338,5,5,5,1.90768066410385e-06,5,5,0,0
9339,0,0,0,1.945202637188004e-06,0,0,0,0
9340,7,7,7,1.943310547147803e-06,7,7,0,0
9341,2,2,2,1.9529907220317e-06,2,2,0,0
9342,3,3,3,1.1909271240284625e-06,3,3,0,0
9343,6,6,6,1.9083520506057994e-06,6,6,0,0
9344,4,4,4,2.3868615723898756e-06,4,4,0,0
9345,1,1,1,3.7880004875034956e-06,1,1,0,0
9346,2,2,2,1.954785156854655e-06,2,2,0,0
9347,4,4,4,1.4348132326702512e-06,4,4,0,0
9348,1,1,1,1.9037329099802491e-06,1,1,0,0
9349,5,5,5,1.8986816403554485e-06,5,5,0,0
9350,4,4,4,1.9066845702297996e-06,4,4,0,0
9351,2,2,2,2.8621435550491015e-06,2,2,0,0
9352,0,0,0,5.957574462644999e-07,0,0,0,0
9353,4,4,4,1.953552246192203e-06,4,4,0,0
9354,8,8,8,1.946801758023753e-06,8,8,0,0
9355,6,6,6,1.1902331542579248e-06,6,6,0,0
9356,1,1,1,4.805871585134014e-07,1,1,0,0
9357,9,9,9,1.728718963645015e-06,9,9,0,0
9358,0,0,0,1.1905645753707006e-06,0,0,0,0
9359,2,2,2,1.908679198692198e-06,2,2,0,0
9360,5,5,5,1.9149780268179484e-06,5,5,0,0
9361,6,6,6,1.902749023230399e-06,6,6,0,0
9362,9,9,9,2.8615429688017002e-06,9,9,0,0
9363,3,3,3,2.387973633055651e-06,3,3,0,0
9364,6,6,6,1.1920410156740502e-06,6,6,0,0
9365,3,3,3,2.1502319333954745e-06,3,3,0,0
9366,6,6,6,1.907869872752599e-06,6,6,0,0
9367,0,0,0,2.8970336920508544e-06,0,0,0,0
9368,1,1,1,1.4351062009865245e-06,1,1,0,0
9369,2,2,2,2.8788085941755526e-06,2,2,0,0
9370,3,3,3,1.948364257486901e-06,3,3,0,0
9371,4,4,4,3.7807861339445026e-06,4,4,0,0
9372,5,5,5,1.9399291986132994e-06,5,5,0,0
9373,6,6,6,1.934790038404799e-06,6,6,0,0
9374,7,7,7,9.706665036190998e-07,7,7,0,0
9375,8,8,8,1.4269970702862622e-06,8,8,0,0
9376,9,9,9,1.9309448244797522e-06,9,9,0,0
9377,0,0,0,2.0227441406284186e-06,0,0,0,0
9378,1,1,1,9.572937011981253e-07,1,1,0,0
9379,2,2,2,2.8442016599683484e-06,2,2,0,0
9380,3,3,3,1.9104418953475033e-06,3,3,0,0
9381,4,4,4,2.385657959180776e-06,4,4,0,0
9382,5,5,5,2.8652404786555508e-06,5,5,0,0
9383,6,6,6,1.0011230475726052e-06,6,6,0,0
9384,7,7,7,1.8653564453074978e-06,7,7,0,0
9385,8,8,8,2.8529663094190028e-06,8,8,0,0
9386,9,9,9,3.8121899414989002e-06,9,9,0,0
9387,0,0,0,3.817377929316024e-06,0,0,0,0
9388,1,1,1,1.666688842938413e-06,1,1,0,0
9389,2,2,2,1.8624267585920506e-06,2,2,0,0
9390,3,3,3,7.623461915073904e-06,3,3,0,0
9391,5,5,5,1.875476074886251e-06,5,5,0,0
9392,6,6,6,1.9111328128929017e-06,6,6,0,0
9393,7,7,7,9.606323239097492e-07,7,7,0,0
9394,8,8,8,9.503686531076028e-07,8,8,0,0
9395,1,1,1,1.4261560057349243e-06,1,1,0,0
9396,0,0,0,1.909947509481924e-06,0,0,0,0
9397,9,9,9,2.1447204590074875e-06,9,9,0,0
9398,5,5,5,3.8255615244509045e-06,5,5,0,0
9399,7,7,7,2.8796264643915492e-06,7,7,0,0
9400,5,5,5,1.00257568291795e-06,5,5,0,0
9401,1,1,1,1.909985352099852e-06,1,1,0,0
9402,8,8,8,1.4328540038910376e-06,8,8,0,0
9403,6,6,6,1.896435545489794e-06,6,6,0,0
9404,9,9,9,2.8579101556402975e-06,9,9,0,0
9405,0,0,0,2.8118896491236e-06,0,0,0,0
9406,4,4,4,1.9157836916861015e-06,4,4,0,0
9407,1,1,1,1.9047363277735485e-06,1,1,0,0
9408,9,9,9,1.9024035644576998e-06,9,9,0,0
9409,3,3,3,3.6952792968891757e-06,3,3,0,0
9410,8,8,8,1.9038940433091511e-06,8,8,0,0
9411,4,4,4,1.9095385734857473e-06,4,4,0,0
9412,4,4,4,3.816252441168899e-06,4,4,0,0
9413,7,7,7,3.83448486296345e-06,7,7,0,0
9414,0,0,0,2.8536621101693527e-06,0,0,0,0
9415,1,1,1,1.9071002195225617e-06,1,1,0,0
9416,9,9,9,2.8623071290923008e-06,9,9,0,0
9417,2,2,2,1.6667163085237746e-06,2,2,0,0
9418,8,8,8,1.9073754886633765e-06,8,8,0,0
9419,7,7,7,1.8607543950110994e-06,7,7,0,0
9420,8,8,8,1.4341442868825993e-06,8,8,0,0
9421,2,2,2,1.6694120178462057e-06,2,2,0,0
9422,5,5,5,2.3802319333299238e-06,5,5,0,0
9423,9,9,9,1.9037597649429472e-06,9,9,0,0
9424,6,6,6,1.9074707040545036e-06,6,6,0,0
9425,0,0,0,2.388627930116627e-06,0,0,0,0
9426,6,6,6,1.6683813477413878e-06,6,6,0,0
9427,5,5,5,1.426845702923174e-06,5,5,0,0
9428,5,5,5,2.859030761470649e-06,5,5,0,0
9429,3,3,3,2.116335281382442e-06,3,3,0,0
9430,3,3,3,2.910095215469255e-06,3,3,0,0
9431,3,3,3,1.1887664794762998e-06,3,3,0,0
9432,9,9,9,2.384605407801388e-06,9,9,0,0
9433,8,8,8,1.923754883392803e-06,8,8,0,0
9434,1,1,1,9.503936766463994e-07,1,1,0,0
9435,1,1,1,9.538232426109516e-07,1,1,0,0
9436,0,0,0,1.911430663525948e-06,0,0,0,0
9437,6,6,6,2.381027831788174e-06,6,6,0,0
9438,1,1,1,2.8564892584626023e-06,1,1,0,0
9439,0,0,0,2.89176025347615e-06,0,0,0,0
9440,0,0,0,1.906348876978825e-06,0,0,0,0
9441,6,6,6,1.4288592531386257e-06,6,6,0,0
9442,2,2,2,1.9452636710326487e-06,2,2,0,0
9443,1,1,1,1.9030029303479523e-06,1,1,0,0
9444,1,1,1,9.549768069661013e-07,1,1,0,0
9445,3,3,3,1.9372314454813022e-06,3,3,0,0
9446,2,2,2,1.910804443561176e-06,2,2,0,0
9447,7,7,7,9.531079108171525e-07,7,7,0,0
9448,7,7,7,9.82653808989653e-07,7,7,0,0
9449,8,8,8,9.563574216997495e-07,8,8,0,0
9450,8,8,8,1.9050292969780003e-06,8,8,0,0
9451,7,7,7,1.938891601938053e-06,7,7,0,0
9452,8,8,8,2.3850421144722134e-06,8,8,0,0
9453,4,4,4,1.9384033187463956e-06,4,4,0,0
9454,6,6,6,9.850097661967538e-07,6,6,0,0
9455,0,0,0,1.9046020511837014e-06,0,0,0,0
9456,2,2,2,9.558911138185522e-07,2,2,0,0
9457,0,0,0,2.8634667970095506e-06,0,0,0,0
9458,7,7,7,1.947668456736551e-06,7,7,0,0
9459,0,0,0,3.82517089825285e-06,0,0,0,0
9460,3,3,3,1.9019042980517042e-06,3,3,0,0
9461,6,6,6,1.864697265929749e-06,6,6,0,0
9462,8,8,8,1.909465942251387e-06,8,8,0,0
9463,7,7,7,2.8432739256345485e-06,7,7,0,0
9464,1,1,1,1.4330529785056e-06,1,1,0,0
9465,5,5,5,1.904116210482698e-06,5,5,0,0
9466,9,9,9,2.2613308716668e-06,9,9,0,0
9467,9,9,9,2.3805017086431235e-06,9,9,0,0
9468,3,3,3,3.843701172456804e-06,3,3,0,0
9469,7,7,7,1.9025976563114e-06,7,7,0,0
9470,2,2,2,1.9222290035258993e-06,2,2,0,0
9471,4,4,4,1.9666693115150125e-06,4,4,0,0
9472,9,9,9,1.1954162597582751e-06,9,9,0,0
9473,4,4,4,9.494995119041505e-07,4,4,0,0
9474,3,3,3,1.9053247068967494e-06,3,3,0,0
9475,6,6,6,3.7706054705211045e-06,6,6,0,0
9476,2,2,2,1.1323210754587976e-06,2,2,0,0
9477,2,2,2,2.7422106934071877e-06,2,2,0,0
9478,5,5,5,2.859379883091151e-06,5,5,0,0
9479,3,3,3,3.7824462886248966e-06,3,3,0,0
9480,2,2,2,5.717065429067247e-06,2,2,0,0
9481,5,5,5,3.856518553391197e-06,5,5,0,0
9482,5,5,5,1.9203002921130974e-06,5,5,0,0
9483,9,9,9,1.4325219725996874e-06,9,9,0,0
9484,4,4,4,2.8601135255712506e-06,4,4,0,0
9485,1,1,1,3.810375977408853e-06,1,1,0,0
9486,7,7,7,1.9065795902051264e-06,7,7,0,0
9487,2,2,2,1.4285333254093757e-06,2,2,0,0
9488,0,0,0,1.9093066399022973e-06,0,0,0,0
9489,1,1,1,9.550390625001626e-07,1,1,0,0
9490,2,2,2,3.8170410157079004e-06,2,2,0,0
9491,3,3,3,1.9283203123166004e-06,3,3,0,0
9492,4,4,4,2.825598144795549e-06,4,4,0,0
9493,5,5,5,1.9538085922476967e-06,5,5,0,0
9494,6,6,6,1.910942382998826e-06,6,6,0,0
9495,7,7,7,1.8604248044340466e-06,7,7,0,0
9496,8,8,8,3.8281982419619e-06,8,8,0,0
9497,9,9,9,1.8845214846407998e-06,9,9,0,0
9498,0,0,0,3.338258056651e-06,0,0,0,0
9499,1,1,1,1.9051440425243982e-06,1,1,0,0
9500,2,2,2,1.9061572267276006e-06,2,2,0,0
9501,3,3,3,2.563182312009804e-06,3,3,0,0
9502,4,4,4,2.826721191340198e-06,4,4,0,0
9503,5,5,5,1.878369140229097e-06,5,5,0,0
9504,6,6,6,2.905334472558252e-06,6,6,0,0
9505,7,7,7,1.9110095212937495e-06,7,7,0,0
9506,8,8,8,1.4353723143400998e-06,8,8,0,0
9507,9,9,9,1.954492187650203e-06,9,9,0,0
9508,0,0,0,1.6702062990425759e-06,0,0,0,0
9509,1,1,1,1.911911621022e-06,1,1,0,0
9510,2,2,2,1.9109716795639997e-06,2,2,0,0
9511,3,3,3,1.9380615228214992e-06,3,3,0,0
9512,4,4,4,2.848046875669752e-06,4,4,0,0
9513,5,5,5,1.4266949461827494e-06,5,5,0,0
9514,6,6,6,2.8608764655047025e-06,6,6,0,0
9515,7,7,7,1.9351074236340082e-06,7,7,0,0
9516,8,8,8,1.9138916016459007e-06,8,8,0,0
9517,9,9,9,1.9186157231843026e-06,9,9,0,0
9518,1,1,1,1.4273254391738988e-06,1,1,0,0
9519,0,0,0,2.8587084957010234e-06,0,0,0,0
9520,1,1,1,2.8591186520543488e-06,1,1,0,0
9521,2,2,2,4.803234864070305e-06,2,2,0,0
9522,7,7,7,1.8936889656373523e-06,7,7,0,0
9523,5,5,5,1.920129394150649e-06,5,5,0,0
9524,3,3,3,3.7944091779706923e-06,3,3,0,0
9525,4,4,4,1.9308471674861494e-06,4,4,0,0
9526,4,4,4,2.3876452637239254e-06,4,4,0,0
9527,0,0,0,1.911373290752749e-06,0,0,0,0
9528,0,0,0,2.6227917480081686e-06,0,0,0,0
9529,6,6,6,1.4281701661289503e-06,6,6,0,0
9530,9,9,9,1.966887069715373e-06,9,9,0,0
9531,6,6,6,2.812548828501349e-06,6,6,0,0
9532,6,6,6,1.9116687015596767e-06,6,6,0,0
9533,5,5,5,1.903400878688899e-06,5,5,0,0
9534,7,7,7,9.771484368314987e-07,7,7,0,0
9535,2,2,2,2.1504461669152874e-06,2,2,0,0
9536,3,3,3,1.922143553656497e-06,3,3,0,0
9537,4,4,4,1.4350415042940767e-06,4,4,0,0
9538,4,4,4,2.863865966817869e-06,4,4,0,0
9539,9,9,9,9.972656247470013e-07,9,9,0,0
9540,1,1,1,9.535424805307002e-07,1,1,0,0
9541,4,4,4,2.264671859764089e-06,4,4,0,0
9542,0,0,0,2.8151611335403004e-06,0,0,0,0
9543,7,7,7,1.8643066397316943e-06,7,7,0,0
9544,9,9,9,2.8894775390142513e-06,9,9,0,0
9545,5,5,5,1.9089233393998484e-06,5,5,0,0
9546,7,7,7,1.9093286134364007e-06,7,7,0,0
9547,2,2,2,3.843481444221197e-06,2,2,0,0
9548,3,3,3,2.268851013287332e-06,3,3,0,0
9549,1,1,1,1.9052746580427993e-06,1,1,0,0
9550,4,4,4,1.911132202270238e-06,4,4,0,0
9551,4,4,4,2.875329590423803e-06,4,4,0,0
9552,0,0,0,2.889099121716754e-06,0,0,0,0
9553,9,9,9,2.862531738756502e-06,9,9,0,0
9554,9,9,9,9.71801757287949e-07,9,9,0,0
9555,6,6,6,3.851147461375604e-06,6,6,0,0
9556,1,1,1,2.1464160155915124e-06,1,1,0,0
9557,8,8,8,3.337109680146e-06,8,8,0,0
9558,3,3,3,3.787792969944803e-06,3,3,0,0
9559,3,3,3,1.940478515649602e-06,3,3,0,0
9560,7,7,7,3.823706055783305e-06,7,7,0,0
9561,3,3,3,3.846801757134699e-06,3,3,0,0
9562,9,9,9,1.9104260253755e-06,9,9,0,0
9563,8,8,8,1.906439819343575e-06,8,8,0,0
9564,8,8,8,1.9517822273940055e-06,8,8,0,0
9565,4,4,4,1.9058764646473492e-06,4,4,0,0
9566,7,7,7,1.905275878399948e-06,7,7,0,0
9567,7,7,7,1.4306390379026368e-06,7,7,0,0
9568,6,6,6,1.912036132978301e-06,6,6,0,0
9569,2,2,2,2.8532836910954984e-06,2,2,0,0
9570,1,1,1,1.4293774412976745e-06,1,1,0,0
9571,9,9,9,2.904870605391352e-06,9,9,0,0
9572,8,8,8,1.9096649168659496e-06,8,8,0,0
9573,7,7,7,1.9111401368121506e-06,7,7,0,0
9574,8,8,8,2.801046539296914e-06,8,8,0,0
9575,8,8,8,1.8662841796412977e-06,8,8,0,0
9576,7,7,7,9.975708010756534e-07,7,7,0,0
9577,2,2,2,2.387249756097276e-06,2,2,0,0
9578,2,2,2,2.8626245125451533e-06,2,2,0,0
9579,3,3,3,1.918493651942299e-06,3,3,0,0
9580,9,9,9,2.860527099635135e-06,9,9,0,0
9581,3,3,3,1.950805664563404e-06,3,3,0,0
9582,3,3,3,3.807104491215796e-06,3,3,0,0
9583,5,5,5,3.7931152334635954e-06,5,5,0,0
9584,5,5,5,2.8151367192918997e-06,5,5,0,0
9585,0,0,0,1.908103027581376e-06,0,0,0,0
9586,7,7,7,1.9368408210596044e-06,7,7,0,0
9587,9,9,9,1.908198242972503e-06,9,9,0,0
9588,5,5,5,3.7898315436990515e-06,5,5,0,0
9589,6,6,6,9.717651359153479e-07,6,6,0,0
9590,5,5,5,1.931738282223705e-06,5,5,0,0
9591,1,1,1,2.38392578122415e-06,1,1,0,0
9592,4,4,4,2.8580786128884483e-06,4,4,0,0
9593,1,1,1,1.9258300785196525e-06,1,1,0,0
9594,1,1,1,2.8580639650499506e-06,1,1,0,0
9595,2,2,2,1.904053955392726e-06,2,2,0,0
9596,8,8,8,1.906071776858198e-06,8,8,0,0
9597,2,2,2,2.893725586261553e-06,2,2,0,0
9598,6,6,6,3.845947265546101e-06,6,6,0,0
9599,1,1,1,1.9051013184778753e-06,1,1,0,0
9600,5,5,5,2.8715820317160023e-06,5,5,0,0
9601,0,0,0,1.948706055188154e-06,0,0,0,0
9602,1,1,1,1.858178711344749e-06,1,1,0,0
9603,2,2,2,9.992065432840036e-07,2,2,0,0
9604,3,3,3,3.7687011733567033e-06,3,3,0,0
9605,4,4,4,1.9225341798545514e-06,4,4,0,0
9606,5,5,5,9.584875488855005e-07,5,5,0,0
9607,6,6,6,1.4333959956758235e-06,6,6,0,0
9608,7,7,7,1.8995727533166473e-06,7,7,0,0
9609,8,8,8,1.911716308811151e-06,8,8,0,0
9610,9,9,9,2.8963989251451494e-06,9,9,0,0
9611,0,0,0,1.9054153441722121e-06,0,0,0,0
9612,1,1,1,2.8650634771310024e-06,1,1,0,0
9613,2,2,2,3.3373071293141265e-06,2,2,0,0
9614,3,3,3,1.912109375723503e-06,3,3,0,0
9615,4,4,4,1.6680560301907121e-06,4,4,0,0
9616,5,5,5,1.9028308102519986e-06,5,5,0,0
9617,6,6,6,1.0709118651863747e-06,6,6,0,0
9618,7,7,7,1.875378417892648e-06,7,7,0,0
9619,8,8,8,1.9062829590410502e-06,8,8,0,0
9620,9,9,9,1.4296398926916254e-06,9,9,0,0
9621,0,0,0,1.435319823883674e-06,0,0,0,0
9622,1,1,1,2.8633508302178257e-06,1,1,0,0
9623,2,2,2,1.6648992922085881e-06,2,2,0,0
9624,3,3,3,1.9112207034766016e-06,3,3,0,0
9625,4,4,4,2.8716186530886034e-06,4,4,0,0
9626,5,5,5,9.96325683289001e-07,5,5,0,0
9627,6,6,6,9.46386718325698e-07,6,6,0,0
9628,7,7,7,1.910198364374338e-06,7,7,0,0
9629,8,8,8,2.882983398677652e-06,8,8,0,0
9630,8,8,8,1.906384277106099e-06,8,8,0,0
9631,0,0,0,1.909405517253049e-06,0,0,0,0
9632,6,6,6,1.9023535156037497e-06,6,6,0,0
9633,0,0,0,1.906030273168824e-06,0,0,0,0
9634,0,0,0,1.4295874022351995e-06,0,0,0,0
9635,2,2,2,1.910849610098353e-06,2,2,0,0
9636,3,3,3,1.1925518799138501e-06,3,3,0,0
9637,7,7,7,3.8608154291353e-06,7,7,0,0
9638,9,9,9,2.8884887690594496e-06,9,9,0,0
9639,4,4,4,9.5675170896925e-07,4,4,0,0
9640,7,7,7,1.8968505877126063e-06,7,7,0,0
9641,1,1,1,1.1914801025803001e-06,1,1,0,0
9642,9,9,9,9.559326175079264e-07,9,9,0,0
9643,1,1,1,8.331942749073562e-07,1,1,0,0
9644,7,7,7,1.941381835735001e-06,7,7,0,0
9645,1,1,1,9.528491204946477e-07,1,1,0,0
9646,4,4,4,1.90600097660365e-06,4,4,0,0
9647,0,0,0,1.9115844729356013e-06,0,0,0,0
9648,0,0,0,2.0564829177893706e-06,0,0,0,0
9649,1,1,1,9.692504878699992e-07,1,1,0,0
9650,7,7,7,1.8575561515632444e-06,7,7,0,0
9651,5,5,5,1.9217407221105987e-06,5,5,0,0
9652,7,7,7,2.026957092393644e-06,7,7,0,0
9653,1,1,1,9.947875980742538e-07,1,1,0,0
9654,3,3,3,2.6241448973784998e-06,3,3,0,0
9655,3,3,3,1.4329406736734995e-06,3,3,0,0
9656,3,3,3,3.777099609081347e-06,3,3,0,0
9657,1,1,1,1.9258056642712518e-06,1,1,0,0
9658,6,6,6,1.9102197263975995e-06,6,6,0,0
9659,9,9,9,2.821496581262295e-06,9,9,0,0
9660,7,7,7,1.4301995849841376e-06,7,7,0,0
9661,1,1,1,1.1929083250095118e-06,1,1,0,0
9662,3,3,3,1.951293945978705e-06,3,3,0,0
9663,0,0,0,1.9113452154329025e-06,0,0,0,0
9664,2,7,7,1.9117346194974516e-06,7,7,0,0
9665,6,6,6,1.942480468031249e-06,6,6,0,0
9666,0,0,0,1.9061401363984487e-06,0,0,0,0
9667,8,8,8,1.945483399268255e-06,8,8,0,0
9668,9,9,9,9.78393554618151e-07,9,9,0,0
9669,4,4,4,2.2632272338451997e-06,4,4,0,0
9670,3,3,3,1.9030761713167976e-06,3,3,0,0
9671,5,5,5,1.4281738280885747e-06,5,5,0,0
9672,4,4,4,1.9454589850198545e-06,4,4,0,0
9673,8,8,8,2.9020996095141527e-06,8,8,0,0
9674,1,1,1,1.8473037262101144e-06,1,1,0,0
9675,5,5,5,3.7780883790361486e-06,5,5,0,0
9676,9,9,9,1.9079541013766743e-06,9,9,0,0
9677,0,0,0,1.9076280822760694e-06,0,0,0,0
9678,6,6,6,1.19701477041545e-06,6,6,0,0
9679,6,3,3,1.4323522945502987e-06,3,3,0,0
9680,3,3,3,2.141294555446649e-06,3,3,0,0
9681,8,8,8,1.8905761720588998e-06,8,8,0,0
9682,1,1,1,2.85879150396795e-06,1,1,0,0
9683,4,4,4,2.861074737570135e-06,4,4,0,0
9684,7,7,7,1.9115356444388e-06,7,7,0,0
9685,5,5,5,2.863620604642847e-06,5,5,0,0
9686,2,2,2,1.9014648433568482e-06,2,2,0,0
9687,0,0,0,9.547122192810065e-07,0,0,0,0
9688,0,0,0,1.4301806636751735e-06,0,0,0,0
9689,1,1,1,1.9108911128995487e-06,1,1,0,0
9690,7,7,7,9.55607910135825e-07,7,7,0,0
9691,8,8,8,1.9028515616525965e-06,8,8,0,0
9692,9,9,9,1.8861694339733504e-06,9,9,0,0
9693,6,6,6,9.581689455195885e-07,6,6,0,0
9694,8,8,8,1.9001098632287494e-06,8,8,0,0
9695,8,8,8,1.953320312608753e-06,8,8,0,0
9696,2,2,2,2.3828985595830687e-06,2,2,0,0
9697,3,3,3,2.145620727755926e-06,3,3,0,0
9698,6,6,6,9.54272460162997e-07,6,6,0,0
9699,1,1,1,1.9095239256472496e-06,1,1,0,0
9700,2,2,2,1.4289465335437512e-06,2,2,0,0
9701,9,9,9,2.8634020994289244e-06,9,9,0,0
9702,5,5,5,2.149456787003956e-06,5,5,0,0
9703,2,2,2,2.885375977257354e-06,2,2,0,0
9704,0,0,0,2.8433105470071496e-06,0,0,0,0
9705,1,1,1,1.5543081663960123e-06,1,1,0,0
9706,2,2,2,2.858496094049201e-06,2,2,0,0
9707,3,3,3,1.9475830086435053e-06,3,3,0,0
9708,4,4,4,2.861552734323425e-06,4,4,0,0
9709,5,5,5,2.3832312008309486e-06,5,5,0,0
9710,6,6,6,2.837634276886547e-06,6,6,0,0
9711,7,7,7,1.930310059350404e-06,7,7,0,0
9712,8,8,8,1.9072021490984525e-06,8,8,0,0
9713,9,9,9,1.4348364256733248e-06,9,9,0,0
9714,0,0,0,1.9084228508603474e-06,0,0,0,0
9715,1,1,1,1.9089465332911004e-06,1,1,0,0
9716,2,2,2,2.9069580076424018e-06,2,2,0,0
9717,3,3,3,1.9092932133091267e-06,3,3,0,0
9718,4,4,4,2.3805383300157246e-06,4,4,0,0
9719,5,5,5,2.862404784309547e-06,5,5,0,0
9720,6,6,6,2.3889611817651257e-06,6,6,0,0
9721,7,7,7,9.543115240262523e-07,7,7,0,0
9722,8,8,8,3.3351635746470265e-06,8,8,0,0
9723,9,9,9,2.7373815918441124e-06,9,9,0,0
9724,0,0,0,2.3882617190551514e-06,0,0,0,0
9725,1,1,1,1.9041186520851738e-06,1,1,0,0
9726,2,2,2,2.815246581633346e-06,2,2,0,0
9727,3,3,3,1.434332885796863e-06,3,3,0,0
9728,4,4,4,9.522338864087487e-07,4,4,0,0
9729,5,6,6,1.4317834473587254e-06,6,6,0,0
9730,6,6,6,2.8588464351386733e-06,6,6,0,0
9731,7,7,7,9.58626708680299e-07,7,7,0,0
9732,8,8,8,1.9090905762908505e-06,8,8,0,0
9733,9,9,9,1.90934814447985e-06,9,9,0,0
9734,7,7,7,2.8458007808040975e-06,7,7,0,0
9735,4,4,4,2.1485906982476877e-06,4,4,0,0
9736,6,6,6,2.1507421874567e-06,6,6,0,0
9737,1,1,1,2.8217773433425464e-06,1,1,0,0
9738,4,4,4,1.9100512691494487e-06,4,4,0,0
9739,0,0,0,1.9362670897749013e-06,0,0,0,0
9740,9,9,9,1.8883544914416461e-06,9,9,0,0
9741,9,9,9,1.6683172607834251e-06,9,9,0,0
9742,3,3,3,2.856520996630252e-06,3,3,0,0
9743,7,7,7,2.862380371837503e-06,7,7,0,0
9744,8,8,8,1.430545837455277e-06,8,8,0,0
9745,4,4,4,1.9035827634183988e-06,4,4,0,0
9746,7,7,7,2.1233792541486274e-06,7,7,0,0
9747,5,5,5,1.9012695311459993e-06,5,5,0,0
9748,8,8,8,1.4336474611909011e-06,8,8,0,0
9749,5,5,5,2.893920898472402e-06,5,5,0,0
9750,3,3,3,2.3819506838052007e-06,3,3,0,0
9751,2,2,2,1.1329528351033957e-06,2,2,0,0
9752,2,2,2,1.19399047848745e-06,2,2,0,0
9753,0,0,0,2.856860351840851e-06,0,0,0,0
9754,5,5,5,2.858330078403526e-06,5,5,0,0
9755,8,8,8,2.816979980835299e-06,8,8,0,0
9756,6,6,6,2.1409643555792e-06,6,6,0,0
9757,0,0,0,2.857004394840601e-06,0,0,0,0
9758,3,3,3,2.8429443350574957e-06,3,3,0,0
9759,8,8,8,2.38174743660835e-06,8,8,0,0
9760,1,1,1,2.3810546876390504e-06,1,1,0,0
9761,0,0,0,2.384435714708477e-06,0,0,0,0
9762,3,3,3,1.9111462403742507e-06,3,3,0,0
9763,0,0,0,1.9085119626893743e-06,0,0,0,0
9764,4,4,4,1.6722924804923878e-06,4,4,0,0
9765,7,7,7,1.8582519523135943e-06,7,7,0,0
9766,4,4,4,1.429127197027924e-06,4,4,0,0
9767,9,9,9,1.3108944701967218e-06,9,9,0,0
9768,2,2,2,1.4293518066921251e-06,2,2,0,0
9769,9,9,9,2.8774047855506524e-06,9,9,0,0
9770,5,0,0,1.9060913079016473e-06,0,0,0,0
9771,7,7,7,1.012977874803589e-06,7,7,0,0
9772,1,1,1,2.38560546872435e-06,1,1,0,0
9773,7,7,7,1.8625610351818978e-06,7,7,0,0
9774,1,1,1,1.0688888549825748e-06,1,1,0,0
9775,6,6,6,1.180016176318896e-06,6,6,0,0
9776,6,6,6,1.908454589027997e-06,6,6,0,0
9777,5,5,5,1.0137699890666596e-06,5,5,0,0
9778,6,6,6,3.8146484371281986e-06,6,6,0,0
9779,2,2,2,1.9549072263203016e-06,2,2,0,0
9780,8,8,8,1.932995605358201e-06,8,8,0,0
9781,7,7,7,2.8619018550557485e-06,7,7,0,0
9782,6,6,6,2.848376464470448e-06,6,6,0,0
9783,4,4,4,1.9071691896854759e-06,4,4,0,0
9784,9,9,9,2.8609570303927967e-06,9,9,0,0
9785,9,9,9,3.099946899620676e-06,9,9,0,0
9786,5,5,5,2.028670959441925e-06,5,5,0,0
9787,3,3,3,1.4278613278406738e-06,3,3,0,0
9788,7,7,7,1.7281495056087337e-06,7,7,0,0
9789,4,4,4,2.3838342286808256e-06,4,4,0,0
9790,3,3,3,2.8658288577787516e-06,3,3,0,0
9791,0,0,0,3.1012133789865004e-06,0,0,0,0
9792,4,4,4,1.4346124268538318e-06,4,4,0,0
9793,6,6,6,1.8775634771373007e-06,6,6,0,0
9794,6,6,6,1.9054089355208248e-06,6,6,0,0
9795,1,1,1,1.9453247066536505e-06,1,1,0,0
9796,1,1,1,1.4284362794825256e-06,1,1,0,0
9797,3,3,3,1.9117272946900243e-06,3,3,0,0
9798,2,2,2,1.8827758783146464e-06,2,2,0,0
9799,1,1,1,9.585510252207996e-07,1,1,0,0
9800,0,0,0,1.3116944580504608e-06,0,0,0,0
9801,0,0,0,1.6662982176285368e-06,0,0,0,0
9802,1,1,1,2.865524901807248e-06,1,1,0,0
9803,2,2,2,3.861987305953107e-06,2,2,0,0
9804,3,3,3,2.8938110343545986e-06,3,3,0,0
9805,4,4,4,1.913232420491795e-06,4,4,0,0
9806,7,7,7,1.8873291018906002e-06,7,7,0,0
9807,8,8,8,1.9963463744887555e-06,8,8,0,0
9808,9,9,9,2.147861023038544e-06,9,9,0,0
9809,0,0,0,2.860397948722948e-06,0,0,0,0
9810,1,1,1,2.904235840262004e-06,1,1,0,0
9811,2,2,2,9.569580079471507e-07,2,2,0,0
9812,3,3,3,2.8479980471729505e-06,3,3,0,0
9813,4,4,4,1.911362304873876e-06,4,4,0,0
9814,5,5,5,1.9026519775255935e-06,5,5,0,0
9815,6,6,6,1.9049548338756495e-06,6,6,0,0
9816,7,7,7,1.8783447259806962e-06,7,7,0,0
9817,8,8,8,1.251457305895265e-06,8,8,0,0
9818,0,0,0,2.8644104004271753e-06,0,0,0,0
9819,1,1,1,1.4335644529239744e-06,1,1,0,0
9820,2,2,2,2.1427053833456e-06,2,2,0,0
9821,3,3,3,1.8786621076571919e-06,3,3,0,0
9822,4,4,4,2.6193963624798755e-06,4,4,0,0
9823,7,7,7,1.9239990223240966e-06,7,7,0,0
9824,8,8,8,2.0312722779358694e-06,8,8,0,0
9825,9,9,9,1.1876287842049749e-06,9,9,0,0
9826,0,0,0,1.9053186033346492e-06,0,0,0,0
9827,8,8,8,1.8682983391471453e-06,8,8,0,0
9828,3,3,3,1.9044189460970529e-06,3,3,0,0
9829,9,9,9,1.9083172606570997e-06,9,9,0,0
9830,5,5,5,2.3854461668193494e-06,5,5,0,0
9831,5,5,5,1.908742675027497e-06,5,5,0,0
9832,2,2,2,2.8356567387533005e-06,2,2,0,0
9833,6,6,6,1.4314916993996007e-06,6,6,0,0
9834,8,8,8,1.9197753911015525e-06,8,8,0,0
9835,4,4,4,2.8625341794707992e-06,4,4,0,0
9836,1,1,1,1.9341064447786493e-06,1,1,0,0
9837,7,7,7,1.4259216305489986e-06,7,7,0,0
9838,1,1,1,2.3822814938512238e-06,1,1,0,0
9839,2,2,2,1.6666778566154505e-06,2,2,0,0
9840,3,3,3,1.9081762694383997e-06,3,3,0,0
9841,5,5,5,1.43440063471445e-06,5,5,0,0
9842,6,6,6,1.9017822268097007e-06,6,6,0,0
9843,9,9,9,1.4256848146487755e-06,9,9,0,0
9844,1,1,1,1.4322180179604516e-06,1,1,0,0
9845,1,1,1,1.903007811776547e-06,1,1,0,0
9846,1,1,1,2.8590283207563516e-06,1,1,0,0
9847,2,2,2,1.905987549122301e-06,2,2,0,0
9848,1,1,1,3.8113720695065467e-06,1,1,0,0
9849,2,2,2,9.601074211218474e-07,2,2,0,0
9850,0,0,0,1.8644531252220986e-06,0,0,0,0
9851,7,7,7,3.808251953785202e-06,7,7,0,0
9852,7,7,7,1.9060278324545266e-06,7,7,0,0
9853,5,5,5,1.4289355467766995e-06,5,5,0,0
9854,8,8,8,2.8577893065317994e-06,8,8,0,0
9855,2,2,2,2.849816894467949e-06,2,2,0,0
9856,9,9,9,1.901794433933901e-06,9,9,0,0
9857,8,8,8,1.4303491209233243e-06,8,8,0,0
9858,6,6,6,1.9032763676207765e-06,6,6,0,0
9859,7,7,7,2.4048828128897526e-07,7,7,0,0
9860,3,3,3,1.8656738269839934e-06,3,3,0,0
9861,4,4,4,1.4311315919002254e-06,4,4,0,0
9862,6,6,6,2.3241693115627626e-06,6,6,0,0
9863,8,8,8,1.909526366361547e-06,8,8,0,0
9864,7,7,7,9.571899415306007e-07,7,7,0,0
9865,0,0,0,1.9110375975017746e-06,0,0,0,0
9866,4,4,4,9.245239258603988e-07,4,4,0,0
9867,2,2,2,1.8773803702742953e-06,2,2,0,0
9868,7,7,7,1.425635986151974e-06,7,7,0,0
9869,7,7,7,1.8899414051531949e-06,7,7,0,0
9870,5,5,5,2.382375488441113e-06,5,5,0,0
9871,4,4,4,4.794476318181751e-07,4,4,0,0
9872,3,3,3,2.146041366557494e-06,3,3,0,0
9873,4,4,4,2.815673827427645e-06,4,4,0,0
9874,2,2,2,3.7734008788703477e-06,2,2,0,0
9875,8,8,8,2.3801293949077262e-06,8,8,0,0
9876,1,1,1,1.9434326166134497e-06,1,1,0,0
9877,5,5,5,1.9223022462711015e-06,5,5,0,0
9878,1,1,1,1.904719238332575e-06,1,1,0,0
9879,0,0,0,1.4263574215078734e-06,0,0,0,0
9880,2,2,2,2.8573730475045522e-06,2,2,0,0
9881,3,3,3,1.9385742184852006e-06,3,3,0,0
9882,3,3,3,2.861765135975247e-06,3,3,0,0
9883,5,5,5,2.8122070308000957e-06,5,5,0,0
9884,7,7,7,1.3746405223835634e-06,7,7,0,0
9885,0,0,0,3.78837890657735e-06,0,0,0,0
9886,6,6,6,1.4265930179391262e-06,6,6,0,0
9887,8,8,8,1.5498999024199378e-06,8,8,0,0
9888,6,0,0,2.385292968476449e-06,0,0,0,0
9889,3,3,3,1.941845702901901e-06,3,3,0,0
9890,9,9,9,1.433535766537375e-06,9,9,0,0
9891,9,9,9,1.4328115844897127e-06,9,9,0,0
9892,8,8,8,1.9028100588514008e-06,8,8,0,0
9893,2,2,2,2.383984375242676e-06,2,2,0,0
9894,7,7,7,1.910180664310701e-06,7,7,0,0
9895,7,7,7,1.8579833991339e-06,7,7,0,0
9896,1,1,1,1.902374267892526e-06,1,1,0,0
9897,0,0,0,2.3840362550764382e-06,0,0,0,0
9898,1,1,1,1.9100976560437744e-06,1,1,0,0
9899,7,7,7,2.141113891518387e-06,7,7,0,0
9900,8,8,8,9.94860839043099e-07,8,8,0,0
9901,9,9,9,3.818562011481674e-06,9,9,0,0
9902,0,0,0,1.874084473385551e-06,0,0,0,0
9903,1,1,1,9.694946285776496e-07,1,1,0,0
9904,2,2,2,1.966603210501461e-06,2,2,0,0
9905,3,3,3,1.9101831050249984e-06,3,3,0,0
9906,4,4,4,2.7422319336389833e-06,4,4,0,0
9907,5,5,5,9.579638664547474e-07,5,5,0,0
9908,6,6,6,1.8938232422271994e-06,6,6,0,0
9909,7,7,7,9.987670903655044e-07,7,7,0,0
9910,8,8,8,1.9027709967645023e-06,8,8,0,0
9911,0,0,0,1.4300292967561745e-06,0,0,0,0
9912,1,1,1,2.8918457033455525e-06,1,1,0,0
9913,2,2,2,4.7546508792351005e-06,2,2,0,0
9914,3,3,3,2.143332519466412e-06,3,3,0,0
9915,4,4,4,2.2653077698109314e-06,4,4,0,0
9916,7,7,7,9.832031242495987e-07,7,7,0,0
9917,8,8,8,2.385944823934949e-06,8,8,0,0
9918,9,9,9,1.9104980459871967e-06,9,9,0,0
9919,7,7,7,9.586260987237694e-07,7,7,0,0
9920,8,8,8,2.3867883296446735e-06,8,8,0,0
9921,6,6,6,2.8440795905027016e-06,6,6,0,0
9922,4,4,4,2.863015136966851e-06,4,4,0,0
9923,1,1,1,1.9145507810236495e-06,1,1,0,0
9924,9,9,9,2.8898193367155045e-06,9,9,0,0
9925,3,3,3,1.435502929858501e-06,3,3,0,0
9926,8,8,8,2.1474200440074753e-06,8,8,0,0
9927,4,4,4,1.8920043949322007e-06,4,4,0,0
9928,4,4,4,1.910527343440549e-06,4,4,0,0
9929,7,7,7,1.9046093751029503e-06,7,7,0,0
9930,0,0,0,2.3821740722240747e-06,0,0,0,0
9931,1,1,1,1.4287725829120745e-06,1,1,0,0
9932,9,9,9,2.877526855016299e-06,9,9,0,0
9933,2,2,2,1.9051049804374998e-06,2,2,0,0
9934,8,8,8,1.4303308102370238e-06,8,8,0,0
9935,7,7,7,3.860058594540305e-06,7,7,0,0
9936,8,8,8,1.9074182127098993e-06,8,8,0,0
9937,2,2,2,1.9099340828887534e-06,2,2,0,0
9938,6,6,6,1.4351513675237015e-06,6,6,0,0
9939,0,0,0,1.9114501954575758e-06,0,0,0,0
9940,6,6,6,1.909616699435901e-06,6,6,0,0
9941,5,5,5,2.387988281338238e-06,5,5,0,0
9942,3,3,3,3.837402342554697e-06,3,3,0,0
9943,3,3,3,2.381917724392224e-06,3,3,0,0
9944,3,3,3,1.9503540045207046e-06,3,3,0,0
9945,9,9,9,1.9530151362801007e-06,9,9,0,0
9946,1,1,1,1.9115332037245025e-06,1,1,0,0
9947,4,4,4,1.6671875000540126e-06,4,4,0,0
9948,0,0,0,1.4322875976358063e-06,0,0,0,0
9949,6,6,6,1.4306103519601265e-06,6,6,0,0
9950,1,1,1,1.4289880372331254e-06,1,1,0,0
9951,0,0,0,1.4320129393396996e-06,0,0,0,0
9952,0,0,0,3.8167651368326005e-06,0,0,0,0
9953,6,6,6,2.385476074451276e-06,6,6,0,0
9954,2,2,2,2.8658215329713244e-06,2,2,0,0
9955,1,1,1,9.566821290718508e-07,1,1,0,0
9956,1,1,1,1.667213134659562e-06,1,1,0,0
9957,7,7,7,1.906206055224402e-06,7,7,0,0
9958,7,7,7,2.873095702682349e-06,7,7,0,0
9959,8,8,8,9.567492673667743e-07,8,8,0,0
9960,4,4,4,1.9395629884400023e-06,4,4,0,0
9961,6,6,6,1.1902868650714993e-06,6,6,0,0
9962,0,0,0,1.9107141113750004e-06,0,0,0,0
9963,7,7,7,2.3847253416420244e-06,7,7,0,0
9964,0,0,0,2.8806762699673527e-06,0,0,0,0
9965,3,3,3,1.917529296235898e-06,3,3,0,0
9966,6,6,6,1.9112915037311495e-06,6,6,0,0
9967,8,8,8,3.339216308795301e-06,8,8,0,0
9968,7,7,7,9.570220949051134e-07,7,7,0,0
9969,1,1,1,1.9230346683940525e-06,1,1,0,0
9970,5,5,5,1.4345471193166759e-06,5,5,0,0
9971,2,2,2,2.1455810546022747e-06,2,2,0,0
9972,4,4,4,1.9101733403914523e-06,4,4,0,0
9973,9,9,9,2.860428466533449e-06,9,9,0,0
9974,4,4,4,1.8595214843486474e-06,4,4,0,0
9975,3,3,3,1.9330566409792027e-06,3,3,0,0
9976,6,6,6,1.4283496092559744e-06,6,6,0,0
9977,4,4,4,9.704833985324512e-07,4,4,0,0
9978,1,1,1,2.383526611637876e-06,1,1,0,0
9979,7,7,7,2.9017700189371e-06,7,7,0,0
9980,2,2,2,3.863159179218201e-06,2,2,0,0
9981,6,6,6,1.9054888915626123e-06,6,6,0,0
9982,5,6,6,2.863879394965352e-06,6,6,0,0
9983,0,0,0,2.8502197260138473e-06,0,0,0,0
9984,1,1,1,1.9026025395163515e-06,1,1,0,0
9985,2,2,2,2.882788086466803e-06,2,2,0,0
9986,3,3,3,3.863574217888299e-06,3,3,0,0
9987,4,4,4,3.8221435545438e-06,4,4,0,0
9988,5,5,5,2.8634051512099745e-06,5,5,0,0
9989,6,6,6,1.8765136715614972e-06,6,6,0,0
9990,7,7,7,2.3815246583680505e-06,7,7,0,0
9991,8,8,8,2.8618249512391003e-06,8,8,0,0
9992,9,9,9,1.1250857307465445e-06,9,9,0,0
9993,0,0,0,2.093599401856161e-06,0,0,0,0
9994,1,1,1,1.907044677729175e-06,1,1,0,0
9995,2,2,2,5.722998047019701e-06,2,2,0,0
9996,3,3,3,2.387260131797575e-06,3,3,0,0
9997,4,4,4,3.8149340824134015e-06,4,4,0,0
9998,5,5,5,1.9035473624029464e-06,5,5,0,0
9999,6,6,6,1.938684082603004e-06,6,6,0,0
