index,label,pred,raw_logit0,raw_logit1,raw_logit2,raw_logit3,raw_logit4,raw_logit5,raw_logit6,raw_logit7,raw_logit8,raw_logit9
0,7,7,-182,-140,-63,104,-217,-189,-591,396,-105,84
1,2,2,69,73,498,-204,-364,-350,-97,-212,87,-451
2,1,1,-111,302,-123,-246,61,-146,-162,-28,-76,-175
3,0,0,376,-334,6,-144,-275,-88,19,-202,-66,-136
4,4,4,-169,-129,-94,-205,377,-124,-194,-78,-148,47
5,1,1,-134,332,-168,-248,43,-212,-253,7,-75,-159
6,4,4,-412,-72,-224,-305,435,-21,-236,-89,56,82
7,9,9,-365,-199,-46,81,99,6,-410,-65,-14,286
8,5,5,-164,-391,-118,-125,-182,347,86,-257,90,62
9,9,9,-207,-521,-237,34,123,-105,-412,-12,139,464
10,0,0,434,-298,-1,-185,-349,-65,-35,-150,-156,-82
11,6,6,127,-424,-181,-194,-185,26,425,-366,149,-211
12,9,9,-262,-375,-195,-4,161,-98,-474,56,3,429
13,0,0,334,-264,-111,-142,-303,-34,-81,-41,-91,-71
14,1,1,-168,249,-110,-138,-46,-142,-212,-95,44,-127
15,5,5,-334,-35,-214,157,-137,349,-187,-125,-30,-63
16,9,9,-194,-353,-132,26,72,-109,-417,97,-2,358
17,7,7,-171,-189,-36,132,-329,-118,-645,431,-197,63
18,3,3,-284,-269,-57,289,-133,54,-228,-135,138,3
19,4,4,-317,-42,-101,-216,480,-109,-277,25,-183,-85
20,9,9,-278,-250,-213,27,123,-102,-535,90,-54,373
21,6,6,-42,-379,-212,-193,-76,170,425,-430,37,-165
22,6,6,69,-417,-294,-154,-43,66,395,-231,-15,-152
23,5,5,-277,-358,-294,44,-210,458,26,-350,34,89
24,4,4,-152,-94,-78,-189,330,-37,-134,-28,-154,-17
25,0,0,393,-490,-39,-135,-247,-96,46,-209,9,-45
26,7,7,-105,-99,-6,55,-131,-192,-410,295,-87,57
27,4,4,-360,-132,-38,-196,568,-123,-356,-89,-161,28
28,0,0,387,-245,56,-106,-392,-101,-148,-105,-114,-176
29,1,1,-203,253,-98,-141,48,-151,-263,-31,9,-69
30,3,3,-402,-245,-259,598,-303,90,-522,-25,-39,135
31,1,1,-228,247,-109,-184,99,-134,-282,-14,-50,2
32,3,3,-604,-25,-241,607,-233,96,-427,-98,60,-78
33,4,4,29,-112,76,-328,372,-194,-53,-175,-158,-295
34,7,7,-237,-127,-13,144,-273,-303,-726,432,-28,68
35,2,2,-72,49,512,-41,-360,-351,-330,4,-17,-251
36,7,7,-209,-102,144,174,-325,-256,-552,329,-47,-13
37,1,1,-189,303,-126,-224,53,-146,-265,-62,-1,-57
38,2,2,5,2,425,-8,-375,-347,-182,-40,40,-312
39,1,1,-64,254,-135,-239,-40,-158,-158,-139,32,-159
40,1,1,-87,174,-51,-157,-10,-86,-126,-24,-6,-72
41,7,7,-230,31,159,128,-179,-273,-469,352,-139,-127
42,4,4,-382,10,-326,-315,479,-58,-265,-7,-189,15
43,2,2,-188,135,312,-121,78,-253,-103,-47,-43,-548
44,3,3,-363,-151,-146,431,-186,108,-279,-83,-40,-30
45,5,5,-130,-285,-213,-37,-309,378,12,-221,86,5
46,1,1,-343,296,-58,-26,-7,-140,-340,-34,23,-103
47,2,2,-74,-8,378,-62,-72,-196,-108,-102,-57,-326
48,4,4,-477,-140,-230,-163,576,-68,-403,-115,9,108
49,4,4,-196,-252,-123,-226,437,-75,-156,-10,-273,-11
50,6,6,34,-255,-231,-142,-62,67,394,-422,4,-281
51,3,3,-396,-114,-122,608,-356,-56,-603,41,-5,-8
52,5,5,-241,-337,-266,37,-215,433,18,-257,69,13
53,5,5,-257,-191,-328,91,-70,359,-76,-152,-62,89
54,6,6,77,-440,-291,-285,-119,124,484,-358,91,-197
55,0,0,312,-124,-31,-276,-329,-81,-91,-32,-85,-180
56,4,4,-356,-104,-102,-305,621,-120,-305,-27,-221,-125
57,1,1,-117,258,-128,-203,40,-198,-227,6,-34,-96
58,9,9,-305,-392,-122,10,242,-91,-504,90,-115,396
59,5,5,-145,-165,-341,-10,-87,241,-164,83,-14,46
60,7,7,-242,-169,-96,118,-255,-53,-545,443,-225,80
61,8,8,-144,-439,124,159,-225,-79,-215,-258,341,86
62,9,9,-133,-289,-137,-49,-69,110,-137,-68,99,209
63,3,3,-448,-118,104,377,-210,-133,-569,-2,108,63
64,7,7,-359,-140,66,163,-92,-313,-701,508,-57,-51
65,4,4,-350,-81,-136,-53,286,-6,-299,-76,-67,152
66,6,6,136,-339,-242,-164,-75,38,357,-305,-26,-144
67,4,4,-279,-251,-100,-90,346,3,-167,-39,-110,34
68,3,3,-578,-153,-176,701,-364,-46,-578,-34,145,8
69,0,0,359,-227,5,-248,-218,-42,-61,-119,-217,-9
70,7,7,-152,-230,-119,145,-269,-33,-569,363,-176,113
71,0,0,507,-374,-18,-194,-378,-110,29,-255,-148,-99
72,2,2,14,-4,404,3,-288,-250,-423,62,-173,-169
73,9,9,-197,-288,-88,56,-14,-205,-529,28,146,365
74,1,1,-141,301,-155,-258,41,-114,-181,-125,-3,-135
75,7,7,-380,-87,-62,162,-37,-152,-500,413,-114,-11
76,3,3,-493,-110,-236,506,-125,86,-380,-103,15,90
77,2,2,10,-43,323,16,-275,-271,-309,78,-60,-118
78,9,9,-216,-258,-179,-1,82,-126,-372,-55,97,386
79,7,7,-101,-232,-66,64,-99,-281,-572,361,43,127
80,7,7,-134,-76,-174,-188,-55,-47,-378,326,-113,77
81,6,6,-27,-276,-222,-157,-121,79,416,-369,47,-202
82,2,2,-158,171,606,-2,-273,-378,-399,50,-145,-470
83,7,7,-136,-65,-117,-47,-94,-192,-422,421,-108,3
84,8,8,-214,-383,-213,145,-63,14,-132,-166,468,50
85,4,4,-482,-97,-314,-230,594,6,-291,-10,-169,-90
86,7,7,-176,-135,-80,125,-201,-245,-582,341,15,114
87,3,3,-443,-7,-51,402,-121,-33,-355,115,-109,-184
88,6,6,44,-311,-173,-205,-66,30,494,-383,-6,-333
89,1,1,-135,246,-196,-142,5,-134,-157,-66,-21,-205
90,3,3,-357,-180,-235,547,-290,45,-486,-143,103,124
91,6,6,0,-353,-211,-149,-99,89,507,-471,24,-293
92,9,9,-208,-228,-194,12,146,-92,-308,-20,63,282
93,3,3,-427,-170,-319,574,-222,113,-549,-100,-26,133
94,1,1,-218,330,-90,-244,42,-145,-162,-222,86,-199
95,4,4,-76,-246,-210,-268,357,-105,-4,-149,-55,-64
96,1,1,-276,178,-96,-45,41,-96,-344,-6,4,53
97,7,7,-296,-106,80,128,-165,-323,-425,400,111,-180
98,6,6,139,-226,-52,-289,-170,40,348,-405,12,-222
99,9,9,-274,-435,-97,94,118,-136,-536,84,-56,433
100,6,6,54,-270,-145,-158,-81,23,370,-302,65,-210
101,0,0,377,-276,-124,-176,-400,40,67,-163,-90,-157
102,5,5,-386,-248,-357,166,-324,523,-304,-211,18,184
103,4,4,-350,-146,9,-149,540,-98,-291,-19,-229,-141
104,9,9,-254,-406,-220,-23,69,141,-300,-49,-84,383
105,9,9,-300,-424,-82,53,66,-5,-467,8,19,388
106,2,2,22,-102,533,-46,-277,-356,-364,25,-27,-230
107,1,1,-40,291,-98,-376,-9,-188,-79,-108,-29,-266
108,9,9,-370,-289,-165,-23,125,-16,-471,-27,49,444
109,4,4,-91,-116,-90,-276,405,-140,-91,-70,-172,-111
110,8,8,-222,-341,-116,112,-235,5,-182,-311,525,28
111,7,7,-121,-17,-5,57,-267,-298,-520,245,56,60
112,3,3,-449,-84,-207,571,-232,29,-414,-24,-37,-7
113,9,9,-236,-385,-87,113,13,-135,-467,9,84,408
114,7,7,-285,-83,126,194,-187,-209,-496,346,-103,-70
115,4,4,-184,-183,-172,-144,227,-73,-144,-106,-46,174
116,4,4,-396,-64,-262,-146,392,-37,-226,-164,-25,131
117,4,4,-437,-157,-31,-120,527,-114,-324,10,-209,-111
118,9,9,-134,-282,-99,-35,92,-115,-306,5,24,325
119,2,2,-57,-85,353,39,-285,-363,-327,111,66,-139
120,5,5,-483,-396,-410,227,-351,598,-243,-346,102,213
121,4,4,-78,-232,-263,-219,272,-105,78,-178,13,-90
122,7,7,-224,-71,28,71,-210,-161,-508,353,-113,31
123,6,6,-8,-277,-236,-165,-30,48,459,-414,29,-295
124,7,7,-454,-100,-233,-137,239,-49,-438,360,-149,85
125,9,9,-237,-179,-14,3,115,-118,-338,-45,24,270
126,0,0,359,-303,-96,-105,-236,-38,-18,-215,-174,24
127,5,5,-406,-322,-385,108,-217,541,-150,-331,78,181
128,8,8,-256,-409,-17,162,-385,-15,-286,-176,624,74
129,5,5,-399,-333,-380,129,-264,560,-171,-323,6,199
130,6,6,17,-488,-280,-73,-96,86,498,-443,41,-183
131,6,6,109,-513,-190,-185,-200,50,549,-541,155,-254
132,5,5,-423,-243,-385,284,-322,450,-102,-388,80,51
133,7,7,-312,-103,126,208,-171,-373,-779,512,-164,-10
134,8,8,-245,-235,-21,139,-302,-113,-333,-199,529,75
135,1,1,-110,299,-111,-237,-16,-167,-172,-111,13,-199
136,0,0,355,-214,-7,-235,-332,-54,-19,-113,-102,-129
137,1,1,-84,302,-115,-308,38,-210,-221,-104,-25,-172
138,6,6,116,-354,-247,-170,-60,24,475,-413,-65,-286
139,4,4,-120,-247,-190,-107,246,-192,-189,-77,8,136
140,6,6,50,-146,-92,-195,-75,-15,342,-376,62,-299
141,7,7,-213,-124,-75,89,-189,-122,-505,377,-110,72
142,3,3,-283,-138,32,421,-363,-162,-419,-9,103,24
143,1,1,-81,301,-80,-326,20,-134,-131,-68,-62,-190
144,7,7,-334,-88,106,135,-1,-275,-603,413,-148,-20
145,1,1,-180,272,-113,-214,99,-123,-214,-85,-7,-66
146,8,8,-142,-467,-83,202,-269,-124,-187,-236,547,106
147,2,2,-174,6,548,-17,-183,-337,-304,-133,34,-348
148,0,0,392,-255,7,-190,-334,-85,19,-203,-97,-146
149,2,2,-191,-152,246,60,-86,-50,-162,-45,45,-73
150,9,9,-372,-408,-96,-1,101,24,-409,-62,73,412
151,9,9,-128,-517,-9,67,-2,-57,-311,-181,149,360
152,5,5,-192,-318,-228,-226,-184,423,-57,-188,121,132
153,5,5,-246,-197,-240,40,-250,381,-52,-308,94,66
154,1,1,-213,255,-112,-207,76,-130,-260,11,-84,-17
155,5,5,-527,-411,-409,192,-130,582,-144,-373,86,198
156,6,6,34,-251,-102,-233,21,26,369,-266,-90,-329
157,0,0,343,-232,-24,-196,-314,-32,-61,-65,-131,-86
158,3,3,-6,-30,12,187,-368,97,-300,-73,-174,-133
159,4,4,-259,-69,-67,-98,307,-67,-178,-44,-138,-9
160,4,4,-243,52,-152,-370,342,-58,-76,-219,60,-137
161,6,6,38,-379,-240,-74,-15,89,413,-478,-33,-271
162,5,5,-355,-292,-407,1,-379,665,-124,-394,64,131
163,4,4,-417,-205,-151,-214,534,-47,-279,71,-247,-38
164,6,6,-5,-268,-248,-128,-23,28,400,-253,-18,-319
165,5,5,-348,-286,-393,97,-235,568,-82,-278,-28,75
166,4,4,-111,-89,-153,-379,388,-94,-117,-73,-155,1
167,5,5,-198,-352,-144,189,-143,243,-24,-165,4,-58
168,1,1,-142,293,-79,-234,25,-154,-170,-139,46,-165
169,4,4,-333,-70,-118,-266,511,-90,-297,-5,-181,-10
170,4,4,-361,-60,-104,-195,529,-73,-299,-100,-102,11
171,7,7,-121,-157,66,139,-251,-299,-581,253,65,80
172,2,2,-200,76,506,138,-581,-353,-439,2,143,-344
173,3,3,-278,-65,-146,398,-265,87,-357,1,-5,-45
174,2,2,-78,17,474,-31,-276,-314,-294,11,45,-275
175,7,7,-93,-19,-25,54,-128,-156,-303,120,39,72
176,1,1,-65,219,-70,-205,21,-110,-109,-59,-21,-119
177,8,8,-25,-389,-75,10,-175,-118,-31,-239,390,60
178,1,1,-151,324,-125,-226,39,-161,-199,-53,-38,-167
179,8,8,-252,-161,228,106,-386,-222,-258,-187,518,-130
180,1,1,-155,279,-131,-224,56,-131,-203,-39,-48,-77
181,8,8,-191,-289,144,39,-459,-79,-1,-267,501,-143
182,5,5,-228,-194,-335,133,-267,341,19,-288,108,-54
183,0,0,450,-380,-32,-198,-264,-116,61,-236,-137,-37
184,8,8,-88,-316,92,234,-323,-174,-159,-171,370,-87
185,9,9,-172,-366,-158,-13,121,-88,-183,-89,-14,354
186,2,2,-84,-11,593,136,-635,-581,-408,24,169,-377
187,5,5,-417,-329,-290,203,-267,494,-165,-337,92,131
188,0,0,368,-242,-109,-274,-479,51,-36,-42,-57,-251
189,1,1,-205,217,-119,-109,82,-69,-188,-92,0,-54
190,1,1,-78,235,-99,-185,-19,-257,-287,-41,-14,-105
191,1,1,-286,254,-79,-109,74,-103,-296,-35,-5,-51
192,0,0,334,-198,93,-236,-146,-298,-65,-184,-41,-155
193,9,9,-302,-282,-76,26,30,-17,-342,15,113,262
194,0,0,332,-223,-22,-180,-379,0,-165,9,-126,-124
195,3,3,-352,-37,4,270,-46,-5,-239,-4,4,-70
196,1,1,-68,301,-95,-267,-49,-120,-134,-180,11,-236
197,6,6,11,-408,-254,-152,-84,100,506,-507,74,-291
198,4,4,-333,-96,-205,-206,491,-93,-316,-84,-57,101
199,2,2,-251,79,469,263,-509,-482,-518,83,116,-311
200,3,3,-212,-159,-34,499,-365,-75,-437,-142,108,-104
201,6,6,106,-344,-305,-193,-29,26,462,-378,-95,-220
202,1,1,-109,313,-74,-281,17,-247,-226,-31,-17,-181
203,1,1,-166,221,-126,-174,71,-99,-175,-48,-20,-30
204,1,1,-107,300,-117,-215,36,-167,-172,-23,-62,-181
205,3,3,-437,-88,-172,460,-195,89,-356,-5,-71,28
206,9,9,-367,-390,-194,-3,-16,78,-409,-137,207,437
207,5,5,-242,-208,-250,102,-174,365,-129,-165,4,49
208,2,2,-161,134,559,-11,-227,-298,-290,32,-117,-500
209,9,4,-501,-247,-250,71,316,13,-494,-10,-64,316
210,4,4,-273,-83,-168,-263,379,-147,-300,157,-183,39
211,5,5,-97,-248,-330,98,-147,261,-124,-94,64,81
212,9,9,-347,-379,-213,45,121,24,-484,64,-77,442
213,3,3,-413,-147,-137,455,-260,-42,-534,110,9,97
214,9,9,-361,-290,-126,46,173,-169,-536,-13,131,424
215,0,0,336,-285,-49,-148,-355,-118,-91,-98,-26,-74
216,3,3,-526,-125,-166,640,-358,17,-633,19,-45,76
217,6,6,20,-329,-183,-212,-204,191,327,-386,174,-234
218,5,5,-215,-193,-375,-1,-167,378,-219,8,-1,54
219,5,5,-115,-295,-264,25,-236,382,-74,-192,-8,67
220,7,7,-81,-125,-88,-56,-156,-166,-428,380,-93,38
221,2,2,28,-135,453,-19,-321,-146,-275,-37,-48,-262
222,2,2,20,-138,492,39,-270,-378,-342,-2,49,-283
223,7,7,-138,-169,29,129,-225,-287,-629,351,-64,112
224,1,1,-87,233,-58,-240,66,-159,-126,-20,-44,-156
225,2,2,-171,-96,391,165,-495,-320,-413,25,190,-131
226,8,8,-244,-192,-95,76,-242,-12,-87,-226,527,-118
227,4,4,-205,-62,-57,-182,353,-66,-184,-69,-146,10
228,1,1,-118,307,-117,-288,79,-193,-204,-41,-50,-155
229,7,7,-152,-70,3,92,-175,-215,-507,286,-78,80
230,3,3,-245,-153,-183,430,-207,103,-252,-110,-103,-32
231,3,3,-358,-89,-228,428,-168,-5,-426,-85,86,119
232,8,8,-242,-281,32,-45,-431,159,63,-326,443,-103
233,8,8,-167,-374,-64,225,-225,-196,-476,50,363,219
234,7,7,-213,-26,27,140,-264,-255,-600,290,-31,49
235,9,9,-88,-339,-95,23,-10,-50,-358,82,-41,275
236,2,2,-50,41,510,-24,-331,-367,-342,104,-91,-281
237,2,2,-110,155,448,-82,-99,-359,-224,-25,-103,-467
238,4,4,-309,-182,-139,-221,512,-88,-251,43,-284,-64
239,1,1,-177,286,-114,-216,66,-142,-219,-40,-33,-70
240,5,5,-447,-225,-371,147,-161,488,-87,-386,33,144
241,9,9,-262,-430,-155,155,-28,93,-333,-220,121,339
242,8,8,62,-575,-174,-62,-221,-69,-2,-202,459,99
243,7,7,-413,-116,52,114,-69,-153,-574,432,-126,-31
244,2,2,-112,40,344,-21,-159,-263,-231,124,1,-283
245,3,3,-159,-52,42,299,-142,-85,-311,19,-130,-148
246,0,0,450,-341,-72,-192,-320,-26,46,-215,-187,-28
247,4,4,-126,-6,189,-320,278,-264,9,-128,-100,-500
248,4,4,-185,-171,-236,-261,452,-117,-203,-19,-227,-36
249,2,2,-83,30,408,33,-299,-345,-229,5,24,-290
250,4,4,-403,-81,-104,-183,514,-154,-440,-78,-65,146
251,1,1,-102,222,-85,-183,64,-102,-130,-102,7,-99
252,9,9,-304,-313,-176,5,120,-47,-476,7,-51,451
253,5,5,-252,-221,-258,29,-205,416,-85,-240,4,108
254,7,7,-236,-97,27,176,-276,-258,-672,378,-109,82
255,7,7,-237,-19,94,81,-268,-267,-600,325,-43,31
256,2,2,-171,131,450,75,-387,-491,-386,95,79,-331
257,8,8,-25,-109,-35,-25,-271,-93,31,-250,279,-200
258,2,2,-82,-1,500,36,-240,-250,-334,10,-211,-324
259,6,6,217,-341,-233,-196,-232,130,237,-222,21,-185
260,8,8,-172,-313,139,160,-326,-126,-212,-150,449,-21
261,5,5,-219,-78,-319,35,-350,408,-222,-123,56,4
262,7,7,-256,-142,-87,92,-172,-157,-568,400,-89,123
263,7,7,-207,-52,-1,68,-184,-263,-587,371,-78,82
264,9,9,-428,-49,-107,-42,221,-113,-451,-97,89,303
265,1,1,-185,281,-83,-149,-38,-173,-207,-78,59,-166
266,8,8,114,-499,-34,20,-229,-113,-20,-303,353,-7
267,1,1,-186,289,-161,-237,82,-129,-208,-105,-31,-92
268,8,8,-234,-362,131,89,-313,88,-150,-251,403,-32
269,0,0,344,-269,-54,-196,-248,-10,-8,-83,-167,-38
270,3,3,-557,-89,-420,613,-198,215,-396,-143,18,44
271,0,0,395,-260,-77,-181,-282,-55,-44,-172,-189,-66
272,1,1,-180,293,-138,-217,59,-131,-222,-43,-31,-65
273,9,9,-298,-454,-93,170,-76,-136,-579,66,140,414
274,9,9,-291,-373,-121,281,-74,-131,-570,81,0,388
275,4,4,-284,-156,-172,-229,441,-108,-277,-82,-130,149
276,1,1,-91,330,-117,-295,30,-173,-189,-80,-61,-185
277,8,8,-120,-388,-39,116,-283,-108,-162,-119,524,62
278,2,2,-47,-60,554,-115,-347,-358,-223,51,28,-315
279,1,1,-174,266,-95,-221,86,-147,-208,-20,-51,-66
280,2,2,-46,-37,482,49,-405,-422,-238,-97,145,-345
281,9,9,-162,-457,-212,63,102,-128,-322,-82,61,455
282,7,7,-252,27,32,211,-194,-291,-525,259,-8,-5
283,5,5,-162,-175,-303,-4,-175,361,-98,-108,24,64
284,9,9,-105,-315,-98,-6,61,-45,-353,36,-89,315
285,2,2,-61,56,495,-38,-295,-267,-181,1,-102,-394
286,6,6,-86,-183,-154,-164,-126,103,366,-469,121,-310
287,4,4,-366,-266,-92,-45,433,-66,-286,24,-98,52
288,1,1,-69,264,-256,-298,23,-81,-84,-123,-38,-181
289,5,5,-367,-105,-197,16,-19,306,-55,-306,36,37
290,8,8,-312,-336,-245,-54,97,87,-63,-276,346,154
291,2,2,-151,133,488,40,-413,-388,-292,-116,149,-413
292,9,9,-50,-310,-90,-28,60,-80,-344,26,-40,275
293,2,2,-132,18,468,54,-216,-287,-343,-10,-62,-271
294,0,0,332,-169,-48,-207,-381,1,-35,-62,-107,-185
295,4,4,-417,-104,-76,-232,568,-117,-411,-13,-150,84
296,0,0,472,-290,18,-210,-287,-148,-23,-243,-185,-115
297,0,0,350,-286,-104,-247,-263,45,4,-76,-160,-37
298,2,2,-169,-7,525,145,-339,-406,-361,-73,109,-345
299,8,8,-198,-251,-91,94,-340,3,-263,-175,450,90
300,4,4,-98,-23,49,-172,281,-233,-60,-67,-123,-280
301,7,7,-376,-53,146,167,-124,-277,-598,472,-161,-109
302,1,1,-177,273,-97,-204,53,-141,-158,-122,45,-131
303,2,2,-50,-127,329,11,-279,-188,-166,28,48,-168
304,4,4,-382,-85,-174,-257,562,-158,-330,11,-79,-16
305,0,0,348,-293,-88,-207,-353,23,53,-108,-100,-75
306,2,2,-63,72,519,-36,-321,-447,-296,7,52,-345
307,7,7,-435,-15,37,259,-155,-257,-648,376,-87,-9
308,4,4,-293,38,-330,-299,470,-83,-202,-74,-16,-171
309,3,3,-382,31,-238,475,-205,65,-263,-110,-17,-107
310,3,3,-458,-105,-140,490,-140,-8,-407,-56,12,51
311,0,0,483,-427,-91,-132,-317,-66,5,-254,-120,-40
312,0,0,430,-413,-4,-153,-302,-150,-47,-195,-63,-42
313,3,3,-494,22,-272,433,-67,195,-212,-147,-81,-266
314,1,1,-220,307,-194,-206,71,-109,-196,-116,-2,-108
315,9,9,-206,-487,-136,142,-82,-51,-488,68,18,400
316,6,6,-6,-261,-180,-198,-113,117,351,-411,79,-224
317,5,5,-386,-193,-395,219,-232,481,-197,-55,36,-42
318,2,2,33,-291,407,130,-346,-193,-210,-107,14,-225
319,5,5,-357,-341,-353,52,-74,509,43,-317,13,-17
320,9,9,-170,-23,-146,-31,-118,-71,-373,7,116,210
321,2,2,-118,-17,191,136,-459,-348,-476,184,119,-74
322,9,9,-407,-207,-218,58,148,-21,-497,-40,28,421
323,3,3,-441,-141,-218,594,-316,52,-463,-78,94,45
324,0,0,170,-170,-162,-123,-196,36,9,-27,1,-105
325,4,4,-188,-165,-291,-191,340,-143,-100,-170,-18,64
326,2,2,-108,198,275,-330,73,-186,9,-304,-41,-558
327,0,0,391,-362,10,-167,-195,-219,-51,-231,-57,-28
328,7,7,-251,-24,-8,154,-138,-235,-481,327,-9,-25
329,1,1,-173,294,-164,-181,61,-151,-202,-70,-40,-145
330,1,1,-182,290,-171,-216,77,-106,-185,-61,-67,-105
331,2,2,-51,42,440,-60,-384,-353,-239,6,96,-290
332,1,1,-151,323,-131,-231,56,-181,-230,-40,-60,-128
333,5,5,-270,-223,-256,26,-296,419,-173,-283,109,150
334,3,3,-387,-98,-156,519,-252,-25,-507,-24,9,87
335,3,3,-329,-56,-60,380,-278,-117,-350,-75,144,-8
336,9,9,-275,-325,-40,-41,260,-71,-453,3,-56,314
337,7,7,-137,-197,11,160,-312,-121,-594,263,-135,134
338,8,8,-59,-368,169,101,-248,-107,-173,-169,424,-92
339,6,6,-62,-260,-54,-168,-106,116,322,-463,79,-189
340,5,5,-225,-121,-323,204,-86,238,-16,-324,-125,-85
341,6,6,18,-183,-175,-82,-41,65,224,-143,-36,-132
342,1,1,-121,291,-149,-233,15,-126,-167,-84,-12,-136
343,3,3,-406,-44,-299,552,-227,149,-397,-127,-32,-17
344,8,8,-243,-238,-143,83,-174,69,54,-305,407,-149
345,1,1,-202,256,-184,-170,70,-174,-304,-50,-10,-18
346,0,0,318,-185,-23,-197,-320,-128,-156,-30,-57,-137
347,5,5,-350,-402,-348,147,-209,422,-52,-386,179,143
348,1,1,-86,267,-140,-259,20,-115,-75,-119,-29,-235
349,3,3,-412,-185,-53,454,-301,-142,-616,69,76,197
350,1,1,-321,308,-131,-107,80,-150,-356,-31,-26,-49
351,5,5,-383,-372,-332,88,-296,553,-112,-362,113,163
352,5,5,-19,-152,-299,100,-314,298,-168,-61,-101,-97
353,6,6,155,-530,-244,-116,-75,3,475,-482,34,-175
354,1,1,-167,326,-70,-309,107,-250,-213,-52,-4,-204
355,8,8,-48,-314,-200,-121,-238,73,87,-242,390,-16
356,5,5,-326,-346,-388,80,-270,588,-130,-282,-12,137
357,1,1,-131,194,-101,-131,34,-90,-163,0,-33,-59
358,7,7,-360,32,-110,6,114,-152,-447,197,-33,119
359,9,9,-324,-200,-108,-50,250,-182,-444,-19,166,273
360,4,4,-415,-231,-71,-114,487,-83,-288,61,-139,-39
361,6,6,48,-449,-235,-187,-110,86,554,-441,4,-293
362,2,2,-46,-109,352,123,-449,-370,-452,123,79,-68
363,2,2,-46,153,407,-169,-221,-284,-83,-97,-57,-447
364,5,5,-353,-302,-216,80,-290,506,-182,-244,46,105
365,0,0,297,-168,-54,-202,-281,-114,-50,-95,-57,-97
366,6,6,172,-423,-143,-135,-25,-48,328,-339,14,-131
367,5,5,-326,-256,-162,25,-184,431,-103,-206,85,44
368,6,6,-9,-257,-154,-209,-88,100,395,-412,63,-217
369,3,3,-358,-185,-168,436,-247,118,-447,-19,51,85
370,7,7,-232,-99,81,142,-327,-268,-689,402,-98,54
371,2,2,-27,107,565,-54,-302,-463,-264,21,-103,-499
372,0,0,329,-254,-131,-151,-327,48,29,-72,-146,-101
373,8,8,-136,-293,41,74,-238,-136,-177,-129,480,-11
374,8,8,-207,-315,101,171,-274,-163,-226,-163,458,42
375,5,5,-289,-311,-285,-21,-259,499,-10,-371,73,99
376,4,4,-349,-99,-114,-151,405,-118,-389,13,-130,175
377,1,1,-98,269,-104,-253,21,-122,-163,-27,-56,-122
378,1,1,-134,235,-107,-180,18,-148,-145,-75,17,-114
379,4,4,-304,-61,-60,-288,543,-137,-356,-52,-158,-2
380,0,0,315,-245,-79,-142,-163,-78,62,-210,-114,-22
381,3,3,-163,-103,-15,341,-342,-66,-411,60,-42,4
382,3,3,-567,-116,-215,653,-286,25,-533,-39,35,20
383,7,7,-198,-104,-14,127,-299,-135,-567,286,-66,82
384,6,6,58,-351,-220,-153,-105,61,504,-481,-28,-268
385,1,1,-88,266,-100,-239,31,-137,-110,-67,-28,-160
386,6,6,122,-383,-211,-190,-170,158,348,-316,14,-215
387,2,2,-89,83,397,-43,-241,-235,-249,60,-113,-252
388,1,1,-144,337,-84,-321,68,-234,-229,-13,-38,-173
389,9,9,-373,-226,-287,-67,157,-33,-493,44,26,433
390,2,2,16,-82,439,35,-228,-271,-421,32,-185,-204
391,8,8,-47,-305,111,50,-179,-130,-103,-161,371,-78
392,6,6,8,-379,-201,-164,-52,65,505,-440,14,-259
393,1,1,-124,279,-127,-258,44,-117,-185,-32,-76,-106
394,9,9,-162,-238,-82,-11,78,-118,-379,70,-14,303
395,5,5,-335,-289,-298,111,-275,497,-101,-328,65,107
396,2,2,-83,32,508,-79,-37,-418,-219,39,-110,-556
397,5,5,-394,-155,-335,220,-207,387,-93,-364,62,69
398,4,4,-269,-44,-76,-280,492,-110,-263,6,-175,-132
399,4,4,-177,-176,-75,-195,420,-65,-127,-111,-214,-80
400,2,2,46,-207,307,69,-119,-266,-361,-54,-46,-107
401,8,8,-242,-159,70,170,-350,-125,-291,-71,409,-4
402,3,3,-457,-34,-22,462,-215,46,-440,-21,-26,-83
403,8,8,-159,-214,14,110,-173,-55,-264,25,244,35
404,2,2,-146,-18,342,116,-380,-393,-372,157,119,-175
405,4,4,-399,-315,-104,-183,584,-20,-368,-35,-213,180
406,5,5,-35,-549,-343,-8,-179,321,13,-259,19,203
407,0,0,395,-252,-163,-137,-320,-10,-93,-104,-146,-96
408,3,3,-91,-201,-112,406,-371,-47,-284,-200,59,-59
409,1,1,-204,223,-252,-194,21,-48,-171,-113,59,-37
410,7,7,-230,-134,-74,53,-131,-197,-535,414,-96,107
411,7,7,-126,11,24,95,-272,-282,-478,219,36,30
412,5,3,-414,-226,-470,485,-346,375,-425,-127,82,74
413,7,7,-163,-241,-110,59,-135,-189,-593,425,-91,163
414,9,9,-320,-193,-114,14,95,-71,-461,28,17,353
415,7,7,-205,-138,-115,-52,-27,-144,-458,400,-126,104
416,1,1,-104,341,-92,-327,17,-139,-106,-123,-47,-262
417,9,9,-305,-180,-192,8,168,-152,-496,136,11,309
418,2,2,-65,-15,527,11,-240,-349,-277,78,-64,-425
419,1,1,-179,268,-120,-210,86,-123,-194,-38,-44,-80
420,4,4,-113,-232,-52,-51,211,-162,-246,-14,11,149
421,2,2,8,-62,374,-30,-312,-257,-284,-4,15,-136
422,9,9,-375,-298,-153,113,137,-155,-563,48,122,413
423,2,2,-84,128,464,-10,-267,-298,-419,135,-226,-308
424,0,0,405,-280,-52,-181,-298,-60,8,-127,-167,-75
425,4,4,-192,-56,-97,-420,493,-63,-25,-87,-240,-370
426,9,9,-245,-268,-173,-10,142,-142,-461,27,39,405
427,1,1,-183,276,-128,-186,71,-140,-221,-53,-7,-60
428,4,4,-176,15,-53,-252,432,-203,-201,-36,-102,-251
429,8,8,-228,-350,10,74,-197,-55,-212,-102,493,81
430,1,1,-56,309,-92,-323,-4,-134,-81,-113,-50,-247
431,8,8,-166,-209,192,-12,-325,-16,-151,-60,326,-59
432,4,4,-333,-117,-1,-149,361,10,-79,-159,-119,-175
433,5,5,-361,-275,-404,173,-98,453,-162,-125,100,-16
434,9,9,-240,-292,-98,149,26,-136,-492,84,22,320
435,8,8,-180,-267,-64,123,-268,-98,-342,-56,324,216
436,8,8,-3,-247,2,4,-210,-161,-151,-115,322,50
437,3,3,-571,-96,-338,760,-314,62,-496,-126,153,-92
438,7,7,-73,-144,-36,65,-176,-199,-488,292,-89,101
439,6,6,55,-312,-231,-200,-105,128,382,-372,28,-194
440,0,0,453,-379,-176,-157,-430,20,-44,-72,-115,-138
441,0,0,391,-262,-13,-208,-235,-137,27,-227,-90,-146
442,3,3,-548,-160,-339,642,-235,209,-418,-66,-109,31
443,0,0,190,-98,-49,-141,-229,-40,-18,-69,-18,-98
444,2,2,-235,-76,416,241,-574,-358,-480,92,240,-200
445,6,0,251,-425,-124,-136,-55,38,112,-216,-49,-1
446,6,6,25,-487,-182,-69,-262,126,399,-517,183,-155
447,4,4,-143,-155,-146,-194,266,-154,-259,-2,-159,97
448,9,9,-266,-425,-227,214,-45,21,-382,-245,223,373
449,3,3,-442,-165,-349,453,-331,374,-306,-191,19,-62
450,3,3,-530,-125,-449,462,-122,283,-412,-257,-1,130
451,3,3,-572,-214,-64,654,-403,-7,-739,14,70,83
452,2,2,-110,160,450,-91,-294,-327,-255,-10,7,-331
453,3,3,-281,-136,-168,541,-303,-31,-338,-134,78,-42
454,9,9,-213,-382,-98,1,139,-53,-458,69,-78,365
455,1,1,-105,327,-106,-226,13,-227,-245,-23,-87,-177
456,2,2,-63,117,313,-81,-231,-316,-250,69,27,-204
457,6,6,-10,-347,-220,-163,-214,187,378,-392,152,-253
458,8,8,-160,-380,-75,224,-300,-149,-279,-149,533,117
459,0,0,357,-301,-89,-99,-218,-45,-2,-191,-117,-5
460,5,5,-284,-271,-345,27,-19,284,-234,-79,79,208
461,6,6,-16,-289,-224,-171,-18,15,485,-371,-8,-403
462,6,6,25,-460,-235,-84,-228,162,385,-328,59,-170
463,6,6,85,-403,-310,-173,-134,93,547,-442,-67,-241
464,3,3,-418,-268,-164,476,-381,-41,-746,129,125,198
465,8,8,-232,-339,5,171,-296,-113,-372,-81,515,139
466,8,8,-98,-307,46,-33,-180,-177,-206,-189,464,86
467,2,2,-120,79,477,112,-582,-453,-480,141,-4,-256
468,7,7,-398,-206,-3,256,-186,-211,-772,322,39,134
469,5,5,-444,-349,-336,279,-336,439,-242,-336,163,182
470,8,8,-249,-203,59,150,-329,-116,-233,-163,501,-66
471,9,9,-131,-272,-143,57,-41,-62,-371,61,23,296
472,6,6,24,-290,-240,-231,-9,72,420,-276,-81,-221
473,1,1,-118,212,-91,-152,46,-120,-176,-52,1,-56
474,8,8,-142,-435,42,122,-230,-118,-121,-268,532,-4
475,4,4,-387,-291,-173,-164,502,-14,-339,71,-291,150
476,1,1,-101,274,-59,-223,-45,-154,-191,-71,9,-166
477,2,2,-157,94,490,74,-364,-335,-337,-34,29,-316
478,5,5,-196,-252,-135,63,-172,246,138,-315,106,-159
479,9,9,-200,-285,-175,76,46,74,-311,-117,38,283
480,1,1,-99,278,-120,-236,9,-140,-101,-65,-24,-203
481,9,9,-281,-314,-174,-2,109,-77,-478,44,21,426
482,7,7,-189,-102,11,65,-278,-148,-588,459,-256,7
483,5,5,-80,-141,-292,-24,-142,240,-105,69,-12,-33
484,4,4,-308,-153,-148,-302,477,-51,-181,-39,-127,0
485,0,0,342,-232,-12,-174,-277,-75,-49,-152,-135,-54
486,8,8,-346,-209,41,148,-141,-152,-241,-55,463,-33
487,9,9,-222,-364,-165,33,89,55,-363,9,-127,363
488,9,9,-164,-339,-127,58,45,-192,-475,116,65,345
489,1,1,-104,286,-123,-240,50,-161,-176,-15,-65,-141
490,0,4,139,-153,68,-252,180,-225,-15,-130,-130,-174
491,5,5,-385,-370,-321,122,-152,479,-133,-288,-37,217
492,2,2,-224,-97,381,163,-458,-193,-238,-120,263,-278
493,3,3,-538,-92,-143,751,-422,-96,-574,-72,95,-51
494,7,7,-196,-183,-58,139,-270,-212,-649,436,-100,98
495,8,0,184,-441,156,-45,-149,-184,4,-381,171,-97
496,9,9,-277,-303,-132,-9,132,-43,-397,-12,-15,400
497,4,4,-276,10,-246,-214,280,-89,-236,-133,86,128
498,0,0,228,-267,-125,-173,-248,-126,-66,-58,57,8
499,6,6,-15,-230,-110,-156,-21,22,308,-334,117,-206
500,3,3,-433,-125,-306,679,-320,-16,-600,-34,-56,96
501,9,9,-194,-438,-64,86,31,-142,-511,48,-48,449
502,5,5,-241,-366,-228,192,-217,352,-104,-268,75,56
503,2,2,-27,-34,665,-21,-414,-380,-391,46,-104,-385
504,1,1,-154,224,-135,-192,74,-104,-173,-15,-69,-56
505,3,3,-472,-139,-20,578,-484,-130,-592,-108,238,49
506,1,1,-84,289,-96,-353,46,-160,-113,-50,-50,-212
507,3,3,-536,-80,-210,543,-144,82,-393,-98,57,-56
508,6,6,39,-341,-76,-210,-257,126,355,-465,226,-241
509,5,5,-400,-215,-296,91,-223,467,-224,-279,50,200
510,7,7,-316,-200,-11,194,-171,-233,-692,379,5,100
511,4,4,-242,72,-285,-235,234,-96,-277,-74,63,106
512,2,2,-58,29,492,-20,-367,-387,-312,24,57,-257
513,2,2,-75,22,555,6,-180,-335,-319,-21,-159,-393
514,6,6,113,-323,-361,-226,-45,22,442,-308,-20,-300
515,3,3,-519,-58,13,425,-211,-71,-487,40,65,35
516,2,2,-180,-21,463,-88,41,-245,-162,-107,-19,-484
517,6,6,87,-351,-206,-210,-64,12,503,-437,44,-284
518,5,5,-270,-245,-227,12,-292,462,-87,-302,119,58
519,4,4,-420,59,-262,-185,411,-137,-407,-12,-32,88
520,8,8,-121,-70,-147,-90,-82,-89,-130,-219,328,7
521,9,9,-362,-198,-225,55,133,-41,-430,-102,35,415
522,7,7,-437,-153,3,215,-20,-175,-644,359,-178,127
523,1,1,-268,301,-96,-252,114,-210,-296,30,4,-187
524,3,3,-401,28,-59,367,-117,38,-196,-98,49,-297
525,0,0,428,-355,-67,-187,-320,-36,64,-192,-121,-67
526,3,3,-382,-52,-365,533,-289,153,-482,-147,-20,103
527,8,8,-45,-469,129,77,-390,-15,-122,-272,441,-67
528,3,3,-447,-11,70,487,-348,-70,-440,106,45,-223
529,1,1,-150,283,-134,-209,5,-118,-154,-109,18,-156
530,9,9,-307,-176,-66,-57,145,-97,-382,-67,66,337
531,3,3,-202,-186,-44,344,-251,1,-131,-189,40,-85
532,4,4,-51,-138,-85,-169,255,-130,-192,-90,-152,84
533,4,4,-119,-80,-106,-408,490,-97,-96,-58,-299,-211
534,6,6,-40,-309,-179,-134,-103,78,463,-510,87,-324
535,4,4,-166,-245,9,-124,388,-226,-170,-56,-55,-79
536,2,2,-64,88,347,-43,-314,-334,-256,84,41,-204
537,1,1,-74,310,-103,-310,15,-143,-113,-101,-58,-223
538,8,8,-22,-189,-44,-43,-142,-112,-94,-210,313,15
539,2,2,-59,-71,487,61,-102,-355,-307,-10,-112,-412
540,5,5,-429,-238,-262,43,-323,499,-261,-273,111,206
541,4,4,-257,-137,-218,-253,461,-68,-231,19,-249,-31
542,8,8,-219,-226,-38,24,37,23,-111,-101,173,88
543,8,8,-242,-97,53,135,-114,-83,-260,29,143,16
544,4,4,-286,51,-215,-418,485,-74,-187,22,-185,-214
545,0,0,218,-251,5,-81,-171,-153,-167,-47,-43,47
546,0,0,433,-328,-103,-152,-281,-48,45,-238,-150,-55
547,2,2,-241,-42,399,140,-471,-307,-394,11,300,-217
548,3,3,-542,-226,-218,582,-168,180,-394,-42,-80,9
549,2,2,34,-18,495,-64,-310,-245,-405,20,-211,-229
550,7,7,-258,-209,-41,127,-33,-156,-454,247,4,143
551,7,7,-367,-42,-26,159,-138,-208,-545,216,8,109
552,0,0,276,-377,-216,-117,-295,53,59,-176,13,-39
553,8,8,-342,-251,-78,55,-110,93,152,-407,397,-303
554,7,7,-215,-63,-86,-91,50,-161,-339,403,-29,-144
555,4,4,-109,-111,-170,-170,311,-127,-154,-81,-98,11
556,4,4,-314,-290,0,-105,473,-146,-224,-69,-155,-66
557,7,7,-233,-51,63,93,-225,-316,-594,307,49,76
558,9,9,-344,-230,-274,15,128,-109,-562,46,90,440
559,6,6,97,-452,-200,-192,90,-37,374,-266,-130,-169
560,9,9,-181,-335,-120,79,79,-168,-407,34,37,359
561,0,0,312,-294,-31,-134,-219,-37,-82,-98,-162,49
562,9,9,-129,-313,-44,75,-17,-94,-267,17,48,261
563,8,8,-201,-275,70,89,-174,-138,-202,-196,420,65
564,0,0,307,-195,-68,-137,-272,-12,-76,-62,-137,-54
565,4,4,-413,-81,-181,-180,458,-146,-414,92,-74,131
566,6,6,-21,-212,-164,-101,49,9,299,-282,-6,-222
567,0,0,275,-172,-11,-130,-313,19,-76,-61,-114,-90
568,6,6,-2,-320,-252,-171,-139,71,484,-487,114,-314
569,3,3,-483,-24,12,353,6,-31,-260,-44,58,-273
570,5,5,-228,-148,-260,47,-349,432,-242,-200,87,67
571,4,4,-268,-181,-47,-94,362,-143,-412,105,-189,138
572,8,8,-257,-285,-22,201,-153,-135,-333,-136,369,143
573,3,3,-298,-38,-133,493,-268,5,-455,-29,-168,-44
574,3,3,-310,-208,-216,555,-313,48,-436,-123,78,69
575,9,9,-399,-267,-290,13,140,-45,-572,-45,90,506
576,3,3,-507,-62,-265,734,-429,50,-492,-59,65,-132
577,3,3,-559,-179,-213,676,-322,-50,-543,18,127,92
578,3,3,-354,-100,60,425,-460,-141,-555,72,136,-29
579,7,7,-117,-199,-188,-14,-85,-122,-417,311,26,120
580,8,8,-180,-301,-94,139,-367,-116,-388,-170,528,159
581,0,0,410,-311,-116,-266,-346,64,96,-179,-170,-115
582,8,2,-184,-13,277,84,-161,-315,-257,-17,214,-222
583,2,2,-187,-109,295,189,-339,-347,-452,220,142,-123
584,1,1,-259,288,-159,-197,89,-103,-299,-51,-81,-27
585,7,7,-249,-50,65,126,-288,-279,-684,461,-169,17
586,0,0,321,-197,-56,-140,-283,-16,56,-198,-117,-125
587,6,6,85,-389,-141,-177,-41,46,397,-422,-28,-278
588,5,5,-255,-333,-397,116,-181,441,-93,-162,-46,147
589,4,4,-373,-11,-101,-236,468,-61,-283,-83,-84,38
590,3,3,-543,-28,-226,665,-220,-20,-545,-116,48,-1
591,8,8,73,-132,121,-2,-349,-89,-21,-200,174,-264
592,0,0,440,-340,-32,-175,-288,-96,-36,-251,-123,-43
593,9,9,-294,-266,-274,72,43,-105,-480,24,185,389
594,6,6,-51,-277,-178,-208,-66,98,435,-498,67,-288
595,3,3,-557,-90,-122,523,-26,35,-326,-100,26,-155
596,8,8,-233,-391,92,104,-331,-35,-214,-149,448,93
597,0,0,243,-380,-30,-157,-11,-5,7,-129,-146,-29
598,9,9,-378,-280,-186,60,119,-141,-571,18,133,462
599,9,9,-347,-408,-109,15,118,-21,-562,49,-16,438
600,6,6,-27,-299,-175,-131,-73,76,446,-426,13,-264
601,8,8,-68,-185,-54,-67,-172,-113,-163,-73,360,60
602,6,6,58,-529,-263,-173,-90,38,566,-390,46,-273
603,8,8,-321,-357,-53,112,-249,103,-84,-243,405,94
604,5,5,-358,-319,-310,11,-285,569,-177,-260,82,154
605,7,7,-369,-154,-117,167,-52,-159,-625,256,1,201
606,8,8,-182,-291,-6,78,-155,-32,-98,-326,462,-102
607,6,6,-10,-371,-262,-101,-65,32,508,-406,25,-341
608,0,0,388,-272,-18,-155,-252,-81,-53,-138,-203,-8
609,2,2,-87,-42,491,17,-469,-361,-329,63,117,-210
610,4,4,-99,-99,-33,-395,426,-185,-51,-200,-112,-163
611,0,0,311,-309,-213,-126,-192,-45,3,-5,-174,-49
612,2,2,-122,-22,462,55,-169,-265,-243,-22,-77,-335
613,2,8,-77,-94,192,80,-290,-283,-310,34,214,-30
614,3,3,-354,-77,-133,414,-197,-87,-461,49,-7,99
615,1,1,-134,354,-27,-334,47,-240,-174,-116,-10,-290
616,9,9,-331,-347,-207,121,71,43,-424,-34,-20,400
617,7,7,-273,-150,171,159,-229,-320,-624,497,-126,-76
618,5,5,-288,-357,-344,88,-255,479,-165,-261,-44,227
619,1,1,-268,195,-35,10,-141,-110,-230,-70,149,-201
620,0,0,324,-208,20,-160,-289,-85,37,-173,-81,-199
621,8,8,-144,-264,-6,23,-234,-60,-107,-249,440,10
622,4,4,-122,-100,-132,-346,455,-133,-92,-204,-181,-31
623,6,6,-2,-279,-129,-205,32,19,479,-515,-55,-421
624,2,2,-67,61,338,-57,-324,-368,-280,-39,181,-213
625,6,6,-69,-293,-50,-238,255,-72,260,-306,-84,-261
626,7,7,-216,-129,8,167,-290,-336,-736,427,-61,84
627,9,9,-97,-310,-91,16,45,-123,-269,-34,64,319
628,3,3,-580,-173,-27,398,-160,-75,-640,82,129,167
629,2,2,9,-212,288,40,16,-221,-170,-106,-94,-170
630,9,9,-249,-350,-129,-48,8,143,-283,-48,-15,300
631,8,8,-226,-299,108,168,-332,-151,-280,-65,549,-27
632,2,2,-11,-148,535,38,-416,-292,-214,-36,-13,-355
633,2,2,-137,125,554,-63,-275,-334,-214,-72,9,-491
634,9,9,-377,-442,-115,94,131,-65,-623,67,-31,473
635,2,2,-120,85,317,-14,-121,-318,-83,-85,-22,-479
636,7,7,-170,-213,-183,34,-133,-54,-446,392,-125,125
637,3,3,-253,-158,-66,436,-288,-49,-288,-77,137,-80
638,5,5,-19,-216,-400,-41,-273,319,-115,82,7,-64
639,9,9,-127,-228,-144,-13,47,-166,-421,16,4,327
640,1,1,-287,302,-157,-85,28,-128,-280,-74,3,-118
641,8,8,-159,-470,31,88,-199,-87,-27,-339,547,-51
642,0,0,292,-377,-2,-196,-37,-56,26,-142,-106,-101
643,2,2,-140,149,545,37,-428,-440,-457,128,-84,-331
644,0,0,412,-366,-23,-165,-361,-59,-10,-135,-83,-90
645,5,5,-410,-325,-340,217,-115,384,-93,-336,27,127
646,2,2,10,17,236,-276,83,-213,84,-254,-31,-449
647,1,1,-262,316,-129,-187,68,-159,-324,-5,-54,-43
648,3,3,-659,-121,-264,717,-211,14,-593,-71,110,39
649,7,7,-190,-95,49,113,-272,-200,-554,309,-55,67
650,6,6,47,-263,-237,-150,-116,115,353,-376,17,-202
651,7,7,-269,-155,-95,49,-98,-243,-639,432,-71,173
652,1,1,-151,296,-126,-229,30,-170,-221,-72,17,-85
653,2,2,-45,58,400,-8,-287,-345,-256,59,-13,-265
654,5,5,-150,-137,-201,82,-199,287,-164,-113,1,0
655,8,8,-287,-167,185,236,-401,-189,-320,-93,521,-195
656,0,0,384,-221,-112,-211,-384,13,-13,-81,-151,-142
657,3,3,-516,-80,-220,622,-337,72,-584,-64,1,60
658,7,7,-105,-100,-182,-192,59,-146,-411,362,-194,46
659,2,7,-159,77,76,77,-194,-328,-426,143,108,-24
660,4,4,-121,-3,-58,-387,461,-114,-146,-70,-197,-218
661,0,0,332,-163,-94,-231,-263,-51,68,-211,-127,-196
662,9,9,-395,-335,-144,140,112,-26,-529,-1,6,420
663,1,1,-153,273,-168,-203,35,-134,-192,-87,6,-97
664,8,8,-199,-238,-8,-29,-246,31,-107,-219,430,18
665,6,6,50,-404,-335,-242,-46,90,547,-356,-23,-352
666,7,7,-114,-26,-86,22,-136,-235,-440,282,3,64
667,7,7,-84,2,40,30,-210,-175,-297,139,59,6
668,4,4,-311,-66,-105,-206,499,-91,-193,-37,-200,-166
669,3,3,-458,-40,-125,504,-315,-47,-433,30,52,-16
670,4,4,-334,21,-227,-172,385,-154,-405,33,-50,39
671,9,9,-169,-417,-102,123,104,-118,-339,-7,-83,360
672,1,1,-102,335,-94,-268,6,-185,-175,-60,-50,-209
673,9,9,-81,-590,-214,30,78,-88,-282,-75,111,412
674,5,3,-434,-147,-315,345,-111,326,-124,-249,-136,-75
675,1,1,-125,277,-147,-211,29,-128,-149,-90,2,-136
676,7,7,-106,-216,13,106,-283,-303,-604,405,40,49
677,3,3,-78,-256,-82,440,-346,-94,-346,-178,47,-7
678,9,9,-156,-323,-107,-34,108,-55,-359,58,-127,338
679,7,7,-220,-69,55,101,-326,-218,-625,322,-47,55
680,6,6,-1,-364,-100,-184,-34,40,489,-417,-58,-336
681,9,9,-406,-353,-75,116,136,-34,-577,83,-54,353
682,1,1,-183,287,-116,-244,99,-129,-192,-51,-86,-88
683,3,3,-365,-82,-259,388,-136,137,-319,-117,-56,82
684,7,3,-412,43,126,255,-148,-140,-505,191,-116,-57
685,8,8,-177,-274,52,45,-183,-140,-282,-85,335,162
686,3,3,-475,-74,-83,554,-339,-66,-563,16,-20,36
687,3,3,-504,-79,-55,531,-280,-129,-492,-14,135,24
688,6,6,-71,-333,-172,-129,-97,131,378,-447,118,-253
689,7,7,-81,17,-134,-163,32,-108,-262,185,-123,14
690,2,2,-167,-37,523,139,-461,-401,-374,-3,151,-271
691,8,8,-409,-282,74,44,-15,-28,-135,-35,273,-45
692,5,5,-96,-147,-339,-51,-245,285,-165,-6,39,47
693,8,8,-227,-316,-183,50,-169,-2,-155,-254,469,115
694,5,5,-234,-142,-515,-65,-184,475,-108,-240,190,1
695,1,1,-122,329,-120,-252,36,-203,-242,13,-92,-154
696,1,1,-172,141,-91,-48,-105,-99,-237,-6,109,24
697,4,4,-307,-193,68,-189,486,-81,-233,-146,-124,-77
698,4,4,-440,-245,-185,-88,339,-76,-317,55,-17,216
699,3,3,-512,-164,-237,449,-115,93,-481,52,-35,140
700,1,1,-262,302,-90,-138,36,-182,-328,-43,40,-58
701,0,0,356,-408,110,-77,-96,-262,-115,-288,-79,5
702,7,7,-166,-116,19,103,-220,-273,-585,334,-58,89
703,7,7,-407,-75,46,260,-176,-214,-636,440,-184,-13
704,0,0,330,-225,118,-140,-184,-265,-75,-173,-64,-130
705,7,7,-238,-85,-25,86,-119,-300,-614,406,-92,111
706,9,9,-297,-307,-151,29,50,-26,-480,54,3,402
707,4,4,-338,-204,-152,-69,330,-134,-373,-15,19,222
708,4,4,-394,-75,-166,-267,438,-1,-219,-120,-23,59
709,8,8,-196,-290,33,107,-359,-146,-273,-221,579,42
710,5,5,-363,-330,-426,173,-318,607,-276,-254,117,54
711,5,5,-222,-261,-286,139,-356,488,-187,-264,28,56
712,4,4,-294,-94,11,-170,384,-89,-371,-48,-213,122
713,0,0,316,-197,-59,-101,-290,-47,-58,-98,-125,-46
714,8,8,-173,-332,-3,71,-251,51,-65,-199,451,-48
715,2,2,-171,-117,607,258,-768,-458,-522,116,180,-328
716,1,1,-102,151,-38,-74,-199,-197,-309,133,74,-56
717,0,0,110,-325,-52,-97,15,-9,-17,-16,-136,-91
718,8,8,-129,-318,97,47,-326,-155,-146,-219,491,16
719,4,4,-447,-196,-75,-152,547,-196,-388,69,-145,45
720,5,8,-198,-267,-105,40,-219,168,189,-326,277,-261
721,0,0,338,-236,19,-121,-203,-104,-72,-176,-197,20
722,4,4,-345,-248,-98,-228,521,-58,-323,55,-285,64
723,0,0,228,-166,-214,-147,-78,36,63,-185,-169,-110
724,6,6,24,-225,-118,-149,-91,38,397,-357,0,-271
725,1,1,-93,279,-111,-244,24,-128,-126,-68,-43,-170
726,7,7,-244,-136,-73,-43,25,24,-271,132,-153,102
727,3,3,-408,-29,-102,527,-405,-148,-487,-47,164,-14
728,2,2,-121,-114,477,171,-622,-484,-449,95,243,-194
729,6,6,5,-368,-110,-193,-137,74,487,-513,156,-400
730,7,7,-12,-171,-255,-154,-180,47,-237,363,-170,-37
731,2,2,-135,4,530,56,-275,-223,-372,61,-166,-325
732,6,6,69,-412,-294,-188,-111,87,478,-321,-52,-187
733,9,9,-385,-362,-108,106,55,-20,-467,-66,135,402
734,3,3,-519,-35,-228,561,-215,75,-439,-57,-43,5
735,1,1,-191,277,-103,-188,37,-125,-180,-96,20,-125
736,4,4,-143,-204,-91,-287,480,-118,-129,-146,-180,-83
737,6,6,233,-377,-237,-230,-68,42,346,-338,-260,-116
738,2,2,-134,-138,448,196,-656,-359,-387,-43,268,-201
739,5,5,-259,-268,-304,50,-219,466,-3,-280,-61,-6
740,4,9,-367,-48,-87,-78,235,-121,-473,94,-42,236
741,2,2,-62,-123,371,86,-542,-361,-404,102,194,-123
742,0,0,396,-330,-45,-264,-380,-40,19,-117,-72,-122
743,6,6,-2,-287,-258,-115,-47,55,423,-451,21,-256
744,2,2,-2,-12,452,-22,-163,-295,-389,-32,-134,-192
745,1,1,-128,337,-124,-259,14,-248,-289,3,-61,-160
746,7,7,-213,-78,-67,8,-73,-245,-537,330,-57,159
747,3,3,-343,-157,-177,555,-510,-40,-571,-21,92,82
748,4,4,-367,-107,16,-95,422,-106,-394,2,-188,76
749,1,1,-78,208,-117,-220,27,-104,-121,-32,-13,-104
750,0,0,378,-290,-76,-136,-217,-83,34,-239,-117,-46
751,5,5,-371,-463,-385,148,-302,596,-149,-345,49,193
752,4,4,-179,72,-172,-454,514,-214,-292,0,-237,-127
753,3,3,-610,-56,-44,617,-179,-70,-593,24,-38,-32
754,1,1,-108,321,-102,-261,32,-167,-184,-35,-69,-179
755,1,1,-171,268,-116,-204,82,-131,-214,-67,-4,-51
756,7,7,-159,-116,91,101,-330,-240,-608,341,-87,41
757,4,4,-356,-94,-197,-230,526,-112,-292,-123,-46,81
758,9,9,-240,-360,-174,16,122,-120,-407,12,74,411
759,9,9,-276,-344,-123,191,-54,-68,-438,-31,99,353
760,4,4,-221,-126,-144,-66,270,-161,-308,-35,-77,166
761,8,8,88,-247,-29,-95,-378,-106,-6,-248,321,-85
762,4,4,-135,-342,-146,-186,407,-66,-92,-159,-198,98
763,0,0,321,-238,-7,-116,-393,37,-174,-129,-225,3
764,2,2,-47,-178,487,111,-339,-350,-356,113,2,-274
765,4,4,-254,-37,-238,-340,455,-77,-191,-103,-112,9
766,5,5,-365,-388,-371,100,-356,573,-141,-329,141,155
767,1,1,-109,304,-42,-324,66,-246,-221,-1,-68,-170
768,1,1,-107,293,-142,-285,23,-100,-83,-142,-18,-220
769,6,6,60,-342,-208,-234,-143,135,447,-453,41,-246
770,4,4,-146,-50,-142,-451,514,-263,-301,-44,-128,-44
771,7,7,-92,-181,-119,-122,-165,-137,-427,407,-67,63
772,1,1,-218,262,-121,-178,44,-147,-292,13,-35,-10
773,9,9,-311,-261,-115,84,122,-127,-475,52,36,364
774,4,4,-323,-98,-73,-127,348,-75,-297,-59,-47,178
775,2,2,-116,-39,529,168,-554,-448,-359,96,63,-344
776,4,4,-415,-184,-84,-194,477,61,-111,-100,-231,-162
777,1,1,-191,281,-125,-136,-26,-161,-289,-83,63,-112
778,5,5,-386,-407,-323,105,-173,463,16,-411,119,115
779,5,5,-78,-240,-339,-76,-293,383,-18,-205,93,39
780,3,3,-274,-21,-170,399,-262,116,-414,37,-149,-65
781,8,8,-140,-229,-47,90,-239,18,-78,-159,297,25
782,3,3,-511,31,-99,560,-195,-16,-464,-30,-6,-163
783,1,1,-124,271,-110,-217,42,-127,-148,-67,-19,-114
784,4,4,-393,8,-102,-241,518,-135,-266,11,-236,-166
785,5,5,-326,-167,-327,164,-226,459,-194,-171,-67,59
786,6,6,97,-213,-221,-184,-68,119,264,-310,-54,-170
787,8,8,-339,-450,42,276,-363,-110,-279,-129,543,78
788,9,9,-298,-329,-159,69,149,-118,-457,2,71,406
789,4,4,-149,-43,-75,-230,336,-121,-177,-75,-154,-27
790,1,1,-82,207,-181,-151,-95,-83,-141,-113,44,-155
791,5,5,-418,-357,-245,31,36,377,-325,-85,-104,280
792,3,3,-437,-128,-93,722,-542,-153,-724,-1,77,40
793,8,8,-232,-352,140,161,-424,-153,-139,-204,578,-100
794,0,0,430,-327,32,-205,-296,-205,15,-222,-66,-120
795,3,3,-201,-72,-110,310,-149,34,-222,-109,-93,-14
796,2,2,-137,-29,629,38,-239,-296,-306,-33,-72,-476
797,5,5,-61,-101,-131,-83,-331,214,-73,-117,147,-29
798,1,1,-236,315,-121,-146,43,-160,-276,-60,16,-125
799,2,2,-184,274,574,7,-218,-465,-476,150,-221,-532
800,8,8,-93,-446,-28,80,-70,-40,-9,-312,361,21
801,3,3,-566,-46,-249,649,-208,117,-368,-57,-80,-188
802,4,4,-228,4,-191,-414,458,-120,-258,76,-194,-120
803,4,4,-111,-181,-4,-293,486,-204,-178,-142,-148,-87
804,0,0,331,-342,-54,-102,-201,-55,-115,-121,-173,91
805,8,8,-154,-356,-88,113,-326,-45,-314,-161,524,146
806,8,8,-257,-328,92,92,-206,-101,-85,-173,547,-119
807,3,3,-598,-135,-319,677,-197,57,-471,-163,95,53
808,3,3,-358,-91,-189,479,-195,29,-550,-71,-114,122
809,1,1,-64,209,-69,-188,-8,-119,-125,-51,2,-107
810,7,7,-173,-81,166,164,-203,-277,-568,344,-92,-65
811,3,3,-332,-98,-171,555,-398,-69,-585,-54,26,88
812,5,5,-433,-380,-413,81,-225,647,-103,-323,-11,178
813,9,9,-160,-477,-193,70,-54,-149,-423,78,235,353
814,6,6,-16,-322,-174,-198,-38,59,499,-496,32,-329
815,3,3,-222,-72,-102,425,-276,-59,-504,-52,-68,58
816,2,2,-162,90,521,104,-560,-488,-487,66,105,-270
817,6,6,190,-249,-204,-314,13,-2,364,-365,-205,-227
818,1,1,-86,304,-75,-274,-62,-123,-47,-227,53,-279
819,3,3,-409,-55,-189,563,-184,9,-496,-53,-97,35
820,6,6,86,-455,-177,-171,-148,41,539,-527,93,-320
821,0,0,382,-270,-54,-160,-289,-61,34,-166,-139,-54
822,7,7,-122,-254,-153,60,-247,-44,-532,440,-173,111
823,2,2,-49,-119,410,15,-224,-339,-240,-113,126,-251
824,1,1,-81,304,-133,-315,71,-127,-113,-82,-63,-200
825,7,7,-210,-139,-55,45,-131,-302,-609,460,-86,113
826,1,1,-124,296,-159,-245,35,-117,-118,-110,-20,-191
827,4,4,-286,-112,-168,-154,333,-64,-224,-37,45,63
828,2,2,-142,-111,449,155,-502,-316,-293,-49,219,-240
829,4,4,-109,-93,-61,-245,289,-263,-273,-67,59,-53
830,2,2,-90,19,338,-125,-1,-189,-186,-42,2,-284
831,1,1,-148,252,-132,-167,14,-206,-306,0,-17,-27
832,7,7,-391,-78,-34,172,-3,-222,-552,380,-96,40
833,9,9,-328,-239,-221,-40,180,-37,-480,92,-99,387
834,6,6,-47,-22,-101,-189,-22,-46,304,-410,53,-443
835,1,1,-100,291,-116,-239,31,-150,-175,-16,-71,-155
836,1,1,-96,302,-45,-290,28,-249,-234,-36,-29,-165
837,2,2,-61,63,455,-46,-371,-421,-264,36,99,-288
838,4,4,-309,-182,-16,-208,477,-70,-262,26,-217,-42
839,8,8,-85,-362,-78,105,-54,-46,-76,-376,317,-21
840,1,1,-101,310,-104,-277,11,-270,-310,-11,-34,-144
841,7,7,-144,-199,-92,-62,34,-146,-360,413,-174,39
842,7,7,-135,-36,53,108,-207,-227,-459,220,-30,36
843,4,4,-366,-154,-120,-262,584,-46,-234,-81,-222,-75
844,8,8,-190,-238,-29,96,-220,15,-131,-3,260,30
845,0,0,310,-356,52,-62,-172,-192,-153,-175,-31,4
846,7,7,49,-266,-58,26,-200,-133,-453,211,-59,109
847,3,3,-544,-60,-65,608,-346,-92,-553,-9,127,-31
848,1,1,-91,314,-143,-349,22,-158,-121,-85,-28,-223
849,3,3,-375,-81,-165,610,-413,-89,-484,-93,43,-7
850,1,1,-98,294,-66,-243,-31,-173,-200,-64,-14,-176
851,0,0,399,-247,-21,-240,-315,-131,46,-240,-97,-157
852,7,7,-166,-85,-8,85,-176,-160,-475,280,-76,79
853,7,7,-214,-121,-6,156,-298,-311,-630,312,88,87
854,0,0,348,-297,-97,-80,-229,-102,-71,-137,-97,-15
855,3,3,-558,-139,-139,632,-329,-61,-517,-27,130,30
856,5,5,-101,-165,-289,-11,-237,364,-150,-61,54,-24
857,5,5,-334,-126,-367,175,-301,396,-221,-360,84,113
858,2,2,37,-73,452,-36,-170,-408,-257,-31,5,-322
859,7,7,-149,-37,-128,-102,-29,-173,-406,317,-50,82
860,6,6,53,-357,-201,-168,-125,57,514,-489,19,-278
861,6,6,57,-228,-220,-147,-66,75,356,-373,-34,-173
862,9,9,-292,-348,-143,-96,206,-36,-452,16,-20,419
863,2,2,-49,-164,378,-7,-133,-276,-160,-69,55,-263
864,8,8,-245,-429,48,162,-273,-28,-235,-254,613,-17
865,3,3,-414,-84,-118,457,-253,69,-466,-3,-96,29
866,5,5,-258,-355,-181,-107,-161,369,21,-261,130,114
867,2,2,-51,-5,502,23,-552,-429,-314,41,93,-253
868,2,2,7,-136,347,-22,-168,-183,-159,-106,-28,-182
869,5,5,-408,-259,-482,165,-353,609,-312,-289,137,167
870,6,6,16,-253,-148,-151,-196,93,342,-428,169,-281
871,0,0,428,-364,42,-162,-248,-239,3,-250,-35,-114
872,8,8,-249,-289,42,186,-246,-217,-394,-43,419,142
873,2,2,-104,111,532,19,-344,-408,-462,145,-150,-321
874,9,9,-154,-229,-210,-5,79,-147,-351,-17,20,291
875,2,2,2,-205,496,5,-383,-307,-304,20,59,-275
876,8,8,-499,-218,102,304,-329,-13,-222,-155,532,-302
877,8,8,-25,-407,37,-107,-120,-29,127,-266,332,-88
878,8,8,-168,-475,-7,217,-357,-69,-232,-177,470,112
879,8,8,-188,-302,-51,15,-209,30,-10,-292,501,-104
880,7,7,-161,-137,60,94,-221,-218,-593,342,-78,47
881,4,4,-535,-99,-239,-101,452,-13,-491,-23,-103,240
882,9,9,-137,-153,-175,60,-1,-159,-306,71,91,203
883,3,3,-225,-46,-138,262,-181,142,-272,-67,-75,14
884,0,0,333,-247,-36,-153,-254,-48,-32,-56,-137,-67
885,6,6,-12,-171,-132,-229,-30,45,404,-348,-31,-378
886,6,6,24,-287,-311,-176,-102,81,447,-381,-9,-188
887,3,3,-353,-158,-258,540,-285,58,-443,-208,112,86
888,2,2,-117,29,522,78,-302,-371,-400,123,-89,-355
889,1,1,-158,299,-141,-222,51,-123,-169,-59,-45,-138
890,3,3,-466,-104,-374,516,-181,218,-300,-198,-13,32
891,2,2,-65,54,542,-42,-395,-423,-249,-63,108,-383
892,2,2,-89,-11,589,-62,-375,-375,-253,96,-1,-365
893,9,9,-182,-353,-70,64,8,-131,-510,135,-16,342
894,3,3,-80,-210,-20,370,-431,-61,-263,-203,180,-161
895,0,0,266,-164,-8,-217,-307,-57,100,-251,40,-249
896,0,0,246,-270,27,-156,52,-223,104,-315,-76,-144
897,5,5,-255,-292,-187,-69,-242,457,25,-301,81,41
898,7,7,-375,16,201,212,-241,-335,-495,348,78,-201
899,8,8,-268,-388,42,138,-351,-10,-103,-231,640,-130
900,1,3,-292,94,-158,138,-76,7,-191,-100,10,-76
901,4,4,-501,-153,-109,-130,511,-73,-414,95,-157,82
902,4,4,-449,-19,-222,-174,342,-51,-402,78,-65,168
903,6,6,12,-441,-267,-108,-42,123,391,-460,-15,-60
904,0,0,337,-284,-85,-169,-402,38,-81,22,-138,-58
905,2,2,-67,71,520,-32,-363,-248,-378,68,-167,-320
906,9,9,-233,-359,-158,-2,101,-26,-460,132,-118,356
907,1,1,-123,288,-84,-244,71,-203,-232,16,-88,-147
908,4,4,-341,27,-145,-270,491,-137,-338,25,-175,-70
909,7,7,-221,-106,-52,57,-75,-83,-403,285,-117,90
910,4,4,-363,-80,-188,-232,528,-148,-391,66,-192,22
911,7,7,-241,-121,13,236,-411,-323,-779,384,-16,75
912,3,3,-520,-147,-350,705,-376,109,-599,-147,92,125
913,9,9,-199,-347,-113,-28,93,30,-355,-12,-116,371
914,8,8,-177,-249,-128,29,-201,-8,-144,-276,465,28
915,8,8,-118,-167,-39,-18,-286,26,12,-280,333,-100
916,4,4,-122,-287,56,-124,324,-171,-167,47,-173,-199
917,7,7,-195,-128,-38,71,-181,-207,-559,389,-103,107
918,1,1,-145,222,-123,-162,56,-101,-154,-44,-21,-59
919,2,2,-56,40,444,33,-308,-349,-267,52,-40,-346
920,1,1,-130,282,-113,-220,58,-174,-220,11,-84,-106
921,2,2,-32,-55,538,45,-175,-369,-306,51,-170,-426
922,2,2,-160,4,434,145,-491,-405,-448,114,102,-197
923,3,3,-499,-138,-172,757,-521,-71,-783,-16,41,85
924,2,2,-227,-39,274,225,-460,-363,-567,233,110,-107
925,3,3,-616,-67,-203,631,-250,78,-530,4,1,-1
926,2,2,122,-256,310,-151,-120,-195,-52,-246,126,-125
927,3,3,-345,-93,-204,589,-334,-29,-393,-108,29,-41
928,9,9,-298,-349,-5,66,57,-9,-465,3,9,302
929,1,1,-113,259,-95,-221,43,-150,-169,-25,-33,-105
930,7,7,-288,-71,84,127,-120,-288,-408,333,36,-94
931,4,4,-304,-77,-85,-177,351,-55,-233,-40,-80,110
932,0,0,346,-311,-80,-106,-187,-59,-90,-99,-190,44
933,3,3,-409,-48,-185,496,-138,10,-397,-48,-1,-15
934,5,5,-311,-412,-295,-132,-174,484,-53,-282,81,248
935,5,5,-433,-246,-426,234,-195,525,-263,-99,72,10
936,8,8,-134,-349,-123,-16,-285,143,93,-335,418,-116
937,6,6,14,-387,-225,-227,-60,113,521,-338,-87,-336
938,3,3,-509,-189,-427,457,-177,332,-359,-252,91,148
939,2,2,134,-171,374,-41,-364,-332,-276,23,-12,-118
940,6,6,3,-507,-98,-170,-226,119,434,-479,221,-159
941,7,7,-181,-176,0,101,-279,-211,-627,423,-131,96
942,6,6,55,-324,-246,-169,-54,95,459,-461,-41,-269
943,6,6,18,-297,-186,-108,-63,73,310,-388,73,-198
944,3,3,-325,16,-86,418,-325,-101,-367,-21,135,-67
945,2,2,-152,89,571,108,-516,-456,-447,-2,78,-344
946,7,7,-244,-4,65,94,-207,-297,-594,334,-39,43
947,8,9,-151,-295,-64,15,7,-185,-398,-61,173,316
948,1,1,-173,283,-120,-217,81,-128,-194,-51,-41,-83
949,1,1,-174,289,-143,-201,78,-136,-169,-140,29,-138
950,7,7,-323,-115,85,213,-135,-322,-603,324,-28,32
951,5,5,-386,-299,-343,-39,47,305,-268,35,-103,196
952,6,6,52,-254,-193,-148,39,53,254,-151,-124,-161
953,4,4,-312,20,-188,-259,477,-135,-329,3,-172,-21
954,9,9,-415,-213,-196,57,132,-21,-479,-53,14,425
955,5,5,-328,-395,-348,169,-148,398,4,-374,6,120
956,1,1,-236,125,-50,-15,13,73,-43,-307,-111,-232
957,3,3,-243,-173,-309,451,-210,112,-318,-180,35,98
958,3,3,1,-116,74,232,-308,-84,-307,-26,-51,-125
959,4,4,-420,-17,-147,-51,313,-12,-326,-89,-29,133
960,7,7,-311,-124,-149,66,-60,-82,-454,257,54,135
961,8,8,-196,-355,-62,186,-269,-125,-265,-228,532,82
962,9,9,-239,-289,-155,57,59,-155,-507,141,87,346
963,1,1,-107,242,-125,-215,50,-125,-164,-7,-63,-96
964,1,1,-109,245,-88,-202,77,-167,-176,5,-67,-131
965,6,6,179,-241,-193,-264,-199,100,228,-196,-13,-298
966,9,9,-248,-375,-213,73,-43,-97,-454,19,238,392
967,1,1,-88,292,-114,-289,43,-136,-144,-75,-50,-159
968,4,4,-304,46,-143,-363,525,-121,-188,-171,-134,-69
969,4,4,-257,-215,-118,-42,217,-65,-219,58,-26,133
970,5,5,-321,-352,-206,28,-189,406,-10,-355,84,147
971,4,4,-386,-77,-98,-227,543,-61,-269,-69,-140,-107
972,0,0,439,-323,-27,-158,-362,-102,-9,-198,-105,-83
973,6,6,84,-376,-228,-253,-108,55,533,-418,58,-316
974,2,2,-84,26,595,72,-600,-483,-397,31,45,-317
975,2,2,87,-302,386,30,-458,-177,-192,4,32,-247
976,3,3,-315,-128,-71,417,-304,-154,-409,-95,191,73
977,1,1,-47,253,-70,-302,33,-199,-174,-136,-100,-179
978,5,5,-389,-282,-316,86,-341,522,-241,-352,129,208
979,1,1,-190,299,-70,-152,-9,-188,-250,-55,37,-146
980,2,2,-36,28,465,-48,-174,-282,-224,16,-100,-365
981,0,0,415,-319,-24,-193,-254,-115,41,-243,-101,-70
982,3,3,-333,-92,107,462,-485,-274,-543,-14,213,-15
983,8,8,-160,-298,-72,-10,-76,-134,-154,-296,469,78
984,1,1,-162,260,-143,-199,73,-110,-168,-54,-32,-75
985,2,2,-196,-25,606,157,-627,-477,-412,-15,210,-321
986,6,6,32,-449,-184,-169,-193,101,505,-552,156,-242
987,7,7,-210,-174,-238,31,-38,-37,-367,345,-16,79
988,1,1,-146,212,-82,-132,24,-124,-224,-14,4,-31
989,6,6,62,-335,-129,-151,-97,16,370,-315,70,-181
990,2,2,-186,70,345,-28,36,-393,-404,209,-126,-367
991,3,3,-534,-142,-171,692,-527,17,-579,-5,193,-37
992,9,9,-262,-332,-95,-66,127,-83,-443,68,67,343
993,0,0,331,-200,-51,-183,-339,-105,-134,-12,-96,-138
994,1,1,-296,298,-50,-61,-74,-138,-293,-46,78,-155
995,2,2,110,-33,344,-52,-121,-176,-289,-122,-293,-251
996,2,2,-127,58,536,36,-350,-379,-238,-65,48,-435
997,0,0,443,-328,-9,-173,-290,-126,9,-235,-94,-150
998,8,8,-133,-391,-39,133,-242,6,-122,-128,429,-36
999,9,9,-144,-274,-80,-34,127,-93,-366,150,-101,231
1000,9,9,-210,-310,-215,138,57,-30,-388,-42,-62,327
1001,0,0,369,-230,-14,-203,-262,-86,6,-177,-151,-111
1002,2,2,-217,-11,350,207,-493,-396,-468,83,209,-166
1003,5,5,-423,-331,-457,371,-328,478,-222,-418,167,125
1004,1,1,-220,284,-131,-170,56,-130,-270,-60,21,-65
1005,9,9,-367,-292,-155,167,63,-139,-558,19,97,415
1006,7,7,-220,-152,-92,49,-99,-132,-525,331,-76,160
1007,8,8,-165,-276,-74,57,-157,-73,-234,-186,379,162
1008,1,1,-136,310,-146,-245,60,-128,-136,-171,30,-184
1009,0,0,357,-241,-61,-171,-283,-23,58,-177,-147,-85
1010,4,4,-421,-210,-234,-214,483,-129,-369,113,-70,141
1011,1,1,-105,330,-97,-279,-4,-121,-111,-181,9,-258
1012,7,7,-489,-61,66,220,2,-156,-586,311,-153,14
1013,9,9,-343,-243,-187,34,161,-64,-465,-32,-59,417
1014,6,5,0,-252,2,-64,-70,96,5,-151,63,1
1015,4,4,-392,-1,-199,-147,414,-124,-379,-3,-50,105
1016,2,2,-83,131,356,-10,-110,-258,-284,-33,-150,-317
1017,6,6,-13,-336,-94,-202,23,58,318,-206,-77,-178
1018,8,8,-281,-397,-4,208,-298,-48,-194,-232,549,26
1019,1,1,-160,333,-189,-327,59,-167,-179,-22,-28,-199
1020,3,3,-512,-65,-92,520,-297,-47,-456,21,54,11
1021,7,7,-122,-297,-91,47,-206,-81,-432,278,129,107
1022,5,5,-335,-485,-395,37,-163,467,-230,-237,57,357
1023,4,4,-95,-120,-177,-328,412,-65,-125,55,-340,-180
1024,4,4,-243,3,-272,-290,384,-137,-205,-140,66,-11
1025,1,1,-120,336,-152,-312,82,-165,-167,-55,-65,-199
1026,8,8,-141,-383,-134,69,-232,62,3,-232,345,92
1027,1,1,-108,294,-129,-282,34,-184,-237,-10,-77,-108
1028,3,3,-374,0,-175,475,-139,66,-425,-47,-139,-67
1029,8,8,-132,-278,-138,145,-295,-78,-254,-121,446,99
1030,1,1,-106,297,-134,-281,51,-152,-191,-14,-80,-141
1031,2,2,-212,92,500,-7,-70,-339,-382,153,-117,-465
1032,5,5,-66,-339,-91,-202,-249,213,104,-225,204,50
1033,8,8,-163,121,-24,-257,100,-248,-393,-131,174,-35
1034,0,0,285,-217,-15,-185,-196,-182,-172,-83,-92,6
1035,6,6,68,-395,-183,-167,35,36,357,-255,-155,-131
1036,2,2,-131,34,518,111,-593,-489,-423,75,120,-263
1037,1,1,-87,275,-38,-237,-38,-163,-165,-63,0,-183
1038,1,1,-80,251,-69,-228,17,-123,-137,-86,0,-128
1039,7,3,-232,81,16,93,-21,-51,-174,0,11,-104
1040,1,1,-74,245,-78,-240,12,-90,-88,-97,-19,-172
1041,5,5,-313,-315,-319,40,-284,532,-38,-366,59,86
1042,3,3,-443,-122,-298,610,-334,124,-478,-71,-29,20
1043,4,4,-427,-71,-239,-227,464,-7,-277,14,-115,67
1044,6,6,49,-140,-114,-335,23,-58,254,-396,98,-177
1045,9,9,-413,42,-222,-85,184,-109,-550,-19,6,307
1046,5,5,-345,-192,-344,120,-200,428,-148,-290,24,172
1047,0,0,290,-193,51,-177,-77,-88,-57,-195,-184,-95
1048,9,9,-132,-390,-73,42,18,5,-289,-50,-36,338
1049,2,2,-15,-68,486,21,-151,-243,-205,-34,-210,-436
1050,2,2,17,-175,248,47,-23,-176,-174,-58,-88,-128
1051,4,4,-272,-293,-99,-116,355,-162,-283,38,-101,207
1052,8,8,-185,-519,-209,236,-241,70,-207,-193,499,142
1053,2,2,-80,12,559,3,-214,-254,-333,-63,-156,-379
1054,1,1,-90,250,-120,-258,16,-116,-123,-79,-6,-151
1055,7,7,-112,-119,-159,-104,-23,-155,-347,275,-57,114
1056,2,2,-100,-64,445,137,-471,-385,-382,78,108,-202
1057,4,4,-147,-120,-157,-273,428,-181,-173,-167,-103,36
1058,9,9,-228,-349,-133,57,57,-139,-430,21,100,388
1059,4,4,-158,-204,-111,-245,425,-169,-244,-56,-177,87
1060,4,4,-256,-289,-64,-129,463,-152,-196,-20,-208,-36
1061,0,0,327,-253,-124,-231,-352,73,105,-172,-75,-203
1062,3,3,-470,-150,-57,278,-122,-120,-661,202,41,169
1063,9,9,-151,-378,-172,23,115,-100,-395,17,-6,367
1064,2,2,-237,107,451,211,-389,-367,-425,100,-57,-342
1065,2,2,-180,72,577,122,-570,-499,-428,-21,187,-350
1066,3,3,-360,-74,-107,471,-357,-186,-531,56,59,70
1067,3,3,-470,-182,-311,616,-301,79,-448,-139,172,80
1068,8,8,-136,-31,-198,-86,90,-83,-156,-117,194,-18
1069,3,3,-426,-190,-329,583,-165,69,-487,-136,56,129
1070,5,5,-321,-303,-324,121,-296,533,-122,-291,41,81
1071,7,7,-170,-206,-141,28,-62,-114,-481,314,-77,189
1072,3,3,-385,-182,-357,411,-196,172,-461,-15,26,181
1073,5,5,-483,-282,-475,364,-301,562,-364,-224,93,117
1074,8,8,-322,-278,113,257,-362,-136,-367,-44,464,-5
1075,1,1,-98,237,-101,-205,39,-105,-120,-47,-29,-104
1076,2,2,-151,-22,478,208,-603,-387,-521,118,48,-231
1077,4,4,-387,-43,-161,-246,479,-62,-324,-28,-94,99
1078,4,4,-57,-99,-1,-239,381,-169,-130,-71,-226,-146
1079,6,6,71,-302,-237,-151,32,-3,369,-394,-15,-211
1080,4,4,-306,-81,-125,-112,340,-12,-218,-13,-99,32
1081,9,9,-379,-174,-115,59,31,18,-391,2,75,265
1082,5,5,-217,-159,-344,99,-279,341,-48,-357,81,29
1083,1,1,-175,253,-85,-155,48,-140,-192,-55,11,-79
1084,0,0,420,-228,-74,-216,-345,3,-2,-166,-188,-152
1085,6,6,37,-176,-145,-171,-42,43,339,-341,-2,-237
1086,9,9,-333,-461,-49,35,112,19,-410,-65,61,375
1087,5,5,-289,-188,-277,97,-414,454,-231,-228,198,39
1088,9,9,-238,-359,-211,40,117,-87,-420,62,18,403
1089,5,5,-214,-296,-344,86,-187,431,-72,-219,-94,91
1090,9,9,-57,-266,-71,-24,66,-122,-283,26,10,210
1091,7,7,-394,-6,184,174,-133,-279,-524,428,-98,-188
1092,3,3,-500,-135,-153,494,-52,27,-371,-19,-29,-20
1093,8,8,-105,-302,195,161,-436,-269,-170,-185,462,-91
1094,0,0,382,-272,-16,-235,-353,-62,-7,-128,-85,-150
1095,3,3,-489,1,-170,492,-218,86,-514,-16,-167,26
1096,7,7,-143,-243,-318,-182,-75,-8,-497,460,-184,132
1097,1,1,-43,229,-119,-241,8,-93,-46,-115,-31,-190
1098,3,3,-374,-117,-292,422,-108,126,-368,-82,-44,109
1099,6,6,-22,-250,-105,-120,14,45,338,-375,12,-333
1100,7,7,-203,-192,-167,70,-119,-167,-548,382,29,146
1101,8,8,-226,-273,13,214,-240,-79,-126,-171,361,-48
1102,5,5,-277,-506,-330,19,-293,564,-7,-322,39,142
1103,9,9,-384,-368,-152,118,9,59,-406,-46,78,353
1104,7,7,-216,-104,-30,150,-273,-200,-614,318,-60,96
1105,9,9,-239,-444,-160,39,150,-115,-474,74,-35,424
1106,6,6,59,-421,-268,-196,-96,47,551,-372,7,-338
1107,9,9,-124,-431,-259,210,-8,10,-268,-248,76,331
1108,6,6,-6,-321,-209,-165,-107,165,379,-398,9,-174
1109,3,3,-476,28,-96,542,-178,-36,-465,-20,-3,-143
1110,7,7,-132,-158,-17,64,-231,-161,-526,385,-156,69
1111,4,4,-295,-140,-153,-192,490,-178,-321,-29,-125,72
1112,4,4,85,-254,-30,-169,190,-152,155,-237,-265,-286
1113,5,5,-316,-410,-340,6,-257,555,-39,-339,63,153
1114,3,3,-227,-200,144,349,-478,-222,-440,-50,322,-60
1115,5,5,-348,-321,-326,102,-221,460,-226,-213,13,236
1116,4,4,-305,-153,-74,-147,384,-75,-235,-9,-72,36
1117,7,7,-219,-64,39,150,-310,-310,-662,313,31,59
1118,8,8,-311,-250,231,206,-370,-213,-332,-85,525,-77
1119,7,7,-205,-72,206,-24,-197,-255,-518,299,128,-173
1120,8,8,-65,-152,-62,-38,-208,-86,-102,-174,360,-4
1121,0,0,389,-289,1,-194,-195,-116,93,-329,-130,-163
1122,7,7,-142,-100,17,41,-191,-72,-386,236,-104,55
1123,6,6,88,-408,-280,-203,-93,98,501,-430,13,-270
1124,8,8,-43,-166,-11,-39,-226,43,-146,-43,190,51
1125,8,8,-409,-220,-138,105,62,-97,-427,-35,337,239
1126,7,7,-40,-199,-60,5,-150,-227,-454,350,-31,96
1127,3,3,-440,-241,-146,557,-383,-99,-635,13,228,167
1128,3,3,-207,-235,18,352,-333,-20,-539,93,-31,66
1129,1,1,-117,295,-104,-191,-64,-182,-209,-71,-3,-219
1130,9,9,-209,-424,-77,21,160,-75,-440,-21,-50,417
1131,5,5,-263,-403,-303,-107,-147,499,115,-277,132,4
1132,2,2,-5,-2,596,-33,-334,-415,-309,11,-59,-395
1133,7,7,-144,-56,37,93,-214,-318,-575,314,-36,70
1134,3,3,-644,-135,-342,768,-282,92,-646,-92,27,101
1135,5,5,-177,-149,-402,-20,-315,428,-109,-184,82,28
1136,1,1,-49,262,-174,-250,-53,-146,-128,-93,0,-178
1137,1,1,-126,233,-92,-193,37,-86,-108,-73,-15,-128
1138,2,2,-54,144,217,-53,-53,-177,-189,-17,-153,-235
1139,1,1,-77,273,-113,-227,-11,-193,-196,-91,-38,-184
1140,4,4,-376,-122,-117,-240,506,-66,-286,-39,-133,63
1141,7,7,-267,-67,39,128,-292,-303,-740,432,-99,73
1142,4,4,-101,-22,-132,-397,423,-186,-163,-153,-154,-21
1143,7,7,-302,-58,188,197,-282,-388,-610,464,18,-161
1144,5,5,-321,-280,-388,136,-237,516,-131,-245,-63,134
1145,4,4,-334,-181,-86,-18,415,-121,-363,101,-227,-2
1146,5,5,-304,-177,-275,53,-163,406,-119,-232,-21,147
1147,4,4,-262,-129,-176,-216,368,-87,-234,155,-161,13
1148,0,0,424,-359,-38,-146,-228,-135,-5,-271,-101,-43
1149,8,8,-210,-282,60,137,-261,-212,-318,-55,505,64
1150,3,3,-365,-159,-247,466,-132,113,-451,-102,-63,121
1151,6,6,-103,-180,-159,-79,-48,80,285,-378,98,-260
1152,9,9,-299,-374,-281,49,82,57,-470,67,-65,428
1153,6,6,104,-339,-62,-244,-255,76,336,-455,194,-205
1154,0,0,294,-186,-56,-181,-284,-104,-161,69,-134,-76
1155,2,2,-13,52,387,-80,-185,-279,-237,53,-76,-257
1156,7,7,-201,-83,-27,101,-145,-108,-320,186,138,-45
1157,4,4,-161,-203,-33,-186,372,-184,-145,-14,-118,-112
1158,4,4,-126,-282,-136,-246,432,-109,-71,-11,-226,-109
1159,4,4,-37,-134,-73,-263,303,-207,-80,-123,-52,-143
1160,4,4,-187,-137,-15,-204,390,-49,-129,-176,-168,2
1161,6,6,15,-402,-309,-68,-39,120,402,-466,-17,-159
1162,6,6,50,-520,-270,-172,-57,57,545,-330,-36,-276
1163,4,4,-274,23,-251,-312,492,-152,-231,90,-111,-266
1164,7,7,-167,-186,-212,-139,-64,-121,-471,538,-149,18
1165,9,9,-310,-270,-145,17,120,-61,-493,26,58,393
1166,3,3,-104,7,-93,214,-279,-7,-271,-163,52,-61
1167,4,4,-352,-26,-178,-278,525,-163,-344,36,-125,-18
1168,5,5,-254,-185,-263,46,-233,424,-170,-164,77,44
1169,5,5,-41,-211,-428,-9,-307,376,-110,-117,96,-9
1170,8,8,-223,-375,-84,79,-194,33,-131,-69,566,-49
1171,7,7,-301,-62,-109,59,-79,-209,-587,407,-86,108
1172,3,3,-676,-68,-266,675,-142,101,-489,-62,11,-43
1173,7,7,-67,-130,-172,-75,-129,-189,-379,222,112,114
1174,2,2,-79,69,631,23,-481,-540,-300,-56,91,-487
1175,7,7,-185,-84,-121,9,-92,-197,-510,379,-47,84
1176,0,0,321,-136,-106,-214,-266,-93,-121,-55,-108,-167
1177,2,2,-110,53,506,85,-557,-449,-433,88,49,-255
1178,4,4,137,-321,-36,-118,163,-247,-65,-164,-62,-41
1179,1,1,-132,242,-104,-216,43,-104,-143,-117,23,-101
1180,1,1,-225,325,-177,-173,52,-144,-237,-112,22,-127
1181,6,6,-113,44,-145,-146,-30,-26,190,-243,23,-400
1182,6,5,-141,-307,-150,-75,-279,233,229,-375,193,-76
1183,9,9,-164,-517,-176,89,10,-132,-410,-30,153,447
1184,2,2,-127,145,382,-43,-176,-333,-259,28,22,-384
1185,8,8,-119,-426,-4,118,-242,-58,-106,-198,431,75
1186,7,7,-293,-159,-223,-91,14,-49,-463,487,-171,73
1187,2,2,-134,40,403,102,-344,-328,-292,-107,104,-263
1188,0,0,370,-241,-46,-217,-335,-120,1,-150,-64,-139
1189,1,1,-60,258,-68,-248,-2,-121,-106,-82,-11,-161
1190,5,5,-327,-173,-284,106,-299,445,-112,-351,27,99
1191,0,0,209,-352,-8,-108,-32,-58,-22,-24,-181,-81
1192,9,9,-284,-125,-96,-148,101,1,-289,80,-26,214
1193,1,1,-125,300,-129,-260,42,-118,-155,-45,-99,-161
1194,7,7,-246,-207,-1,161,-59,-258,-604,289,10,153
1195,0,0,360,-211,-69,-208,-311,-117,-74,-111,-75,-121
1196,6,6,-37,-202,-186,-183,-11,32,416,-463,76,-412
1197,0,0,360,-242,-37,-189,-274,-115,15,-156,-116,-158
1198,8,8,-452,-143,-2,-26,54,59,-139,-94,263,-74
1199,6,6,64,-430,-298,-173,-6,139,414,-412,-57,-165
1200,8,8,-47,-105,-129,-27,-154,0,-59,-205,210,-65
1201,1,1,-128,249,-111,-236,26,-174,-237,-51,-13,-67
1202,8,8,-140,-348,138,-71,-298,78,75,-295,374,-122
1203,0,0,463,-381,-18,-164,-303,-102,11,-276,-107,-99
1204,3,3,-394,-116,143,496,-494,-184,-627,121,127,-56
1205,3,3,-574,-139,-276,680,-277,81,-581,-57,-16,125
1206,7,7,-159,-129,117,138,-294,-375,-597,235,124,73
1207,2,2,-112,15,466,-11,-193,-221,-234,-83,-78,-309
1208,3,3,-286,-189,-190,439,-228,-50,-326,-64,174,65
1209,6,6,-158,-155,-116,20,-175,118,243,-308,112,-385
1210,2,2,-110,184,513,17,-222,-380,-411,95,-230,-424
1211,1,1,-157,368,-148,-326,82,-253,-253,-9,-81,-219
1212,6,6,106,-295,-179,-137,-160,41,306,-320,109,-180
1213,1,1,-165,316,-143,-236,65,-185,-258,-30,-70,-98
1214,1,1,-46,235,-163,-233,-14,-180,-155,-107,-20,-152
1215,3,3,-477,-44,-53,527,-275,-55,-459,8,50,-57
1216,7,7,-46,-107,-46,-12,-111,-108,-290,194,-23,78
1217,9,9,-332,-100,-251,16,31,-70,-515,52,18,347
1218,0,0,374,-274,-83,-124,-302,-47,79,-252,-127,-92
1219,8,8,-41,-312,112,77,-394,-109,-65,-189,379,-84
1220,0,0,337,-260,-42,-129,-293,-51,-44,-59,-115,-40
1221,5,5,-462,-421,-345,181,-161,499,-177,-320,121,223
1222,4,4,-289,-93,-141,-192,494,-130,-255,17,-166,-101
1223,0,0,351,-301,5,-153,-236,-59,0,-262,-162,14
1224,2,2,-30,4,224,-158,103,-128,-25,-131,-119,-362
1225,8,8,-227,-306,-61,120,-298,-14,-145,-197,514,9
1226,7,2,-247,134,195,166,-148,-183,-272,148,-153,-336
1227,2,2,-201,184,370,126,-255,-326,-432,124,-122,-307
1228,9,9,-325,-453,-283,329,-137,75,-447,-168,121,432
1229,8,8,-243,-205,84,240,-399,-139,-267,-75,383,-14
1230,4,4,-468,-208,-76,-80,468,-2,-353,-18,-150,82
1231,0,0,389,-259,27,-146,-306,-98,-109,-164,-153,-79
1232,9,4,-40,-86,-112,-208,111,-128,-118,-164,-9,90
1233,5,5,-381,-240,-340,43,-73,449,47,-456,-39,66
1234,8,8,-112,-300,124,-75,-164,-13,40,-337,419,-175
1235,5,5,-320,-281,-287,73,-193,392,-3,-379,89,112
1236,1,1,-242,230,-117,-116,60,-128,-259,1,-46,-17
1237,2,2,-49,95,501,-144,-360,-391,-190,-105,133,-392
1238,1,1,-161,306,-136,-214,51,-153,-201,-52,-49,-124
1239,3,3,-393,-130,-459,522,-304,275,-303,-191,41,31
1240,1,1,-82,223,-230,-254,-16,-114,-110,-115,-15,-196
1241,7,7,-175,-72,-18,-86,-48,-169,-436,283,45,6
1242,4,4,-145,-97,-125,-84,175,-81,-162,-40,-71,110
1243,5,5,-398,-294,-261,72,-31,408,22,-361,13,17
1244,7,7,-229,-51,14,88,-227,-251,-613,344,-52,76
1245,2,2,-65,-57,577,1,-278,-298,-245,-58,-40,-387
1246,0,0,282,-228,-146,-71,-338,35,-36,-97,-34,-123
1247,9,3,-12,-71,14,88,-201,22,-386,-90,-134,40
1248,8,8,-97,-201,11,46,-228,27,34,-260,261,-115
1249,8,8,-147,-343,-42,92,-256,-35,-161,-172,513,29
1250,6,6,-19,-167,-206,-169,-26,44,327,-332,14,-261
1251,2,2,-32,157,335,-49,-30,-287,-212,-79,-195,-411
1252,5,5,-282,-180,-248,74,-144,363,-47,-182,23,8
1253,4,4,-65,-300,-151,-360,404,-116,6,-78,-250,-70
1254,1,1,-116,259,-104,-193,-1,-135,-167,-59,1,-115
1255,9,9,-347,-245,-209,17,122,-58,-447,-13,60,419
1256,2,2,-45,22,292,20,-401,-219,-464,54,-74,-56
1257,1,1,-122,303,-134,-302,76,-132,-126,-54,-57,-198
1258,5,5,-224,-217,-270,-47,-311,372,-98,-342,159,157
1259,8,8,-206,-264,19,-18,-256,147,-162,-129,348,11
1260,7,7,-159,88,10,-19,-167,-159,-329,135,25,1
1261,0,0,440,-377,-17,-197,-380,-81,43,-208,-69,-118
1262,2,2,-84,66,421,-17,-225,-249,-237,24,-90,-299
1263,4,4,-189,-202,-134,-229,403,-22,-112,-70,-230,14
1264,4,4,-393,-163,-218,-182,380,-33,-185,-176,-28,206
1265,3,3,-552,5,29,472,-223,-44,-527,62,-3,-73
1266,6,6,-2,-226,-277,-258,115,64,321,-235,-151,-177
1267,8,8,-244,-353,53,106,-123,-170,-334,-84,456,161
1268,8,8,-126,-358,-16,157,-384,-81,-221,-142,497,76
1269,2,2,-17,-180,270,-16,-48,-145,-74,-128,-10,-192
1270,4,4,-316,-158,-140,-111,355,-190,-399,129,-105,188
1271,0,0,388,-276,-33,-190,-230,-54,54,-243,-196,-21
1272,5,5,-318,-428,-212,43,-52,371,-94,-146,144,71
1273,0,0,343,-422,-172,-120,-306,41,74,-177,-39,-90
1274,4,4,-18,-19,-121,-244,184,-39,44,-151,-77,-83
1275,4,4,-348,-101,-22,-108,383,-80,-257,-5,-123,-5
1276,7,7,-394,-71,64,159,-59,-257,-588,522,-229,-76
1277,9,9,-194,-418,-164,40,-11,46,-289,-18,19,332
1278,3,3,-588,-55,-312,720,-318,57,-508,-63,40,-16
1279,4,4,-83,-274,-151,-59,158,-198,-161,9,52,110
1280,1,1,-110,297,-92,-246,31,-147,-158,-30,-60,-176
1281,5,5,46,-311,-265,-183,-317,334,-29,0,-51,-21
1282,9,9,-227,-339,24,41,33,-208,-431,-14,164,337
1283,7,7,-348,18,118,123,-104,-168,-408,339,-66,-172
1284,3,3,-522,-141,-334,637,-240,101,-449,-92,52,95
1285,5,5,-320,-209,-432,110,-198,473,-121,-210,20,71
1286,8,8,-230,-269,-81,4,-171,-35,-61,-278,450,44
1287,8,8,-182,-332,-35,130,-175,-77,-142,-224,447,24
1288,0,0,313,-193,-32,-242,-117,-211,-56,-159,-112,-134
1289,5,5,-229,-347,-295,66,-141,309,-95,-101,110,134
1290,3,3,-334,-51,-314,291,-150,227,-224,-199,-52,68
1291,3,3,-409,-68,-197,486,-149,80,-276,-48,34,-204
1292,6,6,76,-362,-155,-157,-254,98,371,-321,128,-190
1293,6,6,-40,-328,-21,-187,-78,84,412,-336,76,-404
1294,0,0,426,-342,-20,-169,-347,-107,-41,-170,-92,-59
1295,1,1,-118,335,-135,-284,73,-178,-189,-20,-90,-189
1296,6,6,-168,-155,-74,-225,8,85,297,-399,153,-308
1297,0,0,431,-323,-42,-165,-414,-23,-57,-138,-118,-88
1298,3,3,-418,-26,-22,445,-198,-59,-389,66,31,-128
1299,5,7,-61,-24,-101,1,-346,126,-471,224,-320,12
1300,4,4,-116,-203,-113,-160,328,-82,-95,35,-252,-100
1301,4,4,-360,-159,-138,-212,410,-28,-173,-230,-66,166
1302,1,1,-288,289,-142,-132,45,-160,-367,13,-26,-12
1303,2,2,-18,-106,584,-14,-391,-322,-359,-2,40,-321
1304,9,9,-340,-390,-128,109,98,-103,-500,-36,99,465
1305,1,1,-83,367,-98,-427,60,-215,-127,-90,-77,-294
1306,4,4,-334,-109,-132,-324,496,-19,-194,-105,-118,18
1307,6,6,90,-288,-240,-205,-36,96,394,-358,-99,-189
1308,9,9,-158,-366,-87,-6,108,-72,-441,65,-190,381
1309,9,9,-171,-381,-113,37,64,-98,-375,11,25,381
1310,3,3,-282,-123,-216,362,-265,64,-506,71,-69,141
1311,9,9,-251,-319,-180,28,134,-64,-335,-4,38,357
1312,8,8,32,-494,14,99,-229,-181,-13,-256,387,33
1313,4,4,-362,-89,-188,-190,499,-72,-272,20,-95,-21
1314,4,4,-137,-61,-126,-352,504,-18,-78,-128,-284,-300
1315,3,3,-502,-139,-259,493,-80,165,-221,-181,-7,-68
1316,1,1,-93,322,-101,-287,29,-184,-183,-57,-57,-181
1317,3,3,-433,-198,-211,560,-295,-19,-395,-91,166,94
1318,1,1,-113,308,-126,-238,-16,-254,-321,16,-35,-124
1319,8,8,113,-395,-7,156,-417,12,-121,-149,161,-62
1320,8,8,-67,-175,-12,34,-198,-121,-106,-145,337,-15
1321,7,7,-216,-65,10,98,-155,-283,-598,390,-131,79
1322,9,9,-275,-419,-132,20,84,-33,-457,51,47,366
1323,4,4,-298,-38,-176,-328,534,-62,-214,-39,-225,-117
1324,8,8,-109,-216,-45,-38,-117,-181,-274,-79,364,142
1325,8,8,-118,-318,171,66,-90,-211,-81,-306,358,-101
1326,7,7,-167,-14,65,18,-160,-251,-438,178,76,39
1327,9,9,-323,-285,-106,114,127,-50,-405,0,-29,344
1328,7,7,-62,-218,-85,23,-120,-129,-387,259,44,95
1329,1,1,-68,285,-59,-283,0,-136,-114,-115,-8,-201
1330,4,4,-499,86,-254,-245,544,-168,-453,18,-105,13
1331,5,5,-398,-280,-282,243,-223,353,-175,-329,164,110
1332,6,6,106,-450,-263,-197,-104,14,532,-408,91,-279
1333,0,0,501,-337,-83,-207,-365,-47,-5,-200,-188,-93
1334,5,5,-292,-320,-262,19,-163,411,-85,-252,56,161
1335,2,2,-193,273,470,18,-268,-417,-334,34,-71,-481
1336,2,2,-147,209,486,5,-275,-497,-382,138,-86,-403
1337,2,2,88,92,258,-249,-60,-221,46,-305,-130,-522
1338,1,1,-228,271,-116,-130,26,-200,-323,34,-5,-22
1339,5,5,-377,-232,-411,163,-174,464,-150,-225,-49,156
1340,5,5,-190,-287,-239,-151,-266,437,109,-376,109,53
1341,2,2,-132,118,521,9,-246,-349,-438,43,-159,-295
1342,4,4,-335,-155,-150,-271,524,-38,-254,-46,-177,84
1343,9,9,-327,-254,-140,-36,195,-109,-455,17,75,389
1344,6,6,40,-133,-195,-230,-118,66,298,-381,29,-261
1345,2,2,-249,89,415,39,-175,-195,-302,164,-73,-423
1346,7,7,-242,-120,-167,30,-65,-111,-476,353,-45,129
1347,7,7,-176,-87,-131,-124,47,-173,-474,353,-134,109
1348,2,2,90,-189,308,-71,5,-151,-120,-329,-196,-214
1349,2,2,-186,27,282,144,-305,-278,-323,104,63,-218
1350,1,1,-146,303,-129,-225,41,-140,-190,-55,-38,-140
1351,1,1,-86,285,-153,-226,-7,-195,-148,-121,-25,-230
1352,2,2,77,-224,535,-4,-396,-284,-421,9,-20,-228
1353,8,8,-250,-231,-21,207,-294,-122,-317,-117,427,110
1354,3,3,-402,-17,-81,530,-283,-150,-468,-10,83,-44
1355,7,7,-94,-97,-181,-111,-28,-32,-228,154,-17,82
1356,2,2,-16,-4,323,-37,-186,-296,-213,27,34,-190
1357,4,4,-48,-86,-68,-192,245,-50,-165,-14,-133,15
1358,1,1,-131,283,-73,-195,8,-181,-178,-33,-12,-160
1359,7,7,-177,-122,24,123,-296,-235,-627,347,-73,77
1360,1,1,-206,250,-111,-135,40,-143,-262,1,-29,-36
1361,7,7,-189,-54,-88,100,-262,-181,-545,325,-33,56
1362,6,6,-12,-333,-264,-155,-33,70,450,-235,-63,-342
1363,7,7,-149,-59,4,-27,47,-138,-263,308,-143,-133
1364,8,8,-75,-222,141,113,-94,-147,-184,-62,198,-23
1365,2,2,-224,267,388,95,-329,-245,-528,117,-198,-329
1366,7,7,-260,-90,-114,29,-59,-122,-460,390,-118,54
1367,3,3,-611,-73,-199,705,-303,-3,-663,-56,36,52
1368,1,1,-65,227,-68,-208,41,-121,-113,-69,-13,-126
1369,7,7,-209,-181,-31,146,-303,-134,-628,424,-175,72
1370,5,5,-264,-296,-294,-54,-247,474,-21,-324,97,129
1371,8,8,-241,-286,180,163,-463,-158,-258,-159,516,-47
1372,2,2,-119,-18,420,180,-412,-412,-338,65,41,-270
1373,6,6,12,-332,-260,-144,-32,88,490,-437,-53,-289
1374,2,2,-43,-58,430,-69,-38,-203,-178,-134,-36,-307
1375,2,2,-48,59,471,44,-436,-479,-342,-7,99,-290
1376,5,5,-343,-382,-455,32,-369,651,-159,-354,130,182
1377,6,6,-71,-401,-174,-105,-100,149,380,-527,132,-234
1378,5,5,-194,-223,-136,-48,-167,261,177,-371,153,-160
1379,0,0,370,-292,-43,-145,-285,-90,-106,-130,-96,-68
1380,9,9,-15,-327,-73,-14,78,-69,-158,-128,-11,263
1381,2,2,-220,-53,609,254,-640,-462,-500,8,171,-325
1382,4,4,-146,-239,-162,-231,436,-79,-68,-17,-259,-110
1383,3,3,-288,-60,-153,405,-248,57,-187,-221,67,-120
1384,3,3,-330,-43,-53,412,-292,-106,-476,79,54,30
1385,9,9,-277,-231,-49,107,67,-186,-498,56,105,311
1386,7,7,-92,-214,-115,12,-118,-229,-499,379,50,83
1387,6,6,3,-251,-122,-146,8,-12,413,-392,-31,-342
1388,6,6,123,-379,-176,-175,-269,61,415,-351,36,-159
1389,8,8,-240,-390,-126,203,-274,-27,-196,-251,600,0
1390,0,0,401,-386,-44,-163,-164,-153,-78,-216,-147,55
1391,4,4,-424,-139,-102,-184,562,-98,-388,-22,-149,104
1392,1,1,-132,225,-89,-181,71,-115,-157,-21,-52,-85
1393,5,3,-155,-25,-164,221,-225,163,-193,-11,-147,-98
1394,8,8,-117,-397,-27,120,-279,-47,-71,-162,396,59
1395,2,2,-120,-87,338,179,-298,-285,-350,29,85,-210
1396,9,9,-153,-306,-158,-9,63,-124,-376,50,-11,347
1397,1,1,-256,273,-164,-182,135,-152,-254,-85,-15,-39
1398,8,8,-153,-283,61,105,-357,-80,-177,-150,448,-4
1399,0,0,335,-222,-95,-117,-286,-27,-12,-152,-112,-78
1400,6,6,-10,-322,-335,-167,-51,116,457,-442,0,-217
1401,7,7,-102,-133,-117,-49,-138,-102,-427,320,-73,91
1402,2,2,-117,34,377,123,-419,-331,-478,255,-123,-246
1403,1,1,-70,230,-42,-288,-106,-165,28,-154,63,-337
1404,0,0,244,-79,-98,-245,-168,-211,-141,-87,-39,-119
1405,5,5,-216,-226,-179,10,-300,364,66,-357,147,-117
1406,5,5,-186,-71,-198,3,-405,389,-196,-174,115,-29
1407,2,2,-113,-22,638,33,-345,-349,-319,16,-66,-430
1408,0,0,386,-421,80,-160,-68,-202,-59,-199,-109,-33
1409,2,2,-38,19,270,-21,-303,-290,-277,90,44,-120
1410,2,2,-74,-61,364,-40,-76,-274,-72,-50,-18,-386
1411,0,0,298,-332,-86,-128,-315,-53,-33,-120,51,-44
1412,2,2,-93,100,399,-47,-230,-339,-260,52,16,-268
1413,4,4,-293,58,-122,-245,379,-168,-315,-124,-34,54
1414,9,9,1,-147,-48,-72,3,-59,-160,35,-69,41
1415,8,8,-144,-243,53,-65,-181,44,137,-261,370,-268
1416,0,0,412,-265,43,-217,-380,-127,-58,-132,-99,-188
1417,9,9,-397,-479,-178,94,63,84,-481,3,-8,417
1418,9,9,-338,-360,-75,175,35,-129,-536,84,0,386
1419,4,4,-392,-305,-78,-142,560,-179,-347,61,-197,30
1420,6,6,83,-478,-265,-98,-97,104,448,-418,-12,-208
1421,5,5,-219,-349,-214,-39,-191,434,-28,-206,90,58
1422,4,4,-121,-250,-40,-166,410,-142,-239,-82,-223,115
1423,9,9,-238,-443,-224,45,162,-89,-462,84,-9,410
1424,1,1,-75,295,-130,-299,-16,-110,-115,-119,-3,-184
1425,8,8,-31,-334,-170,-9,16,-117,113,-287,282,-94
1426,3,3,-665,-59,-238,632,-248,78,-576,-58,49,78
1427,4,4,-175,-282,-22,-137,274,-112,-177,-1,-103,61
1428,9,9,-463,-305,-176,44,185,-57,-577,-49,71,489
1429,9,9,-58,-289,-84,-44,121,-115,-168,-139,19,250
1430,1,1,-176,278,-101,-204,58,-149,-208,-108,21,-105
1431,2,2,-102,-37,406,101,-592,-387,-448,121,120,-154
1432,2,2,-15,-11,578,25,-554,-514,-293,-39,147,-387
1433,8,8,-166,14,-73,79,-199,-146,-215,-83,303,-81
1434,1,1,-133,279,-151,-218,16,-160,-196,-88,37,-98
1435,9,9,-317,-346,-47,-22,142,-26,-487,28,17,338
1436,6,6,62,-145,-198,-240,-216,89,300,-401,137,-298
1437,4,4,-435,-31,-109,-72,332,-62,-348,37,-63,89
1438,0,0,218,-191,-45,-176,-223,41,49,-171,-106,-86
1439,9,9,-310,-142,-291,7,119,-49,-421,-61,9,382
1440,4,4,-67,-238,-125,-76,179,-98,-22,-127,16,77
1441,8,8,-213,-241,121,174,-195,-224,-401,34,274,106
1442,3,3,-575,-101,-127,669,-252,-31,-547,-4,0,-42
1443,8,8,-240,-361,-46,117,-275,-55,-222,-251,563,89
1444,6,6,148,-280,-346,-181,21,46,207,-135,-285,-98
1445,0,0,354,-300,18,-148,-310,-62,-58,-97,-77,-84
1446,2,2,-29,-41,536,111,-539,-543,-349,-28,160,-348
1447,5,5,-77,-401,-198,-171,-185,310,173,-252,67,43
1448,1,1,-125,328,-132,-265,51,-205,-251,18,-108,-146
1449,9,9,-284,-329,-163,53,83,-27,-482,32,-4,411
1450,6,6,93,-335,-311,-192,-11,43,400,-292,-120,-178
1451,2,2,-41,-138,459,13,-246,-232,-163,-66,3,-350
1452,9,9,-247,-350,-207,-2,114,-57,-436,-12,-14,462
1453,4,4,-407,-100,-22,-123,391,-136,-449,-32,-69,245
1454,0,0,286,-194,-74,-186,-226,-185,-10,-132,15,-138
1455,9,9,-190,-253,-138,-9,139,-94,-330,34,-67,303
1456,6,6,116,-228,-212,-279,16,18,397,-343,-107,-295
1457,0,0,458,-306,-96,-184,-407,-1,-7,-186,-139,-159
1458,6,6,59,-283,-263,-94,-256,139,235,-251,-111,-26
1459,2,2,-297,134,365,215,-311,-253,-544,131,-90,-253
1460,5,5,-360,-249,-185,84,-206,406,-125,-299,99,108
1461,4,4,-233,-133,53,-293,528,-225,-269,78,-219,-237
1462,2,2,3,-182,355,32,-76,-246,-317,-43,-44,-116
1463,3,3,-161,-192,-142,435,-482,-27,-664,-14,-27,160
1464,8,8,-238,-208,-12,283,-353,-63,-239,-53,330,-26
1465,4,4,-133,-6,16,-101,250,-179,-93,-21,-98,-237
1466,5,5,-32,-105,-292,113,-337,312,-201,-53,-119,-47
1467,5,5,-227,-373,-306,87,-169,398,-163,-110,-40,149
1468,0,0,268,-269,16,-124,-98,-93,-26,-140,-186,45
1469,3,3,-219,-102,-102,358,-182,58,-147,-145,-127,-128
1470,8,8,-238,-347,-105,209,-333,92,-306,-179,460,62
1471,5,5,-288,-258,-292,1,-215,450,-75,-277,82,120
1472,3,3,-208,-53,-151,331,-229,36,-219,-116,62,-20
1473,5,5,-45,-179,-380,-145,-317,390,-67,-55,45,-33
1474,8,8,-103,-209,-84,35,-130,-182,-258,-136,391,109
1475,6,6,75,-137,-211,-277,-50,43,333,-422,-37,-271
1476,5,5,-74,-221,-204,56,-313,357,-112,-212,-111,-14
1477,7,7,-139,-162,-50,0,-4,-139,-310,289,-36,-16
1478,6,6,-24,-79,-141,-181,-26,4,322,-374,40,-376
1479,3,3,-564,-86,-259,711,-404,14,-726,-42,13,132
1480,3,3,-568,-90,-243,690,-332,-4,-595,0,12,16
1481,9,9,-282,-320,-103,78,118,-26,-407,-9,-25,358
1482,6,6,14,-205,-102,-140,-155,76,343,-394,67,-280
1483,1,1,-143,264,-89,-186,6,-128,-219,-67,17,-93
1484,1,1,-80,252,-98,-249,33,-108,-85,-82,-33,-165
1485,2,2,-53,18,509,5,-303,-278,-390,109,-146,-315
1486,9,9,-335,-279,-54,160,-5,-97,-433,5,100,322
1487,0,0,403,-236,-45,-130,-354,-57,-13,-251,-190,-74
1488,4,4,-71,-297,-120,-228,311,-167,-39,-28,-95,-61
1489,3,3,-599,-111,-307,698,-278,159,-501,-57,-4,-22
1490,3,3,-405,-137,-194,520,-420,113,-181,-215,190,-204
1491,6,6,47,-376,-257,-171,-90,91,522,-409,-90,-263
1492,9,9,-294,-316,-154,75,24,54,-437,1,-10,357
1493,5,5,-273,-250,-282,-15,-257,464,-162,-227,64,160
1494,7,7,-38,-138,-131,-107,-186,-35,-393,337,-74,19
1495,3,3,-210,-90,-87,329,-221,35,-295,-71,-125,-15
1496,7,7,-101,-109,15,-59,-207,-143,-437,296,-24,57
1497,7,7,-107,-274,-121,57,-156,-114,-507,370,-106,173
1498,7,7,-160,-209,-223,-41,-68,-115,-447,398,2,114
1499,8,8,-237,-297,72,163,-401,-49,-105,-133,527,-139
1500,7,7,-261,71,-32,48,-42,-256,-436,171,-25,80
1501,9,9,-99,-349,28,138,-35,-167,-350,4,0,251
1502,8,8,-198,-270,-126,70,-205,111,63,-331,366,-108
1503,3,3,-341,-55,-178,364,-112,42,-418,-34,-78,122
1504,0,0,361,-249,-21,-152,-330,-35,-101,-60,-140,-76
1505,7,7,-167,-45,45,111,-277,-257,-524,243,23,57
1506,2,2,-126,18,628,54,-406,-500,-404,-14,105,-354
1507,7,7,-144,-52,11,126,-242,-282,-548,277,-19,68
1508,9,9,-328,-449,-212,100,89,-78,-361,-35,138,404
1509,4,4,-378,-181,-82,-127,386,-152,-428,124,-103,163
1510,5,5,-335,-318,-367,122,-156,455,-137,-229,-21,193
1511,4,4,-376,-172,-141,-214,412,-157,-250,2,49,-16
1512,9,9,-294,-282,-90,-18,73,37,-403,-78,-38,397
1513,3,3,-424,17,-226,409,-124,97,-406,-52,-70,61
1514,2,2,-121,-99,507,184,-664,-455,-402,-24,251,-244
1515,1,1,-76,294,-107,-263,-26,-188,-206,-95,-15,-169
1516,4,4,-166,-70,-117,-161,279,-117,-131,-79,-120,8
1517,0,0,433,-349,-26,-174,-317,-102,-7,-191,-104,-63
1518,2,2,-137,146,528,-61,-295,-525,-330,128,1,-434
1519,3,3,-287,-170,-171,540,-313,35,-481,-53,-46,40
1520,7,7,-105,-304,-14,60,-174,-92,-443,222,120,108
1521,5,5,-352,-302,-301,-8,-241,531,-97,-352,71,183
1522,7,9,-233,-38,-114,-41,5,-91,-411,99,30,209
1523,8,8,-284,-222,-77,45,-301,112,165,-357,333,-171
1524,8,8,-224,-306,-63,197,-374,-15,-313,-125,489,25
1525,5,5,33,-136,-201,-14,-306,259,-105,-105,-48,-73
1526,0,0,278,-372,-52,-18,-207,-79,-118,-195,42,39
1527,1,1,-319,183,-55,28,-20,132,-121,-273,-167,-247
1528,1,1,-44,284,-63,-303,4,-123,-61,-165,-12,-244
1529,4,4,-111,-422,-44,-173,440,-172,-60,-225,-93,44
1530,8,8,-195,-277,-158,151,-270,-101,-460,204,263,157
1531,3,3,-428,-35,-403,409,-182,320,-251,-193,-87,28
1532,9,9,-202,-383,-112,84,47,-181,-437,28,148,362
1533,0,0,328,-268,-14,-218,-215,-84,58,-182,-145,-160
1534,0,0,363,-232,107,-244,-132,-233,-9,-237,-137,-170
1535,0,0,385,-280,-38,-209,-399,-5,-102,-73,-99,-99
1536,6,6,-2,-377,-170,-142,-194,140,436,-389,15,-185
1537,6,6,59,-191,-79,-212,-126,-11,413,-503,89,-417
1538,2,2,-122,16,366,21,-62,-287,-229,8,-16,-309
1539,3,3,-431,-123,-144,506,-258,81,-466,-35,-84,39
1540,7,7,-94,-123,-62,4,-105,-82,-361,294,-123,64
1541,8,8,-78,-313,-51,-4,-269,-66,-22,-295,445,-11
1542,4,4,-395,-115,-111,-215,549,-87,-302,-40,-166,-6
1543,7,7,-228,-244,-57,161,-32,-147,-548,305,-74,136
1544,7,7,-246,-65,-35,90,-167,-249,-593,462,-145,31
1545,9,9,-386,-384,-192,95,91,60,-606,79,-136,451
1546,2,2,-142,-35,471,79,-364,-246,-308,-28,83,-315
1547,4,4,-336,-72,-345,-149,372,16,-229,-108,-69,79
1548,1,1,-147,224,-67,-137,-29,-139,-253,2,0,-45
1549,4,4,-120,-67,-38,-351,382,-152,95,-215,-124,-396
1550,5,5,-169,-184,-276,-17,-297,422,-139,-139,83,31
1551,2,2,-98,-99,275,-47,-310,-283,-226,48,228,-109
1552,4,4,-219,-150,-90,-186,367,-75,-226,17,-203,40
1553,9,9,-262,-364,-238,160,-47,112,-320,-335,140,347
1554,9,9,-407,-64,-193,-9,83,-134,-572,83,93,330
1555,1,1,-92,312,-107,-305,54,-186,-199,-27,-67,-161
1556,8,8,-43,-443,67,145,-348,-211,-269,-61,486,73
1557,4,4,-125,-134,-124,-231,400,-171,-145,-163,-128,22
1558,0,0,331,-291,-61,-157,-334,-46,-48,-76,-56,-91
1559,9,9,-170,-199,-156,101,-55,99,-294,-81,-58,245
1560,8,8,-82,-475,-38,67,-294,-73,-44,-369,534,40
1561,4,4,-118,-70,-80,-209,376,-62,-145,-62,-232,-125
1562,8,8,58,-349,41,-43,-268,-40,-32,-180,296,-44
1563,7,7,-164,-108,-97,21,-104,-200,-504,355,-32,108
1564,7,7,-158,-50,-43,63,-152,-245,-537,352,-81,62
1565,0,0,412,-350,12,-208,-281,-116,28,-171,-124,-78
1566,7,7,-161,-54,-128,-98,-33,-40,-350,210,-76,116
1567,8,8,-303,-292,-117,288,-294,-125,-420,-5,463,103
1568,8,8,-229,-298,-76,131,-351,28,-163,-266,529,-33
1569,6,4,-14,-221,-127,-152,159,37,136,-56,-206,-218
1570,0,0,178,-210,-31,-197,44,-162,139,-287,-71,-222
1571,4,4,-402,-170,-93,-103,368,-46,-345,-3,-64,196
1572,8,8,-111,-366,-72,160,-296,-152,-338,-123,456,166
1573,8,8,-77,-348,28,23,-223,-110,-44,-269,435,20
1574,2,2,-43,-43,486,15,-290,-340,-265,-103,2,-256
1575,4,4,-158,-93,-26,-275,486,-262,-358,-15,-213,-9
1576,7,7,-160,-74,61,97,-278,-241,-608,338,-114,46
1577,6,6,27,-317,-147,-200,-78,30,509,-400,-10,-360
1578,6,6,-46,-408,-137,-81,-95,54,471,-426,91,-265
1579,6,6,88,-323,-207,-265,-223,135,409,-380,98,-246
1580,4,4,-297,-13,-168,-209,431,-70,-260,-9,-86,-45
1581,7,9,-415,-233,16,181,-50,-149,-671,207,2,214
1582,1,1,-74,281,-177,-265,9,-89,-72,-112,-43,-219
1583,8,8,-135,-209,-82,137,-253,-12,-143,-139,320,46
1584,8,8,-108,-358,-10,13,-37,-113,-133,-235,344,149
1585,2,2,-84,18,494,37,-254,-279,-395,52,-153,-283
1586,3,3,-346,-161,-177,469,-247,27,-526,-27,-46,146
1587,6,6,-78,-346,-197,-57,-118,164,320,-453,127,-231
1588,3,3,-542,20,-230,604,-219,54,-504,-36,-91,-11
1589,0,0,437,-370,-10,-205,-259,-66,27,-241,-179,21
1590,0,0,357,-228,-61,-221,-327,-149,-17,-141,-37,-121
1591,3,3,-387,-127,-126,518,-394,-105,-406,-142,287,-16
1592,7,7,-210,-43,3,132,-327,-308,-603,386,15,-8
1593,6,6,-9,-62,-39,-144,-15,10,240,-284,-22,-280
1594,9,9,-249,-346,-172,11,194,-137,-418,46,-9,377
1595,7,7,-123,-131,71,132,-276,-192,-538,252,-95,68
1596,9,9,-179,-221,-78,-21,95,-89,-313,32,-12,295
1597,9,9,-209,-181,-164,-39,74,-146,-430,140,97,272
1598,5,5,-329,-326,-300,27,-342,519,-126,-413,184,149
1599,4,4,-383,-184,-50,-186,523,-73,-342,13,-226,28
1600,3,3,-512,-221,-399,595,-313,296,-392,-181,72,89
1601,3,3,-354,-84,60,398,-312,-86,-522,209,-17,-131
1602,6,6,21,-342,-240,-238,-65,77,491,-484,43,-245
1603,1,1,-207,343,-149,-213,45,-113,-166,-187,39,-195
1604,2,2,-29,-12,550,66,-463,-442,-314,-54,77,-394
1605,3,3,-512,-93,-288,557,-247,58,-502,-134,56,142
1606,7,7,-197,-133,-139,-33,-54,-201,-535,394,11,108
1607,3,3,-479,-8,-268,332,-45,112,-334,-81,10,28
1608,3,3,-566,-69,-365,643,-235,167,-440,-138,-43,32
1609,2,2,121,-422,227,26,73,-204,-89,-232,-138,-146
1610,0,0,432,-303,-129,-147,-371,-2,-126,-50,-194,-53
1611,3,3,-159,-86,-179,234,-252,140,-66,-190,37,-65
1612,3,3,-298,-151,-272,555,-463,177,-549,-40,-67,50
1613,8,8,-259,-395,53,192,-300,-104,-194,-221,539,41
1614,4,4,-36,-301,-50,-147,249,-175,-54,-101,-84,-5
1615,3,3,-462,-55,-165,506,-140,69,-426,-35,-50,-1
1616,6,6,186,-332,-124,-179,-226,1,333,-353,-5,-107
1617,3,3,-485,-7,8,426,-172,-20,-462,16,38,-91
1618,5,5,-593,-202,-586,270,-83,430,-501,-67,104,198
1619,0,0,287,-164,-47,-213,-283,-16,20,-108,-89,-112
1620,2,2,-104,23,505,189,-420,-461,-321,2,-2,-460
1621,0,0,290,-310,-281,-213,-109,70,271,-354,-157,-96
1622,9,9,-285,-333,-139,25,102,-48,-469,15,13,427
1623,0,0,321,-264,-59,-82,-231,-72,-118,-90,-103,-2
1624,7,7,-269,-165,-138,57,-108,-132,-566,355,-55,189
1625,4,4,-279,-105,-72,-186,479,-27,-213,-8,-228,-171
1626,6,6,-74,-359,-230,13,-114,154,262,-374,119,-159
1627,9,9,59,-478,48,117,-18,-203,-278,-112,54,236
1628,3,3,-384,-71,-330,528,-230,138,-310,-141,-33,13
1629,5,5,-466,-327,-401,56,-208,622,-133,-399,77,209
1630,1,1,-70,284,-98,-310,47,-125,-109,-83,-56,-175
1631,9,9,-327,-252,-153,-22,122,-72,-530,90,-12,400
1632,6,6,71,-342,-211,-201,-69,54,487,-440,-35,-294
1633,1,1,-87,333,-73,-308,14,-175,-163,-90,-54,-226
1634,4,4,-329,28,-266,-170,276,-115,-387,54,30,150
1635,5,5,-224,-221,-306,34,-264,409,39,-401,66,-18
1636,4,4,-240,-15,-3,-168,425,-247,-307,72,-176,-161
1637,5,5,-391,-344,-508,268,-117,457,43,-395,-1,-12
1638,0,0,347,-248,-22,-216,-130,-282,-107,-174,-69,-97
1639,5,5,-373,-332,-322,93,-144,469,-127,-289,25,208
1640,9,9,-124,-344,-63,-85,81,-34,-319,78,-147,291
1641,5,5,-65,-365,-250,12,-175,246,73,-162,113,3
1642,2,2,-52,-125,332,-146,-59,-153,-41,-236,82,-218
1643,1,1,-64,278,-118,-314,32,-117,-103,-137,-49,-187
1644,2,2,-69,-17,375,78,-385,-386,-285,-21,168,-223
1645,9,9,-132,-366,-80,-24,85,-49,-374,-7,-75,375
1646,1,1,-151,342,-171,-299,40,-215,-213,-62,7,-191
1647,9,9,-174,-283,-132,-17,89,-106,-357,23,-13,354
1648,9,9,-284,-228,-150,14,45,-40,-443,54,34,348
1649,4,4,-229,-30,-196,-280,455,-181,-253,53,-213,-133
1650,0,0,350,-243,112,-220,-270,-124,-7,-209,-70,-132
1651,8,8,-175,-296,-20,110,-244,-138,-200,-224,476,86
1652,4,4,-250,-184,-33,-200,398,-3,-198,-113,-163,95
1653,5,5,-371,-304,-341,96,-172,497,-236,-239,-20,237
1654,2,2,-265,70,260,193,-237,-205,-388,150,-78,-205
1655,9,9,-134,-403,-119,-28,83,-15,-294,13,-73,335
1656,2,2,-128,210,519,-104,-261,-355,-275,44,-87,-477
1657,1,1,-91,252,-143,-236,36,-103,-77,-118,-6,-182
1658,2,2,-58,115,351,-99,-296,-309,-250,57,14,-214
1659,1,1,-120,303,-141,-261,29,-176,-219,11,-83,-125
1660,7,7,-134,-32,39,40,-186,-255,-465,279,-30,29
1661,3,3,-571,-5,-16,556,-365,-49,-598,31,-13,-41
1662,6,6,24,-288,-167,-232,0,31,482,-487,19,-368
1663,8,8,-320,-343,8,245,-443,-18,-397,-67,512,84
1664,8,8,-98,-208,9,-25,-297,-38,-9,-288,378,-79
1665,4,4,-388,0,-120,-205,466,-49,-318,-77,-93,-3
1666,9,9,-171,-357,-47,142,-29,-141,-353,-29,97,338
1667,1,1,-157,246,-111,-161,-25,-203,-258,-89,120,-74
1668,9,9,-333,-293,-171,73,127,-118,-509,20,71,422
1669,8,8,-213,-373,-107,225,-225,-4,-257,-150,390,161
1670,5,5,-276,-211,-267,155,-387,433,-288,-256,95,98
1671,7,7,-437,-45,-135,160,-29,-87,-561,260,-128,152
1672,5,5,-391,-246,-395,111,-299,493,-347,-215,135,215
1673,1,1,-223,195,-132,-113,-5,-197,-408,95,-54,89
1674,1,1,-132,267,-71,-189,-21,-145,-216,-53,10,-108
1675,8,8,-261,-235,-71,146,-270,-65,-255,-229,549,-32
1676,6,6,36,-348,-192,-155,-113,92,401,-398,106,-235
1677,5,5,-340,-262,-292,24,-329,521,-219,-278,148,142
1678,2,0,169,-35,94,-218,-126,-123,-132,26,-145,-138
1679,4,4,-509,-131,-117,-241,616,-163,-412,-1,-77,53
1680,4,4,-349,-75,-196,-162,456,-109,-322,-54,-69,71
1681,3,3,-204,-244,-55,277,-352,-118,-631,204,-5,166
1682,2,2,49,-40,366,18,-225,-214,-336,-71,-187,-176
1683,3,3,-462,-141,-118,632,-429,-47,-554,-6,61,19
1684,5,5,-224,-142,-368,38,-300,369,-107,-277,113,83
1685,6,6,43,-445,-208,-160,-67,74,527,-505,-1,-287
1686,8,8,-149,-139,-93,57,-188,63,51,-262,248,-134
1687,8,8,-135,-80,-169,-30,-251,-88,-302,-155,377,119
1688,6,6,-48,-169,-237,-167,-39,67,375,-421,35,-317
1689,2,2,23,-67,317,-10,-150,-243,-204,-13,-12,-205
1690,3,3,-167,-112,-222,373,-309,96,-343,-66,-75,53
1691,1,1,-264,249,-51,-81,-45,-88,-181,-113,74,-206
1692,0,0,393,-279,36,-235,-305,-67,45,-185,-151,-67
1693,5,5,-376,-246,-306,158,-270,497,-213,-313,50,156
1694,8,8,-67,-230,61,158,-375,-125,-108,-134,293,-69
1695,9,9,-252,-186,-239,0,21,-77,-459,80,75,340
1696,2,2,-9,76,322,-38,-125,-329,-199,12,-53,-291
1697,9,9,-253,-435,-226,23,132,-83,-366,-40,78,445
1698,6,6,31,-324,-135,-165,-99,56,412,-316,45,-236
1699,7,7,-208,-109,46,107,-319,-234,-673,458,-174,36
1700,0,0,350,-248,-163,-152,-368,35,-32,-33,-139,-103
1701,4,4,-314,-29,-165,-184,301,13,-222,-35,-93,123
1702,8,8,-125,-221,-51,-24,-457,108,-38,-219,428,-108
1703,7,7,-126,-80,-27,124,-188,-189,-449,210,-11,88
1704,1,1,-114,282,-126,-268,41,-116,-158,-45,-49,-123
1705,7,7,-166,-73,-86,30,-93,-211,-469,336,-53,93
1706,4,4,-535,-41,-201,-213,547,-89,-389,-13,-23,40
1707,1,1,-236,270,-111,-148,108,-131,-247,-75,-3,-65
1708,0,0,423,-268,-49,-175,-368,-32,-25,-144,-209,-51
1709,9,3,-250,-78,-142,135,-11,76,-186,-79,46,109
1710,7,7,-217,-121,-129,38,-85,-173,-541,351,-68,160
1711,2,2,-149,-53,486,199,-600,-425,-410,43,168,-275
1712,0,0,335,-376,57,-107,-153,-198,-179,-105,-170,121
1713,0,0,365,-255,-78,-120,-282,-74,-80,-86,-153,-47
1714,9,9,-340,-364,-186,27,81,23,-462,-62,63,458
1715,1,1,-114,260,-77,-214,20,-137,-164,-79,-5,-122
1716,7,7,-135,45,-55,3,-101,-215,-383,182,11,62
1717,8,8,113,-359,-93,18,-227,14,1,-183,203,-64
1718,7,7,-531,-72,206,233,42,-240,-689,417,-244,-96
1719,8,8,-175,-277,-43,97,-257,-143,-241,-179,520,63
1720,4,4,-258,-300,-148,-168,441,-111,-129,21,-249,-53
1721,7,9,-236,-76,-205,-91,103,-153,-456,170,16,229
1722,2,2,-239,31,345,94,-90,-232,-234,145,-99,-461
1723,0,0,475,-396,-85,-158,-335,-64,13,-238,-120,-45
1724,4,4,-174,-250,-14,-131,370,-234,-272,53,-204,58
1725,6,6,-76,-83,-160,-159,-30,34,280,-368,95,-296
1726,0,0,403,-242,21,-143,-276,-105,-32,-239,-205,-61
1727,3,3,-444,-94,-241,531,-350,-63,-734,103,90,142
1728,1,1,-195,297,-114,-216,66,-141,-239,-20,-61,-70
1729,1,1,-74,286,-117,-344,45,-220,-243,-62,-40,-140
1730,3,3,-249,-61,-196,325,-319,77,-282,-135,76,40
1731,3,3,-554,-79,-123,606,-255,40,-494,-67,94,-66
1732,9,9,-250,-303,-199,196,-9,11,-444,-123,89,366
1733,6,6,78,-392,-193,-198,-152,22,456,-364,125,-244
1734,7,7,-54,-269,-228,-144,-152,-128,-415,507,-159,49
1735,4,4,-235,-63,-2,-177,359,-72,-254,-4,-125,-32
1736,1,1,-164,267,-121,-204,74,-140,-193,-34,-34,-71
1737,5,5,-167,-75,-53,34,-44,102,-85,-137,-17,-95
1738,3,3,-564,5,-232,541,-162,36,-498,-18,-58,39
1739,0,0,409,-325,-11,-168,-295,-119,-8,-235,-78,-74
1740,8,8,-60,-313,-57,18,-243,65,9,-270,328,-129
1741,7,7,-178,-32,-76,94,-330,-203,-530,264,76,50
1742,3,3,-363,-176,-135,597,-349,-15,-347,-131,66,-67
1743,9,9,-125,-353,-156,-24,60,-80,-388,116,-34,313
1744,6,6,-2,-340,-91,-154,-114,40,480,-418,73,-338
1745,9,9,-236,-372,-178,13,135,-142,-467,52,3,435
1746,3,3,-307,-22,-34,320,-121,32,-211,-114,-87,-172
1747,5,5,-55,-163,-470,-23,-269,332,-91,60,31,-93
1748,0,0,265,-412,-5,-152,-81,-138,-33,-88,-19,-69
1749,2,2,-38,-214,489,96,-586,-418,-387,80,210,-151
1750,7,7,-255,-84,-3,110,-75,-153,-365,299,-60,1
1751,4,4,-350,26,121,-12,260,-111,-275,18,-202,-182
1752,5,5,-340,-277,-289,61,-148,469,-98,-259,-36,154
1753,1,1,-188,287,-142,-190,84,-129,-196,-87,2,-94
1754,7,7,-281,210,255,102,-111,-441,-489,326,-143,-342
1755,5,5,-169,-254,-184,-11,-261,406,-96,-229,-4,66
1756,8,8,-218,-280,-127,54,-300,114,-125,-239,416,78
1757,0,0,334,-263,-73,-128,-308,-83,-101,-104,-52,-88
1758,8,8,-226,-372,142,142,-359,7,-157,-204,456,-86
1759,8,8,2,-347,-64,-84,-55,2,22,-172,261,13
1760,1,1,-145,280,-144,-237,-4,-150,-231,-113,51,-90
1761,5,5,-414,-247,-247,17,-46,348,-233,-146,32,230
1762,0,0,286,-185,-48,-157,-369,1,-87,34,-118,-131
1763,3,3,-429,-121,-276,485,-213,132,-398,-55,-24,100
1764,0,0,438,-389,-8,-252,-232,-85,119,-290,-120,-94
1765,3,3,-538,-6,-167,495,-107,63,-410,-19,23,-79
1766,1,1,-164,300,-181,-249,45,-141,-145,-81,7,-183
1767,4,4,-280,-130,42,-97,377,-85,-294,9,-203,15
1768,0,0,310,-165,-39,-208,-301,-94,15,-133,-49,-169
1769,3,3,-530,-34,84,489,-227,-186,-598,27,60,-43
1770,7,7,-227,-95,-108,111,-239,-184,-603,353,-12,78
1771,2,2,-97,25,543,42,-572,-429,-375,44,89,-266
1772,7,7,-237,-135,-38,-80,44,-77,-281,410,-212,-109
1773,1,1,21,161,-101,-295,-65,-63,92,-216,-2,-264
1774,8,8,-196,-269,-99,88,-249,138,-145,-267,329,26
1775,0,0,270,-219,-75,-108,-231,-8,-42,-44,-85,-43
1776,7,7,-173,-101,12,72,-256,-168,-539,285,-72,86
1777,0,0,361,-277,-23,-134,-265,-70,39,-182,-108,-77
1778,4,4,-68,-128,-138,-208,298,-21,-53,-55,-184,-66
1779,3,3,-558,37,-54,593,-502,-73,-630,-49,78,-57
1780,1,1,-61,269,-97,-281,29,-114,-93,-81,-56,-185
1781,9,9,15,-350,-72,-82,78,-104,-139,-167,-16,268
1782,8,8,-316,-433,11,51,-210,77,-343,-1,379,142
1783,7,7,-163,-80,-67,-38,-32,-216,-496,357,-94,92
1784,7,7,-206,-62,-24,81,-190,-233,-589,396,-132,55
1785,1,1,-328,315,-94,-153,55,-116,-323,-104,37,-91
1786,4,4,-229,-104,-129,-153,390,-146,-236,54,-89,-54
1787,9,9,-275,-434,-153,-8,142,-27,-487,66,-98,438
1788,9,9,-297,-292,-177,17,132,-64,-417,-31,24,418
1789,3,3,-219,76,-138,322,-305,63,-282,-86,-66,-95
1790,2,2,78,-188,237,-36,-85,-306,-254,2,123,-84
1791,1,1,-74,286,-152,-264,21,-152,-151,-71,-31,-155
1792,7,7,-415,-95,82,196,-80,-285,-639,509,-199,-57
1793,9,9,-349,-368,-67,32,238,-87,-601,86,-162,420
1794,0,0,260,-218,36,-177,-238,-53,66,-164,-68,-132
1795,2,2,-32,32,560,-66,-269,-299,-219,-18,-128,-429
1796,0,0,360,-278,-30,-176,-152,-90,74,-261,-138,-34
1797,3,3,-301,-62,-319,481,-259,191,-381,-141,-78,14
1798,3,3,-545,-58,-379,586,-189,211,-371,-167,-3,-25
1799,7,7,-244,-77,-19,112,-172,-279,-648,434,-138,82
1800,6,6,-17,-370,76,-105,63,-120,248,-243,-64,-237
1801,9,9,-242,-466,-42,113,112,-47,-503,3,-49,384
1802,2,2,-112,-62,441,121,-338,-374,-419,9,49,-155
1803,3,3,-416,-137,-187,520,-317,92,-575,-18,-108,128
1804,3,3,-638,-5,-147,737,-395,-137,-744,5,78,37
1805,7,7,-115,-144,-58,8,-132,-168,-460,359,-103,85
1806,7,7,-165,-92,12,62,-212,-206,-563,319,-92,89
1807,0,0,379,-238,-28,-139,-226,-65,-123,-145,-259,15
1808,0,0,307,-398,159,-173,103,-269,-39,-246,-195,-74
1809,7,7,-161,3,-22,80,-150,-241,-461,239,-32,72
1810,5,5,-280,-255,-320,38,-223,473,-30,-296,19,81
1811,2,2,-3,-229,522,55,-325,-289,-410,13,26,-223
1812,9,9,-185,-271,-85,23,63,-87,-385,75,-33,314
1813,8,8,-75,-463,137,-13,-83,22,0,-335,316,-32
1814,7,7,-213,-79,-187,-2,-86,-80,-407,256,68,95
1815,4,4,-347,-161,-81,-209,473,-12,-241,-69,-181,45
1816,4,4,-266,-156,-139,-192,440,-130,-344,-23,-80,140
1817,2,2,-66,49,454,-6,-317,-335,-196,-68,66,-354
1818,6,6,43,-425,-286,-154,-65,120,427,-435,-9,-133
1819,6,6,119,-421,-176,-220,-93,119,364,-316,17,-229
1820,1,1,-166,393,-143,-371,95,-228,-201,-58,-49,-241
1821,9,9,-283,-388,-99,48,31,15,-439,-23,44,383
1822,6,6,-49,-150,-175,-112,-74,119,276,-317,-45,-231
1823,8,8,-99,-272,53,11,-75,-106,46,-198,257,-34
1824,2,2,-131,-17,579,93,-668,-450,-412,30,155,-275
1825,9,9,-374,-199,-245,17,188,-52,-489,-77,26,403
1826,0,0,365,-342,-33,-109,-228,-120,-77,-194,-116,28
1827,8,8,-284,-248,58,204,-347,-198,-218,-252,577,-79
1828,3,3,-319,43,-69,340,-244,-26,-479,118,-117,-37
1829,1,1,-170,212,-117,-166,38,-124,-252,3,-71,5
1830,1,1,-98,290,-94,-252,25,-141,-137,-56,-44,-178
1831,6,6,26,-475,-168,-106,-179,99,427,-473,130,-142
1832,3,3,-536,-78,-240,538,-178,105,-528,-35,-59,74
1833,5,5,-420,-266,-324,201,-229,427,-269,-232,40,224
1834,1,1,-113,327,-132,-264,27,-186,-232,-49,-58,-143
1835,1,1,-104,247,-98,-198,37,-117,-126,-100,-6,-144
1836,1,1,-105,287,-100,-258,18,-168,-211,-18,-34,-117
1837,3,3,-485,14,-218,460,-184,134,-436,-56,-102,36
1838,1,1,-132,315,82,-195,0,-322,-341,-18,-43,-196
1839,2,2,-102,-61,367,121,-562,-357,-385,59,185,-156
1840,3,3,-342,-53,-280,559,-310,137,-331,-180,-6,-74
1841,0,0,318,-374,-111,-63,-284,-2,43,-244,6,-83
1842,2,2,-141,-55,431,127,-410,-354,-277,-140,256,-264
1843,0,0,315,-397,33,-50,-154,-108,-108,-135,-152,-20
1844,1,1,-139,281,-95,-192,-7,-199,-294,31,-43,-80
1845,3,3,-540,-257,-229,679,-412,25,-577,-64,125,153
1846,5,5,-247,-146,-194,153,-265,296,-165,-179,85,61
1847,5,5,81,-444,-332,-61,-374,336,108,-205,111,-52
1848,7,7,-215,-84,-50,135,-161,-306,-647,370,-47,96
1849,4,4,-219,-183,-136,-77,291,-97,-222,-18,-16,123
1850,8,8,-179,-220,70,173,-353,-143,-365,37,296,83
1851,9,9,-392,-220,-222,72,139,-92,-527,24,46,419
1852,6,6,27,-279,-269,-110,-107,110,399,-406,-31,-295
1853,9,9,-36,-378,-87,-40,74,-136,-333,28,-25,280
1854,6,6,74,-431,-292,-221,-102,101,494,-368,79,-267
1855,8,8,-199,-230,-21,130,-81,-38,-145,-124,274,63
1856,3,3,-451,-114,131,416,-270,-67,-505,63,9,-27
1857,6,6,-108,-222,-84,-185,67,66,341,-238,-137,-407
1858,6,6,-26,-335,-163,-223,-60,74,534,-516,50,-337
1859,8,8,-311,-248,107,106,-164,-201,-396,51,495,-77
1860,5,5,-260,-251,-292,34,-138,400,-60,-229,-52,160
1861,1,1,-238,289,-92,-117,-44,-173,-355,23,24,-46
1862,4,4,-325,-72,-101,-77,312,-4,-215,-23,-41,41
1863,2,2,-171,-51,504,47,-334,-279,-305,24,32,-255
1864,4,4,-400,16,-192,-306,550,-104,-341,-71,-70,23
1865,4,4,-178,-82,-10,-143,280,-176,-185,-32,-163,-89
1866,5,5,-394,-227,-284,156,-246,449,-79,-334,76,59
1867,1,1,-119,304,-144,-276,35,-117,-162,-57,-49,-149
1868,1,1,-246,233,-57,-119,88,-214,-225,19,5,-177
1869,9,9,-362,-276,-175,56,145,-31,-448,-45,-10,428
1870,0,0,373,-328,-17,-142,-348,-80,-24,-171,-3,-137
1871,2,2,-142,5,343,190,-514,-373,-366,-57,216,-273
1872,4,4,-478,33,-158,-216,559,-110,-406,-28,-136,-73
1873,9,9,-296,-323,-81,103,109,-128,-478,31,-21,396
1874,5,5,-203,-340,-229,22,-102,314,21,-258,4,145
1875,7,7,-203,-60,56,76,-257,-234,-632,443,-193,13
1876,1,1,-111,334,-104,-271,20,-176,-208,-40,-70,-169
1877,8,8,-77,-241,-178,68,-227,-1,-132,-167,347,102
1878,8,3,-224,-208,-15,278,-328,-68,-91,-118,231,-124
1879,5,5,-373,-287,-269,145,-178,412,-101,-255,73,115
1880,6,0,176,-125,-127,-338,32,-110,171,-144,-160,-311
1881,9,9,-330,-241,-216,-31,176,-130,-520,40,41,449
1882,8,8,-304,-382,30,229,-309,-40,-330,-15,479,16
1883,7,7,-124,-141,-148,-81,-36,-105,-344,337,-133,93
1884,1,1,-48,264,-151,-265,-41,-144,-129,-125,-1,-192
1885,1,1,-145,279,-257,-364,39,-97,-68,-99,49,-258
1886,6,6,-47,-131,-157,-149,-39,39,340,-365,64,-400
1887,7,7,-160,-97,-255,-89,-80,-41,-330,408,-85,-2
1888,6,6,-126,-102,-100,-125,12,74,236,-376,96,-318
1889,3,3,-439,66,-289,567,-254,93,-354,-136,-36,-104
1890,2,2,-60,107,576,-53,-267,-412,-349,69,-143,-423
1891,2,2,24,-25,484,-27,-298,-283,-320,19,-176,-272
1892,0,0,406,-264,-21,-125,-366,-44,-95,-237,-176,-30
1893,8,8,-272,-308,158,254,-468,-201,-223,-138,565,-112
1894,9,9,-297,-315,-265,-46,20,90,-340,-81,125,394
1895,2,2,-30,-129,428,76,-119,-202,-319,-88,-202,-251
1896,5,5,-414,-409,-328,138,-187,524,-124,-288,92,151
1897,1,1,-100,297,-90,-242,2,-162,-172,-54,-40,-173
1898,0,0,298,-233,-129,-188,-295,41,141,-185,-88,-137
1899,8,8,-341,-59,70,238,-254,-152,-294,68,240,-120
1900,1,1,-85,239,-80,-357,146,-231,-100,-101,-78,-345
1901,9,4,-294,-189,-151,-99,218,-6,-100,-131,74,103
1902,5,5,-232,-215,-233,-19,-175,382,-44,-161,-16,82
1903,7,7,-273,-38,142,109,-57,-251,-329,335,-74,-184
1904,9,9,-341,-189,-203,20,134,-126,-504,24,44,416
1905,6,6,-46,-357,-259,-126,-53,58,542,-496,39,-373
1906,9,9,-213,-328,-133,-15,63,-86,-350,-53,116,393
1907,0,0,265,-138,-44,-181,-294,-41,-69,-36,-78,-137
1908,6,6,16,-229,-160,-156,5,12,297,-332,30,-166
1909,1,1,-105,125,-98,-54,-113,-252,-417,78,28,26
1910,5,5,-359,-315,-300,77,-167,441,-72,-286,8,190
1911,5,5,73,-315,-90,-213,-327,239,143,-203,138,-108
1912,8,8,-65,-265,-167,-24,-326,46,-66,-198,430,-6
1913,3,3,-101,-208,-27,299,-343,-28,-230,-134,136,-48
1914,8,8,-181,-427,-233,72,-261,86,-22,-265,579,11
1915,2,2,-71,-49,468,90,-518,-432,-438,138,77,-194
1916,6,6,-13,-204,-218,-210,-63,74,429,-474,62,-388
1917,5,5,-248,-348,-208,71,-326,402,-70,-228,113,69
1918,0,0,310,-304,-44,-125,-234,-141,-62,-164,-34,-30
1919,7,7,-286,-44,-43,133,-216,-279,-692,447,-123,70
1920,4,4,-247,-114,-15,-87,318,-107,-293,57,-156,37
1921,6,6,141,-408,-237,-184,-73,-42,528,-492,38,-278
1922,1,1,-84,297,-100,-265,10,-155,-118,-73,-47,-214
1923,3,3,-454,-50,-247,579,-264,77,-466,-65,-36,42
1924,4,4,-381,-159,-47,-222,327,-2,-152,-133,13,96
1925,7,7,-247,-71,-33,99,-149,-292,-622,432,-112,89
1926,3,3,-509,-120,-198,500,-81,137,-316,-74,17,-96
1927,2,2,-117,70,439,57,-384,-355,-302,57,-8,-284
1928,3,3,-555,-69,-192,537,-211,81,-454,44,44,-24
1929,4,4,-236,-73,-149,-223,400,-88,-271,-15,-225,4
1930,2,2,-135,-23,448,-92,92,-278,-132,-98,-148,-508
1931,5,5,-352,-83,-331,115,-88,373,-41,-298,-101,-1
1932,2,2,-209,170,477,107,-276,-379,-483,228,-213,-388
1933,7,7,-342,-21,182,244,-200,-317,-540,382,-62,-134
1934,1,1,-185,275,-84,-142,-2,-179,-267,-24,22,-91
1935,7,7,-199,-162,-106,90,-168,-114,-523,336,-76,141
1936,2,2,-10,-37,562,-43,-443,-266,-224,-27,-38,-383
1937,6,6,-69,-288,-127,-156,-110,61,438,-535,156,-341
1938,4,4,-22,-92,-58,-244,284,-80,-57,-33,-236,-111
1939,1,1,-121,318,-88,-244,16,-155,-167,-138,35,-179
1940,5,5,-14,-217,-361,-267,-192,306,46,-17,136,-107
1941,7,7,-137,-191,61,41,-11,-120,-328,135,29,25
1942,8,8,-113,-188,49,12,-100,-94,-58,-160,306,-37
1943,6,6,-67,-187,-196,-151,-48,47,365,-424,144,-353
1944,0,0,405,-336,-29,-174,-152,-89,-68,-172,-227,39
1945,1,1,-91,284,-51,-245,-2,-225,-203,-88,-20,-216
1946,8,8,-178,-275,17,70,-258,-9,-151,-134,425,15
1947,2,2,-49,-56,487,53,-366,-288,-403,162,-139,-292
1948,5,5,-221,-138,-90,44,-51,245,-122,-15,78,-91
1949,7,7,-93,-129,11,52,-86,-256,-532,294,-48,69
1950,7,7,-190,-192,-88,94,-198,-100,-527,356,-119,143
1951,6,6,8,-239,-179,-162,57,6,375,-371,-62,-234
1952,9,9,-282,-204,-162,152,18,-8,-383,-92,77,287
1953,3,3,-468,-75,-270,544,-236,66,-533,-91,-11,142
1954,5,5,-142,-321,-157,-171,-207,303,17,-194,113,133
1955,8,8,-172,-215,212,-15,-161,-175,-74,-327,366,-140
1956,4,4,-53,-84,36,-288,328,-185,-287,20,-190,-30
1957,2,2,-103,19,504,-87,-60,-347,-210,-41,-56,-487
1958,4,4,-356,-94,-144,-343,555,-60,-231,-49,-261,-38
1959,0,0,330,-162,-75,-200,-309,-45,-13,-91,-113,-188
1960,8,8,-131,-329,-13,-40,-311,45,35,-274,437,-13
1961,8,8,-153,-184,57,-5,-111,-117,-130,-237,384,-44
1962,3,3,-554,-129,-263,698,-467,68,-585,-45,153,-2
1963,4,4,-265,-164,-93,-70,288,-45,-227,-67,-81,172
1964,9,9,-328,-298,-112,49,159,-153,-488,16,67,402
1965,2,2,-37,74,204,-17,-87,-135,-211,18,-149,-138
1966,7,7,-158,-263,-186,79,-153,-96,-549,420,-96,160
1967,5,5,-355,-339,-327,35,-201,546,-120,-299,-14,184
1968,8,8,-137,32,-104,-119,-89,-97,-225,-76,228,27
1969,6,6,177,-371,-183,-91,-160,26,286,-323,66,-120
1970,5,5,-356,-369,-374,104,-326,582,-252,-237,12,213
1971,6,6,22,-408,-166,-141,-157,77,507,-513,127,-313
1972,0,0,423,-313,-26,-151,-286,-139,-26,-231,-71,-118
1973,8,8,-248,-477,-156,153,-275,197,15,-386,436,-15
1974,6,6,22,-384,-199,-205,-128,65,550,-510,83,-291
1975,7,7,-160,-123,-144,6,-41,-190,-475,322,-4,143
1976,3,3,-355,-101,-244,502,-302,119,-395,-57,-77,15
1977,6,6,83,-373,-238,-211,-155,134,381,-251,63,-244
1978,4,4,-447,-141,-255,-150,426,-4,-304,45,-135,123
1979,9,9,-80,-361,-64,29,24,-65,-224,-47,15,293
1980,4,4,-274,-49,-153,-276,499,-88,-218,-56,-136,-78
1981,6,6,-44,-267,-124,-139,46,-40,207,-288,107,-28
1982,6,6,2,-373,-101,-154,-261,158,294,-332,283,-205
1983,3,3,-426,-80,-41,580,-461,-161,-462,-85,228,-108
1984,2,2,66,-43,339,-78,-359,-138,-262,-100,-129,-159
1985,4,4,-243,-117,-74,-204,401,-39,-148,-15,-164,-89
1986,1,1,-208,304,-115,-176,41,-174,-277,-25,-4,-62
1987,0,0,327,-472,36,-95,-37,-192,-143,-167,-171,162
1988,1,1,-196,280,-62,-165,28,-183,-177,-54,-1,-136
1989,4,4,-95,-93,-45,-207,267,-94,-81,-243,-158,31
1990,6,6,101,-175,-160,-254,0,-11,328,-333,-161,-256
1991,2,2,-64,58,537,-33,-302,-293,-308,111,-186,-411
1992,9,9,-207,-390,-177,37,-11,-95,-399,-17,208,380
1993,1,1,-161,234,-99,-282,57,-244,-251,-73,97,-133
1994,1,1,-219,236,-127,-156,73,-149,-251,-44,-13,-21
1995,0,0,392,-311,-116,-58,-278,-100,-89,-146,-147,-8
1996,6,6,-8,-391,-117,-149,-179,100,416,-492,125,-171
1997,3,3,-393,-33,-201,510,-297,-39,-519,-80,41,90
1998,9,9,-242,-290,-65,-42,205,-91,-423,1,-65,344
1999,5,5,-322,-278,-322,239,-305,417,-279,-128,-31,160
2000,6,6,-58,-343,-87,-106,-51,27,390,-391,139,-244
2001,5,5,-67,-359,-235,-171,-332,354,-89,-88,186,78
2002,6,6,43,-307,-231,-71,-52,57,365,-336,-12,-187
2003,5,5,-341,-309,-308,144,-141,395,-21,-358,69,96
2004,8,8,-193,-236,-23,213,-253,-63,-319,14,276,70
2005,4,4,-68,-265,28,-217,370,-240,-181,-110,-12,-31
2006,6,6,125,-428,-224,-220,-145,79,488,-469,8,-191
2007,4,4,-381,-85,-111,-263,549,-57,-268,-72,-107,-26
2008,3,3,-607,-123,-224,581,-193,118,-484,-57,30,65
2009,9,9,44,-345,-72,118,-103,-131,-192,-82,86,197
2010,1,1,-130,267,-62,-229,85,-110,-122,-128,4,-143
2011,3,3,-357,-44,-63,460,-383,-123,-502,94,103,-7
2012,4,4,-391,-1,-177,-269,581,-136,-375,-26,-90,-45
2013,1,1,-162,267,-112,-220,95,-106,-151,-112,0,-96
2014,9,9,-283,-329,-93,96,115,-146,-507,55,19,373
2015,1,1,-167,323,-88,-259,25,-157,-217,-112,24,-132
2016,7,7,-300,-5,261,58,-142,-286,-464,329,32,-319
2017,1,1,-162,245,-158,-228,64,-140,-255,-39,-88,-18
2018,1,8,-97,37,11,-12,-171,-194,-291,68,72,-24
2019,9,9,-236,-328,-223,-40,131,8,-322,-33,-53,403
2020,3,3,-473,-173,-265,540,-168,116,-435,-82,22,134
2021,5,5,-389,-365,-423,112,-135,487,-250,-220,31,292
2022,4,4,-322,-12,-174,-189,412,-38,-195,-64,-92,-43
2023,0,0,232,-164,-49,-96,-381,112,-132,-62,-124,-54
2024,7,7,-123,-108,-105,-110,-41,-84,-399,210,-9,153
2025,3,3,-235,-136,-106,301,-245,48,-76,-202,137,-139
2026,6,6,-35,-338,-257,-87,15,82,465,-436,-77,-299
2027,1,1,-88,224,-151,-223,24,-76,-66,-142,25,-138
2028,7,7,-209,-45,-97,-25,-52,-113,-409,203,82,58
2029,5,5,-69,-296,-219,-274,-243,298,66,-87,58,40
2030,5,5,-381,-368,-231,61,-157,424,-64,-359,165,155
2031,3,3,-655,-93,-218,752,-353,-20,-673,5,29,38
2032,3,3,-547,-78,-196,569,-220,77,-494,9,-67,61
2033,0,0,170,-186,-43,-218,-8,-254,-237,109,-42,-120
2034,1,1,-192,256,-114,-144,32,-130,-221,-29,1,-61
2035,5,3,-417,-315,-236,468,-181,275,-261,-162,-33,17
2036,7,7,-198,-183,-147,-44,-65,-135,-503,407,-113,166
2037,5,5,-235,-349,-361,53,-107,376,-25,-153,-33,120
2038,8,8,-101,-125,-23,110,-315,-161,-258,-111,334,46
2039,6,6,33,-320,-220,-126,-184,62,415,-327,84,-217
2040,5,5,-155,-281,-58,-27,-70,250,88,-247,121,-201
2041,1,1,-209,264,-90,-164,37,-152,-256,13,-41,-59
2042,0,0,372,-325,-73,-201,-304,-101,-35,-138,-35,-51
2043,4,4,-245,-73,-185,-235,248,-139,-90,-240,124,39
2044,2,7,-66,-215,227,66,-486,-169,-530,273,118,-85
2045,3,3,-594,-148,-406,718,-377,260,-518,-117,33,45
2046,4,4,-391,-53,-225,-258,522,-25,-277,-38,-101,14
2047,6,6,77,-255,-68,-224,-213,51,357,-419,58,-252
2048,7,7,-359,-178,-53,-2,76,-152,-575,379,-168,175
2049,9,9,-171,-123,-70,-53,140,-108,-292,-18,-2,230
2050,8,8,-49,-296,-39,135,-201,-243,-283,-122,403,110
2051,1,1,-97,325,-97,-344,69,-219,-202,-24,-74,-170
2052,8,8,-149,-285,7,-11,90,-96,-94,-217,213,58
2053,4,4,-375,-188,-213,-56,315,-113,-347,9,-34,241
2054,9,9,-207,-456,-216,120,80,8,-332,-9,-58,366
2055,2,2,-111,38,392,77,-350,-291,-405,73,-35,-179
2056,8,8,-102,-497,-162,236,-393,-33,-160,-276,505,109
2057,6,6,67,-256,-288,-297,31,22,340,-206,-43,-248
2058,2,2,-198,10,454,183,-611,-491,-569,195,152,-216
2059,7,7,-206,-26,-48,80,-93,-184,-449,255,-42,84
2060,0,0,406,-490,-166,-91,-341,20,119,-248,-17,-118
2061,0,0,382,-252,-78,-174,-317,-26,-32,-168,-123,-118
2062,6,6,44,-393,-202,-184,-128,45,545,-422,80,-377
2063,7,7,-173,0,46,82,-52,-147,-223,157,-8,-113
2064,5,5,-365,-310,-246,90,-198,448,-98,-289,95,111
2065,8,8,-258,-294,-68,172,-165,-82,-162,-256,494,-30
2066,6,6,167,-287,-211,-285,-167,96,366,-323,-11,-258
2067,0,0,337,-209,62,-229,-209,-216,23,-212,-56,-185
2068,9,9,-310,-406,-80,-131,302,67,-316,-122,-113,359
2069,3,3,-325,-33,-257,505,-227,124,-363,-145,-58,-32
2070,7,7,-32,-42,-174,-253,-5,-108,-297,137,-136,112
2071,1,1,-225,223,-85,-132,35,-143,-317,35,-32,24
2072,3,3,-600,-120,-200,566,-149,62,-501,-104,110,54
2073,5,5,118,-314,-289,-122,-315,236,140,-165,22,-114
2074,4,4,-299,-233,-303,-165,320,-13,-107,17,-59,-15
2075,3,3,-510,-77,-131,618,-274,-75,-419,-42,128,-103
2076,3,3,-575,-60,-163,594,-264,-7,-531,-18,43,21
2077,5,5,-325,-189,-344,122,-255,500,-217,-235,-104,164
2078,5,5,-286,-375,-446,84,-329,592,-106,-364,122,95
2079,6,6,-9,-166,-185,-156,-53,50,345,-401,33,-302
2080,3,3,-548,-112,-280,686,-467,36,-791,83,88,95
2081,0,0,377,-197,28,-265,-259,-182,35,-220,-102,-185
2082,2,2,-22,84,342,-82,-276,-285,-185,1,31,-238
2083,3,3,-492,-32,-174,567,-253,30,-513,-2,-99,2
2084,4,4,-408,-340,-116,-193,414,13,-191,-50,-166,180
2085,2,2,-99,-22,527,55,-604,-435,-332,33,163,-258
2086,3,3,-576,-213,-134,588,-330,-38,-674,10,122,205
2087,0,0,463,-411,-18,-176,-280,-158,2,-249,-74,-93
2088,9,9,-346,-410,-133,16,147,0,-465,11,-45,423
2089,9,9,-427,-139,-180,-37,225,-19,-482,-42,-55,393
2090,4,4,-347,43,-139,-87,240,-107,-319,23,-127,39
2091,7,7,-258,-214,-104,79,-176,-72,-508,465,-223,98
2092,2,2,-68,23,559,15,-430,-421,-298,21,26,-342
2093,8,8,-32,33,54,-94,-9,-251,-238,-81,112,-91
2094,4,4,-376,-58,-213,-184,445,-152,-425,-4,-42,160
2095,7,7,-350,-84,122,239,-205,-283,-742,428,-148,6
2096,0,0,440,-344,-55,-158,-251,-88,-92,-220,-188,3
2097,6,6,54,-312,-225,-185,-131,92,420,-364,42,-184
2098,2,2,157,-219,192,-49,-272,-79,-217,-77,-25,-16
2099,8,8,-455,-267,-121,157,-147,85,-148,-152,412,15
2100,5,5,-398,-268,-267,115,-273,463,-121,-341,100,146
2101,2,2,-196,45,568,211,-568,-501,-488,121,56,-358
2102,8,8,-64,-283,12,-40,-255,-30,-49,-160,418,-8
2103,5,5,-364,-261,-290,55,-293,492,-164,-284,158,136
2104,7,7,-77,-153,-12,24,-272,-123,-519,339,-147,90
2105,3,3,-484,-187,-402,579,-184,148,-487,-230,142,147
2106,0,0,321,-341,-28,-26,-211,-230,-149,-98,-24,-34
2107,8,8,58,-494,-2,19,-295,-28,-28,-254,341,5
2108,2,2,-72,-90,580,165,-730,-502,-423,23,170,-300
2109,3,3,-275,-133,85,133,-77,-33,-301,52,75,15
2110,2,2,-82,-85,513,-3,-401,-360,-224,-134,254,-339
2111,8,8,-238,-355,82,188,-479,-83,-164,-204,593,-85
2112,2,2,-100,66,489,-66,-202,-311,-235,-5,-4,-389
2113,5,5,-450,-116,-307,282,-268,376,-123,-383,111,-25
2114,5,5,-372,-215,-380,111,-212,524,-190,-315,-41,196
2115,7,7,-90,-232,-327,-214,-114,-61,-419,529,-177,22
2116,6,6,-4,-277,-136,-247,-188,130,379,-486,208,-314
2117,4,4,-148,-123,-136,-283,422,-84,-63,-38,-199,-191
2118,6,0,95,-131,-201,-174,49,-36,82,-141,-70,-112
2119,8,8,-193,-173,-170,-19,-4,-110,-173,-279,447,12
2120,4,4,-220,-64,-64,-253,524,-189,-247,-10,-216,-177
2121,8,8,-173,-186,-207,-89,-222,89,-9,-264,326,53
2122,2,2,-132,169,476,-44,-258,-318,-360,151,-171,-374
2123,7,7,-156,-101,-62,78,-53,-253,-521,258,-35,134
2124,4,4,-186,-84,-33,-383,544,-236,-243,-92,-142,-162
2125,5,5,-284,-229,-226,-84,7,263,-113,-98,-36,182
2126,2,2,-195,132,492,130,-307,-412,-378,71,-41,-394
2127,0,0,368,-208,20,-248,-277,-112,91,-265,-84,-262
2128,3,3,-404,-94,-268,523,-273,38,-537,-77,-3,167
2129,9,8,-175,-360,83,89,16,-90,-289,-61,166,43
2130,4,9,-321,-243,-268,-94,289,-158,-464,-12,61,386
2131,6,6,82,-193,-178,-177,-54,66,263,-277,7,-143
2132,7,7,-211,-67,-156,52,-105,-181,-491,343,-20,102
2133,2,2,-57,20,486,34,-530,-425,-270,17,77,-295
2134,5,5,-207,-280,-272,14,-81,332,-141,-37,16,73
2135,6,1,-60,111,-77,-204,-49,-46,35,-134,65,-188
2136,1,1,-325,346,-117,-161,103,-172,-355,-54,-32,-59
2137,1,1,-91,296,-138,-296,54,-141,-159,-34,-62,-154
2138,2,2,-142,-90,403,185,-592,-373,-427,13,248,-178
2139,3,3,-628,-84,-327,680,-171,119,-506,-133,51,33
2140,6,6,59,-347,-362,-261,-14,116,460,-262,-91,-301
2141,7,7,-308,-65,-59,119,-161,-243,-655,427,-99,99
2142,8,8,-196,-315,6,150,-221,-141,-25,-244,471,-87
2143,7,7,-152,-67,99,134,-336,-320,-585,280,12,34
2144,6,6,113,-319,-294,-245,-78,117,410,-273,-84,-265
2145,4,4,20,-430,59,-226,302,-211,89,-247,-7,-226
2146,8,8,-169,-331,9,118,-280,-180,-250,-204,546,67
2147,9,9,-295,-308,-153,44,141,-158,-532,53,49,403
2148,4,4,-175,-247,15,-73,292,-77,-285,-87,-130,183
2149,8,8,-111,-276,-31,145,-326,-193,-357,-23,402,142
2150,6,6,-83,-341,-173,-190,-43,125,438,-505,113,-300
2151,3,3,-546,-21,-223,540,-151,141,-249,-202,-8,-243
2152,8,8,-108,-272,-87,36,-330,-12,-137,-207,456,20
2153,3,3,-468,-293,-354,570,-174,260,-326,-185,-5,74
2154,1,1,-106,330,-133,-262,33,-205,-223,-29,-76,-169
2155,0,0,333,-250,14,-247,-95,-137,130,-305,-99,-124
2156,6,6,117,-463,-296,-170,-89,124,471,-442,-37,-213
2157,2,2,-204,128,479,68,-310,-473,-369,72,91,-362
2158,2,2,-92,96,519,-39,-305,-392,-414,168,-114,-339
2159,5,5,-184,-144,-200,2,-326,405,-156,-155,111,-16
2160,6,6,-35,-210,-54,-163,-26,20,359,-407,49,-339
2161,9,9,-369,-375,-137,47,300,-48,-480,54,-94,330
2162,5,5,-160,-444,-287,154,-230,321,-42,-302,153,69
2163,8,8,-220,-272,16,131,-320,-116,-147,-213,562,-88
2164,1,1,-142,278,-123,-216,54,-139,-179,-39,-37,-98
2165,4,4,-267,-71,-162,-414,585,-214,-334,-35,-176,44
2166,1,1,-328,291,-144,-89,57,-128,-370,-52,6,-22
2167,7,7,-173,-194,-114,49,-89,-193,-578,388,-38,147
2168,8,8,-220,-158,224,73,-228,-198,-175,-139,382,-145
2169,4,4,-378,-186,-124,-113,369,-62,-328,67,-81,128
2170,6,6,1,-459,-132,-285,-58,84,570,-383,35,-434
2171,1,1,-197,262,-116,-176,88,-118,-224,-48,-21,-54
2172,8,8,-232,-328,-141,80,-228,-43,-107,-286,623,-46
2173,4,4,-420,-17,-275,-383,589,-45,-274,-90,-116,20
2174,3,3,-329,-85,-196,382,-207,183,-308,-79,-129,7
2175,1,1,-137,196,-117,-145,62,-128,-166,-13,-41,-56
2176,2,2,-90,-34,380,24,-43,-225,-176,-69,-121,-330
2177,8,8,-129,-269,162,44,-234,-158,-5,-154,425,-204
2178,0,0,376,-351,51,-172,-194,-241,-94,-154,-64,-12
2179,8,8,-250,-224,151,258,-536,-104,-367,-112,432,-41
2180,5,5,-325,-182,-287,137,-211,433,-158,-230,-86,100
2181,9,9,-153,-370,-92,-36,132,-79,-409,50,-96,366
2182,1,1,-372,375,184,144,-387,-224,-571,159,-78,-282
2183,4,4,-101,-283,2,-119,355,-179,-39,-139,-145,-113
2184,2,2,-219,196,487,60,-143,-470,-359,40,-59,-514
2185,0,0,142,-37,-44,-204,-209,-1,33,-85,5,-178
2186,2,2,91,-274,279,-1,-111,-167,-136,-122,35,-102
2187,7,7,-237,-76,-25,121,-238,-314,-698,469,-111,58
2188,0,0,321,-349,-138,-142,-434,91,47,-166,30,-160
2189,9,9,-163,53,-223,-170,28,-113,-360,-6,95,151
2190,0,0,348,-160,31,-252,-288,-104,-23,-148,-127,-203
2191,2,2,-105,-110,572,89,-534,-421,-340,2,205,-291
2192,5,5,-184,-173,-265,97,-314,388,-119,-275,18,23
2193,7,7,-213,-179,48,111,-290,-186,-649,358,21,39
2194,6,6,63,-201,-160,-246,-51,79,355,-440,-35,-260
2195,7,7,-56,-263,-6,45,-190,-131,-340,210,126,73
2196,9,9,-270,-334,-228,13,87,12,-383,-57,-6,443
2197,4,4,-190,-20,-49,-153,359,-214,-135,-24,-117,-247
2198,2,2,-108,112,346,-108,-78,-378,-374,130,-5,-237
2199,6,6,14,-283,-104,-193,-104,71,355,-439,119,-287
2200,2,2,-25,-28,287,-43,22,-345,-23,-176,-102,-492
2201,4,4,-445,-178,-48,-69,542,-122,-449,71,-146,32
2202,4,4,-272,11,-97,-220,456,-233,-288,44,-75,-159
2203,8,8,-250,-316,-39,232,-296,-76,-174,-214,450,41
2204,0,0,263,-144,-142,-178,-299,-32,-97,-1,-39,-136
2205,4,4,-94,-109,-139,-199,315,-185,-172,40,-113,-93
2206,4,4,-277,-45,-85,-166,405,-67,-196,-4,-119,-105
2207,5,5,-341,-363,-275,-46,-179,509,-133,-314,95,215
2208,8,8,-161,-187,-20,96,-398,-57,-217,-153,448,-6
2209,0,0,367,-303,71,-192,-259,-184,-39,-190,-54,-126
2210,6,6,21,-263,-185,-111,13,43,332,-286,-39,-167
2211,8,8,-141,-344,10,106,-401,-96,-172,-200,556,-2
2212,9,9,-246,-388,-159,-2,140,-134,-425,0,105,422
2213,8,8,-262,-307,56,172,-320,-109,-312,-155,541,61
2214,5,5,-278,-210,-339,145,-283,454,-126,-264,-4,58
2215,6,6,64,-264,-68,-220,-200,79,324,-439,49,-139
2216,9,9,-214,-319,-88,-64,197,-87,-364,-51,-69,384
2217,0,0,387,-231,-7,-201,-294,-81,41,-207,-150,-110
2218,4,4,-461,-59,-241,-204,507,-58,-384,-29,-80,161
2219,8,8,-142,-350,69,49,-256,-124,-131,-153,491,31
2220,7,7,-191,-248,-139,114,-151,-118,-573,357,-81,203
2221,1,1,-87,265,-169,-366,-17,-98,-135,-53,11,-183
2222,3,3,-244,-61,-182,329,-253,167,-252,-8,-141,-181
2223,4,4,-373,-34,-319,-312,515,-48,-280,27,-136,-16
2224,5,5,-97,-428,-190,41,-48,190,63,-289,74,83
2225,8,8,-200,-416,-9,114,1,-85,-141,-272,332,177
2226,0,0,403,-307,-1,-173,-283,-116,67,-272,-88,-120
2227,9,9,-166,-273,-52,29,95,-68,-329,22,-35,287
2228,1,1,-77,241,-153,-234,51,-124,-102,-35,-47,-155
2229,3,3,-445,-154,-33,593,-444,-151,-685,35,94,96
2230,3,3,-627,-107,-267,657,-215,65,-534,-174,117,70
2231,6,6,33,-369,-205,-163,-125,72,533,-486,25,-328
2232,9,9,-60,-297,-138,-99,98,-140,-272,-11,-64,305
2233,8,8,-257,-525,-96,21,-103,47,51,-253,510,64
2234,7,7,-140,-69,107,122,-290,-371,-650,359,-56,30
2235,1,1,-177,353,-77,-314,113,-249,-227,-23,-59,-218
2236,0,0,345,-219,-36,-143,-258,-68,21,-190,-110,-112
2237,5,5,-152,-422,-132,-126,-420,377,140,-358,231,-18
2238,7,7,-239,-61,28,205,-313,-339,-738,394,-82,49
2239,1,1,-64,277,-132,-272,22,-128,-104,-63,-49,-176
2240,7,7,-195,-175,-49,65,-210,-147,-538,408,-122,105
2241,5,5,-151,-263,-256,-39,-220,400,-45,-203,102,8
2242,2,2,-160,-23,460,201,-587,-478,-426,65,192,-253
2243,7,7,-207,-134,-154,37,-93,-50,-420,297,-55,134
2244,9,9,-149,-246,-175,-18,76,-123,-377,1,-32,346
2245,1,1,-40,170,-61,-179,21,-98,-78,-50,-28,-108
2246,8,8,-197,-278,-119,-45,-255,64,21,-325,432,20
2247,5,5,-387,-311,-398,165,-191,522,-127,-260,30,86
2248,2,2,-100,-35,474,126,-380,-360,-407,154,-73,-263
2249,4,4,-307,-163,6,-214,590,-150,-252,-126,-231,-124
2250,9,9,-170,-375,-271,-4,100,-20,-237,-76,4,372
2251,4,4,-313,-162,-21,-291,434,-82,-221,-4,-156,4
2252,7,7,-215,-31,-72,133,-171,-241,-563,320,-63,82
2253,2,2,-158,-65,458,109,-322,-278,-395,-44,74,-171
2254,2,2,-112,-108,437,25,-258,-149,-256,-10,58,-267
2255,3,3,-288,-114,-172,396,-310,-9,-363,-108,129,61
2256,4,4,-166,-251,-165,-293,506,-75,-152,-30,-360,-39
2257,9,9,-383,-345,-113,68,121,-32,-503,20,20,389
2258,1,1,-132,309,-4,-285,96,-272,-260,-43,-87,-202
2259,9,9,-315,-322,-151,65,105,-35,-484,63,-75,410
2260,2,2,-66,14,499,-103,-145,-256,-180,-76,-24,-400
2261,1,1,-98,326,-67,-279,12,-241,-245,-44,-65,-204
2262,7,7,-198,-56,-84,134,-199,-167,-507,257,-11,86
2263,9,9,-175,-409,-160,-91,161,-75,-469,100,-163,437
2264,4,4,-326,-107,-64,-232,507,-14,-180,-156,-225,-85
2265,4,4,-333,-166,-54,-167,496,-117,-283,24,-201,-59
2266,1,1,-326,246,6,38,38,21,-228,-194,-179,-291
2267,6,6,115,-442,-212,-183,-155,48,506,-448,91,-262
2268,7,7,-103,-224,-236,-67,48,-200,-457,347,-78,140
2269,2,2,-68,106,430,-32,-392,-401,-295,35,58,-262
2270,7,7,-177,-100,4,121,-309,-215,-575,314,-10,44
2271,8,8,-124,-261,81,111,-266,-166,-225,-180,422,5
2272,8,8,112,-545,-49,131,-287,-47,-51,-195,311,5
2273,1,1,-125,252,-70,-214,66,-202,-212,14,-56,-125
2274,9,9,-255,-340,-216,39,109,-70,-464,17,31,428
2275,7,7,-203,-61,-12,108,-175,-249,-567,342,-94,79
2276,1,1,-142,165,-187,-195,17,-25,-142,-123,62,-8
2277,1,1,-107,183,-173,-143,35,-84,-113,-25,-4,-97
2278,7,7,-166,-227,-77,92,-223,-110,-522,388,-93,106
2279,5,5,-311,-143,-271,158,-189,395,-216,-196,-52,120
2280,3,3,-104,-139,-230,163,-124,131,-119,-157,-23,68
2281,3,3,-565,-45,-151,589,-218,21,-452,-48,11,-85
2282,5,5,-366,-265,-409,170,-242,445,-101,-422,103,159
2283,1,1,-113,285,-61,-215,12,-241,-260,-16,-26,-108
2284,3,3,-514,-61,-302,557,-263,141,-398,-109,88,5
2285,7,7,-183,-172,-75,111,-81,-55,-425,306,-101,60
2286,6,6,84,-261,-364,-211,27,74,387,-315,-106,-190
2287,1,1,-229,314,-119,-172,40,-162,-257,-51,11,-100
2288,3,3,-165,-32,-87,334,-281,33,-298,-76,-63,-53
2289,8,8,-88,-288,114,51,-272,-150,-108,-121,415,-22
2290,7,7,-111,-69,-84,-5,-146,-152,-423,282,2,60
2291,5,5,-286,-165,-270,183,-396,398,-420,-112,6,150
2292,9,9,-219,-410,-235,198,14,55,-412,-159,16,417
2293,9,0,133,-374,-124,-59,52,-76,11,-148,-166,74
2294,0,0,274,-176,-105,-187,-385,113,-28,-23,-144,-106
2295,0,0,385,-257,-33,-173,-296,-69,58,-220,-148,-73
2296,2,2,-159,188,448,49,-291,-487,-373,92,-24,-365
2297,8,8,-162,-268,15,64,-253,-108,-53,-217,458,-36
2298,8,8,41,-308,-163,36,-202,-47,-83,-223,265,24
2299,2,2,-84,-268,305,82,-591,-244,-430,174,270,-80
2300,3,3,-536,36,58,553,-343,-45,-478,127,5,-294
2301,7,7,-189,-87,-16,129,-294,-239,-619,342,-42,67
2302,1,1,-139,237,-87,-118,-21,-287,-365,73,-27,-58
2303,3,3,-611,-57,-238,630,-168,72,-490,-42,-75,26
2304,0,0,490,-420,-97,-205,-305,-27,-12,-167,-194,-1
2305,3,3,-374,-225,-206,561,-308,-37,-489,-120,237,51
2306,4,4,-360,-24,-214,-251,483,-80,-281,-16,-62,-22
2307,4,4,-357,-89,-160,-189,479,-99,-318,-21,-151,82
2308,3,3,-204,-244,-237,451,-498,216,-478,-84,63,10
2309,8,8,-207,-302,-112,71,-162,73,-54,-260,319,84
2310,9,9,-229,-215,-78,14,54,-120,-405,41,5,330
2311,2,2,-93,24,489,-22,-190,-402,-238,136,-74,-448
2312,3,3,-451,-180,-167,506,-173,101,-306,-99,85,-28
2313,9,9,-334,-239,-158,93,60,25,-430,-1,11,345
2314,7,7,-135,-202,-13,85,-117,-228,-567,267,35,139
2315,1,1,-140,267,-91,-211,46,-130,-174,-31,-54,-101
2316,1,1,-191,300,-93,-197,35,-173,-261,-7,-33,-82
2317,7,7,-207,-47,59,102,-289,-189,-598,384,-195,24
2318,0,0,372,-321,-113,-214,-274,-25,113,-161,-154,-102
2319,4,4,-31,-295,-33,-189,357,-217,-56,-106,-176,-50
2320,9,9,-355,-63,-126,-7,115,-66,-413,-70,63,286
2321,6,6,72,-436,-178,-138,-86,-2,521,-472,39,-353
2322,5,5,-317,-377,-273,96,-211,411,-63,-351,116,161
2323,9,9,-287,-287,-109,52,87,-68,-449,19,-10,389
2324,1,1,-130,247,-136,-222,-1,-146,-250,-47,1,-53
2325,7,7,-333,129,97,243,-191,-174,-435,287,-169,-230
2326,0,0,222,-160,-162,-215,-402,118,29,-68,5,-266
2327,2,2,-187,1,450,177,-616,-453,-462,99,180,-199
2328,0,0,314,-291,-62,-157,-288,-75,28,-124,13,-112
2329,0,2,273,-259,296,-52,-153,-343,-272,-137,-80,-85
2330,4,4,-214,-161,-156,-239,421,-40,-192,-51,-174,39
2331,6,6,-24,-148,-69,-229,5,44,362,-361,-80,-395
2332,7,7,-145,-183,-61,63,-161,-123,-477,322,-85,136
2333,0,0,235,-237,18,-131,-205,-68,-62,-86,-59,-1
2334,7,7,-221,-156,-71,32,14,-231,-487,327,41,97
2335,1,1,-183,305,-135,-217,24,-161,-261,-70,19,-65
2336,4,4,-252,-89,-167,-258,483,-133,-265,-61,-172,17
2337,6,6,57,-579,-286,-195,-54,74,532,-332,35,-250
2338,4,4,-451,-115,-18,-71,442,-152,-419,79,-127,43
2339,5,5,-166,-179,-174,32,-196,251,-177,-64,172,37
2340,4,4,-335,-172,-118,-241,643,-190,-348,-34,-208,-60
2341,9,9,-47,-380,-144,-75,109,-65,-279,38,-161,337
2342,9,9,-335,-290,-92,55,68,-62,-443,34,67,357
2343,1,1,-134,177,-51,-103,-140,-182,-350,108,15,-19
2344,7,7,-312,-85,-120,38,-72,-177,-544,393,-51,116
2345,9,9,-232,-333,-151,55,60,-94,-445,100,59,337
2346,5,5,-416,-434,-325,49,-306,647,-112,-347,104,148
2347,3,3,-560,-49,-111,522,-110,43,-448,-32,-25,-23
2348,3,3,-545,-92,-121,503,-213,2,-500,47,-4,64
2349,8,8,-230,-445,-63,182,-329,-65,-274,-240,628,101
2350,2,2,-167,44,478,-14,-120,-257,-166,-81,-83,-463
2351,3,3,-105,-41,-9,324,-213,-22,-284,-64,-228,-212
2352,6,6,23,-400,-147,-184,-105,63,477,-300,32,-319
2353,2,2,-70,62,546,125,-427,-537,-338,15,-16,-480
2354,2,2,-56,21,529,-28,-363,-429,-291,-22,103,-334
2355,1,1,-109,238,-98,-176,-48,-184,-85,-163,23,-281
2356,1,1,-186,323,-123,-269,73,-122,-165,-145,13,-133
2357,1,1,-113,326,-110,-272,46,-187,-229,-34,-67,-155
2358,1,1,-219,226,-97,-84,52,-79,-133,-205,-60,-233
2359,1,1,-82,275,-99,-273,-21,-158,-210,-16,-29,-114
2360,6,6,46,-309,-201,-141,-76,80,403,-314,-41,-228
2361,9,9,-198,-311,-136,-45,180,-110,-310,6,-39,325
2362,8,8,-109,-86,-78,-39,-214,-163,-237,-138,380,45
2363,4,4,-394,-37,-333,-348,559,-93,-354,132,-166,-58
2364,3,3,-437,-73,-244,538,-292,136,-408,-72,-60,6
2365,7,7,-224,-208,-173,-76,13,-43,-398,329,-37,109
2366,1,1,-132,269,-102,-200,16,-232,-328,29,-76,-67
2367,6,6,27,-201,-171,-261,-47,56,421,-469,17,-330
2368,4,4,-385,-67,-60,-168,508,-125,-295,54,-178,-154
2369,5,3,-251,-207,-197,161,-94,116,-133,-65,88,46
2370,0,0,348,-336,-81,-160,-132,-53,75,-223,-152,31
2371,4,4,-286,-297,84,4,443,-282,-468,-60,-50,184
2372,7,7,-76,-201,-67,-8,-196,-147,-434,312,-49,132
2373,4,4,-287,-9,-154,-302,537,-138,-258,-13,-153,-100
2374,2,2,-73,-31,312,24,-404,-255,-241,40,133,-138
2375,4,4,-452,-246,56,-46,477,-52,-301,-2,-258,-69
2376,0,0,403,-371,25,-221,-400,-127,60,-242,36,-224
2377,7,7,-227,-93,-92,148,-124,-277,-645,308,-8,139
2378,0,0,282,-332,-157,-47,-303,73,59,-248,-74,-35
2379,1,1,-109,353,-43,-293,2,-214,-198,-74,-53,-218
2380,9,9,170,-323,-132,-172,-25,-3,-204,-40,-228,237
2381,8,8,-184,-196,-16,221,-264,-235,-448,92,265,133
2382,8,8,-166,-273,263,210,-423,-252,-342,-81,409,-45
2383,6,6,-21,-245,-210,-233,10,79,476,-438,-51,-308
2384,0,0,243,-166,39,-73,-255,-109,-199,-31,-132,-19
2385,0,0,388,-407,-54,-196,-216,-145,-74,-89,-36,-71
2386,4,4,-373,48,-173,-292,480,-202,-381,169,-200,-73
2387,9,9,-305,118,-100,-71,25,-109,-419,17,33,158
2388,6,6,-74,-230,-121,-79,-63,70,347,-407,82,-373
2389,8,8,-224,-370,78,190,-214,-199,-207,-190,524,25
2390,2,2,-72,62,528,-14,-507,-494,-355,49,95,-298
2391,2,2,-130,138,520,-30,-230,-423,-287,-9,-6,-453
2392,3,3,-190,-179,-119,420,-373,-21,-475,-9,-45,54
2393,8,8,-282,-367,-75,254,22,-9,-144,-371,408,-54
2394,4,4,-358,-211,33,-37,417,-94,-349,21,-151,45
2395,8,8,47,-504,78,29,-70,-130,18,-393,290,-51
2396,2,2,62,-93,413,-82,-132,-210,-250,-122,-124,-186
2397,2,2,-128,-81,391,104,-555,-320,-408,88,176,-141
2398,1,1,-233,270,-180,-115,-7,-130,-285,-145,98,-84
2399,7,7,-194,-99,4,100,-229,-247,-618,402,-134,72
2400,5,5,-190,-274,-190,-51,-99,332,-33,-169,0,102
2401,4,4,-222,-121,-153,-261,486,-117,-248,-47,-179,-19
2402,4,4,-409,-78,-211,-275,511,-19,-288,-90,-120,104
2403,0,0,394,-314,-153,-147,-325,31,15,-162,-108,-92
2404,4,4,-91,-94,64,-242,384,-106,-153,-230,-234,-64
2405,3,3,-124,28,16,289,-302,-87,-483,83,-169,-56
2406,9,9,-175,-36,-152,-113,129,-166,-332,-71,64,210
2407,7,7,-286,-163,-93,92,-134,-181,-602,439,-115,133
2408,3,3,-193,-294,-300,338,-105,38,-268,-127,82,177
2409,1,1,-149,276,-23,-190,23,-308,-376,63,-63,-75
2410,0,0,300,-162,0,-191,-370,-47,-165,43,-86,-188
2411,1,1,-69,298,-58,-294,0,-135,-101,-110,-23,-217
2412,2,2,-176,194,410,-44,-175,-319,-258,29,-6,-417
2413,5,5,-199,-196,-359,33,-223,453,-96,-164,-105,43
2414,9,9,-183,-183,-138,-78,142,-172,-288,14,44,201
2415,2,2,-47,15,483,-19,-161,-431,-280,26,0,-432
2416,1,1,-103,251,-166,-212,10,-92,-57,-146,16,-207
2417,0,0,214,-291,-108,-125,22,-141,137,-262,-33,-82
2418,1,1,-119,311,-149,-279,69,-187,-175,-18,-58,-180
2419,8,8,-221,-306,-2,170,-257,-61,-89,-212,457,-75
2420,9,9,-97,-397,-16,85,-35,-159,-383,16,55,337
2421,1,1,-243,260,-111,-176,70,-156,-336,8,-43,16
2422,6,6,-22,-208,-295,-198,45,38,147,-65,-55,-80
2423,8,8,-253,-347,81,229,-306,-174,-375,-72,462,124
2424,3,3,-330,-89,-220,466,-268,121,-339,-91,-52,16
2425,8,8,-263,-234,-98,304,-251,-124,-269,-54,342,59
2426,9,9,-226,-149,-120,-11,179,-128,-358,82,-6,225
2427,3,3,-558,-44,-138,642,-311,-48,-462,-35,97,-78
2428,6,6,39,-349,-179,-224,-141,84,544,-515,72,-355
2429,2,2,-56,59,329,14,-321,-317,-216,-34,86,-222
2430,8,8,-171,-247,-1,94,-110,-81,-66,-190,378,-43
2431,3,3,-243,-220,-33,496,-199,-10,-430,-101,-187,-27
2432,2,2,-83,98,424,-36,-330,-322,-255,52,-1,-277
2433,2,2,-195,185,314,-58,-242,-229,-365,-32,68,-184
2434,1,1,-267,305,-53,-21,-186,-165,-384,48,33,-69
2435,0,0,371,-233,-25,-149,-282,-95,38,-234,-123,-120
2436,4,4,-201,-271,-104,-175,462,-65,-209,43,-353,-61
2437,2,2,-203,164,292,-41,-63,-274,-219,86,-16,-423
2438,9,9,-279,-195,-168,-62,114,-77,-459,95,-18,356
2439,2,2,-105,173,607,-6,-425,-512,-368,16,14,-512
2440,4,4,-333,-170,-137,-170,498,-135,-318,-21,-143,85
2441,3,3,-365,-111,-73,400,-307,-71,-514,33,32,108
2442,7,7,-167,-203,19,105,-261,-210,-624,446,-101,39
2443,9,9,-300,-327,-149,56,129,-130,-522,93,10,399
2444,1,1,-145,237,-106,-186,58,-106,-147,-56,-31,-91
2445,5,5,-310,-309,-296,-115,-41,378,-155,-86,73,180
2446,2,2,-60,83,612,-62,-420,-472,-244,-23,4,-445
2447,4,4,-216,-187,-110,-135,286,-111,-299,5,-118,204
2448,9,9,-306,-322,-121,87,100,-178,-491,31,169,365
2449,0,0,226,-123,-76,-219,-282,-43,11,-90,-11,-128
2450,3,3,-353,-35,-150,381,-166,79,-304,-91,-46,-27
2451,8,8,-309,-291,29,233,-314,-159,-359,-95,515,82
2452,5,5,-426,-371,-425,157,-199,613,-117,-341,-9,138
2453,3,3,-382,-139,-147,472,-222,-73,-484,-25,71,129
2454,6,6,40,-284,-209,-105,-211,172,197,-193,50,-86
2455,0,0,189,-283,43,-147,-59,-107,120,-292,-40,-178
2456,9,9,-285,-225,-189,35,105,-99,-461,57,33,374
2457,4,4,-316,-122,-305,-196,293,-57,-212,-66,35,158
2458,6,6,11,-359,-186,-175,-66,73,524,-492,4,-321
2459,2,2,-182,-12,380,0,-297,-277,-294,190,83,-216
2460,5,5,-426,-372,-238,91,-18,417,-58,-318,29,135
2461,0,0,344,-235,33,-218,-349,-100,-63,-62,-91,-169
2462,2,0,289,-471,165,-114,-113,-217,44,-380,117,-81
2463,7,7,-111,-40,-47,-12,-98,-221,-415,277,-24,68
2464,4,4,-278,-282,-208,-263,521,25,-229,-20,-367,95
2465,6,6,9,-352,-221,-180,-77,76,546,-479,-35,-311
2466,6,6,-26,-290,-37,-108,-35,44,317,-284,31,-234
2467,8,8,-139,-392,-71,158,-261,-119,-262,-139,500,157
2468,6,6,36,-402,-148,-123,-73,24,472,-419,-30,-275
2469,6,6,109,-185,-179,-250,-26,-8,351,-341,-47,-255
2470,8,8,-275,-398,127,164,-336,-99,-371,-93,515,79
2471,6,6,-33,-279,-76,-156,-91,44,470,-418,12,-387
2472,9,9,-205,-212,-191,-12,128,-135,-373,11,39,348
2473,1,1,-129,274,-194,-208,-27,-73,-162,-190,39,-183
2474,7,7,-137,-24,35,59,-235,-371,-627,390,-45,10
2475,2,2,-115,9,518,30,-505,-411,-272,-66,214,-331
2476,5,5,-78,-286,-217,80,-283,268,-25,-233,32,30
2477,9,9,-212,-432,-151,-55,148,-51,-395,-35,-28,466
2478,9,9,-440,-271,-201,1,214,-34,-560,-35,53,453
2479,0,0,209,-200,-12,-97,-121,-121,-122,-18,-114,34
2480,7,7,-125,-37,1,27,-74,-236,-488,256,-92,78
2481,2,2,-107,-8,504,188,-579,-468,-390,66,68,-316
2482,7,7,-244,-106,-53,96,-154,-295,-633,407,-38,131
2483,6,6,-53,-319,-124,-174,-45,66,457,-410,55,-263
2484,7,7,-284,-94,-217,16,-7,-92,-460,295,-34,164
2485,0,0,372,-298,-127,-108,-261,-22,5,-153,-138,-30
2486,6,6,39,-321,-154,-197,-54,28,511,-436,-45,-357
2487,5,5,-276,-242,-305,-62,-221,471,-143,-199,96,122
2488,2,4,-29,-24,76,-227,114,-164,-160,36,-40,-137
2489,4,4,-186,-295,-72,-211,408,-121,-279,47,-315,148
2490,7,7,-178,-41,-122,-3,-32,-153,-423,268,-49,97
2491,2,2,-72,47,397,27,-198,-259,-340,60,-162,-259
2492,0,0,331,-364,-17,-117,-197,-228,-120,-96,25,-44
2493,9,9,-329,-414,-248,120,86,11,-386,-85,38,448
2494,9,9,-237,-329,-58,78,68,-97,-479,89,2,318
2495,2,2,-155,27,584,39,-330,-396,-379,-59,79,-342
2496,2,2,-376,139,433,213,-370,-326,-533,155,62,-303
2497,9,9,-286,-467,-328,19,60,91,-371,-88,95,472
2498,4,4,-418,-224,-144,-159,425,14,-257,-43,-101,158
2499,4,4,-439,-175,-93,-183,566,-21,-338,-53,-187,49
2500,2,2,-72,-21,382,67,-386,-302,-261,63,46,-195
2501,3,3,-358,-133,-224,591,-302,52,-520,-52,-62,65
2502,3,3,-323,-113,-125,540,-384,-55,-444,-64,87,-13
2503,2,2,-137,-9,619,-34,-128,-332,-301,-68,-53,-476
2504,1,1,-201,209,-87,-141,78,-92,-213,-48,-10,-14
2505,7,7,-120,-126,-167,-168,-83,-192,-405,503,-143,1
2506,0,0,431,-365,-44,-180,-211,-70,29,-272,-161,-65
2507,7,7,-263,-25,61,224,-176,-322,-573,312,-47,-10
2508,6,6,19,-182,-134,-65,-44,66,232,-210,-57,-117
2509,4,4,-211,-181,-169,-137,356,-61,-137,-71,-74,39
2510,1,1,-129,270,-118,-251,57,-154,-125,-46,-8,-175
2511,3,3,-510,-17,-166,556,-156,17,-346,-61,32,-157
2512,8,8,-104,-401,-32,112,-256,5,-123,-249,329,107
2513,7,7,-236,-99,128,58,-163,-328,-453,407,28,-106
2514,4,4,-220,-21,-178,-248,295,-52,-218,-92,-84,127
2515,5,5,-214,-518,-257,-121,-258,431,168,-420,190,119
2516,9,9,-93,-342,102,48,-49,-208,-312,-66,75,252
2517,2,2,-142,-20,468,242,-463,-413,-295,-59,64,-423
2518,5,5,-318,-382,-390,36,-194,557,-64,-321,-12,182
2519,1,1,-127,238,-121,-179,57,-148,-197,-5,-50,-79
2520,8,8,-146,-172,-69,80,-248,-63,-81,-227,388,-58
2521,7,7,17,-222,-128,-45,-31,-268,-466,332,-65,69
2522,3,3,-514,-127,-276,567,-162,107,-342,-101,28,-20
2523,7,7,-202,-26,-109,-101,32,-81,-291,306,-79,-15
2524,1,1,-123,290,-116,-179,33,-156,-202,3,-85,-172
2525,5,5,-357,-244,-411,259,-232,413,-169,-327,58,127
2526,5,5,-350,-279,-265,165,-258,402,-195,-399,74,194
2527,0,0,371,-318,-67,-170,-137,-42,5,-267,-204,-8
2528,9,9,-47,-306,-70,-62,93,-119,-210,-119,2,298
2529,1,1,-84,311,-159,-277,49,-175,-178,-96,-67,-185
2530,4,4,-218,-102,-149,-221,412,-83,-176,-148,-132,59
2531,0,0,404,-260,-128,-190,-417,56,-3,-134,-136,-150
2532,6,6,-32,-17,-42,-98,-14,24,158,-201,1,-208
2533,3,3,-312,22,-142,340,-295,39,-340,-15,-6,-35
2534,3,3,-407,-93,-414,533,-271,260,-299,-105,-15,-37
2535,6,6,131,-334,-277,-258,-158,41,393,-269,67,-285
2536,0,0,436,-425,-2,-135,-216,-164,-70,-244,-79,-22
2537,4,4,-325,-8,-175,-217,408,-84,-234,-75,-54,50
2538,9,9,-258,-400,-163,120,58,-140,-492,49,73,425
2539,7,7,-248,-118,20,193,-68,-243,-488,283,-52,60
2540,5,5,-177,-242,-305,35,-123,372,-74,-185,-85,47
2541,1,1,-172,306,-130,-241,66,-126,-207,-58,-63,-101
2542,6,6,157,-251,-182,-208,-147,29,336,-353,-40,-146
2543,8,8,-146,-287,-5,88,-304,-29,-215,-186,477,-15
2544,9,9,-164,-350,-150,47,24,-36,-328,50,1,307
2545,5,5,-352,-205,-323,156,-360,507,-313,-200,102,103
2546,5,5,-48,-306,-314,-121,-262,385,39,-192,94,12
2547,7,7,-253,-108,206,235,-269,-362,-609,458,-117,-107
2548,9,9,-266,-251,-230,12,160,-94,-484,66,-107,354
2549,3,3,-405,-122,-111,592,-409,-202,-675,-29,150,130
2550,8,8,-21,-415,13,38,-389,-48,-70,-230,454,-11
2551,3,3,-350,-184,-239,429,-445,115,-356,-160,291,25
2552,8,8,-226,-256,16,177,-287,-174,-326,-32,434,103
2553,1,1,-134,276,-182,-176,13,-101,-157,-69,-41,-164
2554,5,5,-406,-308,-343,92,-246,580,-127,-300,104,85
2555,3,3,-435,-54,-291,583,-268,144,-478,-44,-189,-8
2556,5,5,-197,-349,-235,149,-401,357,-107,-116,60,37
2557,0,0,377,-283,-30,-164,-320,-69,-44,-142,-73,-177
2558,5,5,-311,-170,-378,105,-354,511,-123,-397,70,72
2559,5,5,-377,-71,-407,210,-225,407,-180,-335,15,102
2560,3,3,-156,12,-122,193,-184,92,-37,-337,-10,-183
2561,8,8,-98,-362,-120,112,-254,-107,-210,-170,464,163
2562,6,6,20,-422,-204,-182,-44,92,432,-446,61,-213
2563,7,7,-174,-66,32,51,-196,-247,-561,407,-128,19
2564,7,7,-159,-18,-83,54,-148,-265,-533,265,-16,110
2565,7,7,-208,-104,-10,85,-240,-193,-566,456,-166,16
2566,3,3,-381,-91,-104,524,-396,-158,-495,-37,166,44
2567,7,7,-234,-92,-72,112,-143,-250,-628,394,-104,118
2568,0,0,350,-255,-81,-111,-287,18,-17,-163,-176,-49
2569,5,5,-206,-307,-336,70,-154,375,-93,-147,-51,161
2570,9,9,-252,-367,-65,21,-11,-87,-331,-22,145,336
2571,0,0,228,-153,-52,-140,-211,-40,-34,-81,-30,-86
2572,2,2,-19,52,462,-87,-130,-358,-325,-46,-56,-298
2573,5,5,-299,-68,-318,89,-349,249,-319,-176,223,115
2574,5,5,-49,-165,-260,66,-210,239,-149,36,-58,24
2575,3,3,-479,-122,-126,655,-450,-125,-618,1,127,62
2576,1,1,-127,185,-73,-131,23,-116,-174,13,-29,-34
2577,7,7,-195,-61,-100,35,-89,-207,-495,289,42,111
2578,7,7,-147,2,137,53,-195,-298,-509,250,-48,8
2579,8,8,-214,-361,63,188,-338,-216,-336,-146,597,87
2580,6,6,-12,-283,-140,-194,-113,95,425,-405,98,-318
2581,5,5,-361,-224,-373,54,-182,487,-249,-210,50,193
2582,9,9,-158,-204,-155,59,-46,23,-417,130,-182,174
2583,3,3,-545,-127,-185,549,-217,15,-471,-82,151,66
2584,8,8,-125,-411,-15,61,-326,8,20,-315,470,-35
2585,9,9,-235,-319,-98,71,99,-137,-488,119,-31,345
2586,5,5,-381,-385,-478,270,-301,527,-113,-341,65,134
2587,3,3,-259,-139,-232,435,-272,97,-349,-60,40,51
2588,7,7,-112,-190,-249,-48,-171,-30,-397,469,-212,38
2589,9,9,43,-481,-209,-39,-110,2,-324,67,-149,324
2590,1,1,-86,299,-112,-260,-11,-193,-246,-64,-37,-144
2591,7,7,-200,-52,-20,99,-241,-235,-578,343,-58,62
2592,0,0,384,-282,91,-149,-229,-257,-104,-160,-80,-118
2593,0,0,299,-337,-51,-94,-189,-121,-77,-223,-31,24
2594,3,3,-463,-18,-251,526,-185,116,-270,-100,-36,-158
2595,7,7,-253,-210,-136,42,-109,-187,-591,467,-105,167
2596,2,2,-158,156,394,-8,-180,-390,-391,207,-99,-356
2597,5,3,-350,-75,-127,307,-298,195,-312,-132,48,9
2598,8,8,-183,-7,-29,-28,-183,-145,-213,-45,278,-90
2599,1,1,-85,279,-66,-217,-81,-170,-206,-94,40,-165
2600,8,8,-274,-241,-101,140,-222,-89,-174,-210,591,-54
2601,6,6,106,-337,-114,-196,-208,62,418,-372,71,-213
2602,2,2,-162,255,484,-41,-271,-429,-433,159,-153,-387
2603,9,9,-309,-363,-162,35,46,-78,-438,-37,182,427
2604,5,5,-299,-108,-294,119,-141,371,-134,-231,-88,126
2605,7,7,-220,-137,-159,12,-45,-56,-395,341,-90,100
2606,5,5,-299,-319,-315,9,-203,506,-51,-316,-29,158
2607,7,7,-263,50,113,-93,90,-271,-370,201,37,-248
2608,8,8,-99,-224,-107,-10,-209,-40,-160,-180,364,116
2609,6,6,14,-368,-150,-155,-45,124,314,-180,-50,-341
2610,2,2,-152,-179,474,187,-601,-384,-386,31,275,-190
2611,5,5,-204,-267,-266,175,-254,312,-99,-234,115,42
2612,1,1,-228,299,-125,-95,6,-151,-226,-110,54,-162
2613,4,4,-370,-42,-100,-312,628,-167,-356,4,-197,-120
2614,8,8,-209,-327,51,81,-321,-147,-177,-302,623,-54
2615,4,4,-360,-94,-195,-225,541,-103,-293,-61,-88,10
2616,5,5,-349,-132,-252,151,-124,348,-60,-335,32,5
2617,8,8,-69,-165,-26,44,-237,-54,-202,-61,261,74
2618,3,3,-516,-137,-511,611,-290,370,-359,-212,-52,59
2619,0,0,323,-226,2,-205,-211,-223,-150,-108,-83,-46
2620,6,6,8,-312,-201,-174,-104,83,480,-523,88,-378
2621,2,2,-79,-57,548,-29,-57,-300,-189,-145,-140,-450
2622,7,7,-276,-69,-28,99,-16,-229,-422,385,-88,-14
2623,3,3,-601,-140,-267,608,-207,195,-396,-1,-105,-24
2624,3,3,-367,-16,-161,450,-374,-82,-415,-45,117,21
2625,2,2,-116,148,494,-32,-375,-486,-367,145,-28,-339
2626,1,1,-96,282,-192,-264,17,-91,-78,-174,-5,-215
2627,0,0,357,-363,-157,-143,-442,61,41,-135,20,-173
2628,7,7,-270,-22,137,188,-130,-283,-530,360,-143,-65
2629,3,3,-371,-197,-312,524,-336,153,-366,-176,151,77
2630,4,4,-400,-249,-209,-58,401,-24,-295,16,-174,151
2631,0,0,285,-233,-121,-245,-119,2,148,-240,-163,-122
2632,3,3,-540,-107,-117,536,-283,81,-493,-17,92,-5
2633,9,9,-267,-488,-258,87,-7,84,-399,-125,84,474
2634,3,3,-451,-41,-258,524,-187,11,-521,-73,-60,127
2635,2,2,-284,85,347,104,-185,-208,-344,201,-71,-345
2636,8,8,-58,-343,-45,-26,-187,60,-36,-165,342,-18
2637,9,9,-233,-370,-11,72,150,-113,-483,20,-84,365
2638,0,0,418,-333,-140,-183,-246,-6,94,-259,-174,-48
2639,3,3,-497,-164,-378,591,-193,166,-414,-179,40,132
2640,8,8,-132,-287,-59,58,-202,-108,-158,-179,434,89
2641,0,0,367,-352,-181,-248,-457,129,49,-24,-102,-207
2642,7,7,-114,4,-164,-213,-15,-144,-393,352,-148,10
2643,6,6,-44,-264,-136,-200,28,14,396,-425,99,-304
2644,5,5,-326,-263,-319,86,-298,528,-181,-282,27,133
2645,4,4,-295,-121,-169,-113,334,-53,-204,-33,-39,78
2646,7,7,-237,-36,-61,133,-238,-213,-598,352,-70,62
2647,3,3,-386,-91,-170,510,-298,54,-429,-53,-38,1
2648,9,9,-70,-267,-190,105,-119,115,-328,-8,-52,157
2649,0,0,408,-523,41,-74,-198,-242,-9,-277,50,-24
2650,8,8,-136,-188,-17,57,-143,-61,-111,-143,319,17
2651,6,6,48,-297,-247,-154,-186,119,380,-396,107,-289
2652,2,2,-118,68,481,22,-541,-383,-306,72,41,-282
2653,5,5,-385,-245,-433,217,-328,580,-238,-230,75,7
2654,6,1,-70,251,34,-246,-22,-162,34,-296,15,-386
2655,1,1,-138,315,-146,-250,67,-200,-205,-30,-44,-168
2656,0,0,304,-243,-167,-181,-354,59,-48,47,-131,-91
2657,0,0,413,-299,-34,-119,-303,-77,-26,-207,-127,-80
2658,4,4,-134,-32,-174,-274,354,-115,-69,-191,-37,-121
2659,4,4,-238,26,-305,-236,265,-34,-218,-24,46,18
2660,0,0,276,-185,-40,-112,-280,-20,-115,-6,-110,-51
2661,1,1,-90,310,-118,-264,14,-177,-151,-61,-38,-197
2662,2,2,24,-77,485,-121,-139,-252,-83,-220,-27,-397
2663,3,3,-412,-80,-257,624,-426,12,-514,-56,63,30
2664,2,2,-81,86,538,101,-274,-476,-282,-62,-90,-536
2665,7,7,-245,-22,165,178,-207,-306,-470,344,-85,-101
2666,7,7,-292,-82,-28,163,-121,-184,-564,378,-117,28
2667,8,8,-227,-391,-68,5,-362,180,-6,-292,492,14
2668,5,5,-133,-423,-353,-48,-123,373,6,-174,-61,169
2669,2,2,-106,197,533,-77,-205,-404,-390,90,-167,-418
2670,5,5,-119,-309,-235,16,-311,357,-74,-203,116,60
2671,7,7,-196,-184,29,146,-237,-239,-571,276,74,94
2672,6,6,93,-151,-159,-325,-67,28,306,-297,-86,-189
2673,9,9,-387,-180,-104,109,87,-66,-483,-35,34,352
2674,1,1,-176,257,-109,-155,41,-132,-246,-33,-11,-39
2675,4,4,-341,-154,-108,-280,626,-102,-252,2,-231,-170
2676,1,1,-91,258,-86,-199,12,-181,-172,-3,-27,-135
2677,6,6,-23,-393,-246,-169,-29,86,542,-500,35,-345
2678,4,4,-375,-20,-99,-122,331,-129,-341,64,-58,53
2679,2,2,-46,-40,645,-14,-389,-435,-327,85,-52,-432
2680,4,4,-369,-195,-54,-96,461,-98,-249,-92,-142,22
2681,3,3,-496,-161,-195,503,-115,80,-397,-93,27,85
2682,5,5,-385,-342,-334,125,-240,560,-147,-262,31,108
2683,4,4,-343,-161,-209,-213,426,-99,-228,-162,-14,199
2684,3,3,-72,-187,-75,280,-244,-69,-361,-9,-25,115
2685,9,9,-464,-142,-180,59,146,-74,-569,-29,52,398
2686,5,5,-114,-356,-274,104,-369,392,-102,-173,160,-10
2687,0,0,335,-212,-98,-164,-355,24,-69,-16,-137,-106
2688,1,1,-177,303,-99,-211,19,-140,-189,-101,25,-146
2689,5,5,-154,-85,-156,71,-78,194,-62,-109,-42,43
2690,3,3,-419,-141,-160,492,-257,-30,-401,-61,144,88
2691,8,8,-225,-239,-91,212,-220,-58,-205,-196,401,46
2692,9,9,-265,-284,-113,61,114,-116,-447,85,22,321
2693,1,1,-76,282,-140,-261,-19,-150,-126,-134,-16,-221
2694,9,9,-150,-248,-140,16,21,-9,-312,9,-13,301
2695,7,7,-274,-140,8,44,35,-37,-288,314,-285,-25
2696,9,9,-71,-312,-57,51,32,-125,-264,-34,20,289
2697,5,5,-243,-158,-110,34,-194,301,-185,-135,51,64
2698,5,5,-249,-108,-379,126,-186,294,-233,-136,74,117
2699,2,2,-61,7,237,-111,-9,-152,-67,-96,54,-257
2700,7,7,-186,-99,23,74,-251,-177,-560,351,-110,77
2701,4,4,-315,-52,-115,-239,477,-125,-357,21,-161,44
2702,6,6,120,-250,-280,-279,39,43,384,-296,-227,-289
2703,0,0,328,-178,-151,-122,-228,16,-55,-129,-177,-102
2704,1,1,-108,245,-45,-195,-43,-133,-176,-45,26,-122
2705,1,1,-211,229,-107,-69,-69,-135,-236,-173,127,-145
2706,1,1,-144,205,-78,-141,-5,-95,-99,-108,62,-134
2707,0,0,407,-324,-2,-224,-360,-74,48,-189,-56,-141
2708,4,4,-489,-85,-116,-79,367,52,-208,-143,-60,-16
2709,4,4,-324,-59,5,-161,404,-101,-261,-27,-183,-37
2710,7,7,-180,-68,37,102,-238,-151,-470,262,-64,50
2711,6,6,22,-418,-344,-95,-62,91,468,-237,-85,-321
2712,3,3,-438,-33,-166,498,-223,6,-495,-78,1,55
2713,0,0,247,-312,-132,-106,-295,-123,-87,-100,133,-35
2714,0,0,391,-322,-41,-164,-211,-147,53,-239,-93,-67
2715,4,4,-419,-5,-122,-98,398,-179,-462,199,-191,-24
2716,3,3,-258,-211,-114,546,-346,-116,-469,-93,66,37
2717,0,0,412,-323,-2,-122,-291,-97,-72,-162,-136,-45
2718,6,6,123,-165,-272,-325,61,-50,379,-387,-100,-300
2719,1,1,-53,294,-170,-438,55,-116,-31,-139,-60,-263
2720,9,9,-244,-61,-233,-132,219,-156,-440,57,-38,232
2721,6,6,-125,-295,69,-206,-53,102,284,-323,184,-298
2722,1,1,-144,263,-83,-196,20,-100,-145,-126,29,-145
2723,3,3,-477,37,22,468,-201,-129,-431,45,32,-142
2724,8,8,-192,-171,-21,12,-205,22,-20,-279,353,-77
2725,1,1,-133,335,-84,-250,46,-227,-209,-34,-47,-213
2726,2,2,-20,-2,404,-5,-199,-276,-257,-14,-95,-257
2727,5,5,-298,-365,-403,-15,-256,561,36,-372,61,105
2728,6,6,96,-389,-350,-242,-13,22,492,-323,-34,-303
2729,2,2,-133,85,474,23,-168,-342,-285,59,-119,-404
2730,7,7,-297,11,72,-27,126,-187,-369,312,-106,-242
2731,3,3,-556,-124,-233,588,-173,190,-397,-31,-134,-24
2732,6,6,-128,-99,-122,-57,1,95,217,-327,25,-257
2733,0,0,384,-209,-28,-247,-386,-118,-101,-81,-81,-189
2734,1,1,-64,213,-91,-254,-108,-169,-54,-183,65,-251
2735,9,9,-47,-229,-35,2,-16,-141,-296,110,-22,200
2736,7,7,-108,-196,8,48,-174,-129,-454,305,-21,42
2737,6,6,113,-238,-190,-268,-63,19,437,-369,-50,-313
2738,6,6,120,-385,-250,-205,-184,73,529,-435,27,-337
2739,8,8,-101,-166,-100,-21,-154,-135,-94,-183,370,-15
2740,9,9,-258,-170,-152,4,71,-143,-526,92,-59,350
2741,2,2,-17,126,470,-121,-132,-391,-283,26,-114,-410
2742,9,9,-7,-317,-61,83,-62,-94,-323,115,-41,147
2743,5,8,-140,-138,-158,-54,-144,156,15,-221,157,24
2744,8,8,-192,-338,-48,153,-168,-182,-293,-116,463,152
2745,3,3,-556,-2,47,644,-443,-147,-550,76,38,-176
2746,1,1,-151,340,-124,-311,82,-234,-245,-20,-48,-154
2747,0,0,416,-389,-123,-119,-343,-20,-5,-131,-86,-118
2748,0,0,275,-193,-19,-117,-238,-14,-26,-78,-110,-55
2749,7,7,-280,-255,-235,-2,-35,-17,-501,433,-222,179
2750,6,6,112,-240,-230,-259,-230,107,308,-392,107,-183
2751,6,6,116,-306,-198,-224,-112,115,366,-312,-14,-361
2752,2,2,-70,-51,542,-31,-137,-333,-136,-168,-63,-462
2753,1,1,-121,261,-128,-358,-22,-147,-61,-118,82,-294
2754,6,6,215,-299,-145,-261,47,-59,277,-285,-183,-192
2755,9,9,-311,-236,-158,-34,198,-140,-454,41,91,376
2756,3,3,-164,-32,-113,343,-241,74,-267,-111,-145,-103
2757,1,1,-127,292,-110,-246,28,-123,-133,-134,21,-176
2758,8,8,75,-534,-64,89,-313,30,-79,-265,294,59
2759,6,6,21,-305,-156,-161,-63,40,474,-396,-21,-331
2760,9,9,-186,-161,-195,-52,135,-116,-339,-35,-4,279
2761,0,0,392,-382,-15,-234,-93,-118,133,-355,-144,-60
2762,6,6,86,-294,-182,-179,-128,61,410,-405,37,-243
2763,0,0,384,-304,-50,-155,-380,10,-84,-99,-102,-80
2764,0,0,377,-272,20,-230,-287,-154,-43,-148,-73,-113
2765,0,0,428,-407,-13,-140,-277,-129,-11,-212,-73,-31
2766,6,6,57,-245,-121,-149,-91,40,343,-300,45,-221
2767,3,3,-389,-33,-53,437,-222,-95,-480,-23,-20,59
2768,5,5,-451,-252,-392,152,-373,619,-329,-301,79,192
2769,9,9,-107,-337,-199,-57,6,-124,-312,55,148,283
2770,3,3,-366,-232,-188,393,-130,123,-225,0,31,-128
2771,4,4,-258,-34,-156,-126,230,-125,-364,21,-56,202
2772,5,5,-133,-131,-373,-15,-141,318,-73,-44,16,10
2773,5,5,-418,-315,-378,149,-316,581,-191,-294,105,121
2774,8,8,-347,-293,167,99,-501,28,-175,-212,589,-92
2775,5,5,-310,-240,-258,136,-222,322,24,-421,87,28
2776,3,3,-418,-41,-13,533,-414,-246,-531,0,192,-8
2777,0,0,314,-167,-8,-222,-200,-140,105,-234,-78,-198
2778,4,4,1,-60,-55,-261,273,-98,-39,-153,-120,-156
2779,0,0,381,-260,-66,-126,-298,-93,-57,-143,-112,-65
2780,2,2,-124,-251,325,240,-261,-103,-388,-73,-15,-151
2781,9,9,-294,-328,-125,-13,176,-112,-531,129,-41,373
2782,6,6,99,-299,-258,-155,-131,85,390,-472,47,-212
2783,8,8,-151,-217,37,4,-300,-42,-148,-145,363,56
2784,2,2,-3,161,439,-181,-103,-419,-322,113,-175,-366
2785,3,3,-538,-173,-293,668,-369,107,-501,-68,90,57
2786,1,1,-76,221,-59,-200,23,-97,-96,-72,-13,-130
2787,2,2,-96,-23,590,43,-266,-270,-355,-5,-109,-408
2788,1,1,-60,246,-96,-233,-1,-126,-92,-54,-27,-164
2789,1,1,-216,398,-99,-305,95,-258,-271,-40,-16,-214
2790,5,5,-359,-255,-352,126,-421,588,-356,-149,86,80
2791,6,6,159,-425,-330,-158,-149,-7,528,-444,69,-256
2792,9,9,-291,-309,-164,95,89,-90,-451,18,60,388
2793,8,8,-28,-173,-2,4,-119,-119,-70,-103,248,18
2794,0,0,226,-149,-73,-144,-180,-16,-34,-46,-96,-46
2795,6,6,25,-361,-157,-159,-163,63,536,-507,27,-343
2796,6,6,45,-246,-192,-203,-47,68,329,-350,15,-202
2797,5,5,-161,-373,-361,-5,-180,372,-116,-34,-77,140
2798,5,5,-377,-426,-324,8,-188,532,-48,-374,62,230
2799,3,3,-472,-50,-101,551,-235,-24,-507,13,-65,-32
2800,8,8,-245,-524,-10,52,-191,-18,-31,-312,537,117
2801,6,6,112,-391,-275,-168,10,-41,462,-381,-77,-223
2802,2,2,121,-208,575,-112,-430,-245,-267,-101,7,-294
2803,1,1,-274,277,-155,-133,105,-145,-289,-95,41,-55
2804,4,4,-371,-101,-150,-181,418,-37,-291,16,-130,94
2805,5,5,-175,-314,-186,-30,-155,372,-47,-211,117,21
2806,4,4,-269,-90,-82,-185,483,-124,-267,2,-187,-70
2807,3,3,-330,-42,-106,568,-372,-77,-482,-65,35,-58
2808,7,7,-189,-50,-167,-133,24,-130,-415,346,-64,68
2809,8,8,-211,-246,-116,134,-210,-67,-193,-183,470,39
2810,5,5,-111,-139,-148,209,-277,218,-326,-114,-101,4
2811,0,0,319,-324,-50,-162,-64,-47,-56,-152,-171,55
2812,9,9,-109,-201,-80,-92,149,-139,-244,-147,-7,278
2813,3,3,-303,21,-167,385,-175,48,-346,-110,-91,-7
2814,5,5,-251,-268,-184,-10,-273,371,58,-318,211,-57
2815,1,1,-268,326,-75,-168,11,-132,-275,-85,46,-124
2816,1,1,-86,310,-111,-340,60,-151,-92,-85,-57,-243
2817,0,0,405,-469,47,-111,-178,-209,1,-290,-11,-47
2818,4,4,-95,-279,-240,-171,239,-184,-100,-49,52,71
2819,4,4,-379,-39,-196,-266,521,-92,-297,-27,-182,4
2820,7,7,-392,-16,129,150,-125,-305,-627,473,-132,-87
2821,0,0,373,-246,-37,-167,-234,-66,4,-207,-155,-126
2822,1,1,-179,270,-82,-163,-51,-171,-277,-32,57,-81
2823,7,7,-283,-111,-35,113,21,-37,-284,174,-26,-1
2824,0,0,332,-222,-109,-122,-304,-33,-120,-88,-102,-68
2825,1,1,-242,297,-113,-163,36,-96,-185,-173,71,-165
2826,6,6,10,-412,-77,-189,-162,56,489,-436,100,-287
2827,1,1,-158,219,-113,-180,66,-112,-190,-3,-70,-27
2828,4,4,-174,-232,-90,-185,416,-239,-328,-69,-122,146
2829,5,5,-448,-283,-336,66,-52,439,-110,-288,27,193
2830,6,6,64,-455,-259,-215,-62,143,435,-292,-12,-306
2831,6,6,-13,-531,-219,-127,-151,166,437,-538,121,-89
2832,5,5,-431,-327,-512,270,-239,562,-181,-335,-34,181
2833,7,7,-166,-189,-132,-31,-105,-101,-480,471,-203,77
2834,8,8,-35,-377,26,72,-139,-89,-7,-287,375,-80
2835,4,4,-159,-26,-47,-311,445,-119,-205,15,-232,-184
2836,4,4,-501,-60,130,145,262,-241,-557,174,-110,1
2837,7,7,-207,-151,-74,134,-173,-272,-676,415,-70,124
2838,2,2,-67,-52,511,47,-503,-421,-215,-78,218,-339
2839,5,5,-319,-292,-92,-7,-356,425,-97,-323,181,44
2840,3,3,-541,-83,-131,549,-254,15,-412,-96,83,-31
2841,7,7,-281,-10,82,195,-178,-291,-556,427,-152,-89
2842,0,0,414,-334,-102,-26,-367,-3,-193,-181,-210,-1
2843,7,7,-154,-158,45,182,-161,-385,-691,326,-13,109
2844,7,7,-244,-67,-83,116,-172,-302,-675,450,-74,85
2845,9,9,-247,-418,-119,94,118,-135,-515,64,-2,411
2846,6,6,23,-262,-158,-218,-134,82,470,-467,33,-300
2847,4,4,-168,-188,-50,-159,290,-69,-320,-6,-198,151
2848,2,2,-157,-1,390,119,-339,-424,-409,8,172,-203
2849,8,8,-240,-259,-209,96,-112,-27,-86,-246,506,-40
2850,5,5,-154,-8,-236,161,-302,315,-273,-111,-221,-1
2851,7,7,-129,-133,-122,-79,-39,-108,-398,345,-134,82
2852,8,8,-221,-116,-14,-25,-129,-130,-216,-176,427,25
2853,3,3,-466,-164,-64,513,-285,-136,-517,-33,221,66
2854,9,9,-198,-292,-289,-29,129,-120,-403,67,87,335
2855,5,5,-105,-165,-432,-66,-341,433,-85,-200,134,-30
2856,8,8,-174,-293,-37,105,-148,-193,-253,-164,517,68
2857,9,9,-80,-401,-92,85,36,-118,-364,38,-13,334
2858,9,9,-401,-239,-176,31,222,-96,-484,-49,80,407
2859,8,8,-172,-276,-55,-112,-239,59,154,-400,485,-166
2860,6,6,63,-400,-131,-210,-310,147,416,-393,144,-191
2861,2,2,-103,88,387,77,-351,-394,-399,160,-90,-232
2862,8,8,-107,-123,-140,-32,-158,-74,-168,-160,324,57
2863,9,9,-381,-191,-344,-57,162,98,-301,-150,10,318
2864,2,2,-188,-37,543,252,-652,-453,-594,169,73,-280
2865,3,3,-524,-130,-289,624,-237,89,-479,-5,-22,82
2866,6,6,-59,-165,-126,-172,12,31,330,-326,10,-243
2867,1,1,-86,183,-68,-159,22,-72,-76,-52,-18,-114
2868,1,1,-122,308,-134,-250,34,-117,-117,-160,15,-202
2869,8,8,-143,-241,99,-142,-221,-42,-103,-244,477,-32
2870,9,9,-156,-387,-8,106,-6,-128,-413,35,14,321
2871,3,3,-407,-205,-205,502,-199,54,-436,-119,132,113
2872,4,4,-431,-218,-111,-174,436,-53,-281,-41,14,94
2873,0,0,350,-223,-47,-183,-302,-69,66,-172,-101,-161
2874,7,7,-190,-158,53,123,-328,-189,-664,420,-171,37
2875,9,9,-271,-274,-191,14,175,-103,-438,25,-71,369
2876,6,6,-32,-445,-246,-120,-178,157,476,-510,120,-211
2877,4,4,-169,-265,41,-22,218,-184,-122,10,-54,-81
2878,1,1,-90,294,-112,-232,-53,-113,-136,-192,35,-237
2879,4,4,-93,-111,-53,-233,356,-212,-201,50,-127,-112
2880,1,1,-96,336,-139,-286,5,-187,-208,-23,-77,-171
2881,3,3,-456,-174,-269,530,-152,59,-354,-240,215,40
2882,4,4,-467,-116,-98,-79,403,-34,-299,93,-150,-62
2883,9,9,-236,-570,-313,69,87,-10,-369,-116,124,530
2884,3,3,-474,-53,-310,504,-186,152,-441,-129,21,93
2885,1,1,-97,149,-35,-146,-18,-162,-201,22,25,-32
2886,4,4,-398,-46,-158,-263,551,-91,-371,-81,-139,65
2887,7,7,-209,-69,-41,120,-168,-249,-586,359,-83,86
2888,7,7,-102,-56,25,68,-275,-326,-536,302,36,38
2889,4,4,-148,-305,-69,-202,437,-148,-226,-42,-247,95
2890,7,7,-163,-123,120,67,-329,-184,-576,348,-117,10
2891,2,2,-96,-48,465,154,-371,-403,-396,3,43,-241
2892,9,9,-254,-428,-69,106,114,-140,-477,32,-34,418
2893,3,3,-281,-58,-209,471,-300,126,-352,-73,-85,-97
2894,0,0,312,-405,-243,-110,-299,107,169,-278,-46,-65
2895,8,8,-193,-413,61,159,-434,-121,-242,-270,623,24
2896,8,0,266,-444,-68,-11,-423,-35,-59,-157,159,-62
2897,8,8,-113,-244,2,-28,-53,-163,-177,-193,380,86
2898,4,4,-419,-11,-215,-287,482,-88,-372,-1,-111,149
2899,0,0,410,-315,-63,-149,-291,-46,-19,-129,-167,-23
2900,4,4,-151,-182,88,-188,409,-96,-195,-111,-223,-74
2901,4,4,-275,-133,-118,-63,232,-84,-149,-113,-2,80
2902,1,1,-299,354,-77,-150,58,-157,-276,-121,38,-171
2903,5,5,-417,-328,-354,110,-298,577,-55,-448,103,120
2904,2,2,-101,76,478,-23,-183,-293,-284,-18,-124,-351
2905,8,8,-281,-121,-24,192,-209,-117,-253,-56,326,24
2906,3,3,-522,-78,-351,553,-82,165,-420,-103,-71,35
2907,4,4,-231,-187,5,-86,340,-96,-310,-19,-131,133
2908,9,9,-234,-413,-108,98,115,-90,-382,-98,10,449
2909,5,5,-401,-195,-327,186,-173,439,-179,-218,-30,133
2910,2,2,-173,151,388,83,-346,-313,-501,197,-166,-256
2911,8,8,-113,-137,144,91,-268,-270,-295,-72,321,-4
2912,1,1,-133,250,-106,-204,65,-125,-171,-24,-67,-94
2913,5,5,-320,-316,-306,108,-161,416,-96,-224,-25,178
2914,3,3,-564,-84,-156,606,-361,-40,-618,98,66,31
2915,7,7,-372,22,-69,199,-263,-261,-677,296,84,57
2916,9,9,-366,-158,-232,-4,160,-101,-510,24,8,405
2917,4,4,-387,-66,-24,-103,407,-36,-268,-129,-113,13
2918,2,2,-123,0,597,-16,-174,-311,-264,-76,-75,-455
2919,5,5,-220,-186,-70,7,-7,229,-63,-141,25,25
2920,6,6,52,-243,-211,-124,-9,84,280,-195,-76,-162
2921,3,3,65,-239,129,200,-397,-114,-279,-82,92,-109
2922,5,5,-314,-135,-375,135,-491,599,-282,-217,22,0
2923,9,9,-289,-265,-163,42,100,-125,-437,14,72,403
2924,3,3,-406,-79,-270,481,-226,126,-252,-106,5,-22
2925,5,5,14,-248,-368,-74,-187,261,-27,51,-32,-40
2926,9,9,-293,-305,-171,-6,163,-63,-338,-78,12,420
2927,3,3,-359,20,260,281,-336,-82,-463,185,-11,-245
2928,1,1,-102,339,-81,-336,59,-206,-205,-66,-64,-190
2929,9,9,-336,-369,-122,-2,58,130,-464,74,-102,334
2930,5,5,-91,-43,-380,-96,-66,107,-94,81,6,-24
2931,3,3,-347,-117,-159,476,-298,-75,-582,-80,59,178
2932,0,0,297,-244,-24,-157,-149,-77,78,-239,-135,-11
2933,6,6,69,-306,-185,-160,-152,73,412,-411,72,-245
2934,9,9,-294,-296,-138,37,52,-41,-507,85,-25,392
2935,8,8,-173,-347,-36,113,-312,-85,-297,-122,544,105
2936,4,4,-458,-248,-97,-144,504,-38,-367,14,-215,146
2937,0,0,312,-207,-117,-188,-315,-127,-143,-30,-14,-104
2938,4,4,-9,-184,-136,-257,276,-117,-29,-141,-174,-19
2939,9,7,-26,-201,-147,-10,-69,44,-203,81,-51,52
2940,2,2,-131,162,394,-25,-314,-320,-221,-97,97,-401
2941,9,9,-330,-422,-253,10,-22,185,-403,-55,49,420
2942,0,0,436,-313,-82,-183,-352,-10,-6,-156,-147,-90
2943,1,1,-61,166,-35,-192,-39,-95,14,-159,13,-226
2944,0,0,213,-238,80,-127,-358,-69,-141,-3,58,-79
2945,3,3,-267,-242,-96,312,-143,-16,-474,77,-99,179
2946,1,1,-130,288,-223,-435,17,-125,-127,-78,48,-248
2947,6,6,-75,-249,-190,-130,13,42,443,-457,16,-349
2948,5,5,-344,-272,-215,49,-229,441,-154,-307,124,137
2949,8,8,-102,-229,-149,38,-262,5,-154,-181,367,93
2950,1,1,-123,318,-58,-251,-10,-192,-155,-80,0,-220
2951,5,5,-399,-359,-435,144,-224,524,-44,-453,70,176
2952,3,3,-443,-137,-397,514,-271,293,-253,-316,98,-18
2953,3,3,-516,-112,-237,472,-295,172,-402,-56,134,-25
2954,0,0,339,-257,128,-202,-57,-316,10,-288,-51,-173
2955,3,3,-506,-270,-273,588,-150,88,-478,-299,253,122
2956,5,5,-364,-218,-274,180,-216,349,-101,-352,124,87
2957,5,5,-108,-93,-295,-42,-208,342,-36,-113,27,-80
2958,9,9,-128,-281,-160,45,49,-121,-347,-7,38,321
2959,2,2,-398,-3,310,299,-281,-181,-531,183,-16,-189
2960,8,8,-236,-307,-73,133,-235,-176,-365,-100,505,213
2961,7,7,-241,-151,107,142,-150,-252,-632,342,-110,85
2962,0,0,416,-284,14,-206,-340,-117,-13,-182,-99,-156
2963,4,4,-168,-261,-33,-161,442,-172,-232,4,-281,-37
2964,9,9,-149,-109,-102,-113,137,-115,-359,11,-55,253
2965,1,1,-119,314,-78,-240,39,-197,-231,-18,-65,-140
2966,9,9,-175,-245,-95,-27,81,-53,-313,-24,18,305
2967,7,7,-301,-20,-33,133,-250,-297,-729,501,-144,25
2968,7,7,-73,-133,26,84,-235,-136,-462,211,-87,81
2969,5,5,-144,-122,-267,14,-134,301,-56,-58,59,-38
2970,5,5,-33,-64,-171,76,-247,170,-184,19,-118,2
2971,2,2,-71,-29,484,84,-362,-488,-363,107,59,-275
2972,0,0,392,-455,97,-154,5,-222,15,-360,-124,-55
2973,9,9,-254,-394,-83,93,82,-74,-420,17,11,357
2974,1,1,-83,336,-103,-340,59,-174,-146,-83,-68,-221
2975,8,8,17,-341,97,106,-268,-183,-202,-93,317,38
2976,6,6,63,-432,-286,-169,-100,180,350,-340,47,-98
2977,2,2,-93,-3,569,173,-623,-477,-444,3,131,-398
2978,3,3,-407,-173,-292,595,-354,64,-616,-57,20,169
2979,9,7,-10,-111,-88,-140,30,-176,-276,111,-78,104
2980,6,6,45,-405,-186,-236,-123,124,512,-374,9,-362
2981,2,2,9,-250,345,46,-153,-224,-154,-181,27,-189
2982,1,1,-128,279,-93,-203,-2,-156,-138,-95,35,-179
2983,9,9,-380,-315,-146,90,125,-78,-497,-13,57,434
2984,1,1,-163,270,-114,-216,54,-117,-201,-27,-81,-93
2985,3,3,-462,-22,-131,403,-136,32,-430,13,-86,53
2986,5,5,-289,-376,-251,106,-73,323,116,-258,-6,-72
2987,5,5,-305,-153,-350,178,-264,398,-170,-239,46,90
2988,0,0,261,-206,-71,-174,-305,-37,-50,7,-38,-97
2989,3,3,-394,-103,-133,456,-136,-75,-397,2,26,21
2990,8,8,-206,-465,-21,123,-306,31,-357,-98,427,199
2991,3,3,-428,-36,-228,489,-276,101,-371,-70,1,-42
2992,3,3,-431,-48,-286,519,-236,112,-459,-130,-43,78
2993,7,7,-57,-166,91,60,-249,-260,-455,230,51,62
2994,6,6,-60,-122,-88,-153,-14,19,336,-358,5,-349
2995,6,8,2,-199,-203,-187,-234,154,162,-267,185,-78
2996,0,0,417,-270,-90,-156,-448,-2,4,-162,-162,-110
2997,1,1,-142,270,-86,-217,-2,-141,-211,-24,-44,-100
2998,4,4,-381,-139,-53,-107,403,-84,-380,-38,-12,200
2999,0,0,377,-350,-221,-130,-425,76,32,-79,-85,-134
3000,6,6,-92,-238,-129,-186,-82,66,407,-453,158,-344
3001,9,9,-76,-324,-68,28,-122,-102,-283,-30,155,294
3002,8,8,-159,-278,-104,141,-206,-89,-201,-195,435,90
3003,1,1,-263,294,-196,-195,99,-132,-315,-55,-40,-10
3004,2,2,-222,131,487,-51,-102,-422,-343,7,86,-436
3005,9,9,-228,-72,-256,-111,-6,49,-167,-161,129,196
3006,9,9,-262,-347,-191,15,129,-39,-443,-4,-30,436
3007,5,5,-293,-285,-263,8,-228,435,-122,-312,111,152
3008,9,9,-284,-404,-210,84,-21,-43,-460,-23,140,457
3009,7,7,-193,-64,-78,114,-223,-246,-615,346,-53,84
3010,3,3,-427,-149,-131,473,-259,8,-402,-16,140,52
3011,7,7,-28,-196,-200,-42,-205,-19,-278,410,-204,-37
3012,8,8,-188,-244,-204,63,51,-110,-371,-71,257,223
3013,0,0,379,-293,-52,-180,-289,10,-22,-242,-115,-55
3014,1,1,-97,258,-112,-239,38,-97,-58,-132,-1,-184
3015,3,3,-650,-83,-215,669,-255,31,-603,-45,92,53
3016,0,0,316,-395,-145,-44,-218,45,-46,-189,-90,-25
3017,4,4,-366,-7,-141,-204,453,-100,-354,32,-196,-2
3018,6,6,31,-301,-160,-166,-47,34,443,-475,66,-355
3019,1,1,-112,247,-128,-231,68,-160,-180,0,-54,-104
3020,0,0,340,-208,-41,-143,-287,-43,17,-162,-155,-57
3021,2,2,18,-82,431,51,-426,-313,-351,128,-75,-214
3022,5,5,-282,-430,-362,92,-185,469,-64,-213,59,135
3023,8,8,-187,-397,-42,-73,-447,225,171,-395,430,-112
3024,4,4,-326,-289,7,-120,444,-205,-273,23,-100,-14
3025,4,4,-437,-85,-132,-257,606,-63,-334,-136,-115,34
3026,1,1,-184,331,-29,-252,85,-296,-362,36,-90,-107
3027,1,1,-69,280,-95,-286,19,-143,-121,-67,-56,-175
3028,5,5,-320,-356,-321,93,-274,532,-223,-274,96,152
3029,4,4,-331,-15,-170,-240,437,-111,-370,15,-131,98
3030,6,6,124,-176,-147,-134,-145,64,184,-216,20,-148
3031,6,6,-12,-279,-176,-193,-34,88,412,-278,-110,-281
3032,0,0,426,-368,-13,-109,-393,-116,-36,-194,-23,-164
3033,6,6,73,-253,-284,-211,-57,103,344,-247,-53,-208
3034,9,9,-108,-389,-115,34,24,-129,-403,38,57,367
3035,2,2,-203,-45,421,46,-40,-203,-155,-107,-71,-351
3036,6,6,74,-260,-192,-207,-34,3,441,-429,25,-280
3037,2,2,-1,70,510,-2,-246,-292,-427,46,-323,-336
3038,7,7,-130,-29,-239,-186,-77,-22,-382,332,-128,40
3039,1,1,-162,186,-85,-121,53,-110,-202,-1,-34,-10
3040,7,7,-165,-109,-33,82,-144,-201,-542,302,-79,121
3041,9,9,-360,-309,-133,149,75,-107,-570,70,32,392
3042,4,4,-83,-115,-252,-360,386,-140,-15,-163,-110,-101
3043,0,0,373,-252,9,-166,-373,5,-41,-151,-155,-70
3044,0,0,399,-308,-126,-147,-232,-77,-59,-121,-206,7
3045,3,3,-328,-113,-156,558,-393,-59,-523,-28,7,41
3046,8,8,-237,-289,36,210,-226,-159,-200,-100,470,-3
3047,2,2,-70,22,540,84,-507,-500,-392,13,88,-310
3048,2,2,54,-206,448,-25,-225,-265,-167,-95,-4,-303
3049,3,3,-488,-66,-151,544,-231,44,-554,-15,-112,66
3050,1,1,-78,298,-106,-317,13,-133,-142,-116,-19,-183
3051,6,6,1,-293,-215,-156,-56,57,435,-455,71,-318
3052,0,0,434,-313,-37,-162,-317,-78,-1,-215,-124,-98
3053,5,5,-417,-396,-362,84,-218,575,-62,-411,87,171
3054,7,7,-30,-227,-46,40,-152,-203,-380,217,46,132
3055,7,7,-166,-146,-104,153,-383,-187,-517,257,165,72
3056,9,9,-262,-355,-173,63,69,-30,-518,97,-22,395
3057,2,2,-6,-51,575,-42,-164,-299,-299,38,-181,-441
3058,6,6,160,-483,-247,-242,-121,117,427,-353,46,-241
3059,7,7,-229,-110,-82,-54,-46,-51,-403,215,-64,158
3060,9,9,-115,-80,-63,72,-70,-20,-279,67,-50,102
3061,7,7,-213,-134,131,206,-266,-309,-550,346,-47,-3
3062,8,8,-164,-117,-15,140,-378,56,-14,-182,235,-216
3063,6,6,72,-315,-225,-179,-115,39,432,-396,90,-279
3064,8,8,-218,-276,-111,140,-259,43,-166,-254,434,23
3065,8,8,-183,-131,-175,94,-14,-30,-154,-142,224,76
3066,4,4,-150,-51,-200,-247,392,-159,-178,-73,-90,-52
3067,6,6,44,-330,-154,-279,-54,140,409,-354,40,-323
3068,8,8,-193,-177,53,128,-222,-233,-368,-40,405,51
3069,4,4,-57,-350,-73,-160,320,-51,-90,-57,-235,46
3070,1,1,-183,297,-131,-254,91,-144,-236,-19,-79,-64
3071,2,2,-26,-59,482,40,-90,-300,-235,-37,-228,-421
3072,8,8,-211,-283,-13,84,-351,-58,-190,-136,503,32
3073,1,1,-226,260,249,95,-293,-303,-489,186,-177,-237
3074,3,3,-630,-52,-181,703,-303,-17,-591,15,10,-1
3075,9,9,-308,-400,-114,35,1,35,-501,14,17,418
3076,4,4,-404,-18,-209,-338,634,-133,-378,15,-203,-34
3077,0,0,252,-188,-9,-110,-216,-86,-89,-44,-120,-11
3078,3,3,-305,-67,-111,287,-168,24,-199,-63,81,12
3079,7,7,-193,-101,-25,127,-251,-293,-669,428,-84,68
3080,3,3,-570,-93,-208,642,-313,55,-561,-48,53,56
3081,2,2,-202,198,589,28,-304,-483,-460,95,-53,-428
3082,3,3,-404,-101,-75,483,-165,6,-527,22,-126,39
3083,3,3,-353,-29,-170,461,-186,26,-345,-70,-49,-97
3084,7,7,-73,-115,-118,-60,-105,-112,-374,319,-101,53
3085,3,3,-484,-115,-89,535,-296,-110,-466,-42,228,0
3086,4,4,-405,8,-235,-200,411,-50,-316,5,-65,81
3087,0,0,345,-336,-83,-137,-324,-81,-146,-40,-37,-26
3088,6,6,86,-329,-195,-144,-146,66,393,-357,26,-159
3089,2,2,-39,6,450,47,-513,-379,-276,8,84,-264
3090,0,0,320,-186,-63,-224,-280,-54,-93,-21,-149,-81
3091,8,8,-33,-391,24,-21,-358,7,-64,-300,417,14
3092,1,1,-160,270,-63,-193,45,-291,-396,75,-99,-67
3093,5,5,-309,-182,-326,99,-90,401,-16,-256,-56,8
3094,3,3,-275,-60,-103,379,-187,-30,-315,-81,52,5
3095,5,5,-87,-322,-265,-108,-287,408,48,-299,93,37
3096,4,4,-272,31,-195,-299,520,-135,-193,60,-157,-375
3097,1,1,-170,336,-171,-265,67,-217,-265,16,-56,-149
3098,7,7,-105,-173,-151,-44,-167,-107,-484,341,-37,122
3099,1,1,-170,384,-121,-383,74,-174,-176,-41,-42,-252
3100,5,5,-304,-125,-220,241,-338,324,-237,-131,37,21
3101,7,7,-105,-242,-215,-44,-40,-175,-506,414,-37,115
3102,5,5,-257,-138,-208,157,-194,301,-201,-152,-103,45
3103,7,7,-201,-55,-84,36,-72,-111,-406,272,-45,76
3104,3,3,-427,-60,-263,526,-316,76,-411,-78,24,27
3105,2,2,-125,-53,528,-8,-107,-270,-223,-61,-84,-402
3106,2,2,59,-69,404,-2,-379,-384,-154,-142,94,-344
3107,7,7,-155,-292,-412,-94,-92,40,-410,436,-94,86
3108,3,3,-341,-27,-282,384,-340,180,-268,-127,92,-61
3109,7,7,-223,23,-8,83,-175,-188,-433,185,38,60
3110,3,3,-216,44,-152,336,-277,95,-289,-110,-135,-88
3111,7,7,-64,-134,-32,-9,-6,-295,-484,283,-53,82
3112,8,8,-151,-422,-17,141,-200,-28,-92,-243,369,57
3113,5,5,-333,-272,-255,1,-106,436,-149,-229,52,186
3114,4,4,10,-101,11,-323,242,-76,72,-276,-117,-112
3115,5,5,-250,-188,-150,-19,-81,237,-240,-26,-8,142
3116,2,2,-184,114,562,55,-375,-402,-329,-91,33,-388
3117,5,5,-223,-316,-423,122,-61,283,-185,-16,-78,135
3118,6,6,44,-454,-270,-108,-137,97,498,-463,22,-235
3119,5,5,-446,-410,-452,106,-306,666,-258,-340,51,279
3120,3,3,-220,-110,8,465,-276,-192,-526,-92,-30,5
3121,6,6,149,-172,-128,-332,64,-73,305,-277,-182,-279
3122,7,7,-235,-110,136,99,-122,-100,-389,299,-142,-66
3123,4,4,-302,-57,-201,-227,434,-82,-235,42,-201,-47
3124,1,1,-299,303,-100,-123,14,-111,-324,-73,18,-77
3125,7,7,-198,-75,17,137,-267,-340,-739,450,-123,40
3126,1,1,-67,268,-121,-307,19,-113,-92,-138,-35,-202
3127,5,5,-279,-301,-284,15,-110,393,-72,-245,-9,197
3128,2,2,-70,41,484,-19,-349,-360,-246,-75,101,-332
3129,3,3,-267,-75,188,351,-586,-200,-467,-106,208,-115
3130,6,6,202,-281,-142,-238,-186,75,291,-279,-26,-273
3131,3,3,-470,-38,-212,499,-159,144,-308,-61,-107,-62
3132,1,1,-242,365,163,88,-400,-260,-395,14,-1,-281
3133,4,4,-370,-301,-330,-146,376,-28,-232,-143,48,271
3134,2,2,77,-111,445,-29,-385,-263,-265,28,-112,-242
3135,6,6,25,-279,-90,-247,-46,28,469,-457,36,-333
3136,7,7,-350,-99,-74,18,58,-98,-439,247,11,83
3137,4,4,-327,-77,-257,-377,505,-25,-110,-53,-113,-151
3138,3,3,-123,6,-148,311,-316,125,-308,-80,-95,-112
3139,8,8,-176,-346,-33,93,-343,9,-118,-337,556,-104
3140,0,0,347,-148,33,-264,-192,-257,-129,-130,-126,-142
3141,6,6,72,-375,-172,-184,-172,73,479,-471,94,-283
3142,2,2,-216,100,541,161,-408,-399,-374,29,-32,-394
3143,1,1,-217,281,-89,-139,18,-181,-302,-9,8,-35
3144,6,6,87,-544,-261,-186,-137,99,531,-365,57,-266
3145,5,5,-371,-435,-161,-34,8,362,-235,-88,68,169
3146,3,3,-395,-146,-161,349,-90,92,-377,-6,31,88
3147,9,9,-179,-435,-97,21,109,26,-248,-146,-34,385
3148,1,1,-97,265,-138,-232,34,-165,-198,-7,-50,-109
3149,9,9,-329,-300,-238,55,135,-82,-507,65,21,438
3150,3,3,-518,-154,-218,603,-328,-4,-508,-45,181,82
3151,2,2,-53,-11,288,5,-283,-261,-191,-21,131,-168
3152,1,1,-176,241,-96,-146,-21,-136,-270,31,-5,-12
3153,8,8,-75,-347,56,-4,-191,-86,-36,-203,415,-28
3154,4,4,-33,-239,-84,-301,354,-158,-72,-4,-249,-88
3155,4,4,-349,-45,-251,-206,469,-90,-325,-83,-53,109
3156,6,6,20,-326,-142,-172,-96,55,460,-472,92,-298
3157,5,5,-134,-170,-239,174,-198,232,-237,-49,-70,63
3158,8,8,-121,-326,236,99,-302,-248,-134,-207,439,-108
3159,6,6,49,-336,-232,-167,-91,39,484,-482,43,-294
3160,9,9,-292,-360,-212,-32,132,94,-99,-127,10,276
3161,7,7,-84,-169,-14,69,-107,-277,-479,285,-2,118
3162,7,7,-244,-90,4,90,-201,-264,-631,453,-151,61
3163,8,8,-232,-244,-159,122,-233,-16,-204,-267,472,38
3164,6,6,-23,-194,-218,-115,-106,50,422,-419,10,-351
3165,9,9,-329,-399,-202,77,119,-45,-531,-12,31,488
3166,7,7,-209,-91,95,-15,-79,-276,-419,270,121,-83
3167,3,3,-184,-157,-8,272,-140,-5,-209,-64,-83,-30
3168,9,9,-308,-400,-125,89,116,-112,-470,-38,13,477
3169,4,4,-218,-83,-159,-297,470,-132,-308,-47,-177,66
3170,0,0,359,-271,-136,-177,-397,72,-89,5,-161,-69
3171,5,5,-181,-303,-201,62,-285,309,-26,-247,97,93
3172,4,4,-325,-316,-42,-65,405,-149,-368,-72,18,239
3173,6,6,-86,-108,31,-179,-29,-4,341,-430,57,-429
3174,4,4,-310,-167,-216,-331,577,-121,-259,26,-297,-42
3175,1,1,-283,323,-120,-193,94,-162,-323,-34,-47,-50
3176,2,2,-43,15,337,28,-399,-193,-396,109,-105,-156
3177,3,3,-525,-118,-212,574,-256,53,-493,-10,-17,74
3178,0,0,465,-409,-144,-170,-330,5,44,-181,-190,-17
3179,0,0,479,-378,-85,-155,-326,-65,17,-265,-140,-67
3180,2,2,-110,-63,623,85,-620,-469,-357,-41,223,-340
3181,6,6,117,-443,-233,-176,-150,158,392,-283,-19,-279
3182,6,6,85,-397,-193,-285,63,48,424,-308,-172,-231
3183,5,5,-68,-425,-324,-64,-328,393,116,-270,99,35
3184,7,7,-238,-169,-5,155,-115,-122,-463,358,-157,45
3185,0,0,294,-239,4,-150,-198,-81,36,-152,-119,-77
3186,8,8,-83,-244,72,8,-106,-121,-112,-155,344,-29
3187,6,6,-25,-394,-259,-82,-76,61,487,-464,73,-263
3188,4,4,-211,-30,-52,-324,529,-186,-259,-19,-177,-144
3189,7,7,-192,-311,8,46,-57,37,-151,123,-88,8
3190,9,9,-374,-310,-57,37,220,-92,-470,-69,0,412
3191,0,0,311,-199,46,-182,-250,-150,-20,-152,-61,-135
3192,7,7,-259,-81,54,166,-352,-221,-684,390,-105,41
3193,3,3,-463,-114,-28,475,-251,-155,-559,-91,177,107
3194,4,4,-288,-11,-201,-219,442,-131,-268,31,-132,-71
3195,2,2,-57,45,591,21,-468,-492,-315,-38,89,-417
3196,1,1,-90,173,-85,-125,29,-132,-162,12,-22,-75
3197,8,8,-123,-268,-95,-22,-166,-191,-248,-233,524,106
3198,8,8,-336,-277,125,81,-278,-50,-56,-283,608,-253
3199,5,5,-328,-339,-209,-30,-161,507,-114,-271,33,123
3200,9,9,-227,-428,-113,67,135,-83,-428,-20,-88,440
3201,2,2,-54,-43,489,-133,-128,-265,-132,-261,33,-372
3202,7,7,-337,-143,-100,153,-147,-83,-484,373,48,-31
3203,1,1,-101,234,-101,-203,57,-129,-152,-10,-61,-108
3204,8,8,-120,-374,-22,86,-168,-122,-185,-146,420,133
3205,8,8,-90,-228,1,-5,-263,1,32,-226,367,-112
3206,8,8,-197,-181,-120,211,-97,-61,-256,-198,341,-42
3207,2,2,-14,-36,359,45,-290,-394,-203,-61,95,-295
3208,7,7,-338,-45,-22,201,-94,-231,-607,348,-105,53
3209,6,6,54,-389,-260,-195,-130,110,493,-469,27,-217
3210,0,0,332,-214,91,-229,-79,-261,-68,-214,-140,-153
3211,1,1,-97,263,-26,-329,33,-228,-187,-43,-45,-169
3212,2,2,-195,101,469,48,-152,-345,-376,58,-39,-323
3213,7,7,-127,-4,-110,40,-95,-134,-356,167,-14,97
3214,1,1,-156,361,-61,-337,86,-263,-225,-47,-24,-209
3215,0,0,466,-406,24,-197,-367,-134,9,-226,-72,-95
3216,8,8,-302,-74,45,180,-252,-196,-342,2,354,-10
3217,3,3,-512,-87,-246,650,-233,50,-424,-75,-17,-24
3218,6,6,-59,-438,-157,-153,-113,213,328,-456,159,-170
3219,0,0,314,-201,59,-185,-136,-155,19,-195,-175,-159
3220,5,5,-387,-270,-401,127,-326,591,-216,-368,73,169
3221,3,3,-336,-102,-221,566,-282,-44,-443,-94,63,25
3222,6,6,-54,-349,5,5,-159,-12,251,-168,78,-224
3223,2,2,-100,158,578,-24,-223,-520,-434,116,-122,-460
3224,8,8,-94,-355,-112,-2,-242,-16,-87,-290,412,90
3225,7,9,-117,1,-79,-38,-34,-98,-284,82,30,112
3226,0,0,450,-340,-132,-163,-327,-20,26,-195,-152,-79
3227,1,1,-44,244,-129,-260,31,-85,-36,-135,-38,-207
3228,4,4,-147,54,-240,-440,439,-93,-134,-116,-183,-143
3229,2,2,-118,52,511,133,-567,-470,-362,54,116,-419
3230,1,1,-242,304,-129,-153,50,-158,-250,-77,11,-114
3231,1,1,-186,303,-130,-196,33,-148,-215,-133,56,-143
3232,4,4,-283,-212,-24,-85,406,-86,-322,-26,-143,109
3233,4,4,-451,-41,-182,-266,529,-45,-345,-43,-68,76
3234,4,4,-260,-247,-53,-247,542,-95,-239,56,-340,-111
3235,4,4,-422,-84,-176,-238,418,45,-234,-92,-98,90
3236,7,7,-240,-9,18,68,-238,-133,-479,235,-40,34
3237,1,1,-195,239,-119,-121,47,-148,-260,-4,-21,-22
3238,6,6,-43,-266,-165,-185,-93,135,372,-366,69,-228
3239,2,2,-140,198,384,19,-155,-348,-237,-19,-108,-481
3240,9,9,-302,-232,-219,122,124,27,-302,-214,75,298
3241,9,9,-365,-356,-146,82,143,-60,-492,-1,-5,448
3242,0,0,379,-314,-5,-133,-288,-25,-116,-133,-261,14
3243,0,0,227,-70,-67,-225,-192,-114,-11,-118,-59,-131
3244,1,1,-58,297,-126,-351,4,-144,-108,-78,-49,-209
3245,8,8,-45,-170,-57,-19,-222,-96,-124,-223,349,-23
3246,8,8,-37,-281,-85,50,-243,-28,-178,-172,291,99
3247,4,4,-307,-39,-130,-218,447,-125,-314,34,-188,-1
3248,3,3,-523,-146,-214,570,-250,60,-472,-95,96,84
3249,4,4,-413,-135,-280,-201,524,-106,-336,-37,-14,91
3250,2,2,-175,167,283,-125,29,-255,-25,-178,-102,-638
3251,0,0,270,-399,-109,-149,-19,-90,-147,-46,-229,155
3252,6,6,-32,-143,-135,-137,-110,67,285,-378,75,-377
3253,1,1,-62,301,-134,-329,34,-112,-87,-97,-66,-217
3254,6,6,122,-224,-241,-267,-229,109,300,-325,52,-177
3255,1,1,-129,296,-118,-158,-3,-156,-208,-15,-86,-186
3256,2,2,-170,106,581,162,-588,-562,-562,181,16,-387
3257,2,2,-92,17,608,-45,-332,-429,-323,138,-64,-403
3258,2,2,-14,27,542,-18,-408,-437,-276,-53,63,-373
3259,1,1,-230,258,-118,-137,0,-145,-342,18,20,-9
3260,2,2,-70,-186,412,131,-493,-346,-370,26,134,-125
3261,3,3,-461,-260,-241,553,-228,52,-629,108,-100,156
3262,7,7,-285,-52,-66,106,-71,-20,-394,228,-48,19
3263,8,8,-65,-427,-76,103,-183,-154,-338,11,397,170
3264,1,1,-62,255,-63,-230,-88,-212,-212,-128,40,-176
3265,0,0,407,-297,-78,-171,-376,-29,-67,-76,-115,-93
3266,0,0,277,-283,-141,-165,-403,74,61,-76,16,-220
3267,2,2,-298,132,505,139,-466,-438,-522,243,37,-312
3268,1,1,-77,299,-56,-292,22,-124,-99,-144,-2,-204
3269,6,6,171,-225,-196,-230,-147,27,278,-273,13,-226
3270,6,6,99,-305,-294,-170,-94,40,423,-308,-4,-302
3271,0,0,414,-333,-22,-186,-322,-76,-6,-149,-103,-60
3272,1,1,-68,324,-79,-393,17,-212,-176,-57,-34,-213
3273,6,6,18,-433,-186,-197,-198,157,508,-565,94,-236
3274,2,2,-64,52,442,-60,-100,-329,-181,51,-116,-453
3275,5,5,-266,-148,-344,61,-78,369,-92,-64,-133,20
3276,1,1,-63,250,-55,-268,-4,-117,-106,-81,-28,-159
3277,7,7,-195,-120,-153,-23,-89,-60,-390,231,93,87
3278,4,4,-167,-186,-157,-237,369,-53,-154,29,-289,10
3279,8,8,-160,-399,33,180,-408,-91,-190,-198,546,5
3280,2,2,-92,61,344,35,-414,-387,-313,101,65,-190
3281,1,1,-141,261,-137,-205,48,-103,-153,-33,-71,-104
3282,4,4,-249,-172,-68,-149,426,-104,-316,71,-212,52
3283,3,3,-458,-69,-208,563,-254,26,-413,-35,18,-3
3284,8,8,10,-293,65,44,-384,-214,-264,75,359,-40
3285,3,3,-453,-203,-164,545,-204,38,-506,31,-34,76
3286,9,9,-280,-310,-193,-38,136,-28,-412,-4,-3,428
3287,9,9,-92,-395,-90,-29,142,-72,-364,19,-141,359
3288,4,4,-38,-207,-5,-166,286,-103,-186,-113,-197,101
3289,8,8,-260,-368,-211,224,-134,-90,-502,13,307,293
3290,3,3,-469,-177,-57,610,-442,-28,-692,39,74,41
3291,4,4,-182,-29,-75,-322,455,-138,-266,-160,-189,36
3292,7,7,-87,-92,-221,-223,-99,-72,-360,376,-68,19
3293,2,2,-158,137,563,13,-376,-404,-298,-69,-14,-418
3294,7,7,-226,-149,91,76,-63,-247,-462,453,-167,-58
3295,5,5,-203,-452,-322,-40,-239,499,18,-273,38,128
3296,7,7,-126,-204,166,125,-341,-251,-652,418,-106,-19
3297,0,0,344,-311,-71,-159,-197,-63,92,-203,-89,-63
3298,4,4,-351,19,-4,-194,478,-209,-322,42,-215,-195
3299,3,3,-309,-120,-142,398,-250,47,-420,-7,-21,79
3300,3,3,-375,91,-32,413,-166,-2,-336,-80,-119,-210
3301,2,2,-14,93,540,-119,-349,-373,-150,-70,-22,-472
3302,6,6,-42,-261,-128,-94,3,57,285,-211,-31,-125
3303,7,7,-148,-193,-159,-64,-32,-110,-423,322,-66,140
3304,6,6,46,-247,-185,-148,2,38,360,-354,-95,-292
3305,0,0,238,-106,-35,-221,-231,-25,87,-154,-70,-188
3306,0,0,447,-332,-5,-145,-285,-105,-109,-200,-174,-26
3307,6,6,53,-428,-323,-222,25,59,477,-311,-53,-198
3308,7,7,-86,-289,-102,45,-133,-149,-486,322,49,142
3309,7,7,-198,-46,-77,94,-186,-234,-564,346,-41,66
3310,0,0,397,-275,-9,-189,-363,-31,-42,-148,-141,-74
3311,5,5,-280,-293,-352,102,-190,449,-118,-143,89,36
3312,5,5,-323,-272,-302,85,-160,432,-173,-207,-27,190
3313,8,8,-189,-407,-24,152,-393,-49,-164,-226,560,57
3314,1,1,-119,326,-130,-251,33,-154,-200,-35,-84,-172
3315,0,0,444,-312,-42,-203,-516,4,41,-163,-105,-194
3316,7,7,-72,-303,-44,-95,11,-167,-154,238,-33,-40
3317,0,0,303,-226,-183,-176,-257,3,63,-88,-159,-102
3318,2,2,-175,60,439,117,-323,-377,-256,-1,44,-382
3319,8,8,-358,-326,-68,255,-245,-73,-460,-42,439,200
3320,1,1,-136,327,-156,-220,53,-153,-178,-28,-74,-194
3321,5,5,-295,-253,-139,54,-476,446,-206,-259,272,12
3322,0,0,306,-178,-38,-157,-392,42,-199,4,-176,-57
3323,8,8,-65,-542,-36,192,-303,-20,-80,-411,457,2
3324,8,8,-178,-254,-107,131,-352,-5,-155,-129,448,22
3325,0,0,463,-407,-46,-203,-375,-63,8,-212,-77,-63
3326,3,3,-181,-93,-118,339,-343,109,-273,-84,3,-106
3327,2,2,-85,79,559,54,-522,-510,-367,64,25,-374
3328,7,7,-137,-209,36,52,-220,-185,-472,358,-16,66
3329,7,7,-240,-28,240,115,-218,-394,-444,359,41,-218
3330,2,2,-3,-235,314,83,-320,-117,-282,-128,46,-76
3331,6,6,34,-480,-102,-224,-225,117,497,-552,185,-212
3332,4,4,-345,-136,-94,-102,447,-97,-327,14,-144,7
3333,7,7,-417,-132,-4,117,157,-157,-552,281,-198,133
3334,5,5,-268,-299,-304,63,-206,402,-206,-119,1,193
3335,5,5,-204,-207,-131,103,-108,268,-49,-206,1,11
3336,5,5,-308,-240,-497,-28,31,260,-346,127,10,171
3337,2,2,-126,83,372,-132,-64,-462,-302,208,-73,-446
3338,9,9,-261,-389,-94,33,110,-63,-389,-21,30,404
3339,2,2,-105,49,319,15,-321,-274,-234,57,68,-195
3340,8,8,-183,-337,-60,47,-431,69,-116,-262,497,39
3341,4,4,-182,-132,-65,-129,395,-277,-366,-65,-17,0
3342,6,6,-80,-430,-239,-76,-111,215,282,-482,91,-36
3343,8,8,-92,-285,131,100,-310,-222,-159,-154,404,4
3344,6,6,9,-272,-200,-152,-40,17,249,-307,111,-78
3345,5,5,-276,-105,-254,99,-170,402,-124,-120,-106,-38
3346,0,0,400,-324,2,-155,-404,-85,-85,-123,-32,-137
3347,0,0,359,-369,-123,-151,-295,44,68,-167,-123,-20
3348,8,8,-258,-475,85,184,-493,6,-234,-220,635,-5
3349,7,7,-288,-96,114,257,-253,-336,-676,405,-103,-1
3350,6,6,118,-143,-132,-316,22,-9,327,-335,-126,-246
3351,1,1,-153,301,-42,-264,77,-212,-183,-31,-16,-199
3352,7,7,-424,-29,65,219,-94,-419,-690,569,-133,-92
3353,1,1,-204,322,-129,-196,54,-164,-254,-97,33,-98
3354,1,1,-130,312,-87,-255,40,-206,-234,-59,-42,-146
3355,2,2,-156,145,570,-71,-118,-439,-310,38,-73,-577
3356,7,7,-212,-129,-33,88,-223,-119,-521,376,-148,86
3357,4,4,-194,-310,-113,-211,473,-11,-154,-46,-319,-21
3358,0,0,271,-284,-74,-154,-295,-195,-87,-69,115,-100
3359,0,0,420,-348,-91,-229,-426,38,22,-101,-110,-136
3360,7,7,-175,-143,-104,-17,-55,-147,-475,363,-110,132
3361,7,7,76,-287,34,-30,-347,-121,-413,289,-9,27
3362,6,6,-9,-373,-264,-179,-40,86,569,-513,-16,-333
3363,3,3,-344,-58,-249,490,-300,67,-394,-130,-35,31
3364,8,8,-286,-395,149,293,-500,-69,-221,-270,621,-162
3365,6,6,58,-6,-28,-295,-71,-52,223,-282,30,-279
3366,4,4,-323,-19,-160,-261,531,-113,-285,12,-195,-118
3367,2,2,-86,-122,501,205,-418,-423,-285,-111,112,-389
3368,0,0,423,-344,-117,-225,-382,15,6,-68,-150,-106
3369,9,9,-304,-14,-213,-57,-7,-78,-487,46,56,309
3370,4,4,-291,-176,-96,-248,500,-101,-281,13,-214,70
3371,0,0,432,-326,-42,-160,-327,-71,24,-203,-133,-69
3372,5,5,-419,-234,-383,87,-126,545,-157,-338,-106,198
3373,7,7,-74,-209,-99,-32,-41,-135,-335,326,-125,95
3374,8,8,-216,-282,50,206,-315,-197,-291,-187,506,37
3375,2,2,-154,38,262,148,-262,-194,-214,-146,64,-336
3376,7,7,-202,-1,-160,-162,-7,-141,-475,234,-13,155
3377,4,4,-159,-285,-180,-106,290,-32,30,-183,-144,-15
3378,7,7,-176,-186,-285,-67,-52,-35,-373,360,-42,99
3379,1,1,-230,326,-126,-192,80,-175,-268,-42,-16,-96
3380,1,1,-92,267,-136,-294,58,-112,-139,-47,-45,-138
3381,3,3,-535,-134,83,490,-256,-90,-529,-12,120,-21
3382,6,6,36,-457,-257,-168,-95,93,563,-527,65,-324
3383,6,6,73,-391,-190,-150,-154,25,415,-466,179,-239
3384,2,2,98,59,138,-232,-186,-107,113,-291,1,-366
3385,9,9,-215,-394,-62,-3,157,-96,-465,56,-108,392
3386,1,1,-105,308,-105,-249,40,-182,-193,-7,-79,-170
3387,9,9,-324,-247,-185,24,102,-47,-469,-7,5,417
3388,4,4,-242,-274,-144,-102,326,-132,-188,-30,-120,115
3389,8,8,-188,-254,-33,113,-291,-137,-374,-174,536,77
3390,3,3,-529,-15,-286,575,-204,154,-399,-108,-94,-48
3391,6,6,18,-322,-265,-206,-69,96,498,-465,-6,-280
3392,9,9,-328,-453,-313,-139,50,218,-248,-137,36,463
3393,5,5,-222,-207,-164,50,-291,364,-67,-329,83,39
3394,9,9,-99,-369,-45,55,15,-70,-459,123,-160,298
3395,6,6,-5,-337,-227,-170,-96,108,511,-460,-3,-291
3396,2,2,-211,-21,481,14,-243,-358,-345,-26,205,-270
3397,4,4,-227,-187,-182,-321,513,-47,-114,31,-338,-145
3398,6,6,-59,-259,-225,-134,-42,57,437,-465,121,-403
3399,7,7,-29,-235,-306,-123,-188,42,-322,405,-141,2
3400,7,7,-198,-106,-14,101,-230,-232,-614,421,-147,64
3401,0,0,329,-334,-12,-163,-133,-75,25,-184,-98,31
3402,6,6,-84,-224,-201,-138,-30,61,402,-486,38,-300
3403,6,6,-18,-230,-153,-148,64,-47,435,-447,-70,-428
3404,9,9,-44,-346,-62,5,9,-90,-152,-111,54,289
3405,4,4,-207,-181,-111,-133,316,-164,-288,64,-101,85
3406,8,8,-176,-354,-8,238,-298,-185,-437,-20,431,150
3407,3,3,-527,-69,-255,583,-207,40,-491,-17,-43,38
3408,5,5,-334,-296,-361,118,-241,523,-73,-311,-44,64
3409,3,3,-305,-149,-65,594,-373,-118,-547,-156,124,-22
3410,4,4,-226,-158,-175,-211,324,-12,-279,74,-255,150
3411,9,9,-266,-383,-269,5,147,-117,-483,101,61,433
3412,0,0,235,-272,-19,-42,-178,-184,-134,-64,-9,41
3413,0,0,384,-269,-25,-249,-358,-138,-11,-170,-32,-165
3414,5,5,-282,-155,-229,147,-307,343,-81,-354,106,9
3415,2,2,-34,-69,361,53,-238,-282,-286,33,8,-197
3416,5,5,-310,-240,-148,2,-207,424,-196,-211,-9,110
3417,0,0,341,-268,-80,-97,-274,-92,-108,-37,-124,-17
3418,7,7,-253,-5,-83,61,-132,-183,-524,297,-41,96
3419,1,1,-111,288,-120,-246,66,-123,-131,-117,-7,-155
3420,1,1,-133,293,-131,-222,35,-209,-251,40,-76,-126
3421,1,1,-108,272,-122,-220,48,-147,-167,-33,-44,-140
3422,6,0,276,-417,-111,-113,-52,12,149,-388,-135,-116
3423,7,7,-65,-156,-46,33,-103,-273,-480,315,-41,92
3424,6,6,41,-315,-256,-194,-105,132,459,-456,-8,-323
3425,7,7,-147,-134,68,128,-288,-109,-538,264,-159,41
3426,9,9,-294,-497,-251,-40,90,97,-345,-63,24,462
3427,6,6,102,-311,-229,-214,-182,121,370,-343,57,-219
3428,6,6,-45,-212,-103,-145,0,29,375,-399,58,-362
3429,4,4,-316,-121,-192,-175,391,-138,-322,8,-54,151
3430,1,1,-188,211,-93,-162,53,-129,-258,24,-64,13
3431,4,4,-362,-31,-210,-423,593,-127,-290,193,-300,-241
3432,3,3,-339,-172,-165,434,-167,124,-379,-32,-134,58
3433,1,1,-119,340,-129,-264,36,-206,-185,-53,-51,-207
3434,1,1,-57,273,-150,-314,11,-104,-100,-81,-38,-177
3435,2,2,-55,3,451,-61,-142,-212,-205,-43,-65,-330
3436,2,2,-30,-36,275,40,-226,-241,-151,45,8,-194
3437,4,4,-532,16,-179,-74,426,-142,-539,-46,-5,194
3438,1,1,-85,284,-65,-274,23,-168,-176,-40,-54,-156
3439,0,0,313,-284,-83,-151,-359,-56,-135,-16,-19,-65
3440,8,8,-161,-347,-39,100,-192,-42,-34,-261,470,-54
3441,7,7,-195,-160,78,129,-274,-226,-643,352,43,-1
3442,6,6,-19,-325,-242,-192,-120,158,414,-466,73,-227
3443,3,3,-572,-80,-205,570,-78,103,-313,-64,-43,-159
3444,4,4,-115,-244,-243,-193,331,-149,-34,-78,-50,-73
3445,0,0,475,-308,-98,-210,-447,8,-97,-58,-186,-123
3446,0,0,315,-247,-7,-105,-203,-77,-122,-60,-182,-2
3447,6,6,87,-442,-213,-235,75,8,426,-291,-100,-264
3448,3,3,-220,-10,76,356,-168,-239,-496,32,-115,-23
3449,3,3,-387,-119,-234,587,-364,33,-510,-26,3,71
3450,0,0,253,-179,-111,-249,-270,-97,8,-165,9,-140
3451,7,7,-187,-124,-44,136,-183,5,-445,152,-122,116
3452,1,1,-77,279,-76,-362,16,-193,-211,-25,-31,-148
3453,7,7,-151,-19,-12,64,-273,-229,-486,253,41,41
3454,1,1,-188,303,-119,-201,51,-158,-215,-75,8,-118
3455,1,1,-216,344,-114,-231,60,-165,-269,-58,-25,-96
3456,3,3,-406,-225,-191,483,-382,161,-459,-79,147,61
3457,1,1,-17,152,-101,-246,-93,-66,84,-255,-15,-329
3458,0,0,351,-321,-117,-80,-146,-86,-90,-159,-142,7
3459,9,9,-200,-382,-113,-28,128,-63,-535,81,-172,441
3460,9,9,-96,-270,-101,22,69,-37,-125,-107,-16,259
3461,7,7,-219,-222,-153,68,-146,-152,-586,394,41,131
3462,5,5,-301,-287,-310,-5,-267,531,-138,-279,96,126
3463,4,4,-378,-89,-243,-346,635,-122,-292,-85,-155,13
3464,1,1,-261,302,-103,-118,23,-152,-283,-76,53,-105
3465,4,4,-500,-80,-223,-181,500,-52,-350,0,-76,93
3466,8,8,-152,-254,-42,19,-187,37,-27,-245,367,-24
3467,9,9,-222,-434,-185,94,46,-130,-443,-75,200,457
3468,5,5,-225,-379,-263,-68,-171,415,46,-233,-5,130
3469,3,3,-442,-120,5,539,-449,-105,-469,8,177,-80
3470,5,5,-370,-250,-416,47,-274,570,-61,-452,37,153
3471,1,1,-106,302,-107,-263,25,-288,-284,-5,-40,-157
3472,9,9,-242,-334,-92,15,81,-96,-407,54,-24,390
3473,8,8,-170,-486,74,101,-284,-6,-153,-299,471,69
3474,2,2,-118,86,172,-93,21,-231,-350,119,-51,-79
3475,3,3,-259,-142,-52,333,-279,-183,-601,140,37,147
3476,3,3,-370,-123,-81,352,-185,-56,-373,-76,155,115
3477,9,9,-205,-489,-286,67,114,-128,-484,6,151,467
3478,9,9,-285,-439,-69,-16,173,-37,-431,-13,-38,397
3479,0,0,344,-215,-45,-140,-351,-2,-46,-139,-152,-55
3480,1,1,-100,304,-154,-198,-2,-202,-256,-57,-58,-160
3481,0,0,418,-245,-5,-214,-340,-80,-30,-182,-135,-173
3482,2,2,-47,83,466,-102,-187,-330,-244,-60,-56,-316
3483,9,9,-137,-357,-56,-31,85,-98,-441,85,-181,372
3484,3,3,-647,-88,-248,692,-295,116,-519,-31,93,-64
3485,9,9,-357,-398,-147,39,36,64,-463,-20,54,401
3486,3,3,-455,-43,-203,553,-222,54,-563,-11,-87,43
3487,3,3,-365,-172,-158,606,-297,-8,-487,-65,-39,10
3488,6,6,43,-476,-96,-179,4,54,438,-474,57,-304
3489,2,2,-254,206,441,-4,-194,-390,-289,-26,106,-494
3490,4,4,-489,-9,-131,-66,336,-59,-420,-77,6,186
3491,9,9,-265,-250,-56,22,150,-105,-478,109,-59,300
3492,8,8,52,-481,-61,59,-287,-75,-30,-271,342,58
3493,3,3,-485,-56,-316,624,-210,58,-385,-153,44,-11
3494,7,7,-142,-22,65,77,-226,-364,-549,300,16,34
3495,4,4,-353,-24,-164,-228,458,-72,-261,-52,-144,-20
3496,0,0,282,-190,-41,-89,-287,-19,-17,-149,-63,-101
3497,4,4,-128,-167,-116,-187,351,-11,-112,-46,-252,-37
3498,7,7,-76,-101,-137,-100,-132,-25,-303,305,-115,35
3499,8,8,-172,-337,-53,149,-283,-124,-199,-220,496,87
3500,4,4,-294,-252,-130,-222,511,-10,-196,-32,-298,-13
3501,9,9,-277,-343,-153,89,57,-34,-472,34,14,395
3502,8,8,-256,-389,-108,139,-212,-46,-102,-229,545,37
3503,9,1,-346,117,-65,-57,14,-71,-383,-30,76,117
3504,9,9,-193,-331,-165,147,30,-129,-444,-14,49,380
3505,7,7,-239,-53,-48,72,-164,-155,-504,338,-81,69
3506,5,5,-378,-155,-427,82,-65,394,114,-467,-22,-133
3507,9,9,-200,-464,-89,61,140,-137,-435,-1,-9,433
3508,2,2,-79,118,513,-5,-389,-363,-440,81,-127,-289
3509,8,8,-170,-479,-71,178,-451,84,-69,-233,467,24
3510,2,2,16,89,494,-107,-441,-454,-280,-29,74,-327
3511,2,2,5,-61,375,36,-348,-297,-476,178,-70,-163
3512,0,0,335,-303,-60,-159,-343,-60,-115,-44,-32,-39
3513,2,2,-93,137,569,-82,-311,-379,-356,72,-117,-376
3514,2,2,-115,-117,548,133,-675,-394,-372,2,212,-279
3515,3,3,-383,-80,-241,577,-302,2,-615,-104,-89,127
3516,8,8,-263,-297,-112,158,-111,13,-202,-184,292,180
3517,4,4,-408,-306,-27,-116,583,-86,-247,-79,-193,-72
3518,6,6,-74,-292,-139,-142,-46,116,358,-408,91,-245
3519,8,8,-167,-243,-62,38,-203,-5,6,-225,398,-54
3520,6,4,-183,-411,22,-103,240,-64,52,-96,-27,-173
3521,8,8,-212,-408,73,107,-391,-35,-41,-355,590,-143
3522,2,2,-201,283,454,1,-318,-404,-344,70,-54,-450
3523,4,4,-109,-42,-139,-367,399,-134,-194,-108,-210,17
3524,6,6,66,-433,-215,-144,-30,0,443,-291,-77,-198
3525,7,7,-268,-147,133,155,-379,-242,-705,377,58,-35
3526,9,9,-132,-396,-122,57,35,-148,-377,-44,43,420
3527,3,3,-413,-45,-312,514,-190,137,-423,-157,-52,92
3528,3,3,-441,-150,-181,598,-262,28,-419,-140,99,4
3529,9,9,-135,-302,-137,-56,129,-151,-356,59,-10,317
3530,4,4,-124,-23,-173,-290,343,-82,-180,-6,-203,-102
3531,3,3,-455,-101,-321,596,-312,122,-414,-114,67,23
3532,1,1,-135,242,-75,-157,1,-118,-154,-75,18,-133
3533,4,4,-133,-192,-67,-79,195,-35,-268,-13,-130,190
3534,4,8,-2,-256,0,-220,162,-224,-13,-167,169,-116
3535,7,7,-137,-209,-178,-84,-140,-120,-427,501,-152,42
3536,0,0,343,-317,-187,-49,-224,-15,-12,-266,-75,-37
3537,5,5,-301,-79,-355,75,-439,452,-241,-285,146,60
3538,9,9,-362,-277,-211,34,135,-90,-541,-26,27,488
3539,6,6,50,-353,-227,-88,-204,63,403,-412,55,-149
3540,0,0,324,-412,20,-137,11,-112,-34,-194,-133,-15
3541,4,4,-91,-217,-159,-229,327,-114,-59,-2,-175,-93
3542,4,4,-144,-177,173,-310,561,-255,-186,-291,-72,-270
3543,4,4,-197,-60,38,-94,333,-122,-96,-116,-177,-228
3544,4,4,-127,-191,-121,-144,278,-118,-133,10,-97,41
3545,6,6,35,-451,-338,-160,-37,63,585,-501,15,-278
3546,1,1,-96,304,-56,-289,-1,-141,-112,-120,-5,-223
3547,2,2,-72,-121,481,105,-251,-252,-406,96,-131,-278
3548,3,3,-273,-163,-167,525,-264,-14,-464,-74,25,55
3549,3,3,-300,-184,37,445,-375,-83,-344,22,172,-175
3550,6,6,131,-424,-252,-153,-274,215,281,-240,20,-148
3551,4,4,-314,-51,-184,-202,442,-152,-345,-24,-70,75
3552,5,5,-103,-112,-233,-39,-123,254,-111,7,36,-5
3553,9,9,-221,-360,-150,20,115,-122,-409,6,83,393
3554,6,6,-42,-271,-181,-170,-44,75,502,-509,12,-409
3555,8,8,-141,-552,-40,128,-271,-4,2,-326,523,17
3556,5,5,-246,-304,-351,25,-146,407,-101,-46,34,28
3557,6,6,49,3,-78,-273,-126,-57,249,-358,66,-354
3558,5,5,103,-234,-123,58,-253,129,-106,-152,-29,-60
3559,8,8,19,-212,-59,-44,-275,117,33,-79,184,-122
3560,6,6,11,-435,-291,-156,-59,95,576,-492,-4,-302
3561,4,4,-356,53,-195,-188,398,-84,-265,-60,-76,9
3562,1,1,-115,342,-125,-298,72,-181,-167,-51,-76,-215
3563,8,8,-275,-273,-130,242,-284,36,-145,-245,497,-145
3564,6,6,102,-220,-101,-215,-138,5,332,-318,75,-299
3565,5,5,-209,-199,-263,18,-284,387,16,-177,37,-48
3566,2,2,-58,112,521,-83,-394,-430,-268,4,33,-350
3567,8,8,-2,-134,-99,-86,-171,17,-80,-25,207,-43
3568,4,4,-76,-27,-120,-318,372,-104,-58,-153,-166,-111
3569,5,5,-272,-334,-389,-9,-210,559,-74,-227,-70,151
3570,5,5,-414,-270,-373,156,-219,532,-254,-248,64,146
3571,4,4,-185,-176,-112,-132,228,36,-24,-151,-42,47
3572,7,7,-151,-115,-102,71,-151,-162,-476,311,-35,105
3573,7,7,-394,-115,156,159,-83,-273,-589,398,-67,-72
3574,0,7,118,-126,-38,-104,-289,23,-238,166,-64,-55
3575,7,7,-218,-296,-43,-59,1,-63,-355,224,139,56
3576,8,8,-315,-259,37,173,-286,-132,-384,-43,462,109
3577,2,2,-39,0,403,-24,-380,-310,-184,-32,114,-263
3578,2,2,-57,-15,319,74,-353,-259,-267,95,-2,-182
3579,3,3,-394,-70,-108,547,-250,1,-574,-64,-96,31
3580,7,7,-164,-3,-69,-35,-167,-227,-494,260,72,39
3581,0,0,387,-358,-50,-125,-223,-139,-111,-200,-105,27
3582,1,1,-158,268,-133,-215,77,-89,-169,-105,0,-91
3583,8,8,-242,-293,-82,117,-226,-39,-216,-114,430,133
3584,0,0,437,-283,-84,-214,-386,8,-47,-118,-162,-110
3585,7,7,-293,-96,-22,163,-257,-178,-634,427,-168,59
3586,1,1,-221,367,-21,-215,-17,-191,-173,-133,57,-247
3587,9,9,-244,-444,-222,57,117,-137,-518,124,13,444
3588,8,8,-112,-421,-37,145,-324,-85,-147,-284,513,64
3589,7,7,-155,-158,-76,38,-148,-141,-445,324,-71,122
3590,5,5,-337,-141,-318,145,-283,449,-235,-270,32,130
3591,5,5,-333,-370,-176,183,-231,308,-119,-207,200,68
3592,9,9,-244,-294,-41,50,132,-107,-387,28,13,291
3593,1,1,-165,373,-134,-386,95,-261,-233,-45,-18,-208
3594,7,7,-272,-112,-62,65,-124,-196,-576,393,-81,114
3595,5,5,-246,-213,-400,-23,-129,447,-161,-48,8,40
3596,4,4,-324,-245,-130,-171,502,-90,-299,25,-257,108
3597,9,3,-231,-36,-146,171,-26,-10,-423,-57,-53,171
3598,1,1,-321,260,-51,-88,24,-36,-251,-152,61,-157
3599,2,2,-159,40,200,65,-238,-151,-256,157,-14,-159
3600,2,2,-98,120,425,27,-487,-460,-342,-19,162,-317
3601,1,1,-167,191,-192,-180,92,-8,32,-298,-4,-270
3602,6,6,28,-401,-197,-172,-66,57,580,-544,-39,-388
3603,6,6,56,-412,-211,-187,-132,60,560,-437,17,-310
3604,7,7,12,-193,-182,-178,-100,4,-122,288,-75,-220
3605,1,1,-62,285,-95,-317,-24,-172,-100,-141,-2,-260
3606,1,1,-72,154,-99,-209,-28,-53,-80,-51,22,-70
3607,4,4,-430,-243,-139,-81,397,-37,-336,-8,-68,205
3608,0,0,510,-392,-55,-199,-355,-70,8,-188,-191,-32
3609,7,7,-151,-146,16,85,-235,-172,-521,306,-75,85
3610,4,4,-336,-61,-141,-308,574,-140,-350,-29,-141,-4
3611,2,2,-126,143,550,58,-508,-539,-441,102,57,-407
3612,4,4,-412,-260,-207,-229,520,-20,-308,59,-205,110
3613,0,0,301,-257,-77,-128,-280,-39,-73,-90,-28,-68
3614,6,6,54,-439,-231,-230,14,14,402,-260,10,-164
3615,4,4,-113,-198,-81,-161,320,-149,-128,-144,-95,80
3616,7,7,-237,-70,-86,34,-63,-229,-531,315,-47,157
3617,6,6,-28,-206,-137,-135,23,26,352,-320,-9,-347
3618,9,9,-286,-396,-154,81,-39,-142,-495,126,191,362
3619,5,5,-312,-238,-280,194,-360,506,-237,-265,39,38
3620,3,3,-321,-240,-191,573,-165,-39,-556,-25,-57,122
3621,4,4,-440,-241,-139,-133,555,-78,-368,39,-166,67
3622,6,6,28,-297,-273,-147,-57,87,461,-439,-87,-276
3623,5,5,12,-210,-375,-64,-213,269,-32,-15,37,-12
3624,0,0,384,-541,-106,-76,-260,-75,56,-231,66,-17
3625,1,1,-39,242,-88,-253,-28,-139,-84,-102,-8,-191
3626,8,8,-212,-216,34,257,-401,-198,-235,-71,408,-43
3627,8,8,-104,-261,15,-17,-57,-153,-156,-189,426,-13
3628,2,2,-87,-86,592,66,-360,-431,-439,70,37,-294
3629,8,8,21,-437,-47,53,-252,-17,-11,-340,340,-33
3630,3,3,-659,29,-204,673,-223,20,-606,-5,-52,-51
3631,5,5,-304,-329,-313,67,-309,502,-246,-193,26,206
3632,7,7,-224,-123,-30,47,-186,-136,-528,387,-120,79
3633,8,8,-284,-422,-78,244,-333,-73,-307,-239,585,124
3634,0,0,237,-226,-30,-137,-78,-199,-150,-115,-84,4
3635,8,8,-74,-575,91,12,-74,-109,121,-538,445,-44
3636,5,5,-269,-376,-290,82,-211,432,-147,-173,-14,173
3637,7,7,-117,-50,-25,49,-144,-327,-545,352,-10,50
3638,1,1,-94,344,-102,-350,51,-200,-179,-87,-67,-205
3639,1,1,-195,268,-163,-191,64,-121,-235,-15,-57,-54
3640,0,0,179,-183,-15,-78,-246,-2,-149,36,-47,-11
3641,1,1,-208,277,-103,-183,71,-144,-244,-24,-32,-57
3642,3,3,-413,-110,-294,634,-366,10,-563,-79,25,126
3643,7,7,-245,-87,-10,181,-312,-312,-731,391,-31,75
3644,8,8,-150,-261,-173,100,-132,-64,-197,-207,398,114
3645,5,5,-140,-211,-203,-23,-276,340,-204,-101,56,103
3646,0,0,346,-232,-37,-193,-228,-66,78,-245,-123,-170
3647,7,7,-352,-118,-15,247,-182,-186,-637,395,-146,65
3648,1,1,-135,333,-105,-267,40,-160,-172,-65,-49,-175
3649,1,1,-202,298,-46,-166,-39,-159,-208,-64,35,-143
3650,0,0,364,-314,27,-162,-250,-177,-81,-200,-49,-44
3651,1,1,-244,344,-136,-193,62,-177,-278,-62,-3,-100
3652,1,1,-46,277,-102,-309,38,-114,-68,-119,-54,-204
3653,4,4,-157,-79,-54,-158,296,-100,-216,-8,-152,49
3654,5,5,-95,-102,-172,-66,-271,219,80,-289,131,-85
3655,2,2,-78,163,483,-92,-375,-373,-274,12,-7,-354
3656,7,7,-494,-126,35,206,-13,-174,-659,420,-186,32
3657,6,6,83,-391,-344,-233,-17,85,519,-351,-140,-288
3658,2,2,-151,243,456,-149,-173,-431,-310,68,-1,-454
3659,3,3,-523,-212,-249,619,-250,85,-546,37,-41,124
3660,0,0,440,-377,-52,-177,-247,-127,46,-225,-115,-41
3661,2,2,-50,-18,429,2,-184,-294,-236,28,-94,-299
3662,8,8,67,-336,-61,-57,-2,-116,-42,-378,205,-53
3663,5,5,-265,-222,-372,-1,-228,437,-228,-106,8,160
3664,9,9,-120,-318,-103,4,126,-104,-305,-25,-42,312
3665,6,6,119,-336,-305,-297,85,57,372,-262,-254,-194
3666,9,9,-222,-396,-159,85,94,-171,-486,60,88,409
3667,7,7,-45,-186,-39,-43,-202,-192,-476,347,-44,89
3668,2,2,-54,57,586,16,-232,-369,-384,38,-221,-444
3669,1,1,-104,286,-120,-237,28,-121,-165,-108,-3,-138
3670,3,3,-575,-71,-45,605,-348,-4,-635,-8,16,-13
3671,6,6,-58,-320,-152,-142,-92,56,520,-512,35,-383
3672,4,4,-182,-137,-100,-253,369,-149,-147,-87,-168,53
3673,1,1,-160,270,-122,-216,67,-178,-265,-5,-63,-53
3674,8,8,-185,-203,-8,64,-367,117,-234,-69,306,37
3675,2,2,-77,73,516,32,-248,-267,-345,40,-230,-378
3676,4,4,-349,-71,-116,-221,528,-102,-285,-2,-168,-58
3677,0,0,443,-344,-117,-157,-445,7,-2,-175,-63,-171
3678,5,5,-318,-248,-407,87,-107,457,-11,-290,-29,75
3679,1,1,-119,335,-142,-268,38,-203,-241,11,-102,-159
3680,0,0,327,-277,-156,-123,-395,82,-38,-53,-62,-168
3681,2,2,-207,-42,377,182,-400,-204,-397,-3,167,-289
3682,2,2,11,-206,379,41,-131,-212,-157,-110,-107,-259
3683,6,6,72,-260,-170,-228,-66,34,425,-337,3,-281
3684,4,4,-255,-162,-43,-125,432,-100,-312,18,-217,-1
3685,4,4,-38,-178,-25,-187,301,-143,-87,-115,-125,21
3686,3,3,-393,-188,-118,490,-270,-58,-467,-90,123,128
3687,9,9,-113,-423,-174,23,-32,-45,-199,-112,82,405
3688,6,6,-105,54,-156,-178,29,18,173,-354,39,-280
3689,1,1,-113,325,-124,-260,35,-160,-202,-27,-93,-158
3690,6,6,13,-267,-208,-125,-38,143,293,-273,-62,-160
3691,5,5,-371,-324,-338,60,-263,573,40,-437,68,-15
3692,7,7,-124,-239,-286,-15,-125,-18,-404,390,-76,101
3693,9,9,-309,-249,-173,-8,136,-64,-435,-23,49,413
3694,2,2,-216,223,412,-84,-211,-326,-252,-3,84,-435
3695,0,0,360,-329,92,-159,-148,-303,-106,-162,-27,-91
3696,2,2,-54,-27,444,69,-450,-368,-286,-17,123,-243
3697,6,6,60,-466,-220,-95,-217,113,450,-499,75,-160
3698,0,0,257,-175,-57,-151,-275,-26,-4,-75,-56,-119
3699,1,1,-138,261,-96,-217,52,-145,-192,-27,-34,-73
3700,4,4,-248,-81,-176,-218,460,-155,-243,-51,-168,-40
3701,3,3,-463,-128,-168,526,-247,4,-441,-97,116,77
3702,5,5,-294,-137,-209,119,-84,228,-161,-101,61,15
3703,2,2,-118,150,463,-19,-352,-333,-337,65,-50,-298
3704,8,8,-174,-318,-135,60,-256,-14,-201,-140,524,100
3705,8,8,-397,-88,58,-72,-111,10,11,-235,482,-374
3706,0,0,338,-336,117,-150,-387,-160,-130,-119,13,-87
3707,8,8,-107,-278,-69,184,-220,-183,-309,-75,371,149
3708,8,8,-286,-273,224,148,-375,-91,-193,-112,465,-119
3709,9,9,-287,-307,-179,47,83,-10,-481,42,-11,405
3710,0,0,239,-275,13,-103,-127,-109,-71,-68,-120,55
3711,9,9,-346,-357,-264,30,216,-128,-541,14,48,496
3712,6,6,93,-413,-252,-128,-96,-7,528,-560,48,-280
3713,7,7,-239,-6,43,42,-144,-191,-425,380,-47,-97
3714,6,6,-56,-420,-245,-175,-42,188,506,-492,-19,-286
3715,3,3,-586,-56,-98,581,-266,-31,-607,26,42,19
3716,9,9,-371,-264,-293,256,71,21,-499,-184,109,379
3717,3,3,-515,-185,-310,577,-146,99,-459,-151,69,161
3718,4,4,-303,-106,-181,-104,281,-106,-325,17,6,225
3719,7,7,-203,-106,15,115,-226,-254,-618,366,-77,98
3720,7,7,-352,-172,28,219,-170,-169,-672,423,-176,77
3721,7,7,-255,-15,-1,106,-280,-237,-601,307,-2,65
3722,4,4,-189,-110,-107,-281,454,-109,-239,36,-283,-64
3723,9,9,101,-526,-189,-13,-12,-58,-70,-234,87,313
3724,0,0,382,-311,-82,-190,-238,-65,-31,-143,-109,-92
3725,6,6,-72,-214,-97,-76,-46,59,320,-297,8,-228
3726,4,4,-309,-129,-120,-15,260,-114,-333,11,-105,177
3727,8,8,-182,-599,-68,153,68,10,-206,-268,250,224
3728,4,4,-302,27,-237,-269,430,-103,-238,-122,-26,31
3729,2,2,-127,113,458,182,-448,-435,-454,62,-55,-379
3730,7,7,-161,-187,-179,-110,-64,-86,-511,361,-71,157
3731,2,2,-53,-5,592,15,-335,-347,-482,60,-120,-305
3732,8,8,-100,-82,-79,-114,-208,-76,-120,-242,358,-3
3733,1,1,-147,343,-94,-299,92,-223,-226,-16,-85,-199
3734,0,0,380,-277,-103,-175,-383,9,-41,-39,-167,-75
3735,0,0,466,-314,-61,-201,-410,-1,-16,-171,-214,-58
3736,7,7,-216,65,55,177,-394,-273,-577,242,15,-38
3737,8,8,-133,-420,-25,129,-168,-106,-140,-232,482,-12
3738,3,3,-164,-44,-126,371,-211,49,-219,-129,-123,-155
3739,3,3,-274,-105,-148,335,-131,62,-173,-78,16,6
3740,3,3,-446,5,-303,568,-271,168,-439,-13,-90,-69
3741,1,1,-238,316,-154,-165,38,-147,-256,-76,-8,-108
3742,3,3,-256,-239,-130,375,-272,-98,-357,-87,176,160
3743,7,7,-197,-125,-22,133,-280,-227,-633,344,-15,84
3744,6,6,67,-410,-152,-138,-167,148,416,-475,11,-330
3745,1,1,-125,275,-99,-225,53,-126,-156,-123,13,-140
3746,3,3,-410,-165,-179,483,-300,40,-439,89,0,57
3747,1,1,-203,267,-131,-158,68,-131,-212,-126,44,-101
3748,6,6,16,-158,-101,-182,-128,60,280,-339,73,-320
3749,6,6,76,-166,-288,-186,49,73,199,-125,-215,-139
3750,5,5,-349,-310,-314,93,-108,432,-152,-170,62,140
3751,7,7,-241,10,104,81,-37,-136,-266,189,-7,-137
3752,4,4,-41,-193,-20,-280,427,-230,-158,-61,-229,-77
3753,7,7,-187,-77,-68,86,-240,-250,-591,378,-25,58
3754,5,5,-220,-324,-316,140,-264,374,25,-259,-31,2
3755,9,9,-104,-326,70,6,-21,-188,-262,-157,186,242
3756,5,5,-175,-250,-241,36,-126,308,-167,-168,-29,190
3757,8,8,-91,-200,-36,74,-163,-3,-72,-142,200,-54
3758,4,4,-416,-118,-182,-126,435,-24,-355,-77,0,192
3759,9,9,-300,-312,-91,70,118,-102,-428,14,-21,395
3760,9,9,-238,-365,-205,4,103,-84,-426,-67,57,480
3761,1,1,-92,197,-48,-131,20,-123,-154,-34,3,-77
3762,6,8,-162,-166,-95,54,-52,75,131,-226,149,-231
3763,5,5,-290,-271,-134,13,-28,290,-163,-101,110,69
3764,0,0,233,-190,-125,-130,-316,23,-92,70,-75,-72
3765,1,1,-212,319,-158,-208,73,-146,-251,-84,8,-79
3766,3,3,-380,-13,-226,466,-380,137,-334,-85,71,-117
3767,7,2,-278,46,389,39,-283,-277,-438,195,144,-297
3768,0,0,420,-474,-167,-93,-378,22,101,-254,-22,-151
3769,3,3,-450,-182,-300,515,-207,-8,-618,56,81,195
3770,4,4,-142,-205,-103,-255,420,-202,-208,1,-223,0
3771,8,8,-183,-383,-38,10,-165,21,-36,-186,419,89
3772,2,2,-199,27,487,309,-705,-575,-580,217,106,-309
3773,2,2,-114,7,398,-5,-327,-215,-163,-105,145,-268
3774,0,0,294,-290,-144,-90,-336,51,-31,-81,-37,-64
3775,2,2,-146,61,563,4,-408,-243,-266,-19,-39,-397
3776,5,5,-281,-109,-93,32,-410,348,-168,-220,210,-23
3777,1,1,-123,234,-112,-190,49,-92,-129,-94,-4,-108
3778,5,5,61,-204,51,-209,-287,175,22,-111,37,-121
3779,1,1,-233,298,-137,-202,112,-150,-271,-56,-37,-48
3780,4,4,-18,-101,106,-406,332,-172,144,-328,-128,-456
3781,8,8,-91,-188,-51,-126,-85,-132,-90,-271,387,18
3782,8,8,-113,-308,240,168,-377,-184,-216,-107,434,-131
3783,9,9,-311,-382,-49,41,173,-88,-506,37,-81,400
3784,1,1,-170,289,-115,-212,14,-155,-264,-71,19,-76
3785,2,2,-70,102,335,-9,-315,-446,-390,65,83,-182
3786,1,1,-262,331,-136,-131,23,-151,-264,-106,49,-143
3787,3,3,-138,-171,-24,410,-338,-51,-458,-80,31,-28
3788,5,5,-288,-365,-371,12,-318,601,-142,-304,38,170
3789,1,1,-186,279,-162,-153,-17,-131,-198,-196,97,-173
3790,0,0,345,-213,-65,-122,-273,12,-92,-150,-238,-16
3791,9,9,-79,-329,-77,-2,13,-42,-401,110,-139,283
3792,4,4,-311,-183,-36,-212,448,-46,-146,-41,-152,-138
3793,4,4,-267,-119,-82,-208,391,-12,-202,-124,-168,69
3794,8,8,-403,-140,14,249,-236,-233,-397,-11,461,18
3795,3,3,-542,-40,-13,436,-212,-63,-575,168,19,-38
3796,2,2,-33,47,171,-20,-326,-271,-249,13,168,-118
3797,5,5,-346,-318,-337,23,-264,531,-161,-275,35,213
3798,9,9,-357,-220,-154,-81,228,-114,-549,49,-49,435
3799,7,7,-84,-170,89,107,-408,-113,-658,387,-167,-40
3800,6,6,-64,-138,-107,-120,-45,57,268,-322,82,-337
3801,6,6,203,-195,-183,-317,21,-76,311,-323,-159,-263
3802,2,2,-134,73,536,16,-180,-355,-320,-8,-76,-380
3803,0,0,315,-260,-18,-103,-159,-128,-157,-203,-107,-31
3804,0,0,307,-292,-75,-134,-189,-113,-53,-145,-26,-17
3805,0,0,408,-271,-68,-207,-311,-31,37,-189,-158,-105
3806,5,5,-87,-410,-455,5,-76,202,-26,4,152,65
3807,8,8,-190,-365,-34,26,-334,17,-179,-187,574,73
3808,7,8,-149,-75,-2,-40,-232,-87,-352,121,206,9
3809,1,1,-112,297,-158,-255,77,-144,-132,-46,-58,-185
3810,5,5,-285,-376,-208,64,-179,349,-92,-310,78,214
3811,2,2,31,-275,132,49,49,-181,-241,-31,-79,-51
3812,3,3,-461,-34,-66,522,-91,-88,-495,23,-65,-81
3813,8,8,-252,-435,86,149,-429,1,-130,-220,617,-88
3814,5,5,-263,-291,-287,-36,-285,515,-88,-286,97,89
3815,1,1,-106,341,-119,-303,38,-161,-155,-92,-57,-216
3816,8,8,-249,-429,-86,121,-343,56,-71,-257,577,12
3817,2,2,-65,-160,494,-55,74,-370,-202,-247,50,-374
3818,0,0,231,-329,-167,-156,24,-6,88,-139,-241,-49
3819,4,4,-239,-262,-125,-276,504,-48,-240,15,-379,43
3820,9,9,45,-375,-23,-39,-24,-121,-392,110,-182,271
3821,9,9,-389,-419,-239,-85,267,126,-195,-117,-119,383
3822,6,6,81,-316,-255,-249,16,43,426,-297,-107,-237
3823,2,2,-41,24,445,-19,-124,-343,-415,-35,-121,-215
3824,3,3,-491,-170,-159,566,-271,6,-501,-5,83,96
3825,3,3,-473,-129,-297,628,-231,95,-352,-118,-25,-11
3826,5,5,-215,-142,-341,-67,-115,404,-123,-83,84,9
3827,6,6,79,-293,-224,-191,-56,17,413,-337,23,-192
3828,4,4,-317,-191,-41,-165,442,-123,-318,64,-194,92
3829,8,8,-244,-409,206,-24,-273,41,-49,-358,526,-100
3830,0,0,451,-361,-105,-190,-361,-39,-4,-136,-140,-62
3831,9,9,-208,-218,-169,-19,84,-131,-420,54,56,328
3832,2,2,-44,-140,470,71,-460,-420,-385,137,100,-141
3833,8,8,-141,-87,-38,64,-249,-144,-307,-60,340,40
3834,3,3,-484,-26,110,558,-448,-210,-558,48,94,-120
3835,6,6,146,-394,-240,-233,-60,-2,434,-329,10,-266
3836,7,7,-362,-201,-314,-99,228,-84,-393,463,-185,37
3837,5,5,-280,-182,-266,56,-311,435,-263,-245,50,151
3838,7,7,-398,-8,-104,-44,169,-76,-408,170,-2,19
3839,2,2,-168,11,543,153,-530,-496,-405,-46,231,-327
3840,9,9,-49,-414,-82,42,61,-65,-312,-69,-39,355
3841,4,4,-297,-345,33,-130,534,-181,-200,-82,-174,-101
3842,9,9,-271,-433,-201,2,112,10,-404,-37,-29,474
3843,1,1,-82,248,-92,-222,28,-119,-130,-56,-38,-139
3844,2,2,-83,6,452,27,-145,-323,-256,97,-109,-403
3845,8,8,-191,-373,-24,101,-320,-121,-253,-311,621,67
3846,6,6,43,-104,-255,-230,109,-19,158,-178,-98,-173
3847,0,0,335,-228,-70,-173,-318,24,-41,-70,-139,-75
3848,7,7,-262,-25,167,165,-122,-418,-502,417,-75,-239
3849,0,0,408,-256,-61,-197,-366,-17,-57,-78,-193,-58
3850,9,9,-228,-305,-112,-61,259,-136,-293,-48,10,305
3851,1,1,-41,182,-42,-181,7,-91,-63,-71,-10,-136
3852,1,1,-130,232,-143,-181,56,-154,-207,0,-27,-91
3853,6,6,85,-238,49,-112,-198,-27,173,-370,149,-155
3854,7,7,-228,-147,-88,42,-118,-106,-495,391,-176,113
3855,5,5,67,-166,-381,-164,-343,319,-39,-100,112,-155
3856,9,9,-490,-162,-211,145,154,-33,-563,94,-32,289
3857,9,9,-296,-204,-188,-16,88,-111,-534,78,47,394
3858,1,1,-132,292,-124,-229,85,-184,-194,3,-76,-161
3859,9,2,-111,-228,89,49,73,-140,-232,-39,-36,88
3860,5,5,-361,-290,-277,60,-95,425,47,-394,80,-23
3861,9,9,-326,-352,-143,-6,128,-32,-451,-72,91,443
3862,2,2,-153,175,292,54,-300,-271,-471,216,-216,-206
3863,5,5,-286,-309,-224,-121,-257,464,119,-456,166,14
3864,0,0,331,-298,-8,-148,-319,-67,-9,-169,-14,-74
3865,4,4,-369,-83,-125,-266,599,-79,-279,-68,-210,-98
3866,1,1,-265,358,-180,-211,92,-121,-251,-138,0,-113
3867,0,0,319,-228,-25,-160,-133,-156,73,-240,-188,-65
3868,8,8,-156,-213,-10,119,-290,-154,-255,-190,463,2
3869,9,4,-220,-223,-267,-152,305,-143,-351,-70,3,259
3870,0,0,348,-316,-43,-153,-247,-118,-19,-119,-77,-16
3871,8,8,-101,-337,-9,244,-410,-11,-269,-208,347,55
3872,9,9,-203,-441,-149,82,34,-134,-497,64,43,434
3873,8,8,-83,-247,-34,7,-217,-47,-67,-199,413,-59
3874,9,9,-127,-283,-147,31,73,-88,-277,-25,16,314
3875,4,4,-315,-280,-16,-50,468,-127,-303,4,-254,6
3876,2,2,16,44,311,-16,-351,-335,-167,-82,99,-288
3877,5,5,-299,-334,-285,153,-209,451,-168,-218,19,88
3878,7,7,-251,-67,-111,65,-102,-183,-528,264,4,175
3879,9,9,21,-320,-84,-84,37,-64,-270,38,-183,278
3880,8,8,-214,-206,-24,94,-284,-35,-93,-196,372,3
3881,9,9,-111,-302,-78,-6,51,-82,-334,69,-39,277
3882,8,8,-262,-368,-82,153,-362,-30,-174,-286,596,46
3883,0,0,447,-247,-67,-182,-305,-65,-63,-173,-226,-103
3884,9,9,-33,-476,-165,-11,17,-10,-189,-72,-50,380
3885,9,9,-89,-391,-74,2,124,-124,-383,16,-112,376
3886,6,6,28,-453,-267,-85,-104,66,515,-406,-3,-231
3887,8,8,-187,-339,67,101,-300,-98,-82,-208,531,-69
3888,9,9,-38,-395,-144,42,29,-80,-265,0,-31,318
3889,9,9,-290,-397,-125,102,68,-168,-558,90,81,405
3890,5,5,-415,-261,-433,257,-351,579,-262,-251,201,-13
3891,9,9,-230,-359,-175,2,86,-44,-377,-53,69,419
3892,8,8,-344,-210,-26,-33,-67,29,-76,-351,492,-103
3893,5,5,-55,-164,-184,16,-25,150,48,-180,-33,-25
3894,1,1,-115,270,-85,-205,2,-182,-231,-1,-13,-102
3895,0,0,300,-245,-11,-111,-211,-160,-90,-134,-57,-23
3896,3,3,-523,-142,-212,590,-313,59,-478,-46,88,81
3897,3,3,-400,-68,-179,473,-296,-60,-407,-67,109,47
3898,5,5,-341,-316,-228,149,-180,381,-229,-184,95,156
3899,2,2,-152,-82,413,163,-266,-288,-333,57,17,-228
3900,1,1,-142,299,-114,-234,51,-220,-311,-16,-75,-79
3901,6,6,127,-418,-147,-230,-122,31,436,-371,109,-225
3902,5,5,-190,-337,-184,162,-186,318,-113,-183,-60,49
3903,0,0,447,-317,28,-186,-341,-132,63,-261,-107,-201
3904,2,2,-158,56,507,64,-518,-442,-424,71,116,-235
3905,8,8,-316,-131,-5,165,-161,-97,-275,-101,371,11
3906,1,1,-345,265,115,248,-454,-268,-648,104,-52,-112
3907,5,5,-368,-243,-383,99,-224,556,-148,-162,24,19
3908,6,6,-11,-263,-139,-181,-93,53,427,-512,105,-368
3909,2,2,-126,-9,494,89,-507,-397,-456,163,39,-216
3910,3,3,-410,-76,-184,662,-315,-41,-595,-49,-88,3
3911,0,0,339,-368,94,-139,-81,-222,-2,-246,-48,-19
3912,2,2,-90,-48,459,-98,16,-244,-132,-149,-80,-429
3913,2,2,50,-240,376,4,-38,-259,-218,-120,-94,-201
3914,6,6,-8,-278,-176,-99,-57,36,392,-327,37,-221
3915,4,4,-95,-113,-161,-289,404,-111,-127,-74,-231,-61
3916,3,3,-526,-146,-113,501,-259,-120,-565,-84,174,165
3917,5,5,-367,-320,-370,209,-169,424,-145,-266,-19,193
3918,5,5,-228,-215,-200,66,-237,333,-246,-173,102,131
3919,1,1,-193,312,-146,-224,58,-127,-193,-84,-13,-119
3920,7,7,-224,-155,-117,-24,-87,-137,-499,457,-135,91
3921,2,2,-115,-82,415,55,-225,-333,-324,-91,137,-161
3922,1,1,-69,264,-166,-279,-5,-84,-33,-145,-45,-254
3923,6,6,73,-253,-271,-205,-73,72,418,-355,-52,-231
3924,9,9,-259,-388,-70,50,89,-102,-449,33,63,353
3925,1,1,-238,371,-127,-293,94,-225,-295,-2,-14,-191
3926,9,3,-504,-233,-297,360,-3,34,-539,-205,192,342
3927,9,9,-175,-387,-144,68,45,-145,-448,130,4,361
3928,5,5,-119,-275,-315,-81,-295,445,-17,-177,-26,38
3929,5,5,-225,-269,-193,2,-289,415,-116,-149,27,90
3930,1,1,-152,310,-130,-247,64,-195,-267,-35,-62,-85
3931,6,6,-36,-178,-206,-237,28,57,430,-451,-11,-345
3932,2,2,-15,-4,505,-63,-247,-281,-336,13,-107,-249
3933,2,2,-145,86,595,-68,-96,-383,-311,-44,-48,-512
3934,8,8,-318,-354,-75,245,-334,3,-277,-207,550,59
3935,6,6,152,-268,-282,-192,-112,82,404,-405,-84,-235
3936,7,7,-263,-78,71,211,-201,-238,-589,372,-121,-13
3937,1,1,-128,204,-145,-179,10,-82,-147,-102,42,-67
3938,4,4,-380,-61,-120,-166,465,-139,-409,47,-153,62
3939,6,6,117,-302,-161,-248,15,29,244,-211,-185,-48
3940,0,0,335,-240,-67,-198,-237,29,-61,-108,-226,-12
3941,4,4,-43,-139,4,-320,315,-185,106,-192,-100,-375
3942,0,0,285,-262,-164,-150,-182,-37,44,-45,-171,-28
3943,3,3,-456,5,-265,373,-106,189,-186,-186,4,-163
3944,3,3,-307,-143,-162,528,-301,-108,-574,-68,41,146
3945,2,2,-32,101,425,-67,-117,-333,-308,28,-173,-333
3946,2,2,-91,40,248,69,-427,-342,-277,32,172,-152
3947,3,3,-513,-88,-224,718,-398,-20,-593,-74,75,36
3948,6,6,59,-311,-153,-213,-151,94,343,-255,-34,-109
3949,8,8,-175,-190,73,23,-229,-119,-75,-265,472,-148
3950,9,9,-308,-309,-141,-5,93,-78,-458,64,105,350
3951,8,8,18,-238,39,87,-237,-89,-247,17,139,56
3952,5,5,-354,-218,-435,172,-267,513,-91,-416,22,104
3953,3,3,-450,-82,-95,627,-219,-86,-420,70,-87,-148
3954,8,8,-191,-360,-27,153,-244,-82,-404,-25,389,176
3955,5,5,-149,-182,-250,-46,-379,412,-198,-58,80,-1
3956,4,4,-426,-147,-97,-125,545,-174,-424,12,-172,67
3957,5,5,-380,-229,-298,87,-197,483,-171,-272,-36,174
3958,2,2,23,-135,497,-42,-350,-265,-243,-11,-6,-247
3959,0,0,428,-300,19,-168,-346,-126,-39,-207,-112,-116
3960,5,5,-326,-295,-361,3,-187,532,-119,-228,82,105
3961,6,6,86,-502,-162,-182,-217,127,495,-522,137,-351
3962,3,3,-380,-45,159,367,-82,-123,-203,-72,39,-422
3963,2,2,-20,31,546,-56,-149,-334,-272,-48,-134,-423
3964,8,8,-272,-392,44,158,-192,-102,-241,-229,481,137
3965,3,3,-491,46,-238,527,-176,112,-369,-61,-25,-154
3966,9,9,-329,-462,-117,20,188,-4,-611,19,-113,490
3967,9,9,-28,-238,-118,-12,-4,-90,-206,41,18,203
3968,5,5,-392,-140,-247,205,-67,272,-150,-201,68,-3
3969,7,7,-323,-20,25,116,-286,-257,-682,361,-21,65
3970,9,9,-274,-175,-250,-78,204,-123,-462,-4,28,348
3971,4,4,-68,-240,-64,-159,268,-230,-30,-68,46,-239
3972,6,6,54,-254,-141,-177,-103,39,398,-465,65,-295
3973,7,7,-263,-63,0,120,-230,-311,-708,473,-145,67
3974,1,1,-87,194,-57,-152,-5,-117,-146,-12,-6,-86
3975,3,3,-292,-176,60,483,-112,-130,-398,-119,-90,-127
3976,7,7,-219,58,-38,58,-186,-140,-404,170,20,30
3977,3,3,-440,-9,-101,465,-290,21,-391,0,-7,-85
3978,6,6,151,-335,-236,-207,-148,118,408,-398,-47,-236
3979,6,6,49,-384,-165,-205,-139,48,529,-466,103,-318
3980,0,0,416,-318,-37,-187,-373,-59,-160,-21,-175,-37
3981,9,9,-186,-350,-46,123,45,-142,-382,19,18,339
3982,0,0,432,-371,-169,-184,-431,32,-35,-60,-150,-54
3983,1,1,-136,300,-107,-278,70,-209,-189,-23,-21,-166
3984,9,9,-270,-111,-221,-21,53,-119,-468,-2,107,337
3985,9,9,-396,-188,-272,-143,340,-85,-380,-79,10,362
3986,2,2,-143,225,387,-3,-359,-337,-319,10,-30,-372
3987,8,8,-99,-234,-97,1,-295,-13,-174,-241,449,-7
3988,8,8,7,-433,-206,29,-106,-22,-33,-267,276,140
3989,0,0,307,-184,-91,-237,-194,-99,26,-168,-111,-149
3990,1,1,-122,268,-99,-293,50,-160,-207,-7,-90,-94
3991,6,6,24,-233,-236,-181,-95,88,404,-388,14,-235
3992,9,9,-383,-326,-183,166,76,-55,-533,14,42,427
3993,7,7,-181,-76,9,111,-245,-273,-642,396,-124,54
3994,5,5,-136,-175,-253,28,-408,363,-248,-40,129,-22
3995,3,3,-402,-234,-414,522,-292,338,-311,-180,-19,72
3996,4,4,-413,-159,-42,-49,437,-125,-398,201,-306,-64
3997,7,7,-58,-242,-147,-42,-164,20,-270,284,-142,56
3998,4,4,-90,-39,-103,-395,389,-130,-45,-179,-194,-55
3999,9,9,-343,-395,-119,135,117,-68,-536,35,-12,426
4000,9,9,-412,-412,7,-50,236,21,-400,-114,52,343
4001,4,4,-308,-161,-232,-239,431,-36,-320,126,-148,77
4002,3,3,-510,-132,-355,664,-318,112,-481,-200,220,-30
4003,6,6,62,-421,-168,-180,-154,61,526,-537,127,-316
4004,3,3,-391,39,-238,441,-162,105,-303,-62,-64,-80
4005,1,1,-174,264,-120,-165,35,-129,-211,-22,-45,-82
4006,1,1,-144,254,-122,-171,34,-195,-248,-10,-26,-73
4007,7,7,-148,-235,-53,76,21,-24,-262,126,-77,49
4008,6,6,109,-420,-277,-160,-52,29,528,-498,-41,-272
4009,9,9,-376,-225,-167,-24,228,-165,-568,67,-2,414
4010,1,1,-139,257,-85,-206,15,-127,-164,-55,-15,-113
4011,8,8,-183,-344,-35,278,-374,-115,-211,-180,493,-19
4012,4,4,-382,-312,-114,-137,480,-20,-280,-27,-172,151
4013,1,1,-313,355,-2,-27,-69,-158,-394,-105,5,-149
4014,1,1,-185,277,-141,-184,48,-144,-239,-22,-43,-75
4015,9,9,-227,-452,-301,178,24,64,-323,-196,97,414
4016,9,9,-187,-291,-174,32,75,-111,-370,12,30,372
4017,4,4,-205,-188,-227,-156,244,-153,-96,-99,51,55
4018,3,3,-331,-24,-96,393,-418,91,-406,53,41,-117
4019,6,6,83,-288,-189,-163,-55,15,400,-397,10,-217
4020,8,8,-102,-416,-70,151,-395,-37,-226,-166,562,50
4021,1,1,-101,310,-121,-254,18,-195,-202,-42,-34,-143
4022,6,6,-43,-386,-148,-135,-153,113,431,-539,141,-222
4023,0,0,350,-237,-168,-155,-343,24,-88,-29,-133,-79
4024,4,4,-382,-85,-160,-208,539,-138,-381,-17,-168,69
4025,1,1,-232,315,-165,-198,100,-124,-217,-114,-21,-111
4026,3,3,-414,-111,-173,561,-387,-47,-492,-23,86,55
4027,7,7,-196,8,-101,-70,23,-153,-396,187,-74,155
4028,7,7,-220,-148,-61,50,-188,-115,-515,413,-151,87
4029,4,4,-298,16,-226,-238,340,-72,-185,-70,-69,84
4030,9,9,-362,-184,-157,59,150,-80,-469,49,16,317
4031,5,5,-209,-156,-267,42,-169,315,-31,-196,14,28
4032,1,1,-76,258,-142,-270,9,-162,-95,-149,-3,-230
4033,0,0,479,-348,-53,-214,-373,-50,35,-189,-184,-58
4034,0,0,402,-251,80,-139,-382,-141,-17,-226,-95,-217
4035,1,1,-170,299,-102,-186,32,-218,-300,-35,-11,-94
4036,1,1,-188,339,-127,-231,64,-174,-217,-74,-22,-161
4037,6,6,10,-151,-177,-170,-159,48,337,-377,118,-342
4038,2,2,-66,24,471,42,-456,-397,-295,-2,95,-289
4039,1,1,-94,320,-116,-280,20,-198,-218,-7,-69,-152
4040,9,9,-299,-411,-169,86,105,-7,-406,-8,-5,395
4041,8,8,-277,-396,41,212,-454,-3,-304,-142,632,-30
4042,4,4,-243,-204,-61,-299,541,-102,-292,19,-262,-27
4043,0,0,323,-238,-205,-201,-360,95,-38,11,-111,-159
4044,3,3,-345,-20,-337,458,-193,173,-336,-92,-80,-15
4045,6,6,8,-382,-103,-155,-213,38,450,-458,170,-213
4046,4,4,-131,-154,-158,-260,411,-109,-162,-99,-173,-15
4047,9,9,-307,-254,-127,82,122,-83,-448,56,49,311
4048,0,0,299,-242,-11,-112,-216,-126,-111,-26,-162,29
4049,7,7,-201,-179,-99,72,-173,-149,-562,404,-92,130
4050,1,1,-136,201,-102,-158,50,-92,-139,-31,-24,-55
4051,6,6,82,-337,-270,-253,-17,39,429,-331,16,-226
4052,5,5,-326,4,-241,212,-130,242,-155,-207,-64,-12
4053,7,7,-176,-51,-170,-87,42,-23,-254,174,-41,91
4054,5,5,-250,-289,-340,143,-428,483,-137,-424,96,104
4055,2,2,-208,-50,533,321,-613,-523,-496,18,200,-338
4056,5,5,-340,-273,-436,3,-65,370,-289,-84,69,245
4057,1,1,-201,319,-112,-238,77,-154,-232,-80,-11,-93
4058,8,8,-262,-433,-76,228,-210,-51,-230,-226,485,138
4059,5,5,-132,-237,-115,-64,-338,340,-21,-206,60,16
4060,4,4,-147,-138,-81,-197,351,-82,-101,-118,-176,13
4061,7,7,-192,-152,-144,25,-47,-144,-509,326,-64,170
4062,0,0,372,-311,-24,-138,-304,-144,-142,-53,-75,-78
4063,6,5,-21,-234,-219,-186,-241,208,199,-319,126,-121
4064,7,7,-216,-219,-168,99,-142,-168,-619,401,-21,182
4065,0,0,132,-282,93,42,-280,-55,-113,-55,-9,-61
4066,2,2,-246,130,594,144,-606,-502,-536,113,46,-328
4067,5,5,-335,-235,-318,257,-287,430,-300,-185,-17,123
4068,8,8,-135,-170,59,158,-371,-77,-113,-180,357,-146
4069,1,1,-228,311,-164,-190,77,-157,-288,-57,-26,-65
4070,0,0,494,-354,-100,-199,-450,-25,-78,-84,-178,-86
4071,4,4,-73,-172,-211,-208,259,-180,-91,-35,-47,22
4072,5,5,-277,-172,-336,152,-252,424,-162,-235,69,43
4073,7,7,-191,-226,-147,69,-145,-142,-546,409,-74,166
4074,1,1,-187,264,-112,-213,67,-123,-244,-34,-24,-14
4075,8,8,96,-262,-77,15,-290,19,37,-178,197,-226
4076,5,5,-253,-276,-190,-86,-157,310,-109,-162,116,203
4077,1,1,-256,292,-122,-137,71,-144,-295,-46,-11,-45
4078,9,2,-70,-273,255,151,-132,-205,-383,-38,40,4
4079,0,0,338,-273,-123,-105,-264,-47,33,-141,-94,-59
4080,0,0,280,-185,-37,-198,-319,-33,-5,-58,-49,-142
4081,6,6,136,-421,-203,-257,-188,110,497,-442,70,-346
4082,0,0,348,-260,-106,-170,-313,31,-42,-81,-145,-39
4083,7,7,-185,-202,-157,69,-164,-133,-541,417,-67,130
4084,3,3,-210,-254,-112,422,-331,1,-479,-8,16,135
4085,1,1,-209,322,-114,-205,55,-166,-251,-37,-16,-90
4086,8,8,-122,-461,27,27,-315,49,85,-164,433,-132
4087,3,3,-454,-86,-66,427,-191,45,-443,8,60,-16
4088,9,9,-408,-400,-135,92,228,-118,-530,-25,78,463
4089,7,7,-136,-214,-45,122,-254,-262,-576,374,53,109
4090,0,0,283,-155,-50,-126,-274,-63,-30,-142,-45,-130
4091,0,0,387,-464,-60,-92,-94,-145,-54,-230,-118,124
4092,8,8,-48,-178,-212,-49,-293,14,-47,-249,384,-84
4093,9,9,-149,-356,-97,24,145,9,-285,-76,-197,261
4094,5,5,-359,-308,-292,145,-57,367,-99,-226,95,91
4095,9,9,-346,-332,-165,80,140,-94,-525,9,54,455
4096,8,8,-214,-352,-123,127,-66,-19,-138,-244,410,88
4097,3,3,-502,-45,-302,675,-308,45,-511,-120,42,-46
4098,2,2,-177,-63,466,113,-322,-276,-552,98,16,-166
4099,7,7,-177,-168,151,181,-363,-287,-726,410,-61,-15
4100,2,2,-266,26,513,251,-559,-364,-396,-98,214,-382
4101,9,9,-378,-308,-254,22,159,-134,-589,28,96,508
4102,7,7,-184,-248,-166,-59,13,-96,-405,344,-171,183
4103,2,2,-230,203,440,53,-233,-381,-373,96,-40,-398
4104,1,1,-96,322,-74,-269,10,-221,-257,-42,-92,-172
4105,1,1,-109,306,-93,-204,-10,-201,-227,-25,-48,-172
4106,3,3,-434,-138,-93,562,-408,-107,-567,-43,146,85
4107,7,7,-276,-25,135,203,-265,-243,-555,368,-107,-89
4108,5,5,-197,-182,-420,7,-225,404,-193,14,-7,27
4109,3,3,-313,-31,-204,375,-186,123,-275,-118,-14,3
4110,1,1,-131,262,-137,-192,45,-165,-201,6,-43,-114
4111,9,9,-89,-437,-143,-75,99,70,-119,-121,-116,306
4112,8,8,-159,-319,42,208,-310,-255,-380,17,492,36
4113,2,2,-163,122,433,50,-203,-334,-317,83,-91,-391
4114,2,2,-149,136,368,66,-330,-320,-379,68,-36,-218
4115,2,2,-116,14,563,-18,-115,-366,-347,-5,-86,-387
4116,8,8,-80,-356,12,-21,-113,-33,26,-223,320,-4
4117,8,8,-197,-237,263,121,-304,-199,-288,-53,366,-38
4118,5,5,-290,-209,-231,32,-145,383,30,-295,53,-24
4119,7,7,-200,-34,-195,27,-122,-176,-477,336,32,76
4120,3,3,-245,-39,-110,379,-261,-3,-488,47,-94,47
4121,8,8,-156,-276,-88,107,-175,-46,-99,-208,417,-5
4122,9,9,-313,-409,-110,8,150,-72,-583,127,-137,438
4123,8,8,-250,-119,130,267,-413,-97,-349,-90,282,-52
4124,8,8,-46,-340,-25,-19,-80,-94,-80,-229,318,84
4125,6,6,100,-385,-228,-161,46,8,381,-391,-109,-183
4126,8,8,-42,-266,16,74,-217,-105,-93,-194,313,-2
4127,2,2,-105,116,513,-68,-401,-436,-377,113,16,-280
4128,3,3,-253,-137,-292,387,-252,133,-328,-143,-39,142
4129,9,9,-101,-294,-139,73,2,-146,-349,47,89,289
4130,7,7,-265,-115,-67,138,-182,-305,-681,463,-75,102
4131,5,5,-248,-88,-327,5,-297,367,-178,-157,55,49
4132,6,6,28,-271,-266,-138,-52,53,413,-391,-1,-267
4133,2,2,-131,-67,478,-30,-147,-274,-202,-125,65,-309
4134,9,9,-75,-283,-151,-78,57,-124,-312,35,12,302
4135,2,2,-79,16,303,-40,-47,-240,-109,-37,-25,-317
4136,8,8,-210,-273,183,214,-327,-189,-292,-161,476,-42
4137,8,8,-267,-287,-284,-32,21,43,31,-367,426,-35
4138,1,1,-119,347,-116,-241,0,-230,-277,0,-78,-166
4139,6,6,-76,-446,-161,-189,54,92,398,-234,-75,-195
4140,8,8,-195,-260,293,1,-275,-31,-215,-30,339,-162
4141,8,8,-86,-334,-148,158,-266,-121,-312,-37,382,167
4142,7,7,-90,-192,-1,25,-77,-240,-555,328,9,80
4143,9,9,-388,-201,-229,36,171,-105,-550,35,-7,403
4144,1,1,-202,303,-115,-168,15,-175,-244,-74,44,-119
4145,8,8,5,-351,-86,59,-331,36,-182,-211,298,41
4146,0,0,270,-176,-127,-234,-263,10,96,-166,-65,-155
4147,1,1,-110,235,-70,-189,0,-123,-195,15,-78,-93
4148,7,7,-257,-20,117,108,-95,-339,-509,461,-166,-85
4149,2,2,26,-43,419,56,-271,-300,-302,49,-246,-318
4150,0,0,459,-321,-29,-144,-259,-125,-85,-220,-190,-53
4151,7,7,-46,-289,-220,-74,-193,-96,-433,479,-173,67
4152,5,5,-126,16,-336,-188,-171,226,-109,-102,57,-2
4153,1,1,-159,311,-126,-249,54,-158,-189,-99,4,-135
4154,9,9,-95,-416,38,-38,121,-110,-327,7,-84,267
4155,0,0,494,-331,-59,-225,-477,-1,-12,-135,-201,-102
4156,2,2,-170,17,290,251,-594,-410,-487,79,174,-171
4157,0,0,441,-450,11,-107,-183,-177,-9,-311,-71,-72
4158,9,9,-195,-397,-107,-40,44,49,-405,43,-118,366
4159,8,8,-339,-168,64,283,-204,-216,-375,78,295,-14
4160,6,6,162,-449,-133,-211,-139,52,437,-452,35,-294
4161,2,2,-62,-28,426,0,-94,-219,-175,-39,-120,-363
4162,3,3,-703,-33,-163,746,-436,32,-685,87,0,-47
4163,9,9,80,-267,-96,-109,-45,-67,-214,0,-104,128
4164,3,3,-595,-131,-388,711,-229,167,-488,-87,41,23
4165,8,8,-48,-1,10,-86,-184,-100,-57,-230,268,-188
4166,0,0,358,-181,-65,-245,-362,-99,-52,-102,-87,-158
4167,2,2,-133,-78,389,52,-428,-255,-252,18,209,-196
4168,1,1,-94,263,-187,-271,-13,-47,-69,-175,-6,-215
4169,1,1,-124,330,-86,-290,28,-188,-204,-85,-34,-197
4170,1,1,-150,240,-52,-158,50,-115,-144,-109,30,-134
4171,1,1,-211,249,-133,-112,-59,-115,-286,-82,98,-84
4172,4,4,-449,-46,-276,-304,549,-24,-282,-81,-69,49
4173,2,2,-206,-38,389,-15,-39,-244,-242,-61,40,-222
4174,9,9,-362,-254,-269,-35,219,-110,-530,1,30,466
4175,7,7,-182,-35,-20,105,-228,-327,-643,397,-72,42
4176,2,7,-232,-60,218,16,-16,-195,-286,249,-105,-251
4177,5,5,-236,-420,-150,-25,-143,352,104,-408,114,40
4178,1,1,-48,226,-58,-364,4,-111,-40,-84,-23,-215
4179,1,1,-183,303,-135,-254,88,-135,-207,-58,-49,-86
4180,2,2,-1,-3,449,-6,-370,-391,-217,-126,111,-374
4181,1,1,-167,307,-125,-270,33,-130,-149,-153,38,-134
4182,9,9,-279,-365,-110,24,184,-100,-505,103,-60,363
4183,9,9,-329,-277,-134,104,87,32,-478,41,-131,348
4184,9,9,-265,-286,-188,-14,114,-72,-380,38,24,374
4185,1,1,-136,276,-168,-329,24,-143,-142,-21,14,-189
4186,0,0,360,-295,11,-172,-221,-215,-128,-104,-66,-59
4187,2,2,-112,-118,324,11,-132,-150,-145,35,28,-229
4188,0,0,327,-338,-34,-98,-269,-129,-130,-103,-14,-33
4189,2,2,-62,-135,456,64,-359,-272,-305,32,23,-249
4190,1,1,-204,266,-141,-175,62,-96,-222,-49,-42,-50
4191,1,1,-123,278,-118,-217,46,-116,-146,-43,-59,-148
4192,4,4,-336,-213,-83,-144,447,-69,-232,-26,-154,7
4193,6,6,68,-116,-115,-433,213,-98,222,-285,-138,-205
4194,4,4,-368,-119,-116,-98,305,-57,-390,-5,-70,232
4195,1,1,-265,273,-140,-184,109,-157,-311,-13,-68,-5
4196,5,5,-279,-229,-276,177,-259,420,-274,-146,-80,146
4197,4,4,-208,-25,57,-179,311,-71,-149,-147,-66,-123
4198,9,9,-220,-480,-250,55,66,-24,-367,-45,62,463
4199,7,7,-80,-6,-89,-97,-35,-62,-243,149,-45,57
4200,7,7,-248,-58,33,110,-247,-240,-618,410,-129,43
4201,1,1,-114,154,-34,-199,-13,-105,-248,73,-24,-24
4202,5,5,-156,-204,-224,-9,-312,354,11,-311,32,33
4203,6,6,38,-258,-178,-141,-22,5,370,-246,-21,-312
4204,2,2,-103,89,525,72,-246,-492,-239,-5,-59,-551
4205,2,2,104,-231,187,-103,-269,-303,-57,23,129,-154
4206,2,2,-11,-82,477,14,-315,-251,-364,67,-93,-254
4207,8,8,-209,-62,142,105,-266,-231,-168,-177,382,-210
4208,0,0,357,-358,-31,-111,-118,-144,-27,-177,-162,80
4209,6,6,-44,-317,-248,-88,-11,63,432,-450,69,-339
4210,9,9,-41,-299,-129,23,51,-53,-214,-4,-78,257
4211,6,6,90,-258,-138,-269,-291,148,269,-341,139,-228
4212,1,1,-272,249,3,103,-199,-152,-502,-10,-66,-31
4213,9,9,-259,-403,-139,54,80,-162,-555,142,22,403
4214,7,7,-199,-118,-221,-115,-15,-69,-388,423,-142,60
4215,7,7,-504,-51,-27,225,-88,-237,-663,475,-109,-18
4216,1,1,-94,199,-162,-223,-38,-85,-159,-7,6,-70
4217,4,4,-477,-262,-110,-179,524,-29,-334,-92,-72,206
4218,8,8,-87,-427,21,-4,-348,-55,31,-356,565,-61
4219,5,5,-366,-281,-356,18,-322,585,-203,-304,113,166
4220,3,3,-425,-48,-276,658,-347,0,-585,-80,-18,33
4221,4,4,-453,-55,-85,-72,410,-63,-358,-59,-110,104
4222,3,3,-211,-255,16,560,-322,-110,-503,-109,10,-27
4223,4,4,-348,-378,-29,-145,350,-3,-39,-196,-25,1
4224,9,7,-210,-86,-77,5,14,-103,-400,178,-26,168
4225,7,7,-385,5,194,197,-197,-356,-632,491,-121,-164
4226,5,5,-373,-398,-365,71,-211,539,-183,-257,-7,259
4227,0,0,372,-231,-54,-231,-376,3,-65,-59,-130,-130
4228,7,7,-387,14,147,214,-190,-295,-652,480,-172,-142
4229,4,4,-447,-197,-140,-125,501,-75,-343,17,-104,57
4230,8,8,-39,-376,56,-34,-157,-104,59,-232,404,-64
4231,8,8,-132,-227,29,135,-229,-127,-238,-102,347,72
4232,1,1,-143,219,-93,-185,55,-87,-136,-75,4,-80
4233,5,5,-275,-243,-346,-21,-324,537,-151,-278,109,102
4234,3,3,-566,-136,-367,732,-326,143,-490,-170,80,28
4235,9,9,-230,-333,-80,78,107,-80,-369,-31,4,368
4236,5,5,-401,-370,-363,-9,-156,605,-57,-339,61,161
4237,9,9,-232,-272,-78,-24,193,-101,-379,-29,-54,351
4238,7,3,-358,-168,39,272,-191,-127,-558,228,-48,85
4239,6,6,45,-384,-83,-180,-238,95,403,-495,218,-274
4240,9,9,-377,-405,-239,79,146,67,-434,-55,-71,467
4241,0,0,488,-361,-72,-176,-378,-33,11,-203,-165,-89
4242,3,3,-576,-103,-447,684,-322,224,-504,-203,54,84
4243,6,6,13,-309,-202,-242,-139,135,438,-476,80,-251
4244,3,3,-406,-58,-62,410,-240,42,-398,80,-77,-75
4245,9,9,-331,-385,-34,131,109,-102,-466,28,-5,359
4246,8,8,-285,-439,45,223,-287,-83,-310,-180,481,150
4247,2,2,-125,160,513,-85,-341,-383,-368,102,-46,-316
4248,2,8,5,-7,0,-268,-82,-99,-76,-54,89,-73
4249,1,1,-110,298,-75,-254,31,-131,-121,-133,17,-182
4250,2,2,-96,166,470,-53,-320,-336,-404,102,-164,-274
4251,8,8,-89,-255,56,88,-441,-119,-196,-114,439,-10
4252,6,6,-88,-218,-221,-132,-17,63,465,-496,4,-420
4253,8,8,-175,-432,134,57,-281,-51,20,-323,493,-99
4254,5,5,-319,-263,-298,111,-163,396,-139,-320,37,169
4255,5,5,-178,-80,-209,132,-211,291,-263,-157,-111,5
4256,3,3,109,-178,91,146,-301,-24,-182,-196,-61,-145
4257,9,9,-130,-397,-97,61,65,-125,-321,30,-14,355
4258,4,4,-402,-30,-238,-314,548,-20,-225,-97,-145,-35
4259,9,9,-270,-132,-237,-98,184,35,-237,-79,-71,233
4260,2,2,-117,50,441,53,-478,-369,-445,174,13,-214
4261,5,5,-244,-343,-176,28,-197,375,16,-274,53,62
4262,1,1,-139,339,-38,-337,68,-278,-261,-42,-34,-195
4263,5,5,-313,-176,-333,180,-241,428,-227,-174,-37,136
4264,1,1,-191,285,-111,-187,70,-149,-228,-33,-23,-83
4265,4,4,-198,-9,-68,-20,110,-141,-275,16,-69,68
4266,4,4,-431,-64,-319,-258,477,-62,-329,-88,-81,202
4267,1,1,-122,340,-155,-263,41,-190,-215,-37,-69,-182
4268,4,4,-354,-192,15,-62,344,54,-95,-60,-142,-206
4269,4,4,9,-356,-109,-145,250,-38,124,-149,-212,-122
4270,3,3,-616,-133,-189,555,-209,121,-495,-56,108,17
4271,5,5,-140,-187,-255,127,-134,249,-180,-129,-55,120
4272,9,9,-282,-374,-134,81,41,43,-367,-4,-52,347
4273,1,1,-149,252,-131,-213,68,-106,-174,-23,-67,-78
4274,2,2,-42,59,513,-25,-517,-493,-319,-10,124,-321
4275,2,2,-246,42,554,52,-251,-478,-503,52,158,-319
4276,3,3,-378,-230,-338,504,-227,202,-358,-132,1,157
4277,3,3,-113,-3,-42,317,-340,27,-329,-59,-111,-107
4278,0,0,447,-297,-132,-169,-406,-6,-46,-102,-158,-114
4279,2,2,-323,-31,462,126,-98,-233,-352,50,-8,-324
4280,9,9,-373,-117,-207,-57,198,-138,-523,11,7,411
4281,0,0,362,-318,33,-153,-192,-195,-4,-228,-97,-87
4282,0,0,313,-348,-102,-220,-389,17,-35,-32,30,-123
4283,9,9,-68,-412,-141,3,-64,-27,-258,27,21,319
4284,9,9,-353,-205,-249,83,50,156,-305,-60,-90,262
4285,6,6,-46,-383,-249,-77,-74,144,452,-538,38,-339
4286,0,0,307,-226,-45,-38,-254,-23,-118,-216,-213,0
4287,9,9,-2,-397,-122,-78,93,-14,-223,-99,-116,353
4288,3,3,-552,-157,-256,667,-337,77,-574,-44,43,112
4289,2,8,33,-256,151,-2,-151,-262,-282,63,188,-23
4290,8,8,-224,-241,-41,86,-326,-7,-105,-203,483,-50
4291,4,4,-178,-246,-80,-42,303,-43,-204,8,-206,55
4292,1,1,-56,279,-56,-278,-15,-144,-107,-105,-20,-191
4293,9,9,-150,-369,-97,-15,140,-69,-208,-79,-63,326
4294,9,9,-161,-335,-266,21,-11,32,-434,217,-138,252
4295,7,7,-255,-31,-18,115,-224,-230,-614,362,-70,66
4296,2,2,-34,-67,449,-50,-131,-207,-113,-191,-62,-389
4297,7,7,-170,12,-78,41,-250,-276,-568,258,74,75
4298,9,9,-327,-396,-158,-9,80,115,-446,14,-163,426
4299,9,9,-48,-187,-210,-59,-10,-190,-355,91,15,217
4300,5,5,-60,-384,-463,26,-285,352,104,-254,127,50
4301,9,9,-23,-415,-189,-75,-12,60,-171,-13,-59,274
4302,5,5,-288,-224,-413,161,-212,433,-179,-129,33,63
4303,1,1,-115,312,-100,-370,53,-174,-149,-49,-35,-196
4304,1,1,-152,260,-128,-196,38,-85,-144,-50,-55,-122
4305,8,8,-26,-433,57,34,-392,-173,-88,-219,558,-16
4306,3,3,-272,-205,-185,278,-281,7,-447,119,171,107
4307,5,5,-310,-336,-444,26,-267,565,-148,-271,69,164
4308,1,1,-63,230,-122,-265,-43,-117,-61,-90,13,-190
4309,9,9,-231,-329,-173,-33,108,-35,-446,4,-70,433
4310,5,5,-79,-212,-477,-122,-282,422,-80,7,106,-84
4311,3,3,-470,58,-321,430,-190,224,-343,-163,-90,18
4312,5,5,-157,-157,-435,40,-263,396,-73,-173,65,2
4313,4,4,-378,-33,-209,-174,299,-54,-361,127,-56,147
4314,9,9,-180,-223,-166,47,60,-170,-411,79,89,293
4315,5,5,-432,-327,-353,205,-141,384,-5,-325,96,89
4316,9,9,-197,-224,-160,54,53,-73,-346,-3,19,324
4317,3,3,-226,-193,-251,289,-183,62,-490,55,-96,223
4318,1,1,-86,259,-76,-264,56,-150,-110,-46,-42,-182
4319,9,9,-361,-373,-119,68,190,-72,-487,12,-44,424
4320,0,0,399,-419,94,-135,-146,-284,-7,-284,-25,-52
4321,9,9,-164,-446,-235,190,-13,-31,-419,-83,52,417
4322,7,7,-186,-188,-48,73,-172,-226,-593,432,-116,130
4323,5,5,-271,-120,-231,218,-189,260,-210,-97,45,26
4324,4,4,-460,-20,-140,-186,500,-83,-383,-21,-107,54
4325,9,9,-370,-90,-206,-81,143,-92,-536,97,-82,351
4326,2,2,17,-130,388,-42,-107,-347,-127,-2,-70,-360
4327,0,0,301,-198,-18,-63,-450,73,-258,-64,-219,-15
4328,1,1,-90,308,-96,-279,2,-139,-143,-141,2,-202
4329,0,0,364,-309,-101,-145,-180,-12,-12,-143,-180,13
4330,5,5,-282,-170,-252,33,-291,334,-42,-399,125,116
4331,1,1,-179,239,-103,-120,30,-144,-227,0,-3,-49
4332,4,4,-152,-14,-174,-312,418,-93,-163,-99,-181,-67
4333,9,9,-311,-228,-175,-64,133,58,-462,14,-175,381
4334,3,3,-454,-36,-261,517,-198,95,-486,-52,-117,54
4335,3,3,-439,-145,-191,397,-129,30,-489,-73,92,204
4336,6,6,65,-263,-205,-150,-62,34,406,-368,-31,-261
4337,1,1,-164,262,-121,-193,19,-107,-122,-171,55,-189
4338,5,5,-291,-272,-318,84,-138,420,-152,-211,-116,181
4339,2,2,-110,67,442,51,-466,-429,-389,96,62,-218
4340,5,5,-234,-197,-326,40,-174,427,-87,-212,-93,129
4341,2,2,-135,-44,351,6,-67,-263,-224,90,-8,-328
4342,2,2,-135,-19,438,52,-301,-266,-281,77,46,-256
4343,0,0,290,-254,-171,-139,-338,49,88,-196,11,-182
4344,9,9,-150,-224,30,49,24,21,-194,-23,-21,122
4345,2,2,-136,-20,566,-80,-75,-372,-278,-145,30,-402
4346,6,6,-42,-148,-101,-221,-14,63,392,-442,-23,-389
4347,6,6,-3,-322,-178,-164,-66,46,482,-489,70,-333
4348,0,0,400,-268,68,-274,-343,-135,63,-231,-49,-237
4349,1,1,-146,206,-211,-143,21,-109,-152,-160,7,-152
4350,2,2,-176,-44,340,73,-342,-230,-208,-119,264,-259
4351,0,0,403,-285,-127,-213,-437,66,47,-140,-123,-167
4352,3,3,-435,-197,-280,566,-228,50,-514,-122,88,206
4353,0,0,347,-191,-11,-221,-323,-45,-28,-94,-134,-136
4354,2,2,-133,112,427,73,-364,-433,-349,119,-23,-332
4355,5,5,-268,-295,-269,110,-138,335,-156,-143,17,137
4356,5,5,-307,-358,-343,84,-185,406,-87,-289,156,138
4357,7,7,-207,-153,-93,55,-121,-127,-491,403,-159,87
4358,9,9,-169,-326,-143,123,8,-133,-462,1,24,377
4359,5,5,-75,-157,-157,25,-295,218,-240,-25,-2,72
4360,5,5,-257,-88,-391,166,-105,295,-259,-251,-39,39
4361,0,0,359,-225,-43,-222,-308,-9,28,-125,-134,-150
4362,8,8,-219,-278,-59,136,-271,-63,-179,-226,516,0
4363,9,9,-345,-389,-218,32,15,262,-248,-167,-30,358
4364,5,5,-252,-261,-359,86,-211,456,-188,-113,111,-1
4365,0,0,401,-342,12,-111,-250,-144,-135,-177,-139,-3
4366,3,3,-481,-158,-240,630,-305,82,-499,-80,47,73
4367,2,2,-73,212,451,-142,-122,-342,-190,-134,-123,-501
4368,5,5,-243,-230,-278,90,-56,283,-53,-145,11,91
4369,9,9,-203,-131,-149,-26,125,-103,-317,3,12,259
4370,0,0,293,-136,8,-259,-227,-132,55,-170,-74,-187
4371,8,8,-119,-249,-151,26,-292,-70,-264,-237,485,114
4372,8,8,-231,-260,109,232,-380,-237,-347,-120,538,-15
4373,4,4,-203,-73,21,-286,443,-156,-210,-76,-168,-80
4374,5,5,-80,-382,-179,18,-259,287,-49,-201,-22,92
4375,8,8,-125,-286,-57,-55,-247,53,2,-319,437,-42
4376,8,8,-302,-164,83,241,-220,-181,-302,-49,413,-99
4377,4,4,-358,-137,-308,-206,424,-19,-228,-3,-98,85
4378,5,5,-356,-238,-314,158,-291,491,-132,-328,75,89
4379,4,4,-278,-124,-11,-247,479,-135,-364,-32,-207,103
4380,8,8,-281,-324,-160,89,-176,191,14,-269,319,27
4381,5,5,-393,-352,-440,140,-282,592,-84,-445,108,124
4382,4,4,-415,-99,-132,-179,413,-124,-380,19,-78,178
4383,9,9,-200,-402,-117,49,49,40,-317,-36,-6,314
4384,2,2,-107,107,338,-21,-140,-339,-252,-38,12,-364
4385,2,2,-134,55,514,87,-509,-468,-366,33,124,-329
4386,1,1,-57,275,-169,-293,-35,-100,-115,-144,9,-165
4387,2,2,-158,144,400,42,-224,-344,-245,-38,-14,-385
4388,6,6,57,-505,-207,-152,-107,126,455,-331,-27,-223
4389,8,8,-133,-135,-69,-37,-250,-21,-86,-204,381,-25
4390,8,8,-49,-412,16,83,-386,-196,-211,-166,568,58
4391,7,7,-89,-179,-218,-134,-103,-35,-321,374,-135,45
4392,0,0,505,-397,-32,-187,-307,-118,-11,-209,-213,-1
4393,3,3,-178,-5,-187,309,-331,193,-257,-140,-142,-131
4394,6,6,30,-389,-233,-169,-40,67,480,-356,-49,-201
4395,6,6,84,-402,-315,-185,21,32,428,-283,-25,-269
4396,4,4,-120,-129,-233,-198,320,-164,-157,-152,9,50
4397,3,3,-511,14,-183,523,-168,101,-327,21,-102,-238
4398,8,8,-207,-296,33,193,-382,-135,-421,-33,492,79
4399,8,8,70,-512,-69,84,-256,-142,12,-267,370,37
4400,7,7,-379,70,-55,45,47,-137,-429,185,-9,47
4401,2,2,-59,-22,380,63,-266,-296,-348,117,-74,-225
4402,2,2,-98,109,515,-66,-434,-382,-373,84,-21,-261
4403,0,0,267,-287,11,-156,-168,-16,-99,-174,-168,101
4404,0,0,406,-270,-57,-183,-358,-18,32,-154,-147,-107
4405,9,9,-394,-171,-130,65,197,-110,-410,-24,71,287
4406,3,3,-531,-11,-195,714,-464,-53,-712,-19,11,16
4407,9,9,-186,-381,-202,63,14,-39,-382,-37,98,404
4408,9,9,19,-308,-125,-46,39,-74,-197,17,-67,239
4409,1,1,-72,310,-77,-338,54,-193,-159,-62,-57,-206
4410,9,9,-197,-396,-144,75,29,-149,-385,-25,163,393
4411,8,8,-202,-337,-28,130,-299,-25,-231,-158,517,76
4412,6,6,12,-255,-262,-148,-6,81,416,-400,-32,-280
4413,6,6,-2,-120,-232,-180,-46,22,317,-381,31,-316
4414,4,4,-308,-161,-208,-241,469,-50,-235,-38,-150,65
4415,2,2,87,-285,393,23,-186,-302,-267,-155,6,-122
4416,6,6,76,-277,-204,-184,-93,51,393,-335,33,-201
4417,9,9,-323,-392,-167,104,35,-13,-522,-39,13,491
4418,2,2,-29,8,590,-24,-378,-331,-356,80,-166,-365
4419,8,8,-230,-227,-114,101,-66,11,-94,-72,380,-131
4420,5,5,-225,-271,-371,81,-321,514,-114,-157,-69,66
4421,4,4,-95,-297,-190,-208,350,26,-83,-43,-301,41
4422,5,5,-328,-321,-329,180,-226,460,-185,-165,-78,153
4423,7,7,-432,-86,-38,150,-63,-181,-612,429,-33,-14
4424,9,9,-289,-249,-129,-23,220,-132,-430,36,29,345
4425,9,9,-333,-225,-156,-102,270,-85,-424,-77,-38,384
4426,9,9,-200,-240,-223,4,64,-49,-341,-60,51,365
4427,2,2,-126,-7,355,114,-553,-397,-400,89,171,-152
4428,1,1,-43,253,-88,-268,7,-120,-66,-91,-38,-199
4429,8,8,-149,-385,-146,-26,-453,240,28,-278,402,4
4430,3,3,-570,-89,-252,624,-199,100,-445,-84,12,15
4431,4,4,-501,33,-227,-154,494,-111,-403,-28,-88,71
4432,0,0,297,-151,-20,-151,-238,-66,-51,-124,-95,-120
4433,7,7,-427,7,133,154,27,-235,-462,365,-202,-161
4434,8,8,-300,-256,-57,248,-262,-116,-237,-108,464,22
4435,3,3,-400,-96,-60,419,-295,-106,-563,158,31,73
4436,9,9,-379,-337,-115,86,160,-85,-531,19,-12,430
4437,3,3,-104,40,30,214,-308,-45,-355,-12,-109,-106
4438,4,4,-229,-414,-227,124,227,-20,-55,-82,-119,15
4439,6,6,107,-289,-196,-230,65,3,281,-267,-63,-122
4440,5,5,-385,-263,-349,205,-266,456,-337,-126,-28,220
4441,6,6,70,-296,-337,-219,49,64,327,-176,-169,-172
4442,2,2,-103,97,441,1,-184,-358,-250,-59,-84,-386
4443,3,3,-135,47,-23,159,-222,-76,-310,22,-53,-13
4444,9,9,-161,-371,-70,62,72,-108,-279,-43,43,318
4445,2,2,-157,-32,397,26,-117,-157,-193,-40,-120,-294
4446,6,6,25,-300,-160,-165,-87,64,452,-363,-32,-254
4447,0,0,411,-320,-34,-146,-304,-81,-39,-162,-133,-88
4448,0,0,374,-273,-32,-205,-257,-79,-149,-74,-171,-14
4449,6,6,110,-362,-198,-199,-156,77,337,-308,152,-176
4450,1,1,-124,273,-117,-216,28,-121,-167,-88,4,-122
4451,2,2,-70,18,238,62,-324,-259,-228,11,112,-127
4452,8,8,-191,-189,37,35,-131,-76,-103,-134,405,-57
4453,7,7,-177,-29,-89,86,-175,-202,-514,286,-25,80
4454,9,9,-236,-309,-77,94,-16,-70,-375,-104,136,360
4455,8,8,45,-502,-73,91,-199,-142,-63,-259,424,61
4456,2,2,-75,-10,551,77,-565,-490,-379,17,137,-307
4457,0,0,433,-401,-3,-195,-402,-82,-24,-126,-56,-84
4458,4,4,-493,-131,-120,-125,482,-43,-366,8,-101,32
4459,7,7,-258,-130,23,142,-289,-296,-744,476,-137,95
4460,7,7,-232,-122,63,144,-327,-182,-618,332,-94,69
4461,5,5,-231,-197,-271,65,-235,375,-244,-118,21,157
4462,0,0,504,-398,-124,-183,-345,-21,39,-233,-189,-43
4463,5,5,-256,-301,-197,89,-172,380,-39,-202,-45,63
4464,6,6,73,-305,-254,-230,-55,56,426,-326,-48,-206
4465,4,4,-236,-143,123,-76,327,-107,-244,49,-196,-118
4466,6,6,-35,-207,-212,-133,-62,32,425,-415,35,-382
4467,7,7,-259,-89,-232,-42,8,-108,-535,320,-24,134
4468,4,4,-157,-21,-214,-279,427,-137,-180,6,-169,-222
4469,3,3,-264,-34,-51,350,-332,-52,-433,-8,-33,22
4470,0,0,372,-319,-121,-148,-365,-6,-55,-115,-42,-118
4471,7,7,-213,-185,3,174,-329,-250,-689,424,-68,80
4472,5,5,-242,-267,-244,41,-250,381,-37,-248,162,42
4473,0,0,339,-191,1,-214,-346,-34,-25,-96,-111,-180
4474,7,7,-263,-79,69,155,-337,-294,-753,493,-169,25
4475,4,4,-408,-182,-71,-205,430,-25,-171,-204,-35,98
4476,2,2,-83,106,463,-33,-301,-391,-231,9,-8,-371
4477,0,0,258,-114,-76,-227,-253,-17,152,-224,-79,-261
4478,8,8,-221,-228,-74,92,-160,-79,-41,-275,460,-91
4479,9,9,-481,-76,-161,14,158,-59,-575,89,-30,298
4480,9,9,-338,-441,-243,-16,-6,136,-444,-20,124,426
4481,4,4,-279,32,-55,-180,358,-169,-285,12,-149,-12
4482,2,2,23,-208,422,78,-364,-149,-429,-62,-72,-143
4483,4,4,-359,7,-211,-217,386,-102,-376,13,-30,129
4484,6,6,105,-383,-290,-190,-40,134,457,-439,-95,-250
4485,7,7,-191,-234,-183,58,-68,-219,-585,418,63,155
4486,8,8,-27,-327,-75,-75,-138,-54,29,-247,379,2
4487,7,7,-230,-186,164,172,-488,-256,-651,330,138,-40
4488,6,6,-62,-301,-113,-148,-132,139,359,-389,100,-187
4489,9,9,-377,-297,-266,260,81,-33,-507,-153,113,401
4490,4,4,-160,-217,-82,-247,446,-128,-202,-118,-159,75
4491,1,1,-202,287,-24,-166,44,-131,-188,-99,23,-149
4492,3,3,-435,-47,-173,507,-324,15,-463,18,48,3
4493,7,7,-193,-85,-18,117,-217,-250,-605,323,-52,109
4494,3,3,-248,-182,-120,370,-144,81,-320,-86,-101,-29
4495,0,0,402,-271,23,-222,-274,-221,-14,-209,-59,-153
4496,8,8,-208,-201,-69,126,-163,-106,-221,-123,403,64
4497,8,8,-255,-155,92,144,-267,-141,-356,85,316,5
4498,7,7,-324,-49,94,67,-70,-254,-394,330,68,-212
4499,6,6,177,-384,-242,-197,-171,9,455,-420,94,-238
4500,9,9,-286,-9,-128,-27,30,-43,-316,-73,81,236
4501,3,3,-374,-147,-143,535,-145,97,-474,-128,-164,20
4502,9,9,-391,-296,-182,32,185,-99,-522,-1,32,466
4503,2,2,-119,134,412,50,-497,-431,-337,57,78,-280
4504,2,2,-174,153,232,78,-172,-216,-431,181,-142,-233
4505,9,3,-459,-256,-280,244,126,98,-402,39,-107,154
4506,2,2,46,-176,373,62,-192,-281,-387,38,-87,-146
4507,1,1,-200,82,-3,-6,-52,-255,-403,67,65,55
4508,8,8,-240,-271,109,208,-483,-97,-362,-39,459,29
4509,3,3,-436,-80,-55,428,-286,-73,-516,14,77,88
4510,2,2,-72,42,504,-77,-433,-236,-353,10,-31,-229
4511,9,9,-318,-375,-103,151,167,-54,-437,-31,-40,375
4512,6,6,-11,-143,-84,-246,-14,29,405,-492,15,-413
4513,8,8,-152,-320,-82,-56,-408,117,-37,-255,431,59
4514,4,4,-278,-120,-236,-146,361,-159,-360,-35,-18,172
4515,0,0,331,-409,-51,-91,-318,-116,-94,-54,4,-16
4516,1,1,-114,259,-162,-204,13,-108,-78,-133,10,-212
4517,2,2,-114,40,618,3,-186,-292,-372,-29,-180,-427
4518,8,8,-269,-375,54,205,-406,-78,-230,-212,627,-32
4519,4,4,-288,-102,-233,-224,443,-108,-327,-42,-72,115
4520,5,5,-315,-340,-407,22,-253,509,-280,-219,123,238
4521,2,2,-171,181,338,80,-235,-328,-551,262,-243,-236
4522,7,7,-268,-130,-70,121,-163,-204,-593,387,-66,122
4523,8,8,-123,-66,-81,35,-289,-117,-319,3,303,-2
4524,1,1,-88,313,-138,-268,-4,-178,-207,-69,-54,-169
4525,1,1,-176,310,-166,-237,53,-129,-213,-79,-18,-90
4526,3,3,-361,-152,-74,414,-253,-63,-448,-63,83,130
4527,0,0,338,-298,-42,-176,-351,-25,-23,-102,-52,-64
4528,3,3,-448,-129,-394,639,-466,265,-425,-190,81,-45
4529,5,5,-271,-217,-316,79,-259,459,-117,-194,51,27
4530,7,7,-182,-128,-64,44,-135,-56,-383,322,-106,61
4531,0,0,311,-202,-89,-136,-306,14,-28,-53,-130,-92
4532,3,3,-561,-43,-277,558,-215,149,-602,-35,-69,108
4533,1,1,-109,228,-97,-208,43,-92,-98,-71,-17,-124
4534,9,9,-143,-435,-148,117,-27,-168,-444,82,72,396
4535,3,3,-499,-252,-295,664,-397,104,-656,-31,71,183
4536,6,5,-12,-324,-238,-105,-306,249,218,-273,93,-83
4537,3,3,-413,-72,-194,614,-354,-147,-573,-49,38,68
4538,1,1,-292,337,-96,-118,43,-185,-345,-7,-21,-87
4539,7,7,-228,-153,-114,82,-91,-290,-601,421,26,134
4540,7,7,-251,-217,23,130,-225,-305,-646,313,157,114
4541,3,3,-669,-222,-287,726,-372,124,-748,48,83,123
4542,0,0,469,-355,-22,-195,-323,-107,48,-264,-122,-100
4543,8,8,-414,-169,45,252,-329,-114,-316,-57,470,-51
4544,4,4,-258,-111,-164,-308,511,-106,-186,-119,-190,7
4545,8,8,-143,-251,18,123,-263,-163,-251,-64,417,81
4546,2,2,-70,-58,461,-4,-428,-315,-204,-48,138,-233
4547,6,6,17,-291,-9,-193,111,-24,246,-265,-79,-255
4548,5,5,-86,-20,-143,-98,-121,245,83,-248,-24,-315
4549,2,2,-111,169,527,-121,-286,-429,-357,170,-111,-404
4550,9,9,-296,-390,-79,34,114,-105,-521,58,1,407
4551,7,7,-154,0,-230,-213,49,6,-192,232,-31,-101
4552,3,3,-299,-238,-270,523,-220,65,-459,-81,39,96
4553,9,9,-340,-482,-176,123,52,-30,-587,64,-6,475
4554,0,0,460,-442,-70,-143,-194,-61,-69,-160,-262,78
4555,9,9,-477,-302,-223,94,222,4,-473,-94,39,394
4556,9,9,-292,-180,-206,-30,118,-33,-369,-47,42,379
4557,6,6,107,-431,-251,-192,-91,17,527,-438,80,-308
4558,4,4,-54,-306,-134,-203,331,-177,6,-204,-98,21
4559,2,2,-62,-21,642,42,-363,-485,-446,62,-29,-374
4560,9,9,-146,-386,-62,47,-10,-41,-200,-83,25,331
4561,7,7,-61,-142,-88,-31,-104,-107,-340,251,-21,69
4562,2,2,21,-184,582,-48,-340,-352,-392,15,15,-211
4563,1,1,-113,247,0,-224,59,-249,-273,39,-121,-112
4564,1,1,-85,276,-189,-264,0,-128,-88,-138,-25,-223
4565,6,6,-57,-196,-184,-117,-60,61,369,-402,54,-309
4566,7,7,-372,32,72,161,-46,-267,-476,374,-83,-134
4567,4,4,-328,-164,-133,-97,319,-73,-353,-9,-49,247
4568,7,7,-124,-137,14,65,-190,-140,-461,262,-69,79
4569,5,5,-365,-308,-338,274,-252,364,-71,-329,89,66
4570,9,9,-177,-501,-258,35,136,-71,-242,-68,120,367
4571,6,0,178,-451,50,-4,-333,-137,176,-348,176,-119
4572,8,8,-150,-514,156,26,-46,-182,-111,-420,523,5
4573,2,2,-60,-13,421,48,-368,-309,-395,167,-62,-222
4574,1,1,-59,229,-110,-222,-101,-70,-79,-236,42,-252
4575,4,4,15,-19,90,-272,289,-212,-283,-6,-249,-81
4576,4,4,-368,-69,-80,-224,500,-122,-388,-43,-104,110
4577,5,5,-150,-92,-325,-61,-175,329,-111,6,57,-57
4578,7,7,-183,-41,-78,-39,-91,-87,-413,169,-11,121
4579,6,6,-56,-264,-47,-189,-95,72,374,-428,140,-251
4580,1,1,-136,315,-178,-204,5,-205,-285,9,-54,-144
4581,3,3,-534,-95,-279,747,-347,9,-505,-97,56,-33
4582,2,2,-88,33,378,-116,-109,-262,-183,-131,92,-286
4583,5,5,-179,-110,-328,-85,-167,354,-176,-54,76,31
4584,9,9,-60,-353,-65,14,77,-173,-287,9,-1,304
4585,9,9,-176,-384,-75,32,157,-13,-169,-136,-87,285
4586,3,3,-268,-148,-179,397,-214,55,-465,-96,-15,158
4587,6,6,-20,-331,-190,-193,-41,60,531,-507,14,-361
4588,1,1,-224,298,-77,-145,2,-158,-261,-49,26,-109
4589,1,1,-104,314,-89,-331,80,-222,-186,-19,-64,-180
4590,4,4,-239,-36,-172,-260,451,-94,-228,-74,-192,-22
4591,6,6,-73,-359,-191,-69,63,45,464,-475,-54,-379
4592,9,9,-189,-439,-53,-5,221,-159,-472,13,-71,418
4593,7,7,-141,-80,25,60,-238,-185,-514,379,-199,34
4594,2,2,-103,31,348,66,-362,-255,-443,150,-62,-146
4595,1,1,-183,248,-88,-112,-30,-231,-267,-59,88,-104
4596,5,5,-424,-363,-342,89,-295,542,-155,-393,111,224
4597,1,1,-130,276,-108,-243,78,-207,-247,26,-85,-106
4598,4,4,-304,-106,-71,-220,421,-113,-316,-67,-118,134
4599,6,6,-35,-179,-89,-142,-31,11,368,-436,45,-341
4600,3,3,-518,-186,-219,710,-389,28,-672,-60,34,129
4601,8,8,-381,-101,-51,148,79,-217,-329,64,361,-183
4602,1,1,-125,352,-107,-360,111,-209,-207,-51,-98,-188
4603,1,1,-218,287,-133,-184,67,-163,-311,-27,-42,-26
4604,0,0,363,-493,-173,-119,-121,4,94,-224,-86,-42
4605,3,3,-379,-165,-208,511,-324,-20,-455,-129,158,75
4606,1,1,-128,307,-100,-256,59,-215,-219,-16,-48,-163
4607,6,6,25,-189,-130,-195,-74,1,391,-469,97,-389
4608,8,8,-119,-449,-21,88,-183,-55,54,-435,471,-94
4609,4,4,-185,-41,-275,-233,337,-93,-142,9,-52,-133
4610,9,9,-276,-376,-171,56,96,-133,-476,21,112,433
4611,0,0,477,-368,-74,-191,-315,-51,44,-230,-167,-77
4612,7,7,-242,-127,-137,69,-106,-187,-568,392,-52,137
4613,3,3,-505,-102,-176,607,-216,-9,-580,-36,-41,75
4614,0,0,361,-400,-187,-147,-166,51,53,-206,-130,-39
4615,2,2,-34,-171,373,-101,140,-263,-75,-175,-109,-442
4616,9,9,-228,-358,-123,82,66,-47,-364,50,-56,335
4617,0,0,365,-307,-125,-181,-180,5,-19,-112,-211,8
4618,6,6,115,-313,-163,-172,-116,3,400,-381,57,-203
4619,6,6,75,-378,-232,-143,-239,122,293,-346,234,-116
4620,6,6,95,-48,100,-286,-82,-54,205,-422,-45,-455
4621,3,3,-605,-54,-259,749,-260,40,-540,-29,-30,-68
4622,6,6,70,-421,-170,-137,-143,98,389,-249,29,-238
4623,7,7,-174,-184,-105,10,-125,-141,-493,427,-129,103
4624,7,7,-178,-100,48,102,-247,-213,-547,338,-123,56
4625,2,2,-88,40,420,44,-435,-370,-366,55,72,-209
4626,8,8,-142,-379,99,78,-157,-162,-91,-270,419,12
4627,6,6,65,-201,-218,-303,1,114,394,-437,-159,-239
4628,0,0,390,-255,-69,-168,-339,-49,-4,-106,-138,-100
4629,8,8,-211,-431,57,151,-308,-43,-233,-230,570,51
4630,3,3,-287,-7,-129,284,-102,69,-162,-65,6,-70
4631,0,0,509,-439,-28,-168,-353,-126,5,-260,-117,-44
4632,2,2,-83,-81,316,115,-166,-333,-172,-60,1,-337
4633,9,9,-184,-296,-119,-66,91,4,-308,24,-17,295
4634,8,8,-272,-139,-141,39,-30,-76,-242,-133,420,53
4635,3,3,-210,-80,-199,400,-407,151,-368,-130,-42,-35
4636,2,2,-219,186,569,-22,-167,-431,-338,-5,-20,-506
4637,5,5,-404,-288,-268,100,-297,508,-250,-257,104,161
4638,3,3,-434,-85,-310,581,-220,149,-414,-74,-55,-29
4639,8,9,-291,-300,-96,173,-129,7,-465,-24,190,275
4640,8,8,-116,-162,50,121,-422,-96,-293,-108,326,27
4641,0,0,332,-250,-75,-111,-284,-25,52,-189,-96,-84
4642,0,0,295,-189,-49,-166,-291,-15,36,-125,-71,-115
4643,1,1,-282,272,-194,-92,57,-150,-343,-101,23,-38
4644,9,9,-205,-335,-216,22,63,-93,-430,32,33,417
4645,5,5,-257,-288,-287,-26,-423,541,-211,-260,127,128
4646,1,1,-78,190,-89,-180,17,-91,-112,-50,-11,-79
4647,3,3,-576,-149,-246,557,-239,90,-540,70,-33,107
4648,9,9,-293,-304,-215,41,128,-94,-473,36,37,424
4649,6,6,8,-249,-218,-170,-57,55,446,-434,19,-307
4650,0,0,390,-248,-23,-182,-262,-40,-12,-203,-216,-21
4651,1,1,-170,307,-150,-256,85,-123,-196,-56,-63,-101
4652,4,4,-237,-81,25,-243,446,-104,-236,-20,-159,-110
4653,1,1,-142,279,-119,-207,40,-160,-220,6,-77,-117
4654,7,7,-194,-196,-60,23,14,-229,-412,478,-173,2
4655,1,1,-101,258,-137,-249,61,-73,-84,-152,3,-149
4656,2,2,-268,-28,468,62,-153,-202,-344,139,-30,-389
4657,3,3,-332,-87,110,520,-501,-256,-518,39,157,-76
4658,7,7,-262,-68,147,88,-131,-286,-417,411,-16,-196
4659,9,9,-360,-359,-130,47,196,-6,-483,68,-123,376
4660,7,7,-389,-136,-5,178,-25,-163,-596,365,-150,97
4661,4,4,-288,-93,-106,-268,530,-94,-218,-114,-157,-72
4662,9,9,-459,-235,-229,1,296,-15,-508,25,-76,347
4663,9,9,-271,-382,-152,91,129,-117,-444,-1,49,408
4664,3,3,-508,-115,-262,517,-151,34,-440,-107,78,108
4665,9,9,-367,-153,-100,21,147,-78,-419,-54,82,328
4666,2,2,-147,44,409,105,-435,-330,-328,12,106,-252
4667,8,8,-254,-438,101,140,-330,-105,-198,-281,672,-42
4668,2,2,-153,86,284,-70,85,-262,-285,-36,-83,-303
4669,7,7,-144,-123,-152,-67,-71,-125,-422,378,-70,72
4670,1,1,-104,324,-124,-311,65,-188,-208,-23,-72,-167
4671,8,8,-178,-411,-88,335,-392,5,-212,-222,344,48
4672,0,0,380,-199,-14,-278,-295,-97,20,-169,-136,-198
4673,9,9,-212,-449,-102,50,40,-126,-343,-16,116,380
4674,1,1,-108,256,-26,-208,-14,-150,-92,-96,-28,-263
4675,0,0,336,-267,-62,-166,-362,-25,-55,-57,-67,-93
4676,1,1,-124,214,-97,-164,21,-84,-125,-37,-31,-92
4677,7,7,-218,-32,52,174,-377,-347,-711,398,-34,-9
4678,7,7,-193,-82,-7,73,-227,-222,-580,441,-128,23
4679,9,9,-207,-385,-160,31,39,67,-417,79,-143,351
4680,6,6,48,-461,-192,-151,-54,33,524,-436,-17,-282
4681,9,9,-51,-442,-100,-54,142,-93,-258,-30,-136,341
4682,9,9,-375,-274,-125,88,42,-21,-484,9,85,370
4683,9,9,-257,-387,-145,57,87,-42,-404,44,-27,375
4684,2,2,-13,-94,383,-15,-243,-262,-193,-2,40,-247
4685,1,1,-223,302,-137,-224,94,-120,-229,-82,-21,-63
4686,6,6,164,-323,-276,-165,-140,2,399,-354,39,-198
4687,1,1,-99,260,-120,-236,15,-113,-144,-36,-35,-140
4688,3,3,-568,-119,-373,692,-197,106,-497,-135,67,26
4689,5,5,-353,-255,-338,66,-145,438,84,-476,38,-43
4690,7,7,-114,-62,95,46,-160,-71,-539,233,-193,36
4691,1,1,-46,324,-72,-395,31,-203,-123,-122,-55,-263
4692,9,9,-174,-302,-163,53,0,78,-379,28,-147,304
4693,7,7,-147,-200,-182,-83,-77,-41,-348,334,-128,118
4694,6,6,45,-322,-216,-160,-122,61,461,-490,64,-288
4695,4,4,-399,-145,-278,-178,488,-118,-420,-53,-44,255
4696,5,5,-228,-61,-247,124,-182,307,-209,-88,-156,58
4697,7,7,-161,-177,48,112,-334,-217,-650,450,-168,46
4698,6,6,115,-459,-320,-136,-34,47,460,-427,-7,-152
4699,6,6,22,50,-15,-214,-107,-38,149,-239,44,-262
4700,9,9,-331,-299,-151,23,99,-75,-494,1,104,428
4701,9,9,-348,-386,-91,73,65,-102,-546,84,66,412
4702,6,6,19,-320,-42,-161,-167,53,279,-365,151,-70
4703,3,3,-388,11,-248,460,-170,144,-336,-85,-75,-97
4704,6,6,-11,-378,-276,-121,-35,127,407,-397,12,-199
4705,2,2,-94,19,545,-3,-418,-363,-219,-61,91,-378
4706,9,9,-166,-439,-143,-33,146,-127,-387,41,-23,408
4707,8,8,-243,-279,5,142,-179,-163,-328,-178,431,163
4708,1,1,-126,337,-118,-278,32,-146,-142,-94,-41,-230
4709,2,2,-34,86,556,3,-302,-501,-251,-54,-28,-511
4710,2,2,-233,-15,526,254,-642,-419,-473,-84,253,-308
4711,5,5,-296,-142,-218,-26,-299,399,-192,-245,138,126
4712,5,5,-315,-404,-318,26,-141,369,-281,-188,99,307
4713,2,2,-158,-10,432,118,-302,-310,-130,-152,3,-518
4714,3,3,-302,-107,-210,525,-288,31,-510,-70,-108,74
4715,7,7,-173,-89,42,65,-275,-171,-593,381,-160,46
4716,2,2,-227,-71,395,67,-234,-316,-336,-74,239,-150
4717,1,1,-119,311,-162,-297,62,-187,-192,-34,-38,-162
4718,0,0,386,-268,-74,-207,-347,-52,18,-151,-77,-106
4719,1,1,-75,197,-105,-183,46,-114,-115,-15,-30,-98
4720,0,0,323,-214,76,-135,-327,-80,-158,-57,-140,-115
4721,4,4,-289,-123,-37,-107,347,-2,-170,-140,-112,31
4722,5,5,-167,-227,-118,81,-145,285,-102,-89,-7,3
4723,2,2,-187,-47,338,208,-428,-243,-560,137,-17,-121
4724,8,8,117,-581,114,85,-189,-194,-39,-418,371,-39
4725,2,2,-182,154,498,5,-302,-337,-407,179,-104,-364
4726,8,8,-142,-95,-90,5,-290,-38,-161,-185,373,-11
4727,3,3,-579,-56,-95,591,-361,-77,-630,140,41,4
4728,5,5,-317,-258,-240,128,-172,433,-76,-181,36,-44
4729,1,1,-200,320,-199,-219,82,-141,-223,-115,20,-94
4730,7,7,-222,-121,-62,77,-171,-156,-532,424,-164,64
4731,8,8,-124,-197,16,156,-397,-116,-355,-2,242,91
4732,1,1,-110,320,-118,-247,-14,-237,-244,-30,-17,-168
4733,1,1,-72,268,-157,-396,14,-105,-69,-88,-22,-212
4734,2,2,-116,7,473,56,-377,-408,-299,-105,215,-313
4735,9,9,-391,-179,-149,-46,198,27,-441,0,-94,342
4736,7,7,-251,-59,182,81,-177,-322,-655,508,-144,-112
4737,8,8,-188,-318,-5,-66,-222,47,146,-354,399,-71
4738,4,4,-333,-36,-91,-154,374,-87,-119,-101,-171,-197
4739,0,0,215,-335,112,-146,58,-178,-45,-136,-148,-58
4740,3,3,-270,-44,-129,143,-121,122,-346,43,-180,33
4741,0,0,394,-300,-160,-143,-263,-26,108,-257,-144,-79
4742,7,7,-298,-87,50,90,-67,-159,-433,374,-164,-15
4743,8,8,-72,-347,-91,129,-304,50,1,-266,330,-70
4744,8,8,-142,-224,23,125,-398,-110,-218,-156,432,7
4745,4,4,-463,-35,1,-72,429,-133,-425,-47,-136,65
4746,7,7,-257,-7,-265,-240,60,-79,-427,483,-186,-77
4747,7,7,-179,-225,-186,77,-161,-111,-562,425,-53,126
4748,8,8,-180,-415,-2,181,-427,-106,-365,-7,541,103
4749,5,5,-249,-181,-243,-65,-198,378,-47,-289,58,146
4750,8,8,-250,-282,128,245,-392,-214,-237,-154,546,-101
4751,4,4,-24,-130,-33,-131,206,-123,63,-178,-134,-191
4752,9,9,-231,-334,-207,8,111,-23,-391,6,-54,400
4753,8,8,-145,-247,-108,125,-290,-78,-249,-158,420,112
4754,1,1,-97,324,-89,-234,-2,-208,-219,-66,-81,-217
4755,3,3,-467,-38,-104,409,-102,32,-266,-47,28,-126
4756,8,8,-101,-292,29,18,-211,-98,-188,-156,452,47
4757,0,0,449,-384,-48,-158,-306,-140,-97,-127,-155,3
4758,3,3,-507,-127,-144,628,-425,-35,-567,-57,163,55
4759,1,1,-230,167,-116,-58,77,-160,-239,34,-18,-43
4760,7,7,-297,-1,-57,51,-143,-199,-580,322,-35,106
4761,9,9,-239,-38,-340,-28,82,-71,-371,30,120,181
4762,5,5,-386,-376,-429,94,-307,630,-170,-397,56,206
4763,5,5,-110,-287,-160,-22,-96,268,83,-356,-35,-75
4764,1,1,-77,258,-132,-266,12,-114,-123,-46,-25,-150
4765,6,6,41,-338,-208,-175,-150,53,392,-271,46,-147
4766,5,5,-215,-297,-285,115,-365,440,-58,-278,109,10
4767,7,7,-77,-263,-157,21,-224,-69,-489,445,-175,96
4768,4,4,-169,-416,-69,-147,415,-179,-175,-19,-232,73
4769,9,9,-308,-340,-179,82,106,-4,-440,34,-37,391
4770,3,3,-502,-158,-243,564,-256,54,-512,-101,60,175
4771,5,5,-223,-202,-242,-12,-303,373,-115,-273,148,112
4772,4,4,-370,11,-164,-269,497,-121,-324,3,-109,-20
4773,7,7,-268,-36,-50,211,-259,-325,-710,374,-54,79
4774,1,1,-163,253,-175,-196,19,-83,-175,-71,10,-77
4775,2,2,7,24,544,-105,-232,-461,-137,-89,-23,-514
4776,0,0,405,-505,-197,-99,-258,-13,20,-136,-69,4
4777,8,8,-104,-80,-265,9,-192,32,-30,-239,265,-89
4778,1,1,-238,292,-101,-172,68,-157,-306,0,-34,-47
4779,6,6,91,-376,-259,-223,-59,87,465,-360,-116,-195
4780,0,0,324,-217,-20,-176,-246,-91,33,-170,-60,-120
4781,7,7,-219,-110,-73,115,-263,-240,-645,429,-55,57
4782,3,3,-365,-221,-203,508,-268,-25,-588,46,-13,205
4783,4,4,-339,-209,-103,-68,319,-32,-321,-47,-151,219
4784,7,7,-153,-164,-214,-80,-79,-120,-446,423,-58,86
4785,3,3,-437,-260,-98,589,-421,-138,-627,-76,304,156
4786,9,9,-192,-417,-108,72,93,-120,-435,11,15,393
4787,6,6,-51,-263,-177,-141,-22,19,494,-497,8,-437
4788,0,0,289,-257,-131,-116,-278,12,23,-140,-45,-78
4789,8,8,-222,-328,-27,0,-440,142,-39,-303,565,-102
4790,6,6,-8,-180,-51,-229,-35,8,379,-463,97,-370
4791,4,4,-424,-88,-10,0,356,-31,-296,-75,-171,-6
4792,8,8,-292,-287,103,71,-391,13,-164,-170,507,-14
4793,7,7,-224,-150,-206,59,-139,-72,-517,381,-3,84
4794,7,7,-249,-113,-225,-157,36,-75,-406,494,-227,10
4795,9,9,-203,-466,-132,52,17,-77,-401,-14,69,429
4796,3,3,-367,-95,-167,437,-221,-18,-437,0,30,95
4797,8,8,-154,-381,28,201,-427,-92,-282,-178,510,84
4798,6,6,1,-156,-131,-134,-148,64,274,-383,96,-279
4799,9,9,-173,-285,0,113,10,-150,-386,56,-1,270
4800,7,7,-192,-186,-80,113,-207,-177,-609,430,-136,107
4801,2,2,-149,171,402,-172,-37,-259,-138,-73,-35,-528
4802,3,3,-284,-66,-191,326,-159,50,-316,-53,2,97
4803,4,4,-328,96,-225,-342,519,-158,-339,37,-195,-124
4804,0,0,399,-417,26,-171,-283,-97,149,-341,-10,-177
4805,2,2,-85,52,509,-6,-441,-366,-294,52,29,-282
4806,1,1,-146,249,-77,-177,8,-120,-171,-76,17,-120
4807,8,0,142,-206,-28,30,-331,24,-30,-207,57,-211
4808,3,3,-325,-126,-247,356,-213,153,-367,-48,8,104
4809,5,5,-303,-321,-492,74,-223,570,-177,-186,141,34
4810,5,5,-190,-159,-295,-7,-288,407,-202,-95,48,57
4811,7,7,-238,-128,-39,116,-201,-303,-723,497,-135,90
4812,2,2,-15,59,437,-34,-437,-431,-278,-15,102,-296
4813,4,4,-198,-236,-182,-216,364,-116,-138,-149,4,137
4814,6,6,138,-179,-245,-176,-54,63,177,-139,-110,-156
4815,7,7,-168,-78,-184,-21,-15,-143,-408,275,-14,122
4816,2,2,-164,142,208,90,-38,-196,-195,-17,-158,-389
4817,8,8,-280,-313,13,214,-322,-48,-250,-156,458,63
4818,3,3,-681,-58,-170,671,-342,-21,-669,-31,128,42
4819,0,0,307,-242,-36,-164,-275,-142,-23,-114,-17,-97
4820,8,8,-298,-341,-198,228,-314,61,-308,-95,479,121
4821,7,7,-116,-216,-186,-36,-179,-52,-423,464,-189,53
4822,8,8,-136,-378,15,61,-116,-75,-87,-278,395,66
4823,9,4,-112,-282,-74,-152,142,-24,117,-298,13,85
4824,0,0,323,-128,-18,-289,-211,-188,-34,-162,-92,-151
4825,8,8,-233,-302,68,96,-41,-165,-274,-87,384,114
4826,4,4,-354,-47,-10,-74,355,-81,-309,-19,-139,-6
4827,4,4,-441,-98,-216,-266,519,-78,-334,62,-81,34
4828,5,5,-354,-282,-238,183,-89,287,15,-218,41,-41
4829,8,8,-114,-340,5,160,-489,-33,-205,-115,486,-30
4830,5,5,-288,-359,-302,74,-222,435,-155,-275,30,235
4831,6,6,11,-441,-285,-216,-106,163,428,-311,158,-265
4832,6,6,11,-158,-170,-248,7,23,401,-436,-18,-323
4833,3,3,-518,-168,168,616,-492,-107,-612,34,130,-143
4834,0,0,323,-309,-89,-181,-188,-11,-69,-44,-209,32
4835,9,9,-352,-456,-203,60,1,13,-590,42,114,471
4836,3,3,-441,-173,-262,525,-239,183,-397,-75,-25,78
4837,7,7,-124,-33,165,74,-309,-409,-569,243,78,18
4838,6,5,-87,-336,-188,-65,-251,257,250,-343,174,-178
4839,8,8,-82,-251,47,170,-327,-236,-252,-119,403,-23
4840,9,9,-320,-315,-169,-43,124,9,-387,-67,24,436
4841,3,3,-390,-33,33,466,-391,-255,-582,35,129,21
4842,4,4,-511,-193,-173,-190,621,-9,-412,-79,-105,199
4843,9,9,-257,-347,-198,5,125,-54,-381,-9,5,418
4844,5,5,-154,-116,-312,55,-220,375,-128,-115,-108,4
4845,8,8,-219,-251,113,137,-361,-188,-311,-48,510,33
4846,9,9,-306,-338,-115,-40,250,-108,-408,-46,23,405
4847,1,1,-164,277,-117,-248,106,-99,-146,-136,0,-113
4848,2,2,-143,-57,502,117,-475,-362,-336,-41,203,-273
4849,8,8,-130,-352,-67,10,-216,-48,-49,-293,474,45
4850,8,8,-173,-251,45,161,-250,-178,-281,-145,433,56
4851,6,6,138,-360,-216,-201,-125,45,421,-404,64,-215
4852,8,8,-197,-329,7,-46,-166,74,187,-329,422,-252
4853,1,1,-62,280,-202,-294,2,-102,-117,-118,-40,-178
4854,3,3,-405,-169,-421,676,-259,150,-502,-115,-18,57
4855,7,7,-211,-252,-135,88,-48,-117,-547,350,-55,172
4856,9,9,-315,-382,-150,104,63,-25,-455,26,31,379
4857,0,0,221,-108,5,-99,-338,-32,-132,15,-48,-175
4858,1,1,-120,313,-123,-247,36,-188,-242,8,-97,-130
4859,1,1,-110,310,-115,-252,38,-171,-207,-23,-80,-133
4860,4,4,-182,-334,-210,-94,321,-191,-360,16,-18,246
4861,7,7,-99,-150,-90,183,-369,-230,-470,203,170,53
4862,0,0,292,-224,-100,-167,-326,-77,-97,56,-108,-66
4863,8,8,-206,-162,0,164,-86,-220,-352,-14,266,109
4864,1,1,-90,187,-61,-159,4,-101,-132,-19,-6,-77
4865,7,7,-192,-248,-180,91,-200,-206,-599,452,55,142
4866,4,4,-511,-72,-173,-175,536,-106,-453,52,-134,109
4867,5,5,-401,-204,-318,110,-211,527,-127,-372,-32,93
4868,7,7,-170,-119,27,95,-234,-238,-616,302,-4,88
4869,1,1,-143,277,-144,-224,14,-151,-238,-105,10,-112
4870,2,2,-102,70,593,-103,-258,-369,-261,-62,29,-435
4871,1,1,-111,210,-85,-174,39,-85,-123,-35,-41,-82
4872,1,1,-112,311,-138,-305,72,-184,-156,-24,-64,-181
4873,3,3,-504,-81,-48,554,-469,-157,-759,118,49,115
4874,9,0,198,-270,-75,-158,-86,27,-16,-155,-191,81
4875,6,6,64,-366,-200,-171,-62,-34,514,-510,97,-346
4876,2,2,-107,-28,286,-45,126,-215,-111,-38,-141,-383
4877,1,1,-170,254,-182,-202,86,-92,-139,-125,-3,-113
4878,2,2,-54,-99,484,-65,-192,-215,-136,-112,96,-398
4879,8,8,-196,-250,-143,-58,-47,-7,153,-316,258,-56
4880,0,0,170,-430,-55,-86,-219,-19,61,-280,157,9
4881,7,7,-136,-243,-73,56,-122,-205,-545,348,68,119
4882,6,6,61,-446,-128,-14,-389,75,345,-459,184,-200
4883,6,6,108,-394,-217,-249,-84,123,398,-323,21,-222
4884,9,9,-400,-320,-195,30,197,-89,-528,-55,82,497
4885,3,3,-492,-150,-233,590,-291,8,-534,-104,145,126
4886,7,7,-145,58,30,45,-278,-332,-483,208,99,3
4887,0,0,302,-193,35,-153,-382,-69,-107,21,-81,-161
4888,5,5,-46,-302,-191,-106,-139,208,66,-75,104,1
4889,2,2,-168,77,552,65,-421,-403,-336,-69,134,-392
4890,8,8,-124,-469,39,-7,-52,-6,152,-504,410,-165
4891,0,0,336,-250,-5,-137,-184,-104,34,-229,-126,-33
4892,5,5,-438,-346,-402,63,-207,605,-146,-364,18,234
4893,4,4,-331,-82,-52,-139,359,-60,-301,-29,-44,128
4894,3,3,-460,-130,-433,537,-280,206,-542,-142,28,184
4895,8,8,-219,-369,61,150,-328,-55,-189,-329,506,4
4896,4,4,-157,-103,38,-56,304,-116,-211,-42,-200,-75
4897,6,6,8,-369,-244,-205,-35,119,452,-421,20,-258
4898,6,6,-22,-215,-260,-179,-57,74,412,-410,43,-331
4899,2,2,-24,-81,386,-64,-151,-267,-207,-106,107,-190
4900,7,7,-219,39,-101,32,-168,-163,-489,354,-42,-36
4901,9,9,-263,-340,-138,54,63,-108,-427,33,95,378
4902,5,5,-382,-169,-328,194,-250,435,-311,-252,-35,207
4903,1,1,-221,296,-146,-140,33,-100,-188,-124,2,-187
4904,3,3,-346,-80,-241,593,-498,-13,-559,-141,82,52
4905,2,2,-146,-6,490,85,-516,-331,-386,43,105,-224
4906,4,4,-249,1,-197,-443,486,-131,-281,19,-184,-50
4907,3,3,-295,-156,-149,352,-252,65,-438,83,-73,99
4908,6,6,-3,-410,-195,-144,-157,77,513,-490,104,-250
4909,1,1,-228,267,-107,-177,125,-86,-181,-135,-6,-104
4910,9,9,-275,-358,-191,-62,143,10,-429,11,-106,453
4911,4,4,-49,-171,-120,-258,283,-106,-123,-166,-151,112
4912,4,4,-381,1,-218,-356,612,-141,-383,-23,-171,-1
4913,7,7,-201,-90,8,81,-229,-221,-586,379,-98,75
4914,6,6,66,-421,-192,-195,-175,57,505,-434,113,-221
4915,5,5,-188,-281,-208,76,-257,265,38,-286,81,66
4916,4,4,-382,-4,-220,-352,565,-60,-265,-48,-105,-66
4917,1,1,-95,280,-89,-279,71,-167,-168,-44,-53,-150
4918,9,9,-49,-146,-76,-106,97,-148,-262,19,-76,163
4919,9,9,-346,-276,-212,-17,136,27,-478,-61,-81,471
4920,2,2,-110,-32,619,42,-343,-394,-408,34,-24,-340
4921,7,7,-148,-15,50,89,-168,-296,-531,244,-30,57
4922,8,8,-249,-249,45,97,-286,-2,-98,-167,432,-48
4923,0,0,259,-308,104,-108,-149,-96,6,-277,-28,-73
4924,1,1,-214,248,7,-130,-17,-155,-169,-69,27,-166
4925,3,3,-465,-86,-302,604,-205,81,-420,-90,4,-1
4926,6,6,-20,-356,-272,-79,-62,71,455,-403,27,-228
4927,1,1,-124,279,-93,-239,26,-180,-216,-40,-11,-82
4928,3,3,-462,-85,-120,538,-270,-75,-496,22,25,20
4929,4,4,-52,-75,-71,-159,218,-57,-45,-103,-71,3
4930,1,1,-173,283,-67,-208,77,-137,-122,-144,37,-163
4931,1,1,-120,267,-130,-215,8,-159,-228,-41,-19,-63
4932,1,1,-125,323,-122,-291,65,-196,-186,-30,-55,-186
4933,5,5,-265,-336,-266,-15,-286,451,-50,-350,131,150
4934,6,6,41,-452,-266,-92,-149,154,406,-468,66,-199
4935,0,0,394,-293,-16,-201,-278,-126,40,-230,-74,-92
4936,7,7,-104,-185,6,67,-188,-333,-592,384,13,87
4937,0,0,342,-329,134,-54,-333,-185,-257,-79,-134,39
4938,7,7,-279,-26,7,90,-157,-282,-617,394,-80,65
4939,2,2,-147,29,339,144,-525,-349,-404,155,43,-203
4940,3,3,-440,-31,-238,554,-250,69,-455,-43,8,-8
4941,2,2,32,-131,460,112,-349,-411,-167,-129,34,-439
4942,5,5,-260,-102,-282,78,-160,306,-151,-198,-50,142
4943,2,2,-71,-202,274,37,-401,-112,-170,15,253,-162
4944,2,2,-171,78,457,226,-369,-397,-487,108,-82,-336
4945,9,9,-356,-373,-139,91,113,-73,-435,-84,101,455
4946,4,4,-318,23,-57,-227,500,-275,-387,37,-179,-62
4947,9,9,-302,-362,-140,55,127,-154,-491,-12,119,452
4948,8,8,-199,-268,-37,43,-13,-112,-178,-149,384,99
4949,1,1,-184,311,-184,-218,74,-136,-181,-85,-12,-134
4950,2,2,-6,-137,276,54,-200,-163,-203,-55,62,-128
4951,1,1,-189,224,-111,-182,78,-191,-267,29,-11,-59
4952,6,6,95,-373,-123,-217,-280,93,379,-404,190,-193
4953,1,1,-210,320,-125,-219,80,-151,-229,-43,-42,-117
4954,2,2,-182,13,557,182,-731,-476,-526,103,140,-280
4955,7,7,-182,-158,-40,79,-221,-131,-510,409,-167,68
4956,8,8,-264,-246,-105,-78,185,-101,-129,-242,347,47
4957,0,0,387,-267,-47,-178,-186,-64,15,-224,-194,-18
4958,0,0,440,-348,19,-193,-323,-176,72,-289,-42,-144
4959,0,0,275,-184,-31,-213,-411,13,-96,62,-62,-188
4960,8,8,-143,-471,-81,45,-257,-17,92,-384,599,-138
4961,2,2,-70,-29,536,-13,-424,-421,-285,-65,176,-307
4962,2,2,-10,94,568,-111,-258,-438,-185,-86,-70,-500
4963,9,9,-252,-320,-219,15,115,9,-357,18,-22,350
4964,2,2,-28,-39,456,-1,-352,-385,-175,-65,73,-316
4965,2,2,-40,-47,635,65,-557,-594,-359,16,135,-372
4966,7,3,-328,-76,-144,138,-57,-96,-397,138,61,127
4967,9,9,-138,-360,-29,70,38,-77,-236,-69,16,296
4968,9,9,-56,-390,-88,-74,25,-107,-481,180,-187,348
4969,2,2,-79,-9,406,57,-495,-338,-364,102,57,-167
4970,7,7,-190,-75,15,71,-149,-262,-564,362,-103,91
4971,5,5,-331,-293,-282,178,-238,394,-142,-239,19,152
4972,1,1,-129,287,-162,-242,64,-144,-188,10,-96,-136
4973,3,3,-595,-84,-250,703,-322,31,-538,-57,122,-16
4974,4,4,-116,-122,35,-163,381,-222,-272,21,-201,-59
4975,9,9,-253,-505,-142,120,62,-120,-449,-23,94,447
4976,4,4,-334,-87,-102,-152,413,-110,-362,30,-94,134
4977,1,1,-75,277,-92,-278,5,-120,-118,-101,-6,-166
4978,8,8,-302,-156,-120,181,-227,-114,-493,46,303,196
4979,5,5,-286,-342,-446,86,-136,481,-101,-208,-96,201
4980,6,6,92,-262,-176,-235,-84,15,460,-381,9,-321
4981,2,2,-85,-28,592,164,-602,-527,-429,64,103,-397
4982,8,8,-72,-487,59,176,-235,-149,-152,-245,445,45
4983,3,3,-634,-84,-179,698,-252,15,-684,4,-70,52
4984,1,1,-178,279,-124,-192,83,-155,-231,-93,14,-66
4985,2,2,-291,145,402,157,-112,-289,-264,93,-186,-548
4986,8,8,-301,-299,-42,101,-289,-2,19,-266,488,-77
4987,4,4,-84,-22,-56,-276,353,-130,-72,-74,-238,-138
4988,9,9,-216,-333,-192,45,43,-78,-461,44,40,408
4989,9,9,-232,-372,-186,19,54,-97,-489,80,110,394
4990,3,3,-257,-145,121,299,-233,-209,-390,15,148,25
4991,7,7,-202,-96,-39,65,-145,-200,-555,376,-121,89
4992,0,0,473,-357,-140,-189,-351,-7,65,-220,-187,-66
4993,7,7,-182,-172,-111,49,-70,-140,-467,332,-69,151
4994,7,7,-202,-244,-87,18,-170,-61,-467,379,-131,134
4995,2,2,-29,-11,398,72,-499,-325,-165,-42,65,-341
4996,3,3,-302,-59,-165,478,-269,53,-374,-29,-152,-40
4997,2,2,-29,-196,372,160,-391,-329,-173,-140,167,-311
4998,4,4,-270,-77,-214,-246,405,-107,-163,-11,-127,-41
4999,0,0,461,-305,-132,-264,-510,71,-7,-75,-170,-206
5000,3,3,-518,-54,-143,555,-182,2,-410,-60,72,-64
5001,9,9,-301,-465,-184,43,128,-79,-397,-89,147,466
5002,9,9,-223,-523,-217,60,85,-89,-434,-50,91,511
5003,8,8,-324,-350,-24,215,-230,-151,-342,-188,580,86
5004,4,4,-245,-179,-133,-263,557,-197,-320,2,-190,8
5005,1,1,-141,340,-131,-278,48,-237,-279,18,-76,-169
5006,0,0,333,-148,46,-269,-68,-255,105,-324,-98,-314
5007,6,6,28,-381,-237,-154,18,53,513,-492,-51,-363
5008,0,0,367,-354,84,-170,-91,-288,1,-284,-39,-97
5009,9,9,-172,-411,-251,-59,109,20,-295,3,-18,394
5010,6,6,-21,-351,-253,-152,25,70,517,-507,-50,-341
5011,8,8,-51,-269,-99,5,-254,22,-72,-170,331,38
5012,6,6,30,-210,-238,-267,41,5,494,-432,-48,-410
5013,1,1,-79,349,-100,-410,69,-190,-156,-96,-65,-229
5014,1,1,-107,339,-90,-262,-4,-244,-255,-9,-62,-184
5015,9,9,-275,-468,-147,87,41,-62,-365,-70,152,405
5016,8,8,-205,-469,4,155,-212,-121,-119,-284,575,43
5017,9,9,-149,-504,-170,55,95,-96,-331,-31,9,447
5018,2,2,-119,100,537,34,-121,-377,-337,64,-213,-521
5019,3,3,-451,-107,-148,587,-315,29,-514,-131,37,41
5020,5,5,-312,-281,-371,48,-257,471,-28,-416,117,101
5021,5,5,-386,-232,-346,130,-241,511,-195,-364,6,183
5022,9,9,-200,-463,-149,7,74,-55,-388,-25,20,450
5023,4,4,-243,-92,-96,-246,530,-192,-261,40,-186,-198
5024,2,2,-82,44,560,146,-440,-514,-421,52,-63,-385
5025,1,1,-137,356,-86,-298,63,-260,-269,-30,-63,-195
5026,9,9,-301,-364,-236,45,199,-133,-502,-15,63,467
5027,4,4,-331,-35,-143,-186,437,-132,-283,-14,-70,3
5028,3,3,-581,-88,-217,637,-357,-15,-650,-69,153,106
5029,9,9,-260,-466,-172,59,140,-148,-522,35,82,463
5030,6,6,-45,-278,-154,-120,76,41,430,-472,-50,-430
5031,0,0,412,-267,103,-219,-169,-324,-48,-243,-79,-169
5032,4,4,-283,-81,-143,-219,514,-219,-343,-16,-136,-8
5033,0,0,398,-245,71,-234,-165,-312,-97,-207,-65,-159
5034,6,6,-7,-396,-192,-136,-35,39,536,-519,37,-350
5035,0,0,418,-484,-19,-126,-175,-94,94,-310,-83,-101
5036,1,1,-122,336,-112,-253,18,-256,-272,-51,-27,-183
5037,2,2,-96,201,501,-71,-204,-419,-361,32,-54,-429
5038,3,3,-355,-173,-57,497,-242,36,-369,-139,-18,-60
5039,4,4,-185,-91,-138,-297,538,-219,-273,-34,-213,-84
5040,7,7,-166,-70,-100,11,-31,-211,-485,283,-48,113
5041,8,8,-161,-324,-135,111,-366,29,-185,-194,502,50
5042,9,9,-193,-428,-210,89,55,-17,-432,7,-15,413
5043,0,0,398,-354,45,-166,-188,-136,-1,-230,-83,-108
5044,1,1,-137,344,-147,-227,42,-228,-249,-24,-69,-197
5045,2,2,-175,256,599,25,-429,-534,-581,151,-115,-420
5046,3,3,-283,-180,-71,451,-134,59,-349,-117,-135,-68
5047,4,4,-349,-70,-135,-149,457,-221,-405,63,-123,61
5048,7,7,-184,-21,-30,69,-129,-257,-560,307,-52,58
5049,8,8,-245,-319,-64,-19,-354,125,-59,-313,508,3
5050,9,9,-212,-467,-191,63,89,-115,-484,15,63,463
5051,0,0,363,-388,147,-190,-118,-255,-28,-217,-11,-86
5052,1,1,-134,328,-64,-262,59,-278,-283,5,-60,-174
5053,2,2,-219,162,477,2,-136,-324,-392,100,-66,-423
5054,3,3,-319,-222,-118,442,-174,55,-391,-116,137,18
5055,4,4,-85,-66,-48,-250,408,-215,-128,-16,-195,-317
5056,5,5,-132,-162,-305,-30,-191,388,-31,-120,56,-65
5057,6,6,105,-390,-210,-73,-72,18,420,-514,-8,-280
5058,7,7,-219,-1,4,148,-178,-299,-605,327,-76,23
5059,8,8,-242,-299,-121,73,-354,64,-260,-243,490,139
5060,9,9,-214,-507,-314,-32,18,129,-280,-48,20,418
5061,8,8,-213,-222,-29,113,-372,-4,-175,-193,445,0
5062,3,3,-650,-74,-206,564,-220,39,-642,-33,90,116
5063,4,4,-296,-33,-127,-187,424,-167,-293,-1,-134,1
5064,7,7,-195,-30,-94,75,-126,-222,-544,337,-93,69
5065,8,8,-146,-204,65,-75,-363,4,-64,-225,388,-44
5066,6,6,53,-417,-215,-27,-27,33,393,-440,7,-227
5067,3,3,-168,-278,151,332,-191,-108,-236,-92,39,-139
5068,4,4,-222,-15,-225,-151,232,-125,-162,12,-76,-16
5069,0,0,429,-374,92,-139,-230,-257,-70,-201,-71,-111
5070,9,9,-97,-476,-131,24,164,-169,-367,-31,-24,411
5071,7,7,-150,-224,-165,47,-68,-159,-549,377,-68,173
5072,1,1,-116,331,-103,-259,13,-254,-268,-39,-48,-180
5073,9,9,-264,-439,-242,62,107,-64,-495,14,48,481
5074,3,3,-609,-33,-272,485,-192,85,-627,-40,60,169
5075,8,8,-125,-301,-79,11,-306,5,-116,-226,423,96
5076,4,4,-318,-65,-165,-262,577,-208,-351,-31,-145,-19
5077,7,7,-209,-94,-132,66,-84,-171,-541,331,-75,120
5078,3,3,-290,-260,-26,390,-164,79,-288,-150,48,-26
5079,0,0,378,-205,123,-266,-213,-307,-62,-162,-32,-225
5080,9,9,-214,-488,-191,70,21,-38,-380,-47,81,445
5081,1,1,-114,333,-133,-359,94,-218,-213,-32,-78,-174
5082,4,4,-402,-162,-224,-147,537,-115,-325,17,-140,-35
5083,5,5,-149,-204,-389,68,-226,379,22,-142,85,-111
5084,4,4,-382,-69,-137,-114,453,-236,-451,60,-117,101
5085,6,6,82,-466,-292,-72,-115,95,467,-486,47,-259
5086,2,2,56,-138,327,-179,84,-274,-152,-205,17,-237
5087,0,0,400,-278,9,-239,-347,-121,-11,-151,-55,-200
5088,6,6,187,-556,-183,-81,-119,2,395,-469,80,-200
5089,2,2,-87,14,474,-21,-99,-354,-379,-83,-15,-260
5090,1,1,-111,322,-56,-405,140,-274,-235,-73,-83,-210
5091,1,1,-73,284,-88,-354,56,-269,-248,-103,-8,-170
5092,1,1,-90,300,-28,-265,23,-311,-328,-44,-43,-155
5093,1,1,-122,294,-116,-278,48,-284,-320,16,-60,-141
5094,7,7,-158,-159,-145,-11,-44,-137,-500,396,-116,112
5095,2,2,-73,98,559,4,-237,-429,-509,88,-133,-379
5096,4,4,-222,-80,-171,-221,458,-130,-228,18,-168,-116
5097,7,7,-99,-236,-276,-76,-57,-30,-388,387,-140,102
5098,5,5,-160,-181,-337,-28,-340,443,-60,-218,133,-50
5099,2,2,-163,114,449,-14,-176,-363,-485,29,44,-241
5100,9,9,-83,-431,-227,-30,94,-58,-241,-60,-22,368
5101,4,4,-238,-104,-170,-189,445,-178,-308,-6,-116,21
5102,5,5,-269,-249,-353,22,-235,487,-132,-193,125,22
5103,8,8,-190,-428,-114,101,-289,75,-150,-201,483,119
5104,4,4,-172,-125,-201,-219,453,-200,-247,47,-140,-138
5105,2,2,-95,109,453,-82,-33,-309,-336,-96,-77,-393
5106,9,9,-204,-459,-203,18,166,-127,-446,16,35,458
5107,7,7,-152,-118,-140,-20,-29,-187,-492,356,-58,102
5108,0,0,356,-316,127,-120,-277,-214,-18,-236,-1,-169
5109,0,0,384,-329,80,-168,-195,-271,-55,-218,-31,-100
5110,7,7,-163,-90,-88,37,-73,-275,-577,349,-49,112
5111,5,5,-188,-161,-198,116,-229,346,-90,-148,11,-115
5112,1,1,-173,400,-143,-377,102,-248,-214,-75,-36,-234
5113,1,1,-124,356,-67,-350,75,-296,-276,-7,-75,-194
5114,7,7,-126,-219,-154,54,-85,-78,-459,260,-71,194
5115,6,6,107,-468,-249,-116,-53,29,466,-489,34,-231
5116,6,6,-4,-316,-199,-86,73,11,407,-426,-79,-355
5117,6,6,182,-444,-246,-69,-159,-28,421,-527,85,-220
5118,8,8,-221,-192,-41,18,-373,49,-161,-307,435,-37
5119,2,2,-283,85,514,138,-352,-457,-518,31,135,-257
5120,2,2,-188,66,523,71,-285,-354,-440,45,21,-310
5121,7,7,-191,-21,-171,-128,31,-118,-391,343,-153,28
5122,7,7,-135,-123,-45,40,-61,-292,-574,331,-56,124
5123,4,4,-164,-107,-140,-235,457,-212,-214,29,-115,-194
5124,0,0,426,-373,80,-192,-243,-223,4,-219,-46,-127
5125,2,2,-139,241,425,-65,-54,-350,-412,30,-143,-411
5126,4,4,-132,-39,-194,-233,347,-134,-186,2,-188,-120
5127,2,2,-205,187,460,50,-290,-346,-503,228,-101,-392
5128,1,1,-131,369,-98,-343,95,-233,-224,-41,-84,-209
5129,8,8,-189,-359,-73,54,-354,99,-144,-196,503,25
5130,9,9,-193,-375,-193,22,52,-75,-362,-33,91,421
5131,6,6,29,-405,-234,-124,-95,88,507,-492,47,-352
5132,1,1,-121,375,7,-356,52,-319,-280,-64,-29,-236
5133,0,0,412,-249,109,-238,-248,-284,-25,-220,-50,-213
5134,5,5,-57,-218,-255,-78,-199,344,-74,-70,60,-28
5135,9,9,-177,-409,-222,7,157,-48,-344,24,-38,381
5136,6,6,165,-459,-168,-54,-192,-36,388,-515,147,-244
5137,9,9,-240,-364,-221,23,92,-19,-411,-31,4,440
5138,8,8,-151,-224,-237,-76,-297,167,-108,-202,395,0
5139,0,0,395,-308,119,-206,-196,-279,-69,-195,-62,-108
5140,3,3,-141,-385,28,291,-126,51,-177,-173,21,-24
5141,0,0,378,-264,66,-197,-251,-227,-34,-180,-17,-171
5142,8,8,-311,-218,-1,155,-292,-19,-375,-139,447,63
5143,3,3,-404,-93,-62,525,-212,34,-436,-104,-81,-87
5144,9,9,-238,-385,-227,-22,98,-21,-356,-72,58,459
5145,6,6,195,-562,-238,-145,-115,56,432,-475,51,-170
5146,3,3,-519,-205,-198,462,-137,61,-564,-114,117,230
5147,0,0,376,-304,-56,-201,-319,-60,-3,-134,-35,-162
5148,1,1,-108,349,-124,-371,68,-160,-102,-122,-62,-274
5149,2,2,-138,1,587,155,-517,-479,-399,15,98,-368
5150,3,3,-677,-90,-164,697,-333,45,-714,5,33,45
5151,4,4,-450,-145,-120,-172,515,-90,-375,24,-111,96
5152,5,5,-527,-242,-443,375,-198,553,-227,-259,73,-35
5153,6,6,89,-336,-256,-263,22,-23,508,-468,21,-304
5154,7,7,-135,-156,9,126,-283,-254,-602,312,-34,106
5155,0,0,314,-457,100,-98,-33,-184,-67,-222,-49,20
5156,1,1,-112,332,-181,-276,66,-140,-154,-68,-80,-206
5157,2,2,-32,25,588,-5,-568,-489,-346,-56,145,-351
5158,3,3,-436,-125,-246,646,-307,125,-549,-62,-85,19
5159,4,4,-313,-211,-143,-16,272,-122,-469,117,-82,259
5160,5,5,-498,-283,-413,284,-223,554,-122,-348,50,54
5161,6,6,53,-323,-185,-208,7,6,449,-354,-76,-265
5162,7,7,-100,-66,14,16,-116,-162,-420,251,-108,56
5163,8,8,-295,-323,74,59,-259,20,-151,-175,485,9
5164,9,9,-216,-392,-150,54,117,-36,-361,-34,-7,377
5165,0,0,226,-289,-96,-41,-152,-39,24,-153,38,-98
5166,1,1,-172,360,-114,-353,109,-245,-222,-30,-35,-202
5167,2,2,-161,-33,483,184,-383,-369,-325,-73,142,-350
5168,3,3,-601,-186,-144,602,-330,57,-600,-58,181,78
5169,4,4,-300,-44,-133,-279,501,-138,-294,27,-163,-34
5170,5,5,-337,-297,-327,153,-226,494,-93,-280,81,55
5171,6,6,34,-260,-198,-247,32,29,443,-399,-71,-280
5172,7,7,-36,-225,-104,-21,-129,-20,-338,216,-107,126
5173,8,8,-267,-309,-77,-66,-254,203,149,-360,396,-72
5174,5,5,-434,-334,-398,116,-65,483,-179,-258,83,189
5175,4,4,-358,-81,-145,-272,542,-89,-351,-19,-136,44
5176,8,8,-302,-264,-62,21,96,-108,-99,-164,391,-66
5177,7,7,-71,-158,-80,-53,-114,-188,-464,337,-54,89
5178,4,4,-295,-49,-159,-279,541,-99,-295,-9,-220,-95
5179,7,7,-201,-256,-161,59,-180,-100,-548,453,-133,157
5180,7,7,-125,-173,-35,51,-204,-80,-476,297,-136,101
5181,3,3,-678,-43,-230,669,-295,42,-617,-28,118,0
5182,9,9,-264,-336,-179,101,105,-25,-344,-34,19,339
5183,8,8,-337,-229,-143,3,123,-57,-137,-203,404,-4
5184,8,8,-360,-188,-60,139,-130,-61,-178,-132,466,-69
5185,3,3,-636,-111,-233,552,-237,147,-516,-95,134,61
5186,1,1,-109,356,-111,-336,75,-179,-207,-52,-89,-190
5187,5,5,-380,-191,-325,249,-195,414,-134,-274,23,49
5188,8,8,-326,-223,-109,116,-182,2,-38,-263,495,-155
5189,2,2,-152,13,542,84,-418,-406,-279,-133,199,-401
5190,7,7,-135,-135,38,71,-238,-246,-557,321,-12,61
5191,4,4,-183,-250,-68,-194,438,-187,-271,14,-238,82
5192,2,2,-102,26,490,57,-361,-415,-403,59,49,-222
5193,1,1,-135,311,-120,-244,77,-188,-204,8,-87,-180
5194,5,5,-475,-310,-336,246,30,378,-171,-253,44,113
5195,4,4,-77,-119,-81,-325,432,-95,-140,-153,-256,-15
5196,5,5,-510,-305,-464,245,-179,602,-152,-347,51,117
5197,5,5,-491,-275,-445,263,-203,563,-185,-353,59,135
5198,8,8,-246,-238,-92,66,-156,-93,-103,-166,486,-37
5199,6,6,76,-214,-100,-213,88,-15,207,-174,-201,-141
5200,4,4,-322,-45,-148,-317,487,-84,-264,-73,-99,65
5201,4,4,18,-232,-156,-257,198,-48,-129,-24,-231,128
5202,4,4,-211,-263,-115,-169,421,-30,-219,-51,-223,81
5203,1,1,-178,167,-71,-63,-79,-156,-326,74,11,33
5204,8,8,-281,-235,54,69,-222,-35,-123,-144,412,-5
5205,7,7,-185,-165,81,84,-313,-207,-599,328,19,48
5206,5,5,-390,-298,-344,249,-239,469,-165,-338,3,145
5207,5,5,-526,-217,-340,351,-133,445,-207,-259,-5,49
5208,1,1,-89,331,-143,-325,55,-149,-112,-114,-82,-242
5209,8,8,-342,-264,-65,0,-170,184,137,-380,404,-217
5210,9,9,-238,-386,-247,139,27,40,-298,28,70,264
5211,1,1,-119,311,-117,-244,7,-193,-240,12,-59,-140
5212,3,3,-639,-182,-161,653,-277,-45,-689,-135,200,192
5213,6,6,40,-227,-175,-223,81,-28,377,-346,-67,-268
5214,3,3,-667,-60,-98,619,-362,-43,-722,45,114,60
5215,3,3,-671,-3,-107,595,-212,-10,-571,49,39,-62
5216,2,2,-129,121,598,77,-358,-463,-393,-7,-48,-442
5217,2,2,-93,-85,468,65,-504,-356,-279,-66,244,-248
5218,6,6,84,-232,-180,-271,82,3,341,-286,-169,-226
5219,9,9,-226,-410,-147,64,67,-126,-397,-36,154,407
5220,9,9,-177,-358,-193,105,111,-90,-373,16,12,331
5221,6,6,219,-341,-171,-249,30,-16,282,-292,-218,-113
5222,5,5,-389,-339,-399,113,-166,533,-190,-261,46,190
5223,5,5,-384,-284,-341,137,-141,503,-99,-254,56,46
5224,3,3,-658,-126,-175,617,-234,53,-573,-92,170,29
5225,3,3,-650,-95,-103,619,-321,31,-610,-15,123,-12
5226,8,8,-255,-422,-52,93,-230,29,-5,-297,547,-45
5227,1,1,-71,312,-123,-371,27,-156,-144,-136,-27,-215
5228,6,6,28,-137,-139,-174,49,-20,275,-233,-118,-284
5229,5,5,-358,-167,-394,264,-322,447,-200,-326,82,65
5230,6,6,38,-322,-216,-155,-72,53,481,-428,-40,-238
5231,8,8,-278,-160,-210,-17,-47,22,-67,-230,410,-34
5232,1,1,-79,339,-69,-380,63,-201,-149,-71,-73,-234
5233,9,9,-260,-431,-156,69,119,-102,-430,-37,98,435
5234,7,7,-139,-70,34,58,-237,-272,-567,361,-85,44
5235,6,6,92,-290,-112,-265,64,-21,388,-336,-152,-283
5236,8,8,-288,-283,-206,73,-112,73,-14,-257,481,-69
5237,3,3,-509,-59,-85,479,-198,-111,-603,7,94,106
5238,7,7,-150,-182,29,117,-277,-141,-600,344,-126,63
5239,4,4,-343,-89,-110,-177,457,-118,-312,56,-99,4
5240,7,7,-130,-148,-33,18,-119,-94,-403,240,-66,124
5241,0,0,351,-300,-15,-155,-143,-125,34,-257,-107,-23
5242,9,9,-295,-420,-222,165,5,-31,-449,30,100,374
5243,0,0,261,-382,10,-138,9,-90,-33,-168,-104,29
5244,0,0,232,-330,44,-95,18,-110,-111,-181,-140,66
5245,3,3,-529,-58,-176,524,-239,-65,-628,60,49,125
5246,7,7,-111,-41,124,77,-203,-332,-475,202,37,29
5247,9,9,-219,-357,-160,46,118,-124,-402,3,74,387
5248,3,3,-450,-193,-233,539,-193,74,-467,-116,85,138
5249,0,0,297,-299,21,-107,-13,-186,-4,-256,-90,-74
5250,2,2,-94,-31,450,87,-217,-307,-305,-50,-1,-331
5251,0,0,249,-295,49,-217,22,-77,-17,-137,-147,-54
5252,1,1,-178,342,-143,-272,93,-180,-178,-34,-63,-225
5253,0,0,362,-198,123,-252,-134,-329,-39,-234,-68,-196
5254,1,1,-86,336,-32,-343,9,-221,-159,-97,-29,-268
5255,0,0,354,-93,112,-324,-83,-317,65,-336,-87,-304
5256,4,4,-207,-201,-77,-225,487,-212,-261,15,-182,-25
5257,0,0,351,-109,96,-310,-120,-326,-32,-218,-72,-235
5258,1,1,-140,369,-53,-342,65,-285,-251,-80,-7,-235
5259,0,0,365,-311,72,-210,-175,-178,85,-258,-53,-142
5260,4,4,-204,-195,-31,-120,349,-267,-305,-33,30,68
5261,7,7,-97,-91,130,123,-214,-311,-535,237,-32,38
5262,9,9,-283,-336,-187,31,142,11,-337,-40,60,338
5263,6,6,77,-263,-192,-247,11,30,424,-377,-124,-291
5264,2,2,-116,-71,548,145,-511,-405,-442,52,89,-254
5265,6,6,-41,-255,-83,-151,164,-32,250,-272,-78,-218
5266,2,2,-121,8,519,58,-392,-382,-287,-88,133,-337
5267,2,2,-126,-63,514,132,-377,-406,-347,-44,136,-287
5268,9,9,-288,-428,-71,104,-30,-116,-503,25,219,350
5269,9,9,-229,-400,-181,31,45,-66,-384,-62,166,414
5270,0,0,398,-401,-86,-110,-267,-80,-79,-215,-64,-21
5271,1,1,-71,290,-170,-317,33,-189,-217,-64,-31,-142
5272,2,2,-206,157,546,65,-232,-430,-387,23,-75,-441
5273,3,3,-431,-150,-296,661,-308,71,-496,-134,72,46
5274,4,4,-343,-61,-154,-282,585,-177,-330,11,-139,-59
5275,5,5,-382,-336,-371,59,-260,570,-133,-354,31,209
5276,6,6,21,-395,-225,-162,-68,62,553,-504,-9,-295
5277,7,7,-171,-102,7,137,-280,-308,-681,409,-101,66
5278,8,8,-17,-416,-100,80,-295,-178,-322,77,395,128
5279,9,9,-315,-354,-228,18,114,-41,-538,73,-14,463
5280,0,0,470,-417,12,-211,-341,-123,32,-271,-57,-96
5281,1,1,-108,351,-68,-377,79,-261,-227,-83,-60,-221
5282,2,2,-137,77,596,74,-203,-358,-383,25,-201,-476
5283,3,3,-543,-86,-253,637,-227,57,-429,-93,116,-88
5284,4,4,-197,-203,-277,-231,420,-40,-71,-55,-227,-83
5285,5,5,-417,-365,-470,185,-267,582,-182,-304,-32,217
5286,6,6,-35,-378,-228,-156,-34,94,529,-546,12,-333
5287,7,7,-120,-229,-63,70,-221,-197,-598,437,-130,112
5288,8,8,109,-465,-139,-2,-265,-177,-170,-10,375,61
5289,9,9,-331,-410,-172,122,30,-36,-541,7,55,448
5290,0,0,428,-395,64,-210,-265,-198,30,-288,-28,-86
5291,1,1,-125,327,-92,-252,48,-278,-287,-28,-68,-176
5292,2,2,-97,-64,530,83,-261,-314,-368,41,-131,-330
5293,3,3,-322,-103,-255,608,-341,95,-484,-124,-31,-14
5294,4,4,-157,-266,-185,-222,439,-114,-83,4,-218,-120
5295,5,5,-402,-339,-431,93,-298,640,-131,-411,44,175
5296,6,6,-54,-342,-195,-146,-89,80,512,-567,109,-384
5297,7,7,-164,-235,-23,147,-282,-232,-657,443,-62,95
5298,8,8,108,-459,-133,-8,-264,-167,-103,-97,396,42
5299,9,9,-269,-292,-177,22,38,-67,-549,128,-33,392
5300,8,8,-97,-186,-115,55,-227,-120,-200,-204,392,67
5301,0,0,395,-257,19,-256,-315,-132,-25,-165,-84,-154
5302,5,5,-371,-247,-372,64,-272,573,-155,-374,-12,171
5303,6,6,-48,-188,-184,-201,-8,36,482,-492,-26,-445
5304,6,6,-77,-229,-199,-134,-28,34,473,-500,38,-446
5305,0,0,436,-366,-38,-192,-365,-113,-16,-184,-41,-101
5306,8,8,-69,-162,-218,-57,-238,-28,-163,-94,356,46
5307,0,0,437,-325,-41,-229,-386,-115,-39,-167,-61,-108
5308,2,2,63,-275,553,-2,-153,-335,-264,-100,-115,-333
5309,3,3,-443,-104,-186,581,-225,69,-611,-29,-107,64
5310,7,7,-125,-186,64,139,-315,-242,-691,401,-151,65
5311,9,9,-239,-381,-141,32,30,-57,-530,94,-49,395
5312,4,4,-146,-111,-211,-219,394,-161,-226,41,-162,-104
5313,7,7,-203,-171,-46,104,-246,-268,-706,480,-119,105
5314,1,1,-147,362,-103,-336,89,-215,-216,-58,-81,-205
5315,9,9,-229,-491,-236,93,59,-43,-426,-16,59,453
5316,1,1,-135,366,-76,-341,59,-275,-291,-23,-62,-174
5317,7,7,-145,-171,44,134,-334,-223,-689,421,-163,55
5318,1,1,-118,368,-128,-354,80,-216,-201,-84,-75,-228
5319,4,4,-129,-151,-245,-180,390,-88,-66,-29,-205,-231
5320,0,0,441,-343,-41,-176,-364,-126,-94,-174,-50,-103
5321,0,0,395,-289,-70,-190,-374,-48,-64,-116,-74,-115
5322,4,4,-201,-15,-100,-188,409,-146,-230,9,-220,-143
5323,1,1,-135,325,-43,-291,59,-308,-328,47,-97,-172
5324,7,7,-143,-143,39,162,-316,-234,-665,353,-128,63
5325,5,5,-407,-347,-412,157,-271,582,-205,-349,8,227
5326,7,7,-215,-156,-15,172,-303,-276,-731,434,-113,102
5327,1,1,-136,341,-60,-268,42,-294,-351,-6,-62,-140
5328,3,3,-389,-195,-214,634,-361,-55,-644,-130,99,158
5329,3,3,-261,-116,-240,513,-267,126,-451,-141,-96,33
5330,3,3,-425,-96,-212,562,-282,66,-532,-88,-16,83
5331,1,1,54,189,-133,-391,100,-113,66,-238,-131,-279
5332,6,6,10,-447,-190,-105,-131,42,547,-543,122,-338
5333,9,9,-271,-547,-229,162,20,11,-503,-61,29,501
5334,7,7,-162,-190,57,144,-337,-226,-673,418,-129,52
5335,4,4,-92,-124,-221,-239,308,-37,-47,-83,-165,-56
5336,3,3,-359,-250,-129,531,-380,12,-476,-145,228,62
5337,0,0,492,-364,-81,-142,-354,-81,-32,-192,-174,-59
5338,2,2,-199,-6,569,5,-133,-395,-456,-8,52,-344
5339,5,5,-383,-259,-406,161,-320,566,-345,-267,-27,240
5340,2,2,-105,7,603,-5,-196,-339,-292,-42,-103,-457
5341,6,6,-1,-320,-216,-130,-180,63,499,-478,79,-368
5342,0,0,430,-430,-10,-114,-231,-145,-33,-286,-99,15
5343,8,8,-60,-150,-135,-16,-209,-136,-247,-98,344,90
5344,9,9,-297,-421,-193,105,65,-53,-526,71,-14,447
5345,4,4,-165,-32,-145,-246,416,-112,-204,-35,-236,-114
5346,3,3,-468,-110,-191,593,-273,46,-519,-70,36,43
5347,5,5,-324,-312,-294,28,-320,562,-157,-288,56,151
5348,4,4,-109,-159,-201,-203,309,-52,-18,-32,-203,-124
5349,8,8,-24,-238,-53,-15,-218,-144,-155,-150,395,-1
5350,1,1,-120,342,-46,-318,73,-276,-283,-11,-108,-180
5351,5,5,-406,-251,-366,197,-314,595,-294,-253,-57,145
5352,9,9,-287,-484,-197,93,76,-31,-524,51,-11,459
5353,0,0,456,-397,-7,-203,-341,-154,60,-267,-42,-103
5354,6,6,38,-370,-209,-260,-74,86,566,-531,10,-327
5355,4,4,-100,-166,-155,-236,383,-173,-209,8,-213,-23
5356,3,3,-591,-191,-251,607,-255,62,-602,-135,176,174
5357,6,6,-19,-328,-252,-131,10,63,475,-449,2,-368
5358,3,3,-369,-235,-256,513,-191,167,-463,-126,14,136
5359,3,3,-552,-171,-173,537,-174,32,-549,-107,118,149
5360,8,8,-52,-162,-203,16,-228,-61,-228,-6,264,68
5361,1,1,-119,379,-75,-391,99,-259,-224,-71,-93,-242
5362,4,4,-200,-87,-121,-216,469,-144,-216,47,-268,-183
5363,7,7,-105,-120,-149,-57,-70,-181,-457,377,-81,73
5364,5,5,-402,-416,-417,61,-235,611,-48,-403,37,198
5365,7,7,-112,-204,-167,-30,-89,-160,-460,416,-77,111
5366,2,2,-190,64,567,113,-236,-306,-425,67,-194,-396
5367,2,2,-9,-101,485,14,-265,-251,-475,59,-174,-187
5368,0,0,446,-381,-56,-152,-378,-85,-24,-205,-58,-84
5369,0,0,500,-393,-106,-142,-394,-46,-2,-231,-126,-85
5370,1,1,-113,340,-134,-253,15,-160,-189,-72,-75,-201
5371,7,7,-109,-130,-105,-25,-122,-167,-481,357,-84,86
5372,7,7,-101,-115,-27,43,-157,-293,-534,359,-53,74
5373,9,9,-267,-475,-208,66,126,-44,-498,48,-49,462
5374,5,5,-413,-273,-332,159,-314,581,-331,-232,24,165
5375,9,9,-320,-354,-235,52,115,-93,-521,-22,100,490
5376,8,8,-89,-370,-178,162,-296,-120,-308,-156,479,198
5377,9,9,-298,-504,-153,22,138,-76,-603,102,-56,482
5378,6,6,-9,-371,-205,-152,-8,65,499,-545,3,-338
5379,8,8,-7,-285,-213,-44,-179,-160,-205,-21,328,124
5380,8,8,-34,-262,-108,92,-270,-148,-252,-47,353,95
5381,2,2,-1,-104,549,42,-186,-330,-351,-16,-166,-371
5382,3,3,-427,-16,-184,493,-234,130,-495,-6,-169,-28
5383,6,6,4,-349,-234,-154,-86,76,503,-444,7,-305
5384,1,1,-88,303,-141,-303,59,-160,-182,-99,-51,-159
5385,2,2,-65,92,633,-19,-232,-379,-340,26,-223,-533
5386,9,9,-346,-354,-152,103,143,-133,-587,138,-5,401
5387,8,8,-81,-155,-190,-9,-243,-106,-237,-175,394,115
5388,9,9,-322,-402,-180,80,77,-74,-531,14,76,464
5389,5,5,-282,-229,-318,82,-298,497,-216,-252,-32,166
5390,2,2,-35,-118,552,-46,-99,-319,-259,-104,-80,-346
5391,6,6,48,-183,-135,-271,-54,37,408,-409,7,-303
5392,2,2,55,-42,439,30,-217,-285,-342,12,-237,-281
5393,4,4,-191,-101,-177,-216,458,-128,-152,-7,-170,-209
5394,8,8,-44,-134,-226,-98,-152,-144,-240,-71,305,103
5395,4,4,-139,-61,-232,-213,327,-44,-87,-1,-215,-182
5396,6,6,-3,-185,-149,-221,-43,21,431,-475,64,-375
5397,5,5,-324,-177,-332,158,-342,446,-225,-309,17,155
5398,0,0,348,-257,-43,-222,-364,-69,-54,-76,-52,-125
5399,1,1,-127,345,-105,-313,83,-226,-246,-20,-90,-170
5400,5,5,-243,-371,-371,27,-240,518,-66,-236,5,116
5401,6,6,47,-150,-78,-169,-125,-3,301,-427,113,-386
5402,7,7,-242,-45,-50,131,-219,-267,-662,418,-114,58
5403,8,8,-242,-328,-52,201,-92,-126,-216,-169,434,45
5404,9,9,-268,-435,-209,62,-38,51,-386,-81,110,428
5405,0,0,310,-356,-194,-149,-437,64,-38,-34,62,-136
5406,1,1,-138,306,-56,-246,72,-233,-248,22,-84,-186
5407,2,2,-271,182,529,116,-454,-403,-607,279,-87,-391
5408,3,3,-337,-257,-55,553,-307,-24,-475,-104,123,-21
5409,4,4,-64,-125,-183,-244,355,-204,34,-44,-85,-407
5410,5,5,-49,-359,-189,-169,-324,414,92,-268,64,-73
5411,6,6,112,-398,-256,-150,-89,6,537,-522,-9,-293
5412,7,7,-193,-208,-153,63,-88,-200,-582,432,-54,154
5413,8,8,-159,-233,-8,102,-171,-103,-174,-177,371,27
5414,9,9,-230,-336,-173,57,52,-91,-425,48,40,383
5415,0,0,367,-219,32,-168,-344,-72,-69,-149,-178,-61
5416,1,1,-152,304,-163,-149,23,-184,-210,-26,-49,-189
5417,2,2,-184,112,434,102,-353,-322,-492,138,-110,-241
5418,3,3,-385,-257,-61,590,-322,-136,-589,-122,174,134
5419,4,4,-192,-97,-120,-269,468,-174,-141,-9,-117,-264
5420,5,5,-126,-309,-241,23,-249,387,-40,-207,57,-53
5421,6,6,73,-360,-276,-110,19,-14,447,-454,-10,-281
5422,7,7,-154,-245,-180,-11,-129,-54,-481,477,-192,96
5423,8,8,-221,-285,-21,145,-123,-110,-249,-159,383,90
5424,9,9,-239,-318,-157,51,140,-155,-469,76,-10,383
5425,7,7,-198,-196,-203,-30,-75,-78,-470,429,-58,95
5426,4,4,-111,-150,-64,-298,469,-174,-83,-79,-170,-249
5427,2,2,-264,135,419,173,-431,-372,-531,108,44,-231
5428,0,0,367,-302,-63,-220,-333,0,47,-156,-71,-205
5429,9,9,-173,-382,-132,113,25,-154,-411,47,50,359
5430,0,0,397,-383,-108,-280,-397,56,66,-137,-72,-140
5431,1,1,-121,333,-72,-242,38,-262,-276,10,-109,-186
5432,5,5,-178,-362,-299,-22,-306,497,15,-322,1,27
5433,8,8,-162,-227,-60,124,-318,-136,-253,-190,499,21
5434,8,8,-150,-221,-35,77,-257,-84,-126,-184,443,-20
5435,0,0,361,-202,6,-242,-396,-68,-80,-52,-94,-197
5436,2,2,-157,147,606,38,-310,-358,-400,50,-167,-443
5437,7,7,-179,-209,-120,75,-96,-213,-599,416,-75,152
5438,8,8,-214,-339,-19,208,-251,-130,-224,-228,530,-10
5439,4,4,-133,-46,28,-284,459,-238,-163,46,-237,-400
5440,4,4,-218,-149,-121,-129,427,-172,-294,-63,-103,48
5441,6,6,44,-410,-245,-124,-16,31,486,-404,-48,-226
5442,1,1,-119,358,-83,-371,85,-227,-185,-62,-62,-226
5443,0,0,380,-371,-106,-220,-289,28,60,-141,-89,-147
5444,4,4,-159,-60,-73,-273,477,-187,-116,-63,-150,-330
5445,5,5,-182,-412,-324,-9,-233,485,-2,-225,53,28
5446,3,3,-594,-186,-271,677,-184,132,-467,-88,-18,49
5447,9,9,-240,-319,-224,20,117,-74,-422,7,18,421
5448,4,4,-132,-155,-122,-235,447,-191,-175,-24,-147,-114
5449,2,2,-257,-49,346,265,-353,-312,-576,55,97,-81
5450,0,0,289,-280,-154,-92,-346,98,-115,34,-135,-134
5451,5,5,-364,-357,-334,10,-260,596,-114,-366,60,169
5452,0,0,427,-300,-95,-254,-302,28,20,-166,-189,-106
5453,1,1,-109,320,-156,-253,52,-156,-166,-55,-69,-186
5454,3,3,-369,-279,-275,614,-224,132,-448,-193,72,71
5455,2,2,-108,42,643,100,-527,-561,-408,72,30,-409
5456,9,9,-298,-366,-124,78,137,-108,-501,84,-47,389
5457,1,1,-21,177,-21,-346,1,-163,-58,-195,96,-190
5458,6,6,117,-353,-307,-209,-42,15,487,-399,-67,-251
5459,0,0,336,-465,-83,-95,-54,-62,6,-236,-37,5
5460,1,1,-151,330,-136,-236,55,-246,-306,44,-98,-152
5461,1,1,-120,356,-100,-326,50,-257,-245,-46,-54,-201
5462,8,8,-258,-317,22,202,-367,-36,-245,-185,505,-8
5463,0,0,398,-261,-83,-218,-373,-12,39,-152,-105,-265
5464,4,4,-210,-189,-100,-298,480,-175,-126,51,-104,-318
5465,7,7,-199,-243,-145,65,-160,-166,-598,477,-115,153
5466,7,7,-181,-199,-108,86,-140,-205,-596,399,-64,152
5467,6,6,83,-440,-297,-139,-29,39,553,-526,-58,-316
5468,3,3,-441,-186,-106,613,-346,46,-465,-86,84,-52
5469,6,6,161,-475,-209,-166,-194,-4,524,-535,146,-303
5470,0,0,345,-381,-52,-185,-315,23,57,-138,-22,-183
5471,7,7,-191,-20,-35,94,-225,-308,-637,404,-79,31
5472,3,3,-347,-255,-201,705,-381,-39,-555,-120,132,37
5473,5,5,-231,-444,-289,7,-328,517,34,-366,48,69
5474,4,4,-130,-132,-60,-264,507,-198,-189,60,-284,-341
5475,2,2,-209,158,611,120,-355,-508,-349,56,-43,-572
5476,4,4,-143,-117,-141,-272,507,-193,-167,42,-193,-339
5477,1,1,-146,334,-118,-250,67,-230,-252,-18,-68,-172
5478,8,8,-206,-294,-23,197,-301,-138,-245,-191,509,28
5479,3,3,-458,-148,-256,680,-287,93,-512,-38,-72,12
5480,5,5,-247,-282,-223,-10,-256,439,43,-337,69,-42
5481,6,6,50,-281,-206,-144,-37,9,456,-409,-87,-312
5482,7,7,-136,-192,-62,89,-182,-285,-611,414,-51,126
5483,0,0,369,-215,35,-238,-242,-236,1,-172,-68,-170
5484,6,6,52,-336,-262,-187,-36,45,534,-483,-36,-325
5485,7,7,-230,-83,14,124,-256,-256,-667,457,-174,31
5486,1,1,-147,386,-58,-373,72,-271,-258,-60,-36,-209
5487,2,2,-191,229,594,44,-380,-477,-522,100,-120,-413
5488,5,5,-330,-229,-258,35,-281,531,-68,-383,6,41
5489,8,8,-169,-294,3,117,-380,-113,-237,-243,555,15
5490,1,1,-151,352,-138,-292,50,-267,-303,9,-70,-161
5491,9,9,-253,-456,-145,90,141,-136,-484,-1,21,457
5492,3,3,-499,-191,-105,685,-358,-38,-548,-130,202,-32
5493,8,8,-332,-257,-3,274,-441,-70,-387,-53,524,-20
5494,2,2,-165,18,655,70,-519,-426,-356,-90,168,-418
5495,8,8,-269,-231,29,231,-451,-72,-420,35,364,26
5496,7,7,-232,-15,-142,55,-120,-194,-549,376,-70,44
5497,6,6,46,-391,-149,-206,12,5,525,-494,-25,-353
5498,7,7,-243,-85,-93,137,-216,-317,-709,488,-84,61
5499,1,1,-181,341,-181,-264,86,-236,-290,19,-75,-156
5500,4,4,-299,0,-158,-335,593,-180,-221,69,-188,-458
5501,6,6,82,-405,-251,-123,-86,-4,555,-534,15,-349
5502,2,2,-346,175,513,171,-357,-350,-402,61,40,-460
5503,9,9,-171,-467,-168,159,-11,-101,-456,20,36,419
5504,3,3,-149,-420,-80,485,-206,-54,-295,-171,89,38
5505,0,0,358,-232,-98,-178,-341,-11,17,-130,-91,-143
5506,1,1,-213,319,-104,-186,24,-172,-257,-58,21,-103
5507,2,2,-16,138,509,-145,-266,-432,-187,-73,-8,-466
5508,3,3,-498,-17,-243,623,-289,74,-581,-4,-182,-3
5509,4,4,-376,-124,-125,-252,578,-45,-319,-11,-273,-36
5510,5,5,-452,-204,-411,202,-265,583,-148,-294,-39,32
5511,6,6,-1,-257,-159,-173,-43,27,483,-476,-11,-409
5512,7,7,-165,-159,-177,-69,-117,-133,-523,386,-6,126
5513,0,0,449,-311,-95,-173,-351,-23,10,-212,-151,-112
5514,1,1,-263,321,-120,-212,83,-162,-327,-15,-64,-37
5515,2,2,9,34,582,-97,-420,-469,-223,-70,59,-405
5516,3,3,-282,-105,-253,522,-281,88,-473,-55,-129,11
5517,4,4,-387,-148,-201,-280,555,-40,-295,68,-284,4
5518,5,5,-423,-226,-455,118,-170,583,-83,-333,-63,95
5519,0,0,320,-190,-145,-191,-291,5,62,-190,-85,-180
5520,1,1,-244,346,-157,-199,68,-136,-250,-85,-27,-123
5521,2,2,16,124,605,-161,-390,-461,-196,-121,26,-520
5522,8,8,-58,-539,45,60,-317,38,-135,-293,405,92
5523,9,9,-302,-373,-93,44,48,-85,-501,96,57,374
5524,1,1,-204,316,-139,-231,82,-151,-253,-45,-54,-76
5525,4,4,-146,-199,-57,-179,358,-210,-102,-67,-139,-59
5526,0,0,346,-178,-68,-253,-374,-60,-76,-82,-74,-170
5527,9,9,-46,-304,-117,-43,67,-106,-313,40,-30,261
5528,5,5,-125,-346,-334,-57,-268,451,-30,-255,-24,143
5529,0,0,347,-219,-36,-213,-353,-68,-69,-63,-67,-151
5530,8,8,-27,-461,-36,64,-361,-7,-47,-284,484,-37
5531,0,0,437,-386,43,-224,-316,-159,19,-205,-43,-108
5532,7,7,-213,-11,-244,-138,-4,-127,-433,320,-29,89
5533,7,7,-141,-194,-220,-98,-102,-129,-466,362,41,135
5534,1,1,-115,281,-94,-229,-8,-151,-180,-80,-9,-158
5535,1,1,-209,288,-122,-223,69,-164,-307,-3,-70,-19
5536,2,2,-183,48,497,174,-637,-471,-484,49,181,-276
5537,9,9,-61,-340,-105,-2,51,-103,-350,21,-24,314
5538,3,3,-717,-26,-215,857,-459,-38,-681,-18,136,-84
5539,6,6,94,-265,-145,-256,-92,-61,431,-399,95,-312
5540,7,7,-158,-150,-28,88,-225,-223,-592,376,-92,111
5541,2,2,-170,-32,599,229,-750,-535,-479,12,213,-333
5542,3,3,-542,-177,-218,681,-345,-8,-705,102,4,58
5543,8,8,-52,-501,16,111,-255,-106,-4,-356,429,10
5544,1,1,-161,258,-161,-189,52,-155,-238,-97,-10,-83
5545,2,2,-98,-14,564,182,-405,-546,-420,31,27,-385
5546,9,9,-64,-277,-134,-129,97,-122,-312,2,-42,309
5547,8,8,68,-485,62,70,-265,-121,-95,-280,355,10
5548,8,8,-74,-393,147,41,-238,-137,22,-350,459,-159
5549,7,7,-107,-183,-84,-29,-204,-198,-527,416,-35,99
5550,1,1,-193,325,-155,-239,60,-119,-193,-117,-19,-143
5551,7,7,-149,-195,-194,-53,-125,-136,-529,433,-71,137
5552,1,1,-148,268,-115,-200,38,-171,-269,-63,-52,-98
5553,1,1,-201,335,-148,-239,50,-135,-204,-117,-9,-155
5554,0,0,399,-277,-133,-172,-410,24,-72,-34,-140,-124
5555,3,3,-604,-89,-313,786,-377,80,-598,-20,1,-41
5556,4,4,-45,-157,33,-225,364,-230,-220,18,-273,-70
5557,2,2,-149,12,605,177,-617,-537,-422,-31,183,-402
5558,6,6,117,-488,-358,-179,-85,12,567,-436,68,-254
5559,4,4,-83,-164,-46,-225,374,-141,-177,-71,-243,17
5560,7,7,-146,-162,-237,-155,-53,-142,-480,381,27,122
5561,4,4,-70,-144,-2,-276,399,-198,-257,19,-281,-27
5562,2,2,-124,-208,510,155,-499,-436,-351,-234,411,-233
5563,7,7,-229,-46,43,171,-259,-350,-734,445,-144,24
5564,4,4,-180,-197,116,-163,341,-238,-187,15,-114,-194
5565,9,9,-341,-364,-174,33,150,-121,-551,54,66,457
5566,1,1,-96,297,-136,-265,-19,-111,-159,-114,-3,-184
5567,0,0,351,-300,-140,-171,-348,-28,-50,-101,-45,-66
5568,6,6,127,-457,-312,-193,-175,69,574,-433,18,-312
5569,8,8,-31,-541,110,100,-298,-39,-206,-302,415,66
5570,5,5,-224,-500,-327,-23,-275,519,23,-387,24,182
5571,5,5,-352,-307,-376,16,-146,561,-41,-389,-6,119
5572,5,5,-324,-392,-397,50,-238,545,-9,-399,-27,168
5573,3,3,-559,-240,-540,739,-347,365,-451,-185,-24,78
5574,5,5,-405,-281,-370,117,-223,549,-21,-451,19,64
5575,9,9,-279,-420,-148,101,49,-138,-585,104,67,435
5576,7,7,-223,-122,-11,177,-274,-340,-754,455,-88,85
5577,4,4,-103,-117,-12,-227,348,-207,-67,-100,-137,-138
5578,8,8,-64,-383,-37,-50,-168,-96,-114,-339,441,91
5579,5,5,-329,-432,-289,23,-208,491,23,-395,100,121
5580,9,9,-185,-384,-122,13,79,-112,-487,80,2,382
5581,6,6,85,-377,-211,-169,-188,23,516,-474,128,-337
5582,9,9,-243,-308,-102,7,126,-143,-513,83,3,381
5583,3,3,-539,-164,-398,675,-415,231,-523,-91,97,39
5584,0,0,438,-333,-95,-140,-406,-19,-42,-175,-82,-149
5585,3,3,-592,-94,-358,812,-448,63,-645,-81,68,28
5586,8,8,72,-420,57,-109,-228,-59,-42,-304,298,19
5587,9,9,-339,-405,-216,81,80,-96,-566,5,109,509
5588,1,1,-37,281,-108,-299,-48,-97,-48,-212,6,-265
5589,8,8,-113,-299,58,115,-294,-201,-192,-219,508,-8
5590,1,1,-109,258,-108,-215,16,-179,-204,-107,-8,-147
5591,6,6,90,-384,-265,-181,-133,62,535,-495,39,-302
5592,0,0,454,-321,-36,-200,-369,-70,-3,-204,-120,-107
5593,0,0,249,-403,68,-111,-328,-31,189,-438,90,-208
5594,1,1,-203,294,-99,-214,15,-126,-237,-136,88,-131
5595,2,2,-107,-54,427,39,-1,-332,-243,-158,-92,-356
5596,3,3,-321,-80,-237,457,-264,23,-479,-102,14,99
5597,4,4,-391,-39,-54,-189,430,-175,-240,-50,-85,-82
5598,5,5,-354,-261,-387,63,-258,573,-96,-276,175,-15
5599,6,6,-23,-357,-138,-142,-95,75,483,-427,10,-274
5600,7,9,-202,-8,-127,-191,71,-152,-445,179,-70,184
5601,8,8,-170,-75,22,24,55,-187,-182,-123,280,-178
5602,9,9,-356,-326,-227,17,135,-101,-566,68,72,473
5603,0,0,369,-346,-168,-258,-285,88,97,-170,-159,-28
5604,1,1,-235,313,-152,-185,52,-134,-293,-56,-43,-60
5605,2,2,-126,-63,642,104,-375,-507,-413,-17,137,-380
5606,3,3,-496,-87,-265,622,-234,39,-592,-69,-42,113
5607,4,4,-373,-9,-74,-234,431,-155,-219,0,-146,-135
5608,5,5,-199,-229,-161,83,-237,360,-103,-144,73,-22
5609,6,6,58,-441,-292,-186,-126,103,579,-435,-68,-278
5610,7,7,-73,-153,-200,-165,-146,-93,-351,431,-124,5
5611,8,8,-151,-124,-135,74,-99,-58,-61,-198,319,-107
5612,9,9,-344,-344,-187,48,86,-53,-528,34,79,440
5613,0,0,312,-361,-101,-188,-200,33,148,-281,-67,-27
5614,1,1,-212,340,-148,-211,52,-164,-248,-136,56,-123
5615,2,2,-46,-154,584,62,-429,-506,-352,-71,252,-300
5616,3,3,-240,-144,-104,470,-294,-11,-482,-148,49,15
5617,4,4,-428,-14,-172,-163,368,-76,-304,22,-28,49
5618,5,5,-363,-250,-241,41,-258,502,-87,-349,116,90
5619,6,6,-44,-244,-154,-210,33,76,413,-313,-125,-328
5620,7,7,-119,-99,-180,-205,-41,-123,-430,365,-83,89
5621,8,8,-300,-154,-167,175,-55,-110,-161,-182,495,-136
5622,9,9,-398,-246,-232,-22,197,-44,-469,-26,2,460
5623,3,3,-31,-109,-80,286,-355,95,-418,-94,-78,-58
5624,5,5,-355,-349,-346,25,-367,620,-136,-364,207,91
5625,3,3,-432,-64,-298,565,-234,131,-525,-141,-81,64
5626,2,2,-135,-138,509,107,-457,-414,-330,-84,322,-260
5627,9,9,-388,-290,-175,54,144,-80,-503,-19,45,452
5628,3,3,-217,-38,-107,461,-313,25,-494,-59,-92,-65
5629,2,2,-132,-42,624,74,-435,-506,-420,-5,175,-321
5630,1,1,-283,262,-138,-176,76,-189,-405,39,-57,52
5631,4,4,-344,16,6,-168,393,-189,-173,-28,-126,-247
5632,5,5,-389,-278,-441,162,-313,599,-177,-359,36,129
5633,5,5,-169,-199,-328,-23,-388,479,-45,-268,145,-78
5634,2,2,4,-325,295,197,-324,-283,-269,-150,233,-135
5635,3,3,-632,-114,-430,697,-290,185,-527,-153,136,43
5636,2,2,-158,-127,410,175,-86,-321,-335,-46,-55,-249
5637,1,1,-146,307,-125,-216,22,-140,-210,-100,13,-138
5638,3,3,-353,-21,-194,478,-214,102,-329,-94,-67,-108
5639,9,9,-353,-284,-202,-11,67,67,-371,12,-16,371
5640,7,7,-91,-159,-137,-61,-140,-126,-390,363,-75,87
5641,2,2,-158,-51,486,29,-107,-371,-308,-180,127,-356
5642,1,1,-48,274,-216,-374,-16,-17,-80,-100,-2,-240
5643,2,2,-139,-65,547,40,-265,-352,-218,-221,154,-402
5644,8,8,-205,-257,-210,81,-56,-30,-59,-223,497,-110
5645,9,9,-336,-324,-225,59,126,-75,-510,7,-3,455
5646,1,1,-80,272,-68,-277,-30,-96,-57,-135,-15,-243
5647,8,8,-236,-183,-147,63,-28,-61,-7,-237,444,-218
5648,8,8,-249,-104,-156,-25,-28,-133,-220,-180,479,-24
5649,7,7,-119,-14,-163,-283,40,-157,-420,298,-178,68
5650,8,8,-273,-290,-192,49,-162,55,-24,-245,562,-104
5651,1,1,-201,282,-153,-203,44,-158,-297,-39,-20,-19
5652,0,0,435,-366,-3,-133,-311,-96,16,-280,-78,-128
5653,0,0,420,-552,-28,-101,-294,-102,80,-307,16,4
5654,7,7,-64,-43,7,-32,-183,-238,-377,198,107,31
5655,7,7,-68,-110,71,102,-351,-331,-424,194,169,28
5656,8,8,-308,-169,-202,162,-69,-28,-139,-261,463,-97
5657,7,7,-138,-140,-159,-53,-139,-127,-486,399,-48,83
5658,5,5,-302,-227,-285,27,-212,479,-123,-192,38,71
5659,0,0,481,-329,-24,-203,-406,-70,29,-226,-143,-156
5660,6,6,-28,-295,-109,-180,-102,84,502,-511,-7,-383
5661,1,1,-95,261,-90,-228,9,-181,-168,-119,16,-163
5662,5,5,-147,-184,-332,98,-350,445,-157,-298,-77,50
5663,7,7,-99,-102,-186,-186,-47,-147,-429,367,-99,79
5664,4,4,-279,-71,-98,-238,449,-177,-160,11,-155,-195
5665,6,6,-20,-273,-189,-213,-37,58,494,-506,22,-340
5666,1,1,-90,310,-146,-268,18,-171,-209,-51,-64,-158
5667,2,2,-66,-105,436,41,-77,-351,-299,-37,-4,-352
5668,5,5,-390,-399,-378,-3,-326,655,-196,-372,138,205
5669,0,0,453,-379,-112,-256,-472,82,61,-172,-111,-144
5670,7,7,-166,-159,-237,-123,-45,-97,-427,432,-91,93
5671,9,9,-234,-406,-238,72,84,-85,-409,-26,33,470
5672,9,9,-315,-423,-191,23,179,-89,-507,92,-74,442
5673,0,0,411,-359,-49,-156,-357,-3,-3,-258,-90,-74
5674,3,3,-139,-146,-181,501,-352,77,-426,-145,-47,-38
5675,8,8,-251,-75,-159,86,-90,-36,-72,-256,427,-230
5676,4,4,-164,-126,-56,-81,229,-131,-21,41,-75,-260
5677,4,4,-252,27,101,-145,302,-201,-33,-106,-111,-462
5678,8,8,-195,-37,-171,124,-106,28,-32,-183,217,-174
5679,1,1,-197,296,-151,-216,66,-137,-246,-31,-56,-62
5680,8,8,-313,-323,-145,244,-180,-20,-276,-164,463,86
5681,6,6,-84,-203,-154,-160,-43,43,474,-464,-19,-460
5682,5,5,-262,-390,-329,-144,-315,522,15,-398,166,182
5683,9,9,-454,-356,-223,31,117,124,-370,-108,67,402
5684,0,0,485,-328,-79,-188,-362,-43,30,-248,-185,-96
5685,0,0,409,-297,-82,-219,-487,41,47,-140,-86,-200
5686,0,0,502,-371,-91,-216,-496,0,37,-155,-158,-129
5687,3,3,-360,-126,-231,527,-283,83,-472,-131,11,80
5688,7,7,-146,-81,-163,-162,-34,-139,-465,350,-76,106
5689,1,1,-171,292,-155,-221,34,-129,-223,-69,-16,-96
5690,6,6,-45,-250,-177,-153,-22,58,436,-306,-51,-379
5691,4,4,-290,2,19,-226,387,-167,-170,-21,-95,-217
5692,2,2,-113,32,656,-9,-331,-513,-418,-29,99,-401
5693,6,6,-54,-300,-181,-115,-71,60,476,-450,7,-349
5694,6,6,6,-332,-185,-204,-87,58,526,-418,23,-322
5695,0,0,416,-407,-18,-201,-414,-19,69,-261,-13,-113
5696,4,4,-257,16,7,-190,371,-106,-140,-74,-188,-216
5697,5,5,-377,-208,-345,25,-187,480,-193,-303,39,211
5698,4,4,-371,33,-61,-215,385,-131,-175,-35,-96,-191
5699,1,1,-208,288,-124,-153,15,-181,-300,-39,42,-54
5700,3,3,-469,-43,-247,445,-180,-39,-528,-94,94,151
5701,8,8,-210,-165,17,80,-64,-157,-113,-229,455,-194
5702,6,6,31,-216,-176,-219,-17,57,416,-344,-118,-282
5703,3,3,-348,-107,-304,561,-358,133,-434,-113,52,-3
5704,9,9,-398,-339,-124,99,113,10,-529,13,-22,402
5705,9,9,-392,-259,-213,61,132,-24,-463,-37,34,419
5706,5,5,-250,-156,-165,-17,-374,449,-200,-183,155,-4
5707,9,9,-228,-431,-100,86,-1,-77,-458,41,57,386
5708,3,3,-402,-55,-367,586,-354,114,-571,-76,-62,93
5709,7,7,-142,-95,-151,-133,-10,-181,-422,274,-11,141
5710,8,8,-221,-86,-155,106,-123,-93,-161,-200,407,-66
5711,5,5,-437,-179,-330,-19,-285,544,-222,-353,108,195
5712,6,6,5,-215,-108,-219,-7,24,422,-376,-65,-327
5713,4,4,-334,-6,-78,-308,547,-133,-237,-35,-233,-197
5714,7,7,-162,-45,-132,-195,26,-199,-484,291,-46,127
5715,6,6,-87,-186,-152,-123,-43,52,394,-437,17,-339
5716,2,2,-100,30,635,51,-399,-560,-428,31,78,-389
5717,2,2,-75,-222,546,109,-545,-422,-358,-100,313,-202
5718,0,0,386,-409,-19,-138,-382,-22,56,-292,4,-105
5719,9,9,-108,-359,-147,-27,28,29,-248,29,0,244
5720,4,4,-405,30,-76,-80,321,-106,-217,-16,-89,-87
5721,0,0,400,-285,-14,-214,-338,-101,-41,-142,-88,-100
5722,1,1,-100,312,-134,-292,63,-150,-157,-103,-40,-189
5723,2,2,-155,22,558,43,-297,-415,-378,1,80,-318
5724,3,3,-447,-68,-233,605,-258,-101,-578,-50,4,112
5725,4,4,-310,-158,-28,-213,512,-245,-376,184,-284,-69
5726,5,5,-265,-317,-298,51,-209,439,-126,-284,45,190
5727,6,6,120,-173,-94,-338,-15,12,367,-396,-116,-318
5728,7,7,-242,-76,-278,-127,49,-57,-303,430,-145,-44
5729,8,8,-96,-303,-51,45,-329,-53,-112,-201,416,80
5730,9,9,-145,-356,-110,48,-3,-119,-411,77,52,324
5731,0,0,278,-192,-32,-89,-227,-86,-141,-113,-141,-45
5732,1,1,-118,285,-97,-238,52,-220,-272,-8,-38,-108
5733,2,2,-216,152,608,-41,-376,-319,-383,44,9,-419
5734,3,7,-269,-91,93,148,-111,-24,-345,153,-15,-63
5735,5,5,-310,-85,-203,112,-44,240,-82,-207,-15,36
5736,6,6,1,-379,33,-12,-5,-27,183,-243,-53,-163
5737,0,0,249,-212,18,-92,-150,-204,-282,14,-183,29
5738,1,1,-90,311,-141,-348,38,-172,-197,-64,-35,-169
5739,2,2,-181,129,562,34,-257,-400,-430,89,-83,-384
5740,3,3,-412,-55,-145,429,-245,62,-457,27,-48,27
5741,4,4,-310,-59,-127,-293,495,-85,-253,-18,-136,-56
5742,5,5,-474,-167,-293,133,-145,495,-253,-249,-64,174
5743,6,6,-63,-166,46,-104,-25,-27,328,-406,-50,-451
5744,8,8,-186,-319,-73,-35,-276,9,-47,-272,532,9
5745,7,7,-144,52,-118,39,-193,-222,-473,224,25,70
5746,1,1,-75,360,-51,-444,82,-227,-172,-61,-77,-265
5747,3,3,-589,-105,-102,675,-342,-74,-680,41,-6,58
5748,2,2,-212,129,466,-49,-121,-331,-249,-2,32,-508
5749,8,8,-182,-291,65,-110,-148,67,144,-166,297,-232
5750,0,0,318,-277,124,-173,-76,-361,-175,-138,-57,-50
5751,7,7,-218,-186,-145,109,-118,-215,-639,418,-45,144
5752,5,3,-352,-186,-92,298,-178,240,-307,-166,-92,34
5753,9,9,-216,-564,-238,36,-27,119,-262,-115,60,420
5754,9,9,-73,-389,-139,0,127,-53,-260,-52,-58,318
5755,6,6,-12,-302,-150,-193,-5,17,507,-499,-2,-404
5756,0,0,299,-328,67,-109,119,-296,-57,-289,-207,-57
5757,9,9,24,-440,-199,49,-71,-163,-311,152,12,214
5758,4,4,-315,-167,-191,-204,550,-203,-290,-51,-88,-3
5759,1,1,-102,323,-34,-313,92,-245,-197,-22,-88,-237
5760,3,3,-229,-146,-54,535,-377,-143,-586,-15,8,33
5761,2,2,-161,58,493,-12,-182,-239,-136,-92,-84,-534
5762,1,1,-102,316,-83,-328,89,-204,-186,-71,-86,-187
5763,2,2,-96,-45,486,-15,-232,-232,-56,-125,-19,-496
5764,3,3,-457,-185,-147,591,-399,70,-538,-4,43,29
5765,8,8,-57,-400,23,10,-225,-109,-61,-177,520,-39
5766,3,3,-490,-124,-179,642,-352,-93,-638,-75,117,135
5767,2,2,-186,146,671,-4,-353,-423,-391,52,-51,-499
5768,6,6,25,-218,-126,-233,76,-6,381,-387,-168,-342
5769,5,5,-186,-382,-202,-63,-210,333,73,-364,179,101
5770,6,6,-15,-98,-117,-289,75,10,332,-369,-90,-383
5771,8,8,-160,-349,110,-13,-190,-57,5,-182,428,-99
5772,2,2,-121,190,451,10,-218,-257,-347,49,-227,-384
5773,7,7,-333,-180,-117,105,-132,-100,-580,363,-68,186
5774,4,4,-402,-47,-143,-210,552,-150,-403,-7,-145,25
5775,8,8,-136,-329,-63,-2,-246,-31,-70,-134,488,39
5776,1,1,-122,344,-113,-250,32,-196,-222,-13,-91,-192
5777,8,8,-372,-327,31,68,-302,92,-119,-142,556,-89
5778,0,0,327,-204,107,-182,-29,-246,-98,-202,-176,-165
5779,5,5,-399,-273,-339,29,-252,568,-173,-340,25,213
5780,3,3,-339,-144,-14,521,-336,-84,-517,-7,34,-3
5781,9,9,-196,-404,-176,85,67,-91,-463,20,-7,419
5782,4,4,-231,-335,22,-153,433,-177,-279,6,-177,74
5783,1,1,-83,294,-103,-277,10,-150,-155,-115,-16,-193
5784,9,9,-105,-350,-105,-20,96,-25,-306,21,-166,310
5785,2,2,-215,95,588,113,-280,-391,-284,-42,-94,-510
5786,1,1,-96,329,-89,-318,52,-169,-164,-64,-75,-199
5787,9,9,-122,-437,-229,0,-17,59,-194,-52,20,325
5788,6,6,1,-339,-224,-173,-30,72,525,-507,-27,-343
5789,7,7,-202,-134,-59,95,-225,-167,-591,420,-105,51
5790,9,9,-301,-462,-167,110,14,-20,-517,21,49,431
5791,0,0,384,-379,-17,-150,17,-210,10,-367,-183,-7
5792,4,4,-140,-189,-223,-266,437,-118,-46,-109,-114,-154
5793,6,6,-17,-227,-231,-188,25,56,457,-420,-67,-342
5794,1,1,-117,331,-75,-219,-7,-244,-233,-24,-41,-202
5795,7,7,-212,-125,-106,113,-150,-276,-653,421,-49,117
5796,3,3,-521,-69,-229,676,-270,-21,-585,-54,-53,62
5797,8,8,-434,-18,-263,93,-52,41,-154,-315,509,-237
5798,7,7,-222,-72,-44,111,-172,-213,-596,372,-123,81
5799,2,2,-238,245,615,54,-381,-468,-493,190,-153,-510
5800,9,9,-157,-369,-99,-67,132,-108,-409,140,-215,364
5801,6,6,169,-395,-185,-58,-93,-70,330,-417,93,-243
5802,5,5,-291,-294,-256,100,-270,386,-200,-335,125,211
5803,8,8,-325,-187,74,-34,-99,31,37,-275,437,-326
5804,3,3,-418,-232,-332,716,-365,11,-607,-73,39,144
5805,9,9,-244,-508,-204,126,58,-53,-478,-59,46,495
5806,0,0,347,-265,94,-185,-33,-248,0,-306,-141,-112
5807,5,5,-358,-256,-269,32,-216,440,-240,-262,70,240
5808,7,7,-181,-90,-85,73,-133,-239,-574,375,-85,101
5809,1,1,-149,349,-83,-318,83,-223,-210,-51,-36,-190
5810,6,6,-73,-332,-112,-55,20,20,404,-423,20,-345
5811,1,1,-128,365,-95,-308,61,-249,-226,-44,-76,-224
5812,0,0,414,-208,94,-250,-233,-215,-74,-206,-166,-233
5813,9,9,-235,-459,-234,78,76,-65,-483,22,37,469
5814,3,3,-177,-51,-26,353,-136,-47,-364,-81,-262,-117
5815,3,3,-355,21,-97,537,-317,-73,-494,-19,-92,-82
5816,4,4,-163,-219,-116,-253,514,-148,-138,-24,-264,-187
5817,4,4,-231,-171,-71,-286,579,-184,-240,-67,-225,-117
5818,0,0,414,-162,69,-252,-247,-201,11,-245,-167,-282
5819,6,6,5,-251,-236,-168,5,80,425,-443,-49,-284
5820,2,2,-139,25,504,85,-361,-338,-413,100,-41,-302
5821,5,5,-327,-133,-426,256,-206,369,-110,-348,2,51
5822,4,4,-232,-202,-60,-274,505,-181,-221,-53,-145,-53
5823,2,2,-70,45,483,10,-363,-342,-408,78,-48,-260
5824,3,3,-534,-185,-15,510,-307,-73,-678,83,87,125
5825,4,4,-155,-334,45,-212,406,-221,-210,-7,-182,-10
5826,6,6,-14,-329,-160,-141,-11,40,443,-290,-80,-311
5827,0,0,317,-289,-8,-102,-140,-118,-57,-256,-109,-13
5828,0,0,226,-215,-146,-42,-122,-11,0,-296,-226,1
5829,2,2,-250,150,540,-24,-135,-245,-219,-37,-106,-567
5830,0,0,364,-303,-66,-29,-206,-73,-135,-201,-177,-23
5831,1,1,-49,249,-99,-273,-81,-78,-8,-246,40,-295
5832,4,4,-188,-240,6,-208,432,-75,-174,6,-227,-125
5833,5,5,-258,-309,-367,65,-164,459,-226,-232,-49,226
5834,6,6,-29,-301,-215,-155,-99,121,524,-556,-14,-390
5835,7,7,-119,-181,-10,11,-45,-174,-373,246,48,63
5836,8,8,-242,-298,-166,-15,-195,24,-228,-287,524,136
5837,9,9,-328,-285,-168,37,165,-112,-522,91,68,380
5838,0,0,338,-290,8,-169,-233,-97,-16,-114,-48,-132
5839,1,1,-91,320,-112,-346,-36,-203,-181,-70,15,-221
5840,2,2,8,-132,454,76,-273,-364,-267,-128,62,-274
5841,3,3,-220,-256,-140,308,-101,130,-212,-175,-64,77
5842,4,4,-202,-134,-123,-129,279,-125,-354,253,-170,13
5843,5,5,-75,-257,-241,-62,-257,386,-80,-214,-124,148
5844,6,6,33,-340,-74,-196,-123,-27,517,-513,110,-383
5845,7,7,-63,-190,-16,-49,-26,-263,-260,293,2,-85
5846,8,8,-260,-420,-37,-52,-229,41,-86,-319,616,59
5847,0,0,288,-175,-33,-152,-113,-272,-286,6,-94,-93
5848,1,1,-93,304,-135,-254,-29,-190,-253,-32,-30,-143
5849,2,2,-90,-64,451,146,-309,-427,-311,-73,115,-334
5850,3,3,-648,-55,-298,679,-231,142,-656,10,-97,70
5851,4,4,-63,-86,10,-296,377,-218,-231,19,-283,-68
5852,5,5,-328,-187,-417,134,-259,540,-156,-328,-93,126
5853,6,6,-62,-263,-172,-142,23,27,465,-496,14,-409
5854,7,7,-111,-162,-88,-66,84,-176,-283,303,-83,-31
5855,8,8,-148,-193,-96,9,-324,38,-159,-168,395,11
5856,9,9,-241,-417,-153,31,102,-99,-480,88,-21,424
5857,8,8,-268,-339,33,251,-302,-100,-332,-328,497,72
5858,7,7,-122,-212,-147,-24,27,-157,-308,296,13,19
5859,1,1,-167,301,-110,-203,28,-163,-184,-112,37,-147
5860,3,3,-591,-76,-327,646,-226,190,-546,-94,-45,67
5861,7,7,-126,-114,22,-4,-43,-248,-342,332,-36,-28
5862,5,5,-301,-160,-355,129,-275,513,-225,-243,-133,124
5863,2,2,-115,-41,602,114,-524,-521,-365,-56,228,-366
5864,8,8,-209,-330,184,190,-406,-253,-297,-160,574,-7
5865,0,0,416,-347,23,-160,-302,-153,-114,-182,-56,-77
5866,7,7,-170,-132,-153,-55,55,-219,-423,427,-64,-27
5867,5,5,-196,-159,-304,84,-300,472,-218,-198,-181,88
5868,9,9,-278,-409,-227,-80,65,45,-345,-52,81,448
5869,9,9,-289,-417,-165,6,65,52,-373,-52,-9,429
5870,0,0,256,-95,-28,-259,-193,-128,-163,-14,-110,-110
5871,9,9,-148,-462,-265,-68,62,44,-207,-62,8,409
5872,1,1,-83,273,-135,-282,4,-123,-171,-65,-13,-122
5873,1,1,-65,251,-68,-263,-1,-120,-105,-85,-23,-166
5874,5,5,-167,-99,-289,76,-331,420,-131,-266,-70,24
5875,8,8,-152,-301,39,81,-314,-190,-221,-252,530,51
5876,8,8,-325,-196,138,201,-280,-236,-439,-61,443,74
5877,6,6,233,-338,-194,-252,-112,85,255,-295,-101,-160
5878,3,3,-370,-132,-218,475,-242,153,-386,-157,17,62
5879,2,2,-74,47,523,62,-347,-476,-287,0,10,-422
5880,1,1,-189,296,-91,-180,20,-161,-236,-16,-15,-92
5881,8,8,-208,-315,49,168,-332,-125,-276,-167,511,31
5882,3,3,-637,-189,-203,592,-97,52,-574,-229,157,170
5883,2,2,-30,-95,556,105,-397,-471,-366,9,7,-298
5884,6,6,43,-347,-213,-115,-124,51,489,-473,-18,-278
5885,5,5,-301,-156,-270,75,-182,400,-178,-278,-57,176
5886,6,6,-78,-233,-82,-151,-18,15,455,-496,53,-464
5887,7,7,130,-166,-78,-232,-242,9,-204,227,-154,-27
5888,4,4,154,-175,44,-306,265,-141,-101,-239,-192,-61
5889,1,1,-218,304,-144,-213,76,-135,-244,-42,-49,-67
5890,0,0,276,-97,-77,-228,-332,-18,-7,-84,-68,-218
5891,5,5,-54,-166,-193,43,-197,224,51,-288,-42,-123
5892,3,3,-340,-41,-151,472,-199,36,-449,-66,-97,34
5893,1,1,-103,300,-120,-259,40,-113,-117,-147,4,-190
5894,9,9,-356,-386,-125,84,146,-99,-579,96,-20,428
5895,2,2,-71,129,462,-79,-159,-396,-235,-107,11,-455
5896,1,1,-180,301,-116,-212,47,-153,-233,-57,-1,-80
5897,9,9,-73,-369,-117,31,54,-113,-351,64,-36,322
5898,6,6,-32,-368,-186,-156,-28,79,532,-516,-13,-384
5899,0,0,401,-270,-11,-224,-247,-79,28,-231,-181,-130
5900,4,4,-235,-157,-32,-223,508,-84,-223,-2,-253,-145
5901,6,6,5,-210,-95,-172,29,-13,389,-431,5,-362
5902,1,1,-102,316,-116,-285,33,-138,-142,-67,-57,-193
5903,7,7,-133,-109,-179,-124,44,-143,-374,319,-78,69
5904,3,3,-643,-99,-226,557,-210,72,-579,23,95,72
5905,8,8,-276,-220,-41,219,-169,-117,-271,-175,463,4
5906,7,7,-115,-123,-42,4,79,-249,-317,267,-54,-7
5907,2,2,-82,-72,427,55,-341,-375,-341,-77,202,-211
5908,9,9,-269,-384,-182,-3,50,33,-386,-22,37,416
5909,6,6,49,-305,-116,-191,-60,18,451,-495,70,-374
5910,5,5,-276,-154,-338,-4,-93,424,-103,-269,-98,133
5911,8,8,-182,-340,-61,151,-206,-75,-226,-139,466,71
5912,3,3,-186,-105,-175,448,-277,115,-392,-72,-141,-40
5913,5,5,-60,-60,-202,45,-196,235,-111,-177,-70,-62
5914,7,7,-128,-152,-194,-129,70,-119,-299,338,-53,-5
5915,1,1,-114,297,-119,-239,35,-133,-128,-79,-32,-197
5916,6,6,-9,-147,-20,-201,59,-39,319,-363,-40,-347
5917,1,1,-167,297,-160,-227,46,-125,-213,-53,-24,-79
5918,0,0,359,-325,-5,-128,-285,-111,-42,-218,-1,-118
5919,9,9,-143,-382,-138,12,71,-143,-421,5,64,410
5920,6,6,-43,-164,-106,-213,-2,16,438,-491,30,-433
5921,2,2,-169,180,419,-12,-301,-469,-403,129,54,-291
5922,5,5,-133,-66,-304,140,-247,333,-269,-123,-193,43
5923,4,4,-196,-45,-20,-282,411,-186,-258,25,-156,-62
5924,2,2,-123,192,497,-75,-280,-455,-329,27,38,-392
5925,3,3,-502,-115,-216,538,-115,54,-490,-14,-48,75
5926,4,4,-208,-231,-49,-212,383,-120,-281,15,-124,109
5927,4,4,-179,-174,11,-270,482,-115,-226,-32,-225,-59
5928,6,6,-25,-295,-124,-158,-38,57,461,-424,-31,-345
5929,0,0,409,-279,-95,-187,-330,-33,0,-127,-141,-122
5930,0,0,475,-350,-66,-181,-277,-110,-4,-263,-151,-62
5931,2,2,-125,168,553,-95,-214,-459,-245,-56,20,-535
5932,0,0,416,-294,-112,-109,-280,-38,-35,-252,-169,-75
5933,1,1,-254,346,-126,-211,97,-157,-281,-82,-3,-86
5934,2,2,3,92,362,-101,-246,-214,-200,-78,-105,-313
5935,3,3,-276,-104,-272,370,-254,23,-424,-150,71,155
5936,4,4,-440,-163,-59,-73,426,-127,-420,79,-88,107
5937,5,3,-392,-121,-336,348,-165,255,-409,-148,-84,175
5938,6,6,72,-342,-215,-222,-41,75,460,-335,-110,-302
5939,7,7,-324,-73,-81,67,-126,-88,-515,287,-49,132
5940,8,8,-101,-479,76,146,-297,-155,-86,-349,514,-20
5941,9,9,-397,-418,-108,115,129,-48,-564,-40,79,465
5942,0,0,350,-314,-32,-112,-121,-61,-85,-222,-208,16
5943,1,1,-271,337,-133,-195,73,-106,-221,-179,42,-161
5944,2,2,-53,58,452,-165,-264,-313,-220,67,10,-315
5945,3,3,-380,-150,-219,501,-302,-74,-473,-128,157,155
5946,4,4,-528,-67,-144,-161,565,-53,-433,-28,-127,87
5947,5,5,-366,-375,-421,115,-263,548,-142,-351,70,213
5948,6,6,27,-284,-178,-189,-26,20,483,-382,-103,-350
5949,7,7,-389,-138,-117,45,-21,-76,-555,333,-92,177
5950,8,8,-157,-322,-63,144,-241,-63,-49,-313,419,-47
5951,9,9,-425,-199,-165,18,190,-20,-510,-28,-6,399
5952,0,0,403,-314,-88,-111,-253,-45,-53,-190,-171,-27
5953,1,1,-258,322,-94,-170,83,-153,-262,-65,-10,-108
5954,2,2,-170,94,520,35,-279,-250,-413,95,-187,-357
5955,3,3,-266,-330,-87,370,-154,-88,-334,-206,292,138
5956,4,4,-494,-217,-56,-147,505,-7,-329,-35,-123,71
5957,5,5,-380,-366,-314,134,-301,495,-225,-323,128,226
5958,6,6,1,-283,-174,-219,-10,69,476,-338,-139,-401
5959,7,7,-301,-123,-86,82,-131,-88,-517,330,-79,130
5960,8,8,-42,-566,31,119,-364,-68,-91,-327,486,73
5961,9,9,-453,-142,-149,63,142,-52,-568,101,-46,323
5962,8,8,-62,-509,112,158,-330,-127,-70,-260,500,-67
5963,6,6,-58,-130,-139,-184,-85,58,414,-446,6,-465
5964,5,5,-304,-270,-359,241,-250,403,-252,-263,-35,186
5965,0,0,415,-361,-159,-165,-356,37,23,-95,-174,-80
5966,6,6,-2,-326,-138,-171,-123,61,524,-473,8,-393
5967,8,8,-100,-437,101,142,-254,-127,-91,-237,461,-31
5968,9,9,-356,-369,-52,83,164,-23,-446,-30,-53,375
5969,4,4,-483,-155,-78,-152,494,48,-265,-97,-129,-2
5970,1,1,-200,300,-114,-214,109,-108,-176,-144,6,-121
5971,9,9,-447,-274,-210,95,147,-35,-539,-19,53,441
5972,5,3,-405,-259,-369,391,-238,334,-315,-248,81,162
5973,3,3,-227,-343,-211,265,-131,-7,-227,-250,225,221
5974,0,0,368,-276,-51,-160,-278,-54,-64,-122,-145,-56
5975,4,4,-513,-138,-180,-91,373,42,-328,-61,-39,182
5976,8,8,-179,-267,91,236,-355,-156,-199,-120,388,-57
5977,9,9,-457,-358,-183,108,173,-32,-591,7,58,458
5978,1,1,-285,310,-80,-86,14,-160,-324,-13,-5,-81
5979,4,4,-525,-149,-6,-112,473,-51,-377,15,-96,31
5980,0,0,383,-384,-135,-95,-236,-10,27,-279,-95,-18
5981,5,9,-337,-393,-269,290,-233,269,-388,-203,44,330
5982,5,5,-449,-155,-349,313,-188,358,-268,-253,-28,138
5983,2,2,-41,82,329,-51,-258,-159,-308,30,-121,-214
5984,1,1,-247,301,-73,-122,24,-163,-305,-15,1,-74
5985,5,5,-349,-347,-288,274,-337,333,-153,-300,193,127
5986,4,4,-503,-163,-87,-80,428,-19,-361,-7,-69,107
5987,0,0,363,-402,-200,-115,-249,31,-8,-117,-158,41
5988,7,7,-282,-85,-67,68,-112,-88,-482,276,-59,115
5989,6,6,-86,-70,-179,-173,-48,84,339,-470,5,-399
5990,0,0,449,-370,-127,-163,-328,-21,39,-191,-143,-105
5991,1,1,-242,339,-148,-209,102,-162,-263,-84,-10,-91
5992,7,7,-359,-122,-96,69,-21,-77,-520,302,-117,166
5993,0,0,467,-379,-136,-207,-329,-1,81,-208,-189,-91
5994,6,6,46,-289,-186,-205,-40,53,484,-450,-59,-343
5995,8,8,-148,-498,42,213,-435,-93,-197,-224,568,44
5996,9,9,36,-471,-53,-36,122,-58,-212,-99,-72,257
5997,5,9,-291,-342,-205,212,-263,236,-284,-236,146,246
5998,1,1,-225,206,-78,-117,92,-115,-231,-42,11,-26
5999,7,7,-210,-132,-73,65,-138,-78,-463,332,-143,106
6000,9,9,-281,-296,-122,66,96,-51,-457,61,1,340
6001,8,8,-106,-438,-89,49,-341,-31,-37,-345,524,52
6002,6,6,-82,-116,-208,-99,-6,30,316,-345,-62,-368
6003,0,0,357,-351,-140,-91,-290,2,34,-197,-70,-102
6004,8,8,-198,-362,-2,168,-72,-112,-180,-159,330,91
6005,1,1,-211,252,-67,-167,71,-70,-178,-103,20,-122
6006,7,7,-309,10,24,92,-238,-177,-540,293,-17,19
6007,7,7,-325,-121,-111,49,-77,-72,-518,340,-106,140
6008,1,1,-323,295,-102,-124,108,-147,-330,-56,-16,-43
6009,3,3,-236,-248,-274,360,-262,64,-296,-201,104,184
6010,2,2,-125,42,483,-83,-191,-298,-110,6,-34,-480
6011,3,9,-12,-282,-144,155,-146,-2,-263,-195,13,180
6012,1,1,-227,336,-90,-216,93,-166,-235,-102,8,-132
6013,4,4,-367,-151,1,-156,525,-85,-310,-51,-223,-43
6014,2,2,-80,135,518,-123,-232,-313,-218,28,-145,-463
6015,0,0,347,-272,-138,-97,-309,35,-31,-206,-169,-63
6016,0,0,456,-337,-129,-205,-424,57,48,-184,-154,-150
6017,7,7,-271,-46,85,120,-298,-324,-745,487,-158,16
6018,8,8,-120,-500,118,142,-387,-115,-213,-215,537,56
6019,4,4,-456,-98,-139,-104,367,-16,-372,29,-51,157
6020,6,6,-86,-298,-108,-114,19,97,328,-374,3,-231
6021,4,4,-500,-52,-109,-99,419,-33,-370,-95,-34,151
6022,9,9,-365,-266,-53,147,109,-33,-421,-22,-19,294
6023,3,3,-334,-125,-219,270,-90,26,-303,-222,96,194
6024,8,8,-254,-306,71,337,-313,-229,-335,-74,414,39
6025,4,4,-519,-192,1,-29,488,-66,-393,80,-218,-23
6026,7,7,-312,31,4,98,-203,-89,-453,226,-20,3
6027,2,2,-95,91,371,-35,-243,-249,-143,-27,5,-386
6028,5,5,-393,-103,-413,322,-259,419,-273,-285,-17,74
6029,6,6,-138,-216,-195,-58,-66,92,388,-416,-12,-361
6030,3,3,-131,-145,-101,345,-289,-128,-396,-137,57,88
6031,6,6,-38,-267,-191,-149,-105,77,446,-453,65,-371
6032,9,9,-395,-303,-133,83,160,-30,-456,-68,35,404
6033,6,6,-62,-246,-235,-153,-67,96,400,-487,57,-286
6034,3,3,-333,-193,-202,483,-263,-24,-542,-182,57,225
6035,2,2,167,3,228,-249,-135,-154,-138,-75,-157,-202
6036,2,2,-74,-51,519,-50,-224,-251,-143,-77,-32,-413
6037,4,4,-486,-191,-157,-143,406,62,-336,-68,-27,231
6038,6,6,-104,-299,-64,-121,-44,65,451,-347,-19,-465
6039,9,9,-372,-251,-163,31,146,-23,-460,-43,23,419
6040,0,0,345,-257,-86,-181,-339,22,-24,-82,-89,-122
6041,2,2,-50,10,414,-127,-191,-282,-24,-102,1,-418
6042,5,3,-357,-433,-223,312,-232,187,-331,-231,199,286
6043,5,5,-325,-425,-407,305,-357,455,-172,-365,123,167
6044,1,1,-230,344,-121,-235,103,-133,-225,-138,11,-137
6045,3,3,-155,-229,-150,321,-267,-85,-248,-157,143,95
6046,3,3,-377,-173,-186,483,-293,-60,-332,-176,179,72
6047,9,9,-423,-306,-165,147,142,-32,-545,-17,29,417
6048,7,7,-288,-13,18,82,-266,-185,-590,334,-61,45
6049,8,8,-126,-364,62,118,-334,-151,-156,-250,453,45
6050,7,7,-251,-67,1,75,-220,-122,-514,354,-111,41
6051,2,2,-58,13,478,-89,-211,-325,-167,-3,24,-372
6052,2,2,-152,97,393,-13,-227,-235,-142,-35,-15,-400
6053,5,5,-354,-392,-307,263,-127,321,-257,-228,153,192
6054,7,7,-335,-88,-78,105,-138,-117,-589,312,-76,154
6055,9,9,-367,-355,-157,91,119,-25,-465,-23,40,411
6056,8,8,-229,-391,33,204,-345,-12,-134,-275,473,-32
6057,2,2,16,30,430,-221,-141,-241,-116,-81,-103,-381
6058,1,1,-168,307,-105,-235,51,-136,-173,-141,37,-149
6059,3,3,-122,-190,-40,222,-139,-105,-265,-112,116,98
6060,1,1,-243,357,-145,-240,109,-130,-220,-136,-10,-137
6061,3,3,-262,-101,-213,461,-290,-4,-434,-128,-5,95
6062,0,0,446,-484,-21,-137,-267,-137,25,-245,-16,-68
6063,1,1,-78,214,-158,-177,-44,-127,-119,-181,19,-228
6064,2,2,-180,105,587,170,-525,-535,-394,-68,136,-473
6065,3,3,-265,-144,-85,423,-384,-95,-332,4,286,-187
6066,4,4,-415,-169,-96,-218,593,-109,-294,14,-191,-101
6067,5,5,-379,-428,-431,48,-338,657,-193,-379,95,247
6068,6,6,68,-494,-272,-219,-63,64,595,-417,-68,-296
6069,7,7,-313,-156,-202,26,-34,-222,-637,473,-14,168
6070,8,8,43,-521,52,25,-315,-113,108,-448,467,-94
6071,9,9,-222,-504,-191,244,-37,51,-448,-215,109,410
6072,0,0,381,-447,27,-95,-73,-120,24,-314,-167,-111
6073,1,1,-118,211,-219,-176,19,-100,-139,-149,-16,-170
6074,2,2,-109,20,665,141,-668,-620,-441,0,178,-433
6075,3,3,-469,-262,-481,652,-229,264,-391,-137,-19,50
6076,4,4,-321,-263,-84,-192,497,-81,-263,12,-272,36
6077,5,5,-301,-380,-369,-47,-383,624,-31,-403,218,53
6078,6,6,13,-344,-195,-194,-24,51,546,-504,-70,-372
6079,7,7,-250,-133,-67,23,-65,-248,-602,422,-91,147
6080,8,8,47,-611,150,18,-378,-104,111,-426,463,-109
6081,9,9,-158,-545,-168,199,-50,69,-424,-236,84,406
6082,0,0,384,-459,-13,-136,-37,-88,-5,-291,-104,3
6083,1,1,-40,244,-87,-254,-94,-125,-82,-230,60,-245
6084,2,2,-254,90,544,258,-629,-498,-482,-10,195,-389
6085,3,3,-423,-88,-362,652,-320,27,-501,-53,172,-101
6086,4,4,-366,-258,-143,-167,498,-70,-254,64,-203,-30
6087,5,5,-178,-307,-304,74,-286,464,-53,-166,111,-86
6088,6,6,4,-405,-251,-83,-45,53,517,-521,-24,-297
6089,7,7,-190,-216,-127,76,-117,-275,-613,412,47,175
6090,8,8,-11,-602,47,106,-372,-27,1,-449,503,-42
6091,9,9,-19,-598,-207,84,-126,111,-307,-243,119,377
6092,1,1,-144,309,-86,-234,12,-193,-232,-84,3,-171
6093,2,2,-136,-8,430,130,-460,-440,-327,-108,287,-333
6094,6,6,45,-365,-216,-129,-121,25,545,-515,37,-417
6095,5,5,-316,-417,-364,42,-203,556,-47,-322,74,105
6096,3,3,-624,-68,-455,779,-308,143,-584,-123,64,-14
6097,0,0,416,-374,-78,-172,-372,9,69,-222,-55,-197
6098,7,7,-256,-131,-131,59,-129,-203,-597,353,39,170
6099,0,0,428,-404,26,-180,-276,-86,27,-237,-54,-141
6100,4,4,-307,-295,-88,-136,485,-147,-246,115,-279,-112
6101,1,1,-96,165,-247,-195,-78,79,-21,-249,73,-243
6102,4,4,-195,-149,-82,-332,565,-142,-151,5,-325,-277
6103,3,3,-661,-100,-461,814,-229,148,-538,-118,39,-45
6104,6,6,85,-439,-238,-151,-173,44,585,-527,49,-335
6105,7,7,-284,-194,-229,76,-88,-170,-603,410,64,186
6106,2,2,-151,168,604,110,-460,-548,-438,30,-6,-509
6107,3,3,-679,-61,-398,800,-355,123,-582,-72,82,-55
6108,1,1,-65,295,-133,-365,16,-173,-155,-148,6,-223
6109,2,2,-153,107,403,44,-227,-293,-313,137,-73,-373
6110,1,1,-50,216,-128,-231,-64,-147,-176,-184,71,-156
6111,2,2,-113,24,552,53,-548,-539,-392,34,201,-298
6112,9,9,-59,-644,-173,74,-53,28,-356,-144,98,408
6113,6,6,167,-540,-247,-80,-167,-7,476,-549,126,-221
6114,0,0,484,-427,-29,-152,-296,-132,47,-305,-84,-104
6115,1,1,-84,240,-175,-172,-37,-188,-262,-69,1,-131
6116,3,3,-585,-61,-440,732,-336,137,-565,-85,58,4
6117,0,0,437,-503,30,-125,-174,-164,-14,-344,-61,20
6118,2,2,-198,161,556,174,-585,-521,-479,71,41,-406
6119,7,7,-156,-218,-137,64,-122,-244,-567,406,51,150
6120,5,5,-232,-483,-289,-20,-182,469,32,-308,129,87
6121,7,7,-264,-174,-176,-44,41,-116,-517,425,-108,146
6122,6,6,14,-410,-282,-113,-96,78,557,-541,0,-317
6123,2,2,-170,119,610,134,-513,-528,-435,-8,76,-442
6124,9,9,-82,-603,-146,82,-66,24,-447,-99,20,438
6125,1,1,-167,301,-153,-238,36,-132,-189,-119,17,-140
6126,9,9,-131,-650,-209,106,-82,96,-372,-210,84,467
6127,0,0,462,-329,-127,-186,-431,21,18,-182,-119,-190
6128,6,6,54,-427,-221,-212,-114,54,602,-467,17,-402
6129,0,0,453,-324,-70,-263,-451,16,6,-152,-115,-160
6130,6,6,62,-430,-263,-179,-92,61,580,-529,22,-344
6131,0,0,453,-409,-25,-246,-315,-100,151,-312,-66,-117
6132,2,2,-144,85,644,92,-589,-581,-427,9,149,-422
6133,0,0,493,-382,-90,-175,-375,-40,55,-270,-131,-153
6134,6,6,-23,-438,-232,-52,-122,78,510,-538,82,-329
6135,1,1,-40,271,-82,-331,-16,-165,-112,-181,0,-239
6136,5,5,-290,-251,-428,116,-270,526,-150,-126,77,-41
6137,8,8,-78,-599,138,62,-271,-150,27,-485,551,-16
6138,4,4,-298,-84,-157,-395,644,-95,-165,-43,-255,-293
6139,3,3,-520,93,-148,661,-487,-95,-567,-16,146,-206
6140,0,0,377,-399,-46,-224,-236,-26,68,-181,-48,-155
6141,1,1,-99,324,-124,-285,2,-166,-192,-82,-35,-195
6142,5,5,-269,-308,-320,14,-198,508,-35,-226,108,-28
6143,4,4,-224,-141,-169,-301,558,-142,-136,11,-235,-302
6144,4,4,-107,-144,-91,-337,501,-150,-123,9,-319,-269
6145,8,8,-67,-524,-106,46,-359,8,-65,-334,519,110
6146,5,5,-318,-457,-407,-40,-279,586,28,-400,241,87
6147,7,7,-325,-122,-164,4,6,-196,-597,422,-56,169
6148,5,5,-363,-336,-429,101,-242,586,-105,-292,95,79
6149,7,7,-197,-139,-180,19,-74,-210,-541,381,33,130
6150,8,8,-86,-573,178,72,-404,-115,32,-410,588,-120
6151,3,3,-737,-44,-422,832,-302,145,-580,-108,56,-60
6152,4,4,-338,-77,-155,-320,603,-120,-255,23,-257,-178
6153,8,8,-99,-506,157,159,-486,-95,-106,-335,504,-65
6154,8,8,-33,-547,-28,126,-467,47,-22,-389,489,-33
6155,5,5,-407,-369,-415,55,-218,599,-4,-462,97,83
6156,2,2,-69,123,624,-10,-340,-473,-285,-9,-90,-575
6157,9,9,55,-595,-117,63,-128,11,-279,-176,114,318
6158,7,7,-291,-66,-163,112,-154,-200,-619,394,-2,103
6159,1,1,-62,276,-82,-286,-31,-161,-144,-149,-7,-213
6160,3,3,-662,-83,-101,721,-513,-44,-655,-14,282,-108
6161,8,8,108,-665,121,80,-261,-197,-20,-443,384,45
6162,1,1,-114,249,-171,-204,4,-99,-130,-118,-26,-192
6163,0,0,391,-429,-58,-195,-196,-28,103,-269,-59,-122
6164,7,7,-279,-134,-121,19,-50,-227,-606,445,-73,146
6165,5,5,-294,-360,-362,89,-339,548,-107,-363,92,123
6166,9,9,-129,-492,-215,220,-63,18,-369,-180,128,318
6167,6,6,-10,-388,-233,-103,-21,51,534,-499,-71,-358
6168,9,9,-120,-537,-194,138,60,-31,-350,-167,126,368
6169,4,4,-139,-219,-161,-392,529,-164,-84,-71,-222,-134
6170,7,7,-179,-155,-118,64,-130,-185,-545,327,11,156
6171,7,7,-180,-192,-90,87,-144,-237,-616,377,-4,164
6172,9,9,21,-586,-102,7,-144,93,-171,-303,115,295
6173,9,9,13,-486,-68,55,48,-152,-292,-106,149,206
6174,3,3,-658,-34,-423,720,-320,276,-389,-189,72,-205
6175,4,4,-220,-154,-190,-311,528,-111,-144,31,-237,-220
6176,4,4,-305,-280,-52,-150,449,-97,-157,63,-223,-187
6177,3,3,-664,-52,-365,806,-438,142,-616,-29,63,-94
6178,8,8,0,-513,192,85,-396,-135,-24,-407,455,-113
6179,6,6,3,-478,-235,-82,-125,134,461,-540,82,-239
6180,2,2,-165,194,513,105,-393,-447,-450,87,-90,-441
6181,0,0,339,-360,-173,-96,-178,-11,-109,-132,-73,-23
6182,1,1,-109,334,-132,-272,9,-176,-230,-50,-72,-170
6183,2,2,-125,71,548,30,-211,-390,-344,-47,-67,-397
6184,3,3,-592,-209,-209,697,-265,-19,-676,-89,146,153
6185,4,4,-380,-63,-273,-308,608,-135,-328,-39,-81,-27
6186,5,5,-388,-256,-371,35,-318,534,-196,-402,123,219
6187,6,6,40,-284,-209,-251,32,31,488,-444,-101,-356
6188,7,7,-94,-233,-133,-7,-71,-202,-486,323,20,144
6189,8,8,-198,-280,-47,17,-173,-90,-84,-309,540,-82
6190,9,9,-241,-477,-225,60,39,-41,-448,-35,94,484
6191,0,0,395,-344,-21,-163,-280,-114,-102,-105,-61,-95
6192,1,1,-103,321,-181,-302,34,-114,-113,-107,-56,-227
6193,2,2,-109,87,486,40,-230,-322,-349,-33,-117,-345
6194,3,3,-500,-283,-216,588,-143,103,-519,-152,103,146
6195,4,4,-361,-182,-129,-227,592,-171,-320,-57,-110,10
6196,5,5,-277,-400,-326,47,-246,493,-44,-405,77,137
6197,6,6,-9,-430,-194,-129,-45,25,544,-462,44,-360
6198,7,7,-140,-131,-201,-128,-48,-129,-426,418,-75,45
6199,8,8,-310,-339,-32,197,-313,-65,-202,-265,666,-95
6200,9,9,-285,-462,-141,80,80,-43,-511,51,10,421
6201,0,0,455,-297,21,-166,-287,-159,-25,-258,-133,-141
6202,1,1,-90,345,-118,-340,59,-186,-165,-92,-67,-222
6203,2,2,-177,78,531,110,-330,-459,-593,95,-11,-254
6204,3,3,-233,-329,-128,498,-329,-1,-469,-141,185,104
6205,4,4,-337,-178,-238,-198,539,-166,-337,-69,-15,93
6206,5,5,-306,-324,-334,119,-362,582,-184,-321,35,96
6207,6,6,-8,-417,-194,-115,-38,41,523,-522,42,-319
6208,7,7,-126,-126,-77,31,-143,-231,-512,319,0,95
6209,8,8,-216,-367,-82,64,-231,-90,-246,-295,578,128
6210,9,9,-162,-536,-237,56,18,-58,-390,28,71,432
6211,0,0,469,-309,-12,-218,-365,-103,4,-203,-115,-210
6212,8,8,-229,-333,-78,154,-281,-98,-251,-209,578,61
6213,3,3,-557,-176,-334,663,-376,214,-448,-179,116,27
6214,9,9,-308,-311,-277,10,148,-77,-477,4,78,459
6215,5,5,-209,-267,-257,53,-216,403,-153,-242,-47,118
6216,5,5,-294,-292,-326,39,-280,539,-81,-369,-29,102
6217,2,2,-146,-10,555,63,-333,-405,-375,-27,116,-325
6218,6,6,60,-298,-227,-217,-2,38,465,-382,-122,-272
6219,8,8,-210,-253,-92,94,-259,-81,-201,-247,528,18
6220,4,4,-276,-153,-135,-241,557,-130,-289,-59,-183,-13
6221,9,9,-281,-391,-211,66,68,-107,-475,21,113,454
6222,1,1,-117,344,-116,-287,69,-175,-215,-40,-110,-189
6223,7,7,-133,-115,-174,-106,-46,-170,-462,398,-62,76
6224,1,1,-116,324,-156,-257,34,-203,-231,-10,-72,-155
6225,2,2,-196,68,462,108,-130,-339,-348,-13,-55,-379
6226,3,3,-478,-76,-141,583,-196,4,-609,-12,-99,39
6227,5,5,-401,-221,-528,300,-189,443,-327,-218,63,130
6228,9,9,-372,-443,-120,84,63,-65,-558,75,50,443
6229,6,6,-3,-332,-204,-130,6,36,480,-435,-74,-353
6230,9,9,-324,-490,-248,66,70,9,-457,-58,86,505
6231,1,1,-105,308,-126,-234,-5,-183,-227,-18,-36,-163
6232,1,1,-84,292,-142,-263,-42,-174,-240,-22,-24,-131
6233,1,1,-73,293,-140,-341,50,-196,-206,-35,-46,-144
6234,2,2,-262,121,419,207,-305,-351,-510,39,33,-270
6235,9,9,-271,-398,-192,59,87,-111,-563,137,3,423
6236,5,5,-208,-331,-312,-68,-328,526,-105,-262,103,97
6237,6,6,11,-335,-179,-222,1,34,496,-378,-14,-314
6238,8,8,-196,-274,44,31,-281,-41,-27,-312,542,-184
6239,1,1,-138,334,-102,-321,31,-229,-269,-5,-27,-159
6240,2,2,-147,122,518,56,-265,-426,-537,68,-43,-295
6241,0,0,433,-232,21,-207,-297,-141,-57,-220,-159,-217
6242,7,7,-145,-163,-201,-123,-8,-84,-411,403,-162,95
6243,7,7,-230,-158,-363,-192,37,26,-361,422,-171,42
6244,5,5,-259,-257,-383,89,-282,524,-194,-163,-20,68
6245,8,8,-186,-327,-141,90,-257,-37,-222,-245,543,55
6246,2,2,-171,32,557,55,-175,-328,-311,-64,-57,-423
6247,9,9,-259,-477,-189,80,37,-111,-539,71,109,451
6248,8,8,-224,-331,-33,121,-333,-95,-292,-251,587,80
6249,9,9,-245,-496,-130,108,5,-135,-517,19,154,436
6250,0,0,402,-281,-70,-145,-263,-58,-1,-263,-141,-148
6251,4,4,-273,-70,-119,-258,502,-120,-320,50,-205,-75
6252,6,6,0,-330,-257,-169,7,57,496,-394,-62,-269
6253,7,7,-123,-138,-83,3,-119,-215,-499,350,-21,105
6254,1,1,-136,338,-180,-292,72,-198,-207,-16,-68,-179
6255,3,3,-379,-237,-141,542,-250,32,-499,-195,120,126
6256,4,4,-308,-108,-216,-211,471,-65,-301,59,-217,-45
6257,5,5,-373,-444,-416,37,-261,647,-121,-386,30,227
6258,6,6,-25,-343,-179,-137,-20,21,512,-488,30,-370
6259,0,0,469,-314,-100,-167,-315,-54,-9,-242,-189,-52
6260,3,3,-476,-219,-136,541,-237,-17,-600,-174,207,168
6261,6,6,11,-305,-211,-222,-10,51,536,-488,-32,-381
6262,8,8,-215,-327,-119,183,-301,-10,-246,-198,543,10
6263,7,7,-115,-125,-53,39,-165,-215,-586,404,-158,55
6264,0,0,381,-411,7,-107,-84,-206,-68,-272,-125,67
6265,4,4,-189,-111,-176,-220,421,-215,-298,-3,-57,-13
6266,2,2,-184,-19,466,96,-243,-277,-388,-85,74,-225
6267,7,7,-160,-70,-102,-9,-65,-254,-499,373,-44,72
6268,4,4,-188,-148,-151,-254,505,-181,-261,-59,-168,-11
6269,7,7,-142,-161,-252,-158,19,-168,-468,453,-88,76
6270,5,5,-270,-402,-395,16,-251,558,-98,-297,52,159
6271,4,4,-359,-178,-213,-182,502,-141,-389,-15,-41,156
6272,3,3,-530,-136,-266,655,-290,-5,-531,-154,177,60
6273,4,4,-53,-208,-124,-180,343,-220,-198,35,-214,-46
6274,2,2,-106,58,605,2,-322,-380,-460,-10,-30,-311
6275,8,8,-171,-327,32,82,-249,-182,-263,-214,557,59
6276,1,1,-115,345,-129,-363,56,-184,-158,-75,-42,-221
6277,5,5,-236,-270,-262,64,-311,476,-87,-318,-13,40
6278,1,1,-150,330,-69,-270,86,-224,-266,-14,-111,-167
6279,2,2,-207,106,507,67,-123,-389,-392,112,-107,-437
6280,0,0,461,-364,-24,-180,-301,-127,-7,-236,-106,-76
6281,2,2,-271,38,591,72,-246,-339,-425,-8,49,-334
6282,5,5,-290,-312,-319,-63,-289,520,20,-417,132,78
6283,6,6,33,-303,-208,-176,12,52,458,-468,-72,-312
6284,4,4,-181,-105,-150,-250,446,-128,-235,-31,-186,-31
6285,3,3,-380,-161,-142,659,-402,30,-536,-40,16,-69
6286,0,0,373,-350,24,-127,-112,-223,-93,-218,-80,-41
6287,0,0,369,-285,-31,-140,-207,-170,-181,-92,-88,-82
6288,0,0,405,-359,-2,-120,-219,-165,-68,-233,-69,-71
6289,3,3,-495,-172,-255,671,-361,74,-610,-87,77,92
6290,3,3,-403,-177,-24,561,-299,7,-492,-71,60,-48
6291,5,5,-187,-319,-317,23,-296,495,-44,-279,2,5
6292,7,7,-90,-148,-65,51,-126,-274,-546,375,-69,85
6293,0,0,440,-334,23,-167,-233,-169,-42,-281,-128,-83
6294,6,6,-30,-247,-86,-241,-2,-9,442,-397,52,-366
6295,4,4,-291,-16,-235,-276,512,-130,-313,24,-166,-79
6296,8,8,-222,-380,-107,69,-313,5,-182,-286,576,87
6297,8,8,-320,-301,-32,156,-221,-70,-145,-207,592,-123
6298,6,6,-40,-286,-209,-128,-32,56,473,-439,-16,-399
6299,3,3,-555,-56,-279,640,-208,111,-638,-85,-127,115
6300,4,4,-295,-229,-123,-142,482,-156,-381,29,-162,118
6301,6,6,148,-390,-311,-173,-33,-18,496,-462,-40,-216
6302,9,9,-235,-554,-213,60,42,-100,-453,-33,184,494
6303,9,9,-302,-493,-211,46,88,-87,-584,148,49,439
6304,8,8,-120,-295,-178,78,-308,44,-90,-260,428,3
6305,2,2,-62,-158,537,-23,-236,-256,-314,-93,77,-250
6306,7,7,-177,-130,-68,118,-146,-309,-631,364,-14,119
6307,7,7,-199,-141,-91,121,-167,-299,-684,436,-62,120
6308,1,1,-138,262,-159,-134,-4,-226,-309,8,-13,-96
6309,0,0,441,-368,-76,-153,-368,-22,21,-218,-83,-126
6310,1,1,-106,301,-87,-196,-17,-211,-266,-43,-56,-174
6311,2,2,-86,-63,584,11,-211,-264,-310,-87,-110,-367
6312,3,3,-635,-205,-67,611,-405,-28,-726,12,179,134
6313,4,4,-271,-105,-156,-352,603,-110,-180,51,-322,-300
6314,5,5,-226,-264,-294,12,-386,462,67,-468,80,-39
6315,6,6,37,-402,-297,-139,-10,42,529,-451,-31,-282
6316,7,7,-203,-149,33,132,-297,-225,-665,433,-164,73
6317,8,8,-201,-271,104,108,-237,-210,-298,-193,495,63
6318,9,9,-266,-481,-196,84,62,-107,-487,-33,89,516
6319,0,0,473,-324,-10,-247,-413,-55,91,-275,-138,-175
6320,1,1,-125,323,-112,-264,68,-244,-271,-25,-74,-148
6321,2,2,-16,20,613,-52,-251,-324,-263,-10,-187,-525
6322,3,3,-552,-83,-181,572,-121,46,-501,-81,-80,59
6323,4,4,-365,-230,-77,-184,533,-103,-294,19,-169,-35
6324,5,5,-307,-235,-253,-34,-148,419,127,-528,-27,12
6325,6,6,76,-349,-240,-215,-39,2,528,-420,-3,-342
6326,7,7,-207,-120,7,92,-302,-158,-629,466,-220,40
6327,8,8,-226,-279,120,-72,-192,-117,-156,-321,551,-33
6328,0,0,421,-312,47,-223,-300,-136,58,-243,-76,-172
6329,1,1,-86,337,-98,-360,73,-179,-160,-83,-65,-211
6330,2,2,-53,45,594,-27,-259,-289,-328,-30,-210,-418
6331,3,3,-297,-151,-68,514,-134,5,-387,-98,-217,-94
6332,4,4,-308,-253,-89,-231,560,-154,-284,50,-301,-44
6333,5,5,-350,-302,-346,19,-315,528,55,-557,89,73
6334,6,6,21,-340,-270,-141,-6,37,472,-431,6,-258
6335,7,7,-174,-210,-84,59,-198,-139,-539,463,-174,96
6336,8,8,-68,-377,105,30,-244,-178,-136,-223,462,32
6337,2,2,-120,86,511,16,-151,-311,-321,44,-162,-424
6338,1,1,-138,244,-120,-182,52,-120,-172,-21,-50,-86
6339,7,7,-215,-144,-83,60,-134,-151,-518,395,-99,101
6340,2,2,-64,-27,535,-28,-135,-246,-191,-124,-156,-432
6341,5,5,-218,-252,-151,20,-388,427,-84,-368,77,26
6342,0,0,458,-362,-16,-185,-359,-72,43,-250,-111,-121
6343,8,8,-149,-310,75,115,-307,-146,-183,-288,473,2
6344,0,0,415,-409,21,-143,-189,-137,3,-261,-114,-63
6345,2,2,-18,59,471,-13,-305,-228,-381,-46,-241,-276
6346,7,7,-195,-191,-137,18,-119,-112,-503,409,-101,134
6347,8,8,-107,-276,-44,1,-169,-12,59,-398,323,-96
6348,8,8,-185,-416,132,47,-384,-28,-39,-371,520,-61
6349,3,3,-436,-85,-130,615,-357,-69,-562,-102,58,16
6350,6,6,55,-379,-218,-147,-75,38,498,-453,12,-240
6351,0,0,399,-382,28,-204,-112,-193,139,-344,-109,-66
6352,2,2,51,-92,434,-45,-119,-207,-240,-133,-272,-272
6353,7,7,-190,-204,-149,-22,-105,-116,-435,446,-143,98
6354,6,6,105,-440,-249,-161,-103,30,517,-461,33,-237
6355,6,6,39,-371,-120,-219,-85,14,553,-570,72,-384
6356,1,1,-96,220,-67,-192,-42,-181,-259,-22,-13,-52
6357,2,2,-90,20,629,-55,-221,-255,-266,-90,-122,-465
6358,8,8,-287,-296,76,90,-222,-73,-114,-294,599,-208
6359,8,8,-208,-190,238,135,-495,-168,-230,-241,455,-121
6360,7,7,-200,-172,-256,-102,-73,-104,-414,579,-238,1
6361,7,7,-194,-124,-14,39,-182,-257,-590,462,-134,68
6362,4,4,-209,-87,-145,-264,482,-113,-212,39,-290,-183
6363,7,7,-135,-202,-207,-98,-108,-137,-420,524,-201,47
6364,7,7,-180,-242,-158,37,-154,-118,-523,444,-124,146
6365,3,3,-546,-92,-158,645,-364,16,-558,-95,45,23
6366,7,7,-160,-235,-138,56,-191,-65,-491,390,-131,146
6367,4,4,-399,-194,-43,-116,479,-35,-212,-20,-214,-129
6368,5,5,-227,-198,-264,40,-321,483,-135,-234,63,-6
6369,4,4,-324,-100,55,-201,506,-199,-235,51,-204,-330
6370,3,3,-311,-107,-17,492,-482,-95,-348,-121,103,-116
6371,3,3,-651,-102,-79,677,-451,-61,-684,-14,155,24
6372,8,8,-202,-327,65,99,-274,-111,-156,-303,519,-44
6373,4,4,-330,-168,-7,-231,489,-95,-114,57,-201,-414
6374,1,1,-79,302,-145,-312,36,-131,-150,-113,-48,-173
6375,1,1,-154,308,-59,-232,2,-186,-210,-86,33,-147
6376,9,9,-319,-249,-277,-25,133,24,-402,-103,5,429
6377,7,7,-153,-125,-141,-50,-83,-90,-389,344,-86,95
6378,4,4,-446,-159,-57,-162,520,-123,-314,157,-253,-161
6379,3,3,-588,-63,-125,612,-376,-58,-521,-34,132,5
6380,7,7,-64,-204,-82,-10,-253,-88,-432,351,-104,88
6381,3,3,-392,-83,-102,501,-387,-2,-484,-56,-37,-4
6382,3,3,-490,-127,-199,674,-410,-38,-676,-34,7,130
6383,0,0,403,-226,32,-249,-419,-61,7,-144,-112,-231
6384,2,2,-44,-126,507,6,-208,-193,-155,-184,-120,-375
6385,5,5,-257,-264,-201,-23,-215,461,-11,-372,-99,44
6386,5,5,-282,-316,-250,48,-267,511,-101,-329,7,60
6387,6,6,93,-343,-264,-209,1,-10,495,-458,-18,-267
6388,6,6,61,-526,-245,-144,-16,61,467,-397,54,-270
6389,3,3,-493,-108,-154,602,-160,7,-529,-15,-41,-25
6390,5,5,-210,-287,-158,16,-241,393,-148,-248,13,86
6391,2,2,109,-395,259,-34,33,-152,-109,-244,-112,-104
6392,5,5,-127,-310,-84,-78,-179,324,10,-248,87,-55
6393,9,9,-301,-227,-164,-31,208,-78,-375,-35,-63,357
6394,9,9,-322,-441,-169,114,71,-57,-521,-23,37,492
6395,8,8,-76,-464,110,161,-355,-161,-205,-200,468,61
6396,4,4,-280,-142,-109,-181,475,-195,-193,19,-120,-178
6397,1,1,-157,286,-128,-216,54,-122,-188,-47,-66,-108
6398,0,0,349,-306,-27,-178,-348,-6,-61,-60,-52,-138
6399,6,6,15,-318,-234,-175,-46,65,470,-334,-37,-281
6400,0,0,272,-259,29,-184,50,-240,-11,-221,-161,-113
6401,9,9,-246,-254,-175,-8,114,-118,-451,32,37,389
6402,6,6,88,-393,-314,-102,-72,21,488,-417,29,-312
6403,8,8,-112,-313,1,-48,-254,0,80,-253,465,-149
6404,8,8,-195,-382,132,10,-227,-105,-121,-318,498,20
6405,5,5,-375,-260,-301,43,-251,498,48,-506,74,20
6406,6,6,61,-413,-156,-236,-144,63,530,-476,134,-338
6407,1,1,-103,318,-131,-268,18,-201,-244,-8,-81,-135
6408,1,1,-148,272,-146,-206,49,-110,-185,-103,9,-94
6409,9,9,-325,-358,-31,97,88,-68,-418,-72,35,384
6410,8,8,-123,-428,93,79,-285,-151,-74,-382,503,7
6411,9,9,-240,-283,-150,-2,145,-100,-436,46,-47,366
6412,2,2,44,-30,534,-62,-358,-213,-239,-120,-204,-371
6413,3,3,-375,-81,-155,630,-341,-51,-661,-36,-120,59
6414,5,5,-360,-268,-358,61,-290,563,-130,-384,129,85
6415,5,5,-326,-230,-418,82,-357,603,-101,-349,85,14
6416,9,9,-97,-294,-100,49,-36,42,-311,-39,-59,286
6417,4,4,-235,-81,-115,-192,409,-156,-133,36,-127,-259
6418,2,2,-326,-2,356,74,-37,-95,-303,125,-101,-347
6419,1,1,-142,296,-66,-201,12,-193,-266,-6,-68,-112
6420,9,9,-286,-247,-229,-27,136,8,-375,-79,-23,405
6421,3,3,-187,-98,106,350,-379,-122,-310,-100,-36,-137
6422,9,9,-279,-279,-105,40,74,-71,-509,75,-39,368
6423,2,2,-85,10,583,-47,-165,-242,-217,-100,-156,-497
6424,0,0,408,-415,78,-216,-234,-192,147,-309,-22,-104
6425,6,6,107,-324,-123,-208,-146,-38,429,-403,137,-351
6426,0,0,340,-372,26,-165,-122,-113,112,-300,-158,-86
6427,4,4,-344,-67,-185,-277,547,-121,-268,25,-203,-89
6428,0,0,346,-363,45,-141,-143,-139,75,-260,-126,-99
6429,0,0,393,-271,-4,-172,-332,-130,-50,-166,-58,-132
6430,1,1,-86,348,-25,-337,15,-246,-198,-87,-44,-260
6431,2,2,-112,-4,515,50,-257,-356,-392,-60,7,-271
6432,3,3,-544,-112,-155,596,-226,-134,-709,-47,113,200
6433,4,4,-172,-35,-63,-289,496,-190,-156,-26,-225,-280
6434,7,7,-126,0,-290,-233,40,-132,-332,319,-89,-69
6435,8,8,-58,-372,25,103,-245,-200,-211,-171,460,85
6436,9,9,-257,-410,-172,104,99,-175,-508,23,126,448
6437,0,0,371,-291,-27,-156,-293,-91,-80,-138,-66,-100
6438,1,1,-139,360,-83,-337,63,-238,-222,-40,-51,-219
6439,2,2,-211,36,565,123,-370,-430,-505,0,90,-260
6440,3,3,-544,-102,-278,687,-281,51,-643,-132,24,114
6441,7,7,-148,-70,-257,-161,9,-122,-402,412,-147,10
6442,8,8,-118,-381,-14,98,-235,-156,-249,-220,500,125
6443,9,9,-208,-404,-165,-5,150,-118,-451,47,-12,434
6444,0,0,398,-366,44,-204,-161,-163,17,-296,-118,-36
6445,1,1,-113,367,6,-356,18,-287,-260,-61,-5,-234
6446,2,2,-155,22,436,93,-270,-332,-401,-16,63,-227
6447,3,3,-364,-125,-224,565,-241,32,-568,-76,-36,95
6448,4,4,-149,-7,-58,-336,478,-248,-268,31,-216,-182
6449,7,7,-154,-28,-243,-176,51,-193,-430,369,-71,9
6450,8,8,-228,-142,24,-50,-107,-202,-312,-242,500,11
6451,9,9,-237,-480,-254,25,127,-58,-495,101,-32,451
6452,7,7,-164,-139,-315,-179,63,-64,-309,372,-141,30
6453,3,3,-385,-117,-216,562,-305,55,-513,-123,19,64
6454,0,0,399,-233,76,-251,-201,-284,-85,-204,-94,-140
6455,3,3,-520,-150,-208,609,-152,80,-486,-76,-28,37
6456,1,1,-113,350,-66,-335,71,-238,-219,-35,-72,-214
6457,8,8,-140,-304,-13,73,-168,-214,-305,-144,445,157
6458,7,7,-105,35,-243,-205,13,-169,-374,331,-107,-80
6459,6,6,-1,-377,-150,-79,-37,25,446,-518,77,-360
6460,4,4,-263,60,-227,-125,434,-192,-219,-107,-33,-304
6461,0,0,407,-302,56,-191,-130,-211,-5,-283,-149,-101
6462,2,2,-196,28,581,98,-390,-400,-394,-21,92,-323
6463,6,6,-3,-348,-130,-105,-31,44,448,-549,31,-383
6464,8,8,-145,-354,73,135,-240,-234,-342,-87,479,118
6465,3,3,-321,-50,-180,579,-382,82,-527,-61,-87,-60
6466,2,2,-152,66,615,83,-489,-426,-490,37,9,-335
6467,8,8,-153,-320,-25,32,-226,-125,-287,-187,501,140
6468,1,1,-140,314,19,-315,97,-317,-289,-17,-67,-204
6469,2,2,-208,127,538,73,-282,-433,-489,61,9,-322
6470,0,0,346,-289,21,-187,-122,-230,-146,-176,-62,-84
6471,7,7,-184,-20,-236,-108,9,-66,-352,314,-83,-4
6472,1,1,-137,372,-95,-387,72,-232,-178,-77,-25,-248
6473,0,0,381,-263,73,-228,-169,-227,-111,-178,-114,-143
6474,4,4,-147,-8,-93,-148,301,-152,-99,10,-167,-311
6475,4,4,-82,-95,-57,-296,464,-251,-223,40,-243,-240
6476,5,5,-348,-330,-296,-19,-230,550,-33,-305,109,68
6477,8,8,-95,-386,-57,67,-200,-210,-249,-152,508,159
6478,0,0,382,-226,24,-187,-169,-191,-98,-188,-125,-122
6479,6,6,-31,-408,-206,-140,-29,97,520,-487,43,-408
6480,2,2,-47,75,454,-86,4,-446,-257,13,-91,-491
6481,3,3,-499,-172,-177,553,-118,14,-541,-122,97,84
6482,1,1,-122,340,-136,-295,31,-215,-233,-62,-29,-175
6483,5,5,-405,-385,-430,109,-197,583,-90,-374,48,167
6484,1,1,-101,324,-83,-325,56,-213,-185,-59,-55,-217
6485,8,8,-2,-295,-6,3,-259,-165,-120,-256,398,51
6486,5,5,-379,-276,-330,92,-141,470,-117,-263,31,142
6487,9,9,-132,-464,-153,35,129,-122,-392,-30,-9,429
6488,4,4,-130,6,-85,-247,392,-227,-232,58,-186,-234
6489,0,0,419,-296,82,-188,-214,-253,-77,-242,-92,-113
6490,7,7,-150,-83,-259,-126,22,-151,-394,382,-23,-21
6491,5,5,-343,-403,-352,86,-167,509,-107,-273,3,183
6492,8,8,-14,-389,67,87,-228,-249,-171,-162,432,49
6493,8,8,-138,-324,20,63,-128,-203,-244,-210,464,108
6494,3,3,-379,-157,-167,545,-226,57,-503,-113,-5,48
6495,8,8,-42,-295,-40,9,-74,-190,-285,-33,312,73
6496,9,9,-209,-431,-189,77,126,-143,-485,1,34,451
6497,2,2,-146,43,540,25,-253,-405,-419,-43,88,-295
6498,6,6,-76,-357,-169,-48,-22,113,449,-562,21,-441
6499,2,2,-239,80,495,123,-258,-428,-520,22,110,-297
6500,5,5,-377,-291,-330,0,-146,529,-107,-228,51,94
6501,3,3,-443,-193,-182,567,-189,83,-500,-104,-2,48
6502,1,1,-128,356,-9,-351,61,-312,-294,-48,-41,-197
6503,7,7,-178,-79,-290,-122,16,-88,-399,389,-97,25
6504,3,3,-580,47,-167,639,-403,-124,-738,9,17,49
6505,9,0,180,-396,35,-74,38,-264,-176,-162,26,152
6506,1,1,-188,388,-65,-297,89,-246,-248,-57,-40,-233
6507,9,9,-60,-525,-79,76,-4,-138,-244,-105,58,385
6508,9,9,-314,-425,-203,57,94,-62,-510,-2,84,485
6509,6,6,-18,-396,-202,-144,-42,60,560,-575,33,-396
6510,0,0,407,-281,160,-195,-226,-278,-10,-240,-82,-181
6511,3,3,-244,-214,-262,497,-333,129,-382,-216,86,32
6512,9,9,-82,-529,-192,54,96,-116,-286,-88,58,442
6513,2,2,-157,110,494,-48,-216,-305,-440,-47,19,-250
6514,8,8,-183,-309,54,45,-107,-240,-314,-171,490,122
6515,1,1,-96,337,-7,-340,6,-264,-225,-84,-1,-228
6516,4,4,-295,23,-156,-292,564,-181,-266,27,-196,-282
6517,3,3,-121,-130,-46,338,-185,68,-356,-172,-157,-67
6518,5,5,-379,-330,-368,4,-115,501,-96,-274,52,172
6519,2,2,-143,-8,560,19,-272,-369,-323,-93,62,-312
6520,9,9,-229,-441,-157,102,99,-94,-422,-37,12,438
6521,2,2,-275,109,579,152,-418,-475,-571,105,82,-335
6522,5,5,-324,-249,-374,-6,-114,493,-103,-131,44,35
6523,8,8,-48,-336,-56,89,-79,-219,-274,-75,296,182
6524,9,9,-239,-483,-209,87,61,-67,-482,-4,94,464
6525,5,5,-474,-308,-377,84,-221,590,-133,-362,109,135
6526,0,0,342,-325,-147,-183,-236,43,78,-177,-86,-72
6527,1,1,-115,322,-6,-259,27,-313,-332,20,-83,-183
6528,2,2,-219,130,393,-25,30,-324,-205,-53,-67,-564
6529,4,4,-182,-365,-42,-127,380,-129,-92,-31,-160,-108
6530,5,5,-265,-271,-325,110,-112,352,-151,-92,53,57
6531,6,6,61,-325,-130,-128,-63,-21,369,-309,56,-161
6532,0,0,210,-142,-198,-105,-433,175,-231,167,-203,-117
6533,1,1,-113,309,-108,-269,75,-187,-202,-35,-73,-154
6534,2,2,-146,136,532,-2,-295,-322,-352,122,-151,-421
6535,3,3,-622,-187,-298,580,-173,71,-656,87,16,157
6536,4,4,-391,-130,-109,-170,501,-82,-251,-45,-98,-56
6537,5,5,-333,-362,-253,57,-186,450,-28,-343,79,134
6538,6,6,-109,-291,-20,56,-25,33,222,-239,-27,-237
6539,7,7,-145,-244,-112,88,-141,-87,-519,340,-123,174
6540,1,1,-222,231,-140,-143,62,-122,-254,8,-57,-10
6541,2,2,-56,154,479,-60,-175,-319,-276,28,-197,-454
6542,3,3,-482,-148,-250,413,-75,121,-406,120,-172,46
6543,4,4,-433,-151,182,-17,350,-169,-278,90,-182,-264
6544,5,5,-479,-172,-426,196,-112,462,-145,-358,-22,155
6545,1,1,-82,265,-128,-279,80,-208,-213,-111,-44,-145
6546,0,0,233,-309,-84,-141,-125,20,-50,-73,-54,40
6547,4,4,-65,-271,-181,-203,350,-183,-61,-59,-94,-77
6548,5,5,-253,-73,-230,116,-324,384,-137,-212,-69,-64
6549,6,6,54,-246,-95,-174,0,8,312,-246,-183,-220
6550,6,6,-30,-314,-148,-180,-32,18,502,-468,80,-376
6551,3,3,-559,-94,-233,584,-122,74,-451,-63,-44,53
6552,4,4,-54,-167,-70,-145,317,-207,-110,-53,-118,-115
6553,4,4,-283,-277,-70,-47,268,-13,-33,-107,-84,-48
6554,2,2,-117,-77,340,3,-200,-113,-188,-38,19,-188
6555,8,8,-145,-388,-121,132,-177,-66,-423,119,218,215
6556,1,1,-159,245,-132,-169,86,-217,-286,29,-87,-69
6557,0,0,247,-250,201,-5,-303,-215,-74,-210,21,-169
6558,6,6,-54,-89,-5,2,-51,31,121,-240,1,-199
6559,4,7,-421,-190,132,71,162,-62,-258,191,-165,-184
6560,9,9,-177,-169,-168,-37,-29,149,-141,-84,56,156
6561,7,7,-143,-40,-34,94,-154,-90,-347,149,-24,64
6562,2,2,-93,-37,387,6,-150,-213,-128,-23,-75,-340
6563,3,3,-462,-117,-132,442,-61,9,-438,67,-120,43
6564,3,3,-320,-108,-110,269,-87,36,-386,53,-116,119
6565,9,9,-343,-408,-196,114,98,47,-404,-36,-8,380
6566,2,2,-147,-9,405,-18,16,-278,-174,-112,-84,-453
6567,0,0,327,-345,0,-160,-146,-89,-37,-129,-95,4
6568,9,9,-298,-200,-83,75,7,9,-306,-43,78,244
6569,3,3,-318,-99,80,236,-152,26,-319,23,2,-1
6570,3,3,-405,-115,-135,317,-71,52,-376,13,-48,144
6571,9,9,-108,-135,-112,100,-75,5,-235,58,-31,133
6572,1,8,-136,37,-50,34,-92,-16,-111,26,50,-17
6573,5,5,-408,-199,-262,192,-246,461,-225,-256,-9,127
6574,2,2,-46,-210,297,-43,-37,-151,52,-153,-41,-357
6575,3,3,-384,-157,-121,334,-76,101,-325,77,-163,34
6576,7,1,-99,132,-54,-49,-42,-135,-207,60,-34,-54
6577,7,7,-150,-38,21,21,-182,-167,-356,192,54,40
6578,8,8,-212,-200,-134,137,-249,77,-78,-219,273,44
6579,4,4,-377,-169,-7,-32,339,-74,-248,62,-157,-61
6580,0,0,358,-259,-71,-142,-370,19,-150,16,-191,-48
6581,2,2,-227,236,428,110,-211,-332,-409,132,-230,-453
6582,4,4,-104,-54,-155,-391,443,-180,-131,-127,-127,-102
6583,0,0,412,-344,-152,-147,-366,13,2,-133,-103,-117
6584,2,2,-89,-6,349,115,-235,-244,-387,122,-153,-207
6585,4,4,-267,-111,-154,-234,498,-69,-185,-47,-213,-128
6586,7,7,-183,-77,-31,92,-140,-263,-569,359,-92,87
6587,8,8,-69,-264,-113,88,-268,-121,-245,-130,414,124
6588,0,0,320,-178,-10,-167,-290,-155,-198,-22,-103,-113
6589,7,7,-204,-64,140,150,-295,-292,-684,384,-159,-17
6590,0,0,266,-203,-99,-178,-424,127,-187,91,-117,-105
6591,6,6,3,-401,-118,-101,-71,50,394,-274,-16,-230
6592,9,9,-86,-218,-117,-69,116,-29,-108,-62,-31,176
6593,3,3,-462,-135,-75,383,-119,-12,-468,73,-43,107
6594,2,2,-197,127,524,83,-175,-343,-421,169,-223,-457
6595,8,8,-302,-250,-126,205,-110,-134,-340,-144,437,125
6596,6,6,-114,-245,-32,0,-91,36,299,-275,45,-237
6597,0,7,-2,-157,2,115,-258,-103,-483,168,-108,76
6598,5,5,-52,-168,-129,181,-221,214,-117,-185,-147,-122
6599,7,9,-208,-102,-175,70,-42,-79,-397,146,-9,199
6600,5,5,-418,-208,-167,100,-66,402,-123,-254,31,64
6601,1,1,-108,356,-36,-345,56,-247,-259,-46,-80,-194
6602,0,0,302,-276,28,-146,-486,30,-222,63,-56,-158
6603,8,8,-9,-420,-143,61,-156,-91,-325,114,247,123
6604,1,1,-83,289,-100,-284,23,-144,-131,-81,-29,-197
6605,6,6,-16,-14,-147,-165,10,68,211,-264,-105,-243
6606,7,7,-122,-135,-141,-31,-53,-82,-371,366,-93,38
6607,2,2,-23,-107,352,-61,-19,-240,-174,-72,-33,-262
6608,9,9,-140,-316,-321,13,18,163,-131,-61,-36,245
6609,7,7,-173,-37,-81,50,-72,-155,-431,215,-29,97
6610,9,9,-175,-391,-201,28,-26,132,-124,-161,65,296
6611,5,5,-168,-137,-242,29,-125,301,-100,-66,56,-9
6612,8,8,-152,-314,4,203,-351,-177,-280,-88,435,96
6613,6,6,-32,-342,-38,4,-32,3,222,-132,-54,-204
6614,2,2,19,-66,308,-44,-269,-153,-403,212,-159,-179
6615,6,6,-9,-190,-105,-127,-59,18,322,-225,-22,-303
6616,2,2,-3,-15,540,9,-212,-361,-344,43,-196,-391
6617,8,8,-162,-201,201,236,-370,-343,-363,5,341,-22
6618,1,1,-87,184,-46,-192,36,-126,-119,-47,-6,-111
6619,7,7,-98,-108,-152,-189,35,-199,-474,407,-192,62
6620,5,5,-242,-156,-243,15,-144,384,-166,-113,61,11
6621,0,0,186,-202,-19,-76,-233,-71,-305,74,-98,-17
6622,1,1,-146,223,-112,-135,47,-212,-265,28,-32,-58
6623,1,1,-87,148,-92,-155,-10,-72,-91,-38,18,-98
6624,3,3,-501,-112,-280,499,-159,206,-384,-64,-45,53
6625,8,8,-207,-22,107,135,-150,-198,-191,45,164,-123
6626,4,4,-375,-50,-102,-122,413,-129,-386,9,-150,52
6627,9,9,-215,-273,-178,4,60,87,-171,-77,15,255
6628,1,1,-142,193,-127,-151,4,-114,-231,3,-44,7
6629,8,8,-273,-259,173,176,-568,-12,-250,-130,497,-105
6630,6,6,-21,-294,-157,-158,-70,73,482,-399,-30,-348
6631,8,8,1,-300,-3,42,-181,-113,-100,-211,324,49
6632,9,9,-156,-129,-126,-33,-33,84,-126,-51,12,163
6633,0,0,414,-289,72,-222,-237,-292,-34,-242,-62,-139
6634,1,1,-150,337,-152,-255,78,-187,-214,-4,-78,-188
6635,2,2,-224,5,435,161,-289,-376,-448,46,124,-213
6636,3,3,-275,-227,-150,402,-374,83,-502,-12,76,86
6637,4,4,-115,21,-59,-271,365,-107,-123,-67,-200,-181
6638,5,5,-278,-353,-243,10,-124,413,-53,-284,22,170
6639,6,6,17,-355,-216,-166,-67,65,495,-479,64,-291
6640,7,7,-137,-208,-73,88,-143,-209,-556,338,-39,164
6641,8,8,-137,-382,-124,-38,-229,188,36,-356,379,-31
6642,9,9,-261,-290,-272,-94,110,100,-255,-66,7,386
6643,0,0,193,-43,-10,-306,-43,-161,-101,-90,-78,-174
6644,1,1,-144,297,-92,-292,98,-194,-177,-37,-33,-161
6645,2,2,-276,-52,334,190,-181,-299,-394,-10,135,-116
6646,3,3,-252,-199,-187,543,-348,-47,-504,-104,84,98
6647,4,4,-244,-43,-176,-235,457,-76,-223,-16,-189,-130
6648,7,7,-188,-135,10,154,-230,-258,-635,353,-72,85
6649,8,8,-129,-436,-42,62,-271,-9,-68,-315,506,46
6650,9,9,-210,-382,-179,21,95,-87,-392,17,88,382
6651,0,8,-13,-75,-65,-111,-87,-20,-37,-106,94,-111
6652,1,1,-207,356,-64,-281,113,-275,-278,-22,-24,-203
6653,7,7,-193,-169,-75,107,-137,-237,-622,361,-19,142
6654,8,8,-324,-337,-32,-15,-148,79,-65,-366,480,30
6655,9,9,-216,-454,-151,91,56,-157,-471,26,104,429
6656,9,9,-232,-398,-160,98,87,-139,-438,-9,76,424
6657,8,8,-103,-290,-91,-87,-292,108,-9,-276,424,-20
6658,9,9,-261,-446,-244,48,130,-57,-431,-25,70,474
6659,8,8,-26,-357,-136,-19,-223,0,-71,-205,390,87
6660,4,4,-172,-71,-135,-244,436,-152,-213,-21,-137,-120
6661,1,1,-215,302,-90,-312,112,-280,-289,-43,64,-208
6662,7,7,-26,-197,96,60,-407,-52,-553,248,-95,20
6663,7,7,-235,-137,-23,176,-271,-238,-700,389,-87,89
6664,3,3,-363,-79,-58,478,-366,10,-548,12,7,-19
6665,3,3,-589,0,-116,658,-407,-48,-799,129,-69,44
6666,7,7,-126,-195,-113,78,-97,-148,-495,293,-33,154
6667,6,6,61,-332,-163,-241,-150,133,433,-444,76,-320
6668,6,6,66,-366,-72,-160,-114,62,361,-446,144,-270
6669,6,6,59,-374,-105,-133,-103,69,359,-439,116,-216
6670,1,1,-172,347,-131,-348,107,-223,-197,-37,-23,-205
6671,9,9,-200,-402,-209,84,66,-121,-431,7,75,423
6672,0,0,321,-424,76,-106,-37,-247,-122,-206,-24,23
6673,1,1,-183,304,-181,-349,95,-185,-178,-52,30,-183
6674,7,7,-121,-200,-138,37,-87,-135,-482,336,-61,143
6675,6,6,12,-383,-95,-42,-144,29,399,-516,154,-317
6676,3,3,-464,-71,-101,544,-270,4,-539,22,24,-40
6677,2,2,-198,51,358,109,-174,-165,-317,94,-73,-266
6678,1,1,-144,342,-123,-294,56,-253,-272,17,-60,-172
6679,7,7,-246,-73,-88,122,-216,-173,-617,340,-39,70
6680,1,1,-175,337,-188,-276,69,-201,-227,0,-30,-176
6681,3,3,-174,-268,24,389,-287,-20,-353,-52,-14,-18
6682,9,9,-145,-402,-180,33,44,-69,-339,-31,47,406
6683,1,1,-159,363,-173,-359,77,-221,-192,-39,-31,-222
6684,7,7,-158,-194,-14,120,-241,-197,-574,303,-3,116
6685,6,6,-9,-303,-88,-159,-27,11,430,-506,98,-369
6686,8,8,-110,-264,-71,73,-233,-50,-140,-193,414,26
6687,4,4,-193,-71,-82,-179,403,-165,-230,-13,-122,-90
6688,1,1,-231,337,24,-312,144,-279,-292,-32,-9,-311
6689,4,4,-119,-4,-80,-218,334,-149,-124,-6,-103,-270
6690,3,3,-519,-104,-177,603,-290,-2,-593,-4,78,52
6691,6,6,106,-421,28,-143,-238,30,346,-524,193,-256
6692,9,9,-246,-481,-242,31,74,7,-371,-28,111,415
6693,6,6,65,-350,-58,-148,-73,22,357,-449,112,-250
6694,1,1,-274,318,-33,-219,129,-257,-329,4,16,-233
6695,4,4,-96,0,-119,-272,335,-124,-136,-39,-165,-130
6696,4,4,-261,-48,-133,-242,506,-123,-218,0,-203,-155
6697,7,7,-214,-105,20,156,-271,-243,-646,325,-77,94
6698,2,2,-74,2,594,-50,-232,-334,-379,-27,-48,-309
6699,4,4,-210,-3,-114,-370,480,-211,-298,0,-136,-78
6700,4,4,-108,-68,-174,-162,293,-48,-36,-44,-144,-200
6701,0,0,411,-386,12,-167,-291,-212,-49,-172,-8,-54
6702,1,1,-110,310,-106,-211,-25,-216,-197,-70,-40,-242
6703,2,2,-99,78,568,85,-327,-518,-465,126,-95,-411
6704,3,3,-452,-252,-60,620,-392,-46,-669,-24,146,77
6705,4,4,-246,-137,-121,-258,549,-140,-227,-107,-265,-60
6706,5,5,-237,-400,-95,236,-224,307,-258,-198,-38,101
6707,6,6,25,-301,-209,-146,51,12,440,-452,-100,-362
6708,7,7,-116,-167,-7,81,-136,-357,-580,315,68,92
6709,8,8,-8,-550,-247,-22,-284,153,66,-270,465,27
6710,9,9,-8,-532,-202,64,13,-139,-249,-79,112,386
6711,0,0,437,-347,-54,-161,-291,-119,-75,-158,-76,-121
6712,1,1,-67,310,-120,-404,63,-232,-212,-114,-25,-184
6713,2,2,-162,49,566,130,-364,-461,-522,159,-58,-354
6714,3,3,-516,-210,-255,703,-305,76,-672,-21,-29,132
6715,4,4,-212,-333,-217,-216,464,-148,-119,-119,-99,45
6716,5,5,-176,-251,-274,78,-162,348,-19,-106,25,-73
6717,6,6,-1,-427,-209,-140,-25,80,529,-514,-9,-331
6718,9,9,-31,-584,-313,-76,2,30,-141,-98,176,325
6719,0,0,401,-332,116,-177,-162,-310,12,-255,-29,-153
6720,1,1,-107,330,-31,-376,104,-280,-245,-94,-73,-206
6721,2,2,-206,-95,354,2,-18,-249,-243,81,20,-310
6722,3,3,-181,-211,-12,451,-201,-29,-455,-82,-108,-28
6723,4,4,-1,-290,-110,-148,295,-216,-29,-74,-90,-138
6724,7,7,-112,-183,-130,9,-51,-240,-518,340,37,87
6725,8,8,56,-422,-58,-6,-81,-97,-61,-230,243,133
6726,1,1,-101,317,-81,-270,-18,-235,-247,-48,-35,-189
6727,3,3,-611,-92,-260,765,-372,-13,-693,-34,92,59
6728,5,5,-163,-345,-251,68,-302,451,-122,-194,-2,32
6729,1,1,-142,378,-100,-370,79,-215,-218,-61,-52,-212
6730,7,7,-214,-124,-171,-66,47,-150,-537,319,-43,136
6731,7,7,-200,-60,-68,95,-105,-281,-601,335,-44,91
6732,2,2,-298,109,389,161,-102,-358,-403,178,-115,-410
6733,1,1,-146,366,-66,-344,75,-269,-248,-89,-16,-233
6734,4,4,-113,-201,-190,-237,388,-154,-113,4,-99,-177
6735,8,8,-25,-361,-256,1,-280,91,-90,-118,367,69
6736,3,3,-423,-277,-249,685,-378,92,-552,-135,159,54
6737,4,4,-60,-218,-146,-248,357,-223,-47,-102,22,-252
6738,4,4,-146,-146,-156,-209,447,-167,-122,8,-98,-308
6739,3,3,-388,-221,2,490,-405,-101,-710,84,150,76
6740,9,9,81,-458,-1,-47,81,-200,-280,-97,29,262
6741,7,7,-143,-175,-184,-71,55,-154,-487,319,-26,90
6742,4,4,-188,-211,19,-138,484,-256,-224,11,-292,-166
6743,1,1,-221,299,-67,-156,51,-295,-399,47,-15,-146
6744,2,2,-282,-12,363,34,-129,-235,-320,120,102,-321
6745,3,3,-391,-153,-273,512,-170,123,-503,-135,-3,80
6746,5,5,-157,-286,-217,-3,-20,257,-28,17,-93,-23
6747,9,9,-131,-503,-262,71,94,-130,-329,-27,171,374
6748,1,1,-155,369,-171,-401,50,-195,-149,-98,21,-272
6749,6,6,137,-430,-81,-250,-338,64,444,-428,210,-261
6750,0,0,410,-526,56,-90,-9,-246,-112,-275,-114,81
6751,1,1,-182,388,-65,-305,112,-292,-317,20,-124,-219
6752,0,0,405,-340,14,-185,-228,-207,-97,-176,-66,-74
6753,0,0,375,-449,-40,-180,-116,-102,87,-293,-77,26
6754,2,2,-284,218,525,134,-319,-408,-513,210,-78,-466
6755,8,8,-59,-254,-127,125,-89,-196,-396,3,206,165
6756,7,7,-134,-161,-65,25,-62,-175,-542,231,16,149
6757,1,1,-152,366,-186,-324,58,-203,-194,-93,-13,-223
6758,1,1,-138,341,-54,-295,86,-279,-274,-63,-48,-228
6759,4,4,-125,-221,-29,-193,378,-222,-202,-38,-37,-144
6760,0,0,373,-432,20,-125,-83,-177,28,-303,-69,11
6761,4,4,11,-317,-123,-149,294,-226,-147,-104,-66,5
6762,7,7,-198,-77,126,187,-289,-444,-722,396,-5,-3
6763,3,3,-346,-259,-145,557,-263,82,-492,-153,54,91
6764,6,6,-95,-326,-265,-116,73,133,393,-460,-32,-264
6765,8,8,-25,-247,-156,-69,-45,27,8,-194,235,-35
6766,0,0,430,-347,1,-173,-230,-180,-59,-232,-86,-84
6767,3,3,-534,-128,-109,683,-352,0,-653,40,19,-53
6768,7,7,-266,-76,107,120,-274,-266,-655,296,69,15
6769,4,4,-130,-262,-120,-258,321,-190,-113,-194,127,11
6770,0,0,456,-361,27,-185,-347,-145,66,-275,-74,-173
6771,6,6,60,-357,-110,-88,60,-24,339,-423,-117,-348
6772,9,9,-42,-439,-203,1,103,-140,-312,-20,-36,363
6773,2,2,-45,0,559,124,-363,-453,-466,102,-162,-372
6774,6,6,67,-457,-151,-180,16,23,468,-452,-1,-289
6775,5,5,-247,-204,-213,36,-110,319,-211,-80,12,121
6776,8,8,-139,-451,-32,-67,-250,6,79,-347,503,43
6777,6,6,119,-514,-156,-171,-216,53,527,-544,154,-274
6778,9,9,-175,-553,-245,50,46,-105,-365,-88,187,493
6779,0,0,428,-335,63,-202,-190,-240,-41,-241,-67,-156
6780,4,4,-133,-322,-163,-53,304,-191,-239,-51,13,79
6781,0,0,407,-359,64,-127,-79,-261,7,-333,-93,-112
6782,6,6,104,-464,-171,-88,-185,72,412,-534,131,-254
6783,1,6,20,-2,-96,-182,-80,-123,123,-247,22,-357
6784,9,9,-26,-621,-187,21,67,-115,-159,-196,193,376
6785,2,2,-214,-38,398,-23,12,-181,-201,60,-73,-399
6786,0,0,432,-333,80,-208,-263,-212,-6,-246,-62,-160
6787,9,9,-149,-225,-312,-79,69,-81,-360,-36,28,346
6788,5,5,-309,-206,-342,131,-85,373,-147,-61,38,7
6789,1,1,-158,392,-123,-384,96,-231,-198,-74,-47,-231
6790,3,3,-294,-293,-37,459,-260,11,-425,-94,80,84
6791,7,7,-149,-157,-64,7,-71,-227,-537,232,66,157
6792,6,6,42,-413,-150,-156,-42,67,495,-519,14,-377
6793,9,9,-146,-390,-263,23,89,-70,-317,-60,69,376
6794,3,3,-504,-68,-117,684,-438,-59,-787,95,-6,6
6795,0,0,418,-282,1,-221,-209,-144,-39,-207,-126,-128
6796,2,2,-50,-70,378,3,-89,-185,-334,79,-170,-241
6797,2,2,-144,78,466,129,-407,-383,-553,119,-73,-273
6798,0,0,438,-314,-116,-109,-345,-39,-114,-123,-197,-26
6799,1,1,-115,338,-86,-289,21,-184,-180,-78,-32,-197
6800,2,2,8,105,482,-120,-349,-321,-114,-159,-18,-460
6801,3,3,-300,-35,-194,456,-280,179,-386,-80,-192,-72
6802,4,4,-277,-65,-164,-403,586,-132,-177,53,-262,-278
6803,5,5,-333,-217,-379,100,-158,509,-160,-328,-156,193
6804,6,6,-35,-370,-179,-130,-109,63,547,-466,18,-392
6805,7,7,-226,-90,43,92,-253,-282,-670,432,-126,77
6806,8,8,-234,-78,105,112,-314,-81,-282,-136,337,-34
6807,9,9,-398,-230,-229,38,166,-108,-562,53,62,431
6808,0,0,350,-275,-57,-111,-304,-1,-74,-138,-132,-29
6809,1,1,-159,223,-97,-177,42,-137,-229,10,-85,-38
6810,2,2,-50,129,517,-96,-378,-361,-176,-47,-17,-438
6811,3,3,-490,-8,-218,507,-234,164,-415,-34,-156,-28
6812,4,4,-349,-45,-41,-245,554,-159,-268,40,-285,-256
6813,5,5,-459,-229,-368,121,-130,460,-14,-454,14,105
6814,6,6,-41,-403,-161,-105,-41,64,486,-363,-41,-328
6815,7,7,-206,-162,-41,87,-227,-196,-604,430,-122,108
6816,8,8,-197,-367,1,129,-334,1,-131,-245,537,-37
6817,9,9,-357,-337,-210,-27,142,-70,-455,14,138,429
6818,0,0,306,-278,-50,-51,-408,-8,-88,-32,-24,-192
6819,1,1,-114,349,-131,-311,47,-135,-135,-91,-74,-234
6820,2,2,-165,212,513,-21,-416,-423,-377,94,-51,-377
6821,3,3,-345,-74,-168,467,-185,122,-426,-72,-220,0
6822,4,4,-252,-52,-98,-224,520,-142,-260,74,-306,-277
6823,5,5,-396,-219,-249,122,-185,469,-205,-324,-24,166
6824,6,6,40,-367,-181,-146,-115,62,504,-456,-10,-276
6825,7,7,-241,-36,-29,99,-185,-276,-636,438,-121,50
6826,8,8,-188,-348,194,230,-363,-243,-381,-96,466,45
6827,9,9,-435,-183,-210,-75,225,-50,-482,19,34,413
6828,2,2,-86,92,511,-24,-389,-361,-291,-33,12,-303
6829,1,1,-107,305,-88,-269,1,-150,-184,-55,-32,-149
6830,7,7,-170,-195,-9,73,-286,-158,-593,368,-86,119
6831,2,2,-74,101,537,-43,-500,-443,-307,-6,87,-346
6832,5,5,-352,-292,-317,68,-307,530,-129,-308,9,176
6833,0,0,480,-399,-97,-106,-325,-112,-86,-159,-176,7
6834,8,8,-255,-330,65,230,-443,-118,-341,-145,516,86
6835,0,0,457,-378,-111,-111,-228,-63,-91,-140,-292,31
6836,2,2,7,159,496,-226,-216,-329,-83,-197,-86,-574
6837,7,7,-149,-117,9,91,-199,-289,-606,368,-85,100
6838,8,8,-293,-283,116,258,-428,-201,-335,-137,556,-7
6839,8,8,-283,-254,191,268,-496,-196,-287,-99,523,-105
6840,3,3,-271,4,-32,392,-220,27,-412,-6,-239,-121
6841,0,0,403,-308,67,-148,-327,-77,-153,-72,-216,-98
6842,6,6,52,-329,-216,-163,-92,80,450,-391,-2,-226
6843,0,0,395,-352,-127,-166,-365,44,-30,-71,-125,-72
6844,2,2,-4,97,498,-119,-356,-312,-192,-91,-16,-378
6845,7,7,-201,-120,38,115,-269,-268,-666,414,-114,83
6846,6,6,-21,-372,-154,-111,-43,25,483,-410,-3,-333
6847,6,6,-65,-329,-145,-106,115,40,276,-216,-147,-166
6848,1,1,-159,290,-108,-205,20,-130,-201,-27,-56,-127
6849,2,2,-64,127,525,-67,-476,-419,-276,-10,28,-339
6850,8,8,-186,-451,107,159,-366,-138,-145,-263,578,-18
6851,8,8,-159,-66,224,114,-332,-256,-324,-132,339,-107
6852,7,7,-209,-62,-29,24,-123,-232,-541,381,-111,88
6853,7,7,-264,-50,80,146,-314,-317,-754,465,-164,31
6854,4,4,-346,-111,-226,-291,533,-89,-205,35,-175,-133
6855,7,7,-122,-192,-185,-102,-88,-123,-377,484,-187,34
6856,7,7,-190,-51,-34,39,-119,-245,-550,399,-130,49
6857,3,3,-548,-23,-223,567,-300,116,-490,-85,-36,-10
6858,7,7,-235,-214,-153,14,-75,-132,-531,423,-104,167
6859,4,4,-380,-26,-170,-282,584,-156,-309,60,-204,-125
6860,5,5,-367,-228,-336,109,-226,544,-172,-335,-51,160
6861,4,4,-374,-36,-178,-364,647,-139,-271,4,-233,-166
6862,3,3,-501,-41,-209,523,-230,91,-517,-45,-105,64
6863,3,3,-441,4,-227,518,-259,92,-458,-55,-118,9
6864,8,8,-199,-262,116,201,-390,-161,-275,-126,492,-48
6865,4,4,-342,-224,-146,-178,504,-52,-247,58,-291,-83
6866,5,5,-305,-237,-462,90,-218,534,-50,-409,-109,108
6867,4,4,-265,-117,-141,-173,408,-166,-233,-5,-99,3
6868,1,1,-119,364,-122,-331,87,-184,-200,-64,-92,-203
6869,1,1,-166,294,-117,-227,62,-147,-234,-41,-59,-83
6870,9,9,-386,-337,-141,-42,162,-21,-371,-46,112,385
6871,7,7,-213,-156,20,118,-293,-236,-670,426,-114,97
6872,4,4,-1,-25,-64,-380,367,-151,-114,-67,-270,-177
6873,3,3,-462,-56,-113,549,-271,0,-497,-16,-95,-23
6874,7,7,-251,-82,13,103,-235,-301,-701,485,-139,59
6875,3,3,-546,-37,-138,666,-274,-44,-615,-21,-84,2
6876,3,3,-411,35,-162,460,-237,58,-433,-58,-156,-45
6877,0,0,344,-257,-68,-160,-250,-55,-106,-97,-201,-4
6878,2,2,-25,183,417,-228,-160,-285,-36,-269,-46,-574
6879,5,5,-397,-279,-334,87,-338,548,-150,-412,68,191
6880,5,5,-446,-401,-363,147,-314,578,-197,-341,71,225
6881,6,6,63,-394,-214,-170,-127,31,558,-473,22,-326
6882,3,3,-389,-81,-157,469,-243,41,-491,-15,-130,88
6883,1,1,-68,233,84,-306,57,-193,68,-242,-8,-446
6884,5,5,-381,-310,-381,100,-265,550,-130,-402,61,191
6885,2,2,8,98,449,-154,-214,-345,-78,-196,-38,-482
6886,5,5,-312,-161,-345,190,-148,391,-146,-277,-131,89
6887,9,9,-427,-429,-188,66,74,31,-484,-112,136,498
6888,9,9,-365,-308,-224,-40,163,22,-458,-33,-11,464
6889,8,8,-124,-345,115,213,-326,-276,-282,-112,441,67
6890,4,4,-422,-122,-95,-231,575,-94,-298,59,-265,-143
6891,1,1,-170,281,-132,-216,71,-125,-201,-38,-63,-86
6892,0,0,426,-302,-60,-171,-332,-19,-1,-134,-176,-79
6893,6,6,57,-468,-223,-160,-158,141,442,-277,26,-269
6894,0,0,236,-226,151,-12,-439,-149,-261,50,-21,-173
6895,9,9,-477,-95,-201,-35,152,-102,-616,124,-19,379
6896,6,6,32,-392,-297,-157,-80,80,535,-376,-30,-291
6897,8,8,-173,-367,193,107,-360,-164,-282,-111,502,26
6898,8,8,-202,-252,106,167,-249,-234,-414,23,352,103
6899,5,5,-475,-250,-293,159,-121,382,-140,-302,128,150
6900,6,6,-20,-311,-155,-87,-119,81,418,-362,13,-262
6901,1,1,-121,294,-127,-237,42,-138,-146,-58,-43,-150
6902,1,1,-188,261,-117,-186,58,-123,-237,-7,-77,-51
6903,9,9,-338,-313,-327,53,93,25,-515,-12,11,472
6904,8,8,-139,-356,127,171,-237,-185,-220,-214,411,57
6905,9,9,-330,-249,-223,-107,94,44,-322,-83,90,398
6906,2,2,27,-72,275,-173,20,-206,73,-198,-84,-451
6907,3,3,-474,-54,-251,557,-279,84,-586,-74,-72,132
6908,5,5,-408,-335,-367,43,-238,576,-118,-420,91,204
6909,5,5,-366,-323,-229,-18,-107,401,-224,-182,128,206
6910,9,9,-407,-214,-214,36,137,9,-448,-41,39,393
6911,4,4,-323,-233,-98,-293,564,-95,-184,77,-314,-203
6912,2,2,-81,16,350,39,-176,-295,-161,65,-50,-349
6913,1,1,-77,291,-95,-280,9,-130,-126,-78,-32,-172
6914,9,9,-361,-50,-175,-104,131,-41,-450,-12,28,321
6915,4,4,-297,-77,-70,-266,571,-155,-257,6,-279,-194
6916,9,9,-289,-387,-121,18,172,-131,-498,70,-4,400
6917,1,1,-125,291,-159,-242,28,-104,-143,-93,-25,-158
6918,3,3,-422,7,-206,454,-261,94,-465,-57,-126,33
6919,9,9,-358,-117,-228,-50,119,-56,-491,31,-8,386
6920,2,2,-39,152,492,-113,-384,-359,-200,-57,-3,-386
6921,0,0,436,-339,-27,-153,-311,-64,-87,-143,-159,-35
6922,6,6,-22,-257,-195,-74,-62,79,355,-323,-1,-207
6923,0,0,355,-288,24,-140,-345,-81,-89,-92,-87,-120
6924,4,4,-361,-77,-62,-167,467,-132,-269,57,-172,-121
6925,0,0,313,-247,4,-149,-385,-65,-134,6,-45,-145
6926,6,6,-89,-262,-119,-99,97,44,255,-255,-43,-154
6927,0,0,384,-286,-28,-194,-332,-140,-101,-127,-65,-97
6928,1,1,-92,310,-108,-292,38,-200,-211,-98,-33,-171
6929,2,2,-223,106,529,-11,-200,-315,-411,-5,53,-347
6930,3,3,-458,-188,-104,604,-254,6,-529,0,-28,14
6931,4,4,-298,-23,-224,-242,477,-173,-354,41,-151,-8
6932,5,5,-385,-306,-400,136,-297,592,-15,-396,47,-21
6933,6,6,2,-329,-260,-175,-14,71,528,-456,-69,-309
6934,7,7,-152,-136,-168,-48,-52,-152,-437,374,-37,75
6935,8,8,-143,-357,-139,49,-248,-165,-271,-235,629,128
6936,9,9,-324,-397,-203,40,51,-16,-444,-23,124,436
6937,0,0,398,-418,79,-157,-185,-206,10,-308,-44,-33
6938,1,1,-116,345,-145,-264,30,-162,-205,-53,-85,-190
6939,2,2,-85,114,484,-202,-88,-257,-256,-127,17,-412
6940,3,3,-319,-230,-55,456,-83,38,-379,-92,-120,-6
6941,4,4,-395,-79,-221,-246,581,-160,-400,-5,-138,63
6942,5,5,-386,-341,-486,196,-356,619,-140,-370,155,52
6943,6,6,85,-315,-144,-155,43,-27,373,-424,-153,-325
6944,7,7,-45,-222,-235,-66,-124,-27,-383,320,-129,111
6945,8,8,-41,-329,-232,-77,-68,-134,-267,77,263,91
6946,9,9,-200,-367,-207,24,127,-109,-363,-37,2,424
6947,0,0,441,-368,17,-94,-251,-191,-97,-265,-150,-12
6948,1,1,-98,341,-166,-313,48,-151,-161,-92,-66,-210
6949,2,2,-177,113,597,76,-271,-444,-478,-17,-35,-377
6950,3,3,-492,-207,-91,533,-200,-6,-660,14,16,130
6951,4,4,-343,-32,-193,-233,512,-174,-378,8,-114,35
6952,5,5,-270,-362,-241,119,-233,449,-87,-264,33,22
6953,6,6,38,-397,-265,-78,4,9,467,-482,-40,-283
6954,7,7,-125,-86,80,120,-250,-310,-582,261,9,51
6955,8,8,-64,-353,-123,25,-248,-113,-199,-195,502,112
6956,9,9,-210,-555,-234,85,78,-89,-434,-19,106,479
6957,3,3,-394,-217,-140,577,-292,-43,-558,-210,155,129
6958,8,8,-129,-270,-127,105,-178,-158,-309,-92,486,61
6959,0,0,405,-302,25,-195,-275,-148,-37,-200,-111,-104
6960,7,7,-183,-119,-102,46,-153,-237,-588,413,-32,101
6961,1,1,-111,313,-128,-214,-18,-218,-283,-2,-62,-132
6962,0,0,394,-335,17,-214,-211,-85,69,-340,-130,-142
6963,7,7,-158,-173,-126,31,-107,-188,-542,388,-45,126
6964,5,5,-197,-244,-265,126,-351,456,-137,-314,-23,21
6965,5,5,-369,-263,-481,36,-294,626,-173,-323,56,142
6966,6,6,-4,-324,-221,-151,1,85,472,-472,-52,-317
6967,9,9,-143,-313,-226,34,-2,-97,-380,52,66,338
6968,0,0,368,-400,16,-145,-228,-191,-20,-243,5,-43
6969,1,1,-110,379,-81,-407,88,-241,-185,-70,-70,-255
6970,0,0,380,-304,82,-109,-279,-271,-129,-136,-78,-134
6971,0,0,357,-285,181,-191,-332,-182,3,-140,-45,-265
6972,8,8,-159,-346,41,150,-343,-225,-245,-69,534,26
6973,3,3,-438,-104,-95,623,-212,-19,-556,26,-175,-35
6974,4,4,-387,-65,-228,-237,570,-139,-336,-30,-141,11
6975,3,3,-323,-296,-101,561,-197,48,-412,-112,-27,15
6976,1,1,-129,355,-89,-329,86,-219,-204,-53,-64,-214
6977,5,5,-290,-284,-429,116,-340,572,-232,-231,56,78
6978,0,0,370,-330,-19,-182,-263,-179,-65,-190,-47,-53
6979,0,0,427,-337,-9,-230,-399,-51,50,-168,-81,-177
6980,9,9,-289,-268,-253,2,132,-103,-530,18,8,447
6981,5,5,-167,-321,-136,58,-302,348,-17,-315,28,-17
6982,3,3,-574,-139,-292,705,-237,83,-585,-112,4,97
6983,4,4,-336,-1,-295,-184,416,-99,-334,-26,-112,71
6984,9,9,-163,-348,-169,17,88,-151,-449,20,-25,407
6985,3,3,-419,-171,-87,673,-338,-52,-589,-119,78,-3
6986,7,7,-111,-71,-17,-10,-114,-241,-490,311,-27,52
6987,6,6,-57,-278,-157,-160,-4,56,500,-540,-18,-427
6988,9,9,-224,-361,-188,65,70,-170,-523,-2,88,458
6989,2,2,-147,-38,550,-82,-76,-286,-241,-188,40,-389
6990,4,4,-394,-100,-195,-78,403,-98,-404,7,-91,156
6991,5,5,-448,-402,-455,248,-240,588,-56,-388,60,56
6992,7,7,-101,-226,-267,-53,-104,-34,-413,390,-99,102
6993,2,2,-164,-7,569,-4,-112,-356,-301,-171,37,-402
6994,6,6,36,-432,-162,-102,-73,96,446,-493,-21,-374
6995,4,4,-288,-47,-196,-267,540,-169,-278,-3,-154,-157
6996,9,9,-168,-343,-128,42,72,-164,-411,46,50,358
6997,4,4,-338,-31,-253,-189,407,-117,-363,-51,-53,166
6998,9,9,-133,-433,-147,43,50,-126,-377,-9,93,389
6999,4,4,-284,-67,-220,-162,393,-107,-258,-26,-142,23
7000,1,1,-88,299,-89,-307,59,-158,-146,-63,-61,-188
7001,2,2,-129,-51,423,-40,-36,-249,-208,-106,35,-327
7002,2,2,-56,-103,476,-2,-212,-365,-274,-132,170,-255
7003,5,5,-263,-293,-346,96,-258,450,-119,-340,55,121
7004,8,8,-187,-303,-100,124,-340,-38,-218,-214,502,83
7005,1,1,-132,344,-132,-310,84,-171,-212,-19,-108,-177
7006,3,3,-617,-131,-173,674,-303,70,-631,-51,39,52
7007,2,2,-105,9,565,-37,-132,-383,-273,-133,-5,-412
7008,9,9,-372,-440,-141,121,109,-63,-476,11,35,416
7009,4,4,-268,-146,-104,-161,508,-192,-343,-33,-155,22
7010,3,3,-625,-172,-128,648,-421,20,-762,-28,134,136
7011,8,8,-199,-266,-17,79,-148,-177,-273,-130,574,7
7012,2,2,-104,0,560,-45,-141,-395,-338,-82,24,-368
7013,2,2,-91,109,556,-78,-135,-390,-328,-99,-62,-409
7014,1,1,-79,326,-82,-303,26,-189,-172,-100,-72,-216
7015,2,2,-118,-102,501,30,-82,-278,-202,-138,-40,-405
7016,8,8,-162,-293,-7,127,-349,-147,-185,-223,552,-21
7017,6,6,41,-474,-243,-74,-68,52,478,-423,3,-240
7018,5,5,-366,-300,-419,45,-221,546,-64,-481,21,198
7019,1,1,-90,318,-118,-251,24,-214,-241,-57,-79,-168
7020,6,6,-10,-316,-218,-129,-42,52,462,-473,11,-347
7021,7,7,-165,-68,6,146,-209,-334,-651,325,-52,87
7022,2,2,-72,-10,550,3,-163,-355,-251,-78,-93,-457
7023,1,1,-135,307,-141,-194,21,-237,-319,41,-95,-128
7024,3,3,-372,-162,-121,613,-278,-25,-579,13,-108,33
7025,9,9,-242,-365,-208,40,73,-139,-474,11,164,440
7026,3,3,-389,-109,-163,601,-314,65,-565,16,-107,-37
7027,8,8,-201,-352,-83,130,-214,-56,-309,-166,500,120
7028,7,7,-119,-183,-96,73,-180,-71,-426,294,-72,115
7029,5,5,-252,-322,-360,131,-256,480,-101,-346,-25,96
7030,7,7,-156,-19,-3,57,-178,-239,-554,235,-31,92
7031,0,0,318,-195,189,-96,-348,-230,-124,-167,-46,-223
7032,7,7,-113,-88,-212,-203,-44,-128,-441,353,-81,89
7033,4,4,-272,-51,-212,-144,363,-102,-230,-28,-126,-17
7034,8,8,-290,-303,23,133,-223,-153,-214,-228,608,-29
7035,8,8,-5,-332,18,25,-401,-16,-77,-275,377,-52
7036,5,5,-356,-360,-292,-3,-292,618,-62,-306,23,82
7037,0,0,383,-269,59,-207,-160,-183,45,-284,-127,-123
7038,6,6,3,-402,-148,-151,-116,58,530,-412,14,-312
7039,6,6,-2,-407,-193,-157,-50,33,536,-517,75,-325
7040,3,3,-330,-283,-96,553,-237,41,-422,-73,74,-74
7041,7,7,-196,-164,-66,118,-179,-244,-646,427,-47,80
7042,6,6,2,-380,-178,-182,-59,47,559,-514,46,-414
7043,9,9,-89,-301,-156,36,4,-61,-304,7,-17,308
7044,9,9,-269,-165,-239,-16,117,-92,-457,22,-45,379
7045,4,4,-300,-54,-260,-227,434,-64,-285,-67,-104,53
7046,8,8,-46,-329,-109,66,-280,-138,-289,-200,438,182
7047,4,4,-394,-58,-160,-137,487,-186,-405,-46,-126,101
7048,1,1,-130,359,-63,-361,87,-246,-212,-62,-53,-216
7049,0,0,351,-348,-11,-197,-30,-199,84,-381,-113,-101
7050,6,6,71,-424,-240,-123,-66,41,502,-498,40,-326
7051,6,6,-61,-346,-261,-51,-22,123,437,-420,-16,-362
7052,0,0,436,-322,62,-234,-272,-243,-64,-176,-83,-125
7053,1,1,-38,294,-141,-333,-39,-171,-138,-99,-41,-211
7054,2,2,-155,190,416,-69,-134,-434,-448,262,-142,-408
7055,3,3,-518,-80,-221,681,-421,-87,-693,80,59,82
7056,4,4,-386,-80,-178,-244,554,-115,-283,14,-103,-93
7057,5,5,-194,-248,-482,45,-187,440,-165,-47,21,34
7058,6,6,26,-252,-199,-263,-14,89,451,-382,-115,-314
7059,7,7,-156,-115,-49,92,-176,-265,-617,371,-64,95
7060,8,8,-197,-347,-105,77,-300,42,-205,-263,456,144
7061,9,9,-177,-221,-169,-23,68,-113,-410,70,-29,329
7062,0,0,371,-292,-38,-270,-390,-69,135,-222,-29,-223
7063,1,1,-88,322,-121,-257,2,-213,-247,-26,-77,-161
7064,2,2,-300,286,399,92,-238,-303,-383,89,-31,-452
7065,3,3,-411,-60,-174,578,-402,-100,-591,-32,106,62
7066,4,4,-306,-68,-234,-309,621,-216,-263,-62,-92,-162
7067,5,5,-294,-274,-343,7,-287,539,-93,-272,102,39
7068,6,6,18,-368,-295,-115,-42,80,507,-461,-24,-324
7069,7,7,-86,-266,-115,40,-106,-194,-560,387,-11,136
7070,8,8,23,-247,-93,38,-301,-147,-188,-78,363,27
7071,9,9,-168,-343,-176,18,131,-152,-424,84,-23,349
7072,0,0,357,-267,42,-176,-251,-145,-96,-110,-136,-83
7073,1,1,-109,344,-107,-248,-1,-204,-221,-47,-65,-204
7074,2,2,-200,240,525,55,-353,-553,-618,307,-200,-387
7075,3,3,-599,-108,-293,732,-393,131,-561,-114,93,-34
7076,4,4,-270,-74,-150,-268,567,-207,-281,33,-169,-207
7077,5,5,-213,-253,-426,66,-282,480,-159,-155,59,18
7078,6,6,-15,-279,-267,-146,-32,63,501,-406,-71,-346
7079,7,7,-145,-243,-154,113,-150,-86,-552,320,-69,177
7080,8,8,-71,-289,-28,48,-240,-217,-236,-162,480,82
7081,9,9,-203,-289,-254,-15,128,-66,-413,61,-75,357
7082,7,7,-232,-98,-7,108,-224,-265,-668,464,-151,61
7083,4,4,-336,-40,-85,-224,510,-178,-303,12,-171,-69
7084,0,0,386,-214,-11,-239,-230,-133,-19,-203,-166,-187
7085,4,4,-462,-86,-240,-188,553,-26,-292,-4,-135,-45
7086,0,0,419,-274,117,-250,-222,-242,2,-276,-116,-178
7087,1,1,-123,298,-114,-215,39,-192,-238,2,-89,-145
7088,7,7,-186,-187,-42,127,-142,-273,-673,410,-70,128
7089,9,9,-198,-369,-229,25,143,-60,-388,62,-112,362
7090,5,5,-189,-200,-343,41,-285,408,-70,-207,91,4
7091,1,1,-126,351,-80,-289,41,-271,-274,-31,-59,-191
7092,4,4,-340,-121,-167,-251,618,-173,-265,-9,-185,-147
7093,2,2,-206,274,452,56,-325,-462,-599,286,-226,-394
7094,8,8,-140,-385,-148,126,-180,-97,-418,-15,329,278
7095,9,9,-238,-291,-214,25,141,-109,-426,47,7,365
7096,4,4,-368,-88,-210,-329,628,-153,-223,-80,-109,-158
7097,3,3,-315,-134,-119,483,-421,-12,-552,-51,99,54
7098,7,7,-183,-225,-196,94,-100,-88,-569,351,-71,173
7099,8,8,-133,-285,-127,6,-376,70,-117,-218,466,45
7100,2,2,-267,261,478,101,-300,-352,-488,167,-119,-452
7101,4,4,-394,-124,-143,-167,525,-121,-332,36,-161,11
7102,4,4,-332,-105,-155,-166,415,-122,-282,-46,-13,75
7103,3,3,-496,-137,-269,661,-464,57,-559,-75,97,72
7104,3,3,-638,-141,-73,656,-353,9,-573,-21,85,-4
7105,6,6,-2,-383,-209,-145,-44,72,528,-446,-22,-333
7106,9,9,-324,-212,-227,25,142,-103,-478,-12,25,415
7107,9,9,-216,-232,-239,10,90,-87,-381,9,-12,369
7108,5,5,-252,-304,-431,92,-216,467,-105,-196,38,101
7109,8,8,-155,-244,-147,108,-222,-139,-273,-150,499,74
7110,6,6,-2,-375,-217,-141,-67,84,535,-508,0,-367
7111,7,7,-180,-103,-20,131,-187,-319,-666,402,-75,70
7112,0,0,391,-269,102,-203,-196,-230,-114,-188,-109,-125
7113,6,6,60,-305,-199,-250,-13,46,495,-457,-66,-355
7114,8,8,-257,-348,-46,136,-146,-210,-333,-200,600,128
7115,2,2,-314,250,397,157,-255,-349,-526,195,-51,-387
7116,6,6,-36,-299,-202,-154,-1,40,491,-440,-14,-359
7117,3,3,-507,-85,-71,675,-553,-157,-801,89,108,37
7118,9,9,-276,-306,-233,51,69,-78,-520,57,63,414
7119,3,3,-480,-158,-201,629,-599,90,-587,-151,224,27
7120,2,2,-267,222,576,81,-343,-505,-536,194,-12,-464
7121,8,8,-48,-175,-152,-18,-144,-157,-326,74,220,105
7122,6,6,111,-260,-248,-281,-63,15,444,-355,-73,-284
7123,1,1,-72,350,-89,-374,66,-236,-187,-94,-82,-244
7124,7,7,-161,-66,-18,100,-210,-345,-660,407,-82,61
7125,4,4,-410,-52,-194,-230,606,-145,-341,-22,-111,-29
7126,8,8,-149,-326,-103,110,-118,-201,-365,-102,432,200
7127,8,8,-118,-225,-105,31,-264,-49,-195,-97,422,32
7128,9,9,-197,-326,-140,56,83,-156,-439,0,46,402
7129,0,0,421,-268,48,-215,-298,-197,-22,-215,-117,-186
7130,3,3,-439,-134,-46,592,-433,-177,-679,5,154,102
7131,3,3,-513,-134,-248,691,-410,-46,-723,6,112,124
7132,9,9,-88,-284,-147,-68,102,-143,-380,70,-83,304
7133,0,0,387,-154,51,-236,-252,-197,-97,-173,-179,-240
7134,5,5,-270,-316,-385,119,-250,481,-69,-249,49,23
7135,2,2,-328,146,400,86,-176,-295,-402,228,-11,-428
7136,9,9,-192,-394,-213,51,130,-135,-451,40,28,397
7137,4,4,-276,-127,-69,-149,489,-278,-346,25,-133,-50
7138,1,1,-169,335,-142,-286,69,-199,-192,-54,-19,-206
7139,0,0,403,-249,80,-277,-173,-260,-33,-227,-106,-180
7140,3,3,-520,-118,-300,664,-304,87,-479,-96,25,21
7141,7,7,-227,-126,-59,165,-197,-299,-712,401,-57,125
7142,5,5,-369,-372,-367,67,-189,524,-88,-311,36,182
7143,8,8,-139,-242,-155,68,-68,-95,-254,-85,377,72
7144,7,7,-182,-201,-79,124,-186,-222,-659,428,-104,126
7145,7,7,-182,-156,-42,149,-230,-232,-671,402,-89,81
7146,8,8,-77,-395,-88,140,-181,-197,-251,-196,477,146
7147,2,2,-92,14,606,-18,-289,-495,-364,93,30,-453
7148,9,9,-240,-371,-144,22,186,-187,-544,86,23,409
7149,7,7,-202,-131,-66,113,-134,-266,-666,383,-38,107
7150,1,1,-140,357,-117,-291,42,-241,-243,-63,-37,-208
7151,2,2,-227,119,562,53,-347,-487,-463,216,31,-443
7152,6,6,-13,-363,-201,-79,12,28,474,-474,-41,-361
7153,4,4,-342,-86,-198,-175,509,-222,-411,51,-66,14
7154,2,2,-281,198,497,158,-435,-437,-673,293,-104,-365
7155,5,5,-211,-223,-318,20,-276,466,-115,-179,96,-30
7156,2,2,-238,200,478,127,-395,-329,-643,219,-189,-341
7157,3,3,-390,-85,-68,581,-424,-203,-592,11,113,38
7158,6,6,60,-239,-143,-278,32,21,425,-446,-122,-353
7159,6,6,9,-345,-271,-140,9,52,500,-389,-92,-309
7160,5,5,-171,-258,-357,14,-249,436,-36,-200,63,-11
7161,0,0,398,-236,-11,-248,-190,-251,-22,-210,-112,-169
7162,0,0,353,-195,38,-227,-238,-169,-62,-198,-117,-173
7163,2,2,-126,158,603,-19,-277,-521,-448,182,-120,-518
7164,8,8,-158,-245,-120,61,-184,-142,-297,-98,471,99
7165,1,1,-140,357,-103,-311,49,-266,-251,-54,-23,-199
7166,6,6,15,-360,-173,-163,49,19,484,-495,-80,-373
7167,1,1,-112,369,-93,-390,89,-222,-182,-66,-76,-237
7168,0,0,451,-327,63,-213,-241,-276,26,-318,-74,-170
7169,4,4,-322,-36,-228,-274,546,-165,-287,-18,-92,-90
7170,3,3,-371,-139,-72,511,-440,-213,-705,17,169,141
7171,1,1,-103,352,-51,-365,67,-278,-265,-81,-50,-204
7172,6,6,-40,-278,-165,-141,83,12,442,-447,-117,-425
7173,1,1,-158,378,-143,-343,70,-220,-198,-77,-27,-243
7174,9,9,-189,-322,-180,21,89,-140,-414,36,43,385
7175,0,0,330,-204,-30,-157,-320,-46,-41,-79,-123,-95
7176,1,1,-82,287,-103,-294,39,-109,-106,-86,-52,-192
7177,4,4,-365,19,-120,-161,397,-130,-357,13,-94,44
7178,5,5,-188,-220,-133,15,-139,328,-165,-116,-83,92
7179,6,6,-105,-280,-64,-56,-101,81,290,-397,160,-221
7180,7,7,-112,-117,-74,-13,-121,-195,-445,375,-106,73
7181,8,8,-262,-167,71,59,-185,-168,-363,-120,436,72
7182,9,9,-367,-317,-56,147,44,-124,-672,195,-86,344
7183,1,1,-85,262,-94,-230,37,-132,-145,-36,-52,-145
7184,2,2,-200,-104,574,-23,-341,-178,-346,54,75,-307
7185,3,3,-168,-187,-200,481,-424,37,-464,-100,15,70
7186,4,4,-245,-148,-78,-146,388,-151,-237,12,-105,15
7187,5,5,-193,-290,-185,93,-199,375,-105,-200,11,35
7188,6,6,-7,-251,-58,-194,-14,16,420,-460,47,-401
7189,7,7,-127,-90,-73,30,-88,-176,-428,301,-57,65
7190,0,0,251,-201,6,-132,-123,-59,-22,-105,-100,-45
7191,1,1,-140,326,-61,-312,82,-234,-212,-27,-38,-175
7192,2,2,-253,-91,566,14,-297,-241,-361,-32,225,-332
7193,3,3,-172,-192,-83,437,-298,-14,-437,-63,-32,30
7194,4,4,-301,-54,-5,-146,469,-268,-350,28,-146,-130
7195,5,5,-136,-203,-132,95,-142,245,-79,-85,-13,-24
7196,6,6,-76,-402,-14,-98,-43,93,363,-497,118,-242
7197,7,7,-26,-203,-232,-77,-90,-68,-286,321,-92,57
7198,8,8,-120,-209,73,-26,-29,-241,-303,-78,309,61
7199,9,9,-230,-376,-202,80,58,-90,-500,70,47,407
7200,8,8,-101,-289,16,182,-278,-237,-298,-156,407,110
7201,4,4,-221,42,-128,-287,523,-306,-313,17,-168,-202
7202,0,0,319,-307,-31,-146,-262,-69,-113,-26,-72,-49
7203,0,0,407,-233,54,-234,-167,-247,-84,-190,-135,-148
7204,7,7,-116,-39,108,92,-202,-401,-554,343,-57,-19
7205,2,2,-293,-73,523,106,-429,-209,-482,113,167,-289
7206,4,4,-256,-94,-46,-193,531,-335,-420,59,-159,-92
7207,3,3,-247,-227,-45,519,-443,-74,-573,-52,109,52
7208,8,8,-144,-241,118,139,-385,-154,-362,78,301,20
7209,6,6,-67,-375,-181,-168,-155,199,413,-441,134,-272
7210,6,6,-37,-349,-146,-145,-169,108,371,-428,213,-216
7211,3,3,-254,-203,-177,451,-386,140,-441,-118,43,59
7212,2,2,-306,-152,347,-2,-25,-23,-300,94,-15,-274
7213,6,6,-121,-320,23,-124,2,32,341,-361,123,-336
7214,3,3,-228,-199,-71,569,-442,-190,-679,-8,11,129
7215,3,3,-488,-121,-325,671,-429,159,-581,-127,33,82
7216,0,0,204,-324,-100,-12,-242,30,42,-75,-49,-102
7217,1,1,-180,342,-76,-296,78,-244,-266,11,-41,-161
7218,4,4,-263,-6,-53,-240,507,-252,-257,32,-135,-261
7219,7,7,-117,-143,-214,-109,-43,-107,-408,418,-114,61
7220,8,8,-267,-168,81,151,-248,-195,-393,-115,434,55
7221,0,0,345,-264,24,-178,-231,-193,-139,-112,-98,-63
7222,3,3,-600,-163,-241,696,-381,65,-689,-27,34,138
7223,1,1,-158,307,-165,-265,74,-172,-185,-10,-34,-153
7224,9,9,-137,-392,-158,75,34,-137,-449,108,4,351
7225,0,0,334,-294,-45,-166,-192,-135,10,-187,-85,-40
7226,1,1,-170,289,-125,-279,114,-200,-194,-20,-24,-151
7227,9,9,-181,-313,-130,54,78,-90,-358,17,-26,345
7228,1,1,-124,305,-24,-303,87,-229,-202,-41,-38,-181
7229,2,2,-202,-129,485,2,-223,-138,-357,64,78,-307
7230,7,7,-121,-156,-124,-15,-48,-177,-441,335,-20,80
7231,0,0,343,-222,-24,-223,-236,-167,-127,-71,-79,-101
7232,1,1,-85,274,-51,-317,79,-179,-148,-39,-62,-162
7233,3,3,-141,-181,-64,321,-356,85,-351,-50,53,-52
7234,8,8,-203,-254,66,10,-183,-82,-225,-153,407,54
7235,2,2,-358,-151,389,98,-155,-50,-399,50,101,-201
7236,9,9,-143,-460,-133,115,34,-154,-471,70,16,390
7237,2,2,-212,-201,432,42,-294,-97,-345,4,168,-184
7238,7,7,-137,-136,-83,-15,-82,-141,-441,274,-19,92
7239,6,6,36,-413,-136,-203,-18,70,463,-483,46,-284
7240,5,5,-343,-184,-271,210,-110,354,-120,-132,39,-45
7241,5,5,-353,-183,-249,166,-116,360,-181,-66,-60,31
7242,9,9,-246,-435,-193,103,97,-129,-504,111,-3,410
7243,9,9,-147,-421,-130,72,66,-172,-455,60,34,381
7244,8,8,-245,-417,58,226,-347,-84,-318,-190,549,59
7245,2,2,-157,-105,411,29,-312,-174,-413,175,40,-233
7246,9,9,-262,-365,-139,193,-25,-62,-488,76,6,339
7247,1,1,-147,338,-2,-314,87,-247,-199,-54,-37,-249
7248,3,3,-271,-220,-219,440,-270,192,-408,-93,43,36
7249,2,2,-2,-143,207,-105,-100,-10,-150,5,-9,-176
7250,3,3,-377,-171,-291,640,-347,83,-565,-94,34,70
7251,4,4,-223,-68,-73,-302,587,-324,-248,-34,-65,-321
7252,3,3,-193,-154,-32,519,-454,-168,-617,-27,23,42
7253,1,1,-167,370,-80,-365,117,-267,-222,-35,-74,-264
7254,9,9,-179,-553,-187,172,-61,-82,-484,11,92,437
7255,0,0,316,-218,-36,-189,-235,-173,-176,-23,-101,-86
7256,9,9,-245,-386,-191,216,-20,-134,-575,85,62,387
7257,3,3,-224,-138,-195,497,-286,22,-431,-109,-71,38
7258,6,6,-119,-360,-163,-113,-120,207,369,-486,133,-276
7259,8,8,-159,-273,81,168,-330,-196,-425,94,333,71
7260,7,7,-63,-280,-227,-37,-79,-146,-392,311,52,130
7261,0,0,358,-274,109,-134,-143,-320,-63,-214,-86,-146
7262,1,1,-171,359,-27,-350,67,-293,-262,-68,29,-288
7263,0,0,361,-271,132,-121,-178,-276,-76,-211,-99,-207
7264,5,5,-271,-287,-204,100,-207,437,-198,-215,29,77
7265,8,8,-334,-264,54,154,-59,-142,-395,-112,450,23
7266,2,2,-96,-147,537,-7,-450,-200,-420,94,74,-277
7267,7,7,-57,-206,-251,-113,-94,12,-296,307,-111,66
7268,7,7,-109,10,-231,-157,36,-128,-284,210,-69,-12
7269,0,0,381,-211,25,-242,-345,-145,-94,-109,-103,-169
7270,1,1,-77,297,-119,-282,20,-125,-112,-116,-34,-200
7271,2,2,-169,45,420,83,-271,-348,-451,109,-39,-170
7272,3,3,-365,-131,-249,465,-262,-32,-576,-119,89,220
7273,4,4,-317,-73,-168,-300,577,-149,-278,-39,-176,-55
7274,5,5,-397,-286,-304,75,-224,502,-127,-323,100,134
7275,6,6,-57,-196,-123,-168,18,8,440,-489,31,-452
7276,7,7,-156,-51,24,101,-207,-315,-602,333,-64,62
7277,8,8,-131,-294,92,113,-215,-209,-274,-176,455,41
7278,9,9,-383,-218,-196,15,125,-133,-566,11,109,459
7279,0,0,380,-283,82,-145,-418,-90,-144,-125,-77,-164
7280,1,1,-153,304,-139,-218,53,-120,-182,-42,-74,-140
7281,2,2,-133,89,517,37,-273,-291,-343,-15,-135,-354
7282,3,3,-316,-231,-38,490,-260,-65,-514,-114,86,83
7283,4,4,-248,3,-4,-358,554,-250,-309,-9,-199,-200
7284,5,5,-323,-383,-420,82,-303,565,-108,-355,184,103
7285,6,6,32,-395,-230,-165,-36,91,523,-501,-49,-326
7286,7,7,-140,-183,-196,-114,-52,-126,-443,420,-77,87
7287,8,8,-15,-370,37,52,-260,-207,-206,-294,453,49
7288,9,9,-421,-284,-249,30,154,-46,-555,-43,48,505
7289,0,0,414,-370,21,-157,-302,-160,-73,-173,-47,-91
7290,1,1,-110,346,-112,-264,14,-190,-221,-53,-71,-195
7291,2,2,-120,69,359,28,-262,-180,-414,-55,-19,-163
7292,3,3,-352,-215,-133,553,-348,-73,-656,-57,50,181
7293,4,4,-424,-114,-169,-295,558,-90,-409,51,-222,106
7294,5,5,-426,-316,-526,255,-248,558,-75,-426,80,87
7295,6,6,6,-356,-198,-181,-30,69,522,-441,-78,-312
7296,7,7,-123,-183,-188,-81,-62,-140,-438,401,-61,88
7297,8,8,-58,-353,-9,113,-264,-201,-239,-237,472,85
7298,9,9,-389,-246,-203,4,181,-93,-557,-1,27,467
7299,1,1,-106,343,-115,-263,29,-197,-249,-28,-103,-168
7300,7,7,-139,-156,-218,-89,-51,-85,-426,368,-85,111
7301,4,4,-248,-51,-95,-290,532,-213,-239,-47,-202,-142
7302,8,8,-109,-360,15,71,-272,-163,-168,-283,512,45
7303,1,1,-129,334,-90,-244,15,-196,-234,-43,-51,-174
7304,5,5,-284,-241,-370,157,-275,449,-136,-396,57,109
7305,6,6,14,-368,-220,-177,-32,90,516,-426,-120,-275
7306,5,5,-393,-328,-383,124,-300,573,-91,-380,146,72
7307,7,7,-106,-98,-92,-33,-84,-171,-430,295,-52,97
7308,2,2,-151,-4,545,118,-406,-314,-434,-1,-34,-290
7309,8,8,63,-512,-7,74,-242,-124,-223,-198,423,126
7310,6,6,19,-373,-191,-164,20,48,512,-498,-101,-378
7311,3,3,-340,-165,-3,539,-433,-130,-556,-46,84,16
7312,3,3,-641,-4,-124,687,-388,-117,-751,18,59,30
7313,8,8,-175,-436,13,153,-403,-60,-245,-232,590,61
7314,6,6,72,-356,-253,-253,-19,73,535,-434,-129,-298
7315,5,5,-437,-339,-477,239,-220,542,-206,-305,27,202
7316,4,4,-206,-70,-135,-308,564,-213,-200,-58,-184,-225
7317,0,0,414,-384,-10,-164,-278,-108,-25,-160,-53,-161
7318,9,9,-353,-410,-172,104,113,-101,-593,41,52,482
7319,1,1,-63,311,-18,-289,-49,-220,-191,-115,-35,-242
7320,7,7,-139,-189,-340,-170,-21,-109,-447,409,-19,87
7321,2,2,-168,172,548,21,-337,-419,-524,51,-7,-321
7322,9,9,-329,-374,-144,98,100,-105,-524,65,13,418
7323,1,1,-127,322,-106,-271,31,-146,-176,-56,-66,-183
7324,5,5,-414,-349,-420,215,-270,563,-210,-326,39,179
7325,1,1,-38,286,-122,-357,54,-136,-73,-142,-64,-243
7326,3,3,-331,-198,-153,628,-367,-80,-586,-186,121,77
7327,2,2,-206,118,518,117,-316,-376,-480,34,-65,-320
7328,2,2,-126,-5,485,60,-205,-337,-407,-2,-16,-254
7329,3,3,-366,-232,-21,600,-447,-115,-670,-107,183,69
7330,0,0,426,-356,73,-200,-273,-232,-15,-211,-27,-172
7331,6,6,-43,-390,-184,-22,25,58,442,-472,-101,-343
7332,4,4,-191,-23,-226,-328,431,-102,-214,-101,-223,-28
7333,3,3,-202,-263,-113,438,-338,-118,-480,-145,205,131
7334,7,7,-133,-74,87,97,-233,-374,-636,366,-53,29
7335,6,6,95,-357,-222,-194,26,22,441,-459,-93,-244
7336,9,9,-306,-438,-210,114,107,-61,-463,-50,44,482
7337,0,0,421,-378,24,-140,-320,-167,17,-298,-25,-149
7338,4,4,-82,-33,-115,-250,302,-296,-214,-121,-71,-61
7339,8,8,-253,-261,10,286,-226,-205,-365,-98,380,73
7340,1,1,-66,294,-133,-302,5,-132,-143,-80,-42,-174
7341,4,4,-406,40,-271,-402,598,-114,-385,36,-208,-42
7342,0,0,421,-298,-7,-249,-359,-114,-70,-124,-68,-168
7343,6,6,-23,-232,-169,-214,13,83,441,-468,-84,-356
7344,1,1,-107,322,-174,-239,5,-179,-242,-39,-64,-158
7345,2,2,-122,154,446,24,-311,-417,-472,132,-96,-256
7346,6,6,-3,-311,-152,-221,-14,45,542,-532,-23,-422
7347,9,9,-288,-441,-185,71,80,-104,-507,-9,122,488
7348,2,2,-253,156,445,109,-442,-403,-544,180,26,-236
7349,2,2,-94,117,395,-51,-230,-338,-447,90,-20,-187
7350,3,3,-255,-169,-135,493,-333,-124,-529,-55,70,117
7351,5,5,-417,-354,-477,244,-208,544,-126,-380,23,166
7352,5,5,-384,-319,-389,197,-162,476,-153,-289,-4,170
7353,1,1,-103,343,-107,-300,52,-207,-225,-61,-73,-186
7354,0,0,360,-347,-88,-185,-180,-28,148,-344,-144,-182
7355,7,7,-145,-156,-202,-57,-58,-162,-464,435,-50,67
7356,7,7,-81,-131,52,68,-192,-381,-557,317,26,59
7357,9,9,-282,-386,-235,45,-46,54,-409,-92,146,432
7358,6,6,-32,-354,-225,-86,50,48,478,-483,-92,-381
7359,2,2,-168,187,488,-6,-285,-340,-408,0,-28,-335
7360,9,9,-287,-367,-233,23,140,-119,-507,51,31,470
7361,4,4,-249,-42,-168,-278,473,-166,-315,-45,-115,-7
7362,7,7,-126,-210,-98,36,-144,-168,-514,352,-33,148
7363,0,0,380,-371,88,-189,-75,-245,-37,-294,-90,-84
7364,2,2,-314,135,451,179,-257,-339,-455,96,-7,-329
7365,3,3,-520,-167,-94,678,-406,-127,-688,-37,163,82
7366,4,4,-400,-65,-218,-266,615,-139,-365,-47,-131,29
7367,0,0,451,-337,35,-195,-293,-181,4,-240,-106,-198
7368,0,0,454,-328,34,-213,-308,-172,-15,-228,-89,-189
7369,8,8,-152,-431,60,210,-383,-146,-264,-197,546,44
7370,8,8,15,-385,14,99,-235,-72,-119,-279,322,5
7371,8,8,-107,-520,13,145,-332,-63,-238,-232,604,66
7372,5,5,-307,-381,-293,142,-249,470,-120,-389,71,138
7373,1,1,-79,269,-87,-257,23,-208,-255,-96,-41,-127
7374,3,3,-396,-216,-206,675,-405,-26,-653,-69,58,138
7375,7,7,-179,-46,36,104,-223,-316,-635,352,-47,26
7376,4,4,-155,14,-143,-396,521,-256,-265,-52,-135,-177
7377,9,9,-302,-276,-252,26,84,-60,-532,2,47,451
7378,8,8,-81,-429,-4,168,-319,-108,-250,-241,486,79
7379,8,8,-218,-414,-9,216,-301,-101,-272,-227,520,127
7380,9,9,-252,-322,-242,-7,132,-107,-467,-28,16,465
7381,0,0,402,-258,33,-234,-282,-174,-16,-212,-77,-205
7382,9,9,-340,-314,-243,49,90,-97,-575,10,103,487
7383,8,8,-158,-425,14,81,-238,-162,-258,-252,582,116
7384,9,9,-298,-214,-203,-14,109,-134,-502,29,86,411
7385,0,0,453,-378,3,-189,-302,-190,14,-266,-62,-122
7386,2,2,-162,15,467,17,-253,-333,-395,-12,121,-222
7387,6,6,90,-318,-237,-234,53,15,442,-398,-175,-295
7388,5,5,-481,-310,-456,325,-251,568,-174,-379,74,78
7389,6,6,23,-357,-146,-180,61,5,446,-404,-108,-323
7390,7,7,-102,-143,56,112,-192,-363,-591,323,-9,64
7391,4,4,-302,-103,-183,-183,542,-243,-347,-51,-95,-17
7392,7,7,-91,-142,-56,15,-112,-307,-524,318,32,86
7393,5,5,-351,-362,-396,110,-286,574,-105,-440,69,157
7394,4,4,-207,-28,-201,-197,339,-167,-272,-30,-53,-39
7395,1,1,-94,330,-84,-358,67,-263,-211,-76,-37,-215
7396,3,3,-310,-258,-244,605,-325,4,-569,-134,120,151
7397,5,5,-420,-404,-474,146,-270,641,-84,-412,89,129
7398,3,3,-407,-246,-208,535,-196,72,-531,-103,67,158
7399,1,1,-123,346,-86,-269,13,-254,-298,-21,-50,-175
7400,2,2,-144,-43,410,-14,-5,-375,-310,147,-87,-405
7401,3,3,-8,-171,-18,324,-375,-31,-445,9,-74,-38
7402,4,4,-294,40,-256,-234,350,-71,-266,-57,6,7
7403,5,5,-350,-149,-323,144,-289,381,-147,-332,81,137
7404,6,6,102,-385,-179,-169,63,-38,368,-381,-54,-166
7405,1,1,-150,333,-214,-392,56,-125,-125,-96,0,-222
7406,2,2,-30,-172,441,60,-218,-267,-264,-21,-4,-295
7407,3,3,-223,-193,-91,439,-336,26,-554,100,-122,41
7408,4,4,-95,-72,-234,-278,280,-137,-95,-110,-14,-54
7409,6,6,55,-359,-218,-209,-14,42,526,-496,-6,-343
7410,0,0,275,-400,-142,-76,-109,-68,61,-157,3,10
7411,1,1,-177,352,-200,-324,79,-189,-186,-53,-14,-192
7412,2,2,-41,-134,455,-61,72,-346,-272,-36,-142,-375
7413,4,4,-111,-7,-142,-284,269,-123,-135,-70,-28,-116
7414,5,5,-161,-185,-327,13,-223,418,-127,-64,35,-25
7415,6,6,109,-380,-204,-233,-16,-4,486,-407,-47,-274
7416,7,7,-209,-111,95,215,-264,-392,-724,381,-54,38
7417,8,8,-225,-289,-243,-41,-87,49,-114,-182,489,67
7418,1,1,-134,314,-73,-335,29,-177,-152,-79,10,-191
7419,7,7,-164,-47,31,136,-233,-313,-592,294,-37,61
7420,2,2,-149,-164,277,20,-96,-196,-212,-47,163,-184
7421,4,4,-158,-60,-244,-253,349,-140,-206,-77,-49,-7
7422,1,1,-224,396,-118,-341,131,-253,-257,-40,-20,-241
7423,4,4,-347,-103,-260,-123,361,-64,-342,-56,-9,215
7424,1,1,-128,359,-49,-362,58,-230,-207,-56,-29,-213
7425,4,4,-256,-103,-251,-226,398,-130,-226,-75,6,70
7426,9,9,-332,-361,-240,-12,103,147,-217,-126,0,341
7427,6,6,110,-292,-140,-158,20,-54,358,-348,-117,-364
7428,8,8,-152,-348,-93,0,-295,4,-132,-220,560,36
7429,4,4,-239,-191,-250,-213,416,-63,-145,-122,-30,37
7430,5,5,-235,-321,-143,203,-177,328,-116,-148,-147,-6
7431,3,3,-446,-149,-260,533,-234,115,-548,98,-156,53
7432,7,7,-245,0,65,101,-204,-281,-564,232,44,46
7433,8,8,-190,-154,-48,-27,-195,31,-39,-188,368,-160
7434,4,4,-184,-66,-154,-133,159,-105,-267,-58,79,152
7435,3,3,-486,-168,-286,701,-395,35,-704,-38,31,147
7436,3,3,-554,-82,-80,543,-415,-92,-721,51,167,76
7437,5,5,-242,-255,-432,172,-134,357,-160,-62,56,20
7438,6,6,90,-323,-125,-267,62,-43,405,-356,-38,-277
7439,7,7,-176,-87,94,175,-279,-358,-660,347,-64,38
7440,0,0,337,-209,43,-231,-172,-251,-89,-141,-68,-147
7441,6,6,57,-339,-120,-178,103,-67,311,-260,-92,-227
7442,1,1,-161,374,-85,-332,104,-261,-253,-31,-70,-204
7443,6,6,43,-382,-182,-221,41,-9,445,-346,4,-262
7444,8,8,-228,-193,-183,-33,-79,62,-83,-219,445,-60
7445,7,7,-213,-92,57,200,-251,-304,-653,285,-12,68
7446,0,0,327,-309,166,-149,-40,-319,-63,-180,-68,-126
7447,1,1,-222,316,-76,-268,104,-220,-279,2,6,-197
7448,5,5,-292,-315,-318,109,-152,443,-166,-252,-130,199
7449,0,0,354,-278,57,-189,-142,-377,-150,-131,10,-119
7450,8,8,-218,-319,-270,-66,-230,152,2,-256,513,18
7451,5,5,-175,-102,-175,24,-33,208,-26,-30,-6,-38
7452,0,0,326,-319,32,-135,-66,-217,-7,-175,-46,-83
7453,1,1,-133,340,-65,-332,99,-235,-210,-35,-52,-201
7454,5,5,-278,-183,-139,35,-68,286,-203,-74,-3,119
7455,8,8,-95,-341,-155,62,-367,55,-121,-218,456,68
7456,4,4,-107,-178,-211,-226,320,-155,-85,-103,-65,8
7457,2,2,-122,-133,379,198,-293,-385,-470,133,93,-146
7458,3,3,-550,-79,-262,639,-267,60,-599,15,-60,70
7459,9,9,-239,-337,-227,-77,-17,150,-190,-149,118,335
7460,7,7,-200,-58,84,182,-294,-338,-710,370,-119,31
7461,6,6,113,-215,-156,-273,12,17,361,-329,-136,-313
7462,9,9,-266,-428,-275,43,56,71,-331,-7,-15,409
7463,1,1,-209,356,-173,-343,108,-203,-223,-24,-38,-195
7464,9,9,-254,-469,-229,-17,81,60,-272,-137,70,457
7465,0,0,252,-181,8,-207,49,-353,-62,-211,-7,-187
7466,6,6,69,-370,-216,-153,-55,43,444,-455,24,-287
7467,7,7,-211,-170,-40,155,-252,-234,-669,394,-77,116
7468,1,1,-243,398,-110,-351,103,-222,-270,-8,-4,-274
7469,2,2,-217,-120,407,15,-106,-151,-263,-8,92,-319
7470,3,3,-432,-223,-207,601,-353,68,-645,22,13,124
7471,9,9,-273,-412,-147,-22,23,63,-297,-64,126,342
7472,2,2,-76,-193,301,70,-98,-236,-300,84,-85,-149
7473,4,4,-113,8,-318,-266,158,-91,-168,-23,-24,11
7474,5,5,-291,-211,-332,119,-196,440,-82,-167,18,-3
7475,5,5,-379,-306,-378,89,-207,531,-169,-325,22,211
7476,3,3,-61,-262,35,347,-248,-86,-399,-43,-31,17
7477,7,7,-111,-166,181,168,-362,-311,-661,338,-102,11
7478,5,5,-252,-243,-278,93,-143,375,-161,-231,-75,167
7479,3,3,-361,-225,-307,486,-203,191,-440,-110,-21,163
7480,1,1,-128,395,-83,-430,110,-239,-177,-64,-76,-287
7481,8,8,-140,-225,-299,-38,-189,89,-156,-193,369,119
7482,2,2,-60,-174,422,137,-381,-392,-398,111,64,-197
7483,2,2,-169,78,478,96,-237,-407,-477,218,-80,-351
7484,3,3,-340,-91,-216,562,-405,-4,-638,-32,-22,109
7485,0,0,354,-254,142,-178,-190,-358,-146,-140,-37,-119
7486,2,2,-146,-131,309,142,-243,-306,-356,50,146,-123
7487,9,9,-315,-448,-196,3,145,2,-320,-124,96,451
7488,4,4,-130,-135,-164,-204,346,-157,-161,-8,-100,-67
7489,9,9,-247,-327,-172,-24,80,6,-313,-39,30,375
7490,7,7,-179,-113,67,170,-242,-312,-644,292,-15,79
7491,0,0,265,-363,36,-120,-54,-219,-75,-214,15,3
7492,2,2,17,-50,353,41,-331,-312,-379,165,-94,-163
7493,7,7,-218,-6,-4,176,-250,-285,-634,323,-89,36
7494,4,4,-23,-5,-206,-350,290,-196,-99,-103,-59,-135
7495,9,9,-245,-230,-200,-43,6,-29,-407,3,80,383
7496,9,9,-251,-289,-181,-49,118,-47,-403,-10,-5,410
7497,2,2,-184,180,518,-44,-183,-414,-388,150,-66,-497
7498,5,5,-254,-133,-262,220,-223,342,-167,-206,-135,5
7499,9,9,-256,-294,-173,-15,72,-82,-394,-21,103,407
7500,8,8,-149,-252,-260,0,-185,11,-229,-188,445,151
7501,3,3,-488,-167,-235,631,-262,91,-547,-44,-26,70
7502,8,8,-206,-285,-161,23,-288,41,-258,-189,502,110
7503,6,6,102,-154,-73,-284,-57,30,305,-362,-81,-331
7504,7,7,-218,-109,97,211,-304,-324,-683,314,-12,48
7505,0,0,283,-285,44,-197,105,-367,-53,-295,-45,-109
7506,0,0,467,-305,9,-223,-329,-135,16,-242,-146,-197
7507,1,1,-132,324,-95,-249,74,-192,-178,-44,-121,-237
7508,2,2,-171,115,524,66,-353,-411,-325,-112,121,-411
7509,3,3,-457,-252,-160,644,-310,64,-548,-139,113,59
7510,4,4,-345,60,-120,-273,485,-124,-249,13,-172,-229
7511,5,5,-188,-90,-130,142,-143,272,-389,-105,-249,61
7512,6,6,-94,-258,-177,-74,6,63,435,-458,7,-478
7513,7,7,-207,-123,-249,-125,37,-105,-408,466,-138,31
7514,8,8,63,-593,28,79,-252,-90,-24,-367,365,54
7515,9,9,-243,-501,-244,136,119,-69,-411,-11,20,447
7516,0,0,427,-339,110,-196,-196,-323,-69,-240,-65,-131
7517,1,1,-104,322,-88,-335,-18,-169,-148,-130,5,-233
7518,2,2,-149,-60,518,183,-467,-454,-399,-117,264,-318
7519,3,3,-304,-276,-163,515,-290,65,-551,-148,125,129
7520,4,4,-304,-79,-105,-217,476,-125,-237,2,-168,-144
7521,5,5,-185,-366,-154,79,-147,316,11,-204,32,-17
7522,6,6,-3,-353,-150,-45,25,17,381,-453,-77,-378
7523,7,7,-214,-40,-133,-25,-50,-167,-526,346,-32,57
7524,8,8,46,-511,42,36,-114,-136,-53,-387,339,45
7525,9,9,-263,-233,-188,17,129,-111,-503,40,-76,385
7526,0,0,390,-251,59,-248,-202,-284,-73,-207,-51,-140
7527,1,1,-77,286,-68,-256,-40,-158,-113,-135,-20,-264
7528,2,2,-120,26,516,139,-457,-422,-397,-63,140,-334
7529,3,3,-279,-318,-199,509,-191,85,-483,-181,82,153
7530,4,4,-99,61,-31,-307,352,-234,-173,-44,-159,-254
7531,5,5,-219,-355,-207,190,-208,373,-79,-190,-53,-25
7532,6,6,9,-349,-175,-83,90,1,374,-395,-128,-303
7533,7,7,-146,-157,-217,-65,-16,-144,-464,397,-48,79
7534,8,8,55,-454,85,6,-246,-118,10,-386,353,-37
7535,9,9,-261,-313,-169,29,150,-155,-490,38,26,414
7536,0,0,379,-207,-7,-245,-300,-187,-146,-110,-69,-145
7537,0,0,451,-285,60,-252,-285,-239,-5,-274,-86,-172
7538,7,7,-164,-53,-133,-34,-47,-129,-454,265,-81,110
7539,2,2,-95,107,407,-11,-201,-413,-431,56,9,-243
7540,6,6,60,-380,-140,-122,17,-22,438,-422,-49,-338
7541,5,5,-212,-308,-163,139,-110,271,-50,-154,-18,13
7542,5,5,-257,-285,-185,114,-168,346,-20,-170,28,-34
7543,3,3,-402,-214,-47,592,-369,-28,-611,-73,105,46
7544,7,7,-178,-76,-118,-1,-6,-262,-562,356,-45,90
7545,8,8,-80,-486,2,178,-170,-83,-137,-284,373,92
7546,6,6,35,-250,-159,-177,44,2,392,-421,-98,-323
7547,6,6,29,-219,-183,-196,35,-6,433,-458,-71,-396
7548,6,6,26,-316,-124,-162,69,-16,408,-380,-81,-345
7549,6,6,12,-252,-207,-142,30,29,402,-420,-73,-330
7550,4,4,-194,-3,-70,-294,469,-220,-214,1,-141,-276
7551,3,3,-309,-137,-142,541,-303,55,-444,-170,43,-48
7552,8,8,10,-381,-158,33,-170,-58,-171,-234,269,204
7553,8,8,-72,-326,-109,13,-213,-37,-107,-377,367,58
7554,3,3,-371,-175,-250,572,-238,115,-520,-140,-45,90
7555,0,0,397,-321,59,-214,-86,-199,-21,-290,-182,-88
7556,1,1,-116,299,24,-276,12,-312,-329,-5,-37,-137
7557,9,9,-153,-406,-203,98,45,-104,-409,-49,18,419
7558,0,0,343,-316,99,-168,-57,-227,-71,-275,-163,-105
7559,5,5,-285,-191,-321,28,-238,536,-191,-260,-146,136
7560,4,4,-370,73,-133,-140,410,-163,-246,26,-136,-232
7561,1,1,-85,313,-137,-321,52,-212,-184,-102,-35,-216
7562,9,9,-252,-367,-230,36,148,-55,-378,-60,-8,436
7563,1,1,-185,418,-90,-364,87,-273,-258,-52,-19,-244
7564,2,2,-183,131,511,83,-279,-506,-486,107,41,-375
7565,7,7,-252,-104,-375,-239,216,-64,-319,375,-130,-92
7566,0,0,432,-369,95,-185,-151,-240,-64,-269,-119,-96
7567,1,1,-161,343,-81,-330,96,-284,-261,-15,-48,-196
7568,3,3,-216,-294,-85,477,-290,-8,-406,-206,155,67
7569,8,8,13,-541,-26,66,-205,-90,-95,-301,342,157
7570,2,2,-188,162,548,84,-362,-444,-434,-11,67,-425
7571,9,9,-229,-489,-224,65,135,-19,-393,-23,-60,429
7572,2,2,-155,14,406,187,-299,-362,-455,84,13,-254
7573,7,7,-190,-54,-185,-37,-19,-161,-496,289,-50,133
7574,4,4,-269,136,-124,-244,307,-109,-211,-35,-90,-184
7575,2,2,-151,63,516,125,-459,-443,-438,28,89,-309
7576,6,6,42,-387,-235,-199,-44,105,532,-514,-33,-339
7577,5,5,-255,-347,-250,131,-216,440,-5,-222,9,-89
7578,5,5,-230,-322,-205,157,-160,354,-101,-195,-63,26
7579,9,9,-170,-381,-199,66,108,-78,-338,-88,11,374
7580,9,9,-48,-356,-128,-38,153,-87,-235,-11,-129,241
7581,1,1,-217,388,-136,-307,104,-255,-288,-51,-2,-188
7582,1,1,-179,356,-208,-321,88,-213,-231,-8,-46,-203
7583,5,5,-286,-247,-272,171,-181,376,-126,-237,-2,85
7584,7,7,-132,-31,-111,-39,-71,-205,-499,327,-84,56
7585,6,6,-29,-306,-257,-124,27,57,488,-461,-64,-361
7586,8,8,-148,-492,77,92,-296,-32,-74,-289,467,48
7587,2,2,-104,-5,461,67,-394,-424,-333,-105,215,-271
7588,9,9,-316,-165,-223,-37,162,-69,-461,-20,-44,405
7589,4,4,-220,-54,-62,-343,563,-208,-283,-48,-162,-141
7590,3,3,-278,-183,-180,626,-406,-68,-564,-130,63,57
7591,1,1,-113,365,-93,-343,69,-233,-243,-47,-79,-197
7592,9,9,-114,-374,-140,4,116,-108,-311,-7,-68,344
7593,0,0,355,-145,98,-279,-33,-398,-132,-171,-118,-187
7594,9,9,-186,-333,-181,45,89,-111,-381,-10,-5,401
7595,3,3,-239,-227,-2,415,-425,-54,-385,-224,286,-3
7596,6,6,11,-302,-192,-163,34,16,478,-469,-45,-378
7597,8,8,-181,-344,-95,249,-261,26,-242,-241,391,34
7598,7,7,-165,-141,-162,8,-62,-167,-486,407,-68,85
7599,0,0,365,-145,51,-259,-168,-234,-102,-195,-151,-206
7600,1,1,-185,396,-139,-305,89,-242,-253,-45,-56,-219
7601,0,0,420,-289,108,-223,-204,-271,-67,-224,-122,-117
7602,5,5,-187,-357,-199,51,-157,410,-136,-168,-130,105
7603,8,8,3,-449,23,6,-136,-40,-51,-379,288,37
7604,2,2,-183,-4,525,247,-593,-456,-495,-30,170,-288
7605,7,7,-190,-124,-176,11,-46,-142,-503,315,-56,156
7606,7,7,-183,-16,-139,-22,-69,-114,-417,231,-26,100
7607,0,0,424,-290,-66,-213,-349,-21,28,-170,-130,-129
7608,1,1,-243,359,-48,-244,88,-123,-147,-235,44,-260
7609,2,2,-86,-49,629,6,-362,-283,-460,98,-87,-355
7610,3,3,-512,-27,-68,508,-146,-33,-409,23,66,-161
7611,4,4,-206,-108,-132,-290,478,-62,-187,-82,-225,-67
7612,5,5,-326,-205,-293,109,-99,404,-59,-174,-40,-7
7613,6,6,112,-433,-214,-190,-165,-5,514,-461,143,-242
7614,7,7,-204,-206,-155,61,-122,-171,-552,380,-12,185
7615,8,8,-161,-434,-77,239,-292,-136,-269,-244,551,110
7616,9,9,-260,-272,-101,8,140,-126,-479,53,-22,375
7617,0,0,441,-264,-77,-189,-352,-36,13,-191,-189,-105
7618,1,1,-196,327,-162,-212,69,-145,-183,-130,27,-154
7619,2,2,35,-167,379,-7,-447,-85,-337,47,-36,-161
7620,3,3,-540,-150,-181,556,-213,21,-467,-34,148,31
7621,4,4,-198,-240,-113,-255,470,-73,-152,-102,-222,27
7622,5,5,-307,-236,-433,90,-122,464,-63,-200,-133,82
7623,8,8,-191,-295,110,64,-196,-135,-129,-263,514,-90
7624,9,9,-271,-358,-94,90,84,-87,-465,16,21,397
7625,0,0,440,-309,-95,-159,-322,-35,13,-218,-151,-84
7626,1,1,-155,281,-95,-210,-10,-154,-168,-94,33,-154
7627,2,2,34,-69,395,63,-266,-155,-322,9,-222,-331
7628,3,3,-540,-74,-148,579,-220,-30,-475,18,86,-31
7629,4,4,-127,-179,-145,-239,415,-71,-113,-56,-264,-84
7630,5,5,-204,-321,-302,8,-204,411,37,-232,41,28
7631,6,6,73,-390,-211,-151,-65,91,382,-396,21,-161
7632,7,7,-233,-129,-49,95,-212,-230,-628,464,-138,86
7633,8,8,-193,-305,12,48,-282,-68,-120,-310,535,-21
7634,9,9,-272,-293,-160,-11,142,-68,-374,10,90,342
7635,2,2,-94,-110,526,22,-61,-263,-298,-133,-88,-298
7636,1,1,-210,257,-156,-183,39,-110,-247,-38,-10,-1
7637,2,2,107,-236,447,20,-363,-223,-163,-136,7,-292
7638,1,1,-260,354,-189,-200,91,-110,-216,-172,13,-145
7639,3,3,-610,-77,-360,664,-237,219,-463,-90,-10,8
7640,9,9,-287,-272,-168,-63,116,-74,-433,-23,94,424
7641,9,9,-282,-326,-53,3,42,-80,-295,-118,197,347
7642,8,8,-139,-242,-74,-35,-265,-37,-45,-330,474,-23
7643,5,5,-306,-97,-290,101,-96,383,-128,-134,-121,1
7644,3,3,-594,-147,-316,651,-269,223,-506,-39,-49,68
7645,7,7,-130,-287,-128,26,-108,-110,-438,368,-81,154
7646,0,0,417,-261,72,-235,-293,-176,-10,-227,-90,-186
7647,7,7,-174,-172,-48,98,-261,-268,-636,423,-20,90
7648,7,7,-178,-178,-8,117,-283,-253,-643,362,-2,107
7649,5,5,-188,-377,-311,-36,-172,418,53,-261,-6,110
7650,7,7,-234,-39,-41,117,-218,-279,-658,418,-112,64
7651,9,9,-273,-261,-163,7,115,-160,-425,-58,174,402
7652,9,9,-134,-381,-159,12,59,-117,-316,-19,82,393
7653,4,4,-102,-141,-108,-292,428,-129,-147,-137,-196,21
7654,7,7,-245,-88,-30,131,-239,-244,-666,392,-96,91
7655,0,0,461,-294,-48,-195,-412,-72,-6,-199,-97,-205
7656,3,3,-595,37,-135,567,-200,-15,-417,-12,79,-204
7657,4,4,-205,-66,-133,-327,440,-22,-222,-69,-237,15
7658,1,1,-146,254,-68,-173,-7,-156,-147,-76,34,-168
7659,5,5,-320,-355,-369,137,-291,530,-92,-262,-3,111
7660,8,8,-220,-333,-79,51,-249,-18,-153,-318,576,14
7661,1,1,-93,248,-177,-244,1,-69,-87,-111,-3,-171
7662,4,4,-309,-48,-176,-198,484,-96,-258,-29,-136,-85
7663,8,8,-243,-331,-103,74,-177,-81,-205,-252,577,85
7664,4,4,-267,-252,-103,-199,448,-110,-168,-111,-143,65
7665,1,1,-109,316,-108,-294,25,-173,-228,-48,-54,-118
7666,8,8,-175,-410,-65,162,-253,-156,-165,-242,633,11
7667,6,6,66,-409,-283,-185,-93,52,481,-354,81,-233
7668,6,6,42,-121,41,-297,-22,-53,359,-398,6,-444
7669,4,4,-335,-120,-144,-196,490,-55,-279,-15,-193,-3
7670,6,6,-16,-232,-168,-163,-18,11,436,-424,28,-336
7671,0,0,323,-304,-159,-121,-300,36,69,-160,-68,-80
7672,5,5,-300,-261,-362,208,-273,375,-61,-213,49,58
7673,5,5,-284,-306,-243,12,-221,395,-85,-229,86,161
7674,3,3,-634,-117,-243,633,-201,117,-504,-38,-3,56
7675,3,3,-459,-113,-235,476,-165,50,-417,-48,15,116
7676,5,5,-289,-278,-303,86,-205,426,-90,-242,-8,154
7677,7,7,-229,-129,0,156,-308,-238,-712,406,-119,91
7678,2,2,-51,-83,521,-44,-156,-350,-252,-82,32,-339
7679,5,5,-218,-198,-288,-39,-43,283,-101,14,-148,86
7680,9,9,-220,-298,-145,-24,134,-116,-404,26,78,364
7681,6,6,38,-359,-129,-191,-122,5,531,-498,100,-357
7682,9,9,-201,-368,-220,1,47,-44,-322,-86,138,422
7683,2,2,-2,-202,410,39,-195,-252,-429,9,-54,-73
7684,6,6,14,-279,-133,-191,-60,25,486,-445,7,-349
7685,2,2,24,-84,523,-53,-193,-301,-313,-14,-88,-288
7686,1,1,-174,319,-154,-244,51,-127,-218,-69,-27,-98
7687,2,2,15,-126,523,-25,-391,-270,-418,47,-23,-222
7688,0,0,436,-350,-105,-223,-406,30,16,-111,-119,-118
7689,8,8,-143,-237,-23,125,-342,-14,-165,-156,318,55
7690,3,3,-487,-33,-87,482,-231,-31,-422,4,48,-28
7691,8,8,-256,-167,-54,144,-35,-150,-121,-197,386,-92
7692,3,3,-462,-77,-209,503,-204,90,-344,-44,3,-15
7693,0,0,466,-368,-120,-221,-377,19,38,-144,-163,-93
7694,8,8,-248,-374,-69,99,-300,91,-64,-251,449,49
7695,7,7,-169,-139,-20,70,-240,-141,-534,398,-165,73
7696,4,4,-378,-201,-156,-250,522,-3,-261,-50,-161,93
7697,9,9,-240,-232,-142,-84,174,-104,-381,36,-11,344
7698,5,5,-185,-196,-305,11,-111,330,-173,-47,-156,150
7699,0,0,455,-312,-49,-170,-341,-75,6,-210,-153,-96
7700,9,9,-248,-306,-152,31,49,-30,-390,-15,55,375
7701,7,7,-171,-181,-8,113,-311,-122,-604,379,-156,70
7702,0,0,412,-300,-127,-161,-332,1,59,-229,-119,-114
7703,0,0,422,-298,-38,-212,-328,-81,-40,-148,-116,-87
7704,4,4,-277,-64,-116,-173,428,-78,-270,3,-155,-42
7705,6,6,85,-489,-296,-175,-135,66,545,-380,60,-279
7706,0,0,381,-234,-55,-225,-402,-30,-8,-130,-66,-179
7707,9,9,-232,-318,-140,16,103,-162,-446,78,58,374
7708,1,1,-155,336,-143,-260,71,-228,-277,31,-92,-159
7709,6,6,31,-442,-325,-180,-101,92,540,-343,49,-316
7710,2,2,3,-63,546,11,-228,-300,-339,-1,-156,-355
7711,7,7,-140,-156,-89,44,-169,-11,-302,333,-172,12
7712,6,6,25,-482,-260,-203,-96,55,525,-362,124,-255
7713,8,8,-69,-389,-149,-52,-308,193,7,-219,390,-2
7714,3,3,-601,-57,-120,528,-178,43,-528,16,37,-18
7715,5,5,-253,-256,-314,13,-205,473,-104,-262,-97,178
7716,2,2,-51,-107,466,9,-168,-245,-252,-97,-17,-235
7717,1,1,-130,292,-133,-237,6,-113,-100,-122,10,-218
7718,8,8,7,-427,-109,-40,-280,90,5,-245,382,46
7719,3,3,-543,-47,-250,565,-242,123,-480,-27,-18,53
7720,8,8,-177,-306,-113,94,-248,57,-8,-292,399,-6
7721,6,6,45,-355,-169,-190,-99,58,487,-406,63,-323
7722,1,1,-74,321,-90,-302,-18,-167,-149,-80,-41,-211
7723,0,0,443,-296,-100,-179,-316,-58,59,-250,-156,-117
7724,2,2,86,-229,344,-30,-63,-293,-230,-96,-30,-92
7725,1,1,-103,273,-79,-246,-11,-138,-196,-49,-22,-129
7726,4,4,-144,-47,-179,-261,392,-98,-177,4,-233,-150
7727,0,0,468,-359,43,-221,-334,-164,47,-259,-94,-182
7728,1,1,-72,268,-87,-210,-40,-265,-300,-36,-32,-166
7729,2,2,-98,-116,485,52,-294,-361,-362,-131,174,-196
7730,3,3,-113,-153,-74,423,-300,-26,-479,-155,-56,-2
7731,4,4,-356,-64,-247,-215,544,-164,-375,0,-98,-1
7732,5,5,-246,-349,-343,66,-381,486,-20,-327,283,-56
7733,6,6,-24,-293,-207,-90,-34,30,449,-518,9,-328
7734,7,7,-152,-205,-186,29,-81,-185,-506,362,57,136
7735,8,8,-62,-270,0,86,-239,-105,-140,-320,417,-100
7736,9,9,-274,-104,-85,-100,119,-130,-487,75,25,274
7737,0,0,449,-369,26,-186,-253,-149,14,-259,-83,-135
7738,1,1,-52,263,-85,-254,-14,-266,-280,-39,-48,-186
7739,2,2,-236,-21,373,276,-335,-341,-648,93,-12,-127
7740,3,3,-353,-163,-166,652,-363,-95,-684,-11,0,100
7741,4,4,-256,-248,-166,-178,518,-242,-303,62,-122,-39
7742,5,5,-305,-301,-365,71,-373,552,11,-439,116,-14
7743,6,6,-21,-258,-154,-151,56,24,404,-500,-65,-342
7744,7,7,-143,-208,28,166,-264,-286,-673,339,-3,130
7745,8,8,-192,-369,93,128,-273,-181,-167,-321,611,-89
7746,9,9,-220,-423,-202,80,52,-170,-497,37,190,421
7747,0,0,374,-429,8,-223,-67,-101,23,-233,-115,-35
7748,1,1,-99,299,-70,-236,-10,-289,-365,-18,-22,-118
7749,2,2,-252,-137,510,208,-332,-369,-486,-40,183,-171
7750,3,3,-327,-202,-93,593,-333,-8,-569,-25,-36,19
7751,4,4,-171,-205,-213,-239,479,-223,-166,-11,-57,-195
7752,5,5,-255,-320,-288,-7,-290,538,-5,-299,121,-38
7753,6,6,26,-471,-225,-142,-53,66,572,-583,7,-357
7754,7,7,-68,-155,-88,4,-92,-288,-528,363,-43,91
7755,8,8,-112,-279,112,11,-256,-181,-107,-355,528,-159
7756,9,9,-252,-352,-233,61,57,-130,-541,14,120,467
7757,7,7,-168,-24,-74,-37,-41,-230,-514,308,-31,74
7758,6,6,19,-478,-285,-134,-66,106,573,-521,-19,-284
7759,4,4,-218,-137,-156,-238,535,-191,-214,-13,-194,-175
7760,7,7,-158,-160,-262,-91,-51,-113,-444,447,-89,57
7761,6,6,5,-374,-179,-189,-47,41,591,-589,11,-467
7762,2,2,-169,-75,529,95,-206,-335,-334,-68,35,-318
7763,3,3,-231,-217,-99,544,-284,-63,-622,-1,-132,73
7764,4,4,-210,-173,-162,-199,475,-223,-282,50,-157,-62
7765,8,8,-114,-397,-2,100,-207,-198,-213,-271,551,53
7766,7,7,-125,-215,-286,-122,-57,-135,-386,422,-42,82
7767,8,8,-259,-326,48,152,-252,-158,-144,-321,619,-145
7768,6,6,-108,-226,-143,-83,56,7,434,-547,-1,-480
7769,9,9,-220,-500,-229,121,50,-163,-508,-37,198,506
7770,8,8,-152,-264,60,16,-266,-143,-113,-366,538,-122
7771,3,3,-312,-157,-72,577,-305,-113,-605,-43,-25,44
7772,2,2,-241,-45,462,227,-221,-355,-452,-8,66,-265
7773,2,2,-261,153,496,143,-359,-476,-615,144,34,-310
7774,8,8,-255,-328,-86,98,-49,-131,-185,-192,603,-70
7775,4,4,-148,-191,-126,-274,522,-224,-250,64,-240,-162
7776,8,8,-191,-350,101,132,-268,-185,-171,-315,606,-131
7777,5,5,-245,-246,-290,69,-313,450,-13,-378,85,-41
7778,6,6,-24,-384,-154,-106,-35,33,520,-557,16,-435
7779,5,5,-229,-265,-130,88,-162,361,-125,-259,-43,-14
7780,0,0,421,-385,-38,-167,-178,-103,14,-244,-90,-93
7781,2,2,-228,-51,433,201,-195,-275,-487,3,-32,-182
7782,0,0,424,-481,-89,-135,-177,-64,19,-219,-87,-43
7783,1,1,-97,239,-94,-251,1,-251,-367,-51,38,-59
7784,1,1,-116,319,-62,-229,-11,-295,-386,40,-63,-135
7785,2,2,-211,38,528,164,-387,-356,-572,27,-17,-260
7786,9,9,-240,-462,-252,83,25,-35,-490,33,75,461
7787,6,6,8,-389,-159,-177,-21,28,560,-582,-8,-407
7788,8,8,-123,-241,124,67,-205,-216,-210,-267,434,-61
7789,2,2,-268,6,479,205,-432,-359,-684,124,55,-169
7790,1,1,-79,264,-105,-284,21,-235,-281,-79,-5,-132
7791,0,0,364,-399,37,-184,-19,-140,1,-260,-124,-46
7792,6,6,48,-424,-228,-196,-92,55,613,-593,19,-372
7793,5,5,-377,-277,-322,88,-457,612,-127,-357,237,-29
7794,2,2,-123,78,539,65,-138,-461,-359,92,-146,-517
7795,9,9,-123,-433,-154,27,70,-119,-400,62,-22,363
7796,7,7,-111,-166,-163,-20,-91,-227,-488,383,34,78
7797,5,5,-292,-318,-128,13,-138,379,69,-422,35,-16
7798,3,3,-237,-260,-88,553,-299,0,-460,-128,45,-5
7799,9,9,-261,-406,-217,86,99,-183,-570,38,141,476
7800,3,3,-13,-227,164,368,-306,-186,-322,-132,-110,-226
7801,7,7,-123,-189,-142,-37,-110,-143,-469,407,-111,106
7802,1,1,-31,228,-29,-246,-22,-275,-286,-90,-19,-153
7803,8,8,-119,-348,115,230,-377,-176,-172,-339,499,-144
7804,3,3,-160,-150,-19,510,-391,-74,-490,-82,-38,-80
7805,8,8,-218,-384,10,94,-282,-82,-77,-321,628,-121
7806,1,1,-73,281,-50,-258,0,-267,-329,-90,-14,-145
7807,9,9,-249,-535,-240,146,41,-125,-529,-20,184,503
7808,5,5,-328,-358,-254,140,-203,466,-156,-239,57,86
7809,5,5,-291,-349,-217,127,-222,465,-82,-295,-9,23
7810,0,0,441,-443,-23,-185,-242,-81,148,-368,-77,-122
7811,1,1,-62,252,-115,-212,-44,-254,-298,-31,-19,-153
7812,1,1,-18,142,-91,-222,-16,-243,-307,-91,34,-66
7813,9,9,-206,-431,-154,132,-23,-214,-567,52,222,421
7814,8,8,-240,-498,45,288,-359,-107,-250,-281,634,-2
7815,2,2,-205,-94,442,240,-344,-315,-543,-2,100,-167
7816,6,6,-40,-350,-161,-125,-51,42,527,-575,43,-421
7817,0,0,397,-375,-20,-240,-239,-24,98,-248,-88,-168
7818,4,4,-253,-147,-272,-356,566,-92,-114,40,-172,-357
7819,5,5,-270,-292,-375,119,-283,537,-110,-193,77,-28
7820,0,0,356,-387,52,-212,-11,-120,6,-245,-152,-72
7821,3,3,-20,-307,189,322,-265,-150,-328,-127,-116,-127
7822,1,1,-26,216,-120,-261,26,-238,-228,-130,-20,-174
7823,8,8,-241,-148,164,256,-410,-190,-208,-175,431,-248
7824,6,6,-13,-418,-251,-133,-91,111,521,-532,6,-283
7825,7,7,-149,-174,-31,194,-206,-321,-629,327,27,130
7826,5,5,-351,-207,-296,232,-241,440,-94,-126,30,-150
7827,9,9,-309,-503,-239,89,140,-132,-567,81,60,503
7828,9,9,-119,-405,-163,1,89,-170,-423,64,31,371
7829,3,3,-248,-176,-71,569,-366,-98,-554,-86,40,20
7830,0,0,425,-455,-152,-167,-113,-20,31,-251,-183,39
7831,3,3,-108,-188,78,469,-381,-133,-556,-46,-109,-71
7832,1,1,-115,339,-107,-259,13,-267,-304,-45,-36,-171
7833,4,4,-365,-27,-207,-298,621,-155,-312,31,-252,-151
7834,4,4,-315,-84,-215,-249,532,-175,-299,34,-136,-50
7835,0,0,397,-360,-15,-163,-174,-88,24,-252,-92,-139
7836,4,4,-216,-154,-92,-279,539,-154,-124,23,-191,-385
7837,9,9,-266,-295,-179,82,38,-152,-526,21,159,406
7838,0,0,393,-490,-33,-62,-250,-173,-15,-236,44,-31
7839,1,1,25,159,-80,-302,27,-236,-175,-180,-33,-158
7840,2,2,-82,-24,409,68,-44,-296,-307,-75,-131,-292
7841,3,3,-166,-214,-177,396,-205,62,-382,-260,28,66
7842,5,5,-110,-429,-328,107,-214,346,60,-188,156,-87
7843,6,6,133,-382,-214,-153,-87,-3,475,-436,-42,-326
7844,7,7,-100,-258,-282,-122,-88,-131,-403,448,1,33
7845,8,8,73,-353,-56,17,-140,-198,-212,-166,391,17
7846,0,0,416,-446,84,-132,-241,-298,-71,-216,57,-76
7847,1,1,-13,124,-24,-172,-18,-269,-312,-115,24,-78
7848,2,2,-83,-47,421,-21,35,-301,-357,-50,-136,-194
7849,3,3,-105,-305,176,219,-79,-94,-246,-101,-66,-47
7850,5,5,-171,-288,-140,110,-164,269,60,-171,79,-300
7851,6,6,111,-367,-161,-144,-119,46,345,-454,68,-213
7852,7,7,-99,-230,-171,0,-103,-175,-483,416,11,71
7853,8,8,91,-294,0,-42,-205,-199,-115,-254,373,-52
7854,9,9,-86,-459,-251,-1,86,-67,-316,-9,-27,383
7855,0,0,375,-392,-33,-121,-278,-156,-98,-103,14,-90
7856,1,1,-14,136,-45,-211,-18,-255,-289,-116,34,-83
7857,2,2,-184,-160,396,93,45,-265,-253,-93,-37,-319
7858,3,3,-157,-173,127,332,-216,-134,-424,-151,-11,-19
7859,5,5,-267,-294,-305,149,-147,378,-27,-43,-17,-114
7860,6,6,78,-313,-109,-103,-159,30,351,-515,80,-315
7861,7,7,-106,-174,-107,22,-113,-250,-516,379,57,50
7862,8,8,3,-417,-23,18,-125,-191,-169,-323,454,80
7863,9,9,-148,-426,-300,21,-16,-9,-328,-91,113,429
7864,9,9,-138,-476,-156,74,18,-122,-422,59,-5,413
7865,7,7,-134,-205,-255,-39,-72,-142,-455,360,66,103
7866,0,0,394,-489,72,-119,-25,-270,-50,-304,-61,37
7867,9,9,-127,-549,-178,70,49,-133,-420,-9,104,435
7868,0,0,384,-418,-48,-106,-253,-138,-84,-165,7,-68
7869,1,1,-134,319,-115,-270,50,-260,-331,-52,2,-163
7870,5,5,-266,-346,-126,85,-97,318,-183,-47,-47,48
7871,8,8,-150,-348,139,128,-247,-216,-194,-314,580,-146
7872,8,8,-51,-485,66,27,-260,-115,-51,-397,522,-20
7873,0,0,437,-472,18,-139,-179,-223,-48,-240,-44,-9
7874,9,9,2,-586,-349,19,-57,12,-152,-92,126,357
7875,3,3,-169,-327,20,427,-181,10,-331,-206,-27,-43
7876,2,2,-74,-21,431,-52,-14,-241,-219,-55,-138,-294
7877,7,7,-179,-30,-116,-13,-27,-282,-558,363,-31,34
7878,8,8,-86,-507,47,172,-307,-168,-224,-279,589,37
7879,4,4,-253,29,-133,-345,571,-217,-214,41,-165,-452
7880,6,6,-44,-279,-178,-111,131,7,398,-448,-124,-402
7881,1,1,-158,377,-174,-330,66,-223,-244,-65,-29,-200
7882,0,0,415,-292,46,-201,-181,-285,-86,-211,-71,-136
7883,4,4,-164,37,-85,-284,466,-193,-115,16,-227,-515
7884,9,9,-151,-557,-201,68,93,-147,-460,6,86,485
7885,4,4,-75,-219,-102,-223,434,-169,-69,-103,-155,-217
7886,2,2,-244,-161,366,37,167,-163,-289,-53,-123,-249
7887,0,0,380,-489,19,-99,-74,-179,-24,-268,-42,35
7888,5,5,-238,-284,-200,67,-57,297,-84,-35,-44,0
7889,0,0,397,-422,-36,-144,-208,-62,46,-226,-61,-101
7890,1,1,-124,313,-176,-299,21,-241,-300,-33,16,-141
7891,6,6,120,-562,-166,-80,-48,-15,439,-498,55,-185
7892,9,9,-201,-372,-246,48,89,-130,-494,-26,48,453
7893,3,3,-217,-273,-80,461,-161,11,-398,-248,84,2
7894,2,2,-120,-85,459,69,-70,-361,-376,31,-64,-273
7895,9,9,-25,-497,-193,29,46,-140,-328,-12,22,377
7896,1,1,-46,230,-110,-245,-24,-256,-268,-40,-26,-168
7897,6,6,18,-302,-118,-98,-120,-3,424,-505,104,-362
7898,0,0,371,-545,-1,-59,-46,-171,5,-340,-42,53
7899,1,1,20,104,-129,-223,-87,-223,-235,-82,54,-111
7900,1,1,-13,191,-80,-254,-37,-245,-216,-137,25,-178
7901,8,8,-47,-343,-60,-4,-184,-159,-176,-197,525,31
7902,7,7,-162,-222,-160,30,-6,-259,-565,263,116,169
7903,7,7,-97,-150,-43,84,-143,-350,-557,344,66,33
7904,6,6,17,-448,-240,-28,-3,57,415,-474,-2,-219
7905,3,3,-106,-300,13,343,-195,-32,-330,-280,31,52
7906,6,6,16,-439,-197,-53,43,34,401,-472,-36,-204
7907,0,0,384,-456,-29,-116,-140,-87,-35,-234,-101,-2
7908,7,7,-134,-189,-190,-48,-51,-221,-479,369,77,75
7909,2,2,-70,-32,458,-90,-28,-292,-303,-143,5,-253
7910,4,4,-91,-123,-176,-256,457,-177,-130,23,-189,-359
7911,1,1,-91,276,-62,-306,80,-277,-237,-79,-41,-243
7912,7,7,-188,-104,-160,25,-66,-219,-543,309,71,99
7913,0,0,409,-411,22,-139,-211,-271,-18,-271,13,-66
7914,6,6,44,-423,-176,-77,-131,52,441,-518,101,-273
7915,7,7,-170,-213,-232,16,11,-184,-516,240,115,165
7916,1,1,-44,217,-86,-250,-12,-216,-271,-118,13,-137
7917,2,2,-18,-311,334,46,72,-204,-157,-205,-101,-189
7918,5,5,-268,-267,-332,147,-174,391,-6,-89,40,-139
7919,8,8,-18,-344,114,84,-283,-223,-221,-213,493,-47
7920,1,1,-50,244,-23,-296,-2,-274,-306,-100,29,-157
7921,8,8,-64,-315,-75,54,-232,9,-1,-260,328,-60
7922,2,2,10,-158,398,-95,8,-180,-161,-178,-55,-254
7923,8,8,-60,-284,79,45,-212,-153,-160,-256,459,-113
7924,7,7,-115,-191,-208,6,-59,-178,-465,366,40,46
7925,6,6,47,-392,-201,3,-77,42,342,-471,13,-229
7926,8,8,-38,-413,29,85,-312,-178,-182,-264,553,22
7927,7,7,-184,-89,-120,16,-12,-258,-560,214,33,176
7928,1,1,23,89,-71,-193,-34,-264,-195,-148,35,-139
7929,6,6,65,-338,-87,-119,-55,-42,400,-525,63,-340
7930,2,2,-158,52,508,-6,-115,-280,-287,-71,-39,-356
7931,9,9,-231,-478,-240,148,48,-117,-488,-31,122,483
7932,3,3,-510,-99,-203,617,-111,40,-538,-140,-48,28
7933,0,0,401,-410,158,-94,-185,-348,-125,-224,-50,-22
7934,1,1,-59,212,-176,-200,-153,-129,-155,-123,69,-174
7935,2,2,-129,89,598,86,-327,-482,-460,131,-89,-469
7936,3,3,-471,-143,-209,603,-338,-15,-572,-48,62,85
7937,4,4,-202,-71,-120,-243,539,-194,-209,-1,-209,-283
7938,5,5,-343,-407,-337,10,-289,558,45,-460,125,94
7939,6,6,-18,-338,-185,-198,-78,101,530,-536,5,-321
7940,7,7,-166,-228,-20,129,-210,-209,-645,428,-122,100
7941,8,8,-13,-509,76,70,-269,-244,-142,-290,540,61
7942,9,9,-284,-365,-250,46,64,-63,-449,-32,107,469
7943,0,0,389,-264,1,-195,-290,-25,-98,-144,-267,4
7944,1,1,-71,316,-83,-391,49,-242,-222,-99,-35,-209
7945,2,2,-40,-294,361,66,-5,-187,-106,-140,-164,-330
7946,3,3,-441,-16,159,464,-266,-188,-583,-7,18,-68
7947,4,4,-148,-133,-158,-276,459,-106,-111,-1,-219,-249
7948,5,5,-317,-249,-248,-8,-348,533,-157,-331,187,56
7949,6,6,-4,-367,-273,-109,5,79,466,-482,-50,-254
7950,7,7,-129,-208,71,101,-302,-247,-598,436,-65,12
7951,8,8,-57,-374,-28,167,-303,-214,-314,-76,431,146
7952,9,9,-364,-154,-222,-52,137,-66,-513,37,3,413
7953,0,0,452,-360,6,-178,-285,-158,68,-281,-97,-105
7954,1,1,-74,290,-121,-301,-5,-250,-257,-62,-11,-170
7955,2,2,-136,-34,507,12,-35,-316,-276,28,-96,-472
7956,3,3,-401,-43,-150,633,-274,-19,-544,-18,-142,-101
7957,4,4,-257,-64,-218,-241,490,-152,-243,24,-118,-148
7958,5,5,-332,-356,-376,130,-233,552,-160,-316,86,118
7959,6,6,102,-456,-345,-131,-96,87,533,-496,-46,-251
7960,7,7,-130,-168,21,125,-269,-417,-683,457,-3,51
7961,8,8,-69,-349,-57,79,-222,-213,-275,-153,511,114
7962,9,9,-342,-367,-249,12,142,-114,-552,47,101,501
7963,8,8,-110,-519,-47,136,-282,-131,-262,-222,605,174
7964,9,9,-405,-242,-262,52,68,-61,-539,-24,198,440
7965,5,5,-326,-479,-448,19,-307,651,-117,-404,37,258
7966,7,7,-236,-99,80,250,-384,-330,-795,414,-96,20
7967,0,0,458,-361,55,-230,-315,-134,58,-266,-86,-175
7968,3,3,-544,-76,-128,708,-404,2,-702,-14,-38,-7
7969,1,1,-128,361,-130,-327,63,-179,-180,-65,-92,-230
7970,6,6,-49,-264,-189,-153,25,50,467,-523,17,-417
7971,8,8,-35,-380,-97,41,-178,-273,-370,20,383,161
7972,4,4,-279,-48,-224,-281,512,-77,-174,19,-186,-241
7973,1,1,-116,337,-41,-269,34,-319,-350,-5,-78,-159
7974,5,5,-379,-313,-435,99,-189,571,-159,-203,38,96
7975,6,6,46,-428,-173,-229,-104,92,547,-576,54,-338
7976,4,4,-96,-213,-167,-212,432,-125,-80,-65,-184,-190
7977,2,2,-160,106,590,95,-327,-459,-423,76,-61,-468
7978,7,7,-91,-187,162,127,-367,-353,-651,436,-27,-43
7979,8,8,-37,-488,54,133,-321,-205,-230,-167,568,57
7980,1,1,-74,306,-72,-299,10,-234,-252,-81,-45,-165
7981,3,3,-435,-82,-180,678,-365,3,-608,-56,-53,-30
7982,4,4,-298,-18,-195,-169,402,-187,-333,5,-40,15
7983,3,3,-526,-45,-425,677,-230,174,-461,-231,2,11
7984,4,4,-177,-4,-214,-311,469,-197,-252,17,-159,-179
7985,7,7,-109,-187,60,153,-228,-414,-627,319,81,93
7986,2,2,6,-194,432,92,-285,-354,-245,63,-47,-327
7987,0,0,440,-508,78,-176,-189,-201,24,-321,-28,-20
7988,5,5,-251,-475,-275,28,-166,459,-43,-287,82,129
7989,0,0,365,-411,96,-153,-21,-227,-50,-266,-157,16
7990,1,1,-26,162,-204,-261,-109,-128,-157,-144,104,-159
7991,9,9,-191,-423,-185,89,-71,-120,-418,-4,255,374
7992,2,2,-199,168,517,60,-161,-382,-353,69,-138,-498
7993,3,3,-441,-82,-331,658,-333,133,-619,-75,-94,65
7994,2,2,-157,-43,528,109,-179,-294,-341,46,-104,-393
7995,3,3,-605,-24,-236,696,-227,-16,-652,-55,-56,54
7996,5,5,-225,-246,-356,87,-151,399,-51,-180,79,-25
7997,5,5,-268,-161,-319,145,-336,483,-153,-205,84,-96
7998,7,7,-134,-261,-91,18,-143,-175,-532,396,73,87
7999,8,8,65,-505,-38,-80,-265,-115,-87,-100,488,-1
8000,4,4,-33,-58,-15,-368,501,-227,-142,-116,-206,-347
8001,9,9,-328,-456,-229,163,74,-97,-556,0,90,502
8002,9,9,-284,-299,-250,56,84,-70,-504,-6,1,453
8003,7,7,-208,-127,34,146,-281,-315,-654,289,79,104
8004,1,1,-8,305,-54,-473,81,-194,-79,-140,-78,-307
8005,1,1,-142,356,-115,-258,52,-247,-282,15,-99,-188
8006,9,9,-301,-431,-288,91,107,-50,-555,26,10,502
8007,0,0,416,-445,121,-183,-177,-286,79,-363,4,-86
8008,7,7,-154,-179,126,173,-339,-371,-685,395,19,9
8009,8,8,-202,-469,157,200,-385,-202,-367,-183,627,75
8010,3,3,-168,-286,59,526,-476,-100,-403,-149,148,-118
8011,4,4,-139,-92,-122,-269,424,-195,-84,-40,-119,-296
8012,8,8,-54,-234,-44,30,-87,-211,-229,-150,437,-68
8013,6,6,120,-428,-254,-202,-69,23,549,-489,-28,-302
8014,3,3,-264,-105,-69,510,-314,4,-551,-50,-155,-9
8015,8,8,-68,-532,52,63,-392,-112,-149,-151,599,42
8016,0,0,336,-513,129,-56,21,-282,-128,-266,-93,65
8017,9,9,-273,-439,-268,86,95,-104,-519,52,70,487
8018,6,6,-4,-255,-239,-221,11,71,512,-467,-107,-400
8019,2,2,-36,-104,532,63,-317,-351,-303,75,-12,-406
8020,1,1,-1,250,-54,-286,4,-117,-75,-176,-14,-270
8021,0,0,392,-439,-26,-134,-71,-146,14,-277,-125,45
8022,1,1,-37,258,-118,-298,6,-251,-212,-122,-12,-199
8023,0,0,394,-433,41,-90,-211,-256,-82,-190,20,-57
8024,6,6,-18,-318,-208,-195,15,67,508,-510,-53,-351
8025,2,2,-20,-131,531,-38,-68,-309,-131,-102,-169,-508
8026,3,3,-399,-117,-176,696,-369,-52,-581,-122,54,-15
8027,8,8,-89,-485,96,88,-349,-178,-114,-254,620,-23
8028,9,9,-319,-275,-220,25,80,-84,-503,2,99,433
8029,0,0,409,-479,104,-115,-111,-269,39,-370,-28,-66
8030,7,7,-95,-196,101,60,-246,-210,-547,376,-35,-13
8031,2,2,-229,179,486,80,-190,-337,-399,128,-151,-459
8032,3,3,-473,-123,-346,710,-329,77,-598,-112,29,65
8033,4,4,-317,-47,-121,-292,545,-154,-288,30,-216,-109
8034,5,5,-372,-407,-460,144,-239,576,-151,-399,134,173
8035,5,5,-389,-409,-417,106,-249,582,-146,-406,194,149
8036,2,2,-194,-43,482,43,-44,-244,-157,-34,-121,-523
8037,8,8,-7,-553,92,140,-424,-215,-195,-185,569,63
8038,5,5,-246,-310,-367,-67,-267,549,6,-305,203,-50
8039,4,4,-264,-77,-200,-216,515,-188,-336,-1,-150,-68
8040,6,6,-5,-354,-199,-123,-95,70,534,-512,-65,-359
8041,6,6,29,-460,-207,-182,-56,88,556,-530,-7,-326
8042,6,6,6,-347,-253,-138,-28,75,509,-520,-38,-320
8043,7,7,-188,-226,134,181,-399,-363,-714,415,49,35
8044,9,9,-241,-301,-160,38,16,-122,-509,30,76,414
8045,1,1,-79,311,-19,-265,4,-296,-311,-67,-43,-182
8046,8,8,-40,-412,-78,132,-339,-175,-270,-119,502,144
8047,2,2,54,-365,285,61,-132,-134,-232,-62,-72,-137
8048,1,1,-63,238,-117,-249,-53,-135,-179,-146,30,-156
8049,5,5,-238,-411,-256,-87,-370,529,38,-411,164,78
8050,3,3,-204,-254,-2,488,-95,-46,-364,-216,-114,-81
8051,4,4,-213,-69,-93,-228,526,-245,-236,54,-237,-288
8052,7,7,-108,-242,-29,62,-152,-289,-576,373,54,122
8053,9,9,-283,-504,-257,99,86,-121,-547,55,129,496
8054,4,4,-198,-137,-161,-271,551,-174,-201,-13,-203,-217
8055,0,0,420,-411,48,-129,-212,-209,8,-303,-43,-113
8056,0,0,424,-401,-11,-73,-238,-166,-71,-243,-69,-59
8057,0,0,453,-422,42,-116,-209,-221,-133,-233,-162,50
8058,1,1,-69,220,-143,-227,-40,-147,-172,-141,27,-155
8059,2,2,-212,282,336,-39,-306,-287,-304,-96,104,-366
8060,3,3,-480,-158,-253,585,-227,36,-605,-113,59,179
8061,4,4,-130,-186,-95,-80,259,-135,-210,-57,-194,54
8062,5,5,-98,-280,-362,-44,-349,388,27,-360,189,-19
8063,6,6,25,-152,-221,-214,-37,49,375,-473,-28,-347
8064,7,7,-202,-51,-89,143,-245,-287,-652,325,42,79
8065,8,8,16,-86,-120,-72,-147,-98,-161,-237,231,-50
8066,9,9,-348,-152,-272,70,83,-36,-532,-8,-53,368
8067,0,0,452,-358,51,-183,-331,-171,6,-262,-34,-181
8068,1,1,-112,297,-151,-194,0,-213,-271,-64,-33,-162
8069,2,2,-219,267,401,24,-338,-354,-372,44,-30,-350
8070,3,3,-553,-98,-242,685,-219,49,-614,-34,-136,54
8071,4,4,-177,-93,-163,-116,246,-86,-217,-66,-199,66
8072,5,5,-434,-270,-536,249,-330,597,-378,-329,56,229
8073,6,6,140,-371,-168,-218,-154,56,444,-447,12,-321
8074,7,7,-199,-165,-173,37,-58,-147,-540,348,-57,171
8075,8,8,14,-163,-177,-48,-229,-78,-137,-269,311,0
8076,9,9,-288,-244,-206,-54,145,-123,-492,15,25,444
8077,0,0,395,-399,12,-140,-337,-150,-63,-172,21,-81
8078,1,1,-127,221,-115,-173,-18,-172,-241,-96,39,-110
8079,2,2,-178,236,444,24,-421,-411,-381,-33,68,-358
8080,3,3,-505,-26,-119,624,-350,-35,-690,44,-115,-6
8081,4,4,-18,-226,-61,-179,280,-167,-1,-214,-158,-46
8082,5,5,-341,-493,-510,169,-260,586,-172,-352,66,245
8083,6,6,-10,-313,-195,-204,-46,66,522,-533,19,-355
8084,9,9,-335,-297,-205,-45,232,-124,-536,7,-11,474
8085,0,0,461,-374,49,-218,-338,-195,18,-248,-47,-159
8086,1,1,-104,310,-125,-216,2,-204,-286,-22,-86,-135
8087,3,3,-381,-126,-168,643,-383,-86,-675,-21,21,71
8088,1,1,-45,202,-127,-230,-121,-128,-187,-109,63,-113
8089,5,5,-390,-317,-424,48,-309,630,-165,-297,123,120
8090,1,1,-57,218,-150,-211,-32,-143,-107,-172,17,-207
8091,2,2,25,12,322,-68,-348,-352,-179,-58,166,-273
8092,4,4,-145,-42,-98,-192,347,-196,-158,-93,-245,-103
8093,9,9,-285,-159,-236,-42,162,-110,-483,-23,12,369
8094,2,8,-165,10,79,0,-202,-221,-366,-143,284,-23
8095,4,4,-148,4,-167,-202,271,-160,-98,-209,-96,-53
8096,6,6,45,-343,-229,-97,-25,-9,443,-431,-46,-330
8097,8,8,69,-649,11,193,-315,-118,-114,-348,434,66
8098,0,0,388,-524,22,-85,-142,-210,52,-316,31,-17
8099,1,1,-145,334,-112,-334,110,-221,-260,-20,-101,-135
8100,1,1,-65,289,-99,-259,-14,-213,-194,-125,-33,-215
8101,9,9,-324,-278,-239,28,148,-79,-513,9,-9,417
8102,2,2,-212,141,377,121,-493,-390,-344,-48,222,-341
8103,6,6,2,-220,-253,-112,-66,31,416,-424,-16,-375
8104,6,6,19,-295,-268,-93,-53,64,347,-449,43,-270
8105,8,8,89,-252,-230,15,-236,-65,-66,-243,255,-36
8106,7,7,-162,-8,-97,21,-160,-269,-579,269,19,110
8107,4,4,-90,-215,-111,-99,265,-92,-159,-74,-278,16
8108,2,2,-108,251,548,-101,-191,-518,-389,73,-86,-514
8109,9,9,-249,-244,-240,-21,135,-120,-470,-3,33,406
8110,7,7,-180,-51,-129,2,-131,-146,-477,179,61,171
8111,0,0,423,-467,36,-95,-198,-204,20,-323,-17,-53
8112,2,2,-89,37,515,29,-480,-358,-296,-15,118,-394
8113,1,1,-97,333,-142,-266,-3,-179,-225,-45,-73,-177
8114,0,0,431,-442,-11,-157,-210,-90,25,-244,-73,-91
8115,3,3,-197,-236,-254,462,-186,45,-346,-140,48,2
8116,6,6,32,-400,-235,-129,-101,67,537,-586,33,-323
8117,0,0,421,-279,41,-225,-269,-169,82,-285,-101,-147
8118,1,1,-146,385,-59,-339,49,-281,-304,-50,-23,-189
8119,2,2,-227,-12,465,-25,-6,-278,-313,100,-66,-432
8120,3,3,-635,-183,-78,617,-432,-33,-824,14,199,127
8121,4,4,-215,52,-120,-347,514,-143,-194,24,-182,-388
8122,5,5,-193,-265,-281,-102,-130,396,-97,-158,60,118
8123,6,6,-63,-278,8,-133,17,0,341,-427,62,-360
8124,7,7,-159,-190,-9,126,-317,-221,-648,344,-26,120
8125,8,8,-259,-363,186,-9,-326,2,-89,-231,552,-88
8126,9,9,-260,-481,-277,14,57,94,-387,-8,-10,450
8127,0,0,431,-340,-46,-180,-348,-68,56,-230,-83,-127
8128,1,1,-114,206,-50,-236,20,-134,12,-179,-45,-375
8129,2,2,-290,154,557,36,-194,-319,-359,62,-31,-511
8130,3,3,-586,-133,-288,686,-281,142,-615,0,-55,74
8131,4,4,-313,-61,-180,-277,570,-208,-317,-10,-122,-80
8132,5,5,-183,-276,-269,11,-181,407,-47,-139,36,-23
8133,6,6,-26,-418,-213,-63,-94,85,480,-527,36,-261
8134,7,7,-189,-97,15,125,-280,-316,-648,423,-60,43
8135,8,8,-229,-395,-15,109,-211,-64,-44,-289,508,-14
8136,9,9,-218,-491,-223,33,99,-118,-523,115,54,442
8137,0,0,403,-352,21,-158,-243,-197,-117,-155,-88,-38
8138,1,1,-83,295,-45,-278,-59,-224,-142,-149,42,-267
8139,2,2,-243,-1,538,203,-418,-407,-502,128,95,-338
8140,3,3,-465,-225,-167,640,-443,61,-586,-118,179,47
8141,4,4,-250,-155,-143,-177,508,-276,-340,-34,-103,-12
8142,5,5,-301,-471,-230,154,-143,392,-97,-266,28,126
8143,6,6,-46,-162,42,-114,16,8,209,-401,2,-377
8144,7,7,-239,-89,6,237,-296,-360,-720,337,-7,83
8145,8,8,-216,-424,-35,46,-186,0,-87,-392,548,25
8146,9,9,-210,-321,-144,130,-11,-146,-449,-8,170,366
8147,8,8,-95,-395,-108,55,-169,-89,-123,-245,458,126
8148,6,6,-63,-297,-194,-97,-75,75,434,-491,25,-254
8149,5,5,-318,-364,-428,-5,-224,554,-147,-254,97,196
8150,9,9,-323,-415,-274,141,99,-46,-476,-78,111,492
8151,7,7,-214,16,36,127,-257,-278,-644,354,-98,-8
8152,0,0,421,-332,-16,-243,-255,-112,78,-242,-99,-110
8153,2,2,-226,133,437,129,-189,-364,-377,76,-71,-380
8154,3,3,-606,-85,-277,610,-244,108,-666,-20,-21,158
8155,4,4,-200,-87,-133,-286,517,-192,-269,-10,-121,-100
8156,3,3,-656,-291,-162,547,-315,107,-754,0,194,230
8157,8,8,-112,-446,31,94,-366,-91,-126,-205,551,32
8158,5,5,-215,-333,-189,42,-144,374,-27,-231,49,3
8159,1,1,-143,332,-67,-311,65,-286,-269,7,-47,-179
8160,5,5,12,-365,-101,73,-141,178,-33,-174,-45,12
8161,2,2,-146,66,553,-6,-178,-339,-276,4,-61,-466
8162,3,3,-686,-98,-29,652,-383,44,-710,61,31,-47
8163,0,0,332,-356,-34,-201,-115,-63,11,-182,-87,9
8164,1,1,-191,353,-32,-262,87,-292,-318,4,-45,-229
8165,2,2,-207,-11,305,-8,-15,-108,-203,54,-70,-267
8166,1,1,-92,325,5,-296,-23,-245,-215,-98,10,-240
8167,3,3,-608,-176,-265,753,-386,82,-657,-64,76,90
8168,2,2,-330,189,438,92,-195,-296,-465,160,-82,-356
8169,6,6,22,-374,-157,-144,-92,31,491,-577,82,-315
8170,5,5,-114,-243,-294,-37,-141,335,12,-59,26,-56
8171,3,3,-493,-130,-352,581,-170,174,-544,-78,-52,113
8172,0,0,368,-393,52,-171,-170,-181,77,-270,-21,-63
8173,7,7,-241,-90,-79,91,-98,-272,-627,413,-47,81
8174,2,2,-242,63,466,185,-222,-372,-387,151,-88,-433
8175,7,7,-110,-103,-14,64,-248,-336,-588,382,-11,58
8176,4,4,-258,-93,-129,-257,554,-225,-279,-10,-99,-176
8177,6,6,8,-391,-160,-53,-73,-12,418,-511,70,-221
8178,4,4,-253,-107,-31,-164,521,-315,-313,0,-143,-217
8179,0,0,393,-310,27,-264,-249,-110,129,-293,-82,-146
8180,5,5,-201,-481,-303,-31,-153,424,-54,-240,47,195
8181,9,9,-235,-533,-294,-20,-34,140,-271,-28,131,352
8182,9,9,46,-469,-84,-1,114,-252,-304,-46,75,248
8183,8,8,-145,-363,-158,15,-55,151,69,-314,247,-32
8184,9,9,-163,-466,-150,78,-10,-113,-418,37,123,379
8185,5,5,-356,-176,-323,164,-253,431,-99,-407,44,56
8186,3,3,-586,-208,-133,656,-372,-30,-664,10,209,64
8187,1,1,-151,331,-119,-361,85,-249,-211,-51,-10,-211
8188,7,7,-16,-234,-62,30,-181,-284,-501,347,34,95
8189,4,4,-172,-165,-183,-229,473,-154,-152,-7,-126,-199
8190,7,7,-175,-147,51,166,-193,-349,-690,397,-76,74
8191,6,6,-22,-194,-135,-254,8,41,406,-458,12,-360
8192,5,5,-240,-408,-197,-23,-172,405,28,-387,55,131
8193,4,4,-39,-189,-103,-208,342,-220,-112,-76,-112,-64
8194,0,0,329,-103,240,-256,-1,-426,-80,-203,-153,-337
8195,0,0,383,-292,-13,-158,-181,-133,40,-288,-117,-53
8196,6,6,127,-293,-232,-59,-163,49,258,-362,-72,-74
8197,6,6,-5,-465,-71,-33,-132,66,362,-521,189,-233
8198,2,2,-256,-80,360,-10,77,-120,-268,43,-128,-291
8199,0,0,360,-290,70,-199,-170,-218,-12,-157,-67,-149
8200,6,6,13,-392,-112,-130,-71,80,430,-566,75,-339
8201,3,3,-520,-185,-205,542,-256,137,-554,-82,98,107
8202,7,7,-99,-106,-2,49,-139,-293,-471,305,-4,57
8203,7,7,-79,-221,-234,-40,-74,-90,-378,298,-52,157
8204,4,4,-117,-91,43,-159,457,-377,-288,5,-177,-209
8205,4,4,-122,-103,-24,-164,404,-220,-224,17,-155,-184
8206,3,3,-537,-236,-184,689,-352,24,-683,-42,103,115
8207,9,9,-245,-504,-190,23,79,24,-282,-132,80,440
8208,2,2,-168,64,472,108,-237,-362,-389,80,-61,-366
8209,8,8,-196,-190,-37,-1,-129,-129,-153,-314,498,-66
8210,9,9,-109,-438,-165,6,58,1,-235,-118,-31,386
8211,6,6,1,-342,-204,-184,-52,56,531,-526,0,-311
8212,0,0,324,-408,60,-71,2,-226,-49,-242,-99,27
8213,9,9,-69,-462,-34,81,-45,-47,-281,-97,63,324
8214,5,5,-255,-415,-281,-9,-230,476,23,-358,80,99
8215,3,3,-568,-253,-279,686,-318,133,-653,-107,89,181
8216,8,8,-196,-438,82,179,-201,-162,-201,-357,521,21
8217,8,8,-247,-466,-6,241,-182,-72,-288,-220,463,155
8218,7,7,-147,-52,32,122,-228,-332,-563,300,-25,53
8219,1,1,-116,344,-96,-322,6,-214,-190,-106,-4,-225
8220,4,4,-258,-30,-102,-269,540,-213,-280,55,-160,-260
8221,0,0,399,-290,75,-158,-171,-240,1,-261,-67,-154
8222,4,4,-257,-134,-129,-219,573,-207,-305,-44,-108,-79
8223,8,8,-201,-484,149,75,-224,-117,-102,-379,548,1
8224,5,5,-343,-365,-339,-1,-302,588,-97,-381,93,174
8225,2,2,-216,17,473,189,-391,-342,-479,101,3,-268
8226,3,3,-464,-188,33,553,-375,-25,-657,27,54,4
8227,9,9,-169,-531,-272,35,106,-33,-331,-28,96,414
8228,0,0,292,-262,159,-164,115,-340,-44,-285,-111,-171
8229,1,1,-125,335,-90,-415,34,-217,-134,-65,0,-319
8230,9,9,-148,-484,-107,123,49,-170,-401,18,86,362
8231,1,1,-202,366,-51,-325,122,-311,-278,-28,-14,-254
8232,5,5,-323,-303,-282,200,-176,397,-150,-175,-23,71
8233,1,1,-136,341,-167,-392,45,-199,-162,-85,10,-250
8234,7,7,-193,-103,-53,155,-232,-257,-625,314,-55,124
8235,4,4,-139,-154,-58,-200,393,-216,-162,31,-89,-217
8236,8,8,-95,-243,-129,-66,93,-138,67,-361,331,-175
8237,6,6,26,-469,-193,-97,-134,77,495,-562,97,-253
8238,2,2,-187,-22,443,95,-252,-257,-412,123,4,-263
8239,1,1,-133,290,-139,-230,-40,-183,-121,-128,64,-263
8240,6,6,-28,-373,-157,-140,-118,91,491,-520,145,-398
8241,8,8,-60,-234,-50,-14,-59,-252,-136,-271,416,-30
8242,8,8,-112,-119,-285,-189,26,-6,39,-353,332,-110
8243,0,0,301,-428,-25,-131,0,-41,41,-276,-104,-44
8244,1,1,-187,300,-98,-189,48,-163,-200,-75,-14,-305
8245,2,2,-126,101,400,-18,-50,-213,-408,26,-171,-247
8246,3,3,-366,-296,-295,512,-155,148,-441,-127,38,162
8247,4,4,-268,-249,-200,-82,397,-155,-196,-26,21,-52
8248,7,7,-174,-180,-36,168,-234,-297,-675,392,-7,113
8249,8,8,-57,-483,-7,122,-375,-93,-248,-177,526,118
8250,9,9,-197,-575,-259,60,80,-10,-306,-123,104,474
8251,0,0,382,-313,61,-101,-158,-179,-55,-265,-101,-115
8252,1,1,-156,354,-131,-332,110,-253,-247,5,-106,-213
8253,2,2,-247,-54,414,30,47,-232,-353,77,-127,-311
8254,3,3,-427,-176,-309,543,-101,80,-534,-59,-20,135
8255,4,4,-241,-334,-71,96,218,-114,-213,20,-23,-50
8256,6,6,-82,-118,7,-171,122,-29,284,-410,-155,-561
8257,7,7,-213,-142,-1,185,-405,-241,-670,296,66,84
8258,8,8,-187,-419,-93,130,-186,44,-71,-191,393,46
8259,9,9,-299,-542,-323,67,-78,237,-261,-66,2,371
8260,0,0,281,-292,8,-111,21,-103,-83,-163,-155,8
8261,1,1,-155,368,-93,-340,75,-236,-189,-108,10,-252
8262,2,2,-270,97,407,-12,-75,-236,-348,111,3,-356
8263,3,3,-318,-121,-140,475,-251,-47,-625,-117,-17,178
8264,4,4,-193,-248,-60,-91,418,-253,-333,7,-23,13
8265,7,7,-167,-194,-33,133,-281,-69,-536,356,-101,34
8266,8,8,-328,-320,-17,235,-438,-42,-377,-196,611,50
8267,9,9,-263,-567,-247,2,64,21,-345,42,74,385
8268,1,1,-233,379,-60,-283,112,-262,-315,-17,-19,-240
8269,4,4,-304,-43,-43,-126,466,-316,-444,34,-176,-15
8270,5,5,-107,-152,-247,-62,-222,368,-101,-69,58,-55
8271,3,3,-533,-194,-417,703,-317,187,-614,-99,29,147
8272,3,3,-492,-109,-245,551,-229,4,-488,-76,192,12
8273,0,0,263,-440,75,-79,44,-231,-195,-114,-113,101
8274,9,9,-207,-500,-256,3,28,11,-334,20,104,390
8275,5,5,-61,-289,-115,-128,-93,245,23,-158,61,22
8276,4,4,-83,-5,-29,-223,401,-287,-190,-77,-154,-283
8277,3,3,-541,-200,-390,535,-102,204,-444,-252,85,189
8278,0,0,185,-347,99,-65,91,-207,-112,-105,-192,-40
8279,8,9,-156,-379,-164,63,51,-47,-227,12,165,182
8280,4,4,-216,-95,-141,-226,449,-196,-274,-131,-14,1
8281,6,6,-15,-118,-70,-172,-29,16,340,-431,-42,-487
8282,7,7,-220,-129,75,195,-436,-287,-719,326,47,38
8283,0,0,299,-268,171,-147,42,-228,-70,-198,-198,-184
8284,7,7,-175,-237,-145,137,-253,27,-545,363,-183,107
8285,7,7,-199,-83,-59,103,-213,-274,-637,364,-34,92
8286,1,1,-146,307,-126,-246,10,-223,-289,-9,41,-156
8287,6,6,-11,-150,35,-98,20,-68,234,-382,-61,-456
8288,9,9,-154,-532,-280,-43,115,29,-177,-68,-37,413
8289,1,1,-180,378,-110,-341,89,-271,-288,-13,-39,-181
8290,3,3,-325,-80,-246,521,-306,50,-494,-162,36,69
8291,6,6,-27,-36,-21,-264,63,-43,318,-468,-50,-518
8292,2,2,-61,152,498,-47,-173,-473,-467,161,-165,-362
8293,3,3,-354,-168,-204,523,-298,43,-583,-118,30,173
8294,8,8,-240,-397,-181,118,-89,-33,-307,17,432,126
8295,2,2,-88,-122,406,97,-258,-358,-428,135,69,-221
8296,3,3,-373,-133,-208,526,-207,4,-503,-129,79,90
8297,8,8,-113,-376,13,98,-314,-77,-215,-121,445,97
8298,9,9,-150,-534,-278,-33,61,72,-133,-141,85,378
8299,5,5,-86,-256,-286,-29,-142,326,-53,-92,92,-3
8300,8,8,-154,-468,-16,162,-303,-95,-290,-133,595,95
8301,8,8,-191,-349,-61,197,-344,-46,-260,-126,483,50
8302,7,7,-163,-213,-85,130,-243,-92,-626,392,-119,83
8303,1,1,-161,350,-179,-292,18,-169,-228,-83,43,-207
8304,7,7,-131,-147,68,171,-405,-163,-758,392,-212,10
8305,1,1,-191,351,-119,-275,53,-209,-251,-62,31,-216
8306,1,1,-162,371,-92,-316,64,-249,-239,-57,-6,-226
8307,0,0,374,-259,44,-165,-155,-167,36,-307,-136,-120
8308,3,3,-537,-138,-376,625,-217,182,-484,-168,25,126
8309,4,4,-269,-58,-92,-140,446,-317,-405,-32,-36,-2
8310,2,2,-148,157,370,-64,-21,-290,-217,-33,-91,-434
8311,6,6,-63,-184,47,-264,226,-86,238,-321,-118,-451
8312,4,4,-384,-71,-216,-189,486,-109,-362,4,-55,43
8313,7,7,-148,-175,67,121,-351,-237,-667,390,-60,36
8314,4,4,-141,-82,-138,-194,414,-257,-284,-17,-128,-79
8315,2,2,-141,-39,466,69,-265,-257,-431,160,-41,-290
8316,7,7,-134,-155,221,162,-465,-333,-622,252,129,-9
8317,4,4,-259,-204,-109,-27,363,-227,-411,13,-33,99
8318,2,2,-5,-114,357,-41,-40,-304,-351,-16,30,-193
8319,9,9,-68,-536,-269,-21,16,23,-100,-165,93,380
8320,2,2,-191,77,470,86,-259,-430,-492,264,-38,-354
8321,7,7,-102,-142,-42,99,-361,-42,-620,381,-246,27
8322,9,9,-214,-528,-220,-16,107,77,-196,-19,-12,323
8323,2,2,11,-223,430,7,-140,-252,-278,-92,3,-211
8324,1,1,-229,377,-80,-297,108,-239,-305,-20,-18,-238
8325,0,0,157,-198,-103,-143,13,13,129,-350,-212,-255
8326,6,6,-49,24,140,-203,91,-126,145,-364,-150,-581
8327,5,5,-279,-207,-228,181,-242,366,-263,-166,81,70
8328,3,3,-476,-1,-256,649,-325,42,-571,-91,-44,22
8329,4,4,5,-95,-41,-214,324,-306,-245,-48,-177,-121
8330,8,8,-269,-370,106,175,-406,-24,-211,-135,560,-83
8331,5,5,-205,-203,-271,32,-215,416,-45,-114,42,-84
8332,9,9,-327,-451,-284,173,44,-15,-563,177,-33,391
8333,6,6,115,-151,-222,-337,12,46,367,-409,-179,-249
8334,9,9,-267,-497,-294,23,114,49,-239,-94,64,431
8335,0,0,307,-218,12,-192,-29,-117,36,-248,-150,-186
8336,6,6,-51,-183,-70,-164,85,-23,337,-427,-75,-421
8337,3,3,-499,-131,-342,641,-310,109,-540,-118,89,116
8338,0,0,387,-314,55,-135,-166,-217,9,-274,-76,-108
8339,8,8,-137,-465,-36,30,-76,124,60,-214,268,-5
8340,1,1,-113,319,-54,-238,-13,-258,-280,-46,-10,-172
8341,6,6,32,-333,-195,-130,-49,54,441,-529,10,-301
8342,0,0,330,-329,119,-194,-18,-191,-21,-228,-132,-76
8343,0,0,397,-239,91,-210,-154,-308,-38,-245,-92,-168
8344,1,1,-102,303,-57,-227,13,-278,-302,-36,-52,-153
8345,2,2,-60,102,481,16,-174,-402,-385,83,-155,-371
8346,3,3,-478,-165,-193,635,-299,17,-666,14,-25,90
8347,4,4,-280,-135,-84,-208,512,-160,-361,4,-192,36
8348,5,5,-392,-295,-187,-4,-199,528,-64,-312,99,66
8349,6,6,-2,-319,-75,-197,83,-36,409,-378,-105,-308
8350,7,7,-105,-168,-198,-51,-79,-177,-435,387,12,83
8351,0,0,274,-334,30,-77,-56,-177,-58,-168,-66,13
8352,1,1,-96,301,-137,-264,-15,-214,-230,-59,-4,-177
8353,2,2,-104,-50,379,-64,62,-228,-141,-66,-140,-371
8354,3,3,-356,-118,-339,545,-220,149,-472,-125,-75,81
8355,4,4,-352,-73,-77,-202,508,-169,-276,-10,-56,-130
8356,7,7,-115,-186,-142,9,-79,-236,-544,385,-17,137
8357,8,8,-172,-387,-169,63,-322,118,-97,-279,516,27
8358,9,9,-351,-302,-308,30,106,69,-447,32,10,395
8359,0,0,347,-355,71,-152,-136,-196,52,-236,-43,-82
8360,1,1,-135,320,-170,-282,-6,-150,-203,-79,9,-189
8361,2,2,-99,-29,416,16,-101,-306,-303,48,-66,-280
8362,3,3,-329,-164,-193,475,-146,80,-545,-69,-86,111
8363,4,4,-332,-219,-133,-180,547,-169,-353,65,-213,16
8364,7,7,-206,-122,-9,188,-280,-327,-743,405,-69,87
8365,2,2,-206,15,579,-69,-161,-321,-277,-168,123,-399
8366,5,5,-474,-376,-491,176,-146,607,-167,-354,56,186
8367,1,1,-102,332,-49,-314,52,-208,-178,-70,-55,-229
8368,6,6,-9,-311,-167,-187,39,43,488,-496,-73,-411
8369,4,4,-250,-16,-166,-231,450,-108,-196,34,-117,-182
8370,3,3,-538,-112,-267,674,-268,102,-589,-114,14,68
8371,9,9,-288,-541,-261,169,-48,112,-422,-128,82,477
8372,9,9,-223,-465,-258,21,188,-47,-393,62,-67,393
8373,0,0,344,-321,86,-146,-62,-186,-6,-219,-126,-135
8374,9,9,-309,-478,-56,145,-67,-29,-488,10,116,356
8375,7,7,-173,-196,-182,-61,21,-162,-481,328,-83,175
8376,1,1,-128,84,-215,-171,23,-63,-70,-101,-37,-80
8377,6,6,-6,-234,-78,-146,91,-33,362,-488,-85,-428
8378,4,4,-228,-174,-171,-184,418,-195,-276,-66,35,74
8379,3,3,-529,-222,-174,574,-272,57,-529,-70,185,69
8380,6,6,-56,-329,-201,-149,36,56,493,-396,-111,-366
8381,2,2,-139,88,422,-4,-110,-269,-270,73,-107,-382
8382,0,0,172,-316,169,66,-179,-155,-202,-20,-48,-192
8383,9,9,-344,-504,-113,-30,-38,156,-335,-87,131,349
8384,8,8,-177,-390,-101,9,-275,-47,-255,-241,601,146
8385,6,6,-12,-262,-98,-205,75,-6,442,-469,-103,-469
8386,5,5,-458,-289,-288,93,-253,591,-87,-311,124,40
8387,7,7,-42,-218,-175,-52,-72,-179,-353,279,97,41
8388,0,0,348,-327,178,-172,-34,-322,-47,-241,-71,-103
8389,0,0,357,-333,120,-162,-23,-291,-10,-267,-90,-108
8390,1,1,-160,316,-177,-262,62,-189,-225,-16,-30,-135
8391,7,7,-108,-111,-162,-184,14,-96,-276,361,-53,-91
8392,4,4,-261,-138,-109,-205,444,-116,-55,-172,18,-241
8393,3,3,-469,-202,-148,599,-289,-38,-598,-35,115,94
8394,2,2,-135,54,526,70,-293,-353,-417,65,-41,-341
8395,4,4,-184,-111,-124,-201,451,-215,-264,52,-152,-113
8396,1,1,-130,274,-81,-160,-48,-168,-176,-53,11,-227
8397,3,3,-48,-156,-180,366,-319,87,-386,-65,-77,-6
8398,7,7,-82,-111,-51,26,-185,-244,-448,338,30,29
8399,6,6,-26,-379,-205,-150,-3,70,549,-518,-36,-402
8400,4,4,-342,-96,-59,-193,550,-171,-318,-82,-54,-44
8401,7,7,-192,-169,-75,82,-151,-194,-571,379,-77,139
8402,7,7,-125,-191,-230,-121,-103,-78,-340,386,20,21
8403,7,7,-128,-188,-246,-96,-44,-122,-422,451,-78,63
8404,9,9,-217,-420,-201,31,93,-18,-463,98,-110,407
8405,8,8,45,-391,-87,49,-286,-39,-121,-116,334,82
8406,4,4,-372,-259,-152,-68,385,-197,-506,97,13,309
8407,3,3,-499,-143,-304,683,-310,102,-521,-157,124,41
8408,8,5,-61,-265,-107,-73,-34,134,112,-144,127,-65
8409,2,2,-171,127,485,75,-208,-394,-449,42,-70,-307
8410,8,8,-196,-304,-103,-50,-263,161,210,-452,322,-123
8411,3,3,-488,-163,-148,580,-279,-14,-628,-60,116,116
8412,5,5,-364,-291,-325,225,-157,450,-161,-138,-33,29
8413,8,8,-53,-403,-219,-21,-254,125,13,-203,442,-7
8414,0,0,381,-296,150,-257,-78,-273,59,-294,-83,-157
8415,5,5,-284,-403,-202,130,-143,402,-54,-277,36,66
8416,4,4,-284,-140,-191,-180,378,-50,-208,-47,39,57
8417,7,7,-115,-206,-238,-115,-81,-143,-401,483,-135,56
8418,1,1,-130,306,-126,-167,-23,-209,-245,-47,-22,-201
8419,3,3,-500,-190,-275,567,-195,47,-499,-56,137,137
8420,1,1,-70,330,-100,-369,45,-179,-135,-96,-60,-239
8421,7,7,-217,-140,-3,143,-300,-304,-740,454,-92,92
8422,9,9,-301,-426,-276,39,30,124,-376,-68,35,437
8423,6,6,38,-254,-106,-251,82,-26,404,-427,-108,-381
8424,2,2,-133,-49,570,4,-285,-314,-307,-148,52,-282
8425,0,0,299,-166,19,-252,-95,-150,69,-194,-109,-197
8426,9,9,-125,-440,-55,-3,150,-115,-381,58,-118,337
8427,1,1,-129,331,-141,-282,33,-168,-134,-86,-35,-244
8428,7,7,-97,-185,-265,-129,-53,-156,-428,436,-47,70
8429,3,3,-545,-232,-312,547,-185,186,-594,-134,66,270
8430,3,3,-544,-270,-358,616,-220,186,-527,-228,164,203
8431,9,9,-261,-460,-309,8,-1,181,-311,-7,-11,382
8432,1,1,-133,348,-107,-294,55,-257,-242,-51,-33,-202
8433,6,6,15,-220,-115,-253,80,-9,434,-476,-120,-459
8434,4,4,-220,-266,-33,-118,456,-229,-298,39,-208,11
8435,3,3,-198,-166,-133,422,-204,35,-400,-51,-136,44
8436,9,9,-271,-476,-156,88,44,-84,-516,38,90,435
8437,8,8,-192,-479,-45,12,-291,72,56,-334,555,-12
8438,2,2,-117,5,521,-42,-162,-266,-281,-97,-9,-316
8439,1,1,-138,312,-147,-218,50,-177,-254,2,-109,-150
8440,8,8,-140,-478,-89,94,-384,86,-122,-199,526,75
8441,6,6,17,-264,-109,-271,124,-27,418,-376,-134,-403
8442,4,4,-57,-179,-44,-277,425,-173,-70,-77,-195,-188
8443,1,1,-79,331,-52,-326,6,-206,-167,-81,-47,-247
8444,5,5,-229,-220,-173,46,-58,314,-37,-86,37,-57
8445,5,5,-316,-323,-246,70,-130,450,-72,-192,24,47
8446,6,6,-35,-364,-143,-107,-38,22,505,-569,56,-393
8447,5,5,-488,-207,-471,281,-279,577,-327,-303,66,129
8448,0,0,451,-364,-161,-150,-303,-26,22,-179,-154,-61
8449,1,1,-145,361,-134,-283,37,-127,-132,-194,21,-238
8450,2,2,-117,74,454,-22,-170,-270,-386,30,-187,-257
8451,3,3,-424,-76,-256,569,-242,7,-479,-76,-20,58
8452,4,4,-226,-19,-148,-366,514,-136,-290,96,-274,-206
8453,5,5,-341,-277,-337,192,-152,417,-58,-356,74,-19
8454,6,6,60,-389,-170,-231,-104,55,578,-514,-3,-349
8455,7,7,-225,-140,-56,85,-219,-310,-684,524,-96,81
8456,8,8,10,-451,25,15,-142,-44,48,-365,373,-91
8457,9,9,-227,-591,-307,162,-26,39,-503,-42,34,523
8458,0,0,467,-339,-143,-188,-325,11,6,-179,-190,-91
8459,1,1,-142,252,-150,-220,-6,-157,-251,-103,42,-93
8460,2,2,-89,-20,565,38,-266,-299,-407,-37,-120,-301
8461,3,3,-397,-130,-155,567,-352,-48,-553,-98,114,62
8462,4,4,-348,-14,-108,-316,645,-257,-307,102,-196,-373
8463,5,5,-320,-183,-192,167,-282,437,-300,-179,-15,56
8464,6,6,128,-479,-302,-215,-88,19,585,-468,9,-289
8465,7,7,-362,-53,-54,167,-225,-270,-731,455,-63,78
8466,8,8,-159,-568,96,138,-330,-87,-79,-384,607,-29
8467,9,9,-304,-431,-168,111,121,-96,-534,74,-75,457
8468,0,0,457,-341,-87,-204,-248,-33,18,-224,-209,-6
8469,1,1,-237,250,-164,-11,-47,-142,-238,-138,91,-192
8470,2,2,-152,52,481,40,-74,-359,-294,-11,-164,-451
8471,3,3,-588,-58,-169,650,-239,-34,-705,-40,-64,90
8472,4,4,-283,-81,-25,-231,554,-234,-361,13,-228,-79
8473,5,5,-325,-348,-414,111,-300,565,-212,-321,80,175
8474,6,6,-17,-412,-242,-170,19,81,551,-507,-66,-321
8475,7,7,-202,-167,-107,73,-156,-303,-626,433,58,130
8476,8,8,-215,-395,141,-97,-154,33,57,-476,472,-109
8477,9,9,-274,-587,-255,244,-63,-49,-565,-15,128,508
8478,6,6,85,-408,-269,-188,-89,111,511,-479,-47,-272
8479,9,9,-357,-395,-167,67,96,-105,-593,62,105,460
8480,7,7,-297,-205,-189,84,-129,-227,-687,514,-31,174
8481,0,0,474,-346,-114,-121,-342,-67,-115,-147,-179,-61
8482,2,2,-83,-47,418,69,-141,-189,-364,-21,-228,-257
8483,3,3,-371,-91,-77,552,-294,-51,-558,-51,-65,25
8484,4,4,-434,-78,-138,-313,688,-111,-392,-61,-192,-29
8485,3,3,-340,-94,-102,502,-486,-42,-575,-45,68,10
8486,8,8,-20,-544,219,71,-231,-151,-132,-401,452,-32
8487,5,5,-258,-398,-325,42,-234,508,12,-325,136,2
8488,1,1,-68,214,-68,-255,-54,-166,-142,-145,65,-172
8489,3,3,-347,-63,-77,492,-270,-41,-529,-57,-81,4
8490,0,0,379,-428,-89,-125,-19,-66,-50,-234,-192,71
8491,1,1,-216,207,-151,-36,-69,-122,-260,-88,85,-112
8492,2,2,-215,168,446,108,-206,-364,-331,124,-109,-503
8493,1,1,-102,217,-86,-129,-145,-132,-238,-145,107,-156
8494,3,3,-424,-79,-185,533,-249,-6,-565,-44,-73,81
8495,2,2,-119,98,507,124,-376,-443,-327,-83,33,-438
8496,0,0,477,-441,-81,-149,-189,-82,-57,-223,-234,92
8497,7,7,-231,-5,3,154,-399,-295,-610,306,114,-11
8498,2,2,-211,233,473,117,-383,-386,-428,46,-69,-434
8499,6,6,37,-313,-169,-200,-90,48,532,-466,-45,-389
8500,4,4,-448,-78,-146,-300,674,-119,-346,10,-213,-125
8501,0,0,420,-395,-120,-87,-223,-63,5,-271,-109,-76
8502,5,5,-402,-268,-430,292,-273,409,-332,-304,220,138
8503,9,9,-317,-356,-263,-3,37,97,-384,-2,18,392
8504,9,9,-347,-354,-273,46,-59,253,-333,-84,21,344
8505,8,8,-58,-407,62,9,-277,-99,-122,-271,530,-29
8506,9,9,-391,-235,-176,18,166,-85,-532,-19,40,444
8507,5,5,-204,-268,-447,88,-215,453,-100,-144,66,19
8508,3,3,-34,-171,-68,345,-301,46,-417,-139,-49,-60
8509,1,1,-120,218,-165,-137,-56,-138,-221,-159,72,-152
8510,7,7,-263,-8,23,161,-316,-318,-680,333,24,34
8511,4,4,-304,-139,-124,-207,495,-137,-394,87,-286,-11
8512,7,7,-258,-110,10,246,-414,-331,-773,373,22,73
8513,0,0,395,-469,-230,-118,-170,-6,-17,-110,-141,32
8514,0,0,456,-447,-77,-70,-192,-163,-124,-194,-182,52
8515,6,6,-5,-193,-167,-178,-125,66,433,-473,23,-403
8516,6,6,43,-383,-174,-127,-167,35,525,-449,40,-380
8517,6,6,0,-308,-102,-133,-138,8,487,-405,37,-435
8518,3,3,-372,-51,-131,618,-339,-69,-617,-18,-123,-52
8519,7,7,-301,-40,-17,192,-335,-294,-670,291,127,65
8520,4,4,-460,-3,-187,-194,382,-138,-513,76,-42,216
8521,2,2,-201,19,378,70,-173,-273,-361,37,-37,-197
8522,8,8,-182,-331,147,-20,-317,57,84,-225,361,-202
8523,9,9,-386,-253,-193,-38,50,113,-340,-1,21,299
8524,8,8,-92,-369,74,-19,-253,-133,-52,-375,498,-18
8525,7,7,-260,-59,-39,166,-306,-283,-695,348,10,85
8526,1,1,-208,287,-117,-132,-15,-154,-254,-94,52,-156
8527,4,4,-211,-149,-96,-8,182,-54,-232,-42,-85,43
8528,0,0,492,-369,-119,-148,-343,-35,-21,-240,-148,-91
8529,4,4,-202,-260,-168,-248,474,-41,-213,39,-385,-11
8530,8,8,-149,-436,26,48,-48,-69,-162,-230,496,-32
8531,5,5,-390,-220,-423,115,-333,537,-144,-466,113,136
8532,2,2,-77,93,517,104,-314,-435,-308,-39,-87,-480
8533,3,3,-195,-206,-68,494,-337,-57,-463,-125,48,32
8534,9,9,-195,-388,-88,7,107,-95,-430,-5,-1,406
8535,0,0,472,-346,-50,-174,-327,-64,-5,-256,-158,-58
8536,1,1,-304,329,-120,-142,74,-149,-334,-57,-18,-66
8537,9,9,-345,-231,-108,-17,184,-47,-496,-7,-67,383
8538,1,1,-271,314,-124,-120,3,-165,-334,-52,28,-90
8539,5,5,32,-262,-284,-35,-340,351,-58,-249,-44,-38
8540,1,1,-280,343,-147,-152,54,-150,-297,-96,6,-111
8541,7,7,-322,-35,-25,108,-226,-260,-674,393,-25,79
8542,6,6,-21,-188,-228,-148,-82,73,420,-474,-7,-401
8543,1,1,-298,359,-135,-150,47,-153,-330,-61,-7,-100
8544,2,2,5,-94,483,-21,-109,-276,-236,-149,-152,-300
8545,1,1,-325,366,-119,-124,48,-176,-341,-44,-16,-114
8546,6,6,-38,-160,-192,-131,-92,18,429,-469,24,-470
8547,8,8,-170,-494,27,-34,-291,69,-22,-350,589,-19
8548,0,0,492,-329,-97,-245,-442,22,26,-156,-220,-113
8549,1,1,-140,266,-113,-181,-40,-134,-163,-129,40,-202
8550,2,2,-187,224,481,34,-222,-377,-503,160,-270,-370
8551,3,3,-576,2,-328,700,-299,118,-620,-76,-61,33
8552,4,4,-333,-160,-113,-197,596,-140,-286,10,-181,-112
8553,5,5,1,-167,-306,33,-281,280,-73,-189,-50,5
8554,6,6,81,-321,-368,-248,-46,108,491,-339,-106,-286
8555,7,7,-195,-217,-144,50,-151,-172,-580,440,-69,151
8556,8,8,-232,-461,-148,254,-218,-98,-365,-232,535,216
8557,9,9,-329,-383,-107,74,175,-98,-548,73,-44,410
8558,0,0,337,-269,-72,-190,-347,13,90,-187,-59,-117
8559,1,1,-81,289,-158,-292,16,-110,-89,-143,-21,-219
8560,2,2,-161,69,600,-16,-174,-387,-464,23,-127,-334
8561,3,3,-532,-173,-273,631,-225,53,-540,-56,188,57
8562,4,4,-177,-88,-65,-268,487,-137,-286,65,-303,-175
8563,5,5,-256,-322,-381,89,-254,480,-120,-278,27,174
8564,6,6,161,-266,-188,-286,-63,-17,403,-377,-3,-255
8565,7,7,-258,-44,12,139,-276,-268,-667,351,-43,67
8566,8,8,-252,-424,-102,224,-264,-48,-272,-249,570,113
8567,0,0,346,-221,-27,-184,-266,-105,13,-189,-62,-114
8568,1,1,-150,316,-105,-229,-8,-145,-160,-128,28,-196
8569,2,2,-48,-20,561,-37,-214,-306,-359,1,-113,-314
8570,3,3,-399,-225,-227,527,-280,44,-567,-87,139,188
8571,5,5,-60,-196,-264,-96,-238,359,24,-247,-65,42
8572,6,6,78,-260,-117,-258,-80,8,443,-373,25,-339
8573,7,7,-141,-165,-39,30,-244,-194,-578,486,-188,52
8574,8,8,-196,-436,-130,239,-288,-42,-296,-189,535,152
8575,1,1,-189,276,-75,-144,-7,-217,-352,49,-61,-66
8576,0,0,439,-312,-86,-206,-368,-4,67,-202,-141,-143
8577,4,4,-345,-15,-47,-213,494,-176,-380,27,-204,-28
8578,5,5,-140,-90,-250,2,-153,325,-90,-166,-191,3
8579,6,6,142,-227,-285,-292,15,26,392,-343,-147,-252
8580,6,6,69,-230,-152,-204,-4,-30,430,-405,-33,-376
8581,3,3,-470,-119,-184,519,-248,-3,-466,-135,201,65
8582,4,4,-403,-70,-61,-156,542,-145,-414,-12,-136,12
8583,4,4,-243,-77,-44,-184,428,-103,-281,15,-223,-59
8584,2,2,-48,-101,418,49,-134,-254,-389,-48,-131,-144
8585,8,8,-249,-421,-46,256,-337,-123,-331,-222,588,129
8586,1,1,-104,351,-130,-283,29,-188,-194,-59,-84,-211
8587,0,0,404,-263,-34,-210,-314,-79,78,-258,-93,-159
8588,6,6,91,-174,-244,-283,49,28,323,-262,-159,-210
8589,4,4,-383,-86,-61,-143,530,-145,-372,16,-140,-23
8590,9,9,-218,-401,-131,81,51,-111,-464,60,28,388
8591,7,7,-241,-58,-29,112,-276,-189,-600,331,-46,81
8592,2,2,-64,31,512,24,-285,-397,-453,34,-81,-231
8593,9,9,-110,-314,-127,-61,92,-93,-338,7,-16,338
8594,2,2,-205,26,406,115,-194,-273,-428,22,-84,-186
8595,0,0,435,-336,-101,-270,-410,30,103,-206,-114,-173
8596,9,9,-114,-326,-91,26,90,-87,-316,-13,-32,316
8597,3,3,-492,-149,-89,536,-320,-115,-566,-100,229,121
8598,3,3,-484,-158,-172,523,-196,43,-463,-102,101,72
8599,9,9,-330,-416,-107,49,143,-26,-444,-20,8,412
8600,1,1,-109,304,-117,-258,36,-188,-231,-59,-36,-150
8601,5,5,-266,-318,-331,129,-203,449,-200,-158,-11,136
8602,2,2,-61,-52,454,30,-408,-234,-556,86,-59,-135
8603,3,3,-398,-99,-148,552,-253,52,-444,-66,26,-26
8604,1,1,-103,292,-92,-257,9,-151,-190,-48,-50,-140
8605,6,6,134,-295,-153,-210,-114,-18,448,-409,35,-311
8606,7,7,-215,-86,4,87,-243,-235,-633,357,-72,101
8607,3,3,-405,-187,-200,408,-223,131,-505,-97,94,191
8608,7,7,-220,-151,57,156,-304,-270,-691,392,-87,104
8609,8,8,-234,-422,-18,133,-254,-57,-249,-205,496,163
8610,4,4,-339,-44,-136,-197,509,-148,-335,93,-167,-92
8611,0,0,337,-178,-92,-209,-366,-11,-13,-108,-66,-201
8612,2,2,-165,115,534,46,-187,-342,-357,52,-135,-426
8613,4,4,-430,-89,-86,-62,430,-124,-452,75,-92,107
8614,0,0,386,-231,16,-228,-345,-108,57,-232,-67,-200
8615,2,2,-186,-45,442,116,-322,-254,-480,-4,23,-136
8616,4,4,-214,-50,-64,-202,398,-80,-243,16,-233,-89
8617,7,7,-109,-85,-23,44,-136,-260,-496,353,-96,60
8618,8,8,-174,-356,-29,126,-319,-142,-232,-219,564,95
8619,0,0,417,-272,-54,-229,-350,-49,73,-224,-113,-156
8620,7,7,-200,-117,-94,-36,-48,-196,-479,410,-96,94
8621,0,0,363,-194,-30,-188,-261,-82,-2,-201,-102,-156
8622,6,6,101,-261,-238,-235,-15,-15,470,-427,12,-342
8623,9,9,-212,-242,-116,-16,80,-53,-370,66,-32,303
8624,3,3,-299,-93,-249,465,-249,121,-427,-129,7,52
8625,2,2,-162,-108,536,20,-197,-340,-342,-159,137,-216
8626,4,4,-258,-6,-20,-229,531,-210,-280,24,-214,-253
8627,8,8,-271,-267,55,259,-334,-169,-378,-109,450,77
8628,6,6,143,-283,-200,-295,11,-6,411,-411,-25,-255
8629,0,0,349,-201,27,-262,-208,-132,112,-279,-71,-205
8630,5,5,-382,-210,-282,47,-233,518,-139,-326,-3,154
8631,7,7,-142,-165,15,114,-283,-196,-602,354,-126,93
8632,5,5,-279,-80,-255,72,-109,358,-172,-230,-182,89
8633,1,1,-105,273,-78,-221,-66,-192,-296,-20,5,-89
8634,0,0,393,-233,-10,-242,-386,-45,76,-220,-79,-230
8635,8,8,-292,-321,-56,265,-302,-131,-332,-150,546,93
8636,1,1,-123,305,-75,-261,-12,-159,-175,-103,-1,-206
8637,6,6,65,-305,-310,-235,115,31,321,-185,-232,-206
8638,7,7,-180,-93,-62,30,-95,-259,-556,419,-108,74
8639,2,2,-1,-128,480,43,-263,-333,-458,64,-58,-160
8640,9,9,-228,-307,-197,21,54,21,-334,-36,-8,382
8641,7,7,-215,-102,-32,113,-219,-215,-612,360,-90,102
8642,9,9,-218,-408,-112,90,69,-155,-485,84,8,401
8643,5,5,-245,-247,-365,-13,-194,508,-106,-212,-89,143
8644,6,6,105,-306,-229,-196,-119,40,467,-394,15,-270
8645,5,5,-204,-106,-251,-16,-153,375,-117,-116,-121,52
8646,2,2,-9,25,496,-42,-200,-315,-386,54,-187,-277
8647,6,6,35,-249,-184,-123,-54,14,390,-380,15,-294
8648,2,2,-46,-29,500,35,-271,-318,-471,39,-128,-194
8649,8,8,-241,-432,-121,249,-261,-59,-253,-258,515,151
8650,1,1,-110,324,-103,-243,23,-212,-213,-15,-57,-177
8651,7,7,-154,-98,-62,27,-88,-254,-496,388,-103,82
8652,5,5,-250,-186,-375,61,-201,466,-77,-187,-128,44
8653,5,5,-161,-16,-272,161,-287,283,-154,-141,-89,-42
8654,7,7,-175,-93,-6,89,-219,-190,-543,327,-107,82
8655,3,3,-318,-99,-222,506,-210,51,-492,-95,-29,73
8656,5,5,-214,-140,-334,42,-185,411,-148,-191,-144,139
8657,0,0,388,-235,-63,-222,-386,16,-35,-97,-139,-136
8658,1,1,-96,307,-110,-240,-12,-183,-165,-93,-24,-216
8659,1,1,-129,349,-101,-260,32,-199,-205,-66,-54,-211
8660,3,3,-550,-101,-283,670,-298,7,-650,-124,83,166
8661,8,8,-266,-342,-45,246,-258,-120,-328,-171,507,113
8662,4,4,-303,-75,5,-124,480,-153,-290,-35,-139,-105
8663,9,9,-261,-363,-184,67,82,-98,-407,-12,76,434
8664,4,4,-234,-94,-25,-186,466,-179,-307,66,-220,-107
8665,5,5,-76,-169,-391,-7,-153,334,28,-186,-170,24
8666,1,1,-150,298,-116,-192,20,-203,-287,2,-44,-94
8667,8,8,-178,-425,-179,114,-298,68,-91,-331,510,89
8668,6,6,101,-390,-252,-172,-65,16,459,-376,-1,-179
8669,8,8,-103,-449,-12,195,-236,-137,-273,-129,478,144
8670,9,9,-221,-458,-179,26,-62,-8,-440,74,39,405
8671,0,0,458,-354,-3,-173,-288,-124,-16,-276,-127,-71
8672,1,1,-83,357,-112,-382,67,-222,-189,-84,-76,-232
8673,2,2,-64,129,569,-23,-306,-401,-388,41,-128,-429
8674,3,3,-240,-184,-105,510,-369,12,-406,-123,6,-43
8675,4,4,-350,-104,-128,-281,621,-138,-276,2,-236,-162
8676,5,5,-354,-349,-376,16,-310,599,-52,-420,126,96
8677,6,6,-8,-250,-229,-211,32,60,488,-451,-119,-407
8678,7,7,-131,-147,-126,0,-50,-229,-495,348,-6,104
8679,8,8,-172,-389,-243,136,-266,87,-226,-238,523,92
8680,9,9,-319,-409,-257,4,150,-53,-497,-8,38,517
8681,0,0,362,-464,34,-80,-144,-263,-46,-242,6,15
8682,1,1,-121,324,-121,-211,17,-215,-257,-8,-85,-166
8683,2,2,-137,198,613,-48,-270,-482,-427,78,-80,-484
8684,3,3,-464,-164,-2,549,-310,-106,-521,-189,254,-6
8685,4,4,-260,-64,-215,-315,565,-142,-225,4,-230,-179
8686,5,5,-548,-244,-408,200,-231,585,-167,-420,124,84
8687,6,6,30,-334,-190,-191,-8,43,504,-470,-77,-382
8688,7,7,-191,-102,18,149,-263,-282,-687,384,-103,76
8689,8,8,-169,-515,-113,128,-324,-23,-145,-315,658,66
8690,9,9,-327,-380,-199,45,105,-77,-475,-15,86,457
8691,0,0,389,-456,-97,-70,-294,-148,-103,-110,36,-9
8692,1,1,-123,333,-131,-226,10,-212,-217,-54,-50,-210
8693,2,2,-45,37,530,-57,-99,-386,-356,12,-111,-405
8694,3,3,-262,-155,-101,512,-399,-99,-593,-143,52,101
8695,4,4,-310,-52,-146,-313,606,-183,-328,16,-225,-114
8696,5,5,-218,-231,-403,-14,-279,529,-136,-159,128,-12
8697,6,6,10,-401,-258,-207,-33,80,591,-493,-5,-351
8698,7,7,-116,-169,-193,-69,-37,-178,-451,421,-47,74
8699,8,8,-265,-384,-142,177,-274,19,-220,-283,630,-6
8700,9,9,-313,-337,-250,7,161,-57,-448,-15,-9,472
8701,3,3,-536,-210,-201,667,-334,119,-526,-78,45,20
8702,5,5,-376,-264,-323,92,-317,513,-53,-396,172,19
8703,3,3,-184,-173,-21,526,-347,-113,-459,-101,11,-74
8704,2,2,-96,181,611,-72,-294,-486,-478,163,-198,-429
8705,9,9,-288,-384,-189,-1,210,-107,-476,52,-8,425
8706,3,3,-481,-110,-103,627,-363,-33,-505,-92,90,-79
8707,2,2,-139,142,545,-14,-72,-412,-374,36,-150,-518
8708,1,1,-110,326,-77,-264,12,-238,-218,-77,-35,-222
8709,4,4,-419,-128,-221,-342,601,-59,-235,-31,-120,-57
8710,5,5,-434,-336,-347,144,-241,529,-71,-371,134,86
8711,5,5,-447,-176,-332,148,-367,544,-189,-431,127,82
8712,2,2,-217,246,568,101,-373,-492,-624,113,-138,-390
8713,3,3,-397,-40,-139,531,-238,3,-526,35,-187,-33
8714,2,2,-235,208,597,5,-253,-460,-467,62,-1,-470
8715,1,1,-40,279,-84,-319,-28,-166,-108,-180,-14,-254
8716,3,3,-427,-182,-130,636,-305,38,-612,-55,-52,32
8717,9,9,-358,-493,-235,12,123,-2,-424,-47,91,494
8718,7,7,-242,-31,-35,135,-204,-355,-676,425,-38,33
8719,2,2,-181,186,516,24,-168,-431,-408,81,-104,-443
8720,1,1,-136,359,-156,-282,52,-183,-175,-70,-56,-231
8721,2,2,-168,201,575,19,-227,-431,-446,148,-204,-511
8722,8,8,-256,-337,-173,170,-362,66,-221,-215,553,34
8723,9,9,-317,-346,-214,37,117,-125,-504,-20,137,482
8724,1,1,-113,337,-106,-271,49,-212,-239,-34,-67,-177
8725,8,8,-361,-417,-68,313,-346,-80,-339,-239,622,103
8726,8,8,-279,-385,-125,204,-227,-20,-225,-224,542,88
8727,7,7,-171,-60,-87,23,-100,-222,-501,362,-60,77
8728,8,8,-249,-373,-132,157,-285,33,-265,-139,559,73
8729,1,1,-77,305,-65,-303,-47,-217,-166,-120,-2,-250
8730,0,0,436,-329,19,-156,-232,-182,-87,-260,-112,-74
8731,0,0,416,-265,32,-186,-265,-180,-151,-152,-134,-105
8732,6,6,72,-339,-178,-246,-9,53,468,-373,-153,-277
8733,7,7,-173,-105,-46,71,-124,-277,-572,377,-54,102
8734,7,7,-258,-95,-10,134,-249,-299,-714,514,-172,49
8735,8,8,-256,-417,-188,253,-197,-85,-460,-81,473,250
8736,7,7,-111,-142,-134,-39,-42,-209,-502,320,-30,113
8737,5,5,-366,-231,-391,73,-305,565,-33,-421,99,-5
8738,0,0,367,-298,33,-172,-72,-163,-9,-314,-203,-114
8739,6,6,34,-346,-310,-108,-87,24,499,-456,9,-249
8740,1,1,-81,329,-108,-306,10,-168,-161,-92,-59,-215
8741,5,5,-377,-203,-396,134,-293,535,-89,-410,52,36
8742,7,7,-107,-80,-3,45,-153,-300,-531,309,20,63
8743,4,4,-325,-133,-148,-268,646,-239,-311,-8,-159,-146
8744,6,6,132,-476,-183,-221,-147,98,506,-507,26,-316
8745,1,1,-103,361,-118,-386,71,-183,-150,-93,-67,-251
8746,2,2,-106,54,556,-10,-139,-355,-306,-35,-117,-430
8747,5,5,-423,-366,-365,49,-186,559,-50,-443,75,194
8748,0,0,434,-273,82,-216,-241,-241,-66,-213,-108,-203
8749,7,7,-135,-103,-100,27,-113,-236,-508,358,-14,97
8750,9,9,-330,-440,-218,34,192,-98,-570,21,52,519
8751,9,9,-278,-494,-233,92,63,-94,-536,-41,128,539
8752,0,0,440,-305,-6,-200,-317,-146,-46,-204,-108,-191
8753,3,3,-271,-212,-145,599,-344,-18,-556,-91,4,42
8754,4,4,-271,-120,-121,-266,566,-171,-318,39,-241,-99
8755,4,4,-466,-82,-149,-251,590,-76,-284,1,-116,-128
8756,8,8,-253,-202,-32,139,-89,-220,-376,-82,389,143
8757,4,4,-336,-109,-155,-243,588,-190,-337,55,-126,-84
8758,1,1,-114,357,-125,-324,46,-209,-192,-87,-42,-241
8759,8,8,-205,-303,15,136,-278,-128,-268,-134,495,68
8760,6,6,-13,-342,-243,-126,-88,48,527,-425,31,-340
8761,5,5,-280,-260,-409,-15,-333,587,-31,-330,117,-7
8762,9,9,-222,-430,-260,77,44,-107,-486,-62,131,516
8763,0,0,418,-370,43,-159,-261,-196,-74,-233,-61,-64
8764,0,0,406,-395,74,-145,-149,-265,-86,-228,-84,-42
8765,0,0,357,-393,1,-135,-243,-187,-143,-96,3,-19
8766,3,3,-354,-177,-162,606,-206,43,-486,-105,-122,4
8767,7,7,-158,-177,-175,-54,-48,-126,-477,426,-117,110
8768,1,1,-111,372,-62,-398,79,-257,-201,-67,-66,-251
8769,6,6,84,-327,-213,-255,-3,47,495,-421,-139,-335
8770,4,4,-285,-132,-145,-263,511,-89,-245,4,-182,-54
8771,6,6,49,-435,-224,-136,-40,50,539,-538,-18,-359
8772,0,0,439,-288,46,-194,-181,-237,-100,-226,-160,-126
8773,4,4,-276,-24,-208,-261,520,-120,-202,60,-160,-301
8774,5,5,-375,-324,-331,56,-248,580,-92,-341,63,104
8775,4,4,-334,-131,-204,-218,585,-171,-301,-59,-74,-46
8776,1,1,-123,317,-75,-194,-13,-250,-255,-39,-42,-213
8777,3,3,-572,-59,-208,684,-319,-34,-708,-13,-56,113
8778,8,8,-297,-338,16,255,-305,-178,-370,-90,556,78
8779,6,6,0,-297,-303,-222,4,104,532,-451,-112,-314
8780,3,3,-496,-66,-328,680,-369,25,-608,-74,-13,89
8781,9,9,-267,-492,-135,63,67,-129,-452,-59,167,468
8782,9,9,-308,-468,-148,70,-9,-76,-524,-2,191,454
8783,5,5,-363,-295,-350,37,-236,553,-64,-315,138,53
8784,9,9,-355,-390,-258,58,115,-67,-571,-34,74,545
8785,3,3,-255,-265,-70,490,-167,48,-416,-129,-127,14
8786,7,7,-209,-226,-139,66,-135,-196,-604,467,-84,153
8787,8,8,-203,-415,-47,196,-258,-134,-284,-230,533,156
8788,5,5,-348,-236,-330,99,-280,487,-191,-393,46,188
8789,6,6,-16,-317,-263,-128,4,44,504,-479,-38,-361
8790,4,4,-250,-143,-143,-266,586,-150,-175,-61,-197,-226
8791,7,7,-205,-150,-41,165,-267,-232,-689,394,-104,110
8792,6,6,-19,-382,-176,-99,0,24,484,-443,-16,-358
8793,2,2,-73,74,627,-4,-380,-320,-366,43,-178,-466
8794,2,2,-165,219,633,-40,-338,-461,-493,143,-152,-463
8795,0,0,404,-282,70,-194,-206,-231,-102,-217,-134,-97
8796,9,9,-302,-394,-169,-2,110,-88,-509,42,55,455
8797,4,4,-304,-84,-115,-202,533,-143,-239,66,-207,-260
8798,0,0,452,-340,-45,-157,-275,-140,-105,-175,-172,-13
8799,1,1,-118,333,-105,-263,-15,-188,-180,-87,-18,-234
8800,2,2,-170,112,619,5,-185,-416,-368,-58,-74,-478
8801,3,3,-643,-102,-331,720,-265,115,-594,-122,50,90
8802,4,4,-65,-243,-52,-208,434,-258,-135,-21,-191,-187
8803,5,5,-236,-257,-269,-49,-317,508,-19,-294,122,-1
8804,6,6,30,-281,-141,-171,49,-28,422,-429,-74,-350
8805,7,7,-196,-46,-22,105,-202,-286,-624,378,-99,55
8806,8,8,-191,-115,-366,-201,-56,22,-83,-233,380,59
8807,9,9,-253,-473,-314,46,32,115,-285,-69,-18,428
8808,0,0,343,-201,-21,-211,-209,-186,-70,-92,-92,-129
8809,1,1,-181,344,-151,-343,114,-243,-228,-33,-21,-186
8810,2,2,-152,107,501,126,-270,-495,-464,66,-57,-337
8811,3,3,-572,-96,-345,681,-242,131,-530,-142,18,83
8812,4,4,-194,-145,-178,-229,443,-105,-168,16,-177,-128
8813,5,5,-370,-256,-400,67,-329,629,-133,-314,66,76
8814,6,6,26,-330,-207,-126,8,28,466,-479,-67,-341
8815,7,7,-182,-165,4,142,-270,-219,-666,377,-111,92
8816,8,8,-141,-15,-127,-156,-63,-111,-204,-189,358,-52
8817,9,9,-236,-502,-279,23,39,60,-298,-113,63,473
8818,0,0,378,-290,117,-179,-169,-322,-160,-138,-73,-82
8819,1,1,-214,368,-153,-341,120,-238,-253,3,-47,-197
8820,2,2,-211,-72,551,93,-271,-318,-398,-13,63,-258
8821,3,3,-554,-23,-314,674,-244,125,-578,-32,-120,-2
8822,4,4,-208,-306,-192,-202,436,-175,-148,-67,-10,-21
8823,5,5,-152,-202,-249,-31,-167,356,-98,-141,83,53
8824,6,6,-13,-340,-210,-128,68,33,473,-458,-79,-385
8825,7,7,-187,-55,-29,109,-175,-319,-657,400,-117,62
8826,8,8,-41,-555,-96,0,-204,-122,-59,-320,557,152
8827,9,9,-293,-480,-256,54,43,59,-354,-119,94,472
8828,6,6,-29,-411,-277,-87,-39,80,545,-490,-10,-347
8829,4,4,-385,-97,-184,-244,592,-118,-366,-12,-169,14
8830,2,2,-189,-68,551,-52,-103,-313,-199,-244,156,-427
8831,6,6,20,-377,-259,-119,-63,71,526,-472,-25,-328
8832,4,4,-195,-49,-254,-319,478,-63,-138,0,-262,-239
8833,7,7,-121,-110,-130,-65,-4,-250,-498,374,-77,89
8834,5,5,-259,-298,-300,-49,-333,551,-7,-343,135,10
8835,5,5,-296,-286,-282,-23,-261,500,38,-399,64,54
8836,4,4,-169,-64,-153,-270,474,-122,-139,15,-221,-300
8837,7,7,-127,-131,-40,95,-151,-282,-582,346,-62,104
8838,2,2,-244,133,621,28,-196,-394,-378,-50,-36,-493
8839,9,9,-327,-316,-204,35,118,-99,-571,32,45,471
8840,3,3,-677,-103,-213,736,-370,36,-649,-66,138,25
8841,9,9,-245,-537,-286,72,48,18,-403,-69,81,507
8842,3,3,-578,-96,-382,677,-280,195,-585,-139,-5,101
8843,8,8,-79,-416,-170,-105,-200,12,-57,-243,492,129
8844,2,2,-76,-104,558,20,-217,-328,-248,-133,-12,-366
8845,0,0,421,-258,64,-214,-282,-229,-131,-170,-114,-144
8846,9,9,-269,-281,-181,-42,210,-150,-484,52,-28,409
8847,5,5,-42,-444,-162,-113,-131,305,17,-269,-29,114
8848,6,6,14,-356,-240,-199,59,23,487,-414,-68,-249
8849,0,0,417,-366,-17,-159,-266,-152,-61,-172,-84,-76
8850,1,1,-92,335,-119,-337,59,-178,-186,-98,-56,-196
8851,0,0,374,-362,16,-138,-164,-263,-143,-155,-47,-28
8852,6,6,-18,-356,-217,-131,-4,49,544,-526,-35,-432
8853,5,5,-151,-321,-285,-116,-333,485,69,-246,230,-86
8854,3,3,-583,-69,-299,667,-276,143,-599,-92,-14,73
8855,5,5,-339,-341,-345,-35,-238,587,-64,-376,114,131
8856,3,3,-627,-27,-278,711,-368,120,-634,-91,37,2
8857,8,8,-102,-288,-96,-104,-219,-99,-61,-260,512,38
8858,0,0,433,-268,90,-222,-196,-260,-121,-216,-141,-121
8859,0,0,384,-375,68,-197,-36,-175,-52,-247,-205,-35
8860,3,3,-578,-59,-287,680,-259,77,-564,-110,42,39
8861,4,4,-211,-132,-152,-248,513,-153,-285,-8,-229,-63
8862,1,1,-149,377,-83,-344,100,-263,-283,-42,-80,-186
8863,5,5,-242,-215,-228,-100,-313,469,55,-352,109,8
8864,3,3,-393,-61,-190,590,-282,31,-517,-46,-100,-9
8865,0,0,374,-408,-66,-158,-212,-105,-79,-129,-40,17
8866,8,8,-169,-129,-190,-42,-74,-156,-318,-158,395,140
8867,3,3,-293,-134,-146,507,-149,48,-411,-177,-52,-35
8868,0,0,456,-417,-107,-175,-215,-68,-39,-188,-160,33
8869,6,6,103,-436,-292,-161,-37,52,510,-454,-26,-267
8870,2,2,-194,-32,503,12,-145,-293,-258,-176,67,-313
8871,7,7,-145,-210,-25,124,-223,-277,-656,413,-93,124
8872,8,8,-140,-188,-114,-19,-125,-184,-254,-210,465,88
8873,1,1,-134,363,-76,-367,111,-265,-232,-55,-68,-205
8874,7,7,-227,-109,-26,158,-243,-259,-691,404,-134,91
8875,1,1,-119,380,-77,-426,99,-260,-206,-73,-62,-242
8876,3,3,-451,-192,-322,586,-197,141,-491,-149,39,122
8877,8,8,-181,-214,-262,17,-102,-86,-229,-235,467,107
8878,5,5,-247,-323,-288,-14,-224,488,-114,-211,30,113
8879,4,4,-299,-80,-200,-288,599,-162,-312,-17,-241,-81
8880,2,2,-183,-7,558,17,-221,-348,-341,-143,84,-313
8881,0,0,378,-284,27,-248,-189,-269,-148,-155,-55,-62
8882,9,9,-318,-275,-200,-38,199,-115,-437,-55,27,448
8883,7,7,-260,-196,-221,69,-88,-90,-587,435,-67,135
8884,6,6,64,-418,-275,-141,-30,50,514,-442,-42,-249
8885,7,7,-235,-127,40,191,-319,-303,-748,343,-9,92
8886,4,4,-119,-128,-194,-240,418,-209,-237,-13,-141,-63
8887,1,1,-195,365,-95,-331,114,-271,-283,5,-66,-190
8888,6,6,-10,-367,-167,-121,39,29,495,-494,-80,-416
8889,2,2,47,-251,354,-58,-109,-215,-239,-154,64,-121
8890,6,6,57,-385,-207,-141,41,23,474,-482,-78,-326
8891,7,7,-176,-101,14,117,-223,-352,-701,469,-120,40
8892,1,1,-130,315,-32,-240,61,-305,-353,29,-105,-147
8893,9,9,-234,-571,-252,93,47,-48,-433,-57,112,513
8894,8,8,-86,-383,-213,17,-236,-66,-211,-250,514,185
8895,0,0,396,-257,19,-237,-248,-256,-155,-91,-90,-105
8896,6,6,17,-372,-178,-141,62,-5,450,-400,-94,-316
8897,9,9,-176,-569,-231,49,86,-128,-367,-42,191,450
8898,4,4,-269,-92,-253,-272,508,-118,-241,-30,-129,-70
8899,9,9,-198,-428,-247,37,99,-91,-412,0,38,459
8900,9,9,-237,-466,-251,17,75,-47,-333,-89,116,486
8901,6,6,72,-378,-245,-68,-75,44,455,-460,-40,-336
8902,2,2,-143,51,496,56,-293,-338,-492,6,8,-225
8903,3,3,-533,-50,-313,706,-309,91,-572,-84,-54,24
8904,7,7,-52,-214,-148,-44,-30,-170,-468,346,-126,131
8905,1,1,-164,349,-105,-273,73,-266,-325,27,-104,-144
8906,9,9,-113,-476,-267,-4,25,-52,-246,-54,119,388
8907,2,2,-66,91,606,5,-275,-434,-461,49,-166,-397
8908,2,2,-82,-164,383,-16,-20,-296,-165,-253,119,-267
8909,5,5,-375,-354,-357,53,-253,586,-106,-355,124,122
8910,3,3,-514,-74,-244,588,-184,62,-581,-59,-64,93
8911,7,7,-191,-149,-16,163,-284,-316,-734,401,-41,106
8912,8,8,-102,-55,-139,-22,-181,-127,-243,-131,334,-37
8913,0,0,391,-280,-88,-233,-292,-13,113,-257,-113,-231
8914,1,1,-128,350,-104,-328,47,-200,-192,-77,-33,-204
8915,2,2,-158,124,536,83,-179,-424,-383,15,-126,-438
8916,3,3,-593,-90,-195,679,-270,-43,-695,-34,26,117
8917,4,4,-262,-103,-114,-225,523,-215,-340,18,-156,-39
8918,7,7,-164,-188,-271,-59,-27,-59,-396,358,-62,113
8919,8,8,-243,-368,-24,212,-247,-137,-317,-189,544,90
8920,9,9,-188,-475,-156,85,84,-143,-489,52,16,442
8921,0,0,377,-260,51,-211,-185,-212,-71,-179,-110,-108
8922,1,1,-172,394,-126,-365,89,-233,-195,-69,-12,-260
8923,2,2,-122,-121,445,78,-105,-273,-328,-155,39,-196
8924,3,3,-354,-140,-106,590,-394,-99,-676,-61,15,116
8925,4,4,-165,-7,-80,-397,572,-268,-244,12,-196,-334
8926,7,7,-121,-236,-277,-51,-40,-116,-440,405,25,86
8927,8,8,-128,-468,-21,146,-234,-131,-239,-239,517,154
8928,9,9,-146,-497,-197,14,-30,16,-408,8,18,418
8929,0,0,338,-247,-76,-224,-332,-64,-89,-8,-72,-185
8930,1,1,-192,391,-165,-353,94,-216,-221,-39,-20,-228
8931,7,7,-42,-225,-302,-86,-50,-94,-386,381,-81,47
8932,8,8,-109,-416,45,131,-212,-196,-289,-159,459,133
8933,9,9,-184,-555,-172,82,10,-75,-387,-60,141,445
8934,8,8,-156,-367,-112,127,-179,-148,-285,-205,486,187
8935,9,9,-193,-475,-195,73,84,-85,-425,-2,-8,460
8936,2,2,-190,158,568,-10,-199,-401,-419,24,-49,-413
8937,6,6,-14,-249,-148,-187,-5,16,481,-469,-10,-415
8938,1,1,-171,365,-145,-353,85,-216,-209,-30,-34,-200
8939,3,3,-477,-102,-168,642,-307,-70,-685,-32,2,129
8940,5,5,-352,-310,-329,90,-215,523,-93,-259,48,66
8941,4,4,-267,-201,-13,-141,520,-236,-278,-5,-186,-101
8942,8,8,-138,-345,-57,174,-126,-196,-343,-138,339,203
8943,2,2,-177,197,500,84,-279,-385,-503,53,-155,-355
8944,6,6,-16,-329,-68,-168,-122,64,453,-539,167,-438
8945,4,4,-275,-77,-109,-205,522,-200,-320,39,-152,-136
8946,3,3,-486,-72,-314,636,-255,114,-558,-83,-77,51
8947,4,4,-242,-167,-147,-240,499,-193,-248,5,-114,-61
8948,5,5,-249,-147,-348,63,-149,382,-118,-95,34,23
8949,9,9,-177,-532,-253,54,7,-8,-404,-32,80,460
8950,2,2,-205,171,506,64,-178,-382,-365,29,-97,-445
8951,0,0,434,-275,-5,-219,-279,-106,-17,-235,-118,-197
8952,3,3,-487,-106,-261,449,-160,54,-548,-121,44,247
8953,9,9,-198,-564,-204,65,71,-87,-340,-124,153,496
8954,4,4,-240,-172,-134,-151,453,-180,-234,9,-129,-99
8955,9,9,-220,-530,-291,82,41,16,-354,-71,91,467
8956,7,7,-173,-41,-117,32,-64,-231,-511,232,21,109
8957,3,3,-553,-90,-328,700,-192,110,-500,-41,-70,-22
8958,8,8,-240,-318,-153,226,-281,-47,-403,-195,498,142
8959,7,7,-130,-196,-232,-58,-21,-147,-457,375,-22,132
8960,4,4,-235,-219,-102,-214,523,-161,-256,-27,-147,-60
8961,4,4,-201,-174,-127,-167,439,-196,-218,-54,-57,-25
8962,9,9,-350,-473,-244,128,109,-85,-524,-80,122,547
8963,8,8,-183,-381,0,140,-178,-143,-315,-153,390,210
8964,5,5,-301,-285,-264,37,-203,459,-171,-225,23,162
8965,8,8,-270,-333,41,96,-155,-159,-335,-143,508,135
8966,2,2,-260,137,540,73,-189,-374,-382,24,-32,-431
8967,6,6,-19,-310,-184,-171,-112,60,499,-512,123,-417
8968,6,6,-5,-423,-218,-149,-52,66,562,-538,37,-388
8969,2,2,-116,46,499,19,-99,-306,-275,-82,-131,-395
8970,3,3,-589,-168,-75,635,-348,-47,-702,-14,150,75
8971,1,1,-190,370,-134,-324,80,-213,-224,-45,-9,-199
8972,3,3,-597,-145,-147,651,-284,55,-642,-55,32,63
8973,2,2,-161,55,514,32,-227,-319,-355,-61,-7,-315
8974,7,7,-97,-244,-302,-56,-68,-37,-364,406,-121,78
8975,3,3,-207,-304,-114,425,-260,17,-469,-198,148,152
8976,1,1,-185,372,-198,-317,74,-179,-181,-67,-2,-221
8977,9,9,-259,-531,-191,80,137,-135,-496,-40,95,523
8978,0,0,413,-401,15,-215,-247,-117,13,-192,-76,-62
8979,1,1,-231,400,-166,-365,122,-205,-230,-42,-11,-243
8980,1,1,-201,382,-48,-334,115,-289,-317,-10,-34,-233
8981,3,3,-306,-216,-14,455,-306,13,-499,-73,53,64
8982,5,5,-272,-171,-254,112,-178,371,-139,-138,17,12
8983,0,0,324,-352,42,-164,-67,-146,2,-196,-84,-47
8984,7,7,-114,-220,-177,-39,-17,-111,-346,265,67,104
8985,8,8,-262,-337,-40,177,-225,-142,-367,-173,511,150
8986,1,1,-177,348,-130,-352,114,-235,-219,-21,-35,-202
8987,5,5,-284,-320,-300,68,-249,504,-54,-293,79,41
8988,1,1,-188,392,-149,-343,98,-233,-220,-57,-15,-221
8989,4,4,-292,-96,-110,-224,583,-238,-305,3,-166,-157
8990,6,6,-3,-409,-242,-102,-32,51,509,-526,43,-290
8991,0,0,428,-265,19,-215,-301,-127,12,-244,-134,-121
8992,0,0,393,-302,40,-270,-262,-105,102,-255,-88,-182
8993,4,4,-148,-60,-116,-279,439,-174,-242,-2,-156,-128
8994,9,9,-187,-491,-237,72,126,-83,-391,-6,10,446
8995,1,1,-196,381,-130,-353,127,-245,-248,-2,-71,-229
8996,6,6,34,-397,-148,-132,-41,20,493,-569,48,-377
8997,6,6,5,-410,-245,-80,15,55,458,-488,4,-270
8998,9,9,-196,-439,-215,12,143,-93,-372,39,40,394
8999,0,0,368,-288,20,-259,-160,-110,17,-177,-116,-139
9000,7,7,-136,-236,-209,23,-72,-102,-453,319,29,152
9001,6,6,-19,-294,-138,-111,-16,33,413,-494,5,-334
9002,1,1,-221,406,-79,-308,96,-262,-280,-26,-12,-240
9003,1,1,-222,399,-65,-316,94,-280,-303,-7,-16,-247
9004,0,0,331,-331,97,-185,-197,-300,-128,-92,33,-104
9005,1,1,-167,349,-140,-390,87,-231,-233,-53,9,-229
9006,2,2,-166,3,515,285,-589,-522,-563,59,132,-304
9007,3,3,-633,-90,-83,721,-568,-42,-735,4,218,-39
9008,4,4,-41,-75,-117,-316,429,-279,-156,-76,-167,-182
9009,7,2,-260,121,340,142,-219,-388,-517,263,-28,-310
9010,2,2,-251,-77,503,325,-667,-429,-529,37,257,-270
9011,3,3,-619,-218,-242,666,-401,197,-589,-114,190,28
9012,4,4,-53,-262,-94,-163,234,-144,-84,-123,6,20
9013,5,5,-129,-214,-258,-7,-139,331,-6,-48,4,-64
9014,6,6,60,-543,-62,-146,-13,84,373,-416,45,-264
9015,7,7,-204,98,248,83,-118,-320,-445,297,-101,-296
9016,0,0,234,-472,78,-49,-10,-174,-8,-246,16,-17
9017,1,1,-234,320,-58,-298,87,-234,-302,-15,42,-226
9018,2,2,-239,18,421,276,-366,-362,-524,144,12,-294
9019,7,7,-288,18,199,175,-199,-313,-568,376,-41,-191
9020,8,8,-186,-454,-196,156,-208,52,-212,-256,464,175
9021,6,6,-33,-364,-55,-141,73,-20,417,-402,-67,-397
9022,3,3,-625,-16,10,578,-304,64,-422,-4,108,-360
9023,9,9,-76,-533,-118,36,74,-40,-291,-56,-82,344
9024,7,7,-254,1,265,218,-256,-359,-562,304,-23,-166
9025,1,1,-123,297,-156,-388,31,-151,-100,-99,30,-234
9026,9,9,-12,-523,-186,-29,74,-41,-181,-88,-26,344
9027,3,3,-578,-153,-204,592,-349,106,-617,-52,152,67
9028,9,9,-298,-501,-301,120,52,105,-377,-79,26,447
9029,6,6,19,-451,-135,-164,8,100,484,-509,-12,-431
9030,1,1,-166,373,-115,-333,86,-281,-269,9,-68,-201
9031,7,7,-289,-2,132,122,-136,-313,-645,469,-178,-80
9032,2,2,-188,-93,531,265,-599,-420,-401,2,214,-359
9033,4,4,-294,-176,-230,-235,495,-166,-250,-28,-39,-5
9034,4,4,-228,-154,-197,-248,487,-143,-195,-59,-111,-72
9035,5,5,-202,-167,-422,-2,-71,322,-100,39,36,-14
9036,7,7,-315,-22,178,206,-306,-243,-591,311,16,-110
9037,0,0,369,-398,52,-225,-82,-151,2,-218,-92,-57
9038,0,0,345,-393,10,-237,-90,-26,44,-178,-130,-130
9039,1,1,-151,365,-122,-400,76,-241,-227,-35,-30,-215
9040,6,6,-37,-466,-122,-157,-6,130,461,-545,54,-324
9041,6,6,16,-471,-185,-5,7,88,395,-502,-24,-322
9042,8,8,-126,-436,-14,96,-235,-96,-158,-223,502,104
9043,2,2,-221,-25,489,213,-643,-350,-450,-49,242,-293
9044,7,7,-316,39,259,154,-192,-392,-622,493,-144,-211
9045,7,7,-289,-123,144,177,-175,-225,-698,415,-188,-3
9046,2,2,-208,-93,519,255,-644,-396,-442,81,229,-322
9047,4,4,-209,-226,-300,-288,395,-40,-33,-4,-104,-151
9048,2,2,-177,164,574,100,-335,-497,-399,65,-56,-481
9049,1,1,-179,386,-81,-367,101,-277,-261,-37,-33,-225
9050,6,6,-98,-381,-146,-101,58,123,404,-506,25,-335
9051,1,1,-27,141,-74,-223,-19,-262,-205,-106,25,-162
9052,0,0,414,-436,-56,-118,-275,-83,43,-223,-23,-126
9053,6,6,-1,-318,-150,-187,-11,50,500,-533,-17,-421
9054,9,9,-250,-270,-138,-12,68,-58,-473,122,-56,340
9055,8,8,-300,-334,14,5,-266,6,-288,-228,612,84
9056,3,3,-647,-199,-338,749,-334,229,-501,-180,137,-8
9057,9,9,-300,-538,-263,181,-60,125,-392,-137,104,430
9058,6,6,10,-321,-126,-202,76,14,441,-486,-67,-407
9059,3,3,-641,-132,-419,792,-402,262,-535,-132,37,-11
9060,0,0,517,-360,-49,-234,-392,-55,-78,-123,-188,-85
9061,1,1,-140,253,-99,-110,-96,-140,-200,-157,84,-215
9062,2,2,22,-115,414,-21,-368,-402,-230,-11,120,-191
9063,3,3,-422,-39,-40,574,-509,-167,-612,16,67,-5
9064,4,4,-308,-174,-199,-391,630,-107,-193,53,-259,-204
9065,5,5,-419,-375,-430,40,-255,657,-90,-410,48,177
9066,6,6,142,-508,-255,-237,-120,71,583,-497,1,-306
9067,7,7,-181,-175,-229,-137,-84,-135,-408,541,-116,-9
9068,8,8,-234,-411,1,197,-280,-177,-350,-131,587,141
9069,9,9,-309,-287,-164,-46,166,-81,-452,28,41,403
9070,0,0,455,-424,-114,-171,-231,-51,-48,-157,-175,37
9071,1,1,-157,221,-110,-159,-15,-173,-260,-136,109,-86
9072,2,2,-50,-81,576,95,-596,-513,-367,18,155,-289
9073,3,3,-446,11,-106,568,-241,-79,-439,30,2,-160
9074,4,4,-233,-98,-166,-465,612,-136,-144,24,-281,-296
9075,5,5,-299,-483,-556,53,-303,686,-102,-249,-58,180
9076,6,6,58,-459,-233,-158,-113,62,576,-544,43,-338
9077,7,7,-204,-168,-98,-4,-112,-251,-575,505,-64,80
9078,8,8,-146,-535,-55,166,-365,-24,-126,-288,638,16
9079,9,9,-373,-432,-105,71,223,23,-430,-78,-112,427
9080,0,0,388,-409,-49,-192,-337,-78,2,-134,19,-107
9081,1,1,-128,283,-135,-212,-15,-188,-229,-96,47,-141
9082,2,2,-113,4,443,106,-525,-452,-385,40,181,-271
9083,3,3,-589,7,-299,755,-301,30,-559,-35,-82,-100
9084,4,4,-164,-138,-111,-309,463,-168,-209,69,-270,-121
9085,5,5,-124,-555,-354,-53,-351,493,16,-290,77,169
9086,6,6,65,-490,-218,-225,-110,113,598,-550,-6,-359
9087,7,7,-233,-192,-128,11,-73,-239,-556,487,-72,124
9088,8,8,-222,-269,-107,133,-221,-71,-156,-159,518,-31
9089,9,9,-406,-303,-189,23,88,10,-452,-123,130,461
9090,1,1,-189,294,-180,-196,67,-179,-271,-64,2,-77
9091,6,6,59,-370,-200,-172,-153,38,572,-520,47,-394
9092,8,8,-180,-308,61,226,-261,-213,-319,-44,418,25
9093,9,9,-218,-318,-140,-33,110,-11,-347,-21,-66,366
9094,9,9,-332,-319,-99,21,200,-95,-479,-12,-37,413
9095,0,0,456,-321,-121,-266,-353,30,-34,-67,-223,-81
9096,1,1,-83,312,-28,-284,-61,-154,-117,-162,30,-262
9097,2,2,-101,110,502,-66,-247,-435,-151,-88,10,-555
9098,4,4,-163,-83,-146,-337,504,-168,-212,110,-330,-303
9099,4,4,-147,-262,-184,-333,491,-112,-81,54,-333,-175
9100,3,3,-498,-94,-199,672,-418,-92,-518,-69,147,6
9101,7,7,-208,-126,-41,100,-221,-307,-693,488,-110,85
9102,4,4,-161,-170,-138,-331,521,-161,-160,12,-267,-179
9103,4,4,-37,-176,-131,-226,326,-182,-32,-67,-111,-200
9104,4,4,-282,-126,-192,-406,585,-96,-160,47,-280,-208
9105,0,0,408,-470,-100,-148,-172,-91,-34,-189,-96,71
9106,3,3,-514,-9,-225,738,-377,-77,-578,-34,-11,-30
9107,8,8,-305,-311,-50,292,-261,-138,-237,-119,539,-54
9108,7,7,-176,-154,-202,-157,-35,-167,-421,559,-199,-2
9109,5,5,-365,-374,-417,15,-315,653,-116,-372,54,182
9110,8,8,-282,-285,-31,195,-183,-184,-289,-108,493,43
9111,2,2,-137,42,614,115,-424,-519,-375,-22,84,-431
9112,1,1,-174,301,-90,-189,-11,-146,-188,-221,89,-214
9113,7,7,-240,-196,-221,-94,-76,-78,-410,499,-152,62
9114,5,5,-318,-397,-359,-163,-306,669,-9,-390,145,107
9115,3,3,-349,-90,-167,615,-408,-48,-662,-96,-3,67
9116,8,8,-71,-520,45,167,-394,-132,-175,-165,561,57
9117,5,5,-130,-209,-382,85,-303,404,-197,-86,12,17
9118,2,2,-126,61,592,13,-485,-506,-404,7,163,-340
9119,5,5,-162,-407,-192,-217,-270,498,-25,-192,90,88
9120,1,1,-63,303,-121,-296,28,-151,-114,-122,-49,-222
9121,1,1,-63,317,-139,-353,54,-143,-118,-137,-52,-209
9122,6,6,-16,-434,-167,-208,-26,104,552,-559,5,-348
9123,2,2,-206,-110,550,215,-505,-474,-457,36,205,-240
9124,1,1,-84,275,-128,-268,3,-109,-100,-127,-21,-207
9125,3,3,-591,19,-199,712,-329,-48,-633,-15,2,-6
9126,8,8,-191,-281,-38,105,-148,-136,-104,-239,491,-50
9127,6,6,-56,-281,-161,-181,-11,68,500,-486,-27,-396
9128,4,4,-81,-210,-206,-243,353,-153,7,7,-143,-314
9129,2,2,-147,-85,652,149,-733,-522,-369,-12,251,-362
9130,6,6,147,-433,-279,-129,-169,0,504,-449,70,-234
9131,2,2,-131,96,552,58,-648,-444,-405,33,80,-306
9132,5,5,-419,-357,-326,98,-261,531,-80,-395,145,148
9133,5,5,-386,-349,-195,-41,-310,576,-220,-281,119,135
9134,0,0,387,-320,-56,-226,-244,-13,-5,-163,-130,-55
9135,2,2,-146,137,664,2,-496,-502,-279,-61,79,-545
9136,8,8,-272,-388,-107,260,-135,-158,-335,-142,501,148
9137,0,0,453,-388,-73,-215,-403,-20,-55,-107,-102,-77
9138,6,6,82,-525,-239,-201,-99,73,604,-516,32,-333
9139,8,8,-320,-196,-159,134,-32,-71,-28,-255,437,-190
9140,1,1,-115,358,-93,-279,28,-217,-230,-65,-66,-195
9141,7,7,-339,-128,-402,-225,121,-12,-375,535,-252,-25
9142,9,9,-342,-329,-157,6,187,-154,-549,20,-3,486
9143,1,1,-96,336,-158,-296,8,-174,-210,-50,-60,-171
9144,9,9,-332,-440,-134,80,138,-90,-531,7,37,455
9145,2,2,-86,44,557,-5,-396,-451,-284,-95,132,-392
9146,6,6,45,-451,-200,-202,-118,104,535,-522,77,-349
9147,7,7,-171,-194,-305,-123,-71,-104,-425,556,-145,12
9148,6,6,25,-387,-168,-228,-108,71,567,-551,69,-376
9149,6,6,-28,-373,-195,-163,-74,57,536,-546,114,-377
9150,8,8,-236,-372,-98,158,-153,-72,-14,-326,521,-99
9151,7,7,-163,-220,-295,-126,-82,-99,-446,572,-168,27
9152,4,4,-184,-99,-204,-285,488,-104,-129,-8,-202,-243
9153,9,9,-235,-366,-318,-27,37,76,-265,-119,82,419
9154,2,2,-153,-13,625,112,-625,-537,-460,98,136,-297
9155,1,1,-90,276,-132,-263,13,-191,-215,-129,13,-148
9156,3,3,-403,-12,-294,531,-225,86,-463,-131,-133,46
9157,3,3,-593,-92,-160,819,-539,-125,-643,-45,184,-43
9158,0,0,272,-453,-21,-104,3,-104,-90,-126,-109,103
9159,5,5,-433,-346,-374,91,-248,571,-101,-435,33,231
9160,5,5,-318,-385,-345,-132,-284,614,-90,-361,123,195
9161,8,8,-230,-387,-94,45,-249,29,54,-367,577,-148
9162,0,0,442,-404,-78,-129,-268,-65,33,-285,-121,-79
9163,3,3,-232,-159,268,438,-686,-333,-505,-9,272,-141
9164,7,7,-187,-190,-222,-129,-63,-172,-471,592,-173,21
9165,9,9,-226,-398,-282,-74,72,75,-265,-56,4,414
9166,7,7,-207,-148,-206,-123,-59,-112,-391,567,-208,-35
9167,0,0,373,-271,-140,-223,-432,60,-91,24,-139,-132
9168,2,2,-135,11,374,112,-554,-425,-392,50,209,-179
9169,7,7,-234,-163,-280,-138,-19,-151,-484,521,-69,70
9170,9,9,-298,-414,-301,-47,73,154,-244,-102,45,384
9171,1,1,-131,288,-157,-217,21,-175,-167,-148,50,-177
9172,7,7,-233,-117,-312,-210,-26,-67,-360,585,-228,-86
9173,8,8,-186,-250,-45,148,-145,-215,-262,-73,462,12
9174,0,0,427,-328,-129,-222,-326,17,11,-130,-148,-97
9175,3,3,-472,46,-47,644,-429,-182,-628,59,-59,-110
9176,5,5,-328,-342,-284,1,-277,503,-94,-342,106,156
9177,3,3,-537,2,-108,679,-330,-40,-509,-63,5,-168
9178,6,6,68,-497,-263,-179,-114,64,636,-564,-1,-337
9179,0,0,407,-341,-23,-222,-334,-160,-48,-137,-15,-113
9180,1,1,-188,380,-147,-324,73,-223,-256,-52,11,-219
9181,2,2,-249,158,550,257,-458,-568,-588,58,-4,-372
9182,3,3,-458,-161,-197,622,-342,-13,-579,-56,129,71
9183,4,4,-335,34,-146,-191,410,-184,-328,73,-145,-111
9184,5,5,-325,-118,-336,17,-241,482,-230,-136,-4,50
9185,6,6,56,-389,-295,-151,-27,69,505,-439,-15,-296
9186,7,7,-158,-123,-287,-141,36,-98,-399,363,-41,28
9187,8,8,-89,-350,-64,108,-132,-182,-282,-183,394,160
9188,9,9,-204,-433,-174,101,117,-181,-488,27,50,435
9189,0,0,393,-275,-72,-199,-339,-100,-60,-105,-57,-176
9190,1,1,-176,342,-249,-399,81,-173,-164,-79,24,-229
9191,2,2,-361,178,537,246,-481,-525,-613,111,125,-358
9192,3,3,-383,-341,-292,618,-242,91,-551,-154,98,197
9193,4,4,-233,46,-9,-217,482,-313,-298,41,-168,-350
9194,5,5,-287,-229,-339,168,-268,440,-136,-204,39,0
9195,6,6,26,-480,-225,-171,-86,88,560,-526,93,-343
9196,7,7,-124,-147,-133,-28,-34,-214,-516,364,-4,76
9197,8,8,-94,-258,-32,59,-183,-142,-256,-149,380,96
9198,9,9,-232,-495,-216,66,25,-66,-438,-39,194,449
9199,0,0,390,-399,-57,-167,-247,-89,14,-179,-50,-113
9200,1,1,-190,405,-84,-347,86,-280,-296,-47,-10,-244
9201,2,2,-328,137,599,293,-553,-568,-606,90,92,-402
9202,3,3,-440,-191,-221,538,-153,-1,-649,-46,14,213
9203,4,4,-252,-14,-44,-164,457,-314,-348,56,-137,-214
9204,7,7,-134,-181,-190,-39,-20,-149,-479,391,-14,75
9205,8,8,-50,-275,-53,-45,-60,-140,-246,-164,327,134
9206,9,9,-208,-547,-210,65,28,-80,-407,-25,183,445
9207,6,6,68,-394,-280,-139,-57,72,485,-481,26,-257
9208,4,4,-289,15,-237,-200,325,-124,-360,54,-125,79
9209,2,2,-206,123,550,75,-294,-531,-478,89,82,-361
9210,6,6,111,-432,-209,-71,-15,-12,343,-374,40,-114
9211,4,4,-327,-45,-211,-177,369,-158,-421,11,-83,199
9212,7,7,-82,-237,-284,-108,11,-157,-414,358,38,52
9213,8,8,-82,-434,-116,44,-225,-47,-114,-285,534,61
9214,9,9,-204,-431,-244,44,135,-118,-437,54,67,399
9215,2,2,-293,184,526,199,-397,-462,-571,69,42,-357
9216,9,9,-339,-398,-211,71,124,-74,-535,-4,87,470
9217,3,3,-206,-177,126,455,-402,-213,-514,-112,163,-46
9218,9,9,-248,-481,-258,98,114,-92,-477,-41,88,503
9219,3,3,-465,-197,-138,612,-226,-37,-608,-135,130,117
9220,0,0,416,-311,-103,-159,-342,-14,-5,-165,-96,-178
9221,0,0,379,-334,-4,-183,-186,-232,-121,-159,-20,-67
9222,1,1,-225,365,-240,-407,100,-157,-203,-24,-10,-213
9223,0,0,374,-442,-45,-139,-230,-116,-22,-177,4,-45
9224,4,4,-282,14,-175,-259,560,-258,-348,52,-162,-210
9225,2,2,-334,119,452,255,-586,-384,-633,115,129,-246
9226,6,6,44,-380,-165,-136,-33,26,482,-468,8,-370
9227,3,3,-195,-304,67,330,-355,-1,-412,-141,208,49
9228,5,5,-282,-232,-196,127,-255,435,-205,-199,-7,29
9229,3,3,-525,-155,-99,625,-249,-116,-698,-41,109,136
9230,0,0,457,-348,-67,-135,-240,-95,-55,-215,-213,14
9231,3,3,-390,-168,-241,620,-346,69,-590,-111,4,98
9232,4,4,-255,-33,-96,-238,492,-223,-276,24,-133,-217
9233,1,1,-237,387,-117,-261,92,-233,-313,-21,-16,-227
9234,5,5,-306,-212,-318,135,-249,484,-203,-156,3,29
9235,3,3,-329,-246,-70,636,-374,-114,-591,-134,167,49
9236,0,0,410,-377,-45,-128,-264,-119,-88,-160,-52,-81
9237,8,8,-130,-406,6,111,-138,-147,-215,-175,452,67
9238,3,3,-315,-270,29,471,-352,-91,-565,-122,206,111
9239,0,0,402,-355,-53,-156,-297,-51,13,-183,-62,-134
9240,6,6,124,-447,-225,-106,-118,91,452,-490,-6,-298
9241,1,1,-241,393,-139,-317,121,-218,-266,-23,-29,-236
9242,7,7,-147,-221,-317,-66,-31,-52,-445,423,-84,91
9243,8,8,-38,-213,-48,-74,-122,-162,-293,-102,309,114
9244,0,0,438,-437,0,-162,-206,-180,-59,-185,-67,-55
9245,9,9,-36,-421,-208,-19,124,-147,-380,71,41,293
9246,2,2,-243,137,532,280,-561,-523,-617,80,-18,-322
9247,6,6,51,-539,-182,-68,-46,32,476,-544,84,-259
9248,7,7,-77,-155,-241,-83,-22,-156,-405,357,-28,6
9249,1,1,-157,369,-200,-403,63,-201,-174,-76,10,-259
9250,9,9,-186,-524,-208,127,31,-94,-435,-58,112,471
9251,6,6,13,-381,-199,-112,-42,44,474,-484,54,-325
9252,9,9,13,-439,-141,16,87,-223,-325,-21,68,258
9253,4,4,-332,99,-79,-180,337,-156,-274,49,-74,-295
9254,9,9,-245,-474,-198,81,112,-131,-469,-43,161,463
9255,9,9,-186,-355,-213,14,135,-110,-444,60,25,360
9256,6,6,35,-357,-162,-122,-23,36,437,-468,30,-335
9257,7,7,-139,-152,-125,-42,-31,-189,-495,302,21,117
9258,1,1,-223,386,-178,-322,114,-208,-235,-58,6,-230
9259,2,2,-252,-12,522,313,-594,-413,-550,-12,164,-299
9260,5,5,-373,-177,-478,205,-268,538,-222,-98,9,-38
9261,3,3,-538,-114,-168,641,-262,-44,-707,-89,21,139
9262,7,7,-98,-145,-82,-1,-97,-267,-524,375,-10,57
9263,8,8,-84,-384,7,103,-191,-161,-220,-147,487,35
9264,0,0,320,-218,-35,-159,-336,-9,-35,-96,-93,-101
9265,1,1,-199,246,-104,-172,59,-117,-229,-28,-30,-33
9266,2,2,-83,-74,471,32,-163,-254,-228,-54,-34,-344
9267,4,4,-399,-135,-87,-201,500,-95,-311,23,-150,44
9268,5,5,-395,-306,-329,105,-112,413,-245,-188,139,191
9269,6,6,4,-329,-133,-170,-57,34,496,-437,20,-339
9270,7,7,-261,-74,-42,98,-181,-240,-639,423,-115,90
9271,8,8,-224,-396,-23,80,-314,-14,-95,-250,588,5
9272,9,9,-372,-329,-187,72,48,15,-463,-13,68,411
9273,0,0,365,-286,-6,-203,-297,-73,40,-157,-96,-69
9274,1,1,-135,304,-88,-243,28,-140,-200,-120,7,-150
9275,3,3,-245,-75,-134,397,-280,27,-363,-36,-97,-1
9276,4,4,-245,-270,-91,-218,495,-45,-156,-82,-231,-38
9277,5,5,-300,-355,-299,-47,-244,505,-140,-305,113,207
9278,6,6,23,-349,-98,-190,-9,-18,487,-396,-42,-376
9279,7,7,-214,-206,-113,55,-158,-126,-536,422,-115,141
9280,8,8,-149,-399,-70,35,-383,198,1,-339,382,-1
9281,0,0,305,-226,-15,-144,-299,-18,-77,-58,-96,-59
9282,1,1,-124,281,-121,-218,48,-126,-159,-34,-53,-138
9283,3,3,-422,-95,-191,469,-242,30,-435,7,4,84
9284,4,4,-401,-173,-141,-207,497,35,-180,-69,-191,-27
9285,7,7,-231,-124,-67,120,-218,-220,-666,468,-158,70
9286,8,8,-242,-350,42,124,-339,16,-109,-321,498,-26
9287,9,9,-267,-381,-235,37,-20,67,-369,-38,79,398
9288,7,7,-241,-56,15,106,-259,-285,-691,466,-158,32
9289,5,5,-407,-362,-463,144,-217,557,-217,-263,97,210
9290,5,5,-147,-251,-424,42,-195,389,-124,-59,15,57
9291,1,1,-100,277,-67,-253,1,-133,-134,-51,-46,-165
9292,9,9,-344,-350,-213,109,41,-12,-428,-52,77,430
9293,9,9,-230,-282,-148,118,-7,-164,-473,49,127,353
9294,7,7,-235,-226,-149,62,-147,-106,-556,423,-112,175
9295,1,1,-113,305,-97,-228,23,-193,-225,1,-82,-149
9296,0,0,299,-384,53,-114,-89,-155,-19,-189,-87,19
9297,0,0,338,-297,73,-130,-217,-160,5,-211,-113,-57
9298,5,5,-403,-382,-404,139,-255,569,-153,-398,45,239
9299,9,9,-225,-328,-196,17,84,-51,-388,-32,33,423
9300,7,7,-174,-196,-110,40,-169,-116,-481,448,-137,78
9301,1,1,-112,233,-71,-194,8,-95,-95,-64,-23,-166
9302,7,7,-193,-169,-95,66,-174,-68,-439,398,-154,71
9303,2,2,-27,-99,508,26,-316,-279,-285,48,-44,-330
9304,2,2,-54,-75,474,42,-294,-279,-233,41,-19,-335
9305,3,3,-167,-148,-32,391,-364,-23,-353,-47,-56,-52
9306,6,6,4,-416,-109,-207,-73,67,522,-414,-1,-349
9307,8,8,-277,-342,2,199,-311,-70,-214,-245,546,22
9308,3,3,-138,-57,-90,326,-245,-25,-361,-5,-95,-13
9309,2,2,6,-191,394,43,-183,-276,-187,-50,-26,-246
9310,0,0,376,-282,-17,-168,-336,-14,-84,-116,-144,-33
9311,0,0,334,-283,-20,-206,-276,-69,28,-129,-85,-47
9312,6,6,4,-323,-189,-153,-67,46,505,-435,8,-332
9313,1,1,-51,254,-61,-284,-8,-107,-45,-143,-14,-227
9314,7,7,-281,-34,-9,123,-208,-313,-701,475,-139,50
9315,5,5,-313,-264,-252,83,-246,389,-267,-160,70,198
9316,8,8,-324,-263,-79,220,-353,148,-254,-105,344,22
9317,6,6,-40,-398,-147,-103,-28,65,426,-306,-37,-223
9318,2,2,-111,-170,405,43,-136,-235,-167,-47,24,-254
9319,9,9,-384,-251,-189,74,142,-46,-483,-35,24,429
9320,4,4,-469,-39,-153,-150,491,-56,-351,-53,-85,49
9321,8,8,-241,-386,-10,225,-357,-2,-164,-264,496,4
9322,8,8,-220,-315,51,166,-294,-91,-179,-269,485,5
9323,7,7,-193,-186,-88,57,-194,-131,-526,437,-136,97
9324,1,1,-99,302,-69,-247,0,-159,-164,-44,-50,-172
9325,0,0,395,-319,102,-123,-280,-192,-78,-208,-173,-11
9326,8,8,-195,-315,-29,174,-282,-25,-258,-191,413,92
9327,7,7,-219,-196,-99,86,-169,-163,-578,425,-98,142
9328,7,7,-239,-170,-78,87,-186,-152,-567,422,-105,122
9329,5,5,-391,-304,-359,180,-367,543,-369,-229,111,190
9330,8,8,-212,-317,2,148,-366,12,-159,-249,430,33
9331,5,5,-417,-193,-358,114,-198,480,-257,-288,-28,251
9332,3,3,-209,-131,-69,485,-374,-51,-441,-45,-25,-51
9333,4,4,-440,-86,-192,-242,565,-13,-267,-70,-125,-40
9334,6,6,-4,-332,-189,-207,-20,68,536,-508,-14,-375
9335,1,1,-203,283,-107,-195,74,-137,-240,-38,-32,-54
9336,1,1,-195,305,-130,-239,92,-142,-227,-45,-55,-75
9337,5,5,-372,-280,-361,84,-341,552,-311,-282,76,247
9338,5,5,-335,-191,-324,100,-423,521,-337,-198,93,134
9339,0,0,386,-353,56,-171,-273,-152,-74,-135,-119,18
9340,7,7,-246,-49,2,93,-176,-291,-646,441,-145,63
9341,2,2,-99,-114,488,53,-355,-266,-209,39,43,-329
9342,3,3,-96,-8,-85,297,-268,53,-209,-109,-169,-169
9343,6,6,23,-436,-206,-161,-83,77,530,-485,30,-270
9344,4,4,-439,-156,-139,-193,528,-46,-294,-91,-58,67
9345,1,1,-110,326,-114,-272,43,-146,-151,-65,-63,-196
9346,2,2,66,-215,504,-65,-399,-231,-267,54,-55,-288
9347,4,4,-428,-185,-200,-175,501,-15,-265,-40,-131,51
9348,1,1,-60,283,-98,-291,-4,-126,-101,-103,-44,-209
9349,5,5,-221,-238,-393,-23,-329,525,-174,-193,69,95
9350,4,4,-345,-42,-90,-172,432,-46,-284,-35,-146,6
9351,2,2,-76,-41,454,-1,-182,-286,-202,19,-34,-350
9352,0,0,425,-283,46,-176,-328,-119,-23,-215,-165,-54
9353,4,4,-407,-128,-106,-174,444,-42,-272,-18,-59,47
9354,8,8,-184,-297,63,130,-407,-96,-139,-207,520,-60
9355,6,6,2,-360,-220,-145,-21,42,491,-400,-40,-296
9356,1,1,-73,241,-51,-253,-11,-123,-137,-27,-37,-140
9357,9,9,-251,-242,-257,-16,119,-64,-376,-23,36,406
9358,0,0,400,-300,1,-227,-297,-79,45,-183,-131,-70
9359,2,2,-69,-109,505,-31,-122,-272,-231,-62,-60,-316
9360,5,5,-432,-352,-354,66,-202,542,-186,-369,51,282
9361,6,6,19,-382,-225,-140,-85,84,522,-433,-37,-299
9362,9,9,-209,-316,-154,24,69,-100,-370,31,31,367
9363,3,3,-218,-128,-146,472,-346,2,-445,-72,-17,16
9364,6,6,-57,-351,-137,-116,-20,35,428,-324,12,-244
9365,3,3,-351,-193,-218,620,-320,35,-450,-128,11,46
9366,6,6,4,-370,-44,-195,13,-14,425,-351,-23,-302
9367,0,0,469,-306,-14,-206,-352,-119,24,-246,-133,-136
9368,1,1,-208,305,-155,-165,13,-153,-263,-57,26,-85
9369,2,2,-172,-98,502,135,-320,-317,-405,85,43,-238
9370,3,3,-302,-169,-106,531,-334,-122,-517,-57,58,94
9371,4,4,-475,-216,-63,-91,541,-38,-365,24,-218,-12
9372,5,5,-385,-370,-487,289,-146,510,-120,-297,66,25
9373,6,6,31,-376,-243,-171,-46,70,510,-382,-92,-243
9374,7,7,-172,-217,-225,-92,-89,-163,-456,511,-135,96
9375,8,8,-107,-327,19,-42,-417,60,110,-419,461,-214
9376,9,9,-354,-457,-101,79,87,32,-454,-43,24,428
9377,0,0,363,-381,-145,-99,-41,-65,3,-229,-202,56
9378,1,1,-224,277,-204,-173,84,-127,-193,-122,17,-127
9379,2,2,66,-241,506,-8,-310,-346,-346,-47,58,-182
9380,3,3,-298,-137,-107,513,-321,-77,-434,-43,-14,29
9381,4,4,-408,-135,-155,-180,538,-111,-392,106,-158,-42
9382,5,5,-398,-278,-354,213,48,325,-147,-171,128,-62
9383,6,6,88,-310,-300,-208,-39,101,456,-377,-188,-231
9384,7,7,-208,-210,-179,16,-114,-169,-527,458,-85,154
9385,8,8,-178,-364,-105,-35,-399,146,114,-406,460,-76
9386,9,9,-298,-329,-235,11,25,52,-400,-58,81,427
9387,0,0,425,-332,-117,-160,-225,-21,28,-219,-191,-22
9388,1,1,-139,330,-85,-217,-26,-176,-247,-93,35,-152
9389,2,2,-26,17,607,-41,-223,-373,-291,-45,-144,-447
9390,3,3,-596,-94,-148,695,-442,23,-585,-13,19,-53
9391,5,5,-544,-161,-525,324,-83,515,-239,-263,76,-36
9392,6,6,52,-396,-171,-196,57,36,369,-294,-156,-132
9393,7,7,-162,-204,-187,-40,-78,-225,-536,462,-23,137
9394,8,8,-229,-269,38,1,-337,88,33,-266,392,-67
9395,1,1,-188,285,-146,-201,75,-139,-225,-58,-10,-61
9396,0,0,359,-360,-45,-145,-77,-99,8,-222,-116,20
9397,9,9,-322,-291,-158,-6,73,-1,-432,-19,75,400
9398,5,5,-474,-107,-523,324,-234,522,-215,-276,-101,63
9399,7,7,-160,-161,-191,-185,-46,-178,-513,545,-193,59
9400,5,5,-445,-151,-482,175,-141,504,-94,-390,113,-66
9401,1,1,-251,318,-173,-203,112,-146,-284,-55,-58,-67
9402,8,8,-243,-410,-38,74,-419,83,-146,-286,611,14
9403,6,6,55,-370,-213,-185,-100,32,569,-515,18,-344
9404,9,9,-344,-397,-90,39,125,-99,-587,133,-105,430
9405,0,0,498,-395,-137,-180,-360,-21,42,-199,-200,-64
9406,4,4,-390,-69,-157,-227,549,-69,-346,-37,-145,-7
9407,1,1,-132,265,-131,-196,39,-123,-146,-110,10,-127
9408,9,9,-249,-382,-81,11,172,-88,-482,75,-101,388
9409,3,3,-588,-95,-67,676,-427,-122,-677,-106,209,19
9410,8,8,-208,-345,-45,-26,-470,143,15,-340,511,-38
9411,4,4,-177,-220,-117,-196,411,-158,-263,80,-267,-8
9412,4,4,-377,-80,-270,-287,612,-113,-302,12,-107,-108
9413,7,7,-86,-64,-37,10,-241,-236,-473,317,29,37
9414,0,0,465,-409,-14,-210,-443,-68,-30,-147,-71,-86
9415,1,1,-215,318,-117,-173,11,-167,-293,-6,-5,-71
9416,9,9,-372,-306,-161,137,88,-14,-362,-66,36,358
9417,2,2,23,-114,506,-76,-107,-258,-169,-158,-129,-358
9418,8,8,-211,-219,131,174,-387,-161,-161,-177,442,-94
9419,7,7,-130,-207,-72,40,-203,-127,-483,401,-133,102
9420,8,8,-171,-300,138,136,-478,-167,-209,-213,534,-33
9421,2,2,121,-170,319,-21,-145,-210,-278,-114,-223,-106
9422,5,5,-402,-53,-416,239,-212,432,-172,-313,1,-22
9423,9,9,-321,-386,-215,22,155,10,-329,-30,-27,379
9424,6,6,1,-387,-240,-167,-78,70,576,-480,-33,-300
9425,0,0,365,-333,-124,-181,-160,8,51,-177,-285,-30
9426,6,6,-10,-386,-112,-121,59,-5,355,-277,-64,-201
9427,5,5,-256,-409,-347,176,-203,437,1,-429,57,10
9428,5,5,-436,-242,-388,210,-266,555,-168,-316,33,72
9429,3,3,-596,-203,-129,642,-411,9,-583,-141,211,99
9430,3,3,-422,-197,-132,571,-151,25,-362,-176,-1,-29
9431,3,3,-538,-93,-187,681,-330,6,-526,-18,48,-29
9432,9,9,-309,-407,-86,139,53,-81,-461,-33,29,441
9433,8,8,-111,-411,-18,-10,-296,-38,-18,-73,452,13
9434,1,1,-118,286,-141,-245,20,-137,-186,-66,-22,-122
9435,1,1,-108,268,-149,-223,29,-132,-142,-91,-8,-143
9436,0,0,308,-217,-64,-166,-275,-10,-110,-85,-122,-29
9437,6,6,23,-291,-235,-200,6,78,409,-314,-147,-185
9438,1,1,-124,318,-44,-266,-7,-180,-165,-101,24,-185
9439,0,0,478,-411,-36,-184,-332,-100,-54,-145,-171,13
9440,0,0,421,-295,-44,-258,-290,-13,-12,-140,-244,-37
9441,6,6,70,-512,-289,-82,-108,80,479,-377,10,-173
9442,2,2,-208,-60,483,75,-162,-248,-291,29,-8,-334
9443,1,1,-200,309,-135,-235,85,-128,-193,-115,11,-108
9444,1,1,-208,279,-136,-189,102,-130,-215,-75,-11,-66
9445,3,3,-580,-73,-299,775,-347,-32,-685,-53,11,90
9446,2,2,-219,-24,353,6,-37,-166,-164,52,-20,-337
9447,7,7,-114,-181,-200,-80,-104,1,-315,323,-133,78
9448,7,7,-170,-68,-62,-5,-79,-217,-521,369,-100,78
9449,8,8,-185,-360,50,17,-419,38,-78,-196,486,17
9450,8,8,-173,-265,69,-129,-411,66,101,-393,446,-140
9451,7,7,-131,-216,-162,-50,-157,-61,-384,393,-145,91
9452,8,8,-260,-241,91,57,-386,-31,-93,-199,532,-100
9453,4,4,-308,-221,-122,-262,558,-83,-290,-5,-277,23
9454,6,6,-37,-229,-180,-212,16,59,430,-374,-100,-274
9455,0,0,470,-352,-37,-160,-294,-98,-51,-181,-252,6
9456,2,2,-119,-100,313,42,-191,-266,-209,152,9,-222
9457,0,0,414,-360,-9,-211,-191,-129,110,-293,-110,-67
9458,7,7,-76,-191,-181,-103,-114,-164,-462,451,-105,87
9459,0,0,492,-356,-75,-165,-350,-82,5,-219,-194,-58
9460,3,3,-536,-120,-154,744,-483,-110,-671,-54,109,56
9461,6,6,63,-463,-262,-154,-117,98,532,-436,-34,-244
9462,8,8,-254,-232,8,104,-311,-128,-142,-179,536,-71
9463,7,7,-113,-220,-141,-12,-128,-112,-482,379,-82,111
9464,1,1,-100,311,-122,-255,6,-169,-194,-36,-56,-164
9465,5,5,-323,-212,-389,154,-271,521,-89,-352,-10,16
9466,9,9,-270,-285,-191,10,117,-70,-479,16,-39,416
9467,9,9,-331,-399,-178,33,191,-62,-442,-27,9,458
9468,3,3,-539,-150,-80,694,-412,-70,-591,-129,220,-30
9469,7,7,-81,-211,-113,-25,-167,-110,-422,319,-63,138
9470,2,2,-168,-69,465,13,-156,-260,-273,-26,88,-327
9471,4,4,-110,-251,-82,-191,371,-134,-182,-16,-240,46
9472,9,9,-302,-348,-81,76,135,-109,-452,28,-27,396
9473,4,4,-262,-55,-187,-244,459,-114,-277,-48,-126,15
9474,3,3,-240,-128,-247,509,-295,51,-405,-84,-33,7
9475,6,6,71,-471,-209,-208,-102,16,591,-448,32,-325
9476,2,2,-174,-26,534,29,-206,-330,-287,-84,46,-350
9477,2,2,-218,-72,518,104,-152,-326,-362,100,-15,-385
9478,5,5,-321,-100,-481,258,-166,395,-212,-210,106,-120
9479,3,3,-467,-192,-210,565,-276,9,-503,-158,239,59
9480,2,2,-126,183,538,-6,-309,-372,-371,18,-174,-403
9481,5,5,-240,-178,-523,114,-246,485,-183,-70,88,-94
9482,5,5,-298,-52,-371,150,-336,474,-252,-206,120,-114
9483,9,9,-277,-375,-245,14,4,112,-320,-110,57,406
9484,4,4,-283,-206,-247,-183,436,-50,-170,-10,-116,-40
9485,1,1,-143,363,-111,-364,66,-242,-210,-45,-33,-221
9486,7,7,-157,-257,-171,56,-165,-63,-491,408,-138,148
9487,2,2,82,-283,416,18,-167,-266,-107,-206,-61,-266
9488,0,0,350,-272,-69,-183,-112,-36,-40,-151,-206,-4
9489,1,1,-95,292,-105,-312,33,-175,-150,-130,-21,-189
9490,2,2,-215,216,489,106,-481,-510,-464,139,4,-399
9491,3,3,-518,-115,-218,561,-252,-11,-609,118,-29,80
9492,4,4,-437,-210,89,-46,409,-118,-455,37,-138,73
9493,5,5,-412,-415,-336,-3,-173,542,-95,-371,197,204
9494,6,6,103,-283,-196,-185,2,71,312,-232,-280,-238
9495,7,7,-377,-87,-100,73,-115,-157,-611,356,-40,161
9496,8,8,-265,-126,-90,53,-169,-165,-237,-124,521,-24
9497,9,9,-277,-346,-208,58,-52,-13,-374,-81,242,386
9498,0,0,458,-352,-1,-92,-248,-169,-84,-253,-189,-25
9499,1,1,-121,271,-171,-244,15,-122,-151,-109,14,-146
9500,2,2,-306,161,447,233,-473,-379,-675,296,-87,-347
9501,3,3,-541,-202,-280,652,-318,10,-665,86,33,138
9502,4,4,-427,-154,-215,-260,497,-93,-316,83,-117,71
9503,5,5,-293,-387,-372,-56,-197,526,-102,-242,138,165
9504,6,6,48,-346,-235,-208,-83,97,475,-379,-104,-221
9505,7,7,-153,-141,25,180,-424,-231,-588,262,60,56
9506,8,8,-44,-389,-37,75,-224,-211,-232,20,456,11
9507,9,9,-234,-347,-183,-32,35,-72,-370,-44,176,408
9508,0,0,316,-352,-108,-97,-181,-58,-113,-59,-47,-78
9509,1,1,-57,278,40,-283,-41,-289,-221,-77,-21,-254
9510,2,2,-141,51,570,59,-286,-409,-396,106,-49,-448
9511,3,3,-372,-178,-273,578,-302,76,-631,-38,-80,150
9512,4,4,-413,-172,-290,-207,485,-136,-329,34,-3,71
9513,5,5,-393,-257,-385,127,-46,432,-160,-122,71,41
9514,6,6,-14,-197,-149,-211,16,24,420,-395,-78,-320
9515,7,7,-266,-140,-118,130,-193,-211,-628,417,-10,100
9516,8,8,-149,-398,-46,28,-261,-74,-121,-236,617,22
9517,9,9,-181,-400,-177,-9,113,-142,-336,-8,85,385
9518,1,1,-110,292,-75,-171,-9,-231,-266,-30,-34,-156
9519,0,0,448,-400,12,-190,-305,-166,-65,-193,-57,-50
9520,1,1,-136,298,-133,-185,15,-263,-299,16,-40,-122
9521,2,2,-250,49,483,117,-453,-427,-495,58,216,-227
9522,7,7,-119,-138,-236,-213,5,-157,-434,445,-156,47
9523,5,5,-382,-409,-317,75,-252,527,-94,-374,120,178
9524,3,3,-467,-137,-117,550,-209,-2,-598,57,-171,69
9525,4,4,-268,-165,-220,-403,514,-119,-164,115,-201,-234
9526,4,4,-306,-194,-224,-248,489,-144,-214,14,-113,-45
9527,0,0,422,-383,-212,-128,-155,-40,105,-309,-226,-5
9528,0,0,426,-314,-41,-202,-303,-64,-38,-134,-114,-141
9529,6,6,54,-296,-237,-200,-29,77,454,-387,-119,-244
9530,9,9,-148,-195,-305,-85,-72,11,-262,-62,157,286
9531,6,6,42,-301,-285,-249,49,65,440,-368,-154,-210
9532,6,6,102,-286,-394,-213,0,74,433,-350,-185,-217
9533,5,5,-130,-260,-442,-19,-153,382,-35,-21,24,-7
9534,7,7,-82,-223,-125,6,-122,-154,-484,290,-52,146
9535,2,2,-6,-84,461,-180,-14,-357,-261,-178,98,-331
9536,3,3,-554,-183,-259,552,-205,-15,-722,67,28,239
9537,4,4,-268,-184,-264,-225,507,-206,-314,-100,-4,98
9538,4,4,-345,-33,-364,-213,344,-108,-390,53,10,151
9539,9,9,-214,-254,-178,-47,44,-122,-426,34,109,355
9540,1,1,-69,128,-23,-280,-92,-151,-198,-40,126,-73
9541,4,4,-307,-77,-379,-178,389,-73,-331,-15,11,60
9542,0,0,349,-330,-2,-86,-354,-159,-182,-65,17,-123
9543,7,7,-167,-162,-132,75,-73,-241,-581,356,-19,148
9544,9,9,-142,-351,-227,-57,110,-49,-387,164,-94,285
9545,5,5,-411,-321,-459,184,-194,554,-196,-280,-13,203
9546,7,7,-81,-211,-280,-96,-97,-47,-383,423,-133,43
9547,2,2,-115,-10,560,30,-257,-349,-448,98,-50,-310
9548,3,3,-538,-163,-59,613,-298,-33,-670,9,66,22
9549,1,1,-101,244,-107,-234,-31,-191,-255,4,-8,-61
9550,4,4,-162,-109,-175,-421,504,-203,-224,49,-171,-165
9551,4,4,-451,-2,-276,-236,565,-116,-383,-96,-47,32
9552,0,0,357,-210,-55,-215,-316,-108,-53,-131,-72,-147
9553,9,9,-144,-294,-220,-22,86,-131,-322,-50,49,388
9554,9,9,-243,-298,-123,-5,26,-147,-511,32,138,401
9555,6,6,46,-451,-261,-142,-90,85,557,-467,-54,-262
9556,1,1,-55,255,87,-242,-62,-291,-178,-78,-40,-316
9557,8,8,-199,-113,-130,-46,-14,-197,-312,-207,448,38
9558,3,3,-694,-168,-311,640,-238,151,-649,-32,108,136
9559,3,3,-517,-120,-44,574,-309,-75,-657,29,44,62
9560,7,7,-188,-97,-21,102,-225,-285,-575,229,107,127
9561,3,3,-655,-99,-210,638,-285,-3,-751,98,28,89
9562,9,9,-207,-295,-197,-10,74,-111,-419,-7,58,409
9563,8,8,-116,-303,-83,-25,-175,-96,-146,-263,508,38
9564,8,8,-220,-242,56,-54,-138,5,-126,-158,436,-76
9565,4,4,-182,-291,-78,-224,439,-212,-213,-32,-164,72
9566,7,7,-179,-126,-126,41,-99,-268,-606,428,2,79
9567,7,7,-97,-211,-73,97,-116,-289,-573,333,-1,166
9568,6,6,44,-388,-294,-222,-97,135,565,-460,-98,-259
9569,2,2,-318,171,483,169,-454,-371,-623,181,-7,-277
9570,1,1,-115,340,-123,-268,47,-180,-233,-45,-81,-171
9571,9,9,-271,-430,-147,59,141,-184,-488,-11,137,449
9572,8,8,-100,-384,-58,-90,-176,4,120,-220,481,-93
9573,7,7,-215,-156,-106,134,-218,-301,-657,433,32,106
9574,8,8,-158,-424,-95,-4,-203,-65,-196,-251,607,116
9575,8,8,-258,-269,-65,42,-248,15,-150,-192,570,-71
9576,7,7,-171,-35,-110,-126,-30,-141,-453,307,-119,96
9577,2,2,-210,127,543,-12,-371,-474,-436,100,111,-342
9578,2,2,-181,-15,553,56,-330,-375,-392,14,110,-304
9579,3,3,-568,-234,-402,699,-206,193,-555,-117,-10,179
9580,9,9,-231,-344,-168,59,-27,-135,-443,10,223,387
9581,3,3,-635,-158,-192,732,-276,39,-678,34,-57,64
9582,3,3,-407,-148,-225,598,-337,70,-598,-38,-64,92
9583,5,5,-558,-311,-471,339,-271,604,-309,-312,83,169
9584,5,5,-280,-321,-496,37,-155,481,-157,-95,25,120
9585,0,0,405,-417,-67,-116,-230,-94,-42,-195,-52,-40
9586,7,7,-188,-152,86,178,-368,-229,-715,423,-176,18
9587,9,9,-186,-301,-109,-82,199,-108,-292,-40,-99,294
9588,5,5,-337,-415,-423,13,-209,516,-152,-302,112,267
9589,6,6,20,-257,-278,-258,-10,83,520,-480,-96,-310
9590,5,5,-292,-349,-367,2,-320,578,-11,-370,91,70
9591,1,1,-85,303,-6,-292,-40,-249,-162,-129,19,-287
9592,4,4,-311,-183,-220,-306,521,-154,-217,-76,-62,23
9593,1,1,-101,332,-82,-355,29,-228,-196,-73,-45,-225
9594,1,1,-7,216,-26,-298,-103,-205,-48,-217,39,-310
9595,2,2,-196,105,429,-72,-153,-247,-221,108,-10,-509
9596,8,8,-321,-339,-9,244,-418,72,-415,-90,436,89
9597,2,2,-119,-40,542,57,-176,-371,-335,-25,-44,-376
9598,6,6,48,-295,-236,-223,-45,57,510,-463,-81,-278
9599,1,1,-70,241,-159,-322,102,-176,-55,-165,-39,-265
9600,5,5,-274,-213,-373,58,-155,419,-163,-81,39,54
9601,0,0,339,-190,180,-307,-186,-259,32,-210,-41,-250
9602,1,1,-130,330,-23,-318,74,-306,-292,-23,-59,-164
9603,2,2,-199,187,524,51,-256,-468,-376,108,-36,-469
9604,3,3,-623,4,-298,755,-304,95,-545,-93,-9,-77
9605,4,4,-177,-26,-12,-285,444,-275,-220,-4,-117,-260
9606,5,5,-260,-185,-244,83,-109,329,-110,-86,2,28
9607,6,6,46,-279,-133,9,-81,-3,257,-300,-51,-315
9608,7,7,-176,-151,0,142,-209,-289,-655,427,-63,47
9609,8,8,-255,-341,157,173,-476,-158,-305,-74,560,-14
9610,9,9,-185,-384,-119,125,-44,-57,-427,12,66,341
9611,0,0,331,-204,32,-220,-307,-70,-60,-60,-124,-210
9612,1,1,-136,274,92,-217,50,-330,-319,4,-86,-220
9613,2,2,-220,32,246,183,-235,-369,-471,121,122,-177
9614,3,3,-542,-180,-322,604,-194,247,-452,-155,37,35
9615,4,4,-200,-361,-73,-123,274,-75,-160,97,-146,-26
9616,5,5,-301,-122,-293,24,-243,467,-166,-87,-19,-11
9617,6,6,74,-203,-62,-227,109,-119,313,-365,-108,-441
9618,7,7,-120,-194,147,168,-266,-326,-647,353,-65,36
9619,8,8,-147,-371,91,102,-331,-77,-255,-82,451,51
9620,9,9,-153,-250,-207,1,-124,57,-221,-47,126,272
9621,0,0,229,-144,-139,-156,-279,13,-124,48,-48,-132
9622,1,1,-151,272,-74,-312,117,-239,-282,-54,-31,-77
9623,2,2,-167,174,462,0,-172,-431,-364,108,-33,-443
9624,3,3,-580,-81,-41,630,-397,-120,-595,-46,274,-58
9625,4,4,-327,-310,-168,-88,323,-16,-199,41,-103,96
9626,5,5,-354,-154,-362,156,-165,431,-121,-108,16,-52
9627,6,6,-35,-359,-77,24,45,31,221,-319,-54,-256
9628,7,7,-93,-185,98,135,-235,-284,-606,371,-77,21
9629,8,8,-350,-146,110,99,-116,-121,-385,22,316,25
9630,8,8,-161,-283,133,211,-457,-173,-345,-145,440,32
9631,0,0,375,-168,49,-248,-231,-184,1,-212,-126,-243
9632,6,6,-11,-201,-109,-70,77,-14,220,-352,-80,-283
9633,0,0,295,-212,-21,-225,-155,-211,-180,4,-53,-117
9634,0,0,106,-39,-78,-87,-288,-173,-99,19,96,-257
9635,2,2,-176,169,516,13,-170,-465,-322,79,-77,-525
9636,3,3,-298,-99,-176,424,-202,108,-264,-75,-49,-56
9637,7,7,-151,-223,-91,148,-144,-166,-535,263,-15,189
9638,9,9,-159,-316,-79,91,-19,-210,-534,124,28,336
9639,4,4,-203,-66,-207,-158,321,-117,-239,100,-131,-66
9640,7,7,-262,-47,24,205,-283,-288,-677,327,-31,41
9641,1,1,-150,239,-93,-180,92,-236,-268,-7,-20,-91
9642,9,9,-44,-264,-92,73,-36,-104,-386,117,-61,209
9643,1,1,-177,110,-97,-29,91,-236,-361,64,-18,22
9644,7,7,-161,-93,75,154,-219,-243,-557,302,-118,28
9645,1,1,-204,310,12,-207,62,-301,-395,95,-108,-143
9646,4,4,-310,-12,-180,-216,428,-74,-279,26,-134,-80
9647,0,0,339,-280,2,-296,-295,-158,53,-164,-1,-201
9648,0,0,383,-269,20,-249,-332,-184,9,-172,-16,-205
9649,1,1,-199,326,-67,-300,46,-225,-298,-20,32,-202
9650,7,7,-82,-188,-189,-59,5,-156,-432,371,-46,47
9651,5,5,-299,-83,-328,187,-196,335,-165,-123,30,-54
9652,7,7,6,-209,-22,29,-68,-274,-451,245,-35,33
9653,1,1,-160,272,-60,-240,63,-316,-405,64,-53,-84
9654,3,3,-399,-94,-110,572,-399,-74,-529,-21,152,-21
9655,3,3,-245,-171,-150,302,-194,128,-329,-35,58,61
9656,3,3,-268,-126,-112,406,-274,101,-374,-115,-15,4
9657,1,1,-165,335,1,-259,77,-329,-363,18,-102,-150
9658,6,6,18,-299,-112,-137,51,-12,358,-440,-58,-338
9659,9,9,-223,-402,-269,52,73,-66,-430,-54,72,477
9660,7,7,-75,-169,-139,-21,-48,-218,-463,386,-44,69
9661,1,1,-177,226,-114,-136,78,-292,-398,31,-67,-26
9662,3,3,-480,-53,-14,505,-320,-125,-659,-34,148,33
9663,0,0,331,-133,233,-256,-63,-382,-55,-209,-101,-317
9664,2,7,-279,9,231,84,-122,-352,-551,318,49,-181
9665,6,6,36,-389,-155,-118,104,-1,344,-430,-23,-262
9666,0,0,221,-182,73,-198,-49,-290,-176,-175,-3,-62
9667,8,8,-338,-74,86,191,-193,-288,-410,-34,474,-99
9668,9,9,-171,-375,-112,84,46,-112,-450,23,8,378
9669,4,4,-201,-34,-103,-48,190,-163,-339,107,-139,20
9670,3,3,-528,-137,-85,570,-284,-119,-657,-73,181,133
9671,5,5,-220,-135,-308,73,-256,419,-182,-140,15,-4
9672,4,4,-338,20,-110,-129,359,-155,-337,77,-93,-88
9673,8,8,-216,-398,-4,306,-511,-80,-348,-128,502,68
9674,1,1,-159,317,-13,-243,86,-306,-354,11,-102,-132
9675,5,5,-247,-225,-152,45,-123,345,-81,-150,23,-3
9676,9,9,-195,-344,-131,155,-17,-145,-471,10,75,373
9677,0,0,212,-337,91,-78,3,-157,-29,-287,-10,-19
9678,6,6,8,-330,-66,-86,119,-42,289,-398,-85,-326
9679,6,3,-72,-149,-112,116,-30,-15,64,-156,-181,-285
9680,3,3,-435,-86,-37,587,-458,-191,-623,-26,173,41
9681,8,8,-257,-395,-57,283,-372,-80,-330,-167,529,94
9682,1,1,-81,310,-63,-353,38,-259,-257,-22,-48,-154
9683,4,4,-234,-137,-149,-222,453,-162,-264,-52,-175,20
9684,7,7,-63,-215,-257,-114,-51,-140,-422,385,-48,101
9685,5,5,-294,-345,-291,104,-191,447,-95,-264,77,77
9686,2,2,-278,192,376,64,-141,-364,-361,123,39,-438
9687,0,0,225,-94,-135,-147,-230,-66,-167,-31,-55,-74
9688,0,0,299,-210,40,-230,-193,-264,-116,-61,36,-156
9689,1,1,-205,342,-175,-276,109,-235,-260,-19,-30,-147
9690,7,7,-68,-236,-197,-4,-58,-84,-386,325,-73,117
9691,8,8,-331,-186,-158,267,-154,-52,-286,-13,323,1
9692,9,9,-198,-114,-99,27,65,-189,-429,161,-26,200
9693,6,6,-4,-266,-8,-103,-9,14,217,-253,-18,-218
9694,8,8,-245,-229,20,149,-158,-197,-392,-69,419,111
9695,8,8,-212,-283,-5,313,-258,-245,-374,-43,405,36
9696,2,2,-229,278,447,-38,-244,-461,-427,103,61,-440
9697,3,3,-455,-56,-247,613,-289,73,-342,-99,97,-196
9698,6,6,-41,-25,-90,-158,16,7,147,-135,-129,-308
9699,1,1,-180,264,-29,-162,42,-315,-465,72,-97,-33
9700,2,2,-36,-64,131,-114,-60,-110,-87,-30,111,-160
9701,9,9,-168,-315,-136,33,11,-83,-443,118,-10,315
9702,5,5,-228,-166,-290,50,-201,426,-100,-103,35,-60
9703,2,2,-153,115,438,-19,-249,-340,-248,-22,75,-355
9704,0,0,432,-386,-68,-157,-338,-138,-104,-140,-30,-65
9705,1,1,-126,357,-134,-319,63,-200,-190,-58,-61,-210
9706,2,2,-93,234,349,23,-222,-190,-450,-28,-327,-317
9707,3,3,-598,-132,-225,705,-306,23,-594,-143,91,84
9708,4,4,-181,-51,-177,-249,401,-123,-184,-48,-158,-97
9709,5,5,-233,-236,-219,87,-187,346,67,-221,48,-158
9710,6,6,129,-592,-67,-95,-278,7,398,-499,269,-181
9711,7,7,-157,-96,-226,-95,-13,-145,-430,312,1,78
9712,8,8,-62,-170,-260,-107,-269,109,-55,-168,308,-63
9713,9,9,-189,-340,-223,29,97,-90,-395,58,17,361
9714,0,0,387,-388,-149,-171,-289,-8,136,-246,-49,-140
9715,1,1,-167,347,-123,-273,103,-209,-238,-23,-76,-175
9716,2,2,0,36,246,-81,-45,-230,-379,-88,-89,-140
9717,3,3,-460,-230,-264,640,-316,59,-546,-229,144,161
9718,4,4,-180,42,-91,-311,523,-248,-208,-23,-172,-343
9719,5,5,-41,-172,-283,219,-373,295,-231,-107,-71,-100
9720,6,6,80,-530,-39,-157,-126,56,401,-472,172,-203
9721,7,7,-186,-89,-157,26,-88,-203,-515,296,42,98
9722,8,8,-117,-212,-206,-3,-135,-56,-231,-190,434,73
9723,9,9,-195,-415,-226,21,118,-132,-439,41,77,416
9724,0,0,257,-230,-127,-141,-183,-97,-70,3,-61,-177
9725,1,1,-208,353,-158,-291,99,-196,-218,-22,-29,-178
9726,2,2,-43,18,327,82,-164,-255,-403,-56,-134,-186
9727,3,3,-455,-256,-243,596,-128,101,-498,-37,-46,92
9728,4,4,-149,-9,-60,-237,354,-220,-198,-76,-88,-139
9729,5,6,47,-418,-155,-2,-120,169,235,-357,-83,-192
9730,6,6,13,-469,-18,-117,-160,43,390,-500,246,-240
9731,7,7,-84,-162,-175,-39,-27,-201,-407,260,45,72
9732,8,8,-136,-236,-165,21,-150,20,-216,-167,431,5
9733,9,9,-309,-308,-265,-36,160,-37,-443,36,95,381
9734,7,7,-33,-140,-267,-122,-92,-106,-355,341,-84,0
9735,4,4,-268,-50,-265,-135,279,-72,-183,-2,-86,-1
9736,6,6,23,-521,-58,-119,-151,124,327,-408,179,-130
9737,1,1,-138,333,-162,-320,56,-163,-192,-32,-42,-172
9738,4,4,-40,19,-88,-254,290,-176,-76,-118,-113,-211
9739,0,0,298,-306,57,-193,-40,-343,-93,-223,33,-57
9740,9,9,-134,-353,-175,-1,118,-156,-402,62,49,313
9741,9,9,-53,-330,-150,-22,70,-171,-354,87,-6,246
9742,3,3,-307,-251,-2,448,-280,22,-351,-65,129,-87
9743,7,7,-184,-72,-215,-83,3,-70,-406,299,-43,65
9744,8,8,-117,-28,-16,-160,-148,-86,-123,-146,287,-74
9745,4,4,51,-171,80,-166,143,-237,-47,-89,-93,-209
9746,7,7,2,-113,-180,-146,-3,-188,-328,250,-30,-37
9747,5,5,-69,-393,-181,99,-118,247,-90,-210,-117,88
9748,8,8,-120,-240,-174,-55,-134,-5,-107,-276,426,17
9749,5,5,61,-445,-153,22,-158,190,135,-341,-59,-65
9750,3,3,-486,-218,-255,539,-107,129,-509,-174,74,164
9751,2,2,-12,-69,312,25,-131,-231,-443,-37,-142,-49
9752,2,2,-54,-87,326,43,-67,-284,-463,9,-40,-66
9753,0,0,360,-356,42,-145,-189,-270,-78,-153,14,-92
9754,5,5,-82,-245,-190,-110,-96,204,36,-165,44,25
9755,8,8,-31,-327,-325,-13,-204,162,-119,-108,306,43
9756,6,6,-99,-428,-13,-116,-55,90,348,-467,194,-235
9757,0,0,351,-322,50,-175,-159,-321,-111,-182,5,-55
9758,3,3,-288,-215,-151,450,-207,126,-385,-23,-73,16
9759,8,8,-128,-267,-126,57,-220,-89,-190,-210,436,96
9760,1,1,-137,294,-118,-284,75,-163,-173,-17,-42,-154
9761,0,0,289,-223,5,-179,-164,-236,-65,-119,0,-120
9762,3,3,-212,-180,-70,313,-167,-5,-303,-43,34,31
9763,0,0,259,-200,30,-186,-133,-236,-24,-149,27,-128
9764,4,4,-15,-89,-55,-216,193,-164,-98,-81,-79,-62
9765,7,7,-72,-162,-193,-28,-80,-93,-345,336,-87,30
9766,4,4,-158,-42,-26,-229,399,-228,-252,6,-160,-145
9767,9,9,-142,-405,-219,50,65,-84,-339,23,41,372
9768,2,2,125,-365,239,25,-126,-223,-200,-225,128,-5
9769,9,9,-210,-389,-174,98,70,-174,-491,6,135,406
9770,5,0,202,-310,-1,-72,-174,52,6,-214,-144,-125
9771,7,7,-30,-108,-167,-112,-12,-233,-401,316,-49,2
9772,1,1,-206,420,-81,-332,99,-261,-290,-35,-48,-208
9773,7,7,-124,-158,-236,-36,1,-143,-420,297,11,75
9774,1,1,-222,392,-186,-329,99,-179,-204,-41,-25,-209
9775,6,6,87,-447,8,-165,-119,1,403,-491,136,-258
9776,6,6,-8,-429,-58,-152,-41,53,421,-473,116,-275
9777,5,5,-20,-334,-168,121,-99,178,-22,-155,-76,-51
9778,6,6,66,-479,-57,-162,-265,65,463,-519,213,-257
9779,2,2,87,-324,230,-1,-152,-174,-188,-194,135,-28
9780,8,8,-163,-201,-101,60,-254,22,-300,-64,329,59
9781,7,7,-95,-203,-112,32,-61,-210,-438,246,63,84
9782,6,6,0,-337,-28,-79,-81,94,279,-415,83,-243
9783,4,4,-3,-69,-12,-247,298,-249,-150,-57,-162,-164
9784,9,9,-188,-288,-232,-29,109,-115,-410,28,11,392
9785,9,9,-204,-421,-178,113,30,-106,-389,-90,147,441
9786,5,5,-178,-363,-247,168,-220,349,-76,-160,-58,7
9787,3,3,-345,-260,-133,549,-301,78,-461,-124,85,60
9788,7,7,-89,-121,-81,-26,-26,-242,-470,297,-31,59
9789,4,4,-55,-96,-132,-181,234,-159,-174,-32,-130,-15
9790,3,3,-227,-178,-4,448,-243,-76,-531,44,-117,34
9791,0,0,306,-252,18,-211,-43,-303,-171,-118,-55,-91
9792,4,4,-112,-88,-278,-127,124,-37,-137,-51,-59,73
9793,6,6,22,-344,-46,-159,-125,71,338,-414,164,-246
9794,6,6,42,-450,-38,-80,-138,19,373,-477,181,-226
9795,1,1,-151,343,-79,-373,37,-181,-195,8,-40,-241
9796,1,1,-211,389,-50,-296,108,-265,-297,-6,-60,-206
9797,3,3,-331,-313,-292,556,-254,72,-393,-261,204,146
9798,2,2,-91,13,464,43,-201,-334,-397,-21,-42,-229
9799,1,1,-243,408,-133,-329,94,-238,-328,17,-37,-181
9800,0,0,304,-473,53,-67,-46,-204,-58,-225,29,41
9801,0,0,430,-365,-36,-205,-394,-120,39,-233,-14,-158
9802,1,1,-163,370,-158,-319,66,-239,-253,-14,-57,-191
9803,2,2,-226,-39,519,251,-627,-489,-475,5,274,-281
9804,3,3,-389,-130,-339,618,-297,142,-489,-192,-9,74
9805,4,4,-208,-116,-206,-306,526,-153,-208,-38,-175,-126
9806,7,7,-213,-39,46,87,-211,-303,-647,446,-169,23
9807,8,8,-175,-397,-19,70,-436,25,-77,-308,557,-10
9808,9,9,-211,-295,-256,-18,116,36,-289,49,-146,298
9809,0,0,366,-289,-37,-169,-309,-203,-72,-132,-1,-116
9810,1,1,-180,364,-172,-294,73,-219,-258,4,-64,-174
9811,2,2,-132,-137,273,146,-526,-274,-432,49,268,-86
9812,3,3,-359,-145,-175,577,-280,68,-455,-97,-7,-3
9813,4,4,-87,-139,-129,-177,308,-93,-101,4,-172,-98
9814,5,5,-122,-115,-303,-84,-365,342,-30,-254,157,-55
9815,6,6,93,-382,-220,-267,-195,159,491,-476,49,-314
9816,7,7,-161,-79,-8,64,-139,-192,-516,303,-111,89
9817,8,8,-85,-197,-130,-85,-228,-22,26,-294,374,-61
9818,0,0,384,-388,54,-196,-282,-256,-17,-195,62,-131
9819,1,1,-159,367,-169,-371,65,-245,-263,-42,4,-187
9820,2,2,-187,-56,507,205,-663,-468,-459,50,253,-256
9821,3,3,-308,-186,-129,624,-337,-96,-574,-92,29,58
9822,4,4,-271,-126,-146,-225,550,-173,-272,5,-201,-116
9823,7,7,-209,-45,9,127,-298,-263,-671,380,-106,39
9824,8,8,-96,-321,-98,-79,-437,89,35,-302,445,2
9825,9,9,-156,-398,-209,75,41,-39,-331,-40,9,398
9826,0,0,304,-243,-78,-272,-176,-200,42,-254,16,-114
9827,8,8,-123,-268,-37,115,-342,-64,-130,-212,407,32
9828,3,3,-295,-184,-308,474,-255,206,-373,-183,-19,77
9829,9,9,-40,-262,-132,-109,84,-111,-195,-98,-43,288
9830,5,5,-104,-37,-337,-115,-313,333,-77,-188,76,-35
9831,5,5,-164,0,-239,12,-258,247,7,-287,84,-156
9832,2,2,-35,-28,410,50,-483,-389,-251,-132,217,-280
9833,6,6,115,-290,-266,-190,-32,58,364,-382,-46,-185
9834,8,8,-123,-322,-55,-72,-342,97,120,-355,391,-77
9835,4,4,-22,-100,-153,-319,373,-220,-56,-203,-79,-92
9836,1,1,-154,337,-161,-258,43,-268,-324,23,-75,-136
9837,7,7,-167,-61,33,84,-205,-211,-559,307,-112,64
9838,1,1,-147,308,-154,-222,33,-240,-316,20,-65,-105
9839,2,2,-92,-51,191,152,-454,-224,-405,97,79,-69
9840,3,3,-100,-196,-74,366,-315,74,-274,-184,17,-75
9841,5,5,-89,-69,-206,-123,-284,287,70,-280,87,-140
9842,6,6,-13,-346,-94,-163,26,66,369,-418,40,-264
9843,9,9,-187,-327,-199,27,89,-13,-258,-60,25,356
9844,1,1,-131,338,-114,-328,100,-218,-198,-19,-80,-194
9845,1,1,-148,335,-92,-292,70,-274,-295,34,-90,-158
9846,1,1,-165,356,-113,-319,113,-291,-300,37,-129,-188
9847,2,2,-170,41,337,125,-531,-292,-454,99,63,-145
9848,1,1,-164,365,-147,-360,83,-264,-266,-32,-19,-185
9849,2,2,-157,-31,386,99,-444,-301,-311,28,185,-203
9850,0,0,307,-521,-35,-161,-118,-27,116,-272,5,-61
9851,7,7,-200,-137,-65,94,-188,-180,-566,382,-113,112
9852,7,7,-209,-40,-56,121,-226,-97,-503,252,-79,55
9853,5,5,-194,-73,-277,4,-350,348,-153,-208,132,26
9854,8,8,-161,-285,-48,-40,-278,87,44,-297,361,1
9855,2,2,-186,-45,399,199,-599,-363,-428,22,222,-184
9856,9,9,-246,-363,-332,-15,46,206,-141,-95,8,312
9857,8,8,-161,-234,-39,-44,-210,15,-10,-261,354,19
9858,6,6,65,-203,-228,-150,-177,68,287,-265,59,-249
9859,7,7,-155,-91,-42,67,-131,-259,-544,340,-55,106
9860,3,3,-339,-90,-223,516,-293,130,-486,-85,-66,45
9861,4,4,-42,-200,-82,-222,391,-216,-119,-60,-185,-102
9862,6,6,91,-228,-151,-251,-115,27,316,-331,74,-237
9863,8,8,-83,-215,-79,-74,-317,48,53,-289,319,-55
9864,7,7,-175,-92,-77,82,-106,-204,-521,293,-62,127
9865,0,0,348,-235,33,-257,-206,-292,-92,-132,7,-138
9866,4,4,-71,-192,-51,-206,388,-183,-27,-64,-142,-292
9867,2,2,-128,-86,364,149,-477,-336,-388,51,185,-135
9868,7,7,-195,-77,-53,120,-152,-233,-577,322,-82,96
9869,7,7,-184,-101,-68,68,-144,-235,-556,361,-27,104
9870,5,5,-68,-150,-281,-79,-382,318,87,-331,129,-111
9871,4,4,-84,-145,-123,-262,419,-155,-121,-102,-173,-73
9872,3,3,-426,-12,-215,570,-249,70,-545,-43,-158,-12
9873,4,4,-8,-10,-11,-382,463,-255,-113,-161,-162,-373
9874,2,2,-163,-46,344,146,-572,-311,-402,37,214,-141
9875,8,8,-229,-394,-98,118,-119,19,-50,-248,336,138
9876,1,1,-183,369,-172,-367,114,-250,-237,-35,-37,-200
9877,5,5,-130,-62,-418,-86,-297,408,-128,-142,82,-30
9878,1,1,-160,358,-147,-325,68,-216,-207,-21,-38,-196
9879,0,0,140,-152,-25,-219,-25,-156,-28,-212,8,-19
9880,2,2,-90,-74,414,53,-479,-358,-312,-98,272,-184
9881,3,3,-378,-76,-210,426,-177,110,-365,-75,-63,56
9882,3,3,-409,-116,-317,478,-220,166,-383,-124,-10,115
9883,5,5,-266,38,-286,37,-154,241,49,-357,51,-195
9884,7,7,-211,-65,-132,-38,3,-107,-423,310,-99,104
9885,0,0,401,-358,3,-191,-272,-250,-30,-189,14,-102
9886,6,6,-37,-281,-110,-139,100,17,330,-354,-25,-253
9887,8,8,-38,-126,-219,-169,-224,31,61,-258,268,-41
9888,6,0,256,-414,-189,-225,-297,81,251,-287,56,-167
9889,3,3,-521,-108,-157,533,-225,8,-524,-11,34,91
9890,9,9,-12,-425,-214,-43,72,-4,-66,-117,-16,267
9891,9,9,-121,-337,-269,81,51,44,-160,12,-34,208
9892,8,8,-175,-271,0,-66,-118,60,25,-228,246,65
9893,2,2,-99,-89,354,164,-529,-339,-307,-15,199,-194
9894,7,7,-192,-80,-108,85,-89,-186,-522,272,-46,124
9895,7,7,-173,-100,-74,71,-104,-221,-540,316,-51,118
9896,1,1,-177,364,-155,-298,85,-238,-255,-1,-62,-179
9897,0,0,315,-158,89,-219,-159,-310,-85,-105,-49,-146
9898,1,1,-138,342,-163,-313,66,-157,-160,-53,-61,-208
9899,7,7,-226,-139,-94,104,-105,-278,-656,395,-49,149
9900,8,8,-158,-362,-220,106,-259,78,-71,-284,468,36
9901,9,9,-249,-500,-209,51,76,-37,-350,-183,180,501
9902,0,0,337,-365,123,-118,-77,-315,-12,-275,7,-84
9903,1,1,-205,300,-196,-325,132,-203,-214,-37,0,-159
9904,2,2,46,-330,134,-18,-8,-146,-170,-167,132,-16
9905,3,3,-287,-206,4,232,-126,-186,-539,122,78,181
9906,4,4,-103,22,-17,-154,267,-211,-177,-16,-127,-229
9907,5,5,-87,-130,-309,-70,-152,324,-21,-105,39,-35
9908,6,6,-20,-261,-178,-123,26,65,388,-412,-29,-332
9909,7,7,-150,-185,-123,68,-76,-234,-554,351,-31,147
9910,8,8,-107,-127,-269,-35,-143,38,-112,-122,332,-34
9911,0,0,352,-296,92,-151,-205,-282,-78,-148,-15,-127
9912,1,1,-275,410,-86,-295,99,-237,-314,16,-21,-251
9913,2,2,-353,-27,377,232,-341,-278,-557,61,184,-121
9914,3,3,-456,-166,-208,492,-225,-4,-628,-87,131,219
9915,4,4,-320,114,-106,-263,437,-87,-187,-17,-163,-364
9916,7,7,-50,-144,-41,14,-70,-271,-463,322,-74,67
9917,8,8,-181,-277,-182,-40,-120,-8,-82,-202,505,21
9918,9,9,-146,-410,-144,36,94,-116,-358,25,8,393
9919,7,7,-87,-83,-135,-77,-48,-213,-443,355,-57,35
9920,8,8,-89,-442,-178,87,-329,-31,-191,-263,556,155
9921,6,6,51,-419,-76,-123,-12,29,383,-452,31,-247
9922,4,4,-246,-135,-296,-129,246,-67,-300,10,-42,200
9923,1,1,-179,399,-129,-357,95,-233,-234,-42,-44,-227
9924,9,9,-93,-425,-140,10,84,-75,-291,-45,86,327
9925,3,3,-298,-181,-17,311,-227,-26,-468,-17,144,102
9926,8,8,-288,-66,-63,97,-48,-34,-205,-145,363,-157
9927,4,4,-171,-177,-84,-134,375,-154,-193,-15,-79,-69
9928,4,4,-154,-171,-69,-129,421,-256,-330,-44,-102,16
9929,7,7,-102,-112,-36,47,-192,-252,-511,335,-17,78
9930,0,0,396,-249,-23,-211,-324,-124,17,-202,-86,-158
9931,1,1,-126,316,-117,-311,63,-220,-257,10,-60,-138
9932,9,9,-103,-399,-89,39,49,-150,-408,53,19,362
9933,2,2,-142,-192,509,-10,-125,-308,-332,-161,196,-206
9934,8,8,-146,-311,-139,53,-322,-26,-170,-224,508,90
9935,7,7,-155,-129,-62,78,-98,-189,-529,287,-83,140
9936,8,8,-170,-342,-262,99,-271,117,-226,-180,424,160
9937,2,2,-157,-84,511,-20,-119,-244,-315,-85,51,-287
9938,6,6,-12,-211,-154,-156,42,32,379,-428,-28,-370
9939,0,0,377,-428,54,-150,-119,-184,-27,-230,-60,-27
9940,6,6,82,-63,-139,-348,3,-85,274,-239,-51,-315
9941,5,5,-118,-158,-220,111,-290,262,-4,-328,12,-85
9942,3,3,-626,-180,-324,701,-319,169,-592,-122,139,79
9943,3,3,-453,-43,-201,518,-245,-13,-532,-44,80,65
9944,3,3,-303,-206,-58,344,-250,11,-280,-106,208,16
9945,9,9,-277,-320,-254,-20,144,-45,-455,10,39,441
9946,1,1,-124,338,-94,-310,53,-236,-257,-21,-46,-155
9947,4,4,-23,-83,-99,-270,407,-153,-85,-41,-303,-298
9948,0,0,231,-278,-35,-178,-215,-63,-46,-135,84,-69
9949,6,6,56,-226,-230,-214,83,-24,406,-407,-71,-349
9950,1,1,-161,357,-127,-351,83,-220,-197,-42,-20,-192
9951,0,0,271,-168,-31,-188,-177,-184,-148,-17,-19,-108
9952,0,0,378,-288,77,-266,-301,-173,14,-164,-13,-194
9953,6,6,83,-197,-178,-227,-12,-50,364,-354,44,-293
9954,2,2,14,-219,435,153,-379,-421,-397,3,92,-137
9955,1,1,-173,371,-45,-362,104,-255,-230,-37,-15,-303
9956,1,1,-184,379,-33,-312,95,-282,-298,-6,-60,-207
9957,7,7,-150,-93,-41,95,-118,-257,-535,308,-64,81
9958,7,7,-228,-43,-115,130,-208,-234,-617,345,-37,82
9959,8,8,-99,-211,-50,113,-291,-53,-175,-145,321,43
9960,4,4,-218,-124,-132,-181,424,-149,-271,52,-231,-30
9961,6,6,-42,-276,-172,-150,17,73,443,-448,-40,-321
9962,0,0,312,-296,28,-105,-212,-207,-123,-111,8,-53
9963,7,7,-139,-151,-54,98,-123,-176,-550,315,-110,100
9964,0,0,330,-131,103,-233,-123,-324,-35,-210,-50,-251
9965,3,3,-447,-182,-217,535,-165,62,-436,-118,62,108
9966,6,6,0,-211,-188,-244,89,8,380,-355,-63,-291
9967,8,8,-177,-307,-232,72,-287,113,-201,-237,445,107
9968,7,7,-235,-77,-107,102,-139,-169,-586,333,-92,107
9969,1,1,-183,367,-142,-332,103,-225,-222,-19,-57,-195
9970,5,5,-195,-121,-378,174,-171,351,-65,-316,-167,-21
9971,2,2,-33,-77,434,-54,-26,-327,-320,-51,-16,-278
9972,4,4,-290,-100,-161,-184,475,-90,-283,-9,-188,-30
9973,9,9,-203,-459,-170,38,140,-132,-419,-18,96,434
9974,4,4,-102,-54,-141,-235,360,-101,-127,-51,-197,-121
9975,3,3,-336,-23,60,284,-179,-161,-408,41,156,-62
9976,6,6,43,-282,-175,-122,119,-93,227,-211,-40,-172
9977,4,4,-120,-63,-219,-249,345,-91,-97,-3,-138,-186
9978,1,1,-238,407,-109,-321,103,-259,-332,19,-59,-182
9979,7,7,-86,-174,-206,-51,-57,-133,-398,372,-75,77
9980,2,2,-120,-148,540,140,-568,-301,-532,152,82,-247
9981,6,6,-15,-288,-90,-39,44,-2,284,-378,-50,-320
9982,5,6,-80,-349,-151,91,-85,178,189,-393,-46,-202
9983,0,0,432,-328,-90,-164,-418,-19,-21,-163,-64,-182
9984,1,1,-134,320,-133,-253,40,-200,-291,-11,-86,-111
9985,2,2,-181,105,455,125,-505,-520,-532,180,72,-225
9986,3,3,-372,-19,-211,478,-381,-83,-574,-89,125,99
9987,4,4,-399,-63,-206,-260,626,-185,-405,-57,-141,40
9988,5,5,-347,-302,-426,129,-301,584,-194,-266,137,48
9989,6,6,19,-446,-247,-118,-99,86,563,-543,44,-360
9990,7,7,-196,-37,48,156,-301,-375,-694,413,-65,17
9991,8,8,-186,-285,-65,87,-379,32,-221,-243,571,-65
9992,9,9,-193,-448,-182,-5,168,-70,-392,1,-69,438
9993,0,0,388,-562,8,-90,-263,-137,56,-295,104,-96
9994,1,1,-93,350,-69,-355,54,-194,-177,-99,-91,-232
9995,2,2,-187,143,652,83,-572,-600,-534,142,7,-383
9996,3,3,-209,-83,-184,473,-409,55,-541,-103,-86,4
9997,4,4,-276,-86,-268,-271,496,-166,-270,-44,-69,-4
9998,5,5,-146,-262,-350,21,-297,440,10,-154,133,-122
9999,6,6,-33,-340,-172,-49,0,39,423,-500,-11,-352
