sample_id,label,preprocess,inference_mode,prediction,correct,logit0,logit1,logit2,logit3,logit4,logit5,logit6,logit7,logit8,logit9,raw_logit0,raw_logit1,raw_logit2,raw_logit3,raw_logit4,raw_logit5,raw_logit6,raw_logit7,raw_logit8,raw_logit9
m1_0_01,0,simple,float,0,1,3.072606086730957,-7.73721170425415,-2.00131893157959,1.0984314680099487,-1.3625571727752686,-3.422548770904541,-1.588221549987793,-2.595149040222168,2.1334197521209717,1.4225492477416992,,,,,,,,,,
m1_0_02,0,simple,float,0,1,3.0452442169189453,-8.596983909606934,-1.6873868703842163,1.0501587390899658,-1.0697307586669922,-3.608710527420044,-2.2538726329803467,-2.8026905059814453,2.45283579826355,2.209350109100342,,,,,,,,,,
m1_0_03,0,simple,float,0,1,2.9915013313293457,-8.52029037475586,-2.269585609436035,0.8002089262008667,-0.9961085319519043,-3.2924041748046875,-1.2863402366638184,-3.0353822708129883,2.583810567855835,1.9461722373962402,,,,,,,,,,
m1_0_04,0,simple,float,0,1,3.1420981884002686,-7.610498428344727,-2.749220848083496,0.6777598857879639,-1.521775484085083,-3.1232919692993164,-1.274656891822815,-2.3845767974853516,2.3947179317474365,1.4468493461608887,,,,,,,,,,
m1_0_05,0,simple,float,0,1,3.312605619430542,-7.769406318664551,-1.7487519979476929,0.8322130441665649,-1.9532517194747925,-3.633845329284668,-1.7460384368896484,-2.5128026008605957,2.441570997238159,1.56205415725708,,,,,,,,,,
m1_1_01,1,simple,float,8,0,2.5175108909606934,-7.15828275680542,-0.6426418423652649,0.5932139754295349,0.6606839895248413,-4.626845359802246,-2.597689151763916,-3.6880440711975098,3.764401912689209,0.29265299439430237,,,,,,,,,,
m1_1_02,1,simple,float,0,0,1.871584415435791,-2.5309016704559326,-3.342866897583008,-2.5712757110595703,0.4871256947517395,-4.278964042663574,-3.694070339202881,-0.40994560718536377,-0.0785742700099945,-1.641981601715088,,,,,,,,,,
m1_1_03,1,simple,float,0,0,1.6436100006103516,-2.788501739501953,-3.5202226638793945,-2.31654953956604,0.4331939220428467,-4.679859161376953,-3.907276153564453,-0.11389529705047607,0.5378833413124084,-1.5029574632644653,,,,,,,,,,
m1_1_04,1,simple,float,0,0,1.6638495922088623,-2.44523024559021,-3.613431215286255,-2.067270278930664,0.5614074468612671,-3.9183483123779297,-3.748443126678467,-0.42350149154663086,-0.339188814163208,-1.3148865699768066,,,,,,,,,,
m1_1_05,1,simple,float,0,0,1.3579554557800293,-1.7642478942871094,-3.8056554794311523,-2.8255910873413086,0.9593292474746704,-3.7395055294036865,-3.2518417835235596,-0.43416714668273926,-0.5074426531791687,-1.64156174659729,,,,,,,,,,
m1_2_01,2,simple,float,8,0,0.8788870573043823,-7.587122917175293,-0.8665695190429688,1.573703408241272,1.7492026090621948,-4.36362361907959,-3.5306169986724854,-3.3384006023406982,5.518601894378662,1.0146338939666748,,,,,,,,,,
m1_2_02,2,simple,float,8,0,2.078960418701172,-6.753420829772949,-1.5611488819122314,0.5166705250740051,0.771026611328125,-3.339608669281006,-2.5752267837524414,-3.013068437576294,4.002654552459717,0.12186013162136078,,,,,,,,,,
m1_2_03,2,simple,float,8,0,1.9272277355194092,-6.758993148803711,-1.4732084274291992,0.03681418299674988,1.1904613971710205,-4.189644813537598,-2.4572207927703857,-2.7852280139923096,3.640873670578003,0.5438218116760254,,,,,,,,,,
m1_2_04,2,simple,float,8,0,1.6907340288162231,-6.223702907562256,-1.0830830335617065,0.9498950242996216,0.6988356113433838,-4.12808895111084,-2.7900798320770264,-2.5024375915527344,3.812920570373535,0.323123037815094,,,,,,,,,,
m1_2_05,2,simple,float,8,0,1.6943926811218262,-4.568058490753174,-2.345534324645996,-0.019758790731430054,0.8888040781021118,-2.722196578979492,-2.785635232925415,-1.9922360181808472,2.355834484100342,-0.11031543463468552,,,,,,,,,,
m1_3_01,3,simple,float,8,0,1.8407601118087769,-8.164063453674316,-2.916517496109009,1.3292155265808105,1.350592851638794,-2.9066054821014404,-1.0421682596206665,-3.692044973373413,3.2000837326049805,1.0396407842636108,,,,,,,,,,
m1_3_02,3,simple,float,8,0,2.2038159370422363,-7.8396525382995605,-1.3511062860488892,1.047247290611267,0.9840017557144165,-3.7118709087371826,-2.5764853954315186,-2.4819774627685547,3.0062594413757324,1.1720678806304932,,,,,,,,,,
m1_3_03,3,simple,float,8,0,2.963705062866211,-7.793671607971191,-1.1743441820144653,0.9115129709243774,-0.6729617118835449,-3.808932304382324,-1.8815491199493408,-2.296208381652832,3.184297561645508,0.69077467918396,,,,,,,,,,
m1_3_04,3,simple,float,8,0,2.320178985595703,-7.68775749206543,-1.8043667078018188,0.781413197517395,0.8093795776367188,-2.99615478515625,-1.4217971563339233,-3.01704740524292,2.7710025310516357,0.9197179675102234,,,,,,,,,,
m1_3_05,3,simple,float,8,0,2.420593738555908,-6.8638176918029785,-1.6748530864715576,0.8606358766555786,0.39791035652160645,-3.5601229667663574,-1.7797329425811768,-2.644024133682251,2.669283628463745,0.7516036629676819,,,,,,,,,,
m1_4_01,4,simple,float,8,0,2.827779531478882,-7.356012344360352,-0.967232346534729,1.0376834869384766,-1.069627285003662,-3.5061120986938477,-1.4625552892684937,-2.635373115539551,3.0500130653381348,0.4976789951324463,,,,,,,,,,
m1_4_02,4,simple,float,8,0,2.4592998027801514,-7.154955863952637,-1.4069633483886719,0.7659965753555298,0.02248406410217285,-3.589488983154297,-1.3141475915908813,-2.940854787826538,2.5812199115753174,0.6974062323570251,,,,,,,,,,
m1_4_03,4,simple,float,8,0,2.5168981552124023,-7.381016731262207,-1.0878398418426514,1.6488401889801025,-0.6448915600776672,-4.01975154876709,-2.561615467071533,-2.556393623352051,2.9257147312164307,1.2734954357147217,,,,,,,,,,
m1_4_04,4,simple,float,8,0,2.6493301391601562,-6.695374965667725,-1.4838886260986328,1.0427498817443848,-1.3658778667449951,-3.167355537414551,-1.0645407438278198,-2.195465087890625,2.769359588623047,-0.07699501514434814,,,,,,,,,,
m1_4_05,4,simple,float,0,0,2.1877784729003906,-5.833526611328125,-1.8319783210754395,0.31650757789611816,-0.7030436992645264,-3.081023931503296,-1.143860936164856,-1.6734709739685059,1.929236888885498,-0.06053796410560608,,,,,,,,,,
m1_5_01,5,simple,float,8,0,1.9078431129455566,-8.122443199157715,-2.3821487426757812,-0.18739207088947296,0.20843505859375,-1.9311888217926025,-0.1034383773803711,-3.1767518520355225,2.499661922454834,2.052239418029785,,,,,,,,,,
m1_5_02,5,simple,float,8,0,1.9018255472183228,-9.649808883666992,-3.0528578758239746,1.061252236366272,0.5280596017837524,-1.9226020574569702,0.07812976837158203,-4.0207319259643555,3.976708173751831,1.8543193340301514,,,,,,,,,,
m1_5_03,5,simple,float,8,0,1.2164480686187744,-8.855372428894043,-0.9695080518722534,-0.11930450797080994,-0.038576483726501465,-2.2602527141571045,-0.4281478524208069,-3.3819847106933594,3.6920247077941895,2.578014612197876,,,,,,,,,,
m1_5_04,5,simple,float,8,0,2.2506299018859863,-7.603450298309326,-2.7445297241210938,0.17073453962802887,0.3156832456588745,-1.9660322666168213,-0.08299827575683594,-3.375486373901367,2.593937873840332,1.1878045797348022,,,,,,,,,,
m1_5_05,5,simple,float,8,0,1.9278578758239746,-8.009525299072266,-2.926891803741455,0.8291486501693726,0.17882442474365234,-1.9512243270874023,0.24151742458343506,-3.7862935066223145,3.8603906631469727,1.017007827758789,,,,,,,,,,
m1_6_01,6,simple,float,8,0,2.087184190750122,-5.71940803527832,-3.3084588050842285,-0.2816137373447418,1.3864145278930664,-3.500774383544922,-1.65078604221344,-3.1525185108184814,2.5316731929779053,0.1922682821750641,,,,,,,,,,
m1_6_02,6,simple,float,8,0,1.5255768299102783,-9.42521858215332,-3.197598934173584,1.723022699356079,1.595825433731079,-3.1541202068328857,-1.778298258781433,-4.483687877655029,4.047565937042236,3.2835166454315186,,,,,,,,,,
m1_6_03,6,simple,float,8,0,2.2389824390411377,-9.448766708374023,-3.3219504356384277,1.6495916843414307,1.118096113204956,-2.6654610633850098,-0.7507730722427368,-4.886966705322266,3.7172327041625977,2.6786510944366455,,,,,,,,,,
m1_6_04,6,simple,float,8,0,2.0134222507476807,-7.617936611175537,-3.5648703575134277,1.3963871002197266,0.8650325536727905,-2.44472074508667,-0.5054737329483032,-4.293234825134277,3.205413818359375,1.5236756801605225,,,,,,,,,,
m1_6_05,6,simple,float,8,0,2.174588203430176,-8.273029327392578,-3.6171674728393555,1.5341241359710693,0.7188275456428528,-2.39805269241333,-0.2908041477203369,-4.605033874511719,3.397150993347168,1.750180959701538,,,,,,,,,,
m1_7_01,7,simple,float,0,0,2.5224430561065674,-5.7827229499816895,-1.2238975763320923,0.29009750485420227,-2.545564889907837,-4.142368316650391,-2.68648624420166,0.5757910013198853,1.8427122831344604,-0.2471679151058197,,,,,,,,,,
m1_7_02,7,simple,float,0,0,3.2373247146606445,-6.187247276306152,-1.1596157550811768,-0.4867129921913147,-3.3811678886413574,-3.3371100425720215,-2.1063880920410156,0.30325061082839966,1.7850086688995361,-0.3184969425201416,,,,,,,,,,
m1_7_03,7,simple,float,0,0,2.3972537517547607,-5.492362022399902,-0.04992160201072693,0.2942734360694885,-2.318382501602173,-4.318277835845947,-2.932748794555664,0.27315133810043335,1.5255203247070312,-0.08991245925426483,,,,,,,,,,
m1_7_04,7,simple,float,8,0,2.2093138694763184,-5.3219451904296875,-1.6849827766418457,-0.2744223475456238,-2.0253846645355225,-3.4716780185699463,-1.798688292503357,-0.27794933319091797,2.3786351680755615,-0.1813131868839264,,,,,,,,,,
m1_7_05,7,simple,float,0,0,1.7341021299362183,-4.13852596282959,-1.2203364372253418,-0.37005582451820374,-1.6749494075775146,-3.9808528423309326,-2.679882526397705,0.5932295322418213,1.6138403415679932,-0.6556622982025146,,,,,,,,,,
m1_8_01,8,simple,float,8,1,2.3962676525115967,-7.26377010345459,-0.6785775423049927,1.4219489097595215,0.3178362250328064,-3.1504712104797363,-1.8530676364898682,-3.1850221157073975,2.751256227493286,1.0548080205917358,,,,,,,,,,
m1_8_02,8,simple,float,8,1,2.2728772163391113,-8.50129222869873,-1.7178969383239746,1.551230549812317,0.28472232818603516,-2.539846420288086,-0.3163067102432251,-4.215590000152588,3.705676555633545,0.5598183274269104,,,,,,,,,,
m1_8_03,8,simple,float,8,1,1.6514555215835571,-8.184333801269531,-0.5937556028366089,1.7383511066436768,0.7592542171478271,-3.4293055534362793,-3.0019805431365967,-3.2779388427734375,3.572939157485962,2.3218302726745605,,,,,,,,,,
m1_8_04,8,simple,float,8,1,1.8972434997558594,-7.726980686187744,-1.3452086448669434,1.2270718812942505,0.8047551512718201,-2.784139394760132,-2.1421055793762207,-2.810715675354004,2.6302642822265625,1.9339327812194824,,,,,,,,,,
m1_8_05,8,simple,float,8,1,1.5927376747131348,-6.750648498535156,-1.2377922534942627,0.3366823196411133,0.6954115629196167,-2.7659945487976074,-1.9229443073272705,-1.828012228012085,1.8949345350265503,1.2968368530273438,,,,,,,,,,
m1_9_01,9,simple,float,8,0,1.9638919830322266,-7.887407302856445,-0.179246723651886,1.3111915588378906,-0.8623616695404053,-3.9752137660980225,-2.4906506538391113,-2.5605318546295166,3.3536765575408936,1.8804004192352295,,,,,,,,,,
m1_9_02,9,simple,float,8,0,2.6257262229919434,-8.008695602416992,-0.33201444149017334,1.2725412845611572,-1.6460063457489014,-4.474368095397949,-2.413189172744751,-2.5041279792785645,3.615935802459717,1.525129795074463,,,,,,,,,,
m1_9_03,9,simple,float,8,0,2.023040533065796,-8.664752960205078,-0.4723780155181885,1.934464931488037,-1.394819974899292,-4.184921741485596,-2.614529609680176,-2.864161491394043,4.307804107666016,2.1664135456085205,,,,,,,,,,
m1_9_04,9,simple,float,8,0,1.8613712787628174,-7.862411975860596,-0.16812920570373535,1.7580151557922363,-0.7845728397369385,-4.296874046325684,-2.8604230880737305,-2.63071870803833,3.580010175704956,2.128164052963257,,,,,,,,,,
m1_9_05,9,simple,float,8,0,2.4952781200408936,-6.808047771453857,-0.28597110509872437,0.6801192760467529,-0.9566632509231567,-4.361427307128906,-1.692218542098999,-2.8816933631896973,2.612535238265991,0.9820504188537598,,,,,,,,,,
m6_0_01,0,simple,float,8,0,2.7253377437591553,-6.040334701538086,-3.712859630584717,0.5170116424560547,-1.2550034523010254,-3.8392539024353027,-1.2026728391647339,-2.8752684593200684,3.145367383956909,-0.1650484800338745,,,,,,,,,,
m6_0_02,0,simple,float,0,1,3.2347888946533203,-7.770522117614746,-3.0257391929626465,-0.15134531259536743,-0.7671216726303101,-4.26485538482666,-0.9439593553543091,-2.6734347343444824,2.303696393966675,0.720723032951355,,,,,,,,,,
m6_0_03,0,simple,float,0,1,3.2328848838806152,-6.769279956817627,-3.9900238513946533,0.5479390621185303,-2.4475231170654297,-3.145287036895752,-0.08013522624969482,-2.4192986488342285,2.8298301696777344,-0.4733103811740875,,,,,,,,,,
m6_0_04,0,simple,float,0,1,2.7521915435791016,-6.752650737762451,-3.139209032058716,-0.6191163063049316,0.2746165990829468,-4.0505690574646,-1.302176833152771,-2.8305206298828125,1.5494493246078491,0.5326411128044128,,,,,,,,,,
m6_0_05,0,simple,float,8,0,2.38266921043396,-4.750484943389893,-4.856812953948975,0.5149655342102051,-1.2056629657745361,-2.5930583477020264,0.23952049016952515,-4.05526876449585,2.820047616958618,-1.5551486015319824,,,,,,,,,,
m6_1_01,1,simple,float,4,0,0.8032588958740234,-2.6121039390563965,-3.955016613006592,-1.2625861167907715,2.4805026054382324,-4.063870429992676,-3.1098947525024414,-3.293086528778076,1.3285824060440063,-0.5977960824966431,,,,,,,,,,
m6_1_02,1,simple,float,4,0,0.8446388244628906,-2.43448805809021,-4.822946548461914,-1.0002024173736572,2.0871994495391846,-3.2369256019592285,-2.970210075378418,-2.816601514816284,0.9339056015014648,-0.9872584342956543,,,,,,,,,,
m6_1_03,1,simple,float,4,0,1.5239866971969604,-3.5048742294311523,-4.133057117462158,-0.5969080328941345,1.5399093627929688,-4.2496466636657715,-2.340146064758301,-3.408841609954834,1.419046401977539,-0.9614038467407227,,,,,,,,,,
m6_1_04,1,simple,float,0,0,2.0087859630584717,-3.2094204425811768,-4.153181076049805,-0.6814664602279663,0.6594269871711731,-3.9643356800079346,-2.6407482624053955,-2.6158995628356934,0.8898990750312805,-1.5454318523406982,,,,,,,,,,
m6_1_05,1,simple,float,0,0,2.231898307800293,-3.7434935569763184,-4.275713920593262,-0.3456268608570099,0.6057347655296326,-3.661292314529419,-2.0352702140808105,-3.098517894744873,1.1793055534362793,-1.5761622190475464,,,,,,,,,,
m6_2_01,2,simple,float,8,0,1.4489845037460327,-3.5795631408691406,-3.690354585647583,-0.7552449107170105,0.2063368558883667,-4.189670562744141,-1.9177759885787964,-3.7839717864990234,3.267261505126953,-0.7321160435676575,,,,,,,,,,
m6_2_02,2,simple,float,8,0,1.891951560974121,-4.128716945648193,-4.635110855102539,0.47452062368392944,-0.5914982557296753,-3.094240188598633,-0.9482464790344238,-3.0704262256622314,2.8252761363983154,-2.0488693714141846,,,,,,,,,,
m6_2_03,2,simple,float,8,0,2.175560474395752,-4.4322309494018555,-3.5330920219421387,-0.7673222422599792,0.2503589391708374,-4.047886848449707,-1.2581148147583008,-4.1581926345825195,2.8416881561279297,-0.6489919424057007,,,,,,,,,,
m6_2_04,2,simple,float,8,0,2.2009518146514893,-5.517921447753906,-2.6570138931274414,-0.0948093831539154,0.5917795896530151,-4.0033698081970215,-2.9072070121765137,-3.2096261978149414,3.082197427749634,0.15981119871139526,,,,,,,,,,
m6_2_05,2,simple,float,4,0,2.048823833465576,-5.429941177368164,-3.4645674228668213,-1.1609079837799072,2.1261425018310547,-3.658824920654297,-2.1414730548858643,-3.2383506298065186,1.7202320098876953,-0.05054682493209839,,,,,,,,,,
m6_3_01,3,simple,float,8,0,2.198967456817627,-5.837138652801514,-3.137784957885742,-0.34377482533454895,0.7440373301506042,-3.84232759475708,-2.0412914752960205,-3.179666042327881,2.3208653926849365,0.43111905455589294,,,,,,,,,,
m6_3_02,3,simple,float,8,0,1.2261457443237305,-4.83066463470459,-3.103358268737793,-1.0604592561721802,1.4599173069000244,-4.304737091064453,-3.625652313232422,-1.7487491369247437,1.8659329414367676,0.3893108665943146,,,,,,,,,,
m6_3_03,3,simple,float,0,0,1.6440035104751587,-5.665342330932617,-4.119631767272949,-1.4056098461151123,1.6187913417816162,-4.091512680053711,-2.698657989501953,-2.4847707748413086,1.4444694519042969,0.6438978910446167,,,,,,,,,,
m6_3_04,3,simple,float,8,0,2.255582094192505,-5.8128461837768555,-2.303317070007324,-0.5044639706611633,1.3438496589660645,-4.704860687255859,-2.4030258655548096,-2.769092082977295,2.273021936416626,-0.6465288996696472,,,,,,,,,,
m6_3_05,3,simple,float,0,0,1.9523708820343018,-4.14784049987793,-3.179943561553955,-1.181602120399475,1.3584753274917603,-4.065056800842285,-2.7541868686676025,-2.611057996749878,1.3332831859588623,-0.7532961964607239,,,,,,,,,,
m6_4_01,4,simple,float,0,0,3.357790946960449,-6.756431579589844,-4.36442756652832,0.9733332395553589,-1.2109026908874512,-3.7213544845581055,-1.4055237770080566,-3.3850159645080566,2.8550047874450684,-0.08800643682479858,,,,,,,,,,
m6_4_02,4,simple,float,8,0,0.9235155582427979,-4.912568092346191,-3.4137120246887207,0.21059194207191467,2.0175061225891113,-4.32521390914917,-3.513273000717163,-2.7388365268707275,2.214876413345337,0.3335946202278137,,,,,,,,,,
m6_4_03,4,simple,float,4,1,0.04060530662536621,-4.007792949676514,-3.4042210578918457,-0.45745426416397095,2.5302090644836426,-4.43819522857666,-4.230050086975098,-1.9578615427017212,2.1410300731658936,0.5876659750938416,,,,,,,,,,
m6_4_04,4,simple,float,0,0,2.600604295730591,-6.99938440322876,-3.549006462097168,0.4721778631210327,0.2928425073623657,-3.817002534866333,-2.1418051719665527,-3.027459144592285,2.0743744373321533,0.8185641765594482,,,,,,,,,,
m6_4_05,4,simple,float,8,0,0.9903692007064819,-4.482831954956055,-2.458397388458252,-0.22641447186470032,0.7706611752510071,-4.645073890686035,-4.461299419403076,-1.1838276386260986,2.0919554233551025,0.44585755467414856,,,,,,,,,,
m6_5_01,5,simple,float,8,0,1.565096378326416,-5.853118419647217,-2.9557323455810547,-0.982482373714447,0.9283167719841003,-4.231462478637695,-2.683771848678589,-2.6367130279541016,2.683274030685425,1.1273326873779297,,,,,,,,,,
m6_5_02,5,simple,float,8,0,1.5739436149597168,-5.332284927368164,-3.4472250938415527,-0.9637033939361572,1.0098252296447754,-4.060356140136719,-2.650212287902832,-2.6456825733184814,2.4113309383392334,0.5255284309387207,,,,,,,,,,
m6_5_03,5,simple,float,8,0,1.9827210903167725,-6.640067100524902,-2.844524383544922,-0.7732008695602417,-0.24562084674835205,-4.425625324249268,-2.1339797973632812,-1.2573150396347046,3.075378656387329,0.1350674331188202,,,,,,,,,,
m6_5_04,5,simple,float,8,0,2.002729654312134,-6.025542736053467,-3.4634640216827393,-0.6252017021179199,0.8391531705856323,-3.778658628463745,-2.089937686920166,-2.907163143157959,2.3276517391204834,0.36417853832244873,,,,,,,,,,
m6_5_05,5,simple,float,8,0,1.4752614498138428,-4.203954696655273,-2.466829299926758,-0.7102413773536682,1.546594500541687,-5.053775310516357,-2.9768407344818115,-3.158066987991333,2.290186643600464,-0.3258187770843506,,,,,,,,,,
m6_6_01,6,simple,float,8,0,1.2944937944412231,-5.633082389831543,-4.267961502075195,0.19287481904029846,1.8156883716583252,-3.6447627544403076,-2.8404037952423096,-3.7867493629455566,2.2436306476593018,1.294303059577942,,,,,,,,,,
m6_6_02,6,simple,float,8,0,2.2769381999969482,-4.871608257293701,-4.104271411895752,-0.024396225810050964,0.6331910490989685,-4.0979533195495605,-2.29302978515625,-3.586367130279541,2.4287898540496826,-0.49228042364120483,,,,,,,,,,
m6_6_03,6,simple,float,0,0,2.5747642517089844,-5.439764499664307,-4.025910377502441,0.30660805106163025,-0.049120187759399414,-3.9444658756256104,-1.635345697402954,-3.1514980792999268,2.324601173400879,-0.6063176393508911,,,,,,,,,,
m6_6_04,6,simple,float,8,0,1.7999014854431152,-6.017609119415283,-4.147002696990967,-0.666841447353363,1.7271959781646729,-3.892585039138794,-2.3145523071289062,-3.596799612045288,1.9080915451049805,1.0312719345092773,,,,,,,,,,
m6_6_05,6,simple,float,8,0,0.9830104112625122,-4.303281784057617,-3.8531389236450195,-0.3660814166069031,1.953001618385315,-4.2241997718811035,-3.199259042739868,-3.285339832305908,2.147292137145996,0.3670920729637146,,,,,,,,,,
m6_7_01,7,simple,float,8,0,1.922203540802002,-5.538776397705078,-2.2781822681427,0.4601002335548401,-0.12031054496765137,-4.853562831878662,-3.059784173965454,-1.9790452718734741,2.687533140182495,0.197473406791687,,,,,,,,,,
m6_7_02,7,simple,float,8,0,1.72243070602417,-4.632392883300781,-2.823253631591797,-1.4482040405273438,0.7429513931274414,-4.879390716552734,-3.1059939861297607,-1.926025390625,2.3704659938812256,-0.24786843359470367,,,,,,,,,,
m6_7_03,7,simple,float,8,0,2.1733551025390625,-5.142594337463379,-1.7128136157989502,0.33901169896125793,-0.23782408237457275,-5.153764724731445,-3.7666354179382324,-2.1542258262634277,2.6186654567718506,-0.15935714542865753,,,,,,,,,,
m6_7_04,7,simple,float,8,0,2.7184224128723145,-6.704219818115234,-1.6610190868377686,-0.12407681345939636,-1.3863993883132935,-4.718257904052734,-2.230266571044922,-1.3739838600158691,2.882955551147461,0.0757894217967987,,,,,,,,,,
m6_7_05,7,simple,float,0,0,1.9903309345245361,-4.97737979888916,-3.093747615814209,-0.8865506649017334,0.5893251895904541,-4.273784637451172,-2.418518543243408,-2.2004518508911133,1.8984647989273071,-0.2888340651988983,,,,,,,,,,
m6_8_01,8,simple,float,0,0,2.1514322757720947,-5.151360034942627,-3.887096881866455,-1.1346608400344849,1.1390411853790283,-4.191610336303711,-1.4048421382904053,-2.176405429840088,0.9079960584640503,-0.9994502067565918,,,,,,,,,,
m6_8_02,8,simple,float,0,0,3.1487979888916016,-6.737624168395996,-3.653555154800415,0.271782249212265,-0.8761374354362488,-3.253485679626465,-0.6791760921478271,-3.0890626907348633,2.3778228759765625,-0.1501670777797699,,,,,,,,,,
m6_8_03,8,simple,float,8,1,1.17119300365448,-5.85225772857666,-2.7165846824645996,0.36981528997421265,1.6073544025421143,-3.947537899017334,-3.6197400093078613,-2.7047481536865234,2.298325777053833,1.5532426834106445,,,,,,,,,,
m6_8_04,8,simple,float,0,0,3.1914350986480713,-6.774401664733887,-3.4859836101531982,-0.006342768669128418,-1.16367506980896,-3.059569835662842,-0.5594743490219116,-2.6492912769317627,2.2517154216766357,-0.14606887102127075,,,,,,,,,,
m6_8_05,8,simple,float,0,0,3.3576087951660156,-6.896013259887695,-3.017698049545288,0.5297011137008667,-1.3611935377120972,-3.605398654937744,-0.9073476791381836,-2.8369436264038086,2.236889123916626,-0.1250864863395691,,,,,,,,,,
m6_9_01,9,simple,float,8,0,2.259979486465454,-5.35745096206665,-3.844398021697998,-0.10084480047225952,0.1421133279800415,-3.856921434402466,-1.4874436855316162,-2.8289456367492676,2.318342447280884,-0.6268599033355713,,,,,,,,,,
m6_9_02,9,simple,float,0,0,1.9931190013885498,-5.316978454589844,-3.525102138519287,-0.43880555033683777,0.8990596532821655,-3.997410774230957,-2.2729315757751465,-2.836735248565674,1.2660789489746094,0.33553841710090637,,,,,,,,,,
m6_9_03,9,simple,float,0,0,2.4494383335113525,-5.334727764129639,-2.706829309463501,-0.18989315629005432,-0.04214823246002197,-4.613781929016113,-3.000049352645874,-2.005943775177002,1.7283844947814941,-0.11615285277366638,,,,,,,,,,
m6_9_04,9,simple,float,8,0,2.037187099456787,-6.533231735229492,-2.311537265777588,-0.45157483220100403,0.4631246328353882,-4.18227481842041,-2.5463483333587646,-2.747302293777466,2.1748175621032715,1.2906200885772705,,,,,,,,,,
m6_9_05,9,simple,float,8,0,1.8910290002822876,-5.654023170471191,-3.2102408409118652,-0.3512897491455078,0.7415187358856201,-4.041342735290527,-2.5144848823547363,-2.840186357498169,2.094420909881592,0.7821397185325623,,,,,,,,,,
m8_0_01,0,simple,float,0,1,3.0533244609832764,-6.81267786026001,-5.20095157623291,0.7706668376922607,-0.49527812004089355,-2.9663166999816895,-1.1223737001419067,-4.155763626098633,1.1282902956008911,0.38884928822517395,,,,,,,,,,
m8_1_01,1,simple,float,4,0,-0.7589094638824463,0.06791211664676666,-3.6219558715820312,-5.898745059967041,5.0413126945495605,-5.349795341491699,-4.4409332275390625,-0.8467599153518677,-0.5929129719734192,-1.9769495725631714,,,,,,,,,,
m8_2_01,2,simple,float,4,0,0.7842351198196411,-3.0406932830810547,-2.3167409896850586,-2.8643739223480225,3.1652331352233887,-5.248971939086914,-3.392155885696411,-1.6816664934158325,0.46569472551345825,-0.7311054468154907,,,,,,,,,,
m8_3_01,3,simple,float,8,0,2.2930798530578613,-7.2781829833984375,-4.94207763671875,1.494361400604248,-1.4934730529785156,-1.7026305198669434,0.9002722501754761,-4.110949993133545,3.716299295425415,-1.293698787689209,,,,,,,,,,
m8_4_01,4,simple,float,4,1,1.1512575149536133,-2.038651466369629,-3.2091212272644043,-1.888444185256958,1.5884455442428589,-3.4213266372680664,-2.1907060146331787,-2.249305486679077,0.7571424245834351,-1.719740629196167,,,,,,,,,,
m8_5_01,5,simple,float,8,0,2.870161771774292,-9.605192184448242,-4.853507995605469,-0.18097315728664398,-1.5236951112747192,-0.6226403117179871,2.7892448902130127,-3.844722270965576,3.2311131954193115,-0.030910372734069824,,,,,,,,,,
m8_6_01,6,simple,float,8,0,2.3277790546417236,-8.37516975402832,-4.934353351593018,1.4194819927215576,0.27520751953125,-2.8912057876586914,0.07043802738189697,-4.478157043457031,3.7017459869384766,0.41451987624168396,,,,,,,,,,
m8_7_01,7,simple,float,8,0,1.0031027793884277,-3.60267972946167,-4.008511543273926,-0.09326779842376709,1.2323105335235596,-3.7731361389160156,-3.68546724319458,-1.7091790437698364,1.317973256111145,-0.0980650931596756,,,,,,,,,,
m8_8_01,8,simple,float,8,1,2.028927803039551,-7.071642875671387,-1.837313175201416,1.2203830480575562,-0.7720944881439209,-3.917356252670288,-2.045628786087036,-2.322953462600708,4.555981159210205,-0.6905107498168945,,,,,,,,,,
m8_9_01,9,simple,float,8,0,0.3644336462020874,-3.743772506713867,-0.11890628933906555,-0.13449406623840332,1.1738848686218262,-5.942913055419922,-6.2255539894104,-0.03319740295410156,2.211858034133911,0.09839877486228943,,,,,,,,,,
m8_0_02,0,simple,float,0,1,1.9128315448760986,-5.637915134429932,-3.30656361579895,-0.9735482931137085,0.7436330914497375,-3.9431581497192383,-1.8216012716293335,-2.506298542022705,1.797839879989624,0.3220234513282776,,,,,,,,,,
m8_0_03,0,simple,float,8,0,2.113459348678589,-5.786959171295166,-3.747877597808838,-1.0277857780456543,0.7087353467941284,-3.7335546016693115,-0.8128626346588135,-3.322880983352661,2.327127456665039,-0.09884661436080933,,,,,,,,,,
m8_0_04,0,simple,float,0,1,2.4103312492370605,-5.976994514465332,-3.1479578018188477,-0.46909764409065247,0.1897904872894287,-4.861287593841553,-1.8758823871612549,-3.2720916271209717,2.301865339279175,0.46252039074897766,,,,,,,,,,
m8_0_05,0,simple,float,0,1,2.0711259841918945,-6.262868404388428,-3.2068228721618652,0.004622220993041992,0.4110304117202759,-4.492368698120117,-2.6755237579345703,-2.7048163414001465,2.0674827098846436,1.3143281936645508,,,,,,,,,,
m8_1_02,1,simple,float,4,0,1.2527811527252197,-2.7906885147094727,-3.5379908084869385,-1.6921892166137695,1.8305529356002808,-4.0434112548828125,-2.7417988777160645,-2.4549150466918945,1.0132465362548828,-0.9539638757705688,,,,,,,,,,
m8_1_03,1,simple,float,8,0,1.9417917728424072,-5.729182720184326,-2.484943151473999,-0.227794349193573,1.848286747932434,-3.477792739868164,-2.007206916809082,-3.8919639587402344,2.5421972274780273,-0.14256151020526886,,,,,,,,,,
m8_1_04,1,simple,float,4,0,0.7128175497055054,-2.0320799350738525,-3.5444552898406982,-2.378683090209961,2.2801737785339355,-4.161749839782715,-3.2980871200561523,-1.745641827583313,0.4320727288722992,-0.9792571663856506,,,,,,,,,,
m8_1_05,1,simple,float,4,0,1.368994951248169,-2.4632601737976074,-3.099410057067871,-1.6256024837493896,1.5951848030090332,-4.1592559814453125,-2.9811720848083496,-1.5757076740264893,0.4171091318130493,-1.5312399864196777,,,,,,,,,,
m8_2_02,2,simple,float,8,0,1.4960132837295532,-5.551957130432129,-2.1174874305725098,-0.6877055168151855,1.6626373529434204,-4.283956527709961,-3.5424323081970215,-2.708653450012207,2.8693125247955322,0.8316913843154907,,,,,,,,,,
m8_2_03,2,simple,float,4,0,0.9025430679321289,-4.968123435974121,-1.100295901298523,-1.4905200004577637,2.8896210193634033,-4.721360683441162,-4.00615930557251,-1.9663057327270508,2.8474104404449463,-0.2583974599838257,,,,,,,,,,
m8_2_04,2,simple,float,8,0,1.9523062705993652,-6.150908470153809,-1.2233631610870361,0.027193278074264526,0.8484451174736023,-4.180407524108887,-3.217895984649658,-2.704444646835327,3.2552080154418945,0.7814470529556274,,,,,,,,,,
m8_2_05,2,simple,float,8,0,1.9806981086730957,-6.262032985687256,-1.0471259355545044,0.22113391757011414,0.7029073238372803,-4.944265842437744,-3.0809178352355957,-2.2111167907714844,3.5278022289276123,0.12647290527820587,,,,,,,,,,
m8_3_02,3,simple,float,4,0,1.3011252880096436,-6.075851917266846,-2.6905574798583984,-0.15661554038524628,2.604839563369751,-3.6395113468170166,-2.2336106300354004,-2.9173169136047363,1.7568622827529907,0.2955016791820526,,,,,,,,,,
m8_3_03,3,simple,float,8,0,1.59234619140625,-5.788461208343506,-2.348658323287964,-0.3931005001068115,1.4159905910491943,-3.8597002029418945,-2.417520046234131,-1.8791743516921997,1.9560402631759644,-0.024991214275360107,,,,,,,,,,
m8_3_04,3,simple,float,8,0,1.9592409133911133,-6.142317771911621,-2.069091320037842,-0.09574010968208313,1.1498589515686035,-3.8090128898620605,-1.7409628629684448,-2.8490898609161377,1.9726428985595703,0.23738309741020203,,,,,,,,,,
m8_3_05,3,simple,float,8,0,1.731215000152588,-6.627899169921875,-2.2656636238098145,-0.05292835831642151,1.6979455947875977,-3.1908273696899414,-2.323680877685547,-2.6831533908843994,2.133335590362549,0.56732177734375,,,,,,,,,,
m8_4_02,4,simple,float,8,0,0.9770609140396118,-5.935206413269043,-1.9980416297912598,-0.24087011814117432,2.4018502235412598,-4.013749122619629,-2.501211404800415,-2.7063350677490234,2.413020372390747,0.7794028520584106,,,,,,,,,,
m8_4_03,4,simple,float,4,1,0.7633870840072632,-5.722578525543213,-2.6450858116149902,-1.2549035549163818,3.016434669494629,-4.078072547912598,-2.474839448928833,-2.7677667140960693,1.9987761974334717,0.9461970329284668,,,,,,,,,,
m8_4_04,4,simple,float,8,0,1.885970950126648,-6.5102996826171875,-1.8509671688079834,0.09670767188072205,1.0862385034561157,-3.856416702270508,-2.041839599609375,-2.9357800483703613,2.6675026416778564,1.127884864807129,,,,,,,,,,
m8_4_05,4,simple,float,8,0,2.3853487968444824,-7.27292537689209,-2.9974937438964844,0.5791570544242859,0.24059534072875977,-2.6787707805633545,-0.09895038604736328,-3.4133214950561523,2.790156602859497,0.47218379378318787,,,,,,,,,,
m8_5_02,5,simple,float,8,0,1.5004668235778809,-7.708210468292236,-2.678784132003784,-0.30486685037612915,1.657996416091919,-3.6027655601501465,-1.6477916240692139,-2.9546597003936768,2.820741653442383,1.6688352823257446,,,,,,,,,,
m8_5_03,5,simple,float,8,0,1.6726295948028564,-7.207422256469727,-3.124481201171875,-0.8208465576171875,1.724136471748352,-2.889622211456299,-0.8858020305633545,-3.5656516551971436,1.890149474143982,1.363278865814209,,,,,,,,,,
m8_5_04,5,simple,float,8,0,1.5457134246826172,-6.542097091674805,-3.3570055961608887,-0.6028602123260498,1.065970778465271,-2.592977285385132,-1.8920868635177612,-2.090815544128418,2.0653414726257324,1.4262521266937256,,,,,,,,,,
m8_5_05,5,simple,float,4,0,1.0829648971557617,-6.573763370513916,-3.5783531665802,-0.9066159725189209,1.8998174667358398,-2.660494327545166,-2.2793145179748535,-2.114598035812378,1.7159703969955444,1.8228116035461426,,,,,,,,,,
m8_6_02,6,simple,float,4,0,0.6534935235977173,-4.1937456130981445,-3.680222511291504,-2.3393819332122803,3.3692312240600586,-3.839130401611328,-2.9493813514709473,-2.646486759185791,1.3153679370880127,0.4429645538330078,,,,,,,,,,
m8_6_03,6,simple,float,8,0,1.5263543128967285,-5.115749359130859,-3.598475456237793,-1.0972180366516113,1.836888313293457,-3.5224082469940186,-1.9621812105178833,-3.1790847778320312,2.080604076385498,0.5506746172904968,,,,,,,,,,
m8_6_04,6,simple,float,4,0,1.1303274631500244,-4.993662357330322,-3.785068988800049,-1.402483582496643,2.5128512382507324,-3.5404458045959473,-2.270019292831421,-3.3245487213134766,1.705523133277893,0.948401927947998,,,,,,,,,,
m8_6_05,6,simple,float,0,0,1.851367473602295,-4.537621021270752,-3.845813274383545,-1.2920918464660645,1.6403148174285889,-3.313786506652832,-1.2767271995544434,-3.2689459323883057,1.4214948415756226,-0.30667683482170105,,,,,,,,,,
m8_7_02,7,simple,float,0,0,1.7259658575057983,-4.291088104248047,-3.086014747619629,-0.6677547693252563,0.6825114488601685,-3.874218463897705,-2.140723943710327,-1.5062448978424072,1.0819425582885742,-0.6524611711502075,,,,,,,,,,
m8_7_03,7,simple,float,8,0,1.7335875034332275,-5.251112937927246,-2.802110195159912,-0.4287455379962921,0.7902566194534302,-4.039637088775635,-2.3805627822875977,-1.8829728364944458,1.7979729175567627,0.36075782775878906,,,,,,,,,,
m8_7_04,7,simple,float,4,0,0.6282360553741455,-2.643989086151123,-3.6371326446533203,-1.939801812171936,2.658482074737549,-3.6089820861816406,-2.3061156272888184,-2.368346691131592,0.9555437564849854,-0.9539384841918945,,,,,,,,,,
m8_7_05,7,simple,float,0,0,1.7354763746261597,-4.37768030166626,-3.0124030113220215,-0.1712317168712616,0.0989762544631958,-3.695289134979248,-2.4033164978027344,-1.5240932703018188,1.7165418863296509,-0.47469842433929443,,,,,,,,,,
m8_8_02,8,simple,float,8,1,1.9780299663543701,-6.182551860809326,-2.5934343338012695,-0.4304046630859375,0.8024230599403381,-3.5516316890716553,-1.8332860469818115,-2.6335580348968506,2.493269205093384,0.6024760603904724,,,,,,,,,,
m8_8_03,8,simple,float,8,1,1.4944721460342407,-5.646353721618652,-3.5538582801818848,-0.7292578220367432,1.4572175741195679,-2.691842794418335,-1.2044090032577515,-2.9047017097473145,1.9383304119110107,1.0051250457763672,,,,,,,,,,
m8_8_04,8,simple,float,8,1,1.527496099472046,-6.047296524047852,-2.900999069213867,-0.27507340908050537,0.7615546584129333,-3.2359278202056885,-1.293528437614441,-2.557684898376465,2.640542984008789,1.1456818580627441,,,,,,,,,,
m8_8_05,8,simple,float,8,1,1.4579113721847534,-6.25095272064209,-2.770663022994995,-0.37121832370758057,1.7046645879745483,-3.133155345916748,-1.7032544612884521,-2.9234442710876465,2.374795913696289,1.3255056142807007,,,,,,,,,,
m8_9_02,9,simple,float,0,0,1.8455932140350342,-4.731022357940674,-3.0657548904418945,-1.226036787033081,1.2979862689971924,-4.1256632804870605,-1.7579454183578491,-2.254148006439209,1.2136424779891968,-0.061401158571243286,,,,,,,,,,
m8_9_03,9,simple,float,4,0,1.3838155269622803,-3.9937429428100586,-2.6492416858673096,-0.9542368054389954,1.7083604335784912,-3.134486675262451,-1.4419537782669067,-2.3959391117095947,1.1257133483886719,-0.23131012916564941,,,,,,,,,,
m8_9_04,9,simple,float,0,0,1.5480234622955322,-4.36910343170166,-2.4499387741088867,-0.7881670594215393,1.0958526134490967,-3.2186717987060547,-1.3632991313934326,-2.324007034301758,1.072139859199524,0.34359532594680786,,,,,,,,,,
m8_9_05,9,simple,float,0,0,1.7567768096923828,-4.598410606384277,-2.4231748580932617,-0.6669163107872009,0.6256291270256042,-3.235363483428955,-1.261476993560791,-1.940486192703247,1.12260901927948,0.22745510935783386,,,,,,,,,,
m5_0_01,0,simple,float,0,1,1.9029971361160278,-4.563547134399414,-2.7271511554718018,-1.3238120079040527,0.763677179813385,-4.251082420349121,-1.8483871221542358,-2.3082780838012695,1.3731794357299805,-0.02227693796157837,,,,,,,,,,
m5_0_02,0,simple,float,0,1,2.187866687774658,-5.764106750488281,-2.509629249572754,-0.4538976848125458,0.40438759326934814,-4.559496879577637,-2.4172658920288086,-2.5286285877227783,1.7853257656097412,0.9156664609909058,,,,,,,,,,
m5_0_03,0,simple,float,0,1,2.4236910343170166,-5.813668727874756,-2.540982484817505,0.0003959238529205322,-0.16321051120758057,-3.9550681114196777,-2.006107807159424,-2.3775711059570312,1.6093748807907104,0.8524228930473328,,,,,,,,,,
m5_0_04,0,simple,float,0,1,2.9934301376342773,-5.853218078613281,-2.0780646800994873,-0.5197941064834595,-1.3216646909713745,-4.054924011230469,-1.1291652917861938,-1.6391173601150513,1.5310442447662354,0.0768924355506897,,,,,,,,,,
m5_1_01,1,simple,float,0,0,1.641550898551941,-2.811971664428711,-3.1519203186035156,-1.3645622730255127,0.8122981786727905,-3.8552074432373047,-2.6388401985168457,-1.5552736520767212,0.717786431312561,-1.4491597414016724,,,,,,,,,,
m5_1_02,1,simple,float,0,0,1.3642226457595825,-2.8841707706451416,-3.127293586730957,-1.284646987915039,0.872282862663269,-3.943554639816284,-2.763777256011963,-1.1262602806091309,0.8056617975234985,-1.2233140468597412,,,,,,,,,,
m5_1_03,1,simple,float,0,0,1.4502854347229004,-2.7426066398620605,-3.2934682369232178,-1.5050418376922607,0.8508121371269226,-3.616950750350952,-2.805783271789551,-1.1255710124969482,0.3273038864135742,-0.9055078625679016,,,,,,,,,,
m5_1_04,1,simple,float,0,0,1.5739850997924805,-2.576587200164795,-2.8606457710266113,-1.5516772270202637,0.6857684254646301,-3.496878147125244,-2.6124179363250732,-1.352597713470459,0.44240283966064453,-1.0999865531921387,,,,,,,,,,
m5_2_01,2,simple,float,8,0,1.9119802713394165,-5.27992057800293,-2.8864152431488037,0.04876388609409332,0.6366617679595947,-3.3837761878967285,-1.9308314323425293,-2.59660005569458,2.3265323638916016,0.13722383975982666,,,,,,,,,,
m5_2_02,2,simple,float,8,0,2.554997444152832,-5.536385536193848,-1.5201773643493652,0.4288330376148224,-0.7284306287765503,-3.6902873516082764,-1.443730115890503,-2.472625255584717,2.7989742755889893,-0.487312912940979,,,,,,,,,,
m5_2_03,2,simple,float,0,0,2.1342837810516357,-4.863689422607422,-2.5883736610412598,0.27344438433647156,-0.1797935962677002,-3.683755397796631,-1.8920841217041016,-1.8154093027114868,2.054130792617798,-0.5260607600212097,,,,,,,,,,
m5_2_04,2,simple,float,8,0,1.7874665260314941,-4.953738212585449,-1.5007858276367188,-0.3354390263557434,0.4922170639038086,-4.052681922912598,-2.5850839614868164,-1.687654733657837,2.5923874378204346,0.04401363432407379,,,,,,,,,,
m5_3_01,3,simple,float,0,0,2.020726203918457,-5.4119157791137695,-2.419065237045288,-1.08580482006073,0.7014761567115784,-3.2228145599365234,-0.8066287040710449,-2.129666805267334,1.5250211954116821,-0.6749333143234253,,,,,,,,,,
m5_3_02,3,simple,float,0,0,2.2889318466186523,-5.918473243713379,-2.48976993560791,0.3996044397354126,-0.04480886459350586,-3.4856343269348145,-1.543094515800476,-2.0041182041168213,2.1754629611968994,-0.029489964246749878,,,,,,,,,,
m5_3_03,3,simple,float,8,0,1.716571569442749,-5.0461812019348145,-3.4428203105926514,-0.1648097038269043,0.4774706959724426,-2.778041362762451,-0.5883278846740723,-2.4984893798828125,2.0764522552490234,-0.5028562545776367,,,,,,,,,,
m5_3_04,3,simple,float,8,0,2.0305001735687256,-6.088437080383301,-3.1817216873168945,0.17600002884864807,-0.16924679279327393,-2.512636423110962,-0.021138548851013184,-2.7069010734558105,2.474170446395874,-0.6013680696487427,,,,,,,,,,
m5_4_01,4,simple,float,0,0,2.479302406311035,-6.083278656005859,-2.2198188304901123,0.09841877222061157,-0.513116717338562,-3.633596181869507,-1.3738415241241455,-2.28251051902771,2.216982841491699,0.6258299350738525,,,,,,,,,,
m5_4_02,4,simple,float,0,0,2.235287666320801,-6.8267717361450195,-2.2023801803588867,0.02872951328754425,-0.2779250144958496,-2.7919657230377197,-0.7325088977813721,-2.141940116882324,2.204155683517456,1.0259414911270142,,,,,,,,,,
m5_4_03,4,simple,float,8,0,2.043649435043335,-5.37571907043457,-2.447826862335205,0.3823479413986206,0.12935805320739746,-2.8462588787078857,-1.369807481765747,-2.3483705520629883,2.424924850463867,0.20205309987068176,,,,,,,,,,
m5_4_04,4,simple,float,0,0,2.614492416381836,-6.60007381439209,-1.9994170665740967,0.20777004957199097,-0.7995669841766357,-2.798027276992798,-0.632307767868042,-2.265038251876831,2.061241388320923,0.8984819650650024,,,,,,,,,,
m5_5_01,5,simple,float,4,0,1.0523991584777832,-5.392460346221924,-3.7231016159057617,-1.3623533248901367,2.1317944526672363,-2.8823366165161133,-0.8995234966278076,-3.186279773712158,1.6982895135879517,1.02457857131958,,,,,,,,,,
m5_5_02,5,simple,float,8,0,1.5082666873931885,-5.676779270172119,-3.093513250350952,-1.1172854900360107,1.1461423635482788,-3.0205113887786865,-1.1042191982269287,-2.3005895614624023,1.6151742935180664,0.8809123039245605,,,,,,,,,,
m5_5_03,5,simple,float,8,0,2.1105637550354004,-6.549587726593018,-2.532264471054077,-0.26460912823677063,-1.0414446592330933,-2.5709595680236816,-0.5768172144889832,-1.448817253112793,2.3182671070098877,0.8259092569351196,,,,,,,,,,
m5_5_04,5,simple,float,8,0,1.374873161315918,-5.934555530548096,-2.846458911895752,-0.4437597692012787,0.7988681793212891,-3.017685651779175,-1.6940852403640747,-2.0276641845703125,1.66897451877594,1.4233392477035522,,,,,,,,,,
m5_6_01,6,simple,float,8,0,1.7186856269836426,-5.355797290802002,-3.3741297721862793,-0.27985498309135437,1.312942385673523,-3.148585081100464,-0.8337117433547974,-3.379459857940674,2.0277512073516846,0.32048702239990234,,,,,,,,,,
m5_6_02,6,simple,float,8,0,1.7586250305175781,-6.70891809463501,-3.048304557800293,-0.3852126896381378,1.4402999877929688,-3.6436667442321777,-1.210195779800415,-3.0340585708618164,2.7913174629211426,1.0127793550491333,,,,,,,,,,
m5_6_03,6,simple,float,0,0,2.009911060333252,-6.414912700653076,-2.7894864082336426,-0.704041063785553,1.2037469148635864,-3.317002296447754,-1.244361162185669,-2.6268997192382812,1.81355619430542,0.8722500801086426,,,,,,,,,,
m5_6_04,6,simple,float,8,0,1.8784446716308594,-6.513493537902832,-3.0626940727233887,-0.32225608825683594,1.668809175491333,-3.0767157077789307,-1.0799534320831299,-3.453324794769287,1.9144718647003174,1.1657476425170898,,,,,,,,,,
m5_7_01,7,simple,float,0,0,1.8282898664474487,-4.5758562088012695,-2.1408040523529053,-0.13038644194602966,-0.5181570053100586,-3.707047462463379,-2.435253620147705,-1.1471576690673828,1.359527587890625,0.5467978715896606,,,,,,,,,,
m5_7_02,7,simple,float,0,0,1.825219988822937,-5.08781099319458,-2.2869365215301514,0.18202190101146698,-0.3951679468154907,-3.522596836090088,-1.7567346096038818,-1.5445432662963867,1.725358009338379,0.29964494705200195,,,,,,,,,,
m5_7_03,7,simple,float,0,0,1.8435313701629639,-5.134133338928223,-1.7444212436676025,0.331804096698761,-0.1676468849182129,-3.953819751739502,-2.3840582370758057,-1.4939652681350708,1.7043179273605347,0.3312685489654541,,,,,,,,,,
m5_7_04,7,simple,float,0,0,1.773402452468872,-4.598657608032227,-1.9979926347732544,-0.18310436606407166,-0.06275105476379395,-4.086877822875977,-2.1422905921936035,-1.3825757503509521,1.3230539560317993,0.0992947518825531,,,,,,,,,,
m5_8_01,8,simple,float,0,0,1.7842127084732056,-5.054155349731445,-1.7317441701889038,-1.1073288917541504,0.17116928100585938,-3.3143296241760254,-1.486004114151001,-1.6819376945495605,1.7525997161865234,0.6318885684013367,,,,,,,,,,
m5_8_02,8,simple,float,0,0,1.7047784328460693,-3.949843406677246,-2.068894624710083,-1.7948497533798218,-0.10667431354522705,-3.7489590644836426,-2.5751545429229736,0.07874393463134766,1.4872071743011475,-0.9581152200698853,,,,,,,,,,
m5_8_03,8,simple,float,8,1,2.091719627380371,-5.233842849731445,-2.005659341812134,-0.9014939665794373,-0.23081564903259277,-3.4295239448547363,-1.7737741470336914,-1.6246594190597534,2.1145520210266113,0.36942338943481445,,,,,,,,,,
m5_8_04,8,simple,float,8,1,0.9956755638122559,-4.764283657073975,-2.1681437492370605,-1.687565803527832,0.7336333990097046,-4.124913692474365,-2.9845337867736816,-0.8588132262229919,1.8019239902496338,1.2719837427139282,,,,,,,,,,
m5_9_01,9,simple,float,0,0,1.4040021896362305,-3.925630807876587,-1.6794555187225342,-0.8508155345916748,0.35340285301208496,-3.5368494987487793,-2.2232871055603027,-0.6978927254676819,0.767052948474884,-0.07109872996807098,,,,,,,,,,
m5_9_02,9,simple,float,0,0,1.6790897846221924,-5.077157020568848,-1.8953616619110107,-0.3470231592655182,0.6090607643127441,-3.9666552543640137,-2.5791163444519043,-1.4696033000946045,0.8987369537353516,0.6603716611862183,,,,,,,,,,
m5_9_03,9,simple,float,0,0,1.702519416809082,-5.26852560043335,-2.3384957313537598,-0.5824623107910156,1.0197087526321411,-4.07639741897583,-2.377063751220703,-1.6682332754135132,0.9543329477310181,0.40950092673301697,,,,,,,,,,
m5_9_04,9,simple,float,0,0,1.6523463726043701,-4.636308670043945,-2.604156017303467,-1.2355916500091553,0.824966311454773,-3.492964744567871,-1.8001670837402344,-1.10986328125,0.5710819959640503,-0.24686263501644135,,,,,,,,,,
m4_0_01,0,simple,float,8,0,2.0766382217407227,-5.1004109382629395,-2.5655508041381836,-1.7304565906524658,0.08375692367553711,-5.29544734954834,-2.246692180633545,-2.4285213947296143,2.8976800441741943,0.20633438229560852,,,,,,,,,,
m4_0_02,0,simple,float,0,1,2.3261008262634277,-5.580401420593262,-3.527583599090576,-0.29429560899734497,-0.32357656955718994,-3.2374584674835205,-0.38943397998809814,-2.8290138244628906,2.000953197479248,-0.24583056569099426,,,,,,,,,,
m4_0_03,0,simple,float,0,1,2.22680401802063,-5.563467502593994,-3.2595374584198,-0.9701529741287231,0.37271666526794434,-5.171735763549805,-2.4183101654052734,-2.717014789581299,1.9116114377975464,0.3933451473712921,,,,,,,,,,
m4_0_04,0,simple,float,8,0,1.7654345035552979,-4.888655662536621,-3.5237631797790527,-0.01708701252937317,0.7245418429374695,-4.394078254699707,-2.630176544189453,-2.2754554748535156,1.963932752609253,0.04004417359828949,,,,,,,,,,
m4_0_05,0,simple,float,8,0,2.2267656326293945,-6.64818811416626,-2.856022596359253,-0.196988046169281,0.4137610197067261,-4.104551792144775,-1.7976418733596802,-3.068671226501465,2.420278787612915,0.9658463001251221,,,,,,,,,,
m4_1_01,1,simple,float,0,0,1.4604978561401367,-2.557076930999756,-3.024296760559082,-1.422476887702942,1.0682199001312256,-4.195813179016113,-3.0069518089294434,-1.2578940391540527,0.6865455508232117,-1.4790560007095337,,,,,,,,,,
m4_1_02,1,simple,float,8,0,0.3816360831260681,-1.6999437808990479,-1.5655980110168457,-0.5674745440483093,0.5111654996871948,-1.2478440999984741,-0.34261390566825867,-1.032226800918579,1.1014171838760376,-0.7623660564422607,,,,,,,,,,
m4_1_03,1,simple,float,4,0,0.1662348508834839,-1.3145473003387451,-3.0258121490478516,-2.6820802688598633,2.8376071453094482,-4.143061637878418,-2.3365063667297363,-1.5649693012237549,0.5581126809120178,-1.429771065711975,,,,,,,,,,
m4_1_04,1,simple,float,4,0,0.025148868560791016,-6.296717643737793,-3.625458002090454,-2.224066972732544,4.576584815979004,-3.754138231277466,-2.6859192848205566,-3.3341727256774902,1.1050610542297363,1.81854248046875,,,,,,,,,,
m4_1_05,1,simple,float,4,0,0.4861569404602051,-2.0105950832366943,-4.522365570068359,-3.108163356781006,3.203178882598877,-4.686402797698975,-3.7915396690368652,-2.02752947807312,0.09317091107368469,-1.0548176765441895,,,,,,,,,,
m4_2_01,2,simple,float,4,0,0.24399590492248535,-2.6057207584381104,-2.210144281387329,-1.5614582300186157,3.429697275161743,-4.9117021560668945,-3.9150233268737793,-2.125175714492798,0.8267112374305725,-0.25923237204551697,,,,,,,,,,
m4_2_02,2,simple,float,4,0,0.21818137168884277,-2.869506597518921,-2.0660858154296875,-3.4213171005249023,3.736222267150879,-5.915347576141357,-4.810194969177246,-0.704784631729126,0.6891652345657349,-0.27948644757270813,,,,,,,,,,
m4_2_03,2,simple,float,4,0,-0.26549601554870605,-2.7906534671783447,-1.9346646070480347,-3.010317325592041,4.934058666229248,-3.612987518310547,-2.947645425796509,-1.8733007907867432,0.27126646041870117,-0.5811252593994141,,,,,,,,,,
m4_2_04,2,simple,float,4,0,0.7095094919204712,-1.93639075756073,-1.9045355319976807,-3.2526912689208984,3.334871292114258,-5.642061710357666,-4.290885925292969,-0.6389303207397461,-0.09380786120891571,-1.6524200439453125,,,,,,,,,,
m4_2_05,2,simple,float,8,0,1.2097545862197876,-5.822235107421875,-1.897430419921875,1.1628905534744263,0.5653847455978394,-4.0228753089904785,-3.170469045639038,-1.8606700897216797,3.5848214626312256,0.7395312786102295,,,,,,,,,,
m4_3_01,3,simple,float,0,0,1.4012134075164795,-4.445405960083008,-1.5757986307144165,-0.4214646816253662,0.22495371103286743,-2.2886219024658203,-0.3723365068435669,-1.3932549953460693,1.3378641605377197,0.08191254734992981,,,,,,,,,,
m4_3_02,3,simple,float,8,0,1.4155992269515991,-4.114294052124023,-3.2016592025756836,-0.388571560382843,1.049957513809204,-2.997260570526123,-1.0115898847579956,-2.6112780570983887,1.5777255296707153,-0.03346729278564453,,,,,,,,,,
m4_3_03,3,simple,float,8,0,2.0356383323669434,-6.840432167053223,-1.7971616983413696,0.5016157627105713,1.0334138870239258,-3.8374271392822266,-1.9048402309417725,-2.384126663208008,2.0566182136535645,0.7067588567733765,,,,,,,,,,
m4_3_04,3,simple,float,8,0,0.9171483516693115,-5.9127197265625,-2.0776240825653076,-0.021477103233337402,2.410492420196533,-3.736320972442627,-1.9692851305007935,-3.0148181915283203,2.6171648502349854,0.8194817304611206,,,,,,,,,,
m4_3_05,3,simple,float,8,0,1.271714210510254,-4.660881042480469,-2.8771562576293945,-0.7269439697265625,1.2121063470840454,-3.618669271469116,-2.2969655990600586,-2.0291759967803955,1.6730506420135498,0.46053794026374817,,,,,,,,,,
m4_4_01,4,simple,float,8,0,1.2606011629104614,-3.9846067428588867,-2.5657520294189453,-0.6539046168327332,0.6061259508132935,-2.110623359680176,-0.24909734725952148,-1.9115869998931885,1.4108264446258545,0.11613570153713226,,,,,,,,,,
m4_4_02,4,simple,float,8,0,1.37019944190979,-4.078889846801758,-3.5033531188964844,-1.9635958671569824,-0.32554101943969727,-2.3862414360046387,0.41657137870788574,-2.5523600578308105,2.6013872623443604,-0.9493606090545654,,,,,,,,,,
m4_4_03,4,simple,float,8,0,1.5975615978240967,-4.332275390625,-3.496584892272949,-1.1473480463027954,0.8523238897323608,-3.785602569580078,-1.3767645359039307,-2.502429485321045,1.9115086793899536,-0.6336591243743896,,,,,,,,,,
m4_4_04,4,simple,float,0,0,1.5286325216293335,-3.9948060512542725,-4.130213260650635,-1.2596346139907837,0.7103520035743713,-3.238394260406494,-1.406316876411438,-2.236375331878662,1.3138624429702759,-0.5288971066474915,,,,,,,,,,
m4_4_05,4,simple,float,8,0,1.8908331394195557,-6.508066177368164,-3.4815211296081543,-0.20083177089691162,-0.10867011547088623,-2.9504804611206055,-0.6546546816825867,-2.7983241081237793,3.4911930561065674,0.399187296628952,,,,,,,,,,
m4_5_01,5,simple,float,8,0,0.06318926811218262,-3.135748863220215,-0.9820175766944885,0.215187206864357,0.7516864538192749,-1.7196731567382812,-1.200135588645935,-1.4830389022827148,1.907382845878601,1.2515429258346558,,,,,,,,,,
m4_5_02,5,simple,float,8,0,0.6643981337547302,-4.06682014465332,-2.104531764984131,0.22444500029087067,0.6735795736312866,-2.4246418476104736,-0.9623286724090576,-2.2555148601531982,2.386431932449341,0.7702480554580688,,,,,,,,,,
m4_5_03,5,simple,float,8,0,1.670475721359253,-7.379333972930908,-3.6785433292388916,-0.21180546283721924,0.9487428069114685,-2.33518123626709,0.8853057622909546,-4.4897074699401855,3.2157816886901855,0.7626360654830933,,,,,,,,,,
m4_5_04,5,simple,float,8,0,1.0465750694274902,-7.996537208557129,-2.2613468170166016,0.19920621812343597,2.101135730743408,-3.233320474624634,-2.0662219524383545,-3.2412726879119873,2.8344497680664062,2.7632627487182617,,,,,,,,,,
m4_5_05,5,simple,float,8,0,0.3431586027145386,-8.750167846679688,-2.1785221099853516,1.8998106718063354,1.8005064725875854,-2.763523578643799,-1.8871604204177856,-3.863077402114868,4.164249897003174,3.0328352451324463,,,,,,,,,,
m4_6_01,6,simple,float,8,0,0.7280757427215576,-4.475724697113037,-4.177767276763916,-0.7826820611953735,1.9903475046157837,-3.036766290664673,-1.142313838005066,-3.095445156097412,2.367011070251465,0.2727586627006531,,,,,,,,,,
m4_6_02,6,simple,float,8,0,1.9495811462402344,-7.132073879241943,-2.866431951522827,1.2059050798416138,-0.28880536556243896,-3.4275615215301514,-0.492540180683136,-3.610353469848633,4.1568145751953125,0.7694330215454102,,,,,,,,,,
m4_6_03,6,simple,float,8,0,2.06026554107666,-8.087952613830566,-3.133516788482666,0.4053867757320404,0.5153145790100098,-2.4524340629577637,0.8956518173217773,-3.907456159591675,3.3496456146240234,0.4439725875854492,,,,,,,,,,
m4_6_04,6,simple,float,8,0,1.3881959915161133,-3.693413734436035,-3.6616575717926025,-0.6404464244842529,1.2208847999572754,-2.940916061401367,-1.0383331775665283,-3.1614997386932373,1.9023842811584473,-0.6596260070800781,,,,,,,,,,
m4_6_05,6,simple,float,0,0,1.9125466346740723,-5.40629768371582,-3.630707025527954,-0.7120705842971802,1.1215065717697144,-3.319857120513916,-1.3202776908874512,-3.6007251739501953,1.8914422988891602,0.7525529265403748,,,,,,,,,,
m4_7_01,7,simple,float,4,0,1.098804235458374,-2.7137794494628906,-3.1595120429992676,-0.3164043426513672,1.3338642120361328,-2.9655871391296387,-1.5780686140060425,-2.503044366836548,1.0157290697097778,-0.8275545239448547,,,,,,,,,,
m4_7_02,7,simple,float,0,0,1.1251999139785767,-2.788149356842041,-2.993143081665039,-1.4944519996643066,1.0509438514709473,-4.012343406677246,-2.7120420932769775,-1.2243636846542358,0.3925997018814087,-0.5867453813552856,,,,,,,,,,
m4_7_03,7,simple,float,4,0,0.7560107707977295,-2.6307811737060547,-3.5683493614196777,-2.0820047855377197,1.6469509601593018,-3.9378416538238525,-2.434108018875122,-1.309384822845459,0.962399959564209,-0.6217858791351318,,,,,,,,,,
m4_7_04,7,simple,float,8,0,1.6505298614501953,-4.443784713745117,-3.415964126586914,-0.15338186919689178,0.25625962018966675,-3.803952217102051,-2.0895822048187256,-2.552049398422241,2.0175769329071045,0.2827003300189972,,,,,,,,,,
m4_7_05,7,simple,float,0,0,1.3790867328643799,-3.194458484649658,-3.3005781173706055,-0.6429603099822998,0.978380024433136,-3.8648955821990967,-2.2243852615356445,-2.4229507446289062,1.0433034896850586,-0.44812124967575073,,,,,,,,,,
m4_8_01,8,simple,float,4,0,0.8956924676895142,-2.2565455436706543,-2.9366893768310547,-0.8403154611587524,1.6673803329467773,-3.043262481689453,-1.8556125164031982,-2.4162333011627197,0.8626691102981567,-0.6492699980735779,,,,,,,,,,
m4_8_02,8,simple,float,8,1,2.191795587539673,-5.783310890197754,-3.497300148010254,0.4817410707473755,-0.8018982410430908,-2.3136677742004395,0.05484575033187866,-2.8958752155303955,2.6153008937835693,0.12625187635421753,,,,,,,,,,
m4_8_03,8,simple,float,8,1,2.099771022796631,-7.29496955871582,-2.408794641494751,0.9468104243278503,0.23255562782287598,-3.336703062057495,-0.9770092368125916,-3.1002862453460693,3.484189033508301,0.8670767545700073,,,,,,,,,,
m4_8_04,8,simple,float,8,1,2.0769081115722656,-4.371171474456787,-1.964187502861023,-0.6105117797851562,0.5103415250778198,-3.715575695037842,-0.3127943277359009,-3.028825283050537,2.218830108642578,-1.0344983339309692,,,,,,,,,,
m4_8_05,8,simple,float,8,1,1.3178824186325073,-2.6294779777526855,-3.274254322052002,-0.773657500743866,1.3473094701766968,-2.973641872406006,-1.119470477104187,-3.123476505279541,1.4457507133483887,-1.1497056484222412,,,,,,,,,,
m4_9_01,9,simple,float,0,0,0.9321165084838867,-2.965414047241211,-2.173008918762207,-0.8490680456161499,0.7601559162139893,-4.1614460945129395,-3.2239747047424316,-0.7944470643997192,0.7938014268875122,-0.20002318918704987,,,,,,,,,,
m4_9_02,9,simple,float,8,0,1.8904359340667725,-8.063271522521973,-1.4113013744354248,1.045183777809143,-1.4620258808135986,-2.7781245708465576,-0.6696047782897949,-2.5493879318237305,4.220134735107422,1.5272457599639893,,,,,,,,,,
m4_9_03,9,simple,float,8,0,1.6102981567382812,-4.45693826675415,-2.674236297607422,-0.32338398694992065,-0.25811731815338135,-3.728710889816284,-0.8536315560340881,-2.3862576484680176,2.9044837951660156,-0.642019510269165,,,,,,,,,,
m4_9_04,9,simple,float,8,0,2.230358123779297,-6.204857349395752,-2.8677656650543213,0.5050144791603088,-0.6464207172393799,-3.684264659881592,-1.4054981470108032,-2.691586494445801,2.474874258041382,0.9018653035163879,,,,,,,,,,
m4_9_05,9,simple,float,8,0,1.9012600183486938,-5.197111129760742,-2.87446928024292,0.10422743856906891,0.05015134811401367,-3.311460018157959,-1.392622470855713,-2.627653121948242,2.246865749359131,0.6423289775848389,,,,,,,,,,
m3_0_01,0,simple,float,4,0,1.5184522867202759,-4.213683128356934,-4.884250640869141,-0.3906843364238739,2.0486884117126465,-5.078306198120117,-4.06401252746582,-3.156275749206543,1.8440622091293335,-1.20258367061615,,,,,,,,,,
m3_0_02,0,simple,float,8,0,2.6008503437042236,-7.711393356323242,-3.8760123252868652,0.6396563649177551,-0.11428403854370117,-5.0228071212768555,-2.606628656387329,-3.656372547149658,3.317842483520508,0.46202290058135986,,,,,,,,,,
m3_0_03,0,simple,float,8,0,2.256870746612549,-6.327251434326172,-3.2787368297576904,-0.28573235869407654,1.2375295162200928,-5.844353199005127,-2.862992286682129,-3.5343685150146484,3.4664018154144287,-0.938567578792572,,,,,,,,,,
m3_0_04,0,simple,float,0,1,2.671445369720459,-7.363859176635742,-4.8156232833862305,0.8354054689407349,0.7289589643478394,-4.758920192718506,-2.6463310718536377,-4.09627103805542,2.5143795013427734,0.3734213411808014,,,,,,,,,,
m3_0_05,0,simple,float,8,0,2.8032052516937256,-7.574065208435059,-4.372091293334961,0.5380573272705078,0.7517263889312744,-5.504652976989746,-2.3652238845825195,-4.849823951721191,3.5556211471557617,0.48768290877342224,,,,,,,,,,
m3_1_01,1,simple,float,4,0,1.9918105602264404,-4.45725679397583,-5.420204162597656,-1.6741780042648315,2.019388198852539,-5.117115497589111,-3.000492811203003,-3.469244956970215,1.3078545331954956,-0.979026198387146,,,,,,,,,,
m3_1_02,1,simple,float,4,0,1.4995369911193848,-4.152527809143066,-4.813508987426758,-1.243873953819275,2.6323184967041016,-4.717488765716553,-3.037818193435669,-3.8762686252593994,1.5894441604614258,-0.8140964508056641,,,,,,,,,,
m3_1_03,1,simple,float,4,0,1.8209805488586426,-4.2752556800842285,-5.2586164474487305,-1.8456106185913086,1.9995338916778564,-4.85152006149292,-3.23823618888855,-3.0342326164245605,1.4589731693267822,-1.0607640743255615,,,,,,,,,,
m3_1_04,1,simple,float,4,0,1.6031246185302734,-4.1966023445129395,-4.893738746643066,-1.0519537925720215,2.5199694633483887,-4.651205062866211,-2.904900550842285,-3.9891622066497803,1.6256179809570312,-0.8735859394073486,,,,,,,,,,
m3_1_05,1,simple,float,4,0,1.6308780908584595,-4.404524803161621,-3.9594335556030273,-1.950042963027954,3.1938252449035645,-5.647578716278076,-3.4674220085144043,-3.5323729515075684,1.7544636726379395,-1.7798935174942017,,,,,,,,,,
m3_2_01,2,simple,float,4,0,0.5638904571533203,-3.985381603240967,-4.95346736907959,-2.906550884246826,4.153684616088867,-5.166630744934082,-3.8290021419525146,-3.649733066558838,1.3063206672668457,-0.018699944019317627,,,,,,,,,,
m3_2_02,2,simple,float,4,0,0.5638904571533203,-3.985381603240967,-4.95346736907959,-2.906550884246826,4.153684616088867,-5.166630744934082,-3.8290021419525146,-3.649733066558838,1.3063206672668457,-0.018699944019317627,,,,,,,,,,
m3_2_03,2,simple,float,8,0,2.266378402709961,-7.406123161315918,-4.968160629272461,0.3840467929840088,1.722543478012085,-4.242546558380127,-1.3950830698013306,-4.884797096252441,2.6128573417663574,-0.09288349747657776,,,,,,,,,,
m3_2_04,2,simple,float,8,0,1.8932948112487793,-5.906457901000977,-4.480050086975098,-1.5385195016860962,2.4156699180603027,-4.919791221618652,-1.720463752746582,-4.4933366775512695,2.6829848289489746,-0.6094300150871277,,,,,,,,,,
m3_2_05,2,simple,float,8,0,2.7503888607025146,-6.6330342292785645,-2.494420051574707,-0.973175048828125,2.255274772644043,-6.000312328338623,-2.1621530055999756,-5.97982120513916,3.214625120162964,-0.3022337257862091,,,,,,,,,,
m3_3_01,3,simple,float,8,0,2.3819777965545654,-7.659978866577148,-2.123246192932129,1.3989686965942383,-0.022682905197143555,-6.029522895812988,-3.1425628662109375,-3.408625364303589,3.7360568046569824,0.4169295132160187,,,,,,,,,,
m3_3_02,3,simple,float,8,0,2.5731844902038574,-7.468372344970703,-3.7243812084198,-0.011266827583312988,0.6443197727203369,-4.964853763580322,-0.8307027816772461,-4.641235828399658,3.7825326919555664,-0.4444859027862549,,,,,,,,,,
m3_3_03,3,simple,float,8,0,1.638895869255066,-7.130623817443848,-2.8712105751037598,-0.25673288106918335,1.5617948770523071,-5.393855571746826,-2.9087748527526855,-2.412651300430298,3.225139856338501,-0.2736193537712097,,,,,,,,,,
m3_3_04,3,simple,float,8,0,1.6638356447219849,-6.297263145446777,-4.252795219421387,0.4991305470466614,1.3499521017074585,-5.490859031677246,-2.6865077018737793,-4.43631649017334,3.229499101638794,0.36255455017089844,,,,,,,,,,
m3_3_05,3,simple,float,8,0,2.678471088409424,-7.852599143981934,-4.323941230773926,0.3376769423484802,0.47650623321533203,-3.9472546577453613,-0.9159319400787354,-4.154346466064453,3.4144630432128906,-0.05779793858528137,,,,,,,,,,
m3_4_01,4,simple,float,8,0,1.6024144887924194,-7.061572074890137,-4.086376667022705,-0.7728544473648071,2.4454267024993896,-6.536526203155518,-4.957847595214844,-3.056993007659912,2.907683849334717,0.9911415576934814,,,,,,,,,,
m3_4_02,4,simple,float,8,0,1.6149866580963135,-4.55454158782959,-4.206056118011475,-0.49923175573349,1.9430445432662964,-5.186763763427734,-3.4178717136383057,-3.8061838150024414,2.461470127105713,-0.9741001129150391,,,,,,,,,,
m3_4_03,4,simple,float,0,0,3.916152000427246,-5.5486273765563965,-4.009795188903809,-0.7636200189590454,-0.7680176496505737,-5.404515266418457,-1.4494824409484863,-4.228855133056641,2.541383981704712,-2.5359649658203125,,,,,,,,,,
m3_4_04,4,simple,float,8,0,2.185337781906128,-6.280977249145508,-2.327366590499878,-0.12906068563461304,1.4976272583007812,-6.813357830047607,-2.8456642627716064,-4.686578750610352,4.534987926483154,-1.3011913299560547,,,,,,,,,,
m3_4_05,4,simple,float,4,1,-0.6350448131561279,-6.725486755371094,-3.255563497543335,1.0192666053771973,4.602403163909912,-5.870711326599121,-5.67899227142334,-3.6928513050079346,4.240426063537598,1.9342609643936157,,,,,,,,,,
m3_5_01,5,simple,float,8,0,2.650839328765869,-8.497468948364258,-3.1611337661743164,1.0614285469055176,-0.7212134599685669,-4.881460189819336,-1.9481897354125977,-3.473392963409424,4.430705547332764,0.7445290684700012,,,,,,,,,,
m3_5_02,5,simple,float,8,0,2.263585090637207,-11.110908508300781,-3.9535772800445557,0.1311611831188202,0.27198290824890137,-3.6313235759735107,-0.04561054706573486,-3.484463930130005,4.811886310577393,0.992440938949585,,,,,,,,,,
m3_5_03,5,simple,float,4,0,1.1075000762939453,-6.333662033081055,-4.682452201843262,-1.755183458328247,3.713094711303711,-4.70722770690918,-2.4334418773651123,-4.424280166625977,1.8034849166870117,0.35325324535369873,,,,,,,,,,
m3_5_04,5,simple,float,8,0,1.63677179813385,-6.214019298553467,-4.499874114990234,-0.1312606930732727,1.5154175758361816,-4.811958312988281,-1.9350444078445435,-4.485960960388184,3.329436779022217,0.29616835713386536,,,,,,,,,,
m3_5_05,5,simple,float,8,0,2.178717613220215,-7.392171382904053,-6.3400726318359375,-0.5285998582839966,1.1419881582260132,-2.511481285095215,1.297682285308838,-5.071925640106201,2.8865792751312256,-1.764394760131836,,,,,,,,,,
m3_6_01,6,simple,float,8,0,2.0444588661193848,-4.716182708740234,-4.00291109085083,-2.159984588623047,1.8824249505996704,-6.514636039733887,-3.0791053771972656,-3.3649935722351074,2.316869020462036,-1.0591866970062256,,,,,,,,,,
m3_6_02,6,simple,float,4,0,1.9393835067749023,-5.108806610107422,-3.9025051593780518,-1.473628044128418,2.197934627532959,-5.472351551055908,-2.33260440826416,-4.169057369232178,2.114279270172119,-0.7425771355628967,,,,,,,,,,
m3_6_03,6,simple,float,8,0,2.655683994293213,-6.929070472717285,-4.42104434967041,0.3978137671947479,1.3071544170379639,-4.861847877502441,-1.6128809452056885,-5.482639312744141,2.841705799102783,-0.0658363401889801,,,,,,,,,,
m3_6_04,6,simple,float,8,0,2.0569639205932617,-6.447347164154053,-4.8796539306640625,-0.5710890293121338,1.460612177848816,-4.4911017417907715,-1.7710912227630615,-4.217926979064941,2.7651865482330322,0.09870347380638123,,,,,,,,,,
m3_6_05,6,simple,float,8,0,2.0780458450317383,-6.359729766845703,-4.540850639343262,-0.4290883243083954,1.332318663597107,-5.133976936340332,-2.249192476272583,-3.6861073970794678,2.9093329906463623,-0.41387423872947693,,,,,,,,,,
m3_7_01,7,simple,float,8,0,2.0495903491973877,-4.703971862792969,-5.177923202514648,-1.8928943872451782,0.7686187028884888,-4.820163726806641,-1.9053597450256348,-3.4707822799682617,3.053039073944092,-1.3401355743408203,,,,,,,,,,
m3_7_02,7,simple,float,8,0,2.9523158073425293,-7.383306503295898,-4.623652935028076,0.29112139344215393,-0.5814172029495239,-5.107337951660156,-2.0970141887664795,-3.2220375537872314,3.4404220581054688,-0.16303300857543945,,,,,,,,,,
m3_7_03,7,simple,float,8,0,2.541301965713501,-6.7316975593566895,-5.119814872741699,-0.2820432186126709,0.24375438690185547,-5.06334114074707,-2.2319729328155518,-3.5089592933654785,3.286855697631836,-0.5238819122314453,,,,,,,,,,
m3_7_04,7,simple,float,8,0,1.3520174026489258,-4.570433139801025,-5.085923194885254,-2.0393495559692383,1.9883877038955688,-4.971229076385498,-3.0054516792297363,-3.3892011642456055,2.0641963481903076,-0.0047980546951293945,,,,,,,,,,
m3_7_05,7,simple,float,8,0,2.4368929862976074,-6.442004680633545,-5.131699562072754,-0.09423035383224487,0.43216609954833984,-4.997534275054932,-2.4965932369232178,-3.7643985748291016,2.6591076850891113,0.2847384810447693,,,,,,,,,,
m3_8_01,8,simple,float,8,1,2.351754665374756,-6.827725410461426,-2.6957011222839355,-0.012875199317932129,0.7752782106399536,-5.790201187133789,-2.073848009109497,-4.335994720458984,4.122462749481201,-0.38095030188560486,,,,,,,,,,
m3_8_02,8,simple,float,8,1,2.7308175563812256,-6.489530563354492,-3.7812373638153076,-0.6435791850090027,0.08039665222167969,-5.430724143981934,-1.4722392559051514,-3.257552146911621,3.355616569519043,-1.187035322189331,,,,,,,,,,
m3_8_03,8,simple,float,8,1,3.0939249992370605,-5.972155570983887,-2.4466772079467773,-0.2219301462173462,-0.41108715534210205,-6.462083339691162,-2.8024985790252686,-3.594723701477051,3.7009503841400146,-1.2517248392105103,,,,,,,,,,
m3_8_04,8,simple,float,8,1,1.9564292430877686,-5.09107780456543,-2.483668565750122,-1.8767855167388916,1.8478330373764038,-6.5682830810546875,-2.9330458641052246,-4.120150566101074,3.581632614135742,-1.3573124408721924,,,,,,,,,,
m3_8_05,8,simple,float,8,1,2.0906670093536377,-5.7038493156433105,-3.074519634246826,-0.37452417612075806,1.9606170654296875,-6.096962928771973,-3.135560989379883,-4.008688449859619,2.7739028930664062,-0.7021088600158691,,,,,,,,,,
m3_9_01,9,simple,float,8,0,1.3456063270568848,-4.432347297668457,-4.931980133056641,-0.9213969707489014,2.3246917724609375,-5.13085412979126,-2.136981964111328,-4.233575820922852,2.40251088142395,-1.81938636302948,,,,,,,,,,
m3_9_02,9,simple,float,0,0,2.548567771911621,-5.016148567199707,-3.587726593017578,-1.094642996788025,0.6601300239562988,-5.868320941925049,-3.098788022994995,-3.0390400886535645,2.4326815605163574,-1.5406303405761719,,,,,,,,,,
m3_9_03,9,simple,float,8,0,1.7419331073760986,-5.233438968658447,-4.429777145385742,-0.17631912231445312,2.2839207649230957,-5.2892231941223145,-2.7606987953186035,-4.219801902770996,2.481921911239624,-1.3825489282608032,,,,,,,,,,
m3_9_04,9,simple,float,8,0,2.130650043487549,-6.213637828826904,-4.416756629943848,-0.0065517425537109375,1.3528820276260376,-5.647359848022461,-2.9481191635131836,-4.545010566711426,3.1530611515045166,-0.07497864961624146,,,,,,,,,,
m3_9_05,9,simple,float,8,0,1.4299774169921875,-5.283276081085205,-3.98417329788208,-1.4430125951766968,1.8797396421432495,-5.7848005294799805,-3.7117276191711426,-3.185080051422119,2.6447532176971436,-0.029059112071990967,,,,,,,,,,
m7_0_01,0,simple,float,4,0,1.2325550317764282,-3.3956313133239746,-4.762772560119629,-1.927177906036377,2.872460126876831,-4.821207046508789,-2.920360803604126,-3.821247100830078,1.1931031942367554,-0.8883630037307739,,,,,,,,,,
m7_0_02,0,simple,float,4,0,1.4131611585617065,-3.4999570846557617,-4.859315872192383,-1.46120023727417,2.654132604598999,-4.538954734802246,-2.70314884185791,-4.003496170043945,1.1563868522644043,-1.0299005508422852,,,,,,,,,,
m7_0_03,0,simple,float,4,0,1.5243927240371704,-4.07505989074707,-4.5356645584106445,-1.363416314125061,2.3248300552368164,-4.794329643249512,-2.827207326889038,-3.528513193130493,1.4370167255401611,-0.6581724286079407,,,,,,,,,,
m7_0_04,0,simple,float,4,0,1.1198158264160156,-3.4713945388793945,-4.846550941467285,-1.5671268701553345,2.9651331901550293,-4.787652969360352,-2.968693971633911,-3.6598639488220215,1.0351532697677612,-0.8094471096992493,,,,,,,,,,
m7_0_05,0,simple,float,4,0,1.5929923057556152,-3.8892297744750977,-4.892160892486572,-1.4726366996765137,2.4210104942321777,-4.503752708435059,-2.526794195175171,-4.152671813964844,1.3658822774887085,-0.7452545762062073,,,,,,,,,,
m7_1_01,1,simple,float,4,0,1.5273878574371338,-3.8580050468444824,-4.573088645935059,-1.4870316982269287,2.4043288230895996,-4.552489280700684,-2.624541997909546,-3.776078701019287,1.4598534107208252,-0.8511122465133667,,,,,,,,,,
m7_1_02,1,simple,float,4,0,1.7125039100646973,-4.009181976318359,-4.634921073913574,-1.233036994934082,2.1087350845336914,-4.611594200134277,-2.7704246044158936,-3.7384443283081055,1.4754887819290161,-0.7495220899581909,,,,,,,,,,
m7_1_03,1,simple,float,4,0,1.6369304656982422,-3.711899757385254,-4.6545915603637695,-1.4247533082962036,2.208986759185791,-4.555403709411621,-2.716897964477539,-3.6875357627868652,1.2965152263641357,-0.970852792263031,,,,,,,,,,
m7_1_04,1,simple,float,4,0,1.4037563800811768,-3.7051563262939453,-4.706264019012451,-1.7542881965637207,2.6838607788085938,-4.719815731048584,-2.8972702026367188,-3.7435779571533203,1.2894096374511719,-0.7776484489440918,,,,,,,,,,
m7_1_05,1,simple,float,4,0,1.6041157245635986,-3.9598143100738525,-4.597511291503906,-1.2161155939102173,2.2749080657958984,-4.611994743347168,-2.794095039367676,-3.7793540954589844,1.5207571983337402,-0.8006770014762878,,,,,,,,,,
m7_2_01,2,simple,float,4,0,1.5701723098754883,-4.2450079917907715,-4.433618545532227,-1.0263863801956177,2.422450542449951,-4.76595401763916,-2.803345203399658,-3.977332592010498,1.7756922245025635,-0.6650633811950684,,,,,,,,,,
m7_2_02,2,simple,float,4,0,1.2877024412155151,-3.9611411094665527,-4.438619613647461,-1.6359220743179321,2.7599472999572754,-4.854788780212402,-2.934838056564331,-3.529888868331909,1.4148043394088745,-0.5909423828125,,,,,,,,,,
m7_2_03,2,simple,float,4,0,1.5521847009658813,-4.330964088439941,-4.490846633911133,-1.4763160943984985,2.458010196685791,-5.059365749359131,-2.776711940765381,-3.836505889892578,1.8798407316207886,-0.47761765122413635,,,,,,,,,,
m7_2_04,2,simple,float,4,0,1.7285840511322021,-4.365017414093018,-4.580564022064209,-1.1975175142288208,2.2500858306884766,-4.6832804679870605,-2.596580982208252,-3.707437038421631,1.645720362663269,-0.7871412038803101,,,,,,,,,,
m7_2_05,2,simple,float,4,0,1.7131556272506714,-4.048538684844971,-4.434175491333008,-1.3868629932403564,2.3507020473480225,-4.946712017059326,-2.8612349033355713,-3.798715114593506,1.5073493719100952,-0.8447861671447754,,,,,,,,,,
m7_3_01,3,simple,float,8,0,1.8085198402404785,-4.815064907073975,-4.437786102294922,-0.5878041982650757,1.576356053352356,-5.0991973876953125,-2.8154830932617188,-3.626481056213379,2.5892131328582764,-0.6432865858078003,,,,,,,,,,
m7_3_02,3,simple,float,4,0,1.4535669088363647,-4.691398620605469,-4.7673163414001465,-0.9061751365661621,2.528627872467041,-4.688740253448486,-2.804849147796631,-3.8317251205444336,1.7817052602767944,-0.38005495071411133,,,,,,,,,,
m7_3_03,3,simple,float,4,0,1.7331459522247314,-4.210094451904297,-4.533182621002197,-1.1868644952774048,1.8981177806854248,-4.819247722625732,-2.477550983428955,-3.602141857147217,1.7942699193954468,-0.9654533267021179,,,,,,,,,,
m7_3_04,3,simple,float,0,0,1.830392599105835,-4.519923686981201,-4.515063285827637,-0.8039811849594116,1.8250993490219116,-4.798614025115967,-2.6288139820098877,-3.7191359996795654,1.7526819705963135,-0.6619635224342346,,,,,,,,,,
m7_3_05,3,simple,float,4,0,1.836667776107788,-4.46951961517334,-4.346416473388672,-0.9664380550384521,1.8507425785064697,-4.83670711517334,-2.7351760864257812,-3.6796634197235107,1.7640215158462524,-0.6130653619766235,,,,,,,,,,
m7_4_01,4,simple,float,4,1,1.6687685251235962,-4.21614933013916,-4.55424690246582,-1.3231604099273682,2.3917393684387207,-4.664592742919922,-2.751450777053833,-3.932232141494751,1.4788355827331543,-0.5548139214515686,,,,,,,,,,
m7_4_02,4,simple,float,4,1,1.6870431900024414,-4.130887031555176,-4.2950663566589355,-1.2157987356185913,2.3031833171844482,-4.823620319366455,-2.843755006790161,-3.935331344604492,1.733373761177063,-0.7687435150146484,,,,,,,,,,
m7_4_03,4,simple,float,4,1,1.556270718574524,-3.9295883178710938,-4.615045070648193,-1.2810711860656738,2.303133964538574,-4.80279541015625,-3.033508777618408,-3.934051036834717,1.543062686920166,-0.6057723760604858,,,,,,,,,,
m7_4_04,4,simple,float,4,1,1.5214189291000366,-3.951017379760742,-4.531221866607666,-1.0883535146713257,2.3907406330108643,-4.628865718841553,-2.9734883308410645,-3.985593795776367,1.5373731851577759,-0.6472996473312378,,,,,,,,,,
m7_4_05,4,simple,float,4,1,1.6539744138717651,-3.9323678016662598,-4.467838287353516,-1.2257156372070312,2.237586498260498,-4.7746686935424805,-2.998345136642456,-3.8634657859802246,1.5172117948532104,-0.6741669178009033,,,,,,,,,,
m7_5_01,5,simple,float,8,0,1.826094627380371,-4.970620632171631,-4.7323713302612305,-0.8028900623321533,1.6592261791229248,-4.554430961608887,-1.9115560054779053,-4.149991512298584,2.5019302368164062,-0.40835073590278625,,,,,,,,,,
m7_5_02,5,simple,float,0,0,1.9917360544204712,-5.059635162353516,-4.305770397186279,-0.7600630521774292,1.434412956237793,-4.24887752532959,-2.2349300384521484,-3.528773784637451,1.7336758375167847,-0.33993464708328247,,,,,,,,,,
m7_5_03,5,simple,float,4,0,1.3064414262771606,-4.533200263977051,-4.464765548706055,-1.2571481466293335,2.487617015838623,-4.871589660644531,-3.077746629714966,-3.6026017665863037,1.8800297975540161,-0.13257548213005066,,,,,,,,,,
m7_5_04,5,simple,float,4,0,1.6423943042755127,-4.559531211853027,-4.380152702331543,-1.0802178382873535,2.0887889862060547,-4.653665542602539,-2.708366632461548,-3.6996006965637207,1.8350993394851685,-0.351047158241272,,,,,,,,,,
m7_5_05,5,simple,float,4,0,1.4749460220336914,-3.9146554470062256,-4.588539123535156,-1.3275253772735596,2.571669101715088,-4.759562015533447,-2.940491199493408,-3.8719334602355957,1.3890838623046875,-0.6508966684341431,,,,,,,,,,
m7_6_01,6,simple,float,4,0,1.7242271900177002,-4.169435501098633,-4.602668762207031,-1.2059382200241089,2.2031569480895996,-4.778061866760254,-2.718686580657959,-3.971163749694824,1.6190528869628906,-0.7543556690216064,,,,,,,,,,
m7_6_02,6,simple,float,4,0,1.541348934173584,-4.1621551513671875,-4.355494976043701,-1.33066987991333,2.458028793334961,-4.738155841827393,-3.016366481781006,-3.5961549282073975,1.4666439294815063,-0.5703983306884766,,,,,,,,,,
m7_6_03,6,simple,float,4,0,1.6853997707366943,-4.049219131469727,-4.536913871765137,-1.0729705095291138,2.202040672302246,-4.832990646362305,-2.7982773780822754,-3.8844504356384277,1.6269241571426392,-0.7838077545166016,,,,,,,,,,
m7_6_04,6,simple,float,4,0,1.523862361907959,-4.031400680541992,-4.748990058898926,-1.2642128467559814,2.416713237762451,-4.765275478363037,-2.832498550415039,-3.884575843811035,1.4796751737594604,-0.7090798020362854,,,,,,,,,,
m7_6_05,6,simple,float,4,0,1.682632565498352,-4.28492546081543,-4.596617698669434,-1.266102910041809,2.2368502616882324,-4.780585765838623,-2.921654462814331,-3.8587403297424316,1.645531177520752,-0.4797099530696869,,,,,,,,,,
m7_7_01,7,simple,float,4,0,1.7189269065856934,-3.9250688552856445,-4.685583591461182,-1.2806178331375122,1.9753705263137817,-4.66865348815918,-2.7548859119415283,-3.7305822372436523,1.5000897645950317,-0.7594530582427979,,,,,,,,,,
m7_7_02,7,simple,float,0,0,1.9718371629714966,-4.356841087341309,-4.795705795288086,-0.8726149797439575,1.4784294366836548,-4.518613815307617,-2.5738677978515625,-3.770167350769043,1.6497620344161987,-0.5301331281661987,,,,,,,,,,
m7_7_03,7,simple,float,0,0,1.9653000831604004,-4.4738240242004395,-4.565408706665039,-0.7227100133895874,1.465643048286438,-4.744384765625,-2.551663398742676,-3.9168481826782227,1.8750762939453125,-0.4683653712272644,,,,,,,,,,
m7_7_04,7,simple,float,4,0,1.7678725719451904,-4.580321311950684,-4.721073150634766,-0.8765528202056885,1.9464678764343262,-4.575909614562988,-2.66443133354187,-3.875885009765625,1.786294937133789,-0.3457905352115631,,,,,,,,,,
m7_7_05,7,simple,float,4,0,1.6712146997451782,-4.039499282836914,-4.531139373779297,-1.3535441160202026,2.1059021949768066,-4.873981475830078,-2.9978137016296387,-3.5272226333618164,1.4130182266235352,-0.6391859650611877,,,,,,,,,,
m7_8_01,8,simple,float,4,0,1.294589877128601,-4.642467498779297,-4.4504876136779785,-1.417250394821167,3.110727071762085,-4.8015031814575195,-3.0432300567626953,-4.01384973526001,1.574587106704712,0.05640414357185364,,,,,,,,,,
m7_8_02,8,simple,float,4,0,1.6551283597946167,-4.120810508728027,-4.705868721008301,-1.1495754718780518,2.292788028717041,-4.635536193847656,-2.563779354095459,-3.955869197845459,1.489639401435852,-0.7090933322906494,,,,,,,,,,
m7_8_03,8,simple,float,0,0,1.9516193866729736,-4.467648983001709,-4.375219345092773,-1.1867843866348267,1.716941475868225,-4.7104716300964355,-2.3641152381896973,-3.770646333694458,1.8192700147628784,-0.7006685137748718,,,,,,,,,,
m7_8_04,8,simple,float,0,0,1.9973795413970947,-4.712396621704102,-4.501760482788086,-0.8287833333015442,1.663655161857605,-4.706442356109619,-2.3418219089508057,-3.90234375,1.8806930780410767,-0.6000815629959106,,,,,,,,,,
m7_8_05,8,simple,float,0,0,2.168973207473755,-4.85653018951416,-4.392765998840332,-0.8622251152992249,1.305117130279541,-4.506493091583252,-1.9193217754364014,-3.8965158462524414,2.0533242225646973,-0.7390006184577942,,,,,,,,,,
m7_9_01,9,simple,float,4,0,1.8386082649230957,-4.466342449188232,-4.708341598510742,-1.0368735790252686,2.0341668128967285,-4.470570087432861,-2.3627705574035645,-3.9268012046813965,1.514543890953064,-0.6208338141441345,,,,,,,,,,
m7_9_02,9,simple,float,4,0,1.5746819972991943,-4.116115093231201,-4.2024006843566895,-1.5529365539550781,2.336737632751465,-4.937711238861084,-2.9644315242767334,-3.506216526031494,1.5187381505966187,-0.685577929019928,,,,,,,,,,
m7_9_03,9,simple,float,4,0,1.7042806148529053,-4.15505838394165,-4.532346725463867,-1.2219011783599854,2.216543197631836,-4.732507228851318,-2.6357765197753906,-3.871140956878662,1.473635196685791,-0.7616922855377197,,,,,,,,,,
m7_9_04,9,simple,float,4,0,1.5946301221847534,-4.25009822845459,-4.594790458679199,-1.3627843856811523,2.2522778511047363,-4.683892250061035,-2.686314105987549,-3.682872772216797,1.4728840589523315,-0.5498335361480713,,,,,,,,,,
m7_9_05,9,simple,float,4,0,1.8402047157287598,-4.87615966796875,-4.674569606781006,-1.2341963052749634,2.0104856491088867,-4.58249568939209,-2.368896484375,-3.9007818698883057,1.6558568477630615,-0.2697977125644684,,,,,,,,,,
m1_0_01,0,simple,fixed,0,1,,,,,,,,,,,98,-244,-65,34,-42,-109,-49,-82,65,44
m1_0_02,0,simple,fixed,0,1,,,,,,,,,,,97,-274,-55,32,-36,-114,-70,-89,79,70
m1_0_03,0,simple,fixed,0,1,,,,,,,,,,,96,-272,-74,24,-32,-104,-38,-97,84,61
m1_0_04,0,simple,fixed,0,1,,,,,,,,,,,102,-243,-89,23,-49,-100,-41,-78,77,45
m1_0_05,0,simple,fixed,0,1,,,,,,,,,,,106,-248,-56,29,-60,-117,-57,-80,75,49
m1_1_01,1,simple,fixed,8,0,,,,,,,,,,,80,-228,-20,19,22,-148,-83,-119,120,9
m1_1_02,1,simple,fixed,0,0,,,,,,,,,,,60,-82,-106,-82,17,-139,-118,-13,-2,-53
m1_1_03,1,simple,fixed,0,0,,,,,,,,,,,53,-89,-111,-74,13,-150,-125,-3,16,-47
m1_1_04,1,simple,fixed,0,0,,,,,,,,,,,52,-77,-114,-68,23,-127,-120,-17,-10,-41
m1_1_05,1,simple,fixed,0,0,,,,,,,,,,,45,-61,-121,-87,28,-120,-104,-14,-14,-50
m1_2_01,2,simple,fixed,8,0,,,,,,,,,,,31,-243,-28,50,53,-140,-114,-106,175,34
m1_2_02,2,simple,fixed,8,0,,,,,,,,,,,67,-216,-50,16,24,-107,-81,-98,129,3
m1_2_03,2,simple,fixed,8,0,,,,,,,,,,,59,-212,-51,-1,40,-132,-75,-89,115,14
m1_2_04,2,simple,fixed,8,0,,,,,,,,,,,53,-198,-36,29,24,-131,-90,-79,121,10
m1_2_05,2,simple,fixed,8,0,,,,,,,,,,,53,-144,-73,1,28,-88,-90,-62,73,-4
m1_3_01,3,simple,fixed,8,0,,,,,,,,,,,57,-256,-91,41,43,-93,-35,-116,101,32
m1_3_02,3,simple,fixed,8,0,,,,,,,,,,,72,-251,-43,33,28,-118,-78,-81,100,35
m1_3_03,3,simple,fixed,8,0,,,,,,,,,,,95,-247,-38,28,-23,-121,-58,-72,102,19
m1_3_04,3,simple,fixed,8,0,,,,,,,,,,,74,-243,-55,24,25,-97,-48,-94,88,27
m1_3_05,3,simple,fixed,8,0,,,,,,,,,,,74,-214,-53,26,16,-115,-60,-83,84,23
m1_4_01,4,simple,fixed,8,0,,,,,,,,,,,92,-236,-35,33,-37,-110,-46,-82,96,17
m1_4_02,4,simple,fixed,8,0,,,,,,,,,,,78,-228,-45,22,3,-112,-39,-95,80,21
m1_4_03,4,simple,fixed,8,0,,,,,,,,,,,81,-235,-37,53,-21,-129,-81,-81,93,38
m1_4_04,4,simple,fixed,8,0,,,,,,,,,,,83,-212,-49,34,-43,-101,-34,-70,89,-4
m1_4_05,4,simple,fixed,0,0,,,,,,,,,,,70,-184,-54,9,-26,-99,-37,-51,63,-5
m1_5_01,5,simple,fixed,8,0,,,,,,,,,,,60,-261,-79,-6,10,-61,0,-106,81,67
m1_5_02,5,simple,fixed,8,0,,,,,,,,,,,61,-306,-97,32,15,-61,3,-127,126,57
m1_5_03,5,simple,fixed,8,0,,,,,,,,,,,40,-282,-37,-5,-1,-70,-8,-108,115,80
m1_5_04,5,simple,fixed,8,0,,,,,,,,,,,74,-243,-87,8,6,-64,-5,-104,83,39
m1_5_05,5,simple,fixed,8,0,,,,,,,,,,,61,-257,-94,25,5,-62,12,-121,123,30
m1_6_01,6,simple,fixed,8,0,,,,,,,,,,,63,-180,-106,-10,47,-112,-55,-97,80,5
m1_6_02,6,simple,fixed,8,0,,,,,,,,,,,50,-303,-105,54,52,-99,-55,-144,128,106
m1_6_03,6,simple,fixed,8,0,,,,,,,,,,,72,-301,-105,51,35,-86,-25,-154,118,85
m1_6_04,6,simple,fixed,8,0,,,,,,,,,,,64,-242,-113,44,29,-79,-17,-136,102,47
m1_6_05,6,simple,fixed,8,0,,,,,,,,,,,70,-265,-115,50,22,-77,-10,-146,110,55
m1_7_01,7,simple,fixed,0,0,,,,,,,,,,,80,-185,-40,9,-79,-133,-86,19,58,-6
m1_7_02,7,simple,fixed,0,0,,,,,,,,,,,103,-196,-35,-15,-108,-108,-68,9,57,-11
m1_7_03,7,simple,fixed,0,0,,,,,,,,,,,78,-177,-3,9,-76,-137,-92,9,49,-3
m1_7_04,7,simple,fixed,8,0,,,,,,,,,,,71,-170,-55,-9,-67,-108,-56,-7,74,-9
m1_7_05,7,simple,fixed,0,0,,,,,,,,,,,56,-132,-41,-11,-54,-126,-83,17,53,-22
m1_8_01,8,simple,fixed,8,1,,,,,,,,,,,77,-233,-24,45,9,-99,-57,-103,88,34
m1_8_02,8,simple,fixed,8,1,,,,,,,,,,,72,-271,-57,48,9,-80,-7,-135,118,16
m1_8_03,8,simple,fixed,8,1,,,,,,,,,,,52,-262,-21,55,25,-108,-94,-104,115,74
m1_8_04,8,simple,fixed,8,1,,,,,,,,,,,64,-247,-42,39,22,-88,-68,-90,81,60
m1_8_05,8,simple,fixed,8,1,,,,,,,,,,,51,-213,-42,9,22,-87,-61,-57,60,39
m1_9_01,9,simple,fixed,8,0,,,,,,,,,,,65,-252,-5,41,-27,-128,-80,-82,105,59
m1_9_02,9,simple,fixed,8,0,,,,,,,,,,,84,-256,-13,41,-51,-141,-74,-81,116,47
m1_9_03,9,simple,fixed,8,0,,,,,,,,,,,65,-278,-17,63,-48,-134,-83,-91,140,69
m1_9_04,9,simple,fixed,8,0,,,,,,,,,,,60,-253,-4,57,-25,-138,-93,-86,116,68
m1_9_05,9,simple,fixed,8,0,,,,,,,,,,,79,-217,-11,21,-31,-139,-52,-91,85,30
m6_0_01,0,simple,fixed,8,0,,,,,,,,,,,87,-192,-116,15,-40,-123,-40,-90,101,-5
m6_0_02,0,simple,fixed,0,1,,,,,,,,,,,102,-246,-98,-6,-25,-138,-33,-82,73,23
m6_0_03,0,simple,fixed,0,1,,,,,,,,,,,104,-215,-129,16,-78,-99,-2,-79,90,-15
m6_0_04,0,simple,fixed,0,1,,,,,,,,,,,86,-214,-103,-22,12,-130,-42,-90,47,17
m6_0_05,0,simple,fixed,8,0,,,,,,,,,,,76,-151,-156,16,-39,-82,7,-127,88,-48
m6_1_01,1,simple,fixed,4,0,,,,,,,,,,,27,-85,-125,-41,78,-131,-99,-103,43,-20
m6_1_02,1,simple,fixed,4,0,,,,,,,,,,,27,-78,-155,-32,67,-104,-94,-92,31,-33
m6_1_03,1,simple,fixed,4,0,,,,,,,,,,,48,-112,-133,-19,52,-138,-79,-106,43,-31
m6_1_04,1,simple,fixed,0,0,,,,,,,,,,,65,-102,-131,-24,23,-128,-83,-86,29,-50
m6_1_05,1,simple,fixed,0,0,,,,,,,,,,,70,-117,-139,-13,22,-118,-64,-99,37,-54
m6_2_01,2,simple,fixed,8,0,,,,,,,,,,,47,-114,-119,-27,7,-133,-59,-121,104,-26
m6_2_02,2,simple,fixed,8,0,,,,,,,,,,,60,-131,-147,12,-17,-98,-30,-98,89,-66
m6_2_03,2,simple,fixed,8,0,,,,,,,,,,,71,-143,-110,-25,6,-133,-41,-133,92,-22
m6_2_04,2,simple,fixed,8,0,,,,,,,,,,,74,-178,-84,-3,15,-128,-89,-104,98,2
m6_2_05,2,simple,fixed,4,0,,,,,,,,,,,64,-174,-113,-35,70,-115,-68,-103,53,-1
m6_3_01,3,simple,fixed,0,0,,,,,,,,,,,70,-183,-100,-15,27,-123,-64,-101,70,11
m6_3_02,3,simple,fixed,8,0,,,,,,,,,,,38,-152,-99,-38,48,-138,-118,-52,56,13
m6_3_03,3,simple,fixed,4,0,,,,,,,,,,,51,-181,-133,-44,53,-130,-86,-81,46,22
m6_3_04,3,simple,fixed,8,0,,,,,,,,,,,73,-188,-74,-14,41,-150,-76,-91,75,-19
m6_3_05,3,simple,fixed,0,0,,,,,,,,,,,61,-132,-102,-39,44,-132,-88,-81,42,-24
m6_4_01,4,simple,fixed,0,0,,,,,,,,,,,110,-216,-138,30,-40,-120,-45,-108,90,-3
m6_4_02,4,simple,fixed,8,0,,,,,,,,,,,28,-159,-110,4,68,-139,-111,-88,71,12
m6_4_03,4,simple,fixed,4,1,,,,,,,,,,,1,-129,-109,-13,79,-140,-134,-62,70,19
m6_4_04,4,simple,fixed,0,0,,,,,,,,,,,81,-221,-115,15,10,-120,-70,-93,64,25
m6_4_05,4,simple,fixed,8,0,,,,,,,,,,,31,-142,-80,-11,28,-147,-141,-39,64,13
m6_5_01,5,simple,fixed,8,0,,,,,,,,,,,50,-188,-95,-32,28,-134,-83,-84,87,36
m6_5_02,5,simple,fixed,8,0,,,,,,,,,,,47,-167,-113,-32,36,-127,-86,-86,76,18
m6_5_03,5,simple,fixed,8,0,,,,,,,,,,,63,-212,-90,-25,-8,-141,-67,-41,97,6
m6_5_04,5,simple,fixed,8,0,,,,,,,,,,,65,-191,-111,-20,26,-120,-66,-93,72,11
m6_5_05,5,simple,fixed,8,0,,,,,,,,,,,47,-135,-81,-19,49,-160,-95,-102,72,-11
m6_6_01,6,simple,fixed,8,0,,,,,,,,,,,42,-179,-138,6,56,-116,-90,-120,71,40
m6_6_02,6,simple,fixed,8,0,,,,,,,,,,,71,-156,-131,0,22,-130,-76,-114,77,-13
m6_6_03,6,simple,fixed,0,0,,,,,,,,,,,82,-173,-130,11,-3,-127,-53,-101,75,-20
m6_6_04,6,simple,fixed,8,0,,,,,,,,,,,56,-192,-133,-21,56,-124,-76,-114,61,35
m6_6_05,6,simple,fixed,4,0,,,,,,,,,,,30,-133,-126,-13,65,-134,-103,-104,65,9
m6_7_01,7,simple,fixed,8,0,,,,,,,,,,,61,-175,-73,13,-2,-156,-99,-62,83,4
m6_7_02,7,simple,fixed,8,0,,,,,,,,,,,53,-143,-90,-48,26,-159,-103,-58,74,-12
m6_7_03,7,simple,fixed,8,0,,,,,,,,,,,70,-164,-55,7,-8,-165,-121,-66,82,-5
m6_7_04,7,simple,fixed,8,0,,,,,,,,,,,85,-214,-56,-2,-43,-151,-72,-43,91,3
m6_7_05,7,simple,fixed,0,0,,,,,,,,,,,62,-158,-100,-29,18,-137,-80,-66,59,-9
m6_8_01,8,simple,fixed,0,0,,,,,,,,,,,67,-164,-125,-39,38,-135,-46,-67,26,-32
m6_8_02,8,simple,fixed,0,0,,,,,,,,,,,101,-216,-116,6,-25,-105,-20,-99,74,-5
m6_8_03,8,simple,fixed,8,1,,,,,,,,,,,37,-188,-88,10,53,-125,-114,-85,72,50
m6_8_04,8,simple,fixed,0,0,,,,,,,,,,,102,-217,-112,-1,-37,-97,-17,-86,72,-5
m6_8_05,8,simple,fixed,0,0,,,,,,,,,,,105,-220,-96,16,-43,-116,-32,-88,72,-3
m6_9_01,9,simple,fixed,8,0,,,,,,,,,,,72,-171,-123,-3,6,-124,-49,-90,74,-20
m6_9_02,9,simple,fixed,0,0,,,,,,,,,,,62,-168,-114,-14,29,-128,-74,-87,39,9
m6_9_03,9,simple,fixed,0,0,,,,,,,,,,,77,-170,-89,-7,0,-146,-93,-64,54,-4
m6_9_04,9,simple,fixed,8,0,,,,,,,,,,,66,-210,-72,-15,14,-134,-81,-88,69,41
m6_9_05,9,simple,fixed,8,0,,,,,,,,,,,63,-180,-101,-13,24,-131,-78,-93,67,22
m8_0_01,0,simple,fixed,0,1,,,,,,,,,,,98,-218,-168,26,-19,-94,-36,-133,37,14
m8_1_01,1,simple,fixed,4,0,,,,,,,,,,,-23,3,-115,-184,158,-172,-142,-26,-20,-66
m8_2_01,2,simple,fixed,4,0,,,,,,,,,,,23,-97,-76,-94,103,-169,-109,-52,14,-21
m8_3_01,3,simple,fixed,8,0,,,,,,,,,,,71,-230,-160,45,-44,-55,29,-132,119,-42
m8_4_01,4,simple,fixed,4,1,,,,,,,,,,,37,-66,-104,-61,53,-108,-68,-74,24,-56
m8_5_01,5,simple,fixed,8,0,,,,,,,,,,,92,-305,-154,-8,-48,-22,87,-122,103,0
m8_6_01,6,simple,fixed,8,0,,,,,,,,,,,74,-266,-159,45,7,-91,3,-142,118,12
m8_7_01,7,simple,fixed,8,0,,,,,,,,,,,34,-120,-129,0,38,-121,-116,-56,45,-1
m8_8_01,8,simple,fixed,8,1,,,,,,,,,,,66,-226,-59,37,-27,-123,-62,-74,146,-24
m8_9_01,9,simple,fixed,8,0,,,,,,,,,,,13,-119,-4,-7,40,-189,-196,-3,69,1
m8_0_02,0,simple,fixed,0,1,,,,,,,,,,,61,-180,-104,-30,23,-128,-59,-80,58,10
m8_0_03,0,simple,fixed,8,0,,,,,,,,,,,67,-181,-121,-33,20,-117,-25,-105,72,-4
m8_0_04,0,simple,fixed,0,1,,,,,,,,,,,78,-192,-101,-13,5,-153,-59,-107,74,16
m8_0_05,0,simple,fixed,0,1,,,,,,,,,,,68,-198,-105,-2,11,-143,-82,-86,65,40
m8_1_02,1,simple,fixed,4,0,,,,,,,,,,,40,-88,-112,-53,55,-129,-89,-72,29,-31
m8_1_03,1,simple,fixed,8,0,,,,,,,,,,,61,-182,-78,-9,60,-111,-64,-123,82,-7
m8_1_04,1,simple,fixed,4,0,,,,,,,,,,,22,-67,-116,-76,75,-131,-104,-56,13,-30
m8_1_05,1,simple,fixed,4,0,,,,,,,,,,,45,-78,-99,-53,50,-133,-95,-50,13,-50
m8_2_02,2,simple,fixed,8,0,,,,,,,,,,,45,-176,-68,-26,56,-137,-114,-84,90,25
m8_2_03,2,simple,fixed,8,0,,,,,,,,,,,29,-160,-33,-46,91,-151,-129,-61,92,-9
m8_2_04,2,simple,fixed,8,0,,,,,,,,,,,63,-199,-36,0,27,-136,-104,-84,106,25
m8_2_05,2,simple,fixed,8,0,,,,,,,,,,,65,-203,-34,9,22,-158,-97,-73,114,4
m8_3_02,3,simple,fixed,4,0,,,,,,,,,,,39,-191,-87,-6,84,-116,-72,-91,54,7
m8_3_03,3,simple,fixed,8,0,,,,,,,,,,,51,-186,-74,-14,48,-125,-79,-60,60,0
m8_3_04,3,simple,fixed,0,0,,,,,,,,,,,63,-198,-66,-6,39,-122,-54,-93,62,10
m8_3_05,3,simple,fixed,8,0,,,,,,,,,,,57,-214,-72,-2,54,-104,-76,-86,69,18
m8_4_02,4,simple,fixed,4,1,,,,,,,,,,,33,-190,-62,-10,77,-129,-77,-87,76,23
m8_4_03,4,simple,fixed,4,1,,,,,,,,,,,24,-185,-86,-41,100,-132,-80,-90,64,30
m8_4_04,4,simple,fixed,8,0,,,,,,,,,,,60,-205,-59,3,35,-123,-66,-93,82,34
m8_4_05,4,simple,fixed,8,0,,,,,,,,,,,76,-228,-95,19,5,-87,-7,-107,91,13
m8_5_02,5,simple,fixed,8,0,,,,,,,,,,,47,-248,-85,-9,53,-115,-54,-94,93,54
m8_5_03,5,simple,fixed,8,0,,,,,,,,,,,54,-231,-100,-30,56,-94,-29,-114,59,43
m8_5_04,5,simple,fixed,8,0,,,,,,,,,,,48,-205,-107,-21,35,-84,-61,-66,64,44
m8_5_05,5,simple,fixed,9,0,,,,,,,,,,,35,-214,-116,-28,58,-86,-73,-63,56,59
m8_6_02,6,simple,fixed,4,0,,,,,,,,,,,24,-135,-119,-75,106,-123,-92,-86,42,12
m8_6_03,6,simple,fixed,8,0,,,,,,,,,,,50,-165,-116,-35,58,-112,-61,-104,68,17
m8_6_04,6,simple,fixed,4,0,,,,,,,,,,,35,-158,-120,-45,82,-116,-75,-107,54,30
m8_6_05,6,simple,fixed,0,0,,,,,,,,,,,59,-145,-124,-42,55,-105,-42,-106,45,-10
m8_7_02,7,simple,fixed,0,0,,,,,,,,,,,56,-136,-100,-25,20,-127,-69,-45,33,-22
m8_7_03,7,simple,fixed,0,0,,,,,,,,,,,56,-166,-88,-14,25,-129,-77,-57,56,10
m8_7_04,7,simple,fixed,4,0,,,,,,,,,,,23,-87,-116,-63,83,-116,-70,-75,29,-33
m8_7_05,7,simple,fixed,0,0,,,,,,,,,,,55,-139,-97,-11,6,-120,-77,-45,52,-17
m8_8_02,8,simple,fixed,8,1,,,,,,,,,,,63,-200,-82,-12,23,-113,-57,-84,82,19
m8_8_03,8,simple,fixed,8,1,,,,,,,,,,,46,-178,-114,-25,47,-89,-43,-86,58,32
m8_8_04,8,simple,fixed,8,1,,,,,,,,,,,49,-192,-93,-13,23,-106,-41,-78,82,35
m8_8_05,8,simple,fixed,8,1,,,,,,,,,,,49,-200,-88,-14,52,-99,-52,-91,74,40
m8_9_02,9,simple,fixed,0,0,,,,,,,,,,,58,-152,-98,-40,42,-132,-55,-70,37,-2
m8_9_03,9,simple,fixed,4,0,,,,,,,,,,,42,-125,-84,-31,57,-102,-49,-74,36,-8
m8_9_04,9,simple,fixed,0,0,,,,,,,,,,,51,-139,-80,-26,33,-104,-43,-74,34,10
m8_9_05,9,simple,fixed,0,0,,,,,,,,,,,57,-148,-76,-21,20,-105,-39,-65,36,7
m5_0_01,0,simple,fixed,0,1,,,,,,,,,,,60,-144,-92,-43,24,-133,-57,-75,44,-2
m5_0_02,0,simple,fixed,0,1,,,,,,,,,,,72,-185,-82,-12,7,-146,-77,-80,61,30
m5_0_03,0,simple,fixed,0,1,,,,,,,,,,,78,-188,-82,2,-5,-127,-65,-78,52,28
m5_0_04,0,simple,fixed,0,1,,,,,,,,,,,94,-185,-69,-17,-42,-128,-35,-53,50,1
m5_1_01,1,simple,fixed,0,0,,,,,,,,,,,51,-88,-105,-46,28,-121,-82,-51,21,-47
m5_1_02,1,simple,fixed,0,0,,,,,,,,,,,44,-91,-102,-42,28,-126,-88,-37,26,-41
m5_1_03,1,simple,fixed,0,0,,,,,,,,,,,46,-84,-105,-50,29,-119,-93,-34,10,-32
m5_1_04,1,simple,fixed,0,0,,,,,,,,,,,47,-79,-94,-53,27,-112,-84,-43,12,-37
m5_2_01,2,simple,fixed,8,0,,,,,,,,,,,61,-166,-91,-1,21,-111,-63,-84,74,3
m5_2_02,2,simple,fixed,8,0,,,,,,,,,,,83,-178,-47,15,-25,-120,-47,-79,89,-16
m5_2_03,2,simple,fixed,0,0,,,,,,,,,,,70,-159,-87,9,-7,-114,-55,-61,66,-16
m5_2_04,2,simple,fixed,8,0,,,,,,,,,,,56,-160,-48,-10,17,-131,-85,-53,83,3
m5_3_01,3,simple,fixed,0,0,,,,,,,,,,,65,-172,-78,-36,21,-104,-23,-67,49,-25
m5_3_02,3,simple,fixed,0,0,,,,,,,,,,,74,-188,-81,12,-4,-111,-48,-64,69,-1
m5_3_03,3,simple,fixed,8,0,,,,,,,,,,,55,-162,-113,-5,14,-87,-17,-79,65,-17
m5_3_04,3,simple,fixed,8,0,,,,,,,,,,,64,-195,-103,5,-4,-81,1,-87,78,-19
m5_4_01,4,simple,fixed,0,0,,,,,,,,,,,82,-196,-72,6,-23,-115,-41,-72,74,17
m5_4_02,4,simple,fixed,0,0,,,,,,,,,,,72,-217,-69,2,-10,-91,-25,-68,69,33
m5_4_03,4,simple,fixed,8,0,,,,,,,,,,,68,-175,-79,15,-1,-91,-42,-76,78,7
m5_4_04,4,simple,fixed,0,0,,,,,,,,,,,84,-213,-66,5,-24,-87,-17,-74,65,28
m5_5_01,5,simple,fixed,4,0,,,,,,,,,,,32,-170,-122,-43,69,-91,-27,-103,54,30
m5_5_02,5,simple,fixed,8,0,,,,,,,,,,,47,-184,-99,-34,38,-98,-37,-73,53,30
m5_5_03,5,simple,fixed,8,0,,,,,,,,,,,68,-208,-81,-9,-34,-82,-17,-48,75,26
m5_5_04,5,simple,fixed,8,0,,,,,,,,,,,46,-188,-88,-16,24,-98,-54,-63,52,43
m5_6_01,6,simple,fixed,8,0,,,,,,,,,,,55,-171,-109,-11,42,-100,-25,-109,65,9
m5_6_02,6,simple,fixed,8,0,,,,,,,,,,,54,-211,-99,-16,51,-118,-41,-96,88,32
m5_6_03,6,simple,fixed,0,0,,,,,,,,,,,64,-206,-89,-24,40,-106,-39,-85,60,27
m5_6_04,6,simple,fixed,8,0,,,,,,,,,,,60,-207,-95,-5,52,-102,-41,-109,62,39
m5_7_01,7,simple,fixed,0,0,,,,,,,,,,,58,-143,-70,-7,-16,-117,-76,-37,43,14
m5_7_02,7,simple,fixed,0,0,,,,,,,,,,,58,-163,-74,6,-12,-112,-55,-51,56,10
m5_7_03,7,simple,fixed,0,0,,,,,,,,,,,58,-163,-58,11,-5,-126,-76,-48,52,11
m5_7_04,7,simple,fixed,0,0,,,,,,,,,,,57,-146,-64,-9,-1,-133,-70,-40,38,2
m5_8_01,8,simple,fixed,0,0,,,,,,,,,,,59,-160,-57,-38,5,-106,-46,-55,54,17
m5_8_02,8,simple,fixed,0,0,,,,,,,,,,,55,-128,-67,-55,-5,-119,-82,2,46,-31
m5_8_03,8,simple,fixed,0,0,,,,,,,,,,,66,-166,-66,-30,-6,-111,-60,-50,66,12
m5_8_04,8,simple,fixed,8,1,,,,,,,,,,,30,-152,-70,-53,25,-130,-96,-27,58,42
m5_9_01,9,simple,fixed,0,0,,,,,,,,,,,44,-121,-57,-31,14,-114,-71,-20,21,-7
m5_9_02,9,simple,fixed,0,0,,,,,,,,,,,54,-162,-61,-14,19,-127,-83,-44,27,22
m5_9_03,9,simple,fixed,0,0,,,,,,,,,,,54,-167,-75,-18,33,-130,-77,-53,32,12
m5_9_04,9,simple,fixed,0,0,,,,,,,,,,,54,-146,-84,-42,26,-111,-57,-35,16,-9
m4_0_01,0,simple,fixed,8,0,,,,,,,,,,,66,-163,-80,-58,5,-170,-70,-75,90,4
m4_0_02,0,simple,fixed,0,1,,,,,,,,,,,76,-180,-114,-12,-11,-103,-10,-92,62,-6
m4_0_03,0,simple,fixed,0,1,,,,,,,,,,,71,-178,-105,-30,12,-164,-78,-87,61,13
m4_0_04,0,simple,fixed,8,0,,,,,,,,,,,54,-153,-114,-1,25,-140,-83,-73,62,0
m4_0_05,0,simple,fixed,8,0,,,,,,,,,,,69,-209,-92,-9,16,-131,-59,-98,77,30
m4_1_01,1,simple,fixed,0,0,,,,,,,,,,,47,-83,-95,-45,31,-134,-97,-36,21,-47
m4_1_02,1,simple,fixed,8,0,,,,,,,,,,,13,-56,-48,-17,13,-40,-9,-34,39,-26
m4_1_03,1,simple,fixed,4,0,,,,,,,,,,,6,-44,-101,-83,90,-128,-70,-53,18,-47
m4_1_04,1,simple,fixed,4,0,,,,,,,,,,,0,-203,-113,-71,146,-119,-84,-106,36,59
m4_1_05,1,simple,fixed,4,0,,,,,,,,,,,16,-63,-147,-102,103,-148,-117,-66,2,-38
m4_2_01,2,simple,fixed,4,0,,,,,,,,,,,6,-81,-72,-49,110,-155,-125,-68,27,-9
m4_2_02,2,simple,fixed,4,0,,,,,,,,,,,8,-91,-66,-109,117,-189,-149,-24,22,-11
m4_2_03,2,simple,fixed,4,0,,,,,,,,,,,-8,-89,-62,-95,157,-116,-94,-60,10,-20
m4_2_04,2,simple,fixed,4,0,,,,,,,,,,,24,-63,-61,-104,105,-181,-137,-20,-2,-54
m4_2_05,2,simple,fixed,8,0,,,,,,,,,,,39,-183,-63,34,19,-128,-97,-59,112,18
m4_3_01,3,simple,fixed,0,0,,,,,,,,,,,44,-144,-47,-12,5,-75,-14,-42,44,2
m4_3_02,3,simple,fixed,8,0,,,,,,,,,,,46,-133,-101,-14,32,-96,-30,-83,53,-2
m4_3_03,3,simple,fixed,8,0,,,,,,,,,,,65,-220,-55,16,31,-125,-63,-75,67,23
m4_3_04,3,simple,fixed,8,0,,,,,,,,,,,28,-190,-64,-1,79,-120,-62,-96,83,26
m4_3_05,3,simple,fixed,8,0,,,,,,,,,,,40,-147,-91,-24,38,-117,-74,-62,52,12
m4_4_01,4,simple,fixed,8,0,,,,,,,,,,,41,-128,-84,-19,19,-67,-8,-62,46,3
m4_4_02,4,simple,fixed,8,0,,,,,,,,,,,44,-130,-112,-64,-11,-76,16,-81,85,-34
m4_4_03,4,simple,fixed,8,0,,,,,,,,,,,51,-139,-112,-38,29,-121,-44,-81,61,-20
m4_4_04,4,simple,fixed,0,0,,,,,,,,,,,49,-127,-133,-42,23,-105,-45,-73,43,-17
m4_4_05,4,simple,fixed,8,0,,,,,,,,,,,60,-210,-116,-5,-4,-91,-18,-89,111,13
m4_5_01,5,simple,fixed,8,0,,,,,,,,,,,2,-102,-30,6,25,-56,-40,-48,62,41
m4_5_02,5,simple,fixed,8,0,,,,,,,,,,,21,-127,-71,5,23,-76,-29,-73,75,23
m4_5_03,5,simple,fixed,8,0,,,,,,,,,,,53,-232,-116,-5,33,-75,27,-145,102,23
m4_5_04,5,simple,fixed,8,0,,,,,,,,,,,32,-254,-73,3,71,-105,-65,-104,88,88
m4_5_05,5,simple,fixed,8,0,,,,,,,,,,,11,-278,-71,59,60,-88,-62,-121,128,98
m4_6_01,6,simple,fixed,8,0,,,,,,,,,,,24,-142,-137,-29,62,-97,-34,-96,75,5
m4_6_02,6,simple,fixed,8,0,,,,,,,,,,,60,-225,-94,38,-10,-107,-16,-114,132,24
m4_6_03,6,simple,fixed,8,0,,,,,,,,,,,67,-258,-99,13,14,-78,30,-125,107,12
m4_6_04,6,simple,fixed,8,0,,,,,,,,,,,44,-120,-118,-21,39,-93,-33,-101,61,-17
m4_6_05,6,simple,fixed,0,0,,,,,,,,,,,61,-176,-116,-21,35,-106,-42,-113,61,25
m4_7_01,7,simple,fixed,4,0,,,,,,,,,,,35,-86,-99,-10,43,-95,-52,-79,33,-26
m4_7_02,7,simple,fixed,0,0,,,,,,,,,,,36,-92,-97,-46,35,-127,-86,-43,15,-18
m4_7_03,7,simple,fixed,4,0,,,,,,,,,,,24,-84,-115,-64,51,-125,-75,-43,31,-23
m4_7_04,7,simple,fixed,8,0,,,,,,,,,,,52,-142,-110,-5,10,-121,-66,-82,65,8
m4_7_05,7,simple,fixed,0,0,,,,,,,,,,,44,-100,-108,-22,31,-123,-71,-77,32,-15
m4_8_01,8,simple,fixed,4,0,,,,,,,,,,,29,-71,-93,-29,54,-99,-59,-77,28,-23
m4_8_02,8,simple,fixed,8,1,,,,,,,,,,,70,-181,-112,15,-26,-74,2,-92,83,0
m4_8_03,8,simple,fixed,8,1,,,,,,,,,,,68,-229,-74,28,6,-108,-32,-97,109,25
m4_8_04,8,simple,fixed,8,1,,,,,,,,,,,66,-138,-61,-21,15,-121,-11,-95,69,-33
m4_8_05,8,simple,fixed,8,1,,,,,,,,,,,43,-84,-104,-24,43,-96,-37,-100,46,-37
m4_9_01,9,simple,fixed,0,0,,,,,,,,,,,32,-95,-70,-27,21,-132,-100,-26,24,-7
m4_9_02,9,simple,fixed,8,0,,,,,,,,,,,61,-257,-47,33,-45,-88,-18,-82,134,47
m4_9_03,9,simple,fixed,8,0,,,,,,,,,,,53,-144,-87,-10,-12,-119,-26,-75,93,-22
m4_9_04,9,simple,fixed,8,0,,,,,,,,,,,71,-199,-95,15,-23,-116,-43,-85,78,29
m4_9_05,9,simple,fixed,8,0,,,,,,,,,,,61,-164,-93,5,-1,-105,-43,-84,73,17
m3_0_01,0,simple,fixed,4,0,,,,,,,,,,,49,-134,-156,-13,65,-164,-130,-100,59,-40
m3_0_02,0,simple,fixed,8,0,,,,,,,,,,,83,-245,-122,21,-4,-162,-84,-116,106,13
m3_0_03,0,simple,fixed,8,0,,,,,,,,,,,72,-203,-106,-8,39,-186,-92,-114,112,-30
m3_0_04,0,simple,fixed,0,1,,,,,,,,,,,86,-237,-152,29,21,-152,-85,-129,81,11
m3_0_05,0,simple,fixed,8,0,,,,,,,,,,,92,-244,-139,19,21,-177,-76,-154,114,15
m3_1_01,1,simple,fixed,0,0,,,,,,,,,,,64,-145,-175,-51,63,-164,-95,-110,42,-31
m3_1_02,1,simple,fixed,4,0,,,,,,,,,,,48,-134,-154,-37,82,-152,-97,-124,53,-26
m3_1_03,1,simple,fixed,4,0,,,,,,,,,,,59,-138,-169,-57,61,-155,-105,-94,47,-35
m3_1_04,1,simple,fixed,4,0,,,,,,,,,,,52,-135,-156,-31,79,-149,-93,-127,53,-29
m3_1_05,1,simple,fixed,4,0,,,,,,,,,,,52,-141,-126,-60,101,-181,-113,-111,56,-57
m3_2_01,2,simple,fixed,4,0,,,,,,,,,,,18,-130,-159,-92,133,-164,-120,-118,41,-1
m3_2_02,2,simple,fixed,4,0,,,,,,,,,,,18,-130,-159,-92,133,-164,-120,-118,41,-1
m3_2_03,2,simple,fixed,8,0,,,,,,,,,,,72,-236,-157,12,56,-137,-45,-155,82,-5
m3_2_04,2,simple,fixed,8,0,,,,,,,,,,,60,-189,-144,-50,78,-157,-55,-142,86,-21
m3_2_05,2,simple,fixed,8,0,,,,,,,,,,,88,-213,-79,-29,71,-193,-71,-189,103,-10
m3_3_01,3,simple,fixed,8,0,,,,,,,,,,,76,-246,-67,46,-1,-192,-101,-109,121,13
m3_3_02,3,simple,fixed,8,0,,,,,,,,,,,82,-241,-119,1,19,-159,-25,-149,123,-14
m3_3_03,3,simple,fixed,8,0,,,,,,,,,,,53,-230,-93,-5,49,-171,-92,-78,104,-9
m3_3_04,3,simple,fixed,8,0,,,,,,,,,,,54,-202,-136,17,43,-175,-85,-143,104,11
m3_3_05,3,simple,fixed,8,0,,,,,,,,,,,85,-250,-136,10,15,-127,-31,-133,111,-2
m3_4_01,4,simple,fixed,8,0,,,,,,,,,,,51,-227,-130,-23,78,-210,-159,-97,93,32
m3_4_02,4,simple,fixed,8,0,,,,,,,,,,,52,-147,-136,-14,60,-164,-108,-123,79,-30
m3_4_03,4,simple,fixed,0,0,,,,,,,,,,,126,-177,-129,-24,-27,-172,-47,-133,80,-81
m3_4_04,4,simple,fixed,8,0,,,,,,,,,,,71,-202,-73,-3,47,-219,-91,-151,146,-44
m3_4_05,4,simple,fixed,4,1,,,,,,,,,,,-19,-218,-104,36,144,-188,-183,-117,138,63
m3_5_01,5,simple,fixed,8,0,,,,,,,,,,,85,-272,-101,36,-25,-156,-63,-111,143,24
m3_5_02,5,simple,fixed,8,0,,,,,,,,,,,72,-356,-126,5,8,-117,-2,-111,154,32
m3_5_03,5,simple,fixed,4,0,,,,,,,,,,,36,-205,-149,-55,117,-151,-76,-141,58,10
m3_5_04,5,simple,fixed,8,0,,,,,,,,,,,53,-199,-144,-6,47,-153,-60,-144,106,7
m3_5_05,5,simple,fixed,8,0,,,,,,,,,,,68,-237,-204,-16,36,-79,43,-163,93,-57
m3_6_01,6,simple,fixed,8,0,,,,,,,,,,,66,-153,-128,-67,58,-208,-98,-106,75,-34
m3_6_02,6,simple,fixed,4,0,,,,,,,,,,,64,-166,-124,-46,68,-176,-74,-132,68,-24
m3_6_03,6,simple,fixed,8,0,,,,,,,,,,,86,-222,-140,12,40,-156,-51,-174,91,-4
m3_6_04,6,simple,fixed,8,0,,,,,,,,,,,65,-208,-157,-17,47,-144,-57,-135,89,3
m3_6_05,6,simple,fixed,8,0,,,,,,,,,,,66,-204,-145,-12,43,-165,-75,-116,93,-13
m3_7_01,7,simple,fixed,8,0,,,,,,,,,,,68,-153,-165,-59,20,-154,-59,-110,99,-44
m3_7_02,7,simple,fixed,8,0,,,,,,,,,,,96,-238,-146,12,-23,-164,-68,-101,112,-7
m3_7_03,7,simple,fixed,8,0,,,,,,,,,,,83,-217,-163,-7,4,-161,-70,-111,106,-18
m3_7_04,7,simple,fixed,8,0,,,,,,,,,,,44,-147,-161,-63,62,-160,-96,-108,67,-1
m3_7_05,7,simple,fixed,8,0,,,,,,,,,,,78,-206,-163,-1,13,-162,-82,-119,85,9
m3_8_01,8,simple,fixed,8,1,,,,,,,,,,,75,-216,-88,0,24,-185,-65,-137,132,-15
m3_8_02,8,simple,fixed,8,1,,,,,,,,,,,87,-207,-121,-20,2,-174,-48,-103,107,-39
m3_8_03,8,simple,fixed,8,1,,,,,,,,,,,100,-192,-77,-6,-16,-208,-90,-115,121,-41
m3_8_04,8,simple,fixed,8,1,,,,,,,,,,,62,-163,-82,-60,59,-209,-91,-131,115,-46
m3_8_05,8,simple,fixed,8,1,,,,,,,,,,,67,-183,-101,-12,61,-195,-100,-126,89,-23
m3_9_01,9,simple,fixed,8,0,,,,,,,,,,,42,-143,-157,-29,75,-164,-69,-134,77,-57
m3_9_02,9,simple,fixed,0,0,,,,,,,,,,,81,-162,-115,-32,21,-188,-102,-95,78,-49
m3_9_03,9,simple,fixed,8,0,,,,,,,,,,,55,-167,-141,-5,73,-171,-89,-133,79,-46
m3_9_04,9,simple,fixed,8,0,,,,,,,,,,,68,-199,-140,0,43,-181,-95,-144,100,-3
m3_9_05,9,simple,fixed,8,0,,,,,,,,,,,46,-170,-128,-46,61,-186,-119,-102,84,-1
m7_0_01,0,simple,fixed,4,0,,,,,,,,,,,39,-107,-151,-61,91,-151,-90,-120,37,-30
m7_0_02,0,simple,fixed,4,0,,,,,,,,,,,46,-112,-156,-46,82,-141,-81,-128,36,-33
m7_0_03,0,simple,fixed,4,0,,,,,,,,,,,49,-130,-143,-39,70,-152,-92,-110,46,-20
m7_0_04,0,simple,fixed,4,0,,,,,,,,,,,35,-110,-152,-48,93,-152,-95,-114,33,-24
m7_0_05,0,simple,fixed,4,0,,,,,,,,,,,50,-122,-157,-46,78,-141,-80,-132,40,-24
m7_1_01,1,simple,fixed,4,0,,,,,,,,,,,47,-120,-145,-48,77,-145,-86,-116,45,-27
m7_1_02,1,simple,fixed,4,0,,,,,,,,,,,52,-125,-146,-41,70,-146,-88,-119,45,-24
m7_1_03,1,simple,fixed,4,0,,,,,,,,,,,50,-117,-146,-45,71,-146,-89,-114,42,-30
m7_1_04,1,simple,fixed,4,0,,,,,,,,,,,43,-114,-150,-53,85,-151,-95,-118,41,-26
m7_1_05,1,simple,fixed,4,0,,,,,,,,,,,50,-125,-145,-37,70,-145,-88,-118,48,-25
m7_2_01,2,simple,fixed,4,0,,,,,,,,,,,49,-133,-141,-33,76,-151,-88,-123,56,-22
m7_2_02,2,simple,fixed,4,0,,,,,,,,,,,38,-126,-141,-52,91,-156,-96,-110,46,-17
m7_2_03,2,simple,fixed,4,0,,,,,,,,,,,49,-137,-142,-45,76,-158,-90,-119,59,-15
m7_2_04,2,simple,fixed,4,0,,,,,,,,,,,56,-139,-144,-37,68,-149,-85,-113,52,-23
m7_2_05,2,simple,fixed,4,0,,,,,,,,,,,53,-127,-142,-44,75,-155,-89,-121,48,-28
m7_3_01,3,simple,fixed,8,0,,,,,,,,,,,58,-152,-140,-16,47,-161,-88,-114,82,-20
m7_3_02,3,simple,fixed,4,0,,,,,,,,,,,45,-148,-150,-26,77,-148,-89,-119,57,-11
m7_3_03,3,simple,fixed,8,0,,,,,,,,,,,57,-136,-143,-33,55,-152,-78,-112,58,-30
m7_3_04,3,simple,fixed,4,0,,,,,,,,,,,56,-139,-141,-24,58,-154,-86,-116,56,-23
m7_3_05,3,simple,fixed,4,0,,,,,,,,,,,56,-139,-137,-31,59,-153,-89,-113,55,-19
m7_4_01,4,simple,fixed,4,1,,,,,,,,,,,51,-133,-144,-42,76,-147,-89,-122,46,-16
m7_4_02,4,simple,fixed,4,1,,,,,,,,,,,53,-127,-135,-38,71,-153,-91,-122,52,-26
m7_4_03,4,simple,fixed,4,1,,,,,,,,,,,50,-123,-146,-42,70,-151,-93,-124,47,-21
m7_4_04,4,simple,fixed,4,1,,,,,,,,,,,49,-125,-144,-33,71,-145,-93,-124,49,-20
m7_4_05,4,simple,fixed,4,1,,,,,,,,,,,52,-126,-140,-36,68,-151,-94,-121,50,-21
m7_5_01,5,simple,fixed,8,0,,,,,,,,,,,59,-157,-148,-25,50,-147,-63,-131,80,-13
m7_5_02,5,simple,fixed,0,0,,,,,,,,,,,63,-160,-134,-22,44,-136,-74,-111,56,-9
m7_5_03,5,simple,fixed,4,0,,,,,,,,,,,42,-143,-143,-37,76,-153,-98,-112,57,-4
m7_5_04,5,simple,fixed,4,0,,,,,,,,,,,51,-142,-139,-34,65,-148,-89,-113,57,-12
m7_5_05,5,simple,fixed,4,0,,,,,,,,,,,45,-123,-146,-41,83,-151,-94,-124,44,-20
m7_6_01,6,simple,fixed,4,0,,,,,,,,,,,53,-131,-144,-38,70,-152,-87,-124,51,-24
m7_6_02,6,simple,fixed,4,0,,,,,,,,,,,48,-132,-137,-42,78,-149,-96,-111,46,-17
m7_6_03,6,simple,fixed,4,0,,,,,,,,,,,53,-127,-143,-33,69,-153,-90,-120,51,-24
m7_6_04,6,simple,fixed,4,0,,,,,,,,,,,48,-126,-149,-37,74,-150,-93,-120,47,-22
m7_6_05,6,simple,fixed,4,0,,,,,,,,,,,52,-135,-144,-39,69,-152,-96,-118,52,-14
m7_7_01,7,simple,fixed,4,0,,,,,,,,,,,53,-122,-148,-41,62,-147,-88,-116,45,-24
m7_7_02,7,simple,fixed,0,0,,,,,,,,,,,62,-138,-152,-28,47,-144,-83,-118,53,-15
m7_7_03,7,simple,fixed,0,0,,,,,,,,,,,62,-144,-145,-23,46,-149,-80,-122,58,-13
m7_7_04,7,simple,fixed,4,0,,,,,,,,,,,57,-146,-151,-26,59,-142,-82,-122,56,-12
m7_7_05,7,simple,fixed,4,0,,,,,,,,,,,54,-130,-142,-41,63,-154,-94,-111,46,-21
m7_8_01,8,simple,fixed,4,0,,,,,,,,,,,42,-146,-140,-46,97,-153,-95,-127,49,0
m7_8_02,8,simple,fixed,4,0,,,,,,,,,,,51,-129,-149,-37,73,-148,-81,-124,47,-24
m7_8_03,8,simple,fixed,0,0,,,,,,,,,,,62,-143,-136,-36,52,-150,-76,-117,58,-21
m7_8_04,8,simple,fixed,0,0,,,,,,,,,,,62,-149,-143,-27,54,-149,-74,-124,59,-18
m7_8_05,8,simple,fixed,0,0,,,,,,,,,,,69,-156,-137,-27,39,-142,-62,-120,66,-20
m7_9_01,9,simple,fixed,4,0,,,,,,,,,,,58,-139,-150,-33,64,-141,-73,-125,48,-21
m7_9_02,9,simple,fixed,4,0,,,,,,,,,,,49,-131,-133,-48,74,-157,-94,-110,48,-20
m7_9_03,9,simple,fixed,4,0,,,,,,,,,,,54,-134,-145,-37,67,-148,-84,-121,47,-21
m7_9_04,9,simple,fixed,4,0,,,,,,,,,,,50,-134,-144,-43,69,-148,-87,-113,46,-17
m7_9_05,9,simple,fixed,4,0,,,,,,,,,,,57,-151,-147,-41,65,-147,-78,-122,51,-9
m1_0_01,0,simple,optimized_hls,0,1,,,,,,,,,,,98,-244,-65,34,-42,-109,-49,-82,65,44
m1_0_02,0,simple,optimized_hls,0,1,,,,,,,,,,,97,-274,-55,32,-36,-114,-70,-89,79,70
m1_0_03,0,simple,optimized_hls,0,1,,,,,,,,,,,96,-272,-74,24,-32,-104,-38,-97,84,61
m1_0_04,0,simple,optimized_hls,0,1,,,,,,,,,,,102,-243,-89,23,-49,-100,-41,-78,77,45
m1_0_05,0,simple,optimized_hls,0,1,,,,,,,,,,,106,-248,-56,29,-60,-117,-57,-80,75,49
m1_1_01,1,simple,optimized_hls,8,0,,,,,,,,,,,80,-228,-20,19,22,-148,-83,-119,120,9
m1_1_02,1,simple,optimized_hls,0,0,,,,,,,,,,,60,-82,-106,-82,17,-139,-118,-13,-2,-53
m1_1_03,1,simple,optimized_hls,0,0,,,,,,,,,,,53,-89,-111,-74,13,-150,-125,-3,16,-47
m1_1_04,1,simple,optimized_hls,0,0,,,,,,,,,,,52,-77,-114,-68,23,-127,-120,-17,-10,-41
m1_1_05,1,simple,optimized_hls,0,0,,,,,,,,,,,45,-61,-121,-87,28,-120,-104,-14,-14,-50
m1_2_01,2,simple,optimized_hls,8,0,,,,,,,,,,,31,-243,-28,50,53,-140,-114,-106,175,34
m1_2_02,2,simple,optimized_hls,8,0,,,,,,,,,,,67,-216,-50,16,24,-107,-81,-98,129,3
m1_2_03,2,simple,optimized_hls,8,0,,,,,,,,,,,59,-212,-51,-1,40,-132,-75,-89,115,14
m1_2_04,2,simple,optimized_hls,8,0,,,,,,,,,,,53,-198,-36,29,24,-131,-90,-79,121,10
m1_2_05,2,simple,optimized_hls,8,0,,,,,,,,,,,53,-144,-73,1,28,-88,-90,-62,73,-4
m1_3_01,3,simple,optimized_hls,8,0,,,,,,,,,,,57,-256,-91,41,43,-93,-35,-116,101,32
m1_3_02,3,simple,optimized_hls,8,0,,,,,,,,,,,72,-251,-43,33,28,-118,-78,-81,100,35
m1_3_03,3,simple,optimized_hls,8,0,,,,,,,,,,,95,-247,-38,28,-23,-121,-58,-72,102,19
m1_3_04,3,simple,optimized_hls,8,0,,,,,,,,,,,74,-243,-55,24,25,-97,-48,-94,88,27
m1_3_05,3,simple,optimized_hls,8,0,,,,,,,,,,,74,-214,-53,26,16,-115,-60,-83,84,23
m1_4_01,4,simple,optimized_hls,8,0,,,,,,,,,,,92,-236,-35,33,-37,-110,-46,-82,96,17
m1_4_02,4,simple,optimized_hls,8,0,,,,,,,,,,,78,-228,-45,22,3,-112,-39,-95,80,21
m1_4_03,4,simple,optimized_hls,8,0,,,,,,,,,,,81,-235,-37,53,-21,-129,-81,-81,93,38
m1_4_04,4,simple,optimized_hls,8,0,,,,,,,,,,,83,-212,-49,34,-43,-101,-34,-70,89,-4
m1_4_05,4,simple,optimized_hls,0,0,,,,,,,,,,,70,-184,-54,9,-26,-99,-37,-51,63,-5
m1_5_01,5,simple,optimized_hls,8,0,,,,,,,,,,,60,-261,-79,-6,10,-61,0,-106,81,67
m1_5_02,5,simple,optimized_hls,8,0,,,,,,,,,,,61,-306,-97,32,15,-61,3,-127,126,57
m1_5_03,5,simple,optimized_hls,8,0,,,,,,,,,,,40,-282,-37,-5,-1,-70,-8,-108,115,80
m1_5_04,5,simple,optimized_hls,8,0,,,,,,,,,,,74,-243,-87,8,6,-64,-5,-104,83,39
m1_5_05,5,simple,optimized_hls,8,0,,,,,,,,,,,61,-257,-94,25,5,-62,12,-121,123,30
m1_6_01,6,simple,optimized_hls,8,0,,,,,,,,,,,63,-180,-106,-10,47,-112,-55,-97,80,5
m1_6_02,6,simple,optimized_hls,8,0,,,,,,,,,,,50,-303,-105,54,52,-99,-55,-144,128,106
m1_6_03,6,simple,optimized_hls,8,0,,,,,,,,,,,72,-301,-105,51,35,-86,-25,-154,118,85
m1_6_04,6,simple,optimized_hls,8,0,,,,,,,,,,,64,-242,-113,44,29,-79,-17,-136,102,47
m1_6_05,6,simple,optimized_hls,8,0,,,,,,,,,,,70,-265,-115,50,22,-77,-10,-146,110,55
m1_7_01,7,simple,optimized_hls,0,0,,,,,,,,,,,80,-185,-40,9,-79,-133,-86,19,58,-6
m1_7_02,7,simple,optimized_hls,0,0,,,,,,,,,,,103,-196,-35,-15,-108,-108,-68,9,57,-11
m1_7_03,7,simple,optimized_hls,0,0,,,,,,,,,,,78,-177,-3,9,-76,-137,-92,9,49,-3
m1_7_04,7,simple,optimized_hls,8,0,,,,,,,,,,,71,-170,-55,-9,-67,-108,-56,-7,74,-9
m1_7_05,7,simple,optimized_hls,0,0,,,,,,,,,,,56,-132,-41,-11,-54,-126,-83,17,53,-22
m1_8_01,8,simple,optimized_hls,8,1,,,,,,,,,,,77,-233,-24,45,9,-99,-57,-103,88,34
m1_8_02,8,simple,optimized_hls,8,1,,,,,,,,,,,72,-271,-57,48,9,-80,-7,-135,118,16
m1_8_03,8,simple,optimized_hls,8,1,,,,,,,,,,,52,-262,-21,55,25,-108,-94,-104,115,74
m1_8_04,8,simple,optimized_hls,8,1,,,,,,,,,,,64,-247,-42,39,22,-88,-68,-90,81,60
m1_8_05,8,simple,optimized_hls,8,1,,,,,,,,,,,51,-213,-42,9,22,-87,-61,-57,60,39
m1_9_01,9,simple,optimized_hls,8,0,,,,,,,,,,,65,-252,-5,41,-27,-128,-80,-82,105,59
m1_9_02,9,simple,optimized_hls,8,0,,,,,,,,,,,84,-256,-13,41,-51,-141,-74,-81,116,47
m1_9_03,9,simple,optimized_hls,8,0,,,,,,,,,,,65,-278,-17,63,-48,-134,-83,-91,140,69
m1_9_04,9,simple,optimized_hls,8,0,,,,,,,,,,,60,-253,-4,57,-25,-138,-93,-86,116,68
m1_9_05,9,simple,optimized_hls,8,0,,,,,,,,,,,79,-217,-11,21,-31,-139,-52,-91,85,30
m6_0_01,0,simple,optimized_hls,8,0,,,,,,,,,,,87,-192,-116,15,-40,-123,-40,-90,101,-5
m6_0_02,0,simple,optimized_hls,0,1,,,,,,,,,,,102,-246,-98,-6,-25,-138,-33,-82,73,23
m6_0_03,0,simple,optimized_hls,0,1,,,,,,,,,,,104,-215,-129,16,-78,-99,-2,-79,90,-15
m6_0_04,0,simple,optimized_hls,0,1,,,,,,,,,,,86,-214,-103,-22,12,-130,-42,-90,47,17
m6_0_05,0,simple,optimized_hls,8,0,,,,,,,,,,,76,-151,-156,16,-39,-82,7,-127,88,-48
m6_1_01,1,simple,optimized_hls,4,0,,,,,,,,,,,27,-85,-125,-41,78,-131,-99,-103,43,-20
m6_1_02,1,simple,optimized_hls,4,0,,,,,,,,,,,27,-78,-155,-32,67,-104,-94,-92,31,-33
m6_1_03,1,simple,optimized_hls,4,0,,,,,,,,,,,48,-112,-133,-19,52,-138,-79,-106,43,-31
m6_1_04,1,simple,optimized_hls,0,0,,,,,,,,,,,65,-102,-131,-24,23,-128,-83,-86,29,-50
m6_1_05,1,simple,optimized_hls,0,0,,,,,,,,,,,70,-117,-139,-13,22,-118,-64,-99,37,-54
m6_2_01,2,simple,optimized_hls,8,0,,,,,,,,,,,47,-114,-119,-27,7,-133,-59,-121,104,-26
m6_2_02,2,simple,optimized_hls,8,0,,,,,,,,,,,60,-131,-147,12,-17,-98,-30,-98,89,-66
m6_2_03,2,simple,optimized_hls,8,0,,,,,,,,,,,71,-143,-110,-25,6,-133,-41,-133,92,-22
m6_2_04,2,simple,optimized_hls,8,0,,,,,,,,,,,74,-178,-84,-3,15,-128,-89,-104,98,2
m6_2_05,2,simple,optimized_hls,4,0,,,,,,,,,,,64,-174,-113,-35,70,-115,-68,-103,53,-1
m6_3_01,3,simple,optimized_hls,0,0,,,,,,,,,,,70,-183,-100,-15,27,-123,-64,-101,70,11
m6_3_02,3,simple,optimized_hls,8,0,,,,,,,,,,,38,-152,-99,-38,48,-138,-118,-52,56,13
m6_3_03,3,simple,optimized_hls,4,0,,,,,,,,,,,51,-181,-133,-44,53,-130,-86,-81,46,22
m6_3_04,3,simple,optimized_hls,8,0,,,,,,,,,,,73,-188,-74,-14,41,-150,-76,-91,75,-19
m6_3_05,3,simple,optimized_hls,0,0,,,,,,,,,,,61,-132,-102,-39,44,-132,-88,-81,42,-24
m6_4_01,4,simple,optimized_hls,0,0,,,,,,,,,,,110,-216,-138,30,-40,-120,-45,-108,90,-3
m6_4_02,4,simple,optimized_hls,8,0,,,,,,,,,,,28,-159,-110,4,68,-139,-111,-88,71,12
m6_4_03,4,simple,optimized_hls,4,1,,,,,,,,,,,1,-129,-109,-13,79,-140,-134,-62,70,19
m6_4_04,4,simple,optimized_hls,0,0,,,,,,,,,,,81,-221,-115,15,10,-120,-70,-93,64,25
m6_4_05,4,simple,optimized_hls,8,0,,,,,,,,,,,31,-142,-80,-11,28,-147,-141,-39,64,13
m6_5_01,5,simple,optimized_hls,8,0,,,,,,,,,,,50,-188,-95,-32,28,-134,-83,-84,87,36
m6_5_02,5,simple,optimized_hls,8,0,,,,,,,,,,,47,-167,-113,-32,36,-127,-86,-86,76,18
m6_5_03,5,simple,optimized_hls,8,0,,,,,,,,,,,63,-212,-90,-25,-8,-141,-67,-41,97,6
m6_5_04,5,simple,optimized_hls,8,0,,,,,,,,,,,65,-191,-111,-20,26,-120,-66,-93,72,11
m6_5_05,5,simple,optimized_hls,8,0,,,,,,,,,,,47,-135,-81,-19,49,-160,-95,-102,72,-11
m6_6_01,6,simple,optimized_hls,8,0,,,,,,,,,,,42,-179,-138,6,56,-116,-90,-120,71,40
m6_6_02,6,simple,optimized_hls,8,0,,,,,,,,,,,71,-156,-131,0,22,-130,-76,-114,77,-13
m6_6_03,6,simple,optimized_hls,0,0,,,,,,,,,,,82,-173,-130,11,-3,-127,-53,-101,75,-20
m6_6_04,6,simple,optimized_hls,8,0,,,,,,,,,,,56,-192,-133,-21,56,-124,-76,-114,61,35
m6_6_05,6,simple,optimized_hls,4,0,,,,,,,,,,,30,-133,-126,-13,65,-134,-103,-104,65,9
m6_7_01,7,simple,optimized_hls,8,0,,,,,,,,,,,61,-175,-73,13,-2,-156,-99,-62,83,4
m6_7_02,7,simple,optimized_hls,8,0,,,,,,,,,,,53,-143,-90,-48,26,-159,-103,-58,74,-12
m6_7_03,7,simple,optimized_hls,8,0,,,,,,,,,,,70,-164,-55,7,-8,-165,-121,-66,82,-5
m6_7_04,7,simple,optimized_hls,8,0,,,,,,,,,,,85,-214,-56,-2,-43,-151,-72,-43,91,3
m6_7_05,7,simple,optimized_hls,0,0,,,,,,,,,,,62,-158,-100,-29,18,-137,-80,-66,59,-9
m6_8_01,8,simple,optimized_hls,0,0,,,,,,,,,,,67,-164,-125,-39,38,-135,-46,-67,26,-32
m6_8_02,8,simple,optimized_hls,0,0,,,,,,,,,,,101,-216,-116,6,-25,-105,-20,-99,74,-5
m6_8_03,8,simple,optimized_hls,8,1,,,,,,,,,,,37,-188,-88,10,53,-125,-114,-85,72,50
m6_8_04,8,simple,optimized_hls,0,0,,,,,,,,,,,102,-217,-112,-1,-37,-97,-17,-86,72,-5
m6_8_05,8,simple,optimized_hls,0,0,,,,,,,,,,,105,-220,-96,16,-43,-116,-32,-88,72,-3
m6_9_01,9,simple,optimized_hls,8,0,,,,,,,,,,,72,-171,-123,-3,6,-124,-49,-90,74,-20
m6_9_02,9,simple,optimized_hls,0,0,,,,,,,,,,,62,-168,-114,-14,29,-128,-74,-87,39,9
m6_9_03,9,simple,optimized_hls,0,0,,,,,,,,,,,77,-170,-89,-7,0,-146,-93,-64,54,-4
m6_9_04,9,simple,optimized_hls,8,0,,,,,,,,,,,66,-210,-72,-15,14,-134,-81,-88,69,41
m6_9_05,9,simple,optimized_hls,8,0,,,,,,,,,,,63,-180,-101,-13,24,-131,-78,-93,67,22
m8_0_01,0,simple,optimized_hls,0,1,,,,,,,,,,,98,-218,-168,26,-19,-94,-36,-133,37,14
m8_1_01,1,simple,optimized_hls,4,0,,,,,,,,,,,-23,3,-115,-184,158,-172,-142,-26,-20,-66
m8_2_01,2,simple,optimized_hls,4,0,,,,,,,,,,,23,-97,-76,-94,103,-169,-109,-52,14,-21
m8_3_01,3,simple,optimized_hls,8,0,,,,,,,,,,,71,-230,-160,45,-44,-55,29,-132,119,-42
m8_4_01,4,simple,optimized_hls,4,1,,,,,,,,,,,37,-66,-104,-61,53,-108,-68,-74,24,-56
m8_5_01,5,simple,optimized_hls,8,0,,,,,,,,,,,92,-305,-154,-8,-48,-22,87,-122,103,0
m8_6_01,6,simple,optimized_hls,8,0,,,,,,,,,,,74,-266,-159,45,7,-91,3,-142,118,12
m8_7_01,7,simple,optimized_hls,8,0,,,,,,,,,,,34,-120,-129,0,38,-121,-116,-56,45,-1
m8_8_01,8,simple,optimized_hls,8,1,,,,,,,,,,,66,-226,-59,37,-27,-123,-62,-74,146,-24
m8_9_01,9,simple,optimized_hls,8,0,,,,,,,,,,,13,-119,-4,-7,40,-189,-196,-3,69,1
m8_0_02,0,simple,optimized_hls,0,1,,,,,,,,,,,61,-180,-104,-30,23,-128,-59,-80,58,10
m8_0_03,0,simple,optimized_hls,8,0,,,,,,,,,,,67,-181,-121,-33,20,-117,-25,-105,72,-4
m8_0_04,0,simple,optimized_hls,0,1,,,,,,,,,,,78,-192,-101,-13,5,-153,-59,-107,74,16
m8_0_05,0,simple,optimized_hls,0,1,,,,,,,,,,,68,-198,-105,-2,11,-143,-82,-86,65,40
m8_1_02,1,simple,optimized_hls,4,0,,,,,,,,,,,40,-88,-112,-53,55,-129,-89,-72,29,-31
m8_1_03,1,simple,optimized_hls,8,0,,,,,,,,,,,61,-182,-78,-9,60,-111,-64,-123,82,-7
m8_1_04,1,simple,optimized_hls,4,0,,,,,,,,,,,22,-67,-116,-76,75,-131,-104,-56,13,-30
m8_1_05,1,simple,optimized_hls,4,0,,,,,,,,,,,45,-78,-99,-53,50,-133,-95,-50,13,-50
m8_2_02,2,simple,optimized_hls,8,0,,,,,,,,,,,45,-176,-68,-26,56,-137,-114,-84,90,25
m8_2_03,2,simple,optimized_hls,8,0,,,,,,,,,,,29,-160,-33,-46,91,-151,-129,-61,92,-9
m8_2_04,2,simple,optimized_hls,8,0,,,,,,,,,,,63,-199,-36,0,27,-136,-104,-84,106,25
m8_2_05,2,simple,optimized_hls,8,0,,,,,,,,,,,65,-203,-34,9,22,-158,-97,-73,114,4
m8_3_02,3,simple,optimized_hls,4,0,,,,,,,,,,,39,-191,-87,-6,84,-116,-72,-91,54,7
m8_3_03,3,simple,optimized_hls,8,0,,,,,,,,,,,51,-186,-74,-14,48,-125,-79,-60,60,0
m8_3_04,3,simple,optimized_hls,0,0,,,,,,,,,,,63,-198,-66,-6,39,-122,-54,-93,62,10
m8_3_05,3,simple,optimized_hls,8,0,,,,,,,,,,,57,-214,-72,-2,54,-104,-76,-86,69,18
m8_4_02,4,simple,optimized_hls,4,1,,,,,,,,,,,33,-190,-62,-10,77,-129,-77,-87,76,23
m8_4_03,4,simple,optimized_hls,4,1,,,,,,,,,,,24,-185,-86,-41,100,-132,-80,-90,64,30
m8_4_04,4,simple,optimized_hls,8,0,,,,,,,,,,,60,-205,-59,3,35,-123,-66,-93,82,34
m8_4_05,4,simple,optimized_hls,8,0,,,,,,,,,,,76,-228,-95,19,5,-87,-7,-107,91,13
m8_5_02,5,simple,optimized_hls,8,0,,,,,,,,,,,47,-248,-85,-9,53,-115,-54,-94,93,54
m8_5_03,5,simple,optimized_hls,8,0,,,,,,,,,,,54,-231,-100,-30,56,-94,-29,-114,59,43
m8_5_04,5,simple,optimized_hls,8,0,,,,,,,,,,,48,-205,-107,-21,35,-84,-61,-66,64,44
m8_5_05,5,simple,optimized_hls,9,0,,,,,,,,,,,35,-214,-116,-28,58,-86,-73,-63,56,59
m8_6_02,6,simple,optimized_hls,4,0,,,,,,,,,,,24,-135,-119,-75,106,-123,-92,-86,42,12
m8_6_03,6,simple,optimized_hls,8,0,,,,,,,,,,,50,-165,-116,-35,58,-112,-61,-104,68,17
m8_6_04,6,simple,optimized_hls,4,0,,,,,,,,,,,35,-158,-120,-45,82,-116,-75,-107,54,30
m8_6_05,6,simple,optimized_hls,0,0,,,,,,,,,,,59,-145,-124,-42,55,-105,-42,-106,45,-10
m8_7_02,7,simple,optimized_hls,0,0,,,,,,,,,,,56,-136,-100,-25,20,-127,-69,-45,33,-22
m8_7_03,7,simple,optimized_hls,0,0,,,,,,,,,,,56,-166,-88,-14,25,-129,-77,-57,56,10
m8_7_04,7,simple,optimized_hls,4,0,,,,,,,,,,,23,-87,-116,-63,83,-116,-70,-75,29,-33
m8_7_05,7,simple,optimized_hls,0,0,,,,,,,,,,,55,-139,-97,-11,6,-120,-77,-45,52,-17
m8_8_02,8,simple,optimized_hls,8,1,,,,,,,,,,,63,-200,-82,-12,23,-113,-57,-84,82,19
m8_8_03,8,simple,optimized_hls,8,1,,,,,,,,,,,46,-178,-114,-25,47,-89,-43,-86,58,32
m8_8_04,8,simple,optimized_hls,8,1,,,,,,,,,,,49,-192,-93,-13,23,-106,-41,-78,82,35
m8_8_05,8,simple,optimized_hls,8,1,,,,,,,,,,,49,-200,-88,-14,52,-99,-52,-91,74,40
m8_9_02,9,simple,optimized_hls,0,0,,,,,,,,,,,58,-152,-98,-40,42,-132,-55,-70,37,-2
m8_9_03,9,simple,optimized_hls,4,0,,,,,,,,,,,42,-125,-84,-31,57,-102,-49,-74,36,-8
m8_9_04,9,simple,optimized_hls,0,0,,,,,,,,,,,51,-139,-80,-26,33,-104,-43,-74,34,10
m8_9_05,9,simple,optimized_hls,0,0,,,,,,,,,,,57,-148,-76,-21,20,-105,-39,-65,36,7
m5_0_01,0,simple,optimized_hls,0,1,,,,,,,,,,,60,-144,-92,-43,24,-133,-57,-75,44,-2
m5_0_02,0,simple,optimized_hls,0,1,,,,,,,,,,,72,-185,-82,-12,7,-146,-77,-80,61,30
m5_0_03,0,simple,optimized_hls,0,1,,,,,,,,,,,78,-188,-82,2,-5,-127,-65,-78,52,28
m5_0_04,0,simple,optimized_hls,0,1,,,,,,,,,,,94,-185,-69,-17,-42,-128,-35,-53,50,1
m5_1_01,1,simple,optimized_hls,0,0,,,,,,,,,,,51,-88,-105,-46,28,-121,-82,-51,21,-47
m5_1_02,1,simple,optimized_hls,0,0,,,,,,,,,,,44,-91,-102,-42,28,-126,-88,-37,26,-41
m5_1_03,1,simple,optimized_hls,0,0,,,,,,,,,,,46,-84,-105,-50,29,-119,-93,-34,10,-32
m5_1_04,1,simple,optimized_hls,0,0,,,,,,,,,,,47,-79,-94,-53,27,-112,-84,-43,12,-37
m5_2_01,2,simple,optimized_hls,8,0,,,,,,,,,,,61,-166,-91,-1,21,-111,-63,-84,74,3
m5_2_02,2,simple,optimized_hls,8,0,,,,,,,,,,,83,-178,-47,15,-25,-120,-47,-79,89,-16
m5_2_03,2,simple,optimized_hls,0,0,,,,,,,,,,,70,-159,-87,9,-7,-114,-55,-61,66,-16
m5_2_04,2,simple,optimized_hls,8,0,,,,,,,,,,,56,-160,-48,-10,17,-131,-85,-53,83,3
m5_3_01,3,simple,optimized_hls,0,0,,,,,,,,,,,65,-172,-78,-36,21,-104,-23,-67,49,-25
m5_3_02,3,simple,optimized_hls,0,0,,,,,,,,,,,74,-188,-81,12,-4,-111,-48,-64,69,-1
m5_3_03,3,simple,optimized_hls,8,0,,,,,,,,,,,55,-162,-113,-5,14,-87,-17,-79,65,-17
m5_3_04,3,simple,optimized_hls,8,0,,,,,,,,,,,64,-195,-103,5,-4,-81,1,-87,78,-19
m5_4_01,4,simple,optimized_hls,0,0,,,,,,,,,,,82,-196,-72,6,-23,-115,-41,-72,74,17
m5_4_02,4,simple,optimized_hls,0,0,,,,,,,,,,,72,-217,-69,2,-10,-91,-25,-68,69,33
m5_4_03,4,simple,optimized_hls,8,0,,,,,,,,,,,68,-175,-79,15,-1,-91,-42,-76,78,7
m5_4_04,4,simple,optimized_hls,0,0,,,,,,,,,,,84,-213,-66,5,-24,-87,-17,-74,65,28
m5_5_01,5,simple,optimized_hls,4,0,,,,,,,,,,,32,-170,-122,-43,69,-91,-27,-103,54,30
m5_5_02,5,simple,optimized_hls,8,0,,,,,,,,,,,47,-184,-99,-34,38,-98,-37,-73,53,30
m5_5_03,5,simple,optimized_hls,8,0,,,,,,,,,,,68,-208,-81,-9,-34,-82,-17,-48,75,26
m5_5_04,5,simple,optimized_hls,8,0,,,,,,,,,,,46,-188,-88,-16,24,-98,-54,-63,52,43
m5_6_01,6,simple,optimized_hls,8,0,,,,,,,,,,,55,-171,-109,-11,42,-100,-25,-109,65,9
m5_6_02,6,simple,optimized_hls,8,0,,,,,,,,,,,54,-211,-99,-16,51,-118,-41,-96,88,32
m5_6_03,6,simple,optimized_hls,0,0,,,,,,,,,,,64,-206,-89,-24,40,-106,-39,-85,60,27
m5_6_04,6,simple,optimized_hls,8,0,,,,,,,,,,,60,-207,-95,-5,52,-102,-41,-109,62,39
m5_7_01,7,simple,optimized_hls,0,0,,,,,,,,,,,58,-143,-70,-7,-16,-117,-76,-37,43,14
m5_7_02,7,simple,optimized_hls,0,0,,,,,,,,,,,58,-163,-74,6,-12,-112,-55,-51,56,10
m5_7_03,7,simple,optimized_hls,0,0,,,,,,,,,,,58,-163,-58,11,-5,-126,-76,-48,52,11
m5_7_04,7,simple,optimized_hls,0,0,,,,,,,,,,,57,-146,-64,-9,-1,-133,-70,-40,38,2
m5_8_01,8,simple,optimized_hls,0,0,,,,,,,,,,,59,-160,-57,-38,5,-106,-46,-55,54,17
m5_8_02,8,simple,optimized_hls,0,0,,,,,,,,,,,55,-128,-67,-55,-5,-119,-82,2,46,-31
m5_8_03,8,simple,optimized_hls,0,0,,,,,,,,,,,66,-166,-66,-30,-6,-111,-60,-50,66,12
m5_8_04,8,simple,optimized_hls,8,1,,,,,,,,,,,30,-152,-70,-53,25,-130,-96,-27,58,42
m5_9_01,9,simple,optimized_hls,0,0,,,,,,,,,,,44,-121,-57,-31,14,-114,-71,-20,21,-7
m5_9_02,9,simple,optimized_hls,0,0,,,,,,,,,,,54,-162,-61,-14,19,-127,-83,-44,27,22
m5_9_03,9,simple,optimized_hls,0,0,,,,,,,,,,,54,-167,-75,-18,33,-130,-77,-53,32,12
m5_9_04,9,simple,optimized_hls,0,0,,,,,,,,,,,54,-146,-84,-42,26,-111,-57,-35,16,-9
m4_0_01,0,simple,optimized_hls,8,0,,,,,,,,,,,66,-163,-80,-58,5,-170,-70,-75,90,4
m4_0_02,0,simple,optimized_hls,0,1,,,,,,,,,,,76,-180,-114,-12,-11,-103,-10,-92,62,-6
m4_0_03,0,simple,optimized_hls,0,1,,,,,,,,,,,71,-178,-105,-30,12,-164,-78,-87,61,13
m4_0_04,0,simple,optimized_hls,8,0,,,,,,,,,,,54,-153,-114,-1,25,-140,-83,-73,62,0
m4_0_05,0,simple,optimized_hls,8,0,,,,,,,,,,,69,-209,-92,-9,16,-131,-59,-98,77,30
m4_1_01,1,simple,optimized_hls,0,0,,,,,,,,,,,47,-83,-95,-45,31,-134,-97,-36,21,-47
m4_1_02,1,simple,optimized_hls,8,0,,,,,,,,,,,13,-56,-48,-17,13,-40,-9,-34,39,-26
m4_1_03,1,simple,optimized_hls,4,0,,,,,,,,,,,6,-44,-101,-83,90,-128,-70,-53,18,-47
m4_1_04,1,simple,optimized_hls,4,0,,,,,,,,,,,0,-203,-113,-71,146,-119,-84,-106,36,59
m4_1_05,1,simple,optimized_hls,4,0,,,,,,,,,,,16,-63,-147,-102,103,-148,-117,-66,2,-38
m4_2_01,2,simple,optimized_hls,4,0,,,,,,,,,,,6,-81,-72,-49,110,-155,-125,-68,27,-9
m4_2_02,2,simple,optimized_hls,4,0,,,,,,,,,,,8,-91,-66,-109,117,-189,-149,-24,22,-11
m4_2_03,2,simple,optimized_hls,4,0,,,,,,,,,,,-8,-89,-62,-95,157,-116,-94,-60,10,-20
m4_2_04,2,simple,optimized_hls,4,0,,,,,,,,,,,24,-63,-61,-104,105,-181,-137,-20,-2,-54
m4_2_05,2,simple,optimized_hls,8,0,,,,,,,,,,,39,-183,-63,34,19,-128,-97,-59,112,18
m4_3_01,3,simple,optimized_hls,0,0,,,,,,,,,,,44,-144,-47,-12,5,-75,-14,-42,44,2
m4_3_02,3,simple,optimized_hls,8,0,,,,,,,,,,,46,-133,-101,-14,32,-96,-30,-83,53,-2
m4_3_03,3,simple,optimized_hls,8,0,,,,,,,,,,,65,-220,-55,16,31,-125,-63,-75,67,23
m4_3_04,3,simple,optimized_hls,8,0,,,,,,,,,,,28,-190,-64,-1,79,-120,-62,-96,83,26
m4_3_05,3,simple,optimized_hls,8,0,,,,,,,,,,,40,-147,-91,-24,38,-117,-74,-62,52,12
m4_4_01,4,simple,optimized_hls,8,0,,,,,,,,,,,41,-128,-84,-19,19,-67,-8,-62,46,3
m4_4_02,4,simple,optimized_hls,8,0,,,,,,,,,,,44,-130,-112,-64,-11,-76,16,-81,85,-34
m4_4_03,4,simple,optimized_hls,8,0,,,,,,,,,,,51,-139,-112,-38,29,-121,-44,-81,61,-20
m4_4_04,4,simple,optimized_hls,0,0,,,,,,,,,,,49,-127,-133,-42,23,-105,-45,-73,43,-17
m4_4_05,4,simple,optimized_hls,8,0,,,,,,,,,,,60,-210,-116,-5,-4,-91,-18,-89,111,13
m4_5_01,5,simple,optimized_hls,8,0,,,,,,,,,,,2,-102,-30,6,25,-56,-40,-48,62,41
m4_5_02,5,simple,optimized_hls,8,0,,,,,,,,,,,21,-127,-71,5,23,-76,-29,-73,75,23
m4_5_03,5,simple,optimized_hls,8,0,,,,,,,,,,,53,-232,-116,-5,33,-75,27,-145,102,23
m4_5_04,5,simple,optimized_hls,8,0,,,,,,,,,,,32,-254,-73,3,71,-105,-65,-104,88,88
m4_5_05,5,simple,optimized_hls,8,0,,,,,,,,,,,11,-278,-71,59,60,-88,-62,-121,128,98
m4_6_01,6,simple,optimized_hls,8,0,,,,,,,,,,,24,-142,-137,-29,62,-97,-34,-96,75,5
m4_6_02,6,simple,optimized_hls,8,0,,,,,,,,,,,60,-225,-94,38,-10,-107,-16,-114,132,24
m4_6_03,6,simple,optimized_hls,8,0,,,,,,,,,,,67,-258,-99,13,14,-78,30,-125,107,12
m4_6_04,6,simple,optimized_hls,8,0,,,,,,,,,,,44,-120,-118,-21,39,-93,-33,-101,61,-17
m4_6_05,6,simple,optimized_hls,0,0,,,,,,,,,,,61,-176,-116,-21,35,-106,-42,-113,61,25
m4_7_01,7,simple,optimized_hls,4,0,,,,,,,,,,,35,-86,-99,-10,43,-95,-52,-79,33,-26
m4_7_02,7,simple,optimized_hls,0,0,,,,,,,,,,,36,-92,-97,-46,35,-127,-86,-43,15,-18
m4_7_03,7,simple,optimized_hls,4,0,,,,,,,,,,,24,-84,-115,-64,51,-125,-75,-43,31,-23
m4_7_04,7,simple,optimized_hls,8,0,,,,,,,,,,,52,-142,-110,-5,10,-121,-66,-82,65,8
m4_7_05,7,simple,optimized_hls,0,0,,,,,,,,,,,44,-100,-108,-22,31,-123,-71,-77,32,-15
m4_8_01,8,simple,optimized_hls,4,0,,,,,,,,,,,29,-71,-93,-29,54,-99,-59,-77,28,-23
m4_8_02,8,simple,optimized_hls,8,1,,,,,,,,,,,70,-181,-112,15,-26,-74,2,-92,83,0
m4_8_03,8,simple,optimized_hls,8,1,,,,,,,,,,,68,-229,-74,28,6,-108,-32,-97,109,25
m4_8_04,8,simple,optimized_hls,8,1,,,,,,,,,,,66,-138,-61,-21,15,-121,-11,-95,69,-33
m4_8_05,8,simple,optimized_hls,8,1,,,,,,,,,,,43,-84,-104,-24,43,-96,-37,-100,46,-37
m4_9_01,9,simple,optimized_hls,0,0,,,,,,,,,,,32,-95,-70,-27,21,-132,-100,-26,24,-7
m4_9_02,9,simple,optimized_hls,8,0,,,,,,,,,,,61,-257,-47,33,-45,-88,-18,-82,134,47
m4_9_03,9,simple,optimized_hls,8,0,,,,,,,,,,,53,-144,-87,-10,-12,-119,-26,-75,93,-22
m4_9_04,9,simple,optimized_hls,8,0,,,,,,,,,,,71,-199,-95,15,-23,-116,-43,-85,78,29
m4_9_05,9,simple,optimized_hls,8,0,,,,,,,,,,,61,-164,-93,5,-1,-105,-43,-84,73,17
m3_0_01,0,simple,optimized_hls,4,0,,,,,,,,,,,49,-134,-156,-13,65,-164,-130,-100,59,-40
m3_0_02,0,simple,optimized_hls,8,0,,,,,,,,,,,83,-245,-122,21,-4,-162,-84,-116,106,13
m3_0_03,0,simple,optimized_hls,8,0,,,,,,,,,,,72,-203,-106,-8,39,-186,-92,-114,112,-30
m3_0_04,0,simple,optimized_hls,0,1,,,,,,,,,,,86,-237,-152,29,21,-152,-85,-129,81,11
m3_0_05,0,simple,optimized_hls,8,0,,,,,,,,,,,92,-244,-139,19,21,-177,-76,-154,114,15
m3_1_01,1,simple,optimized_hls,0,0,,,,,,,,,,,64,-145,-175,-51,63,-164,-95,-110,42,-31
m3_1_02,1,simple,optimized_hls,4,0,,,,,,,,,,,48,-134,-154,-37,82,-152,-97,-124,53,-26
m3_1_03,1,simple,optimized_hls,4,0,,,,,,,,,,,59,-138,-169,-57,61,-155,-105,-94,47,-35
m3_1_04,1,simple,optimized_hls,4,0,,,,,,,,,,,52,-135,-156,-31,79,-149,-93,-127,53,-29
m3_1_05,1,simple,optimized_hls,4,0,,,,,,,,,,,52,-141,-126,-60,101,-181,-113,-111,56,-57
m3_2_01,2,simple,optimized_hls,4,0,,,,,,,,,,,18,-130,-159,-92,133,-164,-120,-118,41,-1
m3_2_02,2,simple,optimized_hls,4,0,,,,,,,,,,,18,-130,-159,-92,133,-164,-120,-118,41,-1
m3_2_03,2,simple,optimized_hls,8,0,,,,,,,,,,,72,-236,-157,12,56,-137,-45,-155,82,-5
m3_2_04,2,simple,optimized_hls,8,0,,,,,,,,,,,60,-189,-144,-50,78,-157,-55,-142,86,-21
m3_2_05,2,simple,optimized_hls,8,0,,,,,,,,,,,88,-213,-79,-29,71,-193,-71,-189,103,-10
m3_3_01,3,simple,optimized_hls,8,0,,,,,,,,,,,76,-246,-67,46,-1,-192,-101,-109,121,13
m3_3_02,3,simple,optimized_hls,8,0,,,,,,,,,,,82,-241,-119,1,19,-159,-25,-149,123,-14
m3_3_03,3,simple,optimized_hls,8,0,,,,,,,,,,,53,-230,-93,-5,49,-171,-92,-78,104,-9
m3_3_04,3,simple,optimized_hls,8,0,,,,,,,,,,,54,-202,-136,17,43,-175,-85,-143,104,11
m3_3_05,3,simple,optimized_hls,8,0,,,,,,,,,,,85,-250,-136,10,15,-127,-31,-133,111,-2
m3_4_01,4,simple,optimized_hls,8,0,,,,,,,,,,,51,-227,-130,-23,78,-210,-159,-97,93,32
m3_4_02,4,simple,optimized_hls,8,0,,,,,,,,,,,52,-147,-136,-14,60,-164,-108,-123,79,-30
m3_4_03,4,simple,optimized_hls,0,0,,,,,,,,,,,126,-177,-129,-24,-27,-172,-47,-133,80,-81
m3_4_04,4,simple,optimized_hls,8,0,,,,,,,,,,,71,-202,-73,-3,47,-219,-91,-151,146,-44
m3_4_05,4,simple,optimized_hls,4,1,,,,,,,,,,,-19,-218,-104,36,144,-188,-183,-117,138,63
m3_5_01,5,simple,optimized_hls,8,0,,,,,,,,,,,85,-272,-101,36,-25,-156,-63,-111,143,24
m3_5_02,5,simple,optimized_hls,8,0,,,,,,,,,,,72,-356,-126,5,8,-117,-2,-111,154,32
m3_5_03,5,simple,optimized_hls,4,0,,,,,,,,,,,36,-205,-149,-55,117,-151,-76,-141,58,10
m3_5_04,5,simple,optimized_hls,8,0,,,,,,,,,,,53,-199,-144,-6,47,-153,-60,-144,106,7
m3_5_05,5,simple,optimized_hls,8,0,,,,,,,,,,,68,-237,-204,-16,36,-79,43,-163,93,-57
m3_6_01,6,simple,optimized_hls,8,0,,,,,,,,,,,66,-153,-128,-67,58,-208,-98,-106,75,-34
m3_6_02,6,simple,optimized_hls,4,0,,,,,,,,,,,64,-166,-124,-46,68,-176,-74,-132,68,-24
m3_6_03,6,simple,optimized_hls,8,0,,,,,,,,,,,86,-222,-140,12,40,-156,-51,-174,91,-4
m3_6_04,6,simple,optimized_hls,8,0,,,,,,,,,,,65,-208,-157,-17,47,-144,-57,-135,89,3
m3_6_05,6,simple,optimized_hls,8,0,,,,,,,,,,,66,-204,-145,-12,43,-165,-75,-116,93,-13
m3_7_01,7,simple,optimized_hls,8,0,,,,,,,,,,,68,-153,-165,-59,20,-154,-59,-110,99,-44
m3_7_02,7,simple,optimized_hls,8,0,,,,,,,,,,,96,-238,-146,12,-23,-164,-68,-101,112,-7
m3_7_03,7,simple,optimized_hls,8,0,,,,,,,,,,,83,-217,-163,-7,4,-161,-70,-111,106,-18
m3_7_04,7,simple,optimized_hls,8,0,,,,,,,,,,,44,-147,-161,-63,62,-160,-96,-108,67,-1
m3_7_05,7,simple,optimized_hls,8,0,,,,,,,,,,,78,-206,-163,-1,13,-162,-82,-119,85,9
m3_8_01,8,simple,optimized_hls,8,1,,,,,,,,,,,75,-216,-88,0,24,-185,-65,-137,132,-15
m3_8_02,8,simple,optimized_hls,8,1,,,,,,,,,,,87,-207,-121,-20,2,-174,-48,-103,107,-39
m3_8_03,8,simple,optimized_hls,8,1,,,,,,,,,,,100,-192,-77,-6,-16,-208,-90,-115,121,-41
m3_8_04,8,simple,optimized_hls,8,1,,,,,,,,,,,62,-163,-82,-60,59,-209,-91,-131,115,-46
m3_8_05,8,simple,optimized_hls,8,1,,,,,,,,,,,67,-183,-101,-12,61,-195,-100,-126,89,-23
m3_9_01,9,simple,optimized_hls,8,0,,,,,,,,,,,42,-143,-157,-29,75,-164,-69,-134,77,-57
m3_9_02,9,simple,optimized_hls,0,0,,,,,,,,,,,81,-162,-115,-32,21,-188,-102,-95,78,-49
m3_9_03,9,simple,optimized_hls,8,0,,,,,,,,,,,55,-167,-141,-5,73,-171,-89,-133,79,-46
m3_9_04,9,simple,optimized_hls,8,0,,,,,,,,,,,68,-199,-140,0,43,-181,-95,-144,100,-3
m3_9_05,9,simple,optimized_hls,8,0,,,,,,,,,,,46,-170,-128,-46,61,-186,-119,-102,84,-1
m7_0_01,0,simple,optimized_hls,4,0,,,,,,,,,,,39,-107,-151,-61,91,-151,-90,-120,37,-30
m7_0_02,0,simple,optimized_hls,4,0,,,,,,,,,,,46,-112,-156,-46,82,-141,-81,-128,36,-33
m7_0_03,0,simple,optimized_hls,4,0,,,,,,,,,,,49,-130,-143,-39,70,-152,-92,-110,46,-20
m7_0_04,0,simple,optimized_hls,4,0,,,,,,,,,,,35,-110,-152,-48,93,-152,-95,-114,33,-24
m7_0_05,0,simple,optimized_hls,4,0,,,,,,,,,,,50,-122,-157,-46,78,-141,-80,-132,40,-24
m7_1_01,1,simple,optimized_hls,4,0,,,,,,,,,,,47,-120,-145,-48,77,-145,-86,-116,45,-27
m7_1_02,1,simple,optimized_hls,4,0,,,,,,,,,,,52,-125,-146,-41,70,-146,-88,-119,45,-24
m7_1_03,1,simple,optimized_hls,4,0,,,,,,,,,,,50,-117,-146,-45,71,-146,-89,-114,42,-30
m7_1_04,1,simple,optimized_hls,4,0,,,,,,,,,,,43,-114,-150,-53,85,-151,-95,-118,41,-26
m7_1_05,1,simple,optimized_hls,4,0,,,,,,,,,,,50,-125,-145,-37,70,-145,-88,-118,48,-25
m7_2_01,2,simple,optimized_hls,4,0,,,,,,,,,,,49,-133,-141,-33,76,-151,-88,-123,56,-22
m7_2_02,2,simple,optimized_hls,4,0,,,,,,,,,,,38,-126,-141,-52,91,-156,-96,-110,46,-17
m7_2_03,2,simple,optimized_hls,4,0,,,,,,,,,,,49,-137,-142,-45,76,-158,-90,-119,59,-15
m7_2_04,2,simple,optimized_hls,4,0,,,,,,,,,,,56,-139,-144,-37,68,-149,-85,-113,52,-23
m7_2_05,2,simple,optimized_hls,4,0,,,,,,,,,,,53,-127,-142,-44,75,-155,-89,-121,48,-28
m7_3_01,3,simple,optimized_hls,8,0,,,,,,,,,,,58,-152,-140,-16,47,-161,-88,-114,82,-20
m7_3_02,3,simple,optimized_hls,4,0,,,,,,,,,,,45,-148,-150,-26,77,-148,-89,-119,57,-11
m7_3_03,3,simple,optimized_hls,8,0,,,,,,,,,,,57,-136,-143,-33,55,-152,-78,-112,58,-30
m7_3_04,3,simple,optimized_hls,4,0,,,,,,,,,,,56,-139,-141,-24,58,-154,-86,-116,56,-23
m7_3_05,3,simple,optimized_hls,4,0,,,,,,,,,,,56,-139,-137,-31,59,-153,-89,-113,55,-19
m7_4_01,4,simple,optimized_hls,4,1,,,,,,,,,,,51,-133,-144,-42,76,-147,-89,-122,46,-16
m7_4_02,4,simple,optimized_hls,4,1,,,,,,,,,,,53,-127,-135,-38,71,-153,-91,-122,52,-26
m7_4_03,4,simple,optimized_hls,4,1,,,,,,,,,,,50,-123,-146,-42,70,-151,-93,-124,47,-21
m7_4_04,4,simple,optimized_hls,4,1,,,,,,,,,,,49,-125,-144,-33,71,-145,-93,-124,49,-20
m7_4_05,4,simple,optimized_hls,4,1,,,,,,,,,,,52,-126,-140,-36,68,-151,-94,-121,50,-21
m7_5_01,5,simple,optimized_hls,8,0,,,,,,,,,,,59,-157,-148,-25,50,-147,-63,-131,80,-13
m7_5_02,5,simple,optimized_hls,0,0,,,,,,,,,,,63,-160,-134,-22,44,-136,-74,-111,56,-9
m7_5_03,5,simple,optimized_hls,4,0,,,,,,,,,,,42,-143,-143,-37,76,-153,-98,-112,57,-4
m7_5_04,5,simple,optimized_hls,4,0,,,,,,,,,,,51,-142,-139,-34,65,-148,-89,-113,57,-12
m7_5_05,5,simple,optimized_hls,4,0,,,,,,,,,,,45,-123,-146,-41,83,-151,-94,-124,44,-20
m7_6_01,6,simple,optimized_hls,4,0,,,,,,,,,,,53,-131,-144,-38,70,-152,-87,-124,51,-24
m7_6_02,6,simple,optimized_hls,4,0,,,,,,,,,,,48,-132,-137,-42,78,-149,-96,-111,46,-17
m7_6_03,6,simple,optimized_hls,4,0,,,,,,,,,,,53,-127,-143,-33,69,-153,-90,-120,51,-24
m7_6_04,6,simple,optimized_hls,4,0,,,,,,,,,,,48,-126,-149,-37,74,-150,-93,-120,47,-22
m7_6_05,6,simple,optimized_hls,4,0,,,,,,,,,,,52,-135,-144,-39,69,-152,-96,-118,52,-14
m7_7_01,7,simple,optimized_hls,4,0,,,,,,,,,,,53,-122,-148,-41,62,-147,-88,-116,45,-24
m7_7_02,7,simple,optimized_hls,0,0,,,,,,,,,,,62,-138,-152,-28,47,-144,-83,-118,53,-15
m7_7_03,7,simple,optimized_hls,0,0,,,,,,,,,,,62,-144,-145,-23,46,-149,-80,-122,58,-13
m7_7_04,7,simple,optimized_hls,4,0,,,,,,,,,,,57,-146,-151,-26,59,-142,-82,-122,56,-12
m7_7_05,7,simple,optimized_hls,4,0,,,,,,,,,,,54,-130,-142,-41,63,-154,-94,-111,46,-21
m7_8_01,8,simple,optimized_hls,4,0,,,,,,,,,,,42,-146,-140,-46,97,-153,-95,-127,49,0
m7_8_02,8,simple,optimized_hls,4,0,,,,,,,,,,,51,-129,-149,-37,73,-148,-81,-124,47,-24
m7_8_03,8,simple,optimized_hls,0,0,,,,,,,,,,,62,-143,-136,-36,52,-150,-76,-117,58,-21
m7_8_04,8,simple,optimized_hls,0,0,,,,,,,,,,,62,-149,-143,-27,54,-149,-74,-124,59,-18
m7_8_05,8,simple,optimized_hls,0,0,,,,,,,,,,,69,-156,-137,-27,39,-142,-62,-120,66,-20
m7_9_01,9,simple,optimized_hls,4,0,,,,,,,,,,,58,-139,-150,-33,64,-141,-73,-125,48,-21
m7_9_02,9,simple,optimized_hls,4,0,,,,,,,,,,,49,-131,-133,-48,74,-157,-94,-110,48,-20
m7_9_03,9,simple,optimized_hls,4,0,,,,,,,,,,,54,-134,-145,-37,67,-148,-84,-121,47,-21
m7_9_04,9,simple,optimized_hls,4,0,,,,,,,,,,,50,-134,-144,-43,69,-148,-87,-113,46,-17
m7_9_05,9,simple,optimized_hls,4,0,,,,,,,,,,,57,-151,-147,-41,65,-147,-78,-122,51,-9
m1_0_01,0,full,float,0,1,10.5477876663208,-6.484650611877441,-0.17539766430854797,-5.933358192443848,-8.212868690490723,-2.1634387969970703,-2.287226676940918,-4.385949611663818,-3.5123326778411865,-2.342547655105591,,,,,,,,,,
m1_0_02,0,full,float,0,1,11.97079086303711,-13.21898078918457,0.8680484294891357,-3.4455316066741943,-8.466621398925781,-4.046385765075684,-5.345298767089844,-3.181166648864746,-3.9990601539611816,1.7556946277618408,,,,,,,,,,
m1_0_03,0,full,float,0,1,11.384298324584961,-10.914544105529785,-1.660430669784546,-5.099486351013184,-9.05677318572998,-1.3400037288665771,-2.0448734760284424,-1.4634402990341187,-3.5165581703186035,-1.2598230838775635,,,,,,,,,,
m1_0_04,0,full,float,0,1,12.417163848876953,-11.08800220489502,-1.3160829544067383,-4.786258697509766,-9.570435523986816,-1.0119051933288574,-1.505558729171753,-3.45326828956604,-3.8297152519226074,-2.197942018508911,,,,,,,,,,
m1_0_05,0,full,float,0,1,10.971487998962402,-11.463626861572266,-3.113081455230713,-3.68977689743042,-9.301426887512207,-1.4477461576461792,-2.060676336288452,-3.129622459411621,-1.6645517349243164,-0.27493178844451904,,,,,,,,,,
m1_1_01,1,full,float,1,1,-8.26358413696289,7.127006530761719,-0.8055848479270935,2.7741165161132812,-7.275679588317871,-6.065211296081543,-12.741010665893555,0.9674134254455566,1.4303386211395264,-1.094802737236023,,,,,,,,,,
m1_1_02,1,full,float,1,1,-2.7587738037109375,9.09992504119873,-2.4173805713653564,-9.113819122314453,0.7113513350486755,-4.974224090576172,-4.115514278411865,-3.7406866550445557,-0.12554076313972473,-5.859764099121094,,,,,,,,,,
m1_1_03,1,full,float,1,1,-0.8567953109741211,6.649357318878174,-2.407926559448242,-9.246152877807617,-1.0732020139694214,-3.6511054039001465,-0.9671600461006165,-6.098588943481445,0.8465582132339478,-6.881081581115723,,,,,,,,,,
m1_1_04,1,full,float,1,1,-1.0485843420028687,6.854116439819336,-1.4091178178787231,-8.319340705871582,-1.8948800563812256,-3.991426944732666,-1.2957210540771484,-5.240495204925537,0.46773001551628113,-7.500046730041504,,,,,,,,,,
m1_1_05,1,full,float,1,1,-6.625668525695801,4.837830066680908,-3.3150124549865723,-1.582299828529358,2.4283947944641113,-4.568789482116699,-6.4418253898620605,0.431807279586792,-1.4105943441390991,-1.1486573219299316,,,,,,,,,,
m1_2_01,2,full,float,2,1,-5.884936809539795,3.899247407913208,14.500327110290527,6.298023223876953,-14.44259262084961,-12.000480651855469,-16.651443481445312,0.8895092010498047,-2.210742712020874,-9.243249893188477,,,,,,,,,,
m1_2_02,2,full,float,2,1,-5.124452114105225,1.4855661392211914,11.503457069396973,6.33061408996582,-14.160704612731934,-7.27425479888916,-14.054618835449219,-0.6684441566467285,-1.2791423797607422,-6.404487133026123,,,,,,,,,,
m1_2_03,2,full,float,2,1,-4.242807388305664,1.4922585487365723,14.61876106262207,1.3127226829528809,-10.63131332397461,-10.860913276672363,-10.904438018798828,-3.0304770469665527,3.1849098205566406,-7.362027645111084,,,,,,,,,,
m1_2_04,2,full,float,2,1,-5.27354621887207,3.895763874053955,14.551980972290039,1.0524704456329346,-7.88053560256958,-11.244344711303711,-9.994297981262207,-0.1499018669128418,-2.980146646499634,-11.3779296875,,,,,,,,,,
m1_2_05,2,full,float,2,1,-6.298468589782715,8.683578491210938,10.865999221801758,-0.7438569664955139,-8.875856399536133,-6.504978179931641,-8.942120552062988,0.20592737197875977,-1.7926530838012695,-13.6965913772583,,,,,,,,,,
m1_3_01,3,full,float,3,1,-11.42372989654541,-4.4915361404418945,-8.9222993850708,14.955735206604004,-4.800834655761719,5.29876184463501,-6.615330696105957,-4.6413373947143555,-0.1764708012342453,-1.3884690999984741,,,,,,,,,,
m1_3_02,3,full,float,3,1,-11.282364845275879,-3.0929019451141357,-3.1471762657165527,13.445745468139648,-4.803802013397217,1.0870105028152466,-8.347576141357422,-2.7433173656463623,-0.3963886797428131,-4.150813102722168,,,,,,,,,,
m1_3_03,3,full,float,3,1,-12.693622589111328,-5.106081485748291,-2.47469425201416,15.016467094421387,-5.268948554992676,0.9776087999343872,-11.39533805847168,-0.6146166324615479,-1.1682683229446411,-0.9740249514579773,,,,,,,,,,
m1_3_04,3,full,float,3,1,-15.390753746032715,-0.9606747627258301,-7.8085150718688965,17.64111328125,-5.854261875152588,4.5008392333984375,-10.457535743713379,-3.773421287536621,-0.8674787878990173,-3.6912689208984375,,,,,,,,,,
m1_3_05,3,full,float,3,1,-12.222782135009766,-4.254920482635498,-4.366894721984863,14.437662124633789,-3.1415607929229736,1.6883492469787598,-7.887676239013672,-2.17002272605896,-0.9969882965087891,-1.495169758796692,,,,,,,,,,
m1_4_01,4,full,float,4,1,-15.680340766906738,-7.4270830154418945,-4.113080024719238,0.4669407606124878,5.733094215393066,-2.6213698387145996,-12.220762252807617,3.022545576095581,4.723236083984375,4.830960273742676,,,,,,,,,,
m1_4_02,4,full,float,4,1,-13.148248672485352,-7.085146903991699,-2.671278953552246,2.6556618213653564,6.809172630310059,-1.9648528099060059,-11.829675674438477,1.918250322341919,0.1770027130842209,5.371084690093994,,,,,,,,,,
m1_4_03,4,full,float,4,1,-8.831052780151367,-7.117079257965088,0.2118086814880371,4.194378852844238,5.294401168823242,-7.332976818084717,-13.818967819213867,4.337368488311768,0.9145725965499878,4.385291576385498,,,,,,,,,,
m1_4_04,4,full,float,9,0,-14.575997352600098,-5.756601810455322,-4.571349620819092,2.1509571075439453,2.6790173053741455,-1.397347331047058,-10.256328582763672,-0.022727131843566895,5.59047794342041,5.839098930358887,,,,,,,,,,
m1_4_05,4,full,float,9,0,-15.735588073730469,-2.466770648956299,-6.051663398742676,0.9161233901977539,6.706037998199463,-1.1865170001983643,-14.428702354431152,-0.5098705291748047,1.8331513404846191,8.033584594726562,,,,,,,,,,
m1_5_01,5,full,float,5,1,-6.0776567459106445,-10.828243255615234,-6.057690143585205,-6.252976417541504,-7.067706108093262,11.588144302368164,-7.509901523590088,-0.4452838897705078,4.591541767120361,3.3310625553131104,,,,,,,,,,
m1_5_02,5,full,float,5,1,-9.810977935791016,-10.761295318603516,-7.848501205444336,-1.7522385120391846,-7.034846305847168,16.234359741210938,1.9735877513885498,-13.910841941833496,2.7582390308380127,1.755658745765686,,,,,,,,,,
m1_5_03,5,full,float,5,1,-12.083992004394531,-14.598249435424805,-13.510326385498047,-0.4099538326263428,-7.274823188781738,19.17499542236328,-7.082538604736328,-9.675491333007812,1.685184121131897,10.374369621276855,,,,,,,,,,
m1_5_04,5,full,float,5,1,-8.178573608398438,-5.5936384201049805,-8.63448715209961,2.523745536804199,-7.95098352432251,14.032158851623535,-2.995100498199463,-5.4227190017700195,3.1976943016052246,-4.008872985839844,,,,,,,,,,
m1_5_05,5,full,float,5,1,-8.586803436279297,-8.721288681030273,-11.841293334960938,4.229883670806885,-8.391337394714355,14.4132661819458,0.7566359043121338,-13.688610076904297,1.2300039529800415,-0.23638680577278137,,,,,,,,,,
m1_6_01,6,full,float,6,1,0.733444094657898,-6.561777591705322,-1.3435025215148926,-5.355557441711426,-2.5125679969787598,0.226265549659729,9.448236465454102,-11.151012420654297,3.6734414100646973,-8.741584777832031,,,,,,,,,,
m1_6_02,6,full,float,6,1,-0.859871506690979,-11.323322296142578,1.7482450008392334,-3.573692798614502,-7.179231643676758,2.2351953983306885,9.014228820800781,-13.067394256591797,6.756593227386475,-5.790891170501709,,,,,,,,,,
m1_6_03,6,full,float,6,1,1.212873935699463,-9.743210792541504,0.028406620025634766,-6.495815277099609,-6.5239152908325195,1.4841711521148682,11.667411804199219,-14.805336952209473,5.677428245544434,-8.555106163024902,,,,,,,,,,
m1_6_04,6,full,float,6,1,0.6761854887008667,-9.036641120910645,0.39128541946411133,-5.825998783111572,-6.131588935852051,2.388073682785034,11.259442329406738,-14.847030639648438,4.507842540740967,-8.665571212768555,,,,,,,,,,
m1_6_05,6,full,float,6,1,-0.3256354331970215,-9.738837242126465,-1.9778846502304077,-5.925507545471191,-3.6494388580322266,4.422790050506592,10.315593719482422,-13.22653579711914,2.824605703353882,-6.631984233856201,,,,,,,,,,
m1_7_01,7,full,float,7,1,-7.613675117492676,-0.9603675603866577,-0.6779546737670898,5.3331098556518555,-4.39819860458374,-8.411672592163086,-17.199527740478516,9.119384765625,-1.8688310384750366,2.075295925140381,,,,,,,,,,
m1_7_02,7,full,float,7,1,-7.087011337280273,-6.494682312011719,-3.2876393795013428,3.937483310699463,-7.802528381347656,-5.510582447052002,-19.829402923583984,12.415021896362305,-0.454378604888916,4.2514777183532715,,,,,,,,,,
m1_7_03,7,full,float,7,1,-6.425969123840332,-4.57597541809082,0.48342156410217285,5.443556785583496,-5.41680383682251,-8.407989501953125,-18.822555541992188,9.018270492553711,-0.33712148666381836,3.6667861938476562,,,,,,,,,,
m1_7_04,7,full,float,7,1,-6.235300064086914,-3.0212934017181396,-0.6893954277038574,4.022238731384277,-12.608388900756836,-5.128869533538818,-14.920446395874023,6.875698089599609,5.444578170776367,0.6479184627532959,,,,,,,,,,
m1_7_05,7,full,float,7,1,-7.94270133972168,1.425870656967163,0.7770600914955139,4.249161720275879,-9.287918090820312,-8.46151065826416,-16.401817321777344,7.949740409851074,1.1974875926971436,-0.20444536209106445,,,,,,,,,,
m1_8_01,8,full,float,8,1,-10.23666000366211,-8.2139310836792,2.606442928314209,4.688693046569824,-3.0349183082580566,3.598057508468628,-2.9953107833862305,-3.1831116676330566,5.429749011993408,-8.745882034301758,,,,,,,,,,
m1_8_02,8,full,float,3,0,-7.90714168548584,-7.958408832550049,-4.556771278381348,6.368653297424316,-4.5396599769592285,6.009564399719238,-0.936438798904419,-9.06411361694336,6.3390936851501465,-3.1855032444000244,,,,,,,,,,
m1_8_03,8,full,float,8,1,-14.89085578918457,-4.371477127075195,4.701202869415283,5.889801979064941,-11.497282028198242,4.81845760345459,-1.319380521774292,-6.9892120361328125,10.606368064880371,-12.49410343170166,,,,,,,,,,
m1_8_04,8,full,float,8,1,-9.664223670959473,-8.562177658081055,3.149975299835205,4.82681941986084,-5.735342025756836,-0.46640366315841675,-3.4063608646392822,-5.032905578613281,11.496310234069824,-3.9943137168884277,,,,,,,,,,
m1_8_05,8,full,float,8,1,-4.912168979644775,-9.24997615814209,-5.967228889465332,2.2701847553253174,-7.185707092285156,6.679114818572998,-3.86993408203125,-1.6294845342636108,8.79864501953125,-2.2903800010681152,,,,,,,,,,
m1_9_01,9,full,float,9,1,-12.620542526245117,-10.034147262573242,-0.2631133794784546,3.666438102722168,6.591948509216309,-4.684180736541748,-14.171127319335938,-3.036264419555664,4.648834228515625,10.696372985839844,,,,,,,,,,
m1_9_02,9,full,float,9,1,-10.80988883972168,-7.59991455078125,-3.093357801437378,3.2876548767089844,4.001620769500732,-1.8730499744415283,-13.822444915771484,-0.41059720516204834,1.8415484428405762,10.057923316955566,,,,,,,,,,
m1_9_03,9,full,float,9,1,-12.701417922973633,-11.261568069458008,-4.294524192810059,1.310012936592102,8.510296821594238,-2.362250328063965,-16.169971466064453,-0.7197115421295166,0.6195791959762573,14.189053535461426,,,,,,,,,,
m1_9_04,9,full,float,9,1,-11.95766544342041,-11.376209259033203,-3.6068201065063477,3.173147678375244,6.9623918533325195,-2.8922066688537598,-13.71981143951416,-0.9659050703048706,3.086810827255249,11.588997840881348,,,,,,,,,,
m1_9_05,9,full,float,9,1,-13.946266174316406,-6.137639999389648,-4.304813861846924,1.789323091506958,8.634525299072266,-3.2421441078186035,-16.601224899291992,0.3066086769104004,1.7739813327789307,10.981136322021484,,,,,,,,,,
m6_0_01,0,full,float,0,1,12.328967094421387,-13.49325942993164,-3.4884281158447266,-4.703930854797363,-7.550227165222168,-2.230508327484131,-2.163651466369629,-3.775552988052368,-3.657127857208252,2.7605769634246826,,,,,,,,,,
m6_0_02,0,full,float,0,1,14.153761863708496,-13.06371021270752,-3.0022146701812744,-4.830470561981201,-9.192973136901855,-1.7013194561004639,-1.4771509170532227,-3.423290252685547,-6.276857852935791,0.7639811635017395,,,,,,,,,,
m6_0_03,0,full,float,0,1,12.529946327209473,-12.364435195922852,-2.8605098724365234,-4.975719928741455,-10.801592826843262,-1.7025527954101562,-5.157964706420898,0.1265857219696045,-4.1088056564331055,0.6930305361747742,,,,,,,,,,
m6_0_04,0,full,float,0,1,11.973405838012695,-11.694750785827637,-0.8399299383163452,-2.7690186500549316,-8.609174728393555,-3.9717001914978027,-5.338881969451904,-1.817580223083496,-3.9728195667266846,0.9433727264404297,,,,,,,,,,
m6_0_05,0,full,float,0,1,11.943707466125488,-14.754396438598633,-2.544461250305176,-3.386809825897217,-12.357446670532227,-1.4965996742248535,-4.488926410675049,-1.037961483001709,-0.32573527097702026,0.5289018750190735,,,,,,,,,,
m6_1_01,1,full,float,1,1,1.4971908330917358,3.9942779541015625,-1.454351782798767,-8.803398132324219,0.37467044591903687,-1.6270898580551147,1.6396610736846924,-6.384593963623047,-1.1064893007278442,-6.399260997772217,,,,,,,,,,
m6_1_02,1,full,float,7,0,-0.8728716969490051,-1.1517150402069092,-1.03911554813385,-0.03618115186691284,2.4356706142425537,-5.3529462814331055,-4.296255588531494,2.6405866146087646,-2.709329605102539,-1.7518900632858276,,,,,,,,,,
m6_1_03,1,full,float,1,1,-0.36406052112579346,7.306517601013184,-1.2415552139282227,-9.475457191467285,1.5387381315231323,-2.977355480194092,-0.9009852409362793,-4.706493854522705,-1.302722454071045,-7.09247350692749,,,,,,,,,,
m6_1_04,1,full,float,1,1,-3.006654739379883,7.225282669067383,-3.0729732513427734,-7.155092239379883,2.8271820545196533,-4.306763648986816,-3.990478992462158,-3.111762285232544,-0.213934987783432,-3.3013508319854736,,,,,,,,,,
m6_1_05,1,full,float,1,1,-3.5963969230651855,3.7485435009002686,-1.8204749822616577,-0.5368468165397644,0.18489915132522583,-3.489325761795044,-5.064029693603516,-0.3634096384048462,0.21334043145179749,-0.5390498042106628,,,,,,,,,,
m6_2_01,2,full,float,2,1,-2.770749568939209,2.393134593963623,17.50031280517578,-0.9633325338363647,-15.771272659301758,-11.349031448364258,-10.30174446105957,1.0051229000091553,2.0798614025115967,-11.01130485534668,,,,,,,,,,
m6_2_02,2,full,float,0,0,6.080586910247803,-9.449316024780273,6.027996063232422,-2.0501933097839355,-6.775130271911621,-5.162164211273193,0.5217690467834473,-3.4830493927001953,-0.2536807060241699,-9.770892143249512,,,,,,,,,,
m6_2_03,2,full,float,2,1,1.9093382358551025,-3.8423399925231934,12.471091270446777,1.3327350616455078,-14.867911338806152,-7.63286828994751,-1.8736660480499268,-5.2963409423828125,0.8663296699523926,-13.123724937438965,,,,,,,,,,
m6_2_04,2,full,float,2,1,-1.8030617237091064,2.9666247367858887,14.701181411743164,-1.3338513374328613,-12.234611511230469,-8.372588157653809,-5.385035514831543,-2.888821840286255,0.769017219543457,-14.844493865966797,,,,,,,,,,
m6_2_05,2,full,float,2,1,-0.8896023035049438,3.150862216949463,16.71403694152832,-2.3755035400390625,-14.359615325927734,-10.17990779876709,-6.12817907333374,-4.177618980407715,3.103259563446045,-15.502594947814941,,,,,,,,,,
m6_3_01,3,full,float,3,1,-16.053556442260742,-5.2063703536987305,-4.72703218460083,19.24629020690918,-6.4666900634765625,1.086971640586853,-12.881392478942871,-1.0281680822372437,-0.45452651381492615,-0.03332531452178955,,,,,,,,,,
m6_3_02,3,full,float,3,1,-12.245786666870117,-4.067355155944824,-3.2290148735046387,13.835061073303223,-4.596102237701416,-1.8775153160095215,-12.334050178527832,1.5141208171844482,-1.1390124559402466,1.100977897644043,,,,,,,,,,
m6_3_03,3,full,float,1,0,-6.764360427856445,1.8323566913604736,-3.126220703125,1.2872107028961182,1.1975457668304443,0.12359017133712769,-3.941758632659912,-2.2341041564941406,-0.21561013162136078,-1.767656922340393,,,,,,,,,,
m6_3_04,3,full,float,3,1,-3.9980905055999756,-1.7772382497787476,-0.3778473734855652,2.645470142364502,-3.768291473388672,1.1668906211853027,-2.122551441192627,-1.9599025249481201,2.589775323867798,-1.1329967975616455,,,,,,,,,,
m6_3_05,3,full,float,3,1,-11.51211166381836,-5.309413909912109,-2.1600799560546875,9.732824325561523,-2.0271151065826416,-0.6921265721321106,-11.063155174255371,1.620283603668213,-2.3030495643615723,2.399780750274658,,,,,,,,,,
m6_4_01,4,full,float,4,1,-9.285752296447754,-8.518980026245117,0.3156203031539917,-2.176985263824463,10.164535522460938,-1.9115631580352783,-7.236020565032959,-3.0073769092559814,0.20263858139514923,2.690601110458374,,,,,,,,,,
m6_4_02,4,full,float,4,1,-9.677447319030762,-9.767254829406738,-0.10102307796478271,-0.09113788604736328,9.198129653930664,-1.8953396081924438,-8.86086654663086,-2.191974401473999,0.4702165126800537,5.248313903808594,,,,,,,,,,
m6_4_03,4,full,float,9,0,-12.675485610961914,-6.316346168518066,-5.45146369934082,-0.18047797679901123,8.452990531921387,-0.8900490999221802,-12.327677726745605,-1.796714186668396,0.6095365881919861,10.024372100830078,,,,,,,,,,
m6_4_04,4,full,float,4,1,-1.505616307258606,-7.381617069244385,-1.822790265083313,-5.217629432678223,4.077264785766602,-2.3509175777435303,1.1496784687042236,-5.76718807220459,1.357741355895996,1.295520544052124,,,,,,,,,,
m6_4_05,4,full,float,9,0,-9.215499877929688,-8.267667770385742,-6.284830570220947,-0.5285444259643555,6.06959342956543,-2.8000073432922363,-12.615924835205078,-1.5700788497924805,2.849388360977173,12.45172119140625,,,,,,,,,,
m6_5_01,5,full,float,5,1,-10.349786758422852,-3.5732274055480957,-5.9271416664123535,3.3774876594543457,-8.827713966369629,10.674023628234863,-4.815578460693359,-6.250700950622559,4.039031505584717,0.3240692615509033,,,,,,,,,,
m6_5_02,5,full,float,5,1,-11.420926094055176,-3.583630323410034,-10.717049598693848,7.563623428344727,-11.743581771850586,12.964323043823242,-4.648687839508057,-10.447795867919922,4.457730293273926,-0.8187570571899414,,,,,,,,,,
m6_5_03,5,full,float,5,1,-11.84859848022461,-3.7126400470733643,-0.5297043323516846,2.364501714706421,-9.736322402954102,6.6905364990234375,-9.191522598266602,-2.926140785217285,5.355091571807861,1.1562001705169678,,,,,,,,,,
m6_5_04,5,full,float,5,1,-12.867923736572266,-1.4529898166656494,-8.39912223815918,8.926650047302246,-13.024396896362305,9.965707778930664,-9.996637344360352,-5.4989142417907715,3.6022350788116455,0.14361704885959625,,,,,,,,,,
m6_5_05,5,full,float,5,1,-7.992708206176758,-7.306366920471191,-5.290359973907471,1.3390944004058838,-5.322669982910156,8.638350486755371,-5.536716461181641,-2.1018619537353516,2.2274320125579834,3.258810043334961,,,,,,,,,,
m6_6_01,6,full,float,6,1,0.8429479598999023,-10.788923263549805,-2.8175082206726074,-6.6458821296691895,-4.199943542480469,1.9005067348480225,12.362302780151367,-12.316305160522461,5.39499568939209,-6.649820327758789,,,,,,,,,,
m6_6_02,6,full,float,6,1,-3.277204990386963,-0.5520370006561279,0.49576669931411743,1.002429723739624,-1.9552011489868164,0.5252138376235962,1.904115080833435,-2.0665841102600098,-0.5758123993873596,-4.978228569030762,,,,,,,,,,
m6_6_03,6,full,float,6,1,0.11696290969848633,-7.2622175216674805,-1.8718029260635376,-6.189641952514648,-4.667073726654053,3.2498655319213867,9.632235527038574,-12.546911239624023,4.549360752105713,-7.263619899749756,,,,,,,,,,
m6_6_04,6,full,float,6,1,1.9090321063995361,-1.0045664310455322,-1.020552635192871,-7.370144844055176,-3.514601230621338,-0.015664339065551758,6.532443523406982,-9.663354873657227,1.7548327445983887,-8.803343772888184,,,,,,,,,,
m6_6_05,6,full,float,6,1,-1.20903742313385,-10.7141752243042,-1.0358004570007324,-6.218298435211182,-3.415693998336792,3.6985883712768555,11.55195426940918,-14.179640769958496,5.3111114501953125,-9.596834182739258,,,,,,,,,,
m6_7_01,7,full,float,7,1,-7.6627349853515625,-2.592906951904297,1.4558029174804688,6.747475624084473,-5.478693008422852,-9.39272689819336,-20.05718421936035,9.293050765991211,-2.0595600605010986,2.2523891925811768,,,,,,,,,,
m6_7_02,7,full,float,7,1,-5.081785202026367,0.7317690849304199,3.384183406829834,3.60599422454834,-6.3609490394592285,-9.224987030029297,-11.428519248962402,5.439247131347656,2.1593782901763916,-1.2446891069412231,,,,,,,,,,
m6_7_03,7,full,float,7,1,-3.8124077320098877,-1.5711612701416016,2.8635447025299072,3.6414601802825928,-4.396490097045898,-8.511438369750977,-16.59979248046875,8.060128211975098,-4.1315107345581055,1.066618800163269,,,,,,,,,,
m6_7_04,7,full,float,7,1,-6.593414783477783,0.8462573289871216,0.9089815616607666,5.035181999206543,-7.028507232666016,-7.438961505889893,-12.461076736450195,5.2987380027771,2.3601653575897217,-0.6238583326339722,,,,,,,,,,
m6_7_05,7,full,float,7,1,-6.689308166503906,-0.38506269454956055,1.869858980178833,5.340541362762451,-3.988313674926758,-9.509817123413086,-15.359781265258789,7.805348873138428,-0.7021325826644897,0.5808005332946777,,,,,,,,,,
m6_8_01,8,full,float,8,1,-4.143248558044434,-9.690692901611328,1.343982458114624,1.05787992477417,-6.21903133392334,-3.421663284301758,-7.502256870269775,-2.222733974456787,12.803351402282715,1.340762972831726,,,,,,,,,,
m6_8_02,8,full,float,8,1,-4.97619104385376,-7.445897579193115,3.537466049194336,-1.5768300294876099,-5.120536804199219,-1.8517130613327026,-0.7053889036178589,-4.952895164489746,13.442022323608398,-3.9361300468444824,,,,,,,,,,
m6_8_03,8,full,float,8,1,-8.184846878051758,-11.23419189453125,1.8393323421478271,3.6342740058898926,-13.322443008422852,1.6988394260406494,-2.2817373275756836,-7.938582420349121,16.847057342529297,-2.7413783073425293,,,,,,,,,,
m6_8_04,8,full,float,8,1,-3.519015312194824,-9.249332427978516,6.157799243927002,1.8688061237335205,-7.528868675231934,-4.528197288513184,-7.585100173950195,-4.772353172302246,12.948898315429688,-0.8671717047691345,,,,,,,,,,
m6_8_05,8,full,float,8,1,-5.89565372467041,-4.547325611114502,0.12050914764404297,1.8401134014129639,-5.273523330688477,0.25007396936416626,2.401067018508911,-5.477513313293457,7.600461483001709,-4.929632663726807,,,,,,,,,,
m6_9_01,9,full,float,9,1,-8.663894653320312,-2.2602546215057373,-2.5658042430877686,3.200038433074951,-1.9046664237976074,-2.425705909729004,-13.878641128540039,3.7761518955230713,0.1643066108226776,5.717601299285889,,,,,,,,,,
m6_9_02,9,full,float,9,1,-13.28255844116211,-5.697193145751953,-6.777813911437988,-1.2268650531768799,3.614717721939087,0.17254161834716797,-13.007999420166016,-1.9062747955322266,3.3429477214813232,12.115076065063477,,,,,,,,,,
m6_9_03,9,full,float,9,1,-8.318014144897461,-2.625843048095703,-2.9572489261627197,2.22705340385437,-0.22855103015899658,-3.749528646469116,-13.82038688659668,2.575791597366333,2.273085117340088,7.00416374206543,,,,,,,,,,
m6_9_04,9,full,float,9,1,-12.417197227478027,-5.011425018310547,-4.319840431213379,-1.2767597436904907,5.312872886657715,-2.1585028171539307,-12.65261459350586,-0.2729616165161133,2.8787646293640137,10.088651657104492,,,,,,,,,,
m6_9_05,9,full,float,9,1,-10.09655475616455,-7.195023059844971,-4.0268073081970215,2.9608659744262695,2.427952289581299,-3.488255023956299,-15.079791069030762,2.3891959190368652,0.7796059846878052,10.585248947143555,,,,,,,,,,
m8_0_01,0,full,float,0,1,6.702272891998291,-7.532210350036621,-0.27921414375305176,-2.4717650413513184,-5.274303436279297,-2.247291088104248,-4.047130584716797,-2.746060848236084,-2.111030101776123,1.608093023300171,,,,,,,,,,
m8_1_01,1,full,float,1,1,-2.0879204273223877,5.100617408752441,-2.735685348510742,-5.859979629516602,0.9289742112159729,-2.6621785163879395,-2.437870740890503,-1.4309874773025513,-0.17458952963352203,-2.955197334289551,,,,,,,,,,
m8_2_01,2,full,float,2,1,-2.9176440238952637,3.085535764694214,10.123710632324219,-0.1798955202102661,-10.594671249389648,-7.393496036529541,-10.320935249328613,0.06592917442321777,0.27344757318496704,-4.411358833312988,,,,,,,,,,
m8_3_01,3,full,float,3,1,-12.237728118896484,-3.81656813621521,-5.701317310333252,12.683918952941895,-4.374236106872559,2.5182816982269287,-9.715396881103516,-3.716364860534668,2.2837517261505127,2.5465598106384277,,,,,,,,,,
m8_4_01,4,full,float,4,1,-5.701299667358398,-4.259964466094971,-5.238068103790283,-3.196521520614624,3.169393539428711,0.5916908979415894,-4.103748798370361,2.2745518684387207,2.439032793045044,1.5142974853515625,,,,,,,,,,
m8_5_01,5,full,float,5,1,-11.937089920043945,-8.153667449951172,-9.691826820373535,5.812314510345459,-4.525884628295898,13.02584171295166,-6.950042247772217,-6.94998836517334,2.3034658432006836,4.524855613708496,,,,,,,,,,
m8_6_01,6,full,float,6,1,-4.243563652038574,-6.583973407745361,-4.157539367675781,-1.1743748188018799,-2.368147373199463,4.4434709548950195,6.667387962341309,-10.038724899291992,4.492863655090332,-7.180964946746826,,,,,,,,,,
m8_7_01,7,full,float,7,1,-4.827723026275635,-0.6742390394210815,0.9684580564498901,2.9168105125427246,-3.4242100715637207,-2.568902015686035,-9.84621810913086,4.686013698577881,-2.366321086883545,0.46725717186927795,,,,,,,,,,
m8_8_01,8,full,float,8,1,-4.335239410400391,-8.103919982910156,0.7217259407043457,2.6500937938690186,-6.395872116088867,-3.0228850841522217,-4.4320068359375,-4.648199081420898,12.687498092651367,0.3491695523262024,,,,,,,,,,
m8_9_01,9,full,float,9,1,-8.767332077026367,-4.9084978103637695,-3.335261106491089,-0.4255298972129822,6.612136363983154,-3.7798540592193604,-10.279995918273926,-1.2868342399597168,3.156644821166992,8.047520637512207,,,,,,,,,,
m8_0_02,0,full,float,0,1,6.494802474975586,-5.748142242431641,0.5495436191558838,-3.4200501441955566,-5.398675441741943,-3.6024723052978516,-2.853726387023926,-2.2862894535064697,-0.8398081660270691,-2.5905022621154785,,,,,,,,,,
m8_0_03,0,full,float,0,1,6.979590892791748,-6.184490203857422,-2.076098918914795,-5.087337970733643,-5.628434181213379,-1.631744146347046,0.931104302406311,-3.881783962249756,-0.8965884447097778,-2.2890970706939697,,,,,,,,,,
m8_0_04,0,full,float,0,1,7.204919338226318,-6.268221378326416,0.3300642967224121,-2.668300151824951,-5.805939674377441,-2.8806118965148926,-2.976651191711426,-3.2050747871398926,-1.6405233144760132,-1.4781825542449951,,,,,,,,,,
m8_0_05,0,full,float,0,1,9.036301612854004,-10.111157417297363,-2.3488757610321045,-3.7192959785461426,-7.091732501983643,-2.643587112426758,-1.0755369663238525,-3.9336512088775635,-0.16477638483047485,0.2555580139160156,,,,,,,,,,
m8_1_02,1,full,float,1,1,-1.8648366928100586,6.8112616539001465,-3.5964279174804688,-8.3892822265625,1.3497390747070312,-3.052671432495117,-1.8935151100158691,-3.3777079582214355,-0.3258533477783203,-5.10568904876709,,,,,,,,,,
m8_1_03,1,full,float,1,1,-4.778955936431885,7.196963787078857,4.11731481552124,-0.3436160087585449,-9.934595108032227,-4.676275253295898,-6.38717794418335,-2.26850962638855,2.44659161567688,-6.902243137359619,,,,,,,,,,
m8_1_04,1,full,float,7,0,-3.9569895267486572,1.1218966245651245,-1.120226263999939,1.9914932250976562,1.7769386768341064,-2.8039915561676025,-3.9499921798706055,2.1504814624786377,-2.358088731765747,-4.031820297241211,,,,,,,,,,
m8_1_05,1,full,float,1,1,-2.512338161468506,7.679891586303711,-2.879209518432617,-8.373025894165039,2.624033212661743,-4.133260250091553,-3.2535293102264404,-3.847444534301758,-0.14811721444129944,-4.222227096557617,,,,,,,,,,
m8_2_02,2,full,float,2,1,-5.253232955932617,9.571742057800293,14.133078575134277,-2.0689051151275635,-11.47856330871582,-8.309186935424805,-10.204544067382812,-0.30736732482910156,-2.5339646339416504,-12.882285118103027,,,,,,,,,,
m8_2_03,2,full,float,2,1,-3.139911651611328,6.668968200683594,9.10316276550293,-3.514909267425537,-3.9132304191589355,-4.86496114730835,-5.508755207061768,-3.8231184482574463,-1.7394895553588867,-10.391894340515137,,,,,,,,,,
m8_2_04,2,full,float,2,1,-5.716845512390137,6.700821876525879,13.40455436706543,0.619560718536377,-8.395036697387695,-7.874460697174072,-10.148027420043945,2.05344557762146,-3.9321751594543457,-13.05211353302002,,,,,,,,,,
m8_2_05,2,full,float,2,1,-0.4870108962059021,5.506478786468506,14.353612899780273,-7.674696922302246,-7.597555637359619,-5.848276615142822,-4.2265625,-4.367408275604248,-1.8663458824157715,-14.00613021850586,,,,,,,,,,
m8_3_02,3,full,float,3,1,-11.142120361328125,-3.9405357837677,-5.911440372467041,15.064059257507324,-6.487067222595215,1.539426565170288,-10.370007514953613,-2.880387783050537,1.3212332725524902,0.8685489892959595,,,,,,,,,,
m8_3_03,3,full,float,3,1,-7.542463302612305,-4.061603546142578,-1.2045605182647705,7.305290699005127,-4.799019813537598,0.5935957431793213,-4.841395854949951,-2.3469202518463135,3.7564609050750732,0.048474859446287155,,,,,,,,,,
m8_3_04,3,full,float,3,1,-11.704204559326172,-2.8773953914642334,-5.190685749053955,12.717449188232422,-6.084441661834717,3.1015660762786865,-13.213587760925293,-0.4926871061325073,-3.251612424850464,2.2595534324645996,,,,,,,,,,
m8_3_05,3,full,float,3,1,-14.928975105285645,-5.172497272491455,-9.403018951416016,18.602262496948242,-6.895166397094727,4.837786674499512,-11.962772369384766,-5.034171104431152,1.0625617504119873,1.8500739336013794,,,,,,,,,,
m8_4_02,4,full,float,4,1,-8.259928703308105,-6.863587856292725,-2.313957691192627,-4.575932025909424,10.265814781188965,-1.892493486404419,-2.9269628524780273,-3.291411876678467,0.8556442856788635,-0.6722093224525452,,,,,,,,,,
m8_4_03,4,full,float,4,1,-4.930111885070801,-0.8859635591506958,0.14749157428741455,-3.2309160232543945,7.900716781616211,-4.725862979888916,-4.25848913192749,-2.1638755798339844,-2.197988510131836,-1.6980817317962646,,,,,,,,,,
m8_4_04,4,full,float,4,1,-5.503524303436279,-6.900524616241455,-2.712254524230957,-4.805693626403809,10.945259094238281,-2.9052655696868896,-2.898996114730835,0.11215806007385254,-2.3672285079956055,-3.6358494758605957,,,,,,,,,,
m8_4_05,4,full,float,4,1,-9.481819152832031,-6.538761138916016,-3.3609280586242676,-2.5172581672668457,10.426217079162598,-0.731037437915802,-3.603849411010742,-1.5368118286132812,0.038782715797424316,-1.9258631467819214,,,,,,,,,,
m8_5_02,5,full,float,5,1,-12.001810073852539,-8.151926040649414,-12.845979690551758,6.547245025634766,-5.692992687225342,15.248023986816406,-4.920776844024658,-8.85997200012207,0.33153587579727173,3.85614275932312,,,,,,,,,,
m8_5_03,5,full,float,5,1,-10.851821899414062,-6.589208602905273,-9.795397758483887,2.989149332046509,-1.9891518354415894,11.193685531616211,-3.9954640865325928,-5.974930763244629,-1.120841145515442,4.929601669311523,,,,,,,,,,
m8_5_04,5,full,float,5,1,-11.969644546508789,-6.4842658042907715,-9.01030158996582,3.2150955200195312,-4.895977020263672,14.177576065063477,-5.609172821044922,-9.68950080871582,0.9705933332443237,4.758723258972168,,,,,,,,,,
m8_5_05,5,full,float,5,1,-11.040431022644043,-6.414571762084961,-6.668931007385254,-1.0907082557678223,-3.9375452995300293,13.240543365478516,-4.1056294441223145,-7.523909091949463,2.2730703353881836,4.5038533210754395,,,,,,,,,,
m8_6_02,6,full,float,6,1,1.2562966346740723,-4.272130966186523,-1.7996535301208496,-7.352068901062012,-1.4001997709274292,0.5172808170318604,7.557944297790527,-10.819696426391602,2.131526231765747,-7.885756015777588,,,,,,,,,,
m8_6_03,6,full,float,6,1,-1.3392926454544067,-4.80937385559082,-0.23707616329193115,-6.177404403686523,0.17702066898345947,0.6559986472129822,5.308366775512695,-10.374221801757812,3.9236948490142822,-7.044162750244141,,,,,,,,,,
m8_6_04,6,full,float,6,1,-0.9025161266326904,-7.013912200927734,-2.2209973335266113,-6.077293872833252,-2.231868267059326,2.8896608352661133,9.575275421142578,-13.105477333068848,4.300098419189453,-8.172562599182129,,,,,,,,,,
m8_6_05,6,full,float,6,1,0.3643956184387207,-4.769800662994385,-4.104901313781738,-5.937631607055664,-2.62823224067688,1.4948668479919434,7.70762825012207,-9.06941032409668,2.677140235900879,-5.707365989685059,,,,,,,,,,
m8_7_02,7,full,float,7,1,-7.060784339904785,0.39875495433807373,0.5191243290901184,5.439664840698242,-5.239459037780762,-5.821197032928467,-12.615070343017578,6.169370651245117,-1.0033729076385498,-0.1027623787522316,,,,,,,,,,
m8_7_03,7,full,float,7,1,-4.57774543762207,1.4896602630615234,0.18725040555000305,1.7149617671966553,-3.731166362762451,-6.469877243041992,-9.027822494506836,4.302938461303711,1.7509632110595703,0.018390417098999023,,,,,,,,,,
m8_7_04,7,full,float,7,1,-1.6072967052459717,0.24811100959777832,2.0683155059814453,-0.2259845733642578,-3.940457820892334,-4.604805946350098,-5.430013656616211,2.393747091293335,1.5532914400100708,-0.31924137473106384,,,,,,,,,,
m8_7_05,7,full,float,7,1,-7.820145606994629,1.0072195529937744,-0.7264729142189026,4.125292778015137,-4.16663932800293,-5.484732627868652,-12.401960372924805,4.918875694274902,-0.5775469541549683,1.8124802112579346,,,,,,,,,,
m8_8_02,8,full,float,8,1,-5.476706504821777,-6.475477695465088,0.3306620121002197,1.5141860246658325,-7.376515865325928,-3.3005433082580566,-4.6007890701293945,-5.762373924255371,14.537250518798828,-1.9013007879257202,,,,,,,,,,
m8_8_03,8,full,float,5,0,1.0416467189788818,-2.838937282562256,-0.3335225284099579,-4.661848068237305,-2.9188120365142822,2.21252179145813,-2.968313694000244,-0.14898234605789185,1.320433259010315,-0.2939874529838562,,,,,,,,,,
m8_8_04,8,full,float,8,1,1.3212285041809082,-2.888439893722534,0.4368228614330292,-4.393528938293457,-0.3618718385696411,1.0442516803741455,-1.2857439517974854,-1.9271316528320312,1.5069140195846558,-1.567603349685669,,,,,,,,,,
m8_8_05,8,full,float,8,1,-7.151780128479004,-7.090888500213623,-1.0414760112762451,2.871323585510254,-7.755629539489746,-0.3899235725402832,-3.067931652069092,-8.647005081176758,14.897150993347168,-3.673168420791626,,,,,,,,,,
m8_9_02,9,full,float,9,1,-7.279742240905762,-3.002880334854126,-3.5472209453582764,-1.0855755805969238,6.358088493347168,-4.042832851409912,-9.584681510925293,-0.6014071702957153,2.2294063568115234,6.603671550750732,,,,,,,,,,
m8_9_03,9,full,float,4,0,-9.810839653015137,-1.9250402450561523,-3.9377224445343018,-0.5486464500427246,7.460805892944336,-4.443418502807617,-11.710936546325684,-0.8892009258270264,1.3802282810211182,7.1283698081970215,,,,,,,,,,
m8_9_04,9,full,float,9,1,-8.733217239379883,-5.327578544616699,-2.179304599761963,-0.37660765647888184,5.7762370109558105,-4.174973487854004,-12.26922607421875,0.3193960189819336,2.2241287231445312,8.701254844665527,,,,,,,,,,
m8_9_05,9,full,float,9,1,-11.893720626831055,-6.902237892150879,-3.3620033264160156,1.1417601108551025,6.42793083190918,-3.134690284729004,-12.959858894348145,-2.4974284172058105,3.515505313873291,10.796667098999023,,,,,,,,,,
m5_0_01,0,full,float,8,0,2.7716119289398193,-4.639683246612549,0.11201925575733185,-2.90215802192688,-2.6589555740356445,-3.605808973312378,-2.935478687286377,-3.3634042739868164,2.7806272506713867,0.05466051399707794,,,,,,,,,,
m5_0_02,0,full,float,0,1,4.0176191329956055,-3.900423049926758,0.09090586006641388,-4.813935279846191,-4.434762001037598,-3.2804808616638184,-2.6371042728424072,-0.5259034633636475,1.0213663578033447,-1.740609884262085,,,,,,,,,,
m5_0_03,0,full,float,0,1,6.536577224731445,-7.105356216430664,-2.430449962615967,-4.6890106201171875,-3.729351043701172,-3.723100423812866,-0.9211666584014893,-4.142041206359863,-0.2205827832221985,0.4657840132713318,,,,,,,,,,
m5_0_04,0,full,float,0,1,3.9737765789031982,-5.793783664703369,0.4109240174293518,-4.067744255065918,-2.2684547901153564,-6.791935920715332,-5.566553592681885,-2.0969738960266113,1.8811681270599365,0.0699569582939148,,,,,,,,,,
m5_1_01,1,full,float,1,1,-3.3377833366394043,8.439722061157227,-4.0428314208984375,-10.604792594909668,3.5490241050720215,-3.846914529800415,-3.6326396465301514,-4.576435565948486,-1.290279746055603,-4.3774237632751465,,,,,,,,,,
m5_1_02,1,full,float,1,1,-1.7375743389129639,8.222893714904785,-3.5165891647338867,-10.347017288208008,2.388317584991455,-4.872004508972168,-3.745551109313965,-3.7246968746185303,-1.3146191835403442,-4.697720050811768,,,,,,,,,,
m5_1_03,1,full,float,1,1,-3.905524969100952,7.887479782104492,-2.7096574306488037,-6.10014009475708,1.3858979940414429,-6.033344268798828,-6.75248384475708,-1.7170343399047852,-0.03697550296783447,-2.3903913497924805,,,,,,,,,,
m5_1_04,1,full,float,1,1,-2.3353545665740967,8.782574653625488,-2.66715407371521,-8.519864082336426,1.2309622764587402,-5.826442718505859,-4.495141983032227,-3.499070644378662,0.011730611324310303,-5.782175540924072,,,,,,,,,,
m5_2_01,2,full,float,2,1,1.7899408340454102,2.005894184112549,10.517566680908203,-4.38706636428833,-11.142768859863281,-7.2611212730407715,-3.888643741607666,-5.071390151977539,3.511352062225342,-9.960637092590332,,,,,,,,,,
m5_2_02,2,full,float,2,1,-2.5454654693603516,0.24260377883911133,10.3084077835083,2.3054678440093994,-13.662473678588867,-11.435308456420898,-8.718417167663574,-0.26640748977661133,4.488495349884033,-5.4777421951293945,,,,,,,,,,
m5_2_03,2,full,float,2,1,0.6032962799072266,3.7955410480499268,6.237522125244141,-3.371772289276123,-6.132941246032715,-5.749769687652588,-2.4586586952209473,-3.389615774154663,0.8620530962944031,-7.734433174133301,,,,,,,,,,
m5_2_04,2,full,float,2,1,0.053024083375930786,-2.1852951049804688,10.846855163574219,-0.6746495962142944,-9.76164436340332,-7.0492658615112305,-2.3832998275756836,-2.9635093212127686,2.5009961128234863,-8.316210746765137,,,,,,,,,,
m5_3_01,3,full,float,3,1,-7.257007598876953,-3.495673656463623,-2.0953571796417236,4.085512638092041,1.343015193939209,-0.7971674799919128,-6.76131010055542,0.293910950422287,-1.2299420833587646,3.2100462913513184,,,,,,,,,,
m5_3_02,3,full,float,3,1,-9.337713241577148,-2.743865489959717,-3.9932167530059814,10.99826431274414,-4.42302131652832,0.2911671996116638,-7.060422420501709,-0.7936347723007202,0.38405781984329224,-0.10216554254293442,,,,,,,,,,
m5_3_03,3,full,float,3,1,-5.100881576538086,-3.421403408050537,-1.5272992849349976,3.915801525115967,-0.5640860795974731,-1.9545780420303345,-5.231899738311768,0.1171061098575592,0.42835894227027893,2.8637406826019287,,,,,,,,,,
m5_3_04,3,full,float,3,1,-9.460538864135742,-5.261606216430664,-3.5706052780151367,5.87320613861084,-0.06826519966125488,1.7514009475708008,-5.848989963531494,0.6340964436531067,-1.852504849433899,2.3382954597473145,,,,,,,,,,
m5_4_01,4,full,float,4,1,-5.197147846221924,-6.4307451248168945,-1.1431076526641846,-3.413583278656006,5.46390962600708,-2.2947332859039307,-2.3470375537872314,-5.623701095581055,3.613241672515869,0.9639830589294434,,,,,,,,,,
m5_4_02,4,full,float,4,1,-7.492692947387695,-7.481566429138184,-3.3239169120788574,-3.8223912715911865,9.005147933959961,-1.9032841920852661,-8.176484107971191,-1.541505217552185,-0.9649338722229004,6.978796005249023,,,,,,,,,,
m5_4_03,4,full,float,4,1,-5.025185585021973,-6.383969306945801,1.8593332767486572,-2.1398332118988037,2.6934518814086914,-1.7442500591278076,0.3235797882080078,-4.3858489990234375,1.2434161901474,-0.977511465549469,,,,,,,,,,
m5_4_04,4,full,float,4,1,-6.769683837890625,-10.055171012878418,-0.6495068073272705,-2.215399742126465,6.390265464782715,-2.082430362701416,-6.820948600769043,-1.764369010925293,-0.6046261787414551,6.079972743988037,,,,,,,,,,
m5_5_01,5,full,float,5,1,-9.668444633483887,-5.683337688446045,-6.038638114929199,2.7071614265441895,-2.4361886978149414,9.330774307250977,-4.539189338684082,-4.500204563140869,2.6091020107269287,2.656386137008667,,,,,,,,,,
m5_5_02,5,full,float,5,1,-6.33574104309082,-3.4917550086975098,-3.7870943546295166,-1.4159412384033203,0.2924995422363281,4.85446310043335,-5.324807167053223,-0.9493621587753296,1.8419026136398315,1.7668938636779785,,,,,,,,,,
m5_5_03,5,full,float,5,1,-8.196481704711914,-7.916182518005371,-8.273981094360352,-3.093994379043579,-3.3029732704162598,10.782045364379883,-5.293718338012695,-2.1555089950561523,4.760079383850098,3.019139528274536,,,,,,,,,,
m5_5_04,5,full,float,5,1,-6.69672966003418,-5.7533416748046875,-3.2152295112609863,-1.7078499794006348,-1.7941739559173584,5.571550369262695,-2.3495523929595947,-4.5003862380981445,4.561992645263672,2.818179130554199,,,,,,,,,,
m5_6_01,6,full,float,6,1,-1.8071229457855225,-6.264139175415039,-2.8128809928894043,-2.2091867923736572,-2.438319206237793,1.1845428943634033,5.70987606048584,-8.418193817138672,5.003343105316162,-3.439923048019409,,,,,,,,,,
m5_6_02,6,full,float,6,1,-4.231067657470703,-5.9540581703186035,-3.481896162033081,-1.473978042602539,-0.7753418684005737,2.8783254623413086,6.362993240356445,-8.752863883972168,3.389662742614746,-5.4558305740356445,,,,,,,,,,
m5_6_03,6,full,float,6,1,-1.064211368560791,-4.411261081695557,-1.2397501468658447,-4.514416694641113,-0.00726318359375,0.1550307273864746,4.619338512420654,-6.832311153411865,3.3462674617767334,-3.2556045055389404,,,,,,,,,,
m5_6_04,6,full,float,6,1,-2.107236862182617,-1.0755751132965088,-1.7300126552581787,-0.3415825366973877,-3.974120616912842,-0.23430702090263367,4.6174421310424805,-7.829381942749023,2.9144287109375,-8.82213306427002,,,,,,,,,,
m5_7_01,7,full,float,3,0,-5.390738487243652,-1.42485773563385,1.5190706253051758,4.877407073974609,-5.786447525024414,-6.913986682891846,-11.906858444213867,4.00380277633667,2.267622947692871,1.7640327215194702,,,,,,,,,,
m5_7_02,7,full,float,7,1,-7.859671592712402,0.5923670530319214,1.0997165441513062,5.009469032287598,-3.632068634033203,-6.653140068054199,-14.27845573425293,8.593817710876465,-2.9483797550201416,-0.816955029964447,,,,,,,,,,
m5_7_03,7,full,float,7,1,-7.049908638000488,0.9293596744537354,0.9189189672470093,3.230290412902832,-2.2153332233428955,-7.549221038818359,-13.06243896484375,6.409582138061523,-0.746860682964325,0.9738982915878296,,,,,,,,,,
m5_7_04,7,full,float,7,1,-5.761467933654785,-1.3730782270431519,1.7412487268447876,4.2585129737854,-2.0557026863098145,-7.244380950927734,-11.691728591918945,6.273299217224121,-0.6119203567504883,0.6639745235443115,,,,,,,,,,
m5_8_01,8,full,float,8,1,-3.6474413871765137,-5.52678918838501,-1.1200459003448486,-1.862565040588379,-2.1393580436706543,-2.0407819747924805,-4.880917072296143,-4.034039497375488,8.558162689208984,3.607085704803467,,,,,,,,,,
m5_8_02,8,full,float,8,1,-0.7626059055328369,-0.5418510437011719,0.9709815382957458,-2.680406332015991,-5.95404577255249,-2.8078432083129883,-1.9073208570480347,-4.497591018676758,7.08730936050415,-3.3552985191345215,,,,,,,,,,
m5_8_03,8,full,float,8,1,-4.520092010498047,-6.415737152099609,-3.474729061126709,1.5247589349746704,-3.8210463523864746,-2.693742275238037,-5.512084007263184,-5.232200622558594,11.018304824829102,3.2787926197052,,,,,,,,,,
m5_8_04,8,full,float,8,1,-2.6252999305725098,-3.2167813777923584,0.20688199996948242,-1.8193638324737549,-0.8490623235702515,-6.187215328216553,-7.7772064208984375,-1.9731953144073486,8.6475191116333,1.09409761428833,,,,,,,,,,
m5_9_01,9,full,float,9,1,-6.12253475189209,-0.04102826118469238,-2.9641523361206055,2.0243074893951416,0.32234418392181396,-4.281498432159424,-10.150196075439453,1.6037659645080566,0.6065008640289307,4.336301326751709,,,,,,,,,,
m5_9_02,9,full,float,9,1,-7.919016361236572,-0.8524987101554871,-1.8497610092163086,2.12721586227417,2.563117742538452,-2.3868813514709473,-9.511834144592285,0.553215742111206,0.11082418262958527,4.579263687133789,,,,,,,,,,
m5_9_03,9,full,float,9,1,-7.6516571044921875,1.7068861722946167,-2.8832573890686035,2.502871036529541,0.6984703540802002,-4.607257843017578,-9.477627754211426,1.2058744430541992,1.2417939901351929,2.8421194553375244,,,,,,,,,,
m5_9_04,9,full,float,3,0,-8.346136093139648,1.4048995971679688,-2.623251438140869,2.8742527961730957,1.4635496139526367,-3.372396469116211,-8.992919921875,1.1760268211364746,0.5430834889411926,2.257652521133423,,,,,,,,,,
m4_0_01,0,full,float,0,1,3.1576595306396484,-3.779686450958252,1.5041289329528809,-2.2343366146087646,-3.1201720237731934,-3.815225124359131,-3.166116237640381,-0.7414536476135254,0.9843053221702576,-1.2555677890777588,,,,,,,,,,
m4_0_02,0,full,float,0,1,7.066779613494873,-3.903527021408081,-0.1413460224866867,-1.9669592380523682,-5.80296516418457,-1.9720929861068726,-2.2730214595794678,-4.276865482330322,-4.247498512268066,-1.4210246801376343,,,,,,,,,,
m4_0_03,0,full,float,0,1,4.99220085144043,-5.122617721557617,0.9337597489356995,-2.305912494659424,-6.927330493927002,-2.776226043701172,-3.7590622901916504,0.6762454509735107,0.33029985427856445,-1.7081595659255981,,,,,,,,,,
m4_0_04,0,full,float,0,1,2.284451961517334,-4.722041130065918,1.6191000938415527,-0.2412106692790985,-1.6245861053466797,-3.84299373626709,-4.645169734954834,0.24976742267608643,1.2843282222747803,0.2622804641723633,,,,,,,,,,
m4_0_05,0,full,float,0,1,6.564251899719238,-7.093209266662598,0.9117637276649475,-2.157193183898926,-5.945756912231445,-3.28922176361084,-2.0051465034484863,-3.455258369445801,-0.48848265409469604,-0.6968632340431213,,,,,,,,,,
m4_1_01,1,full,float,4,0,-1.8291264772415161,0.27999505400657654,-0.07021751999855042,0.4575107991695404,2.071512460708618,-2.704216241836548,-3.551636219024658,0.8077051043510437,-0.9319866299629211,-1.3165189027786255,,,,,,,,,,
m4_1_02,1,full,float,8,0,-0.4992879033088684,-6.465935707092285,2.3265914916992188,-2.2772183418273926,-7.685386657714844,-0.44083839654922485,5.009830951690674,-11.120532989501953,6.533646583557129,-7.679563045501709,,,,,,,,,,
m4_1_03,1,full,float,8,0,-2.130805015563965,0.03318600356578827,-0.015197694301605225,-0.02950802445411682,-0.20614728331565857,-0.4754074215888977,-1.5197595357894897,-2.2307112216949463,1.2760064601898193,-0.609106719493866,,,,,,,,,,
m4_1_04,1,full,float,1,1,-1.9154467582702637,3.618440866470337,-2.923537015914917,-2.5634093284606934,-1.0004816055297852,-0.023291319608688354,-1.8265695571899414,-4.285747528076172,-0.0851733461022377,-3.5740420818328857,,,,,,,,,,
m4_1_05,1,full,float,1,1,-0.5014580488204956,2.964482069015503,-1.863267421722412,-4.0383806228637695,0.7009720802307129,-2.2547097206115723,-0.5659739971160889,-2.1646196842193604,0.0717100203037262,-2.9738516807556152,,,,,,,,,,
m4_2_01,2,full,float,8,0,-0.9758024215698242,-2.360318422317505,-0.3857012987136841,-1.3642598390579224,-2.5955493450164795,0.9341189861297607,0.35341203212738037,-3.6132612228393555,2.007047176361084,-0.9246726036071777,,,,,,,,,,
m4_2_02,2,full,float,2,1,-2.837512254714966,4.485795974731445,5.344372749328613,-1.2500250339508057,-4.445721626281738,-5.0969767570495605,-5.523072242736816,1.5602458715438843,-0.9195532202720642,-4.880727291107178,,,,,,,,,,
m4_2_03,2,full,float,2,1,-3.145109176635742,3.474670886993408,5.3388352394104,-0.6548920273780823,-3.2574920654296875,-1.583305835723877,-3.2739245891571045,-1.1296696662902832,-1.7487893104553223,-7.346900939941406,,,,,,,,,,
m4_2_04,2,full,float,8,0,-1.9163293838500977,-0.5853191614151001,1.127690076828003,1.1380970478057861,-4.825262069702148,-2.039367198944092,-3.1338937282562256,-1.1745829582214355,3.63541841506958,-0.7747947573661804,,,,,,,,,,
m4_2_05,2,full,float,2,1,-3.2488298416137695,-0.9669739007949829,4.05061149597168,-2.5299575328826904,-0.20051872730255127,-1.0633530616760254,-2.580960512161255,-0.6407568454742432,2.6215639114379883,-5.3566718101501465,,,,,,,,,,
m4_3_01,3,full,float,1,0,-1.675482988357544,0.9752750396728516,0.3059289753437042,-0.8728183507919312,0.06095883250236511,-0.7991930246353149,-2.14953351020813,-0.6318244934082031,0.5595434904098511,-0.4508022367954254,,,,,,,,,,
m4_3_02,3,full,float,3,1,-9.206771850585938,-1.1120539903640747,-2.6057982444763184,6.04518985748291,-0.6847983598709106,3.314192533493042,-6.456137657165527,-0.6957817077636719,-1.4550580978393555,0.7508097290992737,,,,,,,,,,
m4_3_03,3,full,float,3,1,-13.152322769165039,-2.649026870727539,-2.3288345336914062,10.849456787109375,-3.105569839477539,1.1157201528549194,-10.447418212890625,-0.9966135025024414,0.23369058966636658,1.8358033895492554,,,,,,,,,,
m4_3_04,3,full,float,3,1,-7.793850421905518,-2.2829301357269287,0.18004608154296875,9.117790222167969,-7.036226272583008,-1.1318386793136597,-5.501780033111572,-2.9052278995513916,3.914651870727539,-2.7644400596618652,,,,,,,,,,
m4_3_05,3,full,float,3,1,-5.3588762283325195,-1.5585405826568604,-1.221506953239441,3.255176544189453,-2.4009218215942383,-0.9053361415863037,-6.252867698669434,0.2454395294189453,1.6034055948257446,1.8654593229293823,,,,,,,,,,
m4_4_01,4,full,float,1,0,-2.9143965244293213,5.146996021270752,1.671058177947998,0.815140426158905,-4.952568054199219,-1.3120965957641602,-5.651702404022217,-1.7468512058258057,-1.6854568719863892,-3.050813674926758,,,,,,,,,,
m4_4_02,4,full,float,8,0,-3.5147862434387207,-1.291465401649475,-0.12441927194595337,-0.8705204725265503,0.03826332092285156,0.7862285375595093,-4.802906513214111,0.8057215213775635,0.92537522315979,0.8294167518615723,,,,,,,,,,
m4_4_03,4,full,float,8,0,-0.39359694719314575,0.06882786750793457,-0.4537457227706909,-4.205153942108154,-1.8495166301727295,0.4616435170173645,-2.4597249031066895,1.349522590637207,1.4248197078704834,-2.3256592750549316,,,,,,,,,,
m4_4_04,4,full,float,4,1,-3.6208343505859375,-1.6675751209259033,-3.5942840576171875,-4.0596137046813965,2.8611676692962646,-0.06976044178009033,-3.2679431438446045,-1.0494624376296997,1.9033288955688477,1.5341848134994507,,,,,,,,,,
m4_4_05,4,full,float,4,1,-4.824644565582275,-5.877849102020264,0.09603524208068848,-2.400019407272339,4.931438446044922,-1.3116761445999146,-2.787595272064209,-2.6745238304138184,0.6083861589431763,0.9992985725402832,,,,,,,,,,
m4_5_01,5,full,float,2,0,-5.527774810791016,-0.7914228439331055,2.8869469165802,-0.6580545902252197,-6.2431864738464355,1.8079149723052979,-0.808274507522583,-3.7352380752563477,1.246785283088684,-4.76097297668457,,,,,,,,,,
m4_5_02,5,full,float,5,1,-5.615764617919922,-5.97541618347168,-2.5352060794830322,-1.1503031253814697,-0.51137375831604,6.514041900634766,-1.6829943656921387,-4.150368690490723,0.2731127440929413,2.610832452774048,,,,,,,,,,
m4_5_03,5,full,float,5,1,-8.663253784179688,-7.314586639404297,-4.142648220062256,1.9325464963912964,-3.0749597549438477,7.936015605926514,-4.369362831115723,-4.478662014007568,2.7482142448425293,3.9006545543670654,,,,,,,,,,
m4_5_04,5,full,float,5,1,-10.074703216552734,-8.00271987915039,-9.777628898620605,2.981126308441162,-6.766715049743652,14.07999038696289,-3.5677218437194824,-9.238433837890625,1.5780192613601685,4.323855876922607,,,,,,,,,,
m4_5_05,5,full,float,5,1,-0.7321443557739258,-4.423956394195557,-0.11255943775177002,-0.5393075942993164,-5.598334789276123,4.21830415725708,0.12924408912658691,-4.095310688018799,2.357449531555176,-3.833635091781616,,,,,,,,,,
m4_6_01,6,full,float,5,0,-3.403320789337158,-4.638097286224365,-1.6243610382080078,1.3619441986083984,-1.5931682586669922,3.0328283309936523,2.0351264476776123,-4.119001388549805,2.9478743076324463,-2.678391456604004,,,,,,,,,,
m4_6_02,6,full,float,6,1,-2.5778205394744873,-7.1663665771484375,-1.8305788040161133,-2.593773365020752,-2.473064422607422,3.7710628509521484,7.330158710479736,-9.50014591217041,3.150606155395508,-5.835721015930176,,,,,,,,,,
m4_6_03,6,full,float,5,0,-4.146265983581543,-8.725807189941406,-5.8783345222473145,-1.8174004554748535,-1.9400749206542969,6.228211402893066,4.709231853485107,-10.217687606811523,3.8645873069763184,-0.7648438811302185,,,,,,,,,,
m4_6_04,6,full,float,8,0,-3.6449172496795654,-4.4288859367370605,0.994390070438385,-3.046191930770874,-0.07576704025268555,2.9947867393493652,2.3801653385162354,-6.201313018798828,3.178774356842041,-2.692119836807251,,,,,,,,,,
m4_6_05,6,full,float,6,1,-2.9862143993377686,-7.0671820640563965,-1.2554879188537598,-3.8747291564941406,-1.600423812866211,3.8629863262176514,5.239099979400635,-8.6876859664917,4.54082727432251,-3.0430564880371094,,,,,,,,,,
m4_7_01,7,full,float,7,1,-5.444460868835449,0.9495353698730469,-0.05652308464050293,2.38832688331604,-0.5117624998092651,-3.7580463886260986,-8.20945930480957,3.423900842666626,-1.4452255964279175,0.8476677536964417,,,,,,,,,,
m4_7_02,7,full,float,3,0,-4.201119422912598,-0.7665910720825195,-0.7349412441253662,3.9579198360443115,-2.480842351913452,-2.6307175159454346,-7.143984317779541,1.852217197418213,0.19619056582450867,1.733830213546753,,,,,,,,,,
m4_7_03,7,full,float,8,0,-0.9786125421524048,-0.44744032621383667,1.1042746305465698,-0.8406821489334106,-1.6543443202972412,-0.7090060114860535,-1.7116520404815674,-0.536731481552124,1.4160667657852173,-0.4440923035144806,,,,,,,,,,
m4_7_04,7,full,float,3,0,-3.407662868499756,-1.599429726600647,0.9005036354064941,2.7729861736297607,-1.7962346076965332,-3.3001956939697266,-5.793277263641357,0.7998169660568237,1.9553143978118896,1.520572543144226,,,,,,,,,,
m4_7_05,7,full,float,3,0,-2.4267537593841553,-0.973408579826355,1.2100017070770264,2.8564305305480957,-3.7766404151916504,-3.002835750579834,-4.85856294631958,0.9498710036277771,1.5884699821472168,0.15617799758911133,,,,,,,,,,
m4_8_01,8,full,float,8,1,-1.857966423034668,-4.771535396575928,1.0364280939102173,-0.18515494465827942,-3.876837730407715,0.7985994815826416,-0.8832800984382629,-2.6789584159851074,5.705153942108154,-0.6324455738067627,,,,,,,,,,
m4_8_02,8,full,float,3,0,-4.348344802856445,-4.140957832336426,-2.9201443195343018,4.590065956115723,-3.393303871154785,1.3474862575531006,-2.5141854286193848,-3.026791572570801,4.3145647048950195,0.5795557498931885,,,,,,,,,,
m4_8_03,8,full,float,8,1,-3.395028829574585,-5.5242414474487305,-1.454592227935791,4.528221130371094,-4.807015419006348,-1.1374874114990234,-4.038297653198242,-2.8466997146606445,6.511414051055908,1.1886286735534668,,,,,,,,,,
m4_8_04,8,full,float,8,1,-3.8572583198547363,-3.90360689163208,2.7387728691101074,1.6958973407745361,-3.961496114730835,-1.3403222560882568,-0.21010804176330566,-4.8547892570495605,7.200623035430908,-5.585064888000488,,,,,,,,,,
m4_8_05,8,full,float,8,1,-1.3460991382598877,-5.886178016662598,0.06478524208068848,-2.349029064178467,-1.74003005027771,0.4569244384765625,2.549936056137085,-5.226110458374023,6.5813307762146,-3.1373822689056396,,,,,,,,,,
m4_9_01,9,full,float,3,0,-2.1946699619293213,0.0925871878862381,-0.4809011220932007,1.8629001379013062,-0.8402378559112549,-2.1554477214813232,-3.947073459625244,1.2207155227661133,0.2496638149023056,0.6309320330619812,,,,,,,,,,
m4_9_02,9,full,float,3,0,-3.3078675270080566,-2.58854341506958,-0.5646481513977051,3.244472026824951,-1.3521662950515747,-2.4843382835388184,-5.9931254386901855,1.0268971920013428,0.6624202132225037,2.809483528137207,,,,,,,,,,
m4_9_03,9,full,float,3,0,-4.368477821350098,-2.0834474563598633,-1.7698085308074951,2.958648681640625,-0.6961854696273804,-2.0648727416992188,-7.201179504394531,1.3443500995635986,0.9127010107040405,2.8827133178710938,,,,,,,,,,
m4_9_04,9,full,float,9,1,-7.969710350036621,-5.041341781616211,-3.65958571434021,-0.06466749310493469,6.32490873336792,-2.854051113128662,-9.85293960571289,-0.6034479141235352,1.7871975898742676,7.742328643798828,,,,,,,,,,
m4_9_05,9,full,float,9,1,-5.374433517456055,-5.344934940338135,-3.4685776233673096,1.9209201335906982,2.0949089527130127,-2.148008346557617,-6.3194732666015625,-1.2316805124282837,3.6487414836883545,5.631064414978027,,,,,,,,,,
m3_0_01,0,full,float,2,0,0.003169804811477661,-1.8401763439178467,1.055981159210205,1.018550992012024,-1.4856047630310059,-1.1714799404144287,-2.128297805786133,-0.4359046220779419,0.9527977108955383,-0.7044581174850464,,,,,,,,,,
m3_0_02,0,full,float,0,1,1.1463751792907715,-2.531332492828369,0.3856915235519409,0.7801005840301514,-3.248854160308838,-0.2400241494178772,-1.9372285604476929,-1.5704368352890015,0.28560730814933777,-0.20880180597305298,,,,,,,,,,
m3_0_03,0,full,float,2,0,0.16502277553081512,-2.394629955291748,1.3177727460861206,1.258314609527588,-4.000462532043457,-0.16206903755664825,-2.205839157104492,-1.5640931129455566,1.0892388820648193,-1.2959080934524536,,,,,,,,,,
m3_0_04,0,full,float,0,1,0.7268850207328796,-2.815180540084839,0.0009580850601196289,0.3011302947998047,-2.04854416847229,-0.04676896333694458,-1.4150818586349487,-0.4897277355194092,0.5182135701179504,-0.2466181218624115,,,,,,,,,,
m3_0_05,0,full,float,2,0,0.8011587858200073,-1.6686303615570068,2.7658543586730957,0.05820247530937195,-2.0286664962768555,-2.236814022064209,-3.722299098968506,0.39809322357177734,-0.8637864589691162,-0.9351587891578674,,,,,,,,,,
m3_1_01,1,full,float,1,1,-0.49989140033721924,4.052148818969727,-1.3309392929077148,-5.559314727783203,0.7338047027587891,-1.327181100845337,-0.383487343788147,-2.9086151123046875,-0.5035945177078247,-3.441129446029663,,,,,,,,,,
m3_1_02,1,full,float,1,1,-1.0992193222045898,1.0762802362442017,0.26140445470809937,-2.283205032348633,-2.2744221687316895,-0.027923256158828735,-0.19365209341049194,-0.5739349126815796,0.7235857844352722,-2.426649570465088,,,,,,,,,,
m3_1_03,1,full,float,1,1,-0.08501362800598145,3.2232120037078857,-1.713829517364502,-4.688019275665283,-0.17932718992233276,-0.9674969911575317,-0.3283902406692505,-2.37807297706604,-0.4222601652145386,-3.08537220954895,,,,,,,,,,
m3_1_04,1,full,float,1,1,-0.28877872228622437,4.456033706665039,-1.7117923498153687,-5.957462310791016,1.2451138496398926,-1.286994218826294,-0.3207177221775055,-3.1535487174987793,-1.2712554931640625,-3.7532145977020264,,,,,,,,,,
m3_1_05,1,full,float,8,0,-2.200969696044922,-0.1471925675868988,0.5428454279899597,0.8049216270446777,-1.6142878532409668,-0.7062559127807617,-2.4409444332122803,-0.7616695165634155,0.8721143007278442,-0.03067765384912491,,,,,,,,,,
m3_2_01,2,full,float,2,1,-2.1418676376342773,0.15570592880249023,1.8964743614196777,1.440909504890442,-3.914238214492798,-0.93696129322052,-3.71128249168396,-0.902783215045929,1.2487268447875977,-0.9413440227508545,,,,,,,,,,
m3_2_02,2,full,float,2,1,-2.1418676376342773,0.15570592880249023,1.8964743614196777,1.440909504890442,-3.914238214492798,-0.93696129322052,-3.71128249168396,-0.902783215045929,1.2487268447875977,-0.9413440227508545,,,,,,,,,,
m3_2_03,2,full,float,3,0,-3.080965042114258,-1.3102672100067139,1.147322177886963,2.7633674144744873,-2.4172568321228027,-1.3001413345336914,-4.488826751708984,-0.7266290783882141,1.5798612833023071,0.8041248321533203,,,,,,,,,,
m3_2_04,2,full,float,2,1,-1.8105566501617432,0.39428746700286865,4.012118339538574,0.44633662700653076,-5.848237037658691,-1.3251376152038574,-3.442906379699707,-1.8162391185760498,1.2081352472305298,-2.3853445053100586,,,,,,,,,,
m3_2_05,2,full,float,2,1,-1.7730956077575684,0.6493575572967529,4.23507022857666,-0.2657318413257599,-5.57180118560791,-1.4061087369918823,-2.482937812805176,-1.628375768661499,0.9644469618797302,-2.627633810043335,,,,,,,,,,
m3_3_01,3,full,float,3,1,-5.868146896362305,-1.6258481740951538,-2.377311944961548,5.41782283782959,-2.660266399383545,2.2439064979553223,-5.156992435455322,-0.24951672554016113,-0.5594242811203003,1.0284922122955322,,,,,,,,,,
m3_3_02,3,full,float,3,1,-7.57203483581543,-3.905803680419922,-2.70477294921875,6.766373157501221,-1.4737803936004639,2.630311965942383,-4.945140838623047,-0.4193451404571533,-0.2778485417366028,1.034057378768921,,,,,,,,,,
m3_3_03,3,full,float,3,1,-7.346778869628906,-2.170903205871582,-1.9984484910964966,6.394145965576172,-1.803676962852478,0.32617852091789246,-6.0884857177734375,0.10739818215370178,0.8431839942932129,1.4627478122711182,,,,,,,,,,
m3_3_04,3,full,float,3,1,-8.69249439239502,-2.380443811416626,-2.0045785903930664,6.532844066619873,-1.726262092590332,1.0214033126831055,-7.527987003326416,0.8643925786018372,0.4420452117919922,1.5175971984863281,,,,,,,,,,
m3_3_05,3,full,float,3,1,-6.947992324829102,-0.0022524595260620117,-1.7418118715286255,5.90759801864624,-0.5096976161003113,-0.7436777949333191,-6.953783988952637,2.025134325027466,-1.3720744848251343,-0.5050591230392456,,,,,,,,,,
m3_4_01,4,full,float,4,1,-4.107186317443848,-0.5998425483703613,1.0021604299545288,-0.8277395963668823,1.9349989891052246,-1.0017576217651367,-5.120198726654053,0.7719395160675049,-1.3543522357940674,1.4437309503555298,,,,,,,,,,
m3_4_02,4,full,float,4,1,-5.038336753845215,-2.8858563899993896,0.5096607208251953,-0.49525731801986694,1.7767770290374756,1.6606504917144775,-1.0226880311965942,-2.560427188873291,0.9974499344825745,0.044634513556957245,,,,,,,,,,
m3_4_03,4,full,float,4,1,-4.064538478851318,0.6885659694671631,-0.9617425799369812,-2.002943515777588,3.324254035949707,-3.0088846683502197,-6.281221389770508,1.0695353746414185,0.05381060019135475,1.8215807676315308,,,,,,,,,,
m3_4_04,4,full,float,5,0,-5.451043128967285,-2.3653039932250977,0.8658794164657593,0.5574896335601807,1.4091063737869263,2.7255983352661133,-1.8146007061004639,-1.746936321258545,-0.4358559250831604,-0.7447230815887451,,,,,,,,,,
m3_4_05,4,full,float,8,0,-3.2944650650024414,-0.4710302948951721,-2.0951576232910156,-0.6191279888153076,-0.48068952560424805,0.5882865190505981,-0.9524086713790894,-0.8861640095710754,0.9407665729522705,0.4326956272125244,,,,,,,,,,
m3_5_01,5,full,float,5,1,-4.998044013977051,-4.093544006347656,-3.4459524154663086,1.0590646266937256,-0.8113759756088257,4.8129777908325195,-2.7094223499298096,-3.6879167556762695,1.174424648284912,2.6534008979797363,,,,,,,,,,
m3_5_02,5,full,float,5,1,-4.43964147567749,-4.325510501861572,-4.350510120391846,3.6946187019348145,-2.4906694889068604,4.78916597366333,-2.8818490505218506,-2.8401029109954834,1.3658193349838257,1.8317325115203857,,,,,,,,,,
m3_5_03,5,full,float,5,1,-5.31350040435791,-0.8330978751182556,-2.631685733795166,2.3632824420928955,-4.119063377380371,5.113066673278809,-5.605493545532227,-1.0831737518310547,0.1565580815076828,0.5066263675689697,,,,,,,,,,
m3_5_04,5,full,float,5,1,-4.644654273986816,-2.7466742992401123,-1.8225481510162354,2.6647768020629883,-3.390702247619629,4.1758809089660645,-4.489806175231934,-1.2395155429840088,0.48396146297454834,1.2954365015029907,,,,,,,,,,
m3_5_05,5,full,float,5,1,-3.730273485183716,-1.0045747756958008,-2.3428549766540527,1.257387638092041,-2.257230758666992,4.8345255851745605,-2.500863790512085,-1.6234004497528076,-0.19765318930149078,-1.0711002349853516,,,,,,,,,,
m3_6_01,6,full,float,6,1,-0.31610196828842163,-2.9229602813720703,-0.19306176900863647,-2.7481422424316406,-0.9609143733978271,0.36255955696105957,3.166301727294922,-4.016824722290039,2.6425981521606445,-2.5705840587615967,,,,,,,,,,
m3_6_02,6,full,float,5,0,-5.303937911987305,-1.7091859579086304,-1.4311953783035278,2.155505657196045,0.07258212566375732,2.8129613399505615,-0.8894134163856506,-1.8872648477554321,0.6085818409919739,-1.360603928565979,,,,,,,,,,
m3_6_03,6,full,float,5,0,-3.9807586669921875,0.018529824912548065,-1.779330849647522,0.21158474683761597,0.0819186270236969,2.306213617324829,-0.8636555671691895,-3.306190013885498,0.7286984920501709,-0.6699570417404175,,,,,,,,,,
m3_6_04,6,full,float,5,0,-5.654806137084961,-1.406213641166687,-1.677687644958496,0.43862080574035645,1.2318124771118164,2.808741331100464,-2.4136741161346436,-2.1604936122894287,0.9247554540634155,0.8236414194107056,,,,,,,,,,
m3_6_05,6,full,float,5,0,-2.9493706226348877,-1.2268403768539429,-2.086151599884033,0.41686302423477173,-0.3119979500770569,2.4712812900543213,-0.16449671983718872,-3.0537843704223633,0.8787486553192139,-0.32648441195487976,,,,,,,,,,
m3_7_01,7,full,float,3,0,-3.67761492729187,-0.6653220653533936,-0.7583610415458679,2.4673845767974854,-2.6987411975860596,0.09514927864074707,-3.962191343307495,1.0674022436141968,0.385774165391922,0.3283126652240753,,,,,,,,,,
m3_7_02,7,full,float,3,0,-3.13978910446167,-0.07390379905700684,0.10952359437942505,1.623530626296997,-2.7138752937316895,0.055999755859375,-3.679359197616577,0.600921630859375,0.8548955917358398,-0.8656485080718994,,,,,,,,,,
m3_7_03,7,full,float,2,0,-1.2971590757369995,-1.2980018854141235,1.9233195781707764,0.2949455678462982,-3.6112849712371826,-1.3196829557418823,-3.583420753479004,1.0043799877166748,1.632463812828064,-0.22050943970680237,,,,,,,,,,
m3_7_04,7,full,float,3,0,-3.2875993251800537,-0.7773776650428772,-0.25455230474472046,1.5658111572265625,-0.691257119178772,0.14315682649612427,-3.4892196655273438,0.2596467435359955,0.3019483983516693,0.706347644329071,,,,,,,,,,
m3_7_05,7,full,float,3,0,-4.338981628417969,-0.46248626708984375,-0.5380997657775879,2.381936550140381,-1.8799266815185547,-0.469147652387619,-4.418574333190918,1.3875657320022583,0.2929372489452362,0.5251089930534363,,,,,,,,,,
m3_8_01,8,full,float,5,0,-4.163186073303223,-2.6457765102386475,-2.6618480682373047,1.5154061317443848,-1.4152588844299316,4.3710036277771,-0.11889278888702393,-2.948469400405884,0.8576229810714722,-0.39690661430358887,,,,,,,,,,
m3_8_02,8,full,float,8,1,-3.424038887023926,-1.1253336668014526,-0.2506710886955261,1.7961534261703491,-1.8796696662902832,1.1412959098815918,-1.3474769592285156,-1.9145020246505737,2.5829267501831055,-1.2112315893173218,,,,,,,,,,
m3_8_03,8,full,float,3,0,-3.47310209274292,-1.8629155158996582,0.08069407939910889,3.21291446685791,-1.6208598613739014,-0.648462176322937,-1.8016566038131714,-1.2191674709320068,2.6706979274749756,-1.2585500478744507,,,,,,,,,,
m3_8_04,8,full,float,8,1,-3.496458053588867,-3.981001853942871,-1.2102159261703491,1.2637665271759033,1.4171392917633057,1.2257659435272217,-0.600561261177063,-2.196829319000244,2.482869863510132,-0.19713707268238068,,,,,,,,,,
m3_8_05,8,full,float,3,0,-3.7512011528015137,-2.157066583633423,-0.715299129486084,2.31502103805542,-1.7624491453170776,1.6513372659683228,-1.2397327423095703,-2.1721808910369873,2.2534937858581543,-0.5861518383026123,,,,,,,,,,
m3_9_01,9,full,float,3,0,-5.7884674072265625,-1.9618515968322754,-0.7037911415100098,2.4738306999206543,-0.19033467769622803,-0.9570835828781128,-5.644654750823975,0.4552639126777649,1.503301978111267,1.8685420751571655,,,,,,,,,,
m3_9_02,9,full,float,9,1,-5.1570634841918945,-1.0306241512298584,-1.2791593074798584,1.7463791370391846,-0.9515008926391602,-1.014585256576538,-4.885345458984375,0.0883408784866333,1.5867048501968384,2.3061161041259766,,,,,,,,,,
m3_9_03,9,full,float,3,0,-4.2073974609375,-2.2111988067626953,-1.533690094947815,3.249342918395996,-0.33736467361450195,-0.8946752548217773,-4.294679641723633,-0.19165796041488647,2.088862895965576,1.6573386192321777,,,,,,,,,,
m3_9_04,9,full,float,9,1,-5.467790603637695,-0.9872903823852539,-3.063594341278076,2.206332206726074,-1.29171621799469,-1.8206589221954346,-6.148928165435791,0.18823862075805664,2.5035557746887207,3.1884102821350098,,,,,,,,,,
m3_9_05,9,full,float,3,0,-6.760773658752441,-1.0180166959762573,-2.3089561462402344,2.397454023361206,1.1656432151794434,0.07619637250900269,-5.911018371582031,1.3641901016235352,-0.7536088228225708,2.2015979290008545,,,,,,,,,,
m7_0_01,0,full,float,8,0,0.606797456741333,-4.862392902374268,0.15562230348587036,-0.05530531704425812,-0.9188525080680847,-1.4304096698760986,-1.2622268199920654,-0.996090292930603,2.37250018119812,1.3663358688354492,,,,,,,,,,
m7_0_02,0,full,float,0,1,0.5014235377311707,-3.5527429580688477,-0.8968408703804016,0.3005400002002716,-1.3662009239196777,-0.29419398307800293,-0.5475865602493286,-0.698880136013031,0.46911171078681946,0.4212505519390106,,,,,,,,,,
m7_0_03,0,full,float,0,1,3.8100476264953613,-4.619508743286133,1.18873131275177,-0.9562418460845947,-2.21716046333313,-2.1465792655944824,-0.740479052066803,-2.496976852416992,-0.34545573592185974,-0.1370394378900528,,,,,,,,,,
m7_0_04,0,full,float,2,0,-0.22897234559059143,-1.6129019260406494,1.7394236326217651,0.11365225911140442,-2.006213903427124,-2.144132137298584,-2.570632219314575,0.47800368070602417,1.0474038124084473,-0.5256067514419556,,,,,,,,,,
m7_0_05,0,full,float,8,0,-0.29627543687820435,-3.0648298263549805,0.19011056423187256,0.953821063041687,-1.3143436908721924,-1.096287727355957,-2.2704734802246094,0.23112064599990845,1.1309230327606201,0.2991083264350891,,,,,,,,,,
m7_1_01,1,full,float,4,0,-1.3658479452133179,0.104167640209198,-0.9473165273666382,-2.640604019165039,1.1705313920974731,-0.4665115475654602,-0.8601513504981995,-2.154452085494995,0.9345561861991882,-0.21529647707939148,,,,,,,,,,
m7_1_02,1,full,float,8,0,-2.0400846004486084,-0.639595627784729,-0.3991512656211853,-0.4014669358730316,-0.07914447784423828,-0.6421070098876953,-2.1951565742492676,-0.7317293882369995,1.529435396194458,0.5434995889663696,,,,,,,,,,
m7_1_03,1,full,float,1,1,-0.8693654537200928,1.243473768234253,-0.3267008364200592,-3.626746416091919,-0.22984763979911804,-1.1146448850631714,-1.2470791339874268,-0.8699718713760376,0.7052068114280701,-1.0963921546936035,,,,,,,,,,
m7_1_04,1,full,float,1,1,-1.1345466375350952,1.8451142311096191,-1.146364688873291,-3.910933494567871,0.41337156295776367,-0.8583587408065796,-0.9347110390663147,-0.8806918859481812,0.3114776909351349,-1.798456072807312,,,,,,,,,,
m7_1_05,1,full,float,9,0,-1.8206753730773926,-1.5953885316848755,-1.3505125045776367,-0.48229527473449707,-0.6993247270584106,0.20771193504333496,-1.9354605674743652,-0.3158057928085327,1.636928915977478,1.6892790794372559,,,,,,,,,,
m7_2_01,2,full,float,2,1,-1.9736602306365967,0.6905744075775146,4.851861000061035,-0.018964707851409912,-2.993422031402588,-3.2179088592529297,-1.3930119276046753,0.14338654279708862,-0.08723820745944977,-5.084024429321289,,,,,,,,,,
m7_2_02,2,full,float,3,0,-3.5438954830169678,-0.296205997467041,0.2149522453546524,4.59146785736084,-2.5236778259277344,-2.220003604888916,-3.9596924781799316,0.655519962310791,1.3438140153884888,-1.7309826612472534,,,,,,,,,,
m7_2_03,2,full,float,2,1,-2.5223748683929443,-1.3276207447052002,3.3052330017089844,2.1591644287109375,-4.794376373291016,-2.7472023963928223,-3.56905460357666,0.6903936862945557,2.446930170059204,-1.6747679710388184,,,,,,,,,,
m7_2_04,2,full,float,2,1,-2.7478723526000977,-1.0777642726898193,3.2669484615325928,2.6872024536132812,-4.518265724182129,-2.901200532913208,-2.6574065685272217,-1.1118617057800293,2.5371482372283936,-2.7840075492858887,,,,,,,,,,
m7_2_05,2,full,float,2,1,-2.8499855995178223,-0.09817183017730713,4.707299709320068,2.6459145545959473,-5.959693431854248,-4.294320583343506,-3.526691198348999,0.4481602907180786,1.8750280141830444,-4.11921501159668,,,,,,,,,,
m7_3_01,3,full,float,3,1,-4.181619167327881,-4.793374538421631,1.450823426246643,2.1282238960266113,0.6678817272186279,0.18659061193466187,-1.768593430519104,-0.09257030487060547,-0.5649279952049255,-2.173333168029785,,,,,,,,,,
m7_3_02,3,full,float,3,1,-5.285243034362793,-3.0333235263824463,-0.9888632297515869,3.813476324081421,0.6891516447067261,0.1292673945426941,-3.5563530921936035,0.553382396697998,0.3407847285270691,-2.033616542816162,,,,,,,,,,
m7_3_03,3,full,float,3,1,-4.907506465911865,-2.221121072769165,-1.2668461799621582,6.821561336517334,-3.557676315307617,-0.6421505212783813,-4.402531147003174,-0.4611865282058716,0.9268139600753784,-0.3994583189487457,,,,,,,,,,
m7_3_04,3,full,float,3,1,-2.344634771347046,-2.2108328342437744,0.062033772468566895,2.8272361755371094,-1.7753386497497559,-1.1035795211791992,-3.6467392444610596,1.4281049966812134,-1.8421521186828613,-1.0984963178634644,,,,,,,,,,
m7_3_05,3,full,float,3,1,-7.980743408203125,-4.489205360412598,-2.137380599975586,8.748590469360352,-3.7585349082946777,1.266258955001831,-3.831544876098633,-0.6116435527801514,0.4774196147918701,-0.7641194462776184,,,,,,,,,,
m7_4_01,4,full,float,8,0,-1.8576452732086182,-4.64475154876709,0.2589161992073059,-0.13082671165466309,0.8169931173324585,0.042880475521087646,1.207017421722412,-1.8229293823242188,1.2723159790039062,-0.895542323589325,,,,,,,,,,
m7_4_02,4,full,float,6,0,0.47511279582977295,-3.714982032775879,-0.31303179264068604,-1.891430377960205,0.7362561225891113,-0.25786709785461426,1.8298777341842651,-1.8974717855453491,0.9018422961235046,-1.4710414409637451,,,,,,,,,,
m7_4_03,4,full,float,2,0,-3.100752830505371,-2.569613218307495,1.4387474060058594,0.7890181541442871,0.33501046895980835,-0.5228033065795898,-0.9124988317489624,-0.43233606219291687,1.2752083539962769,-1.4678411483764648,,,,,,,,,,
m7_4_04,4,full,float,6,0,-1.1173412799835205,-3.9801478385925293,0.4724143147468567,-2.038755178451538,0.47816407680511475,-0.17321431636810303,3.5504579544067383,-2.2179112434387207,-0.061908647418022156,-4.001438617706299,,,,,,,,,,
m7_4_05,4,full,float,6,0,-0.14348557591438293,-3.160404682159424,-0.33343374729156494,-1.6456987857818604,0.4396703243255615,1.4363715648651123,1.6603246927261353,-2.258495330810547,-1.849271297454834,-1.651094675064087,,,,,,,,,,
m7_5_01,5,full,float,3,0,-4.85130500793457,-3.8227200508117676,-3.61026930809021,5.013110160827637,-2.7698981761932373,3.2456419467926025,-3.9520699977874756,-2.384674072265625,1.4991657733917236,1.8603936433792114,,,,,,,,,,
m7_5_02,5,full,float,5,1,-3.6671054363250732,-4.264602184295654,-2.603821039199829,1.9921190738677979,-2.8415849208831787,4.735551834106445,-3.23045015335083,-1.0428602695465088,0.7860547304153442,1.3422987461090088,,,,,,,,,,
m7_5_03,5,full,float,5,1,-4.357949256896973,-3.5973877906799316,-3.1021618843078613,2.1940534114837646,-1.1024725437164307,4.124069690704346,-1.0114576816558838,-2.6628975868225098,1.3908851146697998,0.8747094869613647,,,,,,,,,,
m7_5_04,5,full,float,5,1,-2.0582077503204346,-2.069960117340088,-1.557597279548645,0.6205059289932251,-0.921266496181488,2.4800240993499756,-1.6711028814315796,-0.937713623046875,0.5533566474914551,0.7779849171638489,,,,,,,,,,
m7_5_05,5,full,float,5,1,-3.502415180206299,-2.458308219909668,-1.1971940994262695,2.0818920135498047,-4.948749542236328,2.398930072784424,-3.2343218326568604,-0.957325279712677,0.41571366786956787,0.8741469979286194,,,,,,,,,,
m7_6_01,6,full,float,8,0,-3.959044933319092,-3.6968650817871094,1.286046028137207,0.3899214267730713,0.3106966018676758,0.9773479104042053,1.47745943069458,-3.5737268924713135,2.2965922355651855,-2.784783124923706,,,,,,,,,,
m7_6_02,6,full,float,5,0,-3.21870756149292,-6.21807861328125,-1.418661117553711,0.09711003303527832,-0.20752465724945068,3.000990867614746,2.7859809398651123,-4.254177093505859,1.6945300102233887,-2.032701015472412,,,,,,,,,,
m7_6_03,6,full,float,5,0,-1.2541495561599731,-1.8738857507705688,-1.8102298974990845,1.1738990545272827,-2.594444751739502,1.9916913509368896,0.5267695188522339,-2.4083151817321777,0.28182363510131836,-1.662601351737976,,,,,,,,,,
m7_6_04,6,full,float,8,0,-0.18681561946868896,0.08723032474517822,-0.6873115301132202,-2.227614641189575,-0.2087760865688324,-0.2544122040271759,0.4830087423324585,-2.151505470275879,0.6536810398101807,-1.8237941265106201,,,,,,,,,,
m7_6_05,6,full,float,6,1,-0.15365737676620483,-1.833189606666565,-0.9783167839050293,-2.580073118209839,-1.0476570129394531,0.959831714630127,2.927846908569336,-3.4613471031188965,0.8877439498901367,-3.521695852279663,,,,,,,,,,
m7_7_01,7,full,float,7,1,-3.6035711765289307,-0.5246697664260864,0.3291803300380707,2.480393171310425,-2.521243095397949,-3.3839471340179443,-5.996882438659668,2.767864227294922,0.7333876490592957,0.43443766236305237,,,,,,,,,,
m7_7_02,7,full,float,7,1,-2.427129030227661,-2.227609872817993,0.29280728101730347,1.9938175678253174,-2.0862061977386475,-3.266540765762329,-6.726465225219727,4.280459403991699,-0.7403501868247986,0.8292410373687744,,,,,,,,,,
m7_7_03,7,full,float,7,1,-2.417254686355591,-1.1399173736572266,0.6957100033760071,1.812131404876709,-2.7525951862335205,-1.7839549779891968,-4.901306629180908,1.9928829669952393,0.28092077374458313,0.5884983539581299,,,,,,,,,,
m7_7_04,7,full,float,3,0,-1.9512227773666382,-2.6045830249786377,0.744960367679596,2.645191192626953,-3.0176334381103516,-2.6245150566101074,-5.410365581512451,2.6144020557403564,0.3003239929676056,0.5131954550743103,,,,,,,,,,
m7_7_05,7,full,float,3,0,-3.3524532318115234,-1.8945285081863403,0.3573867380619049,3.0426950454711914,-3.434832811355591,-1.6558983325958252,-5.4543890953063965,1.3830069303512573,1.5208039283752441,0.7932033538818359,,,,,,,,,,
m7_8_01,8,full,float,8,1,-4.776951789855957,-2.0491943359375,2.2022132873535156,0.8038649559020996,-2.9460713863372803,0.5168565511703491,-0.8144406080245972,-2.211177349090576,4.073929309844971,-2.790015935897827,,,,,,,,,,
m7_8_02,8,full,float,8,1,-4.193387985229492,-3.1287214756011963,2.441697835922241,-0.10792213678359985,-2.8445491790771484,-0.11398407816886902,0.7961267828941345,-4.836971282958984,6.277615070343018,-4.535665988922119,,,,,,,,,,
m7_8_03,8,full,float,3,0,-7.9331583976745605,-3.3490936756134033,-0.3679819107055664,6.243056297302246,-4.82439661026001,1.1907989978790283,-3.322869300842285,-2.6697421073913574,4.495931148529053,-2.418637990951538,,,,,,,,,,
m7_8_04,8,full,float,8,1,-5.068836212158203,-3.375068187713623,-0.944465696811676,2.2958498001098633,-2.7390506267547607,2.6803154945373535,-2.211071014404297,-2.8458003997802734,4.687867641448975,-1.256797432899475,,,,,,,,,,
m7_8_05,8,full,float,8,1,-1.6243033409118652,-4.255800724029541,1.2808564901351929,0.7689314484596252,-3.780759572982788,-0.5206747055053711,-1.6214351654052734,-3.2098517417907715,6.523595333099365,-1.9024577140808105,,,,,,,,,,
m7_9_01,9,full,float,5,0,-2.554884195327759,-3.2419567108154297,-1.7588787078857422,0.3807252049446106,0.4243670701980591,1.1855521202087402,-0.12828677892684937,-0.5172986388206482,-0.16673842072486877,0.8169943690299988,,,,,,,,,,
m7_9_02,9,full,float,8,0,-2.9075167179107666,-1.8007001876831055,0.5577512383460999,0.00018988549709320068,-0.5283584594726562,-0.6142681241035461,-3.989349126815796,-0.8277844190597534,2.157075881958008,2.0144927501678467,,,,,,,,,,
m7_9_03,9,full,float,3,0,-5.327488899230957,-3.5234744548797607,-2.6606643199920654,3.8898706436157227,-0.3565782308578491,-0.4482871890068054,-5.930177688598633,0.20752352476119995,0.975360095500946,3.5076398849487305,,,,,,,,,,
m7_9_04,9,full,float,8,0,-1.8730218410491943,-1.458928108215332,-0.8925862312316895,-1.744153618812561,1.3080134391784668,-0.34410250186920166,-2.9188337326049805,0.16632968187332153,1.43363356590271,1.1575690507888794,,,,,,,,,,
m7_9_05,9,full,float,9,1,-4.074296951293945,-2.231741428375244,0.11484771966934204,0.24205875396728516,-0.5315655469894409,0.4767048954963684,-3.8596136569976807,-0.597828209400177,1.8242756128311157,1.9703844785690308,,,,,,,,,,
m1_0_01,0,full,fixed,0,1,,,,,,,,,,,337,-207,-4,-189,-264,-69,-76,-139,-113,-75
m1_0_02,0,full,fixed,0,1,,,,,,,,,,,384,-421,28,-113,-271,-129,-172,-100,-131,56
m1_0_03,0,full,fixed,0,1,,,,,,,,,,,363,-349,-52,-164,-289,-44,-66,-46,-113,-40
m1_0_04,0,full,fixed,0,1,,,,,,,,,,,397,-355,-41,-153,-307,-33,-48,-111,-123,-71
m1_0_05,0,full,fixed,0,1,,,,,,,,,,,351,-366,-100,-117,-298,-46,-67,-99,-53,-9
m1_1_01,1,full,fixed,1,1,,,,,,,,,,,-264,228,-28,89,-233,-191,-408,31,44,-35
m1_1_02,1,full,fixed,1,1,,,,,,,,,,,-88,291,-78,-293,22,-158,-132,-120,-4,-187
m1_1_03,1,full,fixed,1,1,,,,,,,,,,,-27,213,-78,-301,-33,-115,-28,-197,25,-223
m1_1_04,1,full,fixed,1,1,,,,,,,,,,,-32,222,-44,-272,-59,-129,-41,-169,12,-242
m1_1_05,1,full,fixed,1,1,,,,,,,,,,,-212,156,-106,-51,78,-145,-206,13,-45,-37
m1_2_01,2,full,fixed,2,1,,,,,,,,,,,-190,128,464,201,-461,-383,-531,29,-71,-299
m1_2_02,2,full,fixed,2,1,,,,,,,,,,,-165,48,369,203,-455,-232,-450,-21,-40,-206
m1_2_03,2,full,fixed,2,1,,,,,,,,,,,-136,49,467,43,-339,-348,-350,-96,101,-235
m1_2_04,2,full,fixed,2,1,,,,,,,,,,,-168,125,467,31,-252,-359,-318,-5,-96,-365
m1_2_05,2,full,fixed,2,1,,,,,,,,,,,-200,276,348,-26,-281,-208,-284,5,-56,-438
m1_3_01,3,full,fixed,3,1,,,,,,,,,,,-369,-143,-287,483,-156,171,-213,-148,-6,-46
m1_3_02,3,full,fixed,3,1,,,,,,,,,,,-361,-98,-100,430,-153,34,-268,-87,-13,-133
m1_3_03,3,full,fixed,3,1,,,,,,,,,,,-408,-162,-80,482,-169,33,-366,-19,-38,-31
m1_3_04,3,full,fixed,3,1,,,,,,,,,,,-490,-33,-249,564,-188,144,-333,-121,-26,-119
m1_3_05,3,full,fixed,3,1,,,,,,,,,,,-390,-137,-140,460,-100,55,-251,-70,-32,-48
m1_4_01,4,full,fixed,4,1,,,,,,,,,,,-504,-237,-133,14,186,-84,-394,97,150,157
m1_4_02,4,full,fixed,4,1,,,,,,,,,,,-423,-226,-87,84,220,-61,-377,60,3,173
m1_4_03,4,full,fixed,4,1,,,,,,,,,,,-282,-229,5,135,170,-234,-444,140,28,142
m1_4_04,4,full,fixed,9,0,,,,,,,,,,,-469,-184,-148,67,86,-41,-328,0,177,188
m1_4_05,4,full,fixed,9,0,,,,,,,,,,,-505,-79,-196,28,217,-37,-461,-17,57,258
m1_5_01,5,full,fixed,5,1,,,,,,,,,,,-194,-348,-195,-199,-227,372,-239,-16,149,106
m1_5_02,5,full,fixed,5,1,,,,,,,,,,,-314,-345,-250,-57,-224,520,64,-445,88,55
m1_5_03,5,full,fixed,5,1,,,,,,,,,,,-387,-467,-433,-11,-235,614,-227,-309,54,331
m1_5_04,5,full,fixed,5,1,,,,,,,,,,,-262,-178,-275,82,-255,448,-97,-173,103,-130
m1_5_05,5,full,fixed,5,1,,,,,,,,,,,-274,-279,-378,134,-267,460,26,-438,40,-9
m1_6_01,6,full,fixed,6,1,,,,,,,,,,,22,-209,-44,-170,-81,9,303,-357,117,-281
m1_6_02,6,full,fixed,6,1,,,,,,,,,,,-28,-362,56,-114,-231,72,289,-419,217,-186
m1_6_03,6,full,fixed,6,1,,,,,,,,,,,38,-312,1,-208,-210,48,374,-475,181,-274
m1_6_04,6,full,fixed,6,1,,,,,,,,,,,22,-290,16,-186,-197,76,359,-475,145,-277
m1_6_05,6,full,fixed,6,1,,,,,,,,,,,-11,-311,-61,-189,-116,140,329,-423,93,-215
m1_7_01,7,full,fixed,7,1,,,,,,,,,,,-242,-33,-21,169,-142,-268,-550,292,-59,67
m1_7_02,7,full,fixed,7,1,,,,,,,,,,,-227,-207,-104,125,-253,-175,-636,397,-15,136
m1_7_03,7,full,fixed,7,1,,,,,,,,,,,-205,-146,15,174,-172,-269,-602,288,-11,118
m1_7_04,7,full,fixed,7,1,,,,,,,,,,,-200,-94,-22,126,-401,-165,-477,223,174,18
m1_7_05,7,full,fixed,7,1,,,,,,,,,,,-253,46,26,134,-299,-272,-524,254,40,-7
m1_8_01,8,full,fixed,8,1,,,,,,,,,,,-329,-262,82,151,-97,116,-95,-101,175,-282
m1_8_02,8,full,fixed,3,0,,,,,,,,,,,-255,-254,-148,206,-147,194,-31,-290,202,-102
m1_8_03,8,full,fixed,8,1,,,,,,,,,,,-478,-139,151,187,-367,155,-42,-223,340,-402
m1_8_04,8,full,fixed,8,1,,,,,,,,,,,-309,-276,99,155,-182,-15,-108,-161,369,-127
m1_8_05,8,full,fixed,8,1,,,,,,,,,,,-157,-295,-191,71,-232,215,-124,-50,281,-73
m1_9_01,9,full,fixed,9,1,,,,,,,,,,,-405,-321,-9,118,212,-148,-454,-97,148,341
m1_9_02,9,full,fixed,9,1,,,,,,,,,,,-347,-242,-98,103,129,-60,-444,-12,57,323
m1_9_03,9,full,fixed,9,1,,,,,,,,,,,-406,-360,-137,42,272,-77,-519,-20,19,453
m1_9_04,9,full,fixed,9,1,,,,,,,,,,,-383,-365,-117,102,223,-91,-440,-30,98,373
m1_9_05,9,full,fixed,9,1,,,,,,,,,,,-446,-196,-137,57,276,-104,-533,11,56,352
m6_0_01,0,full,fixed,0,1,,,,,,,,,,,392,-430,-112,-150,-241,-71,-70,-119,-117,89
m6_0_02,0,full,fixed,0,1,,,,,,,,,,,452,-418,-96,-155,-294,-54,-47,-109,-201,25
m6_0_03,0,full,fixed,0,1,,,,,,,,,,,401,-396,-89,-160,-346,-57,-166,5,-132,22
m6_0_04,0,full,fixed,0,1,,,,,,,,,,,383,-374,-27,-89,-276,-126,-171,-58,-128,30
m6_0_05,0,full,fixed,0,1,,,,,,,,,,,383,-472,-81,-109,-396,-49,-142,-34,-10,16
m6_1_01,1,full,fixed,1,1,,,,,,,,,,,47,130,-51,-283,13,-50,53,-206,-37,-205
m6_1_02,1,full,fixed,7,0,,,,,,,,,,,-28,-37,-33,-1,78,-172,-139,85,-87,-55
m6_1_03,1,full,fixed,1,1,,,,,,,,,,,-11,234,-41,-306,49,-95,-28,-151,-43,-227
m6_1_04,1,full,fixed,1,1,,,,,,,,,,,-95,233,-98,-229,89,-139,-127,-99,-7,-109
m6_1_05,1,full,fixed,1,1,,,,,,,,,,,-114,121,-58,-19,6,-112,-162,-11,6,-18
m6_2_01,2,full,fixed,2,1,,,,,,,,,,,-89,77,559,-31,-504,-363,-329,33,67,-352
m6_2_02,2,full,fixed,2,1,,,,,,,,,,,194,-301,195,-67,-216,-166,17,-112,-10,-315
m6_2_03,2,full,fixed,2,1,,,,,,,,,,,62,-123,401,41,-477,-245,-60,-170,27,-422
m6_2_04,2,full,fixed,2,1,,,,,,,,,,,-58,95,472,-44,-391,-269,-172,-92,25,-477
m6_2_05,2,full,fixed,2,1,,,,,,,,,,,-30,104,536,-78,-457,-327,-197,-132,99,-498
m6_3_01,3,full,fixed,3,1,,,,,,,,,,,-513,-168,-150,615,-206,35,-412,-33,-14,-1
m6_3_02,3,full,fixed,3,1,,,,,,,,,,,-392,-130,-103,443,-146,-60,-395,50,-39,35
m6_3_03,3,full,fixed,1,0,,,,,,,,,,,-217,57,-99,41,38,4,-125,-72,-6,-57
m6_3_04,3,full,fixed,3,1,,,,,,,,,,,-128,-57,-12,85,-122,35,-69,-62,84,-37
m6_3_05,3,full,fixed,3,1,,,,,,,,,,,-366,-170,-69,312,-67,-22,-355,52,-74,77
m6_4_01,4,full,fixed,4,1,,,,,,,,,,,-299,-270,12,-68,324,-63,-234,-94,6,85
m6_4_02,4,full,fixed,4,1,,,,,,,,,,,-313,-312,-3,-2,295,-61,-286,-68,14,168
m6_4_03,4,full,fixed,9,0,,,,,,,,,,,-409,-202,-175,-5,271,-26,-396,-58,18,321
m6_4_04,4,full,fixed,4,1,,,,,,,,,,,-48,-235,-58,-169,130,-75,37,-185,43,41
m6_4_05,4,full,fixed,9,0,,,,,,,,,,,-295,-266,-203,-16,193,-87,-404,-51,90,400
m6_5_01,5,full,fixed,5,1,,,,,,,,,,,-330,-116,-190,108,-283,342,-153,-201,131,10
m6_5_02,5,full,fixed,5,1,,,,,,,,,,,-365,-114,-342,243,-378,416,-150,-333,141,-26
m6_5_03,5,full,fixed,5,1,,,,,,,,,,,-379,-119,-14,73,-311,213,-294,-93,172,37
m6_5_04,5,full,fixed,5,1,,,,,,,,,,,-410,-48,-268,285,-416,318,-319,-175,116,5
m6_5_05,5,full,fixed,5,1,,,,,,,,,,,-255,-232,-170,41,-172,278,-176,-66,70,102
m6_6_01,6,full,fixed,6,1,,,,,,,,,,,30,-347,-92,-214,-135,59,398,-395,172,-212
m6_6_02,6,full,fixed,6,1,,,,,,,,,,,-105,-18,16,32,-63,17,62,-68,-18,-160
m6_6_03,6,full,fixed,6,1,,,,,,,,,,,4,-233,-60,-199,-150,104,311,-404,145,-235
m6_6_04,6,full,fixed,6,1,,,,,,,,,,,61,-31,-32,-238,-112,-1,210,-310,56,-283
m6_6_05,6,full,fixed,6,1,,,,,,,,,,,-39,-344,-34,-200,-107,118,370,-455,168,-306
m6_7_01,7,full,fixed,7,1,,,,,,,,,,,-244,-83,47,215,-176,-299,-639,297,-65,71
m6_7_02,7,full,fixed,7,1,,,,,,,,,,,-163,26,109,112,-202,-296,-366,176,69,-42
m6_7_03,7,full,fixed,7,1,,,,,,,,,,,-123,-50,93,116,-140,-275,-534,259,-133,34
m6_7_04,7,full,fixed,7,1,,,,,,,,,,,-209,29,30,159,-224,-240,-398,170,75,-21
m6_7_05,7,full,fixed,7,1,,,,,,,,,,,-213,-13,61,170,-129,-304,-490,248,-20,19
m6_8_01,8,full,fixed,8,1,,,,,,,,,,,-132,-309,44,31,-199,-110,-240,-70,410,42
m6_8_02,8,full,fixed,8,1,,,,,,,,,,,-160,-238,115,-48,-165,-60,-25,-158,431,-126
m6_8_03,8,full,fixed,8,1,,,,,,,,,,,-260,-362,57,115,-424,56,-71,-255,539,-87
m6_8_04,8,full,fixed,8,1,,,,,,,,,,,-114,-295,197,62,-242,-145,-246,-151,415,-28
m6_8_05,8,full,fixed,8,1,,,,,,,,,,,-188,-146,1,59,-169,10,77,-176,243,-158
m6_9_01,9,full,fixed,9,1,,,,,,,,,,,-280,-71,-82,103,-59,-78,-445,121,5,183
m6_9_02,9,full,fixed,9,1,,,,,,,,,,,-423,-180,-217,-41,115,6,-416,-59,104,387
m6_9_03,9,full,fixed,9,1,,,,,,,,,,,-266,-85,-96,72,-9,-119,-443,83,72,225
m6_9_04,9,full,fixed,9,1,,,,,,,,,,,-396,-162,-137,-42,169,-69,-404,-7,90,323
m6_9_05,9,full,fixed,9,1,,,,,,,,,,,-324,-230,-129,96,78,-112,-483,77,25,338
m8_0_01,0,full,fixed,0,1,,,,,,,,,,,216,-241,-9,-80,-172,-70,-127,-90,-67,50
m8_1_01,1,full,fixed,1,1,,,,,,,,,,,-67,164,-90,-191,32,-83,-75,-48,-7,-97
m8_2_01,2,full,fixed,2,1,,,,,,,,,,,-94,98,324,-4,-340,-235,-330,2,8,-142
m8_3_01,3,full,fixed,3,1,,,,,,,,,,,-392,-123,-183,407,-142,82,-311,-119,74,81
m8_4_01,4,full,fixed,4,1,,,,,,,,,,,-184,-135,-170,-104,101,20,-131,74,77,47
m8_5_01,5,full,fixed,5,1,,,,,,,,,,,-384,-258,-309,186,-145,417,-225,-222,73,144
m8_6_01,6,full,fixed,6,1,,,,,,,,,,,-134,-213,-132,-40,-77,141,215,-322,145,-229
m8_7_01,7,full,fixed,7,1,,,,,,,,,,,-156,-19,31,92,-109,-83,-315,152,-78,13
m8_8_01,8,full,fixed,8,1,,,,,,,,,,,-135,-260,26,81,-207,-97,-139,-149,405,10
m8_9_01,9,full,fixed,9,1,,,,,,,,,,,-283,-158,-108,-15,213,-119,-330,-42,100,261
m8_0_02,0,full,fixed,0,1,,,,,,,,,,,208,-185,17,-110,-173,-115,-90,-74,-27,-83
m8_0_03,0,full,fixed,0,1,,,,,,,,,,,224,-196,-65,-164,-181,-53,27,-122,-31,-74
m8_0_04,0,full,fixed,0,1,,,,,,,,,,,230,-198,9,-86,-184,-91,-95,-103,-54,-48
m8_0_05,0,full,fixed,0,1,,,,,,,,,,,290,-323,-76,-120,-228,-85,-33,-125,-5,7
m8_1_02,1,full,fixed,1,1,,,,,,,,,,,-58,216,-116,-270,40,-97,-59,-109,-11,-163
m8_1_03,1,full,fixed,1,1,,,,,,,,,,,-152,230,131,-14,-316,-148,-203,-73,79,-220
m8_1_04,1,full,fixed,7,0,,,,,,,,,,,-127,36,-36,63,57,-90,-128,71,-76,-129
m8_1_05,1,full,fixed,1,1,,,,,,,,,,,-79,246,-93,-270,83,-132,-102,-125,-5,-137
m8_2_02,2,full,fixed,2,1,,,,,,,,,,,-169,307,451,-65,-368,-266,-329,-8,-80,-411
m8_2_03,2,full,fixed,2,1,,,,,,,,,,,-99,213,293,-114,-125,-157,-175,-124,-54,-335
m8_2_04,2,full,fixed,2,1,,,,,,,,,,,-183,213,428,20,-269,-251,-324,66,-124,-417
m8_2_05,2,full,fixed,2,1,,,,,,,,,,,-15,175,459,-245,-243,-186,-134,-140,-59,-447
m8_3_02,3,full,fixed,3,1,,,,,,,,,,,-359,-126,-192,484,-206,52,-333,-92,42,29
m8_3_03,3,full,fixed,3,1,,,,,,,,,,,-243,-131,-41,236,-153,22,-156,-76,118,4
m8_3_04,3,full,fixed,3,1,,,,,,,,,,,-374,-92,-165,407,-196,99,-422,-15,-104,72
m8_3_05,3,full,fixed,3,1,,,,,,,,,,,-479,-168,-301,597,-220,154,-385,-160,34,62
m8_4_02,4,full,fixed,4,1,,,,,,,,,,,-264,-218,-74,-147,329,-61,-94,-105,26,-22
m8_4_03,4,full,fixed,4,1,,,,,,,,,,,-156,-25,5,-106,254,-151,-135,-70,-70,-57
m8_4_04,4,full,fixed,4,1,,,,,,,,,,,-177,-220,-88,-155,352,-93,-93,4,-78,-116
m8_4_05,4,full,fixed,4,1,,,,,,,,,,,-305,-208,-111,-82,335,-21,-115,-49,0,-62
m8_5_02,5,full,fixed,5,1,,,,,,,,,,,-383,-261,-410,208,-183,488,-156,-282,10,123
m8_5_03,5,full,fixed,5,1,,,,,,,,,,,-348,-210,-314,94,-62,359,-128,-190,-38,158
m8_5_04,5,full,fixed,5,1,,,,,,,,,,,-383,-208,-288,104,-156,453,-180,-310,31,153
m8_5_05,5,full,fixed,5,1,,,,,,,,,,,-356,-204,-213,-33,-127,424,-133,-241,74,144
m8_6_02,6,full,fixed,6,1,,,,,,,,,,,40,-136,-60,-239,-45,18,243,-348,67,-252
m8_6_03,6,full,fixed,6,1,,,,,,,,,,,-44,-154,-8,-198,7,22,169,-331,125,-225
m8_6_04,6,full,fixed,6,1,,,,,,,,,,,-27,-223,-72,-196,-73,92,308,-420,137,-263
m8_6_05,6,full,fixed,6,1,,,,,,,,,,,13,-153,-133,-193,-85,48,248,-291,86,-181
m8_7_02,7,full,fixed,7,1,,,,,,,,,,,-227,13,15,173,-167,-186,-405,198,-32,-3
m8_7_03,7,full,fixed,7,1,,,,,,,,,,,-146,48,5,54,-118,-207,-291,139,53,1
m8_7_04,7,full,fixed,7,1,,,,,,,,,,,-49,8,65,-9,-126,-147,-171,75,51,-11
m8_7_05,7,full,fixed,7,1,,,,,,,,,,,-249,33,-23,131,-133,-176,-397,157,-17,58
m8_8_02,8,full,fixed,8,1,,,,,,,,,,,-172,-208,13,45,-235,-106,-144,-185,464,-62
m8_8_03,8,full,fixed,5,0,,,,,,,,,,,33,-91,-9,-148,-95,71,-96,-5,43,-9
m8_8_04,8,full,fixed,8,1,,,,,,,,,,,42,-92,11,-142,-11,35,-39,-62,48,-51
m8_8_05,8,full,fixed,8,1,,,,,,,,,,,-229,-227,-31,91,-249,-13,-99,-275,478,-119
m8_9_02,9,full,fixed,9,1,,,,,,,,,,,-233,-94,-112,-37,203,-131,-307,-19,71,212
m8_9_03,9,full,fixed,4,0,,,,,,,,,,,-315,-60,-128,-17,238,-142,-375,-29,44,227
m8_9_04,9,full,fixed,9,1,,,,,,,,,,,-281,-171,-70,-11,185,-131,-392,9,70,279
m8_9_05,9,full,fixed,9,1,,,,,,,,,,,-380,-222,-109,35,208,-101,-414,-81,113,347
m5_0_01,0,full,fixed,0,1,,,,,,,,,,,89,-146,3,-95,-84,-116,-93,-108,88,-1
m5_0_02,0,full,fixed,0,1,,,,,,,,,,,127,-121,1,-158,-142,-104,-86,-14,30,-57
m5_0_03,0,full,fixed,0,1,,,,,,,,,,,210,-225,-79,-153,-121,-119,-30,-131,-9,14
m5_0_04,0,full,fixed,0,1,,,,,,,,,,,127,-182,15,-131,-73,-219,-181,-64,57,0
m5_1_01,1,full,fixed,1,1,,,,,,,,,,,-105,270,-132,-341,112,-122,-116,-146,-42,-141
m5_1_02,1,full,fixed,1,1,,,,,,,,,,,-56,265,-111,-335,78,-157,-119,-120,-43,-152
m5_1_03,1,full,fixed,1,1,,,,,,,,,,,-125,256,-88,-200,46,-192,-214,-56,-3,-79
m5_1_04,1,full,fixed,1,1,,,,,,,,,,,-73,278,-85,-274,38,-186,-142,-114,1,-185
m5_2_01,2,full,fixed,2,1,,,,,,,,,,,56,65,335,-139,-357,-231,-124,-162,113,-319
m5_2_02,2,full,fixed,2,1,,,,,,,,,,,-81,10,331,72,-438,-366,-277,-10,144,-178
m5_2_03,2,full,fixed,2,1,,,,,,,,,,,19,121,199,-108,-196,-184,-78,-109,28,-248
m5_2_04,2,full,fixed,2,1,,,,,,,,,,,3,-72,346,-24,-312,-223,-72,-98,81,-267
m5_3_01,3,full,fixed,3,1,,,,,,,,,,,-232,-111,-67,135,40,-25,-217,10,-41,101
m5_3_02,3,full,fixed,3,1,,,,,,,,,,,-297,-89,-126,352,-143,8,-226,-26,13,-3
m5_3_03,3,full,fixed,3,1,,,,,,,,,,,-164,-110,-50,126,-18,-62,-165,2,15,91
m5_3_04,3,full,fixed,3,1,,,,,,,,,,,-304,-167,-114,187,-1,57,-187,20,-60,74
m5_4_01,4,full,fixed,4,1,,,,,,,,,,,-166,-206,-36,-111,174,-73,-76,-179,116,31
m5_4_02,4,full,fixed,4,1,,,,,,,,,,,-240,-237,-107,-124,289,-59,-258,-50,-33,220
m5_4_03,4,full,fixed,4,1,,,,,,,,,,,-160,-205,59,-70,88,-57,10,-140,38,-31
m5_4_04,4,full,fixed,4,1,,,,,,,,,,,-215,-323,-22,-72,204,-66,-215,-58,-18,194
m5_5_01,5,full,fixed,5,1,,,,,,,,,,,-308,-182,-192,86,-81,300,-143,-145,86,83
m5_5_02,5,full,fixed,5,1,,,,,,,,,,,-200,-112,-121,-49,6,157,-168,-30,58,57
m5_5_03,5,full,fixed,5,1,,,,,,,,,,,-263,-255,-266,-98,-105,346,-170,-70,153,98
m5_5_04,5,full,fixed,5,1,,,,,,,,,,,-215,-183,-102,-55,-59,180,-75,-144,146,89
m5_6_01,6,full,fixed,6,1,,,,,,,,,,,-56,-199,-92,-72,-80,40,185,-270,158,-113
m5_6_02,6,full,fixed,6,1,,,,,,,,,,,-136,-189,-114,-48,-25,94,204,-280,108,-175
m5_6_03,6,full,fixed,6,1,,,,,,,,,,,-33,-139,-40,-146,1,5,150,-219,105,-107
m5_6_04,6,full,fixed,6,1,,,,,,,,,,,-68,-36,-54,-9,-128,-7,147,-249,93,-281
m5_7_01,7,full,fixed,3,0,,,,,,,,,,,-173,-44,49,155,-186,-220,-380,128,73,55
m5_7_02,7,full,fixed,7,1,,,,,,,,,,,-250,20,36,160,-118,-212,-456,275,-96,-28
m5_7_03,7,full,fixed,7,1,,,,,,,,,,,-225,31,29,103,-73,-241,-418,206,-24,29
m5_7_04,7,full,fixed,7,1,,,,,,,,,,,-184,-44,56,137,-66,-232,-375,201,-20,21
m5_8_01,8,full,fixed,8,1,,,,,,,,,,,-115,-177,-32,-60,-70,-67,-157,-129,275,114
m5_8_02,8,full,fixed,8,1,,,,,,,,,,,-24,-18,32,-85,-192,-90,-63,-143,227,-106
m5_8_03,8,full,fixed,8,1,,,,,,,,,,,-145,-208,-112,48,-121,-84,-174,-169,353,106
m5_8_04,8,full,fixed,8,1,,,,,,,,,,,-86,-102,5,-59,-25,-197,-250,-64,276,35
m5_9_01,9,full,fixed,9,1,,,,,,,,,,,-194,-3,-97,64,11,-137,-324,51,20,140
m5_9_02,9,full,fixed,9,1,,,,,,,,,,,-253,-26,-59,68,80,-77,-304,19,2,145
m5_9_03,9,full,fixed,9,1,,,,,,,,,,,-244,54,-93,79,23,-146,-303,37,40,92
m5_9_04,9,full,fixed,3,0,,,,,,,,,,,-268,46,-85,92,46,-108,-289,38,17,72
m4_0_01,0,full,fixed,0,1,,,,,,,,,,,102,-123,45,-72,-98,-120,-99,-25,31,-39
m4_0_02,0,full,fixed,0,1,,,,,,,,,,,226,-125,-2,-64,-186,-64,-73,-137,-136,-45
m4_0_03,0,full,fixed,0,1,,,,,,,,,,,159,-162,32,-76,-220,-89,-119,22,9,-57
m4_0_04,0,full,fixed,0,1,,,,,,,,,,,75,-153,52,-9,-50,-124,-148,7,41,10
m4_0_05,0,full,fixed,0,1,,,,,,,,,,,211,-228,29,-70,-187,-107,-65,-111,-15,-21
m4_1_01,1,full,fixed,4,0,,,,,,,,,,,-59,10,-2,14,68,-89,-115,26,-31,-43
m4_1_02,1,full,fixed,8,0,,,,,,,,,,,-15,-207,75,-74,-245,-16,158,-354,208,-245
m4_1_03,1,full,fixed,8,0,,,,,,,,,,,-69,4,0,-2,-8,-15,-50,-70,40,-21
m4_1_04,1,full,fixed,1,1,,,,,,,,,,,-61,115,-95,-85,-33,1,-57,-139,-2,-114
m4_1_05,1,full,fixed,1,1,,,,,,,,,,,-17,98,-63,-133,24,-71,-18,-69,0,-97
m4_2_01,2,full,fixed,8,0,,,,,,,,,,,-32,-75,-12,-43,-83,30,10,-116,65,-30
m4_2_02,2,full,fixed,2,1,,,,,,,,,,,-91,145,170,-40,-141,-164,-178,51,-29,-158
m4_2_03,2,full,fixed,2,1,,,,,,,,,,,-101,112,173,-21,-105,-52,-106,-37,-55,-237
m4_2_04,2,full,fixed,8,0,,,,,,,,,,,-62,-16,37,34,-154,-65,-98,-38,117,-27
m4_2_05,2,full,fixed,2,1,,,,,,,,,,,-103,-30,132,-81,-8,-35,-82,-21,83,-173
m4_3_01,3,full,fixed,1,0,,,,,,,,,,,-53,30,10,-28,1,-25,-68,-20,20,-14
m4_3_02,3,full,fixed,3,1,,,,,,,,,,,-293,-35,-82,192,-22,107,-206,-24,-46,25
m4_3_03,3,full,fixed,3,1,,,,,,,,,,,-421,-84,-74,347,-100,37,-335,-31,7,59
m4_3_04,3,full,fixed,3,1,,,,,,,,,,,-249,-73,4,293,-224,-35,-178,-93,124,-86
m4_3_05,3,full,fixed,3,1,,,,,,,,,,,-170,-48,-36,103,-78,-31,-201,10,51,58
m4_4_01,4,full,fixed,1,0,,,,,,,,,,,-93,164,54,25,-159,-41,-181,-56,-54,-98
m4_4_02,4,full,fixed,8,0,,,,,,,,,,,-113,-41,-5,-27,1,26,-154,26,29,26
m4_4_03,4,full,fixed,8,0,,,,,,,,,,,-14,2,-14,-133,-61,16,-80,45,46,-74
m4_4_04,4,full,fixed,4,1,,,,,,,,,,,-117,-54,-117,-130,92,-1,-105,-32,60,50
m4_4_05,4,full,fixed,4,1,,,,,,,,,,,-155,-188,3,-78,159,-43,-90,-85,18,32
m4_5_01,5,full,fixed,2,0,,,,,,,,,,,-177,-24,93,-19,-200,56,-27,-118,37,-155
m4_5_02,5,full,fixed,5,1,,,,,,,,,,,-179,-192,-82,-37,-17,209,-53,-133,9,84
m4_5_03,5,full,fixed,5,1,,,,,,,,,,,-278,-234,-132,61,-99,255,-140,-144,90,124
m4_5_04,5,full,fixed,5,1,,,,,,,,,,,-322,-255,-312,94,-218,453,-114,-295,49,136
m4_5_05,5,full,fixed,5,1,,,,,,,,,,,-24,-142,-4,-16,-180,135,4,-131,76,-123
m4_6_01,6,full,fixed,5,0,,,,,,,,,,,-108,-148,-53,43,-52,99,65,-131,93,-86
m4_6_02,6,full,fixed,6,1,,,,,,,,,,,-84,-228,-61,-81,-78,122,234,-304,100,-187
m4_6_03,6,full,fixed,5,0,,,,,,,,,,,-136,-279,-189,-56,-62,202,150,-327,123,-25
m4_6_04,6,full,fixed,8,0,,,,,,,,,,,-114,-144,32,-100,-3,95,79,-199,102,-86
m4_6_05,6,full,fixed,6,1,,,,,,,,,,,-95,-226,-42,-126,-53,124,171,-280,145,-99
m4_7_01,7,full,fixed,7,1,,,,,,,,,,,-174,31,-1,77,-17,-121,-263,110,-46,26
m4_7_02,7,full,fixed,3,0,,,,,,,,,,,-135,-25,-24,126,-80,-82,-228,59,7,56
m4_7_03,7,full,fixed,8,0,,,,,,,,,,,-33,-15,33,-30,-51,-21,-54,-18,47,-12
m4_7_04,7,full,fixed,3,0,,,,,,,,,,,-110,-52,27,89,-57,-104,-185,25,63,49
m4_7_05,7,full,fixed,3,0,,,,,,,,,,,-77,-32,39,92,-122,-96,-156,30,52,5
m4_8_01,8,full,fixed,8,1,,,,,,,,,,,-59,-152,33,-7,-124,26,-29,-85,182,-21
m4_8_02,8,full,fixed,3,0,,,,,,,,,,,-138,-133,-93,146,-110,46,-79,-96,137,19
m4_8_03,8,full,fixed,8,1,,,,,,,,,,,-109,-175,-47,143,-154,-35,-128,-91,209,37
m4_8_04,8,full,fixed,8,1,,,,,,,,,,,-122,-125,90,51,-127,-43,-6,-155,230,-179
m4_8_05,8,full,fixed,8,1,,,,,,,,,,,-42,-188,2,-76,-58,15,83,-169,212,-102
m4_9_01,9,full,fixed,3,0,,,,,,,,,,,-71,3,-16,58,-26,-68,-126,39,8,21
m4_9_02,9,full,fixed,3,0,,,,,,,,,,,-107,-82,-18,103,-44,-81,-194,35,20,90
m4_9_03,9,full,fixed,3,0,,,,,,,,,,,-140,-67,-59,95,-22,-65,-230,42,29,93
m4_9_04,9,full,fixed,9,1,,,,,,,,,,,-255,-163,-117,-4,203,-92,-316,-19,56,251
m4_9_05,9,full,fixed,9,1,,,,,,,,,,,-172,-171,-110,61,67,-69,-203,-39,116,181
m3_0_01,0,full,fixed,2,0,,,,,,,,,,,1,-58,34,33,-49,-37,-70,-14,30,-22
m3_0_02,0,full,fixed,0,1,,,,,,,,,,,36,-81,10,25,-102,-7,-62,-50,8,-6
m3_0_03,0,full,fixed,2,0,,,,,,,,,,,7,-78,41,39,-128,-5,-67,-50,34,-42
m3_0_04,0,full,fixed,0,1,,,,,,,,,,,22,-85,2,8,-67,0,-47,-14,13,-10
m3_0_05,0,full,fixed,2,0,,,,,,,,,,,24,-50,90,1,-64,-73,-120,14,-29,-32
m3_1_01,1,full,fixed,1,1,,,,,,,,,,,-17,133,-42,-179,22,-43,-14,-92,-17,-112
m3_1_02,1,full,fixed,1,1,,,,,,,,,,,-36,37,7,-73,-73,-1,-6,-19,23,-79
m3_1_03,1,full,fixed,1,1,,,,,,,,,,,-3,105,-56,-152,-5,-31,-11,-76,-15,-100
m3_1_04,1,full,fixed,1,1,,,,,,,,,,,-10,146,-56,-193,40,-41,-10,-102,-42,-123
m3_1_05,1,full,fixed,8,0,,,,,,,,,,,-70,-6,18,26,-52,-23,-79,-23,28,-1
m3_2_01,2,full,fixed,2,1,,,,,,,,,,,-68,5,64,45,-126,-31,-117,-29,41,-32
m3_2_02,2,full,fixed,2,1,,,,,,,,,,,-68,5,64,45,-126,-31,-117,-29,41,-32
m3_2_03,2,full,fixed,3,0,,,,,,,,,,,-99,-42,36,89,-76,-41,-143,-23,51,25
m3_2_04,2,full,fixed,2,1,,,,,,,,,,,-57,12,130,16,-189,-43,-113,-57,37,-77
m3_2_05,2,full,fixed,2,1,,,,,,,,,,,-58,21,135,-9,-178,-44,-80,-52,31,-83
m3_3_01,3,full,fixed,3,1,,,,,,,,,,,-188,-52,-77,175,-84,71,-167,-7,-19,34
m3_3_02,3,full,fixed,3,1,,,,,,,,,,,-240,-124,-83,215,-47,82,-157,-12,-9,31
m3_3_03,3,full,fixed,3,1,,,,,,,,,,,-234,-69,-64,203,-58,11,-193,4,28,46
m3_3_04,3,full,fixed,3,1,,,,,,,,,,,-279,-75,-64,210,-56,33,-242,29,12,48
m3_3_05,3,full,fixed,3,1,,,,,,,,,,,-223,2,-57,188,-18,-22,-222,67,-46,-18
m3_4_01,4,full,fixed,4,1,,,,,,,,,,,-131,-19,33,-26,61,-34,-165,25,-44,46
m3_4_02,4,full,fixed,4,1,,,,,,,,,,,-164,-91,17,-14,57,53,-36,-79,30,2
m3_4_03,4,full,fixed,4,1,,,,,,,,,,,-131,26,-31,-66,107,-97,-202,37,-1,55
m3_4_04,4,full,fixed,5,0,,,,,,,,,,,-176,-74,27,19,45,88,-61,-54,-16,-24
m3_4_05,4,full,fixed,8,0,,,,,,,,,,,-106,-12,-69,-20,-14,18,-32,-27,29,13
m3_5_01,5,full,fixed,5,1,,,,,,,,,,,-163,-130,-111,37,-26,155,-89,-117,36,85
m3_5_02,5,full,fixed,5,1,,,,,,,,,,,-143,-135,-141,117,-81,156,-92,-91,42,57
m3_5_03,5,full,fixed,5,1,,,,,,,,,,,-170,-25,-84,76,-134,163,-181,-34,5,14
m3_5_04,5,full,fixed,5,1,,,,,,,,,,,-149,-89,-58,85,-108,134,-144,-40,16,42
m3_5_05,5,full,fixed,5,1,,,,,,,,,,,-119,-32,-76,39,-72,157,-78,-53,-7,-36
m3_6_01,6,full,fixed,6,1,,,,,,,,,,,-11,-94,-7,-87,-30,12,102,-130,85,-84
m3_6_02,6,full,fixed,5,0,,,,,,,,,,,-169,-55,-43,70,1,88,-28,-59,20,-45
m3_6_03,6,full,fixed,5,0,,,,,,,,,,,-128,0,-57,7,2,74,-28,-105,23,-20
m3_6_04,6,full,fixed,5,0,,,,,,,,,,,-182,-42,-53,16,38,89,-78,-68,29,24
m3_6_05,6,full,fixed,5,0,,,,,,,,,,,-94,-39,-68,14,-11,79,-4,-98,28,-11
m3_7_01,7,full,fixed,3,0,,,,,,,,,,,-117,-22,-25,79,-87,6,-125,33,13,10
m3_7_02,7,full,fixed,3,0,,,,,,,,,,,-101,-4,3,54,-88,2,-118,19,29,-28
m3_7_03,7,full,fixed,2,0,,,,,,,,,,,-42,-42,61,8,-116,-39,-114,32,52,-7
m3_7_04,7,full,fixed,3,0,,,,,,,,,,,-105,-25,-10,50,-23,8,-111,8,9,23
m3_7_05,7,full,fixed,3,0,,,,,,,,,,,-140,-15,-20,79,-61,-12,-141,43,8,17
m3_8_01,8,full,fixed,5,0,,,,,,,,,,,-134,-83,-86,51,-45,140,-6,-93,26,-13
m3_8_02,8,full,fixed,8,1,,,,,,,,,,,-110,-35,-8,59,-58,34,-45,-60,82,-38
m3_8_03,8,full,fixed,3,0,,,,,,,,,,,-112,-60,2,103,-50,-21,-59,-38,84,-38
m3_8_04,8,full,fixed,8,1,,,,,,,,,,,-112,-126,-39,41,46,40,-19,-69,77,-7
m3_8_05,8,full,fixed,3,0,,,,,,,,,,,-121,-68,-23,76,-55,52,-41,-68,72,-20
m3_9_01,9,full,fixed,3,0,,,,,,,,,,,-185,-62,-23,79,-7,-29,-181,15,48,59
m3_9_02,9,full,fixed,9,1,,,,,,,,,,,-166,-28,-42,58,-32,-34,-160,7,48,71
m3_9_03,9,full,fixed,3,0,,,,,,,,,,,-137,-71,-51,103,-7,-27,-138,-5,65,53
m3_9_04,9,full,fixed,9,1,,,,,,,,,,,-174,-31,-98,72,-43,-58,-197,6,79,101
m3_9_05,9,full,fixed,3,0,,,,,,,,,,,-217,-32,-73,78,36,1,-190,45,-24,70
m7_0_01,0,full,fixed,8,0,,,,,,,,,,,20,-156,5,0,-31,-46,-39,-34,79,42
m7_0_02,0,full,fixed,8,0,,,,,,,,,,,15,-114,-28,11,-45,-10,-19,-22,16,14
m7_0_03,0,full,fixed,0,1,,,,,,,,,,,121,-148,40,-30,-70,-72,-26,-79,-10,-4
m7_0_04,0,full,fixed,2,0,,,,,,,,,,,-8,-52,56,5,-66,-69,-82,16,34,-18
m7_0_05,0,full,fixed,8,0,,,,,,,,,,,-11,-98,5,31,-42,-34,-72,7,37,9
m7_1_01,1,full,fixed,4,0,,,,,,,,,,,-44,3,-32,-84,37,-14,-26,-70,31,-8
m7_1_02,1,full,fixed,8,0,,,,,,,,,,,-64,-20,-13,-13,-4,-21,-69,-23,50,17
m7_1_03,1,full,fixed,1,1,,,,,,,,,,,-29,42,-13,-119,-6,-35,-40,-28,21,-36
m7_1_04,1,full,fixed,1,1,,,,,,,,,,,-35,59,-38,-129,14,-28,-27,-30,9,-60
m7_1_05,1,full,fixed,9,0,,,,,,,,,,,-61,-49,-45,-16,-21,8,-64,-9,51,55
m7_2_01,2,full,fixed,2,1,,,,,,,,,,,-63,21,153,1,-95,-101,-44,3,-3,-161
m7_2_02,2,full,fixed,3,0,,,,,,,,,,,-114,-10,7,148,-81,-69,-126,21,43,-56
m7_2_03,2,full,fixed,2,1,,,,,,,,,,,-80,-43,106,70,-153,-89,-112,22,80,-54
m7_2_04,2,full,fixed,2,1,,,,,,,,,,,-88,-36,104,86,-144,-90,-84,-36,81,-89
m7_2_05,2,full,fixed,2,1,,,,,,,,,,,-92,-4,149,86,-189,-136,-112,14,60,-132
m7_3_01,3,full,fixed,3,1,,,,,,,,,,,-134,-153,45,69,22,7,-56,-3,-20,-68
m7_3_02,3,full,fixed,3,1,,,,,,,,,,,-169,-98,-31,121,21,5,-113,18,13,-65
m7_3_03,3,full,fixed,3,1,,,,,,,,,,,-157,-69,-40,218,-116,-19,-142,-14,29,-14
m7_3_04,3,full,fixed,3,1,,,,,,,,,,,-77,-69,2,91,-57,-35,-119,47,-60,-34
m7_3_05,3,full,fixed,3,1,,,,,,,,,,,-255,-145,-70,279,-120,43,-120,-20,15,-24
m7_4_01,4,full,fixed,8,0,,,,,,,,,,,-61,-147,9,-4,28,2,38,-58,40,-29
m7_4_02,4,full,fixed,6,0,,,,,,,,,,,16,-119,-11,-60,23,-8,60,-62,29,-46
m7_4_03,4,full,fixed,2,0,,,,,,,,,,,-99,-81,46,25,11,-16,-27,-15,40,-47
m7_4_04,4,full,fixed,6,0,,,,,,,,,,,-36,-127,16,-66,15,-5,115,-72,-3,-130
m7_4_05,4,full,fixed,6,0,,,,,,,,,,,-5,-102,-9,-53,13,45,54,-74,-58,-54
m7_5_01,5,full,fixed,3,0,,,,,,,,,,,-156,-123,-116,160,-87,106,-126,-77,47,60
m7_5_02,5,full,fixed,5,1,,,,,,,,,,,-116,-137,-83,63,-90,151,-104,-34,25,44
m7_5_03,5,full,fixed,5,1,,,,,,,,,,,-139,-116,-100,68,-34,133,-31,-86,44,29
m7_5_04,5,full,fixed,5,1,,,,,,,,,,,-63,-68,-51,16,-28,80,-50,-30,17,24
m7_5_05,5,full,fixed,5,1,,,,,,,,,,,-112,-75,-38,68,-158,76,-105,-28,10,26
m7_6_01,6,full,fixed,8,0,,,,,,,,,,,-130,-118,43,14,8,32,47,-113,75,-92
m7_6_02,6,full,fixed,5,0,,,,,,,,,,,-105,-199,-47,6,-5,97,86,-135,53,-63
m7_6_03,6,full,fixed,5,0,,,,,,,,,,,-39,-63,-56,38,-81,62,17,-78,10,-53
m7_6_04,6,full,fixed,8,0,,,,,,,,,,,-6,1,-21,-70,-7,-7,15,-68,20,-57
m7_6_05,6,full,fixed,6,1,,,,,,,,,,,-6,-57,-31,-83,-35,33,91,-109,29,-112
m7_7_01,7,full,fixed,7,1,,,,,,,,,,,-114,-18,12,78,-81,-109,-192,89,24,14
m7_7_02,7,full,fixed,7,1,,,,,,,,,,,-79,-71,8,64,-67,-102,-215,137,-24,27
m7_7_03,7,full,fixed,7,1,,,,,,,,,,,-78,-38,21,60,-88,-56,-157,63,11,19
m7_7_04,7,full,fixed,3,0,,,,,,,,,,,-63,-83,24,85,-98,-82,-171,82,11,15
m7_7_05,7,full,fixed,3,0,,,,,,,,,,,-110,-60,10,99,-110,-50,-175,44,47,25
m7_8_01,8,full,fixed,8,1,,,,,,,,,,,-154,-64,70,26,-94,18,-28,-69,130,-90
m7_8_02,8,full,fixed,8,1,,,,,,,,,,,-134,-100,80,-4,-93,-4,26,-155,201,-146
m7_8_03,8,full,fixed,3,0,,,,,,,,,,,-256,-108,-13,203,-155,38,-108,-86,144,-76
m7_8_04,8,full,fixed,8,1,,,,,,,,,,,-162,-105,-30,74,-87,86,-72,-89,148,-41
m7_8_05,8,full,fixed,8,1,,,,,,,,,,,-52,-136,40,25,-122,-16,-52,-103,208,-62
m7_9_01,9,full,fixed,5,0,,,,,,,,,,,-82,-103,-57,13,14,38,-4,-14,-8,25
m7_9_02,9,full,fixed,8,0,,,,,,,,,,,-95,-56,18,2,-17,-20,-130,-26,67,64
m7_9_03,9,full,fixed,3,0,,,,,,,,,,,-170,-113,-86,124,-11,-15,-189,7,31,112
m7_9_04,9,full,fixed,8,0,,,,,,,,,,,-61,-51,-30,-54,40,-7,-92,4,48,39
m7_9_05,9,full,fixed,9,1,,,,,,,,,,,-132,-71,4,10,-17,16,-125,-18,58,62
m1_0_01,0,full,optimized_hls,0,1,,,,,,,,,,,337,-207,-4,-189,-264,-69,-76,-139,-113,-75
m1_0_02,0,full,optimized_hls,0,1,,,,,,,,,,,384,-421,28,-113,-271,-129,-172,-100,-131,56
m1_0_03,0,full,optimized_hls,0,1,,,,,,,,,,,363,-349,-52,-164,-289,-44,-66,-46,-113,-40
m1_0_04,0,full,optimized_hls,0,1,,,,,,,,,,,397,-355,-41,-153,-307,-33,-48,-111,-123,-71
m1_0_05,0,full,optimized_hls,0,1,,,,,,,,,,,351,-366,-100,-117,-298,-46,-67,-99,-53,-9
m1_1_01,1,full,optimized_hls,1,1,,,,,,,,,,,-264,228,-28,89,-233,-191,-408,31,44,-35
m1_1_02,1,full,optimized_hls,1,1,,,,,,,,,,,-88,291,-78,-293,22,-158,-132,-120,-4,-187
m1_1_03,1,full,optimized_hls,1,1,,,,,,,,,,,-27,213,-78,-301,-33,-115,-28,-197,25,-223
m1_1_04,1,full,optimized_hls,1,1,,,,,,,,,,,-32,222,-44,-272,-59,-129,-41,-169,12,-242
m1_1_05,1,full,optimized_hls,1,1,,,,,,,,,,,-212,156,-106,-51,78,-145,-206,13,-45,-37
m1_2_01,2,full,optimized_hls,2,1,,,,,,,,,,,-190,128,464,201,-461,-383,-531,29,-71,-299
m1_2_02,2,full,optimized_hls,2,1,,,,,,,,,,,-165,48,369,203,-455,-232,-450,-21,-40,-206
m1_2_03,2,full,optimized_hls,2,1,,,,,,,,,,,-136,49,467,43,-339,-348,-350,-96,101,-235
m1_2_04,2,full,optimized_hls,2,1,,,,,,,,,,,-168,125,467,31,-252,-359,-318,-5,-96,-365
m1_2_05,2,full,optimized_hls,2,1,,,,,,,,,,,-200,276,348,-26,-281,-208,-284,5,-56,-438
m1_3_01,3,full,optimized_hls,3,1,,,,,,,,,,,-369,-143,-287,483,-156,171,-213,-148,-6,-46
m1_3_02,3,full,optimized_hls,3,1,,,,,,,,,,,-361,-98,-100,430,-153,34,-268,-87,-13,-133
m1_3_03,3,full,optimized_hls,3,1,,,,,,,,,,,-408,-162,-80,482,-169,33,-366,-19,-38,-31
m1_3_04,3,full,optimized_hls,3,1,,,,,,,,,,,-490,-33,-249,564,-188,144,-333,-121,-26,-119
m1_3_05,3,full,optimized_hls,3,1,,,,,,,,,,,-390,-137,-140,460,-100,55,-251,-70,-32,-48
m1_4_01,4,full,optimized_hls,4,1,,,,,,,,,,,-504,-237,-133,14,186,-84,-394,97,150,157
m1_4_02,4,full,optimized_hls,4,1,,,,,,,,,,,-423,-226,-87,84,220,-61,-377,60,3,173
m1_4_03,4,full,optimized_hls,4,1,,,,,,,,,,,-282,-229,5,135,170,-234,-444,140,28,142
m1_4_04,4,full,optimized_hls,9,0,,,,,,,,,,,-469,-184,-148,67,86,-41,-328,0,177,188
m1_4_05,4,full,optimized_hls,9,0,,,,,,,,,,,-505,-79,-196,28,217,-37,-461,-17,57,258
m1_5_01,5,full,optimized_hls,5,1,,,,,,,,,,,-194,-348,-195,-199,-227,372,-239,-16,149,106
m1_5_02,5,full,optimized_hls,5,1,,,,,,,,,,,-314,-345,-250,-57,-224,520,64,-445,88,55
m1_5_03,5,full,optimized_hls,5,1,,,,,,,,,,,-387,-467,-433,-11,-235,614,-227,-309,54,331
m1_5_04,5,full,optimized_hls,5,1,,,,,,,,,,,-262,-178,-275,82,-255,448,-97,-173,103,-130
m1_5_05,5,full,optimized_hls,5,1,,,,,,,,,,,-274,-279,-378,134,-267,460,26,-438,40,-9
m1_6_01,6,full,optimized_hls,6,1,,,,,,,,,,,22,-209,-44,-170,-81,9,303,-357,117,-281
m1_6_02,6,full,optimized_hls,6,1,,,,,,,,,,,-28,-362,56,-114,-231,72,289,-419,217,-186
m1_6_03,6,full,optimized_hls,6,1,,,,,,,,,,,38,-312,1,-208,-210,48,374,-475,181,-274
m1_6_04,6,full,optimized_hls,6,1,,,,,,,,,,,22,-290,16,-186,-197,76,359,-475,145,-277
m1_6_05,6,full,optimized_hls,6,1,,,,,,,,,,,-11,-311,-61,-189,-116,140,329,-423,93,-215
m1_7_01,7,full,optimized_hls,7,1,,,,,,,,,,,-242,-33,-21,169,-142,-268,-550,292,-59,67
m1_7_02,7,full,optimized_hls,7,1,,,,,,,,,,,-227,-207,-104,125,-253,-175,-636,397,-15,136
m1_7_03,7,full,optimized_hls,7,1,,,,,,,,,,,-205,-146,15,174,-172,-269,-602,288,-11,118
m1_7_04,7,full,optimized_hls,7,1,,,,,,,,,,,-200,-94,-22,126,-401,-165,-477,223,174,18
m1_7_05,7,full,optimized_hls,7,1,,,,,,,,,,,-253,46,26,134,-299,-272,-524,254,40,-7
m1_8_01,8,full,optimized_hls,8,1,,,,,,,,,,,-329,-262,82,151,-97,116,-95,-101,175,-282
m1_8_02,8,full,optimized_hls,3,0,,,,,,,,,,,-255,-254,-148,206,-147,194,-31,-290,202,-102
m1_8_03,8,full,optimized_hls,8,1,,,,,,,,,,,-478,-139,151,187,-367,155,-42,-223,340,-402
m1_8_04,8,full,optimized_hls,8,1,,,,,,,,,,,-309,-276,99,155,-182,-15,-108,-161,369,-127
m1_8_05,8,full,optimized_hls,8,1,,,,,,,,,,,-157,-295,-191,71,-232,215,-124,-50,281,-73
m1_9_01,9,full,optimized_hls,9,1,,,,,,,,,,,-405,-321,-9,118,212,-148,-454,-97,148,341
m1_9_02,9,full,optimized_hls,9,1,,,,,,,,,,,-347,-242,-98,103,129,-60,-444,-12,57,323
m1_9_03,9,full,optimized_hls,9,1,,,,,,,,,,,-406,-360,-137,42,272,-77,-519,-20,19,453
m1_9_04,9,full,optimized_hls,9,1,,,,,,,,,,,-383,-365,-117,102,223,-91,-440,-30,98,373
m1_9_05,9,full,optimized_hls,9,1,,,,,,,,,,,-446,-196,-137,57,276,-104,-533,11,56,352
m6_0_01,0,full,optimized_hls,0,1,,,,,,,,,,,392,-430,-112,-150,-241,-71,-70,-119,-117,89
m6_0_02,0,full,optimized_hls,0,1,,,,,,,,,,,452,-418,-96,-155,-294,-54,-47,-109,-201,25
m6_0_03,0,full,optimized_hls,0,1,,,,,,,,,,,401,-396,-89,-160,-346,-57,-166,5,-132,22
m6_0_04,0,full,optimized_hls,0,1,,,,,,,,,,,383,-374,-27,-89,-276,-126,-171,-58,-128,30
m6_0_05,0,full,optimized_hls,0,1,,,,,,,,,,,383,-472,-81,-109,-396,-49,-142,-34,-10,16
m6_1_01,1,full,optimized_hls,1,1,,,,,,,,,,,47,130,-51,-283,13,-50,53,-206,-37,-205
m6_1_02,1,full,optimized_hls,7,0,,,,,,,,,,,-28,-37,-33,-1,78,-172,-139,85,-87,-55
m6_1_03,1,full,optimized_hls,1,1,,,,,,,,,,,-11,234,-41,-306,49,-95,-28,-151,-43,-227
m6_1_04,1,full,optimized_hls,1,1,,,,,,,,,,,-95,233,-98,-229,89,-139,-127,-99,-7,-109
m6_1_05,1,full,optimized_hls,1,1,,,,,,,,,,,-114,121,-58,-19,6,-112,-162,-11,6,-18
m6_2_01,2,full,optimized_hls,2,1,,,,,,,,,,,-89,77,559,-31,-504,-363,-329,33,67,-352
m6_2_02,2,full,optimized_hls,2,1,,,,,,,,,,,194,-301,195,-67,-216,-166,17,-112,-10,-315
m6_2_03,2,full,optimized_hls,2,1,,,,,,,,,,,62,-123,401,41,-477,-245,-60,-170,27,-422
m6_2_04,2,full,optimized_hls,2,1,,,,,,,,,,,-58,95,472,-44,-391,-269,-172,-92,25,-477
m6_2_05,2,full,optimized_hls,2,1,,,,,,,,,,,-30,104,536,-78,-457,-327,-197,-132,99,-498
m6_3_01,3,full,optimized_hls,3,1,,,,,,,,,,,-513,-168,-150,615,-206,35,-412,-33,-14,-1
m6_3_02,3,full,optimized_hls,3,1,,,,,,,,,,,-392,-130,-103,443,-146,-60,-395,50,-39,35
m6_3_03,3,full,optimized_hls,1,0,,,,,,,,,,,-217,57,-99,41,38,4,-125,-72,-6,-57
m6_3_04,3,full,optimized_hls,3,1,,,,,,,,,,,-128,-57,-12,85,-122,35,-69,-62,84,-37
m6_3_05,3,full,optimized_hls,3,1,,,,,,,,,,,-366,-170,-69,312,-67,-22,-355,52,-74,77
m6_4_01,4,full,optimized_hls,4,1,,,,,,,,,,,-299,-270,12,-68,324,-63,-234,-94,6,85
m6_4_02,4,full,optimized_hls,4,1,,,,,,,,,,,-313,-312,-3,-2,295,-61,-286,-68,14,168
m6_4_03,4,full,optimized_hls,9,0,,,,,,,,,,,-409,-202,-175,-5,271,-26,-396,-58,18,321
m6_4_04,4,full,optimized_hls,4,1,,,,,,,,,,,-48,-235,-58,-169,130,-75,37,-185,43,41
m6_4_05,4,full,optimized_hls,9,0,,,,,,,,,,,-295,-266,-203,-16,193,-87,-404,-51,90,400
m6_5_01,5,full,optimized_hls,5,1,,,,,,,,,,,-330,-116,-190,108,-283,342,-153,-201,131,10
m6_5_02,5,full,optimized_hls,5,1,,,,,,,,,,,-365,-114,-342,243,-378,416,-150,-333,141,-26
m6_5_03,5,full,optimized_hls,5,1,,,,,,,,,,,-379,-119,-14,73,-311,213,-294,-93,172,37
m6_5_04,5,full,optimized_hls,5,1,,,,,,,,,,,-410,-48,-268,285,-416,318,-319,-175,116,5
m6_5_05,5,full,optimized_hls,5,1,,,,,,,,,,,-255,-232,-170,41,-172,278,-176,-66,70,102
m6_6_01,6,full,optimized_hls,6,1,,,,,,,,,,,30,-347,-92,-214,-135,59,398,-395,172,-212
m6_6_02,6,full,optimized_hls,6,1,,,,,,,,,,,-105,-18,16,32,-63,17,62,-68,-18,-160
m6_6_03,6,full,optimized_hls,6,1,,,,,,,,,,,4,-233,-60,-199,-150,104,311,-404,145,-235
m6_6_04,6,full,optimized_hls,6,1,,,,,,,,,,,61,-31,-32,-238,-112,-1,210,-310,56,-283
m6_6_05,6,full,optimized_hls,6,1,,,,,,,,,,,-39,-344,-34,-200,-107,118,370,-455,168,-306
m6_7_01,7,full,optimized_hls,7,1,,,,,,,,,,,-244,-83,47,215,-176,-299,-639,297,-65,71
m6_7_02,7,full,optimized_hls,7,1,,,,,,,,,,,-163,26,109,112,-202,-296,-366,176,69,-42
m6_7_03,7,full,optimized_hls,7,1,,,,,,,,,,,-123,-50,93,116,-140,-275,-534,259,-133,34
m6_7_04,7,full,optimized_hls,7,1,,,,,,,,,,,-209,29,30,159,-224,-240,-398,170,75,-21
m6_7_05,7,full,optimized_hls,7,1,,,,,,,,,,,-213,-13,61,170,-129,-304,-490,248,-20,19
m6_8_01,8,full,optimized_hls,8,1,,,,,,,,,,,-132,-309,44,31,-199,-110,-240,-70,410,42
m6_8_02,8,full,optimized_hls,8,1,,,,,,,,,,,-160,-238,115,-48,-165,-60,-25,-158,431,-126
m6_8_03,8,full,optimized_hls,8,1,,,,,,,,,,,-260,-362,57,115,-424,56,-71,-255,539,-87
m6_8_04,8,full,optimized_hls,8,1,,,,,,,,,,,-114,-295,197,62,-242,-145,-246,-151,415,-28
m6_8_05,8,full,optimized_hls,8,1,,,,,,,,,,,-188,-146,1,59,-169,10,77,-176,243,-158
m6_9_01,9,full,optimized_hls,9,1,,,,,,,,,,,-280,-71,-82,103,-59,-78,-445,121,5,183
m6_9_02,9,full,optimized_hls,9,1,,,,,,,,,,,-423,-180,-217,-41,115,6,-416,-59,104,387
m6_9_03,9,full,optimized_hls,9,1,,,,,,,,,,,-266,-85,-96,72,-9,-119,-443,83,72,225
m6_9_04,9,full,optimized_hls,9,1,,,,,,,,,,,-396,-162,-137,-42,169,-69,-404,-7,90,323
m6_9_05,9,full,optimized_hls,9,1,,,,,,,,,,,-324,-230,-129,96,78,-112,-483,77,25,338
m8_0_01,0,full,optimized_hls,0,1,,,,,,,,,,,216,-241,-9,-80,-172,-70,-127,-90,-67,50
m8_1_01,1,full,optimized_hls,1,1,,,,,,,,,,,-67,164,-90,-191,32,-83,-75,-48,-7,-97
m8_2_01,2,full,optimized_hls,2,1,,,,,,,,,,,-94,98,324,-4,-340,-235,-330,2,8,-142
m8_3_01,3,full,optimized_hls,3,1,,,,,,,,,,,-392,-123,-183,407,-142,82,-311,-119,74,81
m8_4_01,4,full,optimized_hls,4,1,,,,,,,,,,,-184,-135,-170,-104,101,20,-131,74,77,47
m8_5_01,5,full,optimized_hls,5,1,,,,,,,,,,,-384,-258,-309,186,-145,417,-225,-222,73,144
m8_6_01,6,full,optimized_hls,6,1,,,,,,,,,,,-134,-213,-132,-40,-77,141,215,-322,145,-229
m8_7_01,7,full,optimized_hls,7,1,,,,,,,,,,,-156,-19,31,92,-109,-83,-315,152,-78,13
m8_8_01,8,full,optimized_hls,8,1,,,,,,,,,,,-135,-260,26,81,-207,-97,-139,-149,405,10
m8_9_01,9,full,optimized_hls,9,1,,,,,,,,,,,-283,-158,-108,-15,213,-119,-330,-42,100,261
m8_0_02,0,full,optimized_hls,0,1,,,,,,,,,,,208,-185,17,-110,-173,-115,-90,-74,-27,-83
m8_0_03,0,full,optimized_hls,0,1,,,,,,,,,,,224,-196,-65,-164,-181,-53,27,-122,-31,-74
m8_0_04,0,full,optimized_hls,0,1,,,,,,,,,,,230,-198,9,-86,-184,-91,-95,-103,-54,-48
m8_0_05,0,full,optimized_hls,0,1,,,,,,,,,,,290,-323,-76,-120,-228,-85,-33,-125,-5,7
m8_1_02,1,full,optimized_hls,1,1,,,,,,,,,,,-58,216,-116,-270,40,-97,-59,-109,-11,-163
m8_1_03,1,full,optimized_hls,1,1,,,,,,,,,,,-152,230,131,-14,-316,-148,-203,-73,79,-220
m8_1_04,1,full,optimized_hls,7,0,,,,,,,,,,,-127,36,-36,63,57,-90,-128,71,-76,-129
m8_1_05,1,full,optimized_hls,1,1,,,,,,,,,,,-79,246,-93,-270,83,-132,-102,-125,-5,-137
m8_2_02,2,full,optimized_hls,2,1,,,,,,,,,,,-169,307,451,-65,-368,-266,-329,-8,-80,-411
m8_2_03,2,full,optimized_hls,2,1,,,,,,,,,,,-99,213,293,-114,-125,-157,-175,-124,-54,-335
m8_2_04,2,full,optimized_hls,2,1,,,,,,,,,,,-183,213,428,20,-269,-251,-324,66,-124,-417
m8_2_05,2,full,optimized_hls,2,1,,,,,,,,,,,-15,175,459,-245,-243,-186,-134,-140,-59,-447
m8_3_02,3,full,optimized_hls,3,1,,,,,,,,,,,-359,-126,-192,484,-206,52,-333,-92,42,29
m8_3_03,3,full,optimized_hls,3,1,,,,,,,,,,,-243,-131,-41,236,-153,22,-156,-76,118,4
m8_3_04,3,full,optimized_hls,3,1,,,,,,,,,,,-374,-92,-165,407,-196,99,-422,-15,-104,72
m8_3_05,3,full,optimized_hls,3,1,,,,,,,,,,,-479,-168,-301,597,-220,154,-385,-160,34,62
m8_4_02,4,full,optimized_hls,4,1,,,,,,,,,,,-264,-218,-74,-147,329,-61,-94,-105,26,-22
m8_4_03,4,full,optimized_hls,4,1,,,,,,,,,,,-156,-25,5,-106,254,-151,-135,-70,-70,-57
m8_4_04,4,full,optimized_hls,4,1,,,,,,,,,,,-177,-220,-88,-155,352,-93,-93,4,-78,-116
m8_4_05,4,full,optimized_hls,4,1,,,,,,,,,,,-305,-208,-111,-82,335,-21,-115,-49,0,-62
m8_5_02,5,full,optimized_hls,5,1,,,,,,,,,,,-383,-261,-410,208,-183,488,-156,-282,10,123
m8_5_03,5,full,optimized_hls,5,1,,,,,,,,,,,-348,-210,-314,94,-62,359,-128,-190,-38,158
m8_5_04,5,full,optimized_hls,5,1,,,,,,,,,,,-383,-208,-288,104,-156,453,-180,-310,31,153
m8_5_05,5,full,optimized_hls,5,1,,,,,,,,,,,-356,-204,-213,-33,-127,424,-133,-241,74,144
m8_6_02,6,full,optimized_hls,6,1,,,,,,,,,,,40,-136,-60,-239,-45,18,243,-348,67,-252
m8_6_03,6,full,optimized_hls,6,1,,,,,,,,,,,-44,-154,-8,-198,7,22,169,-331,125,-225
m8_6_04,6,full,optimized_hls,6,1,,,,,,,,,,,-27,-223,-72,-196,-73,92,308,-420,137,-263
m8_6_05,6,full,optimized_hls,6,1,,,,,,,,,,,13,-153,-133,-193,-85,48,248,-291,86,-181
m8_7_02,7,full,optimized_hls,7,1,,,,,,,,,,,-227,13,15,173,-167,-186,-405,198,-32,-3
m8_7_03,7,full,optimized_hls,7,1,,,,,,,,,,,-146,48,5,54,-118,-207,-291,139,53,1
m8_7_04,7,full,optimized_hls,7,1,,,,,,,,,,,-49,8,65,-9,-126,-147,-171,75,51,-11
m8_7_05,7,full,optimized_hls,7,1,,,,,,,,,,,-249,33,-23,131,-133,-176,-397,157,-17,58
m8_8_02,8,full,optimized_hls,8,1,,,,,,,,,,,-172,-208,13,45,-235,-106,-144,-185,464,-62
m8_8_03,8,full,optimized_hls,5,0,,,,,,,,,,,33,-91,-9,-148,-95,71,-96,-5,43,-9
m8_8_04,8,full,optimized_hls,8,1,,,,,,,,,,,42,-92,11,-142,-11,35,-39,-62,48,-51
m8_8_05,8,full,optimized_hls,8,1,,,,,,,,,,,-229,-227,-31,91,-249,-13,-99,-275,478,-119
m8_9_02,9,full,optimized_hls,9,1,,,,,,,,,,,-233,-94,-112,-37,203,-131,-307,-19,71,212
m8_9_03,9,full,optimized_hls,4,0,,,,,,,,,,,-315,-60,-128,-17,238,-142,-375,-29,44,227
m8_9_04,9,full,optimized_hls,9,1,,,,,,,,,,,-281,-171,-70,-11,185,-131,-392,9,70,279
m8_9_05,9,full,optimized_hls,9,1,,,,,,,,,,,-380,-222,-109,35,208,-101,-414,-81,113,347
m5_0_01,0,full,optimized_hls,0,1,,,,,,,,,,,89,-146,3,-95,-84,-116,-93,-108,88,-1
m5_0_02,0,full,optimized_hls,0,1,,,,,,,,,,,127,-121,1,-158,-142,-104,-86,-14,30,-57
m5_0_03,0,full,optimized_hls,0,1,,,,,,,,,,,210,-225,-79,-153,-121,-119,-30,-131,-9,14
m5_0_04,0,full,optimized_hls,0,1,,,,,,,,,,,127,-182,15,-131,-73,-219,-181,-64,57,0
m5_1_01,1,full,optimized_hls,1,1,,,,,,,,,,,-105,270,-132,-341,112,-122,-116,-146,-42,-141
m5_1_02,1,full,optimized_hls,1,1,,,,,,,,,,,-56,265,-111,-335,78,-157,-119,-120,-43,-152
m5_1_03,1,full,optimized_hls,1,1,,,,,,,,,,,-125,256,-88,-200,46,-192,-214,-56,-3,-79
m5_1_04,1,full,optimized_hls,1,1,,,,,,,,,,,-73,278,-85,-274,38,-186,-142,-114,1,-185
m5_2_01,2,full,optimized_hls,2,1,,,,,,,,,,,56,65,335,-139,-357,-231,-124,-162,113,-319
m5_2_02,2,full,optimized_hls,2,1,,,,,,,,,,,-81,10,331,72,-438,-366,-277,-10,144,-178
m5_2_03,2,full,optimized_hls,2,1,,,,,,,,,,,19,121,199,-108,-196,-184,-78,-109,28,-248
m5_2_04,2,full,optimized_hls,2,1,,,,,,,,,,,3,-72,346,-24,-312,-223,-72,-98,81,-267
m5_3_01,3,full,optimized_hls,3,1,,,,,,,,,,,-232,-111,-67,135,40,-25,-217,10,-41,101
m5_3_02,3,full,optimized_hls,3,1,,,,,,,,,,,-297,-89,-126,352,-143,8,-226,-26,13,-3
m5_3_03,3,full,optimized_hls,3,1,,,,,,,,,,,-164,-110,-50,126,-18,-62,-165,2,15,91
m5_3_04,3,full,optimized_hls,3,1,,,,,,,,,,,-304,-167,-114,187,-1,57,-187,20,-60,74
m5_4_01,4,full,optimized_hls,4,1,,,,,,,,,,,-166,-206,-36,-111,174,-73,-76,-179,116,31
m5_4_02,4,full,optimized_hls,4,1,,,,,,,,,,,-240,-237,-107,-124,289,-59,-258,-50,-33,220
m5_4_03,4,full,optimized_hls,4,1,,,,,,,,,,,-160,-205,59,-70,88,-57,10,-140,38,-31
m5_4_04,4,full,optimized_hls,4,1,,,,,,,,,,,-215,-323,-22,-72,204,-66,-215,-58,-18,194
m5_5_01,5,full,optimized_hls,5,1,,,,,,,,,,,-308,-182,-192,86,-81,300,-143,-145,86,83
m5_5_02,5,full,optimized_hls,5,1,,,,,,,,,,,-200,-112,-121,-49,6,157,-168,-30,58,57
m5_5_03,5,full,optimized_hls,5,1,,,,,,,,,,,-263,-255,-266,-98,-105,346,-170,-70,153,98
m5_5_04,5,full,optimized_hls,5,1,,,,,,,,,,,-215,-183,-102,-55,-59,180,-75,-144,146,89
m5_6_01,6,full,optimized_hls,6,1,,,,,,,,,,,-56,-199,-92,-72,-80,40,185,-270,158,-113
m5_6_02,6,full,optimized_hls,6,1,,,,,,,,,,,-136,-189,-114,-48,-25,94,204,-280,108,-175
m5_6_03,6,full,optimized_hls,6,1,,,,,,,,,,,-33,-139,-40,-146,1,5,150,-219,105,-107
m5_6_04,6,full,optimized_hls,6,1,,,,,,,,,,,-68,-36,-54,-9,-128,-7,147,-249,93,-281
m5_7_01,7,full,optimized_hls,3,0,,,,,,,,,,,-173,-44,49,155,-186,-220,-380,128,73,55
m5_7_02,7,full,optimized_hls,7,1,,,,,,,,,,,-250,20,36,160,-118,-212,-456,275,-96,-28
m5_7_03,7,full,optimized_hls,7,1,,,,,,,,,,,-225,31,29,103,-73,-241,-418,206,-24,29
m5_7_04,7,full,optimized_hls,7,1,,,,,,,,,,,-184,-44,56,137,-66,-232,-375,201,-20,21
m5_8_01,8,full,optimized_hls,8,1,,,,,,,,,,,-115,-177,-32,-60,-70,-67,-157,-129,275,114
m5_8_02,8,full,optimized_hls,8,1,,,,,,,,,,,-24,-18,32,-85,-192,-90,-63,-143,227,-106
m5_8_03,8,full,optimized_hls,8,1,,,,,,,,,,,-145,-208,-112,48,-121,-84,-174,-169,353,106
m5_8_04,8,full,optimized_hls,8,1,,,,,,,,,,,-86,-102,5,-59,-25,-197,-250,-64,276,35
m5_9_01,9,full,optimized_hls,9,1,,,,,,,,,,,-194,-3,-97,64,11,-137,-324,51,20,140
m5_9_02,9,full,optimized_hls,9,1,,,,,,,,,,,-253,-26,-59,68,80,-77,-304,19,2,145
m5_9_03,9,full,optimized_hls,9,1,,,,,,,,,,,-244,54,-93,79,23,-146,-303,37,40,92
m5_9_04,9,full,optimized_hls,3,0,,,,,,,,,,,-268,46,-85,92,46,-108,-289,38,17,72
m4_0_01,0,full,optimized_hls,0,1,,,,,,,,,,,102,-123,45,-72,-98,-120,-99,-25,31,-39
m4_0_02,0,full,optimized_hls,0,1,,,,,,,,,,,226,-125,-2,-64,-186,-64,-73,-137,-136,-45
m4_0_03,0,full,optimized_hls,0,1,,,,,,,,,,,159,-162,32,-76,-220,-89,-119,22,9,-57
m4_0_04,0,full,optimized_hls,0,1,,,,,,,,,,,75,-153,52,-9,-50,-124,-148,7,41,10
m4_0_05,0,full,optimized_hls,0,1,,,,,,,,,,,211,-228,29,-70,-187,-107,-65,-111,-15,-21
m4_1_01,1,full,optimized_hls,4,0,,,,,,,,,,,-59,10,-2,14,68,-89,-115,26,-31,-43
m4_1_02,1,full,optimized_hls,8,0,,,,,,,,,,,-15,-207,75,-74,-245,-16,158,-354,208,-245
m4_1_03,1,full,optimized_hls,8,0,,,,,,,,,,,-69,4,0,-2,-8,-15,-50,-70,40,-21
m4_1_04,1,full,optimized_hls,1,1,,,,,,,,,,,-61,115,-95,-85,-33,1,-57,-139,-2,-114
m4_1_05,1,full,optimized_hls,1,1,,,,,,,,,,,-17,98,-63,-133,24,-71,-18,-69,0,-97
m4_2_01,2,full,optimized_hls,8,0,,,,,,,,,,,-32,-75,-12,-43,-83,30,10,-116,65,-30
m4_2_02,2,full,optimized_hls,2,1,,,,,,,,,,,-91,145,170,-40,-141,-164,-178,51,-29,-158
m4_2_03,2,full,optimized_hls,2,1,,,,,,,,,,,-101,112,173,-21,-105,-52,-106,-37,-55,-237
m4_2_04,2,full,optimized_hls,8,0,,,,,,,,,,,-62,-16,37,34,-154,-65,-98,-38,117,-27
m4_2_05,2,full,optimized_hls,2,1,,,,,,,,,,,-103,-30,132,-81,-8,-35,-82,-21,83,-173
m4_3_01,3,full,optimized_hls,1,0,,,,,,,,,,,-53,30,10,-28,1,-25,-68,-20,20,-14
m4_3_02,3,full,optimized_hls,3,1,,,,,,,,,,,-293,-35,-82,192,-22,107,-206,-24,-46,25
m4_3_03,3,full,optimized_hls,3,1,,,,,,,,,,,-421,-84,-74,347,-100,37,-335,-31,7,59
m4_3_04,3,full,optimized_hls,3,1,,,,,,,,,,,-249,-73,4,293,-224,-35,-178,-93,124,-86
m4_3_05,3,full,optimized_hls,3,1,,,,,,,,,,,-170,-48,-36,103,-78,-31,-201,10,51,58
m4_4_01,4,full,optimized_hls,1,0,,,,,,,,,,,-93,164,54,25,-159,-41,-181,-56,-54,-98
m4_4_02,4,full,optimized_hls,8,0,,,,,,,,,,,-113,-41,-5,-27,1,26,-154,26,29,26
m4_4_03,4,full,optimized_hls,8,0,,,,,,,,,,,-14,2,-14,-133,-61,16,-80,45,46,-74
m4_4_04,4,full,optimized_hls,4,1,,,,,,,,,,,-117,-54,-117,-130,92,-1,-105,-32,60,50
m4_4_05,4,full,optimized_hls,4,1,,,,,,,,,,,-155,-188,3,-78,159,-43,-90,-85,18,32
m4_5_01,5,full,optimized_hls,2,0,,,,,,,,,,,-177,-24,93,-19,-200,56,-27,-118,37,-155
m4_5_02,5,full,optimized_hls,5,1,,,,,,,,,,,-179,-192,-82,-37,-17,209,-53,-133,9,84
m4_5_03,5,full,optimized_hls,5,1,,,,,,,,,,,-278,-234,-132,61,-99,255,-140,-144,90,124
m4_5_04,5,full,optimized_hls,5,1,,,,,,,,,,,-322,-255,-312,94,-218,453,-114,-295,49,136
m4_5_05,5,full,optimized_hls,5,1,,,,,,,,,,,-24,-142,-4,-16,-180,135,4,-131,76,-123
m4_6_01,6,full,optimized_hls,5,0,,,,,,,,,,,-108,-148,-53,43,-52,99,65,-131,93,-86
m4_6_02,6,full,optimized_hls,6,1,,,,,,,,,,,-84,-228,-61,-81,-78,122,234,-304,100,-187
m4_6_03,6,full,optimized_hls,5,0,,,,,,,,,,,-136,-279,-189,-56,-62,202,150,-327,123,-25
m4_6_04,6,full,optimized_hls,8,0,,,,,,,,,,,-114,-144,32,-100,-3,95,79,-199,102,-86
m4_6_05,6,full,optimized_hls,6,1,,,,,,,,,,,-95,-226,-42,-126,-53,124,171,-280,145,-99
m4_7_01,7,full,optimized_hls,7,1,,,,,,,,,,,-174,31,-1,77,-17,-121,-263,110,-46,26
m4_7_02,7,full,optimized_hls,3,0,,,,,,,,,,,-135,-25,-24,126,-80,-82,-228,59,7,56
m4_7_03,7,full,optimized_hls,8,0,,,,,,,,,,,-33,-15,33,-30,-51,-21,-54,-18,47,-12
m4_7_04,7,full,optimized_hls,3,0,,,,,,,,,,,-110,-52,27,89,-57,-104,-185,25,63,49
m4_7_05,7,full,optimized_hls,3,0,,,,,,,,,,,-77,-32,39,92,-122,-96,-156,30,52,5
m4_8_01,8,full,optimized_hls,8,1,,,,,,,,,,,-59,-152,33,-7,-124,26,-29,-85,182,-21
m4_8_02,8,full,optimized_hls,3,0,,,,,,,,,,,-138,-133,-93,146,-110,46,-79,-96,137,19
m4_8_03,8,full,optimized_hls,8,1,,,,,,,,,,,-109,-175,-47,143,-154,-35,-128,-91,209,37
m4_8_04,8,full,optimized_hls,8,1,,,,,,,,,,,-122,-125,90,51,-127,-43,-6,-155,230,-179
m4_8_05,8,full,optimized_hls,8,1,,,,,,,,,,,-42,-188,2,-76,-58,15,83,-169,212,-102
m4_9_01,9,full,optimized_hls,3,0,,,,,,,,,,,-71,3,-16,58,-26,-68,-126,39,8,21
m4_9_02,9,full,optimized_hls,3,0,,,,,,,,,,,-107,-82,-18,103,-44,-81,-194,35,20,90
m4_9_03,9,full,optimized_hls,3,0,,,,,,,,,,,-140,-67,-59,95,-22,-65,-230,42,29,93
m4_9_04,9,full,optimized_hls,9,1,,,,,,,,,,,-255,-163,-117,-4,203,-92,-316,-19,56,251
m4_9_05,9,full,optimized_hls,9,1,,,,,,,,,,,-172,-171,-110,61,67,-69,-203,-39,116,181
m3_0_01,0,full,optimized_hls,2,0,,,,,,,,,,,1,-58,34,33,-49,-37,-70,-14,30,-22
m3_0_02,0,full,optimized_hls,0,1,,,,,,,,,,,36,-81,10,25,-102,-7,-62,-50,8,-6
m3_0_03,0,full,optimized_hls,2,0,,,,,,,,,,,7,-78,41,39,-128,-5,-67,-50,34,-42
m3_0_04,0,full,optimized_hls,0,1,,,,,,,,,,,22,-85,2,8,-67,0,-47,-14,13,-10
m3_0_05,0,full,optimized_hls,2,0,,,,,,,,,,,24,-50,90,1,-64,-73,-120,14,-29,-32
m3_1_01,1,full,optimized_hls,1,1,,,,,,,,,,,-17,133,-42,-179,22,-43,-14,-92,-17,-112
m3_1_02,1,full,optimized_hls,1,1,,,,,,,,,,,-36,37,7,-73,-73,-1,-6,-19,23,-79
m3_1_03,1,full,optimized_hls,1,1,,,,,,,,,,,-3,105,-56,-152,-5,-31,-11,-76,-15,-100
m3_1_04,1,full,optimized_hls,1,1,,,,,,,,,,,-10,146,-56,-193,40,-41,-10,-102,-42,-123
m3_1_05,1,full,optimized_hls,8,0,,,,,,,,,,,-70,-6,18,26,-52,-23,-79,-23,28,-1
m3_2_01,2,full,optimized_hls,2,1,,,,,,,,,,,-68,5,64,45,-126,-31,-117,-29,41,-32
m3_2_02,2,full,optimized_hls,2,1,,,,,,,,,,,-68,5,64,45,-126,-31,-117,-29,41,-32
m3_2_03,2,full,optimized_hls,3,0,,,,,,,,,,,-99,-42,36,89,-76,-41,-143,-23,51,25
m3_2_04,2,full,optimized_hls,2,1,,,,,,,,,,,-57,12,130,16,-189,-43,-113,-57,37,-77
m3_2_05,2,full,optimized_hls,2,1,,,,,,,,,,,-58,21,135,-9,-178,-44,-80,-52,31,-83
m3_3_01,3,full,optimized_hls,3,1,,,,,,,,,,,-188,-52,-77,175,-84,71,-167,-7,-19,34
m3_3_02,3,full,optimized_hls,3,1,,,,,,,,,,,-240,-124,-83,215,-47,82,-157,-12,-9,31
m3_3_03,3,full,optimized_hls,3,1,,,,,,,,,,,-234,-69,-64,203,-58,11,-193,4,28,46
m3_3_04,3,full,optimized_hls,3,1,,,,,,,,,,,-279,-75,-64,210,-56,33,-242,29,12,48
m3_3_05,3,full,optimized_hls,3,1,,,,,,,,,,,-223,2,-57,188,-18,-22,-222,67,-46,-18
m3_4_01,4,full,optimized_hls,4,1,,,,,,,,,,,-131,-19,33,-26,61,-34,-165,25,-44,46
m3_4_02,4,full,optimized_hls,4,1,,,,,,,,,,,-164,-91,17,-14,57,53,-36,-79,30,2
m3_4_03,4,full,optimized_hls,4,1,,,,,,,,,,,-131,26,-31,-66,107,-97,-202,37,-1,55
m3_4_04,4,full,optimized_hls,5,0,,,,,,,,,,,-176,-74,27,19,45,88,-61,-54,-16,-24
m3_4_05,4,full,optimized_hls,8,0,,,,,,,,,,,-106,-12,-69,-20,-14,18,-32,-27,29,13
m3_5_01,5,full,optimized_hls,5,1,,,,,,,,,,,-163,-130,-111,37,-26,155,-89,-117,36,85
m3_5_02,5,full,optimized_hls,5,1,,,,,,,,,,,-143,-135,-141,117,-81,156,-92,-91,42,57
m3_5_03,5,full,optimized_hls,5,1,,,,,,,,,,,-170,-25,-84,76,-134,163,-181,-34,5,14
m3_5_04,5,full,optimized_hls,5,1,,,,,,,,,,,-149,-89,-58,85,-108,134,-144,-40,16,42
m3_5_05,5,full,optimized_hls,5,1,,,,,,,,,,,-119,-32,-76,39,-72,157,-78,-53,-7,-36
m3_6_01,6,full,optimized_hls,6,1,,,,,,,,,,,-11,-94,-7,-87,-30,12,102,-130,85,-84
m3_6_02,6,full,optimized_hls,5,0,,,,,,,,,,,-169,-55,-43,70,1,88,-28,-59,20,-45
m3_6_03,6,full,optimized_hls,5,0,,,,,,,,,,,-128,0,-57,7,2,74,-28,-105,23,-20
m3_6_04,6,full,optimized_hls,5,0,,,,,,,,,,,-182,-42,-53,16,38,89,-78,-68,29,24
m3_6_05,6,full,optimized_hls,5,0,,,,,,,,,,,-94,-39,-68,14,-11,79,-4,-98,28,-11
m3_7_01,7,full,optimized_hls,3,0,,,,,,,,,,,-117,-22,-25,79,-87,6,-125,33,13,10
m3_7_02,7,full,optimized_hls,3,0,,,,,,,,,,,-101,-4,3,54,-88,2,-118,19,29,-28
m3_7_03,7,full,optimized_hls,2,0,,,,,,,,,,,-42,-42,61,8,-116,-39,-114,32,52,-7
m3_7_04,7,full,optimized_hls,3,0,,,,,,,,,,,-105,-25,-10,50,-23,8,-111,8,9,23
m3_7_05,7,full,optimized_hls,3,0,,,,,,,,,,,-140,-15,-20,79,-61,-12,-141,43,8,17
m3_8_01,8,full,optimized_hls,5,0,,,,,,,,,,,-134,-83,-86,51,-45,140,-6,-93,26,-13
m3_8_02,8,full,optimized_hls,8,1,,,,,,,,,,,-110,-35,-8,59,-58,34,-45,-60,82,-38
m3_8_03,8,full,optimized_hls,3,0,,,,,,,,,,,-112,-60,2,103,-50,-21,-59,-38,84,-38
m3_8_04,8,full,optimized_hls,8,1,,,,,,,,,,,-112,-126,-39,41,46,40,-19,-69,77,-7
m3_8_05,8,full,optimized_hls,3,0,,,,,,,,,,,-121,-68,-23,76,-55,52,-41,-68,72,-20
m3_9_01,9,full,optimized_hls,3,0,,,,,,,,,,,-185,-62,-23,79,-7,-29,-181,15,48,59
m3_9_02,9,full,optimized_hls,9,1,,,,,,,,,,,-166,-28,-42,58,-32,-34,-160,7,48,71
m3_9_03,9,full,optimized_hls,3,0,,,,,,,,,,,-137,-71,-51,103,-7,-27,-138,-5,65,53
m3_9_04,9,full,optimized_hls,9,1,,,,,,,,,,,-174,-31,-98,72,-43,-58,-197,6,79,101
m3_9_05,9,full,optimized_hls,3,0,,,,,,,,,,,-217,-32,-73,78,36,1,-190,45,-24,70
m7_0_01,0,full,optimized_hls,8,0,,,,,,,,,,,20,-156,5,0,-31,-46,-39,-34,79,42
m7_0_02,0,full,optimized_hls,8,0,,,,,,,,,,,15,-114,-28,11,-45,-10,-19,-22,16,14
m7_0_03,0,full,optimized_hls,0,1,,,,,,,,,,,121,-148,40,-30,-70,-72,-26,-79,-10,-4
m7_0_04,0,full,optimized_hls,2,0,,,,,,,,,,,-8,-52,56,5,-66,-69,-82,16,34,-18
m7_0_05,0,full,optimized_hls,8,0,,,,,,,,,,,-11,-98,5,31,-42,-34,-72,7,37,9
m7_1_01,1,full,optimized_hls,4,0,,,,,,,,,,,-44,3,-32,-84,37,-14,-26,-70,31,-8
m7_1_02,1,full,optimized_hls,8,0,,,,,,,,,,,-64,-20,-13,-13,-4,-21,-69,-23,50,17
m7_1_03,1,full,optimized_hls,1,1,,,,,,,,,,,-29,42,-13,-119,-6,-35,-40,-28,21,-36
m7_1_04,1,full,optimized_hls,1,1,,,,,,,,,,,-35,59,-38,-129,14,-28,-27,-30,9,-60
m7_1_05,1,full,optimized_hls,9,0,,,,,,,,,,,-61,-49,-45,-16,-21,8,-64,-9,51,55
m7_2_01,2,full,optimized_hls,2,1,,,,,,,,,,,-63,21,153,1,-95,-101,-44,3,-3,-161
m7_2_02,2,full,optimized_hls,3,0,,,,,,,,,,,-114,-10,7,148,-81,-69,-126,21,43,-56
m7_2_03,2,full,optimized_hls,2,1,,,,,,,,,,,-80,-43,106,70,-153,-89,-112,22,80,-54
m7_2_04,2,full,optimized_hls,2,1,,,,,,,,,,,-88,-36,104,86,-144,-90,-84,-36,81,-89
m7_2_05,2,full,optimized_hls,2,1,,,,,,,,,,,-92,-4,149,86,-189,-136,-112,14,60,-132
m7_3_01,3,full,optimized_hls,3,1,,,,,,,,,,,-134,-153,45,69,22,7,-56,-3,-20,-68
m7_3_02,3,full,optimized_hls,3,1,,,,,,,,,,,-169,-98,-31,121,21,5,-113,18,13,-65
m7_3_03,3,full,optimized_hls,3,1,,,,,,,,,,,-157,-69,-40,218,-116,-19,-142,-14,29,-14
m7_3_04,3,full,optimized_hls,3,1,,,,,,,,,,,-77,-69,2,91,-57,-35,-119,47,-60,-34
m7_3_05,3,full,optimized_hls,3,1,,,,,,,,,,,-255,-145,-70,279,-120,43,-120,-20,15,-24
m7_4_01,4,full,optimized_hls,8,0,,,,,,,,,,,-61,-147,9,-4,28,2,38,-58,40,-29
m7_4_02,4,full,optimized_hls,6,0,,,,,,,,,,,16,-119,-11,-60,23,-8,60,-62,29,-46
m7_4_03,4,full,optimized_hls,2,0,,,,,,,,,,,-99,-81,46,25,11,-16,-27,-15,40,-47
m7_4_04,4,full,optimized_hls,6,0,,,,,,,,,,,-36,-127,16,-66,15,-5,115,-72,-3,-130
m7_4_05,4,full,optimized_hls,6,0,,,,,,,,,,,-5,-102,-9,-53,13,45,54,-74,-58,-54
m7_5_01,5,full,optimized_hls,3,0,,,,,,,,,,,-156,-123,-116,160,-87,106,-126,-77,47,60
m7_5_02,5,full,optimized_hls,5,1,,,,,,,,,,,-116,-137,-83,63,-90,151,-104,-34,25,44
m7_5_03,5,full,optimized_hls,5,1,,,,,,,,,,,-139,-116,-100,68,-34,133,-31,-86,44,29
m7_5_04,5,full,optimized_hls,5,1,,,,,,,,,,,-63,-68,-51,16,-28,80,-50,-30,17,24
m7_5_05,5,full,optimized_hls,5,1,,,,,,,,,,,-112,-75,-38,68,-158,76,-105,-28,10,26
m7_6_01,6,full,optimized_hls,8,0,,,,,,,,,,,-130,-118,43,14,8,32,47,-113,75,-92
m7_6_02,6,full,optimized_hls,5,0,,,,,,,,,,,-105,-199,-47,6,-5,97,86,-135,53,-63
m7_6_03,6,full,optimized_hls,5,0,,,,,,,,,,,-39,-63,-56,38,-81,62,17,-78,10,-53
m7_6_04,6,full,optimized_hls,8,0,,,,,,,,,,,-6,1,-21,-70,-7,-7,15,-68,20,-57
m7_6_05,6,full,optimized_hls,6,1,,,,,,,,,,,-6,-57,-31,-83,-35,33,91,-109,29,-112
m7_7_01,7,full,optimized_hls,7,1,,,,,,,,,,,-114,-18,12,78,-81,-109,-192,89,24,14
m7_7_02,7,full,optimized_hls,7,1,,,,,,,,,,,-79,-71,8,64,-67,-102,-215,137,-24,27
m7_7_03,7,full,optimized_hls,7,1,,,,,,,,,,,-78,-38,21,60,-88,-56,-157,63,11,19
m7_7_04,7,full,optimized_hls,3,0,,,,,,,,,,,-63,-83,24,85,-98,-82,-171,82,11,15
m7_7_05,7,full,optimized_hls,3,0,,,,,,,,,,,-110,-60,10,99,-110,-50,-175,44,47,25
m7_8_01,8,full,optimized_hls,8,1,,,,,,,,,,,-154,-64,70,26,-94,18,-28,-69,130,-90
m7_8_02,8,full,optimized_hls,8,1,,,,,,,,,,,-134,-100,80,-4,-93,-4,26,-155,201,-146
m7_8_03,8,full,optimized_hls,3,0,,,,,,,,,,,-256,-108,-13,203,-155,38,-108,-86,144,-76
m7_8_04,8,full,optimized_hls,8,1,,,,,,,,,,,-162,-105,-30,74,-87,86,-72,-89,148,-41
m7_8_05,8,full,optimized_hls,8,1,,,,,,,,,,,-52,-136,40,25,-122,-16,-52,-103,208,-62
m7_9_01,9,full,optimized_hls,5,0,,,,,,,,,,,-82,-103,-57,13,14,38,-4,-14,-8,25
m7_9_02,9,full,optimized_hls,8,0,,,,,,,,,,,-95,-56,18,2,-17,-20,-130,-26,67,64
m7_9_03,9,full,optimized_hls,3,0,,,,,,,,,,,-170,-113,-86,124,-11,-15,-189,7,31,112
m7_9_04,9,full,optimized_hls,8,0,,,,,,,,,,,-61,-51,-30,-54,40,-7,-92,4,48,39
m7_9_05,9,full,optimized_hls,9,1,,,,,,,,,,,-132,-71,4,10,-17,16,-125,-18,58,62
