index,label,pred,raw_logit0,raw_logit1,raw_logit2,raw_logit3,raw_logit4,raw_logit5,raw_logit6,raw_logit7,raw_logit8,raw_logit9
0,7,7,-125,-1,6,-16,-81,-148,-358,261,-135,13
1,2,2,94,77,192,-158,-160,-246,-68,-52,-24,-253
2,1,1,-64,260,-116,-293,106,-122,-105,-13,-130,-207
3,0,0,178,-80,-47,-180,-70,-86,14,-56,-145,-107
4,4,4,-105,6,-101,-240,255,-112,-143,-6,-128,-14
5,1,1,-67,299,-134,-332,110,-157,-128,-12,-149,-229
6,4,4,-199,70,-164,-256,282,-62,-176,12,-57,-36
7,9,9,-96,-60,-40,-44,66,-14,-147,-60,-21,148
8,5,5,-29,-183,-179,-121,-94,188,74,-93,-44,66
9,9,9,-22,-166,-79,-30,48,-129,-179,44,33,118
10,0,0,213,-147,-26,-114,-176,-89,-105,57,-138,-27
11,6,6,91,-183,-162,-170,-96,-14,230,-166,13,-124
12,9,9,-94,-62,-114,-119,92,-85,-228,93,-60,126
13,0,0,102,-100,-140,-120,-107,-57,-108,94,-129,-16
14,1,1,-60,234,-116,-281,90,-82,-84,-65,-100,-137
15,5,5,-140,29,-126,61,-67,133,-100,35,-94,-34
16,9,9,-116,-95,-111,-82,55,-83,-246,140,-69,150
17,7,7,-108,-25,31,-10,-146,-104,-351,265,-201,-9
18,3,3,-117,-63,-51,139,-33,-19,-187,63,-37,25
19,4,4,-124,95,-116,-232,253,-101,-147,44,-161,-160
20,9,4,-93,38,-65,-148,121,-134,-236,97,-132,23
21,6,6,36,-146,-213,-183,-27,80,206,-175,-63,-63
22,6,6,31,-166,-239,-161,-16,34,201,-99,-57,-88
23,5,5,-19,-183,-174,-98,-116,214,85,-114,-44,10
24,4,4,-58,9,-78,-179,170,-41,-68,1,-103,-39
25,0,0,173,-196,-92,-113,-74,-78,2,-24,-69,-27
26,7,7,-93,27,25,-42,-28,-156,-246,187,-113,3
27,4,4,-143,34,-67,-263,347,-127,-208,-25,-139,-59
28,0,0,176,-45,-17,-108,-135,-108,-144,80,-172,-125
29,1,1,-109,211,-77,-231,105,-105,-157,-9,-65,-72
30,3,3,-125,-79,-65,235,-147,-5,-244,60,-102,3
31,1,1,-124,197,-88,-258,114,-94,-168,-6,-103,-34
32,3,3,-239,40,-98,266,-127,5,-204,30,-33,-63
33,4,4,43,-13,-21,-268,205,-171,-52,-39,-113,-164
34,7,7,-96,23,43,-33,-129,-231,-380,287,-82,-40
35,2,2,-31,20,249,10,-175,-242,-237,89,-53,-121
36,7,7,-140,35,81,18,-114,-184,-364,241,-131,-16
37,1,1,-101,249,-100,-310,130,-106,-146,-43,-96,-90
38,2,2,61,-7,237,-77,-192,-208,-62,-21,-21,-183
39,1,1,-22,258,-151,-347,103,-88,-56,-89,-117,-208
40,1,1,-39,161,-64,-204,43,-65,-78,-9,-69,-89
41,7,7,-87,91,109,-44,-37,-189,-261,200,-146,-108
42,4,4,-162,146,-227,-334,274,-82,-125,10,-186,-154
43,2,2,-65,107,175,-142,63,-161,-33,-50,-46,-333
44,3,3,-116,-39,-22,159,-94,-10,-152,58,-120,-74
45,5,5,14,-97,-166,-131,-184,176,6,22,-58,-58
46,1,1,-121,198,-74,-166,69,-83,-171,-26,-48,-46
47,2,2,30,12,164,-71,-4,-140,-84,-4,-94,-136
48,4,4,-211,71,-166,-255,363,-91,-204,-51,-89,-73
49,4,4,-82,-31,-123,-227,237,-77,-94,44,-204,-63
50,6,6,45,-56,-262,-184,22,35,205,-203,-101,-150
51,3,3,-208,30,-32,284,-143,-106,-336,137,-106,-60
52,5,5,-24,-168,-197,-79,-98,202,97,-106,-33,-20
53,5,5,-87,-46,-199,7,-44,142,-54,31,-122,27
54,6,6,23,-202,-265,-171,-75,73,242,-124,7,-89
55,0,1,92,108,-104,-346,-48,-118,-152,87,-229,-151
56,4,4,-162,50,-118,-282,355,-130,-190,24,-168,-129
57,1,1,-66,255,-107,-282,94,-150,-125,-1,-104,-173
58,9,9,-137,-114,-49,-49,147,-76,-239,69,-89,155
59,5,5,-48,-41,-203,-85,-33,120,0,44,-27,-44
60,7,7,-173,13,-9,-6,-111,-82,-289,275,-203,-25
61,8,9,3,-192,17,42,-30,-87,-86,-74,67,85
62,9,9,-52,-107,-127,-75,-39,52,-75,25,-5,89
63,3,7,-115,-5,98,97,-82,-166,-290,139,-63,-36
64,7,7,-133,24,71,1,-5,-221,-355,290,-128,-81
65,4,4,-102,64,-88,-174,172,-60,-139,-20,-104,-20
66,6,6,71,-152,-222,-161,-20,12,205,-139,-85,-78
67,4,4,-121,-63,-89,-107,207,-40,-84,-2,-95,-15
68,3,3,-223,-7,-19,286,-126,-118,-325,82,-18,-16
69,0,0,157,-125,-51,-134,-62,-43,-53,-17,-182,49
70,7,7,-103,-62,-32,15,-112,-53,-284,224,-169,27
71,0,0,266,-198,-53,-113,-183,-101,-29,-42,-127,-33
72,2,2,16,-8,188,-35,-74,-214,-327,158,-180,-73
73,9,9,-18,-34,-9,-101,18,-170,-222,8,29,65
74,1,1,-53,268,-123,-342,125,-87,-84,-91,-123,-161
75,7,7,-142,28,6,-15,25,-115,-203,211,-84,-74
76,3,3,-218,-11,-73,210,-52,-18,-223,46,-65,18
77,2,2,-7,20,132,17,-97,-160,-199,77,-91,-59
78,9,4,-49,14,-69,-142,89,-128,-165,5,-18,42
79,7,7,22,-7,49,-112,-17,-205,-207,156,-54,-92
80,7,7,-78,75,-135,-245,-1,-69,-189,183,-152,-26
81,6,6,5,-92,-201,-172,-44,39,218,-152,-48,-106
82,2,2,-31,95,286,-31,-117,-239,-259,94,-158,-235
83,7,7,-122,63,-80,-157,28,-166,-277,266,-152,-33
84,8,8,-31,-122,-225,-13,-15,2,12,-56,153,-47
85,4,4,-208,82,-236,-262,327,-54,-141,21,-172,-161
86,7,7,-78,65,11,-85,-27,-185,-270,203,-96,-32
87,3,7,-211,64,21,145,-50,-85,-231,160,-158,-125
88,6,6,56,-139,-189,-161,-22,21,254,-172,-50,-155
89,1,1,-64,256,-158,-257,102,-99,-63,-49,-137,-238
90,3,3,-123,-40,-77,204,-106,-59,-269,16,-6,53
91,6,6,40,-166,-227,-134,-33,67,291,-239,-51,-141
92,9,4,-48,-17,-107,-85,81,-106,-136,-2,-17,47
93,3,3,-126,-61,-75,166,-47,-12,-233,32,-84,11
94,1,1,-76,247,-133,-286,128,-67,-71,-117,-70,-137
95,4,4,-68,-16,-205,-254,243,-79,-53,-35,-100,-83
96,1,1,-112,159,-54,-175,71,-87,-168,-5,-59,-2
97,7,7,-97,35,79,-111,15,-191,-196,208,-25,-193
98,6,6,80,-104,-146,-199,-75,30,176,-159,-52,-67
99,9,9,-119,-132,-48,-24,91,-88,-252,79,-79,187
100,6,6,37,-127,-150,-128,-36,5,200,-149,14,-99
101,0,0,170,-124,-136,-99,-195,14,14,-9,-80,-76
102,5,5,-129,-52,-152,34,-174,233,-125,-34,-84,47
103,4,4,-133,16,-69,-193,316,-97,-156,13,-165,-134
104,9,9,-72,-135,-143,-55,0,61,-122,28,-120,162
105,9,9,-130,-143,-56,-21,61,-22,-221,26,-41,194
106,2,2,79,-22,278,-116,-112,-274,-268,98,-120,-126
107,1,1,-29,266,-109,-373,85,-148,-36,-83,-93,-267
108,9,9,-145,-57,-70,-88,62,-45,-249,63,-41,175
109,4,4,-49,48,-105,-288,260,-115,-83,-8,-154,-120
110,8,8,-44,-68,-112,-121,-7,-67,-56,-156,183,-11
111,7,7,-47,127,19,-135,-81,-217,-288,164,-67,-51
112,3,3,-186,-22,-96,274,-128,-14,-220,49,-90,-32
113,9,9,-102,-83,-63,-50,51,-80,-237,32,-13,172
114,7,7,-90,22,81,12,-31,-158,-230,189,-108,-66
115,4,4,-56,47,-133,-242,125,-86,-57,-7,-112,-29
116,4,4,-159,94,-171,-224,253,-68,-121,-62,-77,-48
117,4,4,-171,10,-64,-140,300,-155,-214,60,-159,-103
118,9,9,-45,-53,-82,-128,48,-99,-158,57,-47,104
119,2,2,3,24,167,-49,-103,-232,-192,108,-62,-110
120,5,5,-137,-119,-196,24,-161,254,-95,-72,-62,90
121,4,4,-29,-29,-201,-229,159,-122,36,-78,-39,-118
122,7,7,-142,48,30,-44,-84,-137,-311,245,-138,-20
123,6,6,48,-110,-229,-190,-8,25,276,-216,-61,-163
124,7,7,-212,73,-115,-132,121,-97,-214,203,-150,-71
125,9,9,-81,-27,-80,-84,64,-57,-167,-5,-44,126
126,0,0,183,-147,-75,-77,-108,-67,-33,-11,-152,23
127,5,5,-136,-113,-202,-31,-107,268,-5,-108,-13,43
128,8,8,-66,-124,-17,-12,-142,-40,-110,-10,249,6
129,5,5,-78,-152,-198,-32,-130,250,-2,-95,-71,60
130,6,6,36,-208,-252,-120,-27,70,290,-226,-46,-93
131,6,6,109,-230,-192,-176,-92,26,318,-269,-9,-134
132,5,5,-143,-21,-227,71,-146,237,-55,-60,-96,-1
133,7,7,-152,27,74,42,-37,-254,-416,299,-162,-49
134,8,8,-91,-25,-37,-52,-60,-105,-185,-59,211,54
135,1,1,-41,274,-135,-339,117,-95,-83,-78,-124,-204
136,0,0,148,-30,-60,-207,-159,-72,-77,80,-133,-123
137,1,1,-23,285,-105,-377,134,-150,-85,-72,-160,-254
138,6,6,92,-143,-188,-161,-18,-12,254,-190,-82,-165
139,4,4,-50,-13,-148,-179,174,-181,-110,-29,-47,-9
140,6,6,67,-38,-151,-228,-6,-15,213,-221,-45,-182
141,7,7,-176,14,-43,-15,-65,-103,-312,233,-120,42
142,3,3,-111,-46,52,207,-186,-139,-268,51,-1,6
143,1,1,-27,270,-97,-358,88,-105,-84,-41,-147,-217
144,7,7,-104,55,84,-22,32,-206,-284,216,-136,-95
145,1,1,-97,202,-100,-270,138,-82,-123,-50,-76,-70
146,8,8,-7,-147,-106,25,-112,-87,-23,-80,210,-21
147,2,2,6,36,251,-56,-47,-251,-165,4,-82,-189
148,0,0,193,-80,-56,-177,-151,-75,-27,-15,-140,-101
149,2,2,-1,-35,91,3,-52,-64,-52,5,7,-60
150,9,9,-152,-130,-75,-40,42,6,-223,27,-41,199
151,9,9,-27,-238,-45,23,14,-56,-156,-66,56,207
152,5,5,-60,-121,-187,-205,-92,206,30,-31,-7,13
153,5,5,-57,-56,-125,-48,-96,175,3,-69,-29,10
154,1,1,-111,214,-95,-278,101,-92,-149,2,-136,-63
155,5,5,-150,-133,-217,10,-73,267,1,-80,-72,22
156,6,6,49,-66,-114,-212,20,5,174,-109,-88,-175
157,0,7,113,-52,-67,-177,-120,-52,-110,114,-188,-61
158,3,7,17,2,8,30,-120,18,-140,58,-192,-72
159,4,4,-64,35,-84,-194,190,-41,-41,-51,-103,-61
160,4,4,-104,159,-191,-332,225,-56,-64,-73,-103,-166
161,6,6,41,-164,-214,-79,20,52,243,-210,-84,-129
162,5,5,-92,-118,-226,-92,-156,308,-28,-99,-77,53
163,4,4,-150,13,-115,-213,283,-82,-133,66,-183,-114
164,6,6,43,-40,-150,-203,14,-7,196,-144,-85,-195
165,5,5,-133,-56,-244,3,-120,258,-101,32,-178,27
166,4,4,-62,44,-153,-343,247,-88,-72,-50,-152,-52
167,5,5,-36,-88,-81,57,-59,69,7,-4,-108,-82
168,1,1,-72,255,-104,-292,112,-95,-94,-84,-66,-141
169,4,4,-108,91,-106,-302,269,-92,-140,39,-203,-162
170,4,4,-133,81,-99,-237,299,-89,-145,-37,-105,-128
171,7,7,-9,4,86,-39,-78,-210,-231,120,-24,-59
172,2,2,-95,83,222,43,-274,-214,-296,120,-1,-167
173,3,3,-156,17,-86,213,-149,29,-208,58,-72,-43
174,2,2,12,32,234,-75,-106,-208,-165,46,-44,-143
175,7,7,-47,49,-4,-50,-41,-120,-187,110,-29,7
176,1,1,-25,192,-76,-243,70,-79,-57,-46,-82,-132
177,8,8,51,-50,-114,-141,-56,-111,-19,-55,77,-70
178,1,1,-69,257,-121,-305,125,-101,-99,-54,-129,-173
179,8,8,-56,-12,111,-17,-137,-159,-126,-34,184,-71
180,1,1,-78,231,-108,-304,117,-102,-116,-25,-138,-125
181,8,8,-21,-94,22,-62,-200,-54,-7,-76,197,-60
182,5,5,-52,-95,-254,-69,-86,187,94,-145,-20,-35
183,0,0,225,-181,-21,-140,-124,-139,-31,-17,-129,-5
184,8,8,27,-82,85,61,-126,-188,-118,-23,97,-81
185,9,9,-69,-105,-138,-121,72,-61,-80,-13,-64,143
186,2,2,22,25,298,7,-305,-355,-219,40,14,-211
187,5,5,-102,-97,-151,20,-118,216,-49,-52,-68,34
188,0,0,166,-62,-128,-262,-205,2,-35,52,-97,-140
189,1,1,-87,158,-97,-184,90,-45,-100,-55,-48,-43
190,1,1,-22,268,-78,-304,84,-182,-130,-19,-159,-212
191,1,1,-117,181,-69,-202,83,-73,-160,-15,-57,-29
192,0,0,186,16,39,-274,-22,-262,-82,-27,-139,-171
193,9,9,-97,-71,-23,-32,19,-60,-195,75,6,116
194,0,7,122,-49,-34,-174,-144,-66,-153,158,-173,-85
195,3,3,-130,7,3,98,-23,-9,-84,-4,0,-51
196,1,1,-20,280,-118,-351,98,-83,-51,-115,-123,-224
197,6,6,57,-176,-269,-192,-4,63,316,-295,-49,-159
198,4,4,-122,89,-159,-294,284,-106,-153,-16,-122,-87
199,2,2,-20,66,242,24,-172,-311,-235,80,-77,-194
200,3,3,-37,-22,38,163,-75,-145,-226,57,-71,-98
201,6,6,67,-168,-202,-157,-33,-3,253,-164,-83,-96
202,1,1,-72,307,-77,-345,105,-214,-140,-12,-114,-237
203,1,1,-89,179,-105,-233,101,-67,-104,-26,-82,-60
204,1,1,-68,267,-113,-280,102,-134,-109,-13,-122,-213
205,3,3,-194,2,-50,219,-131,-10,-223,69,-103,-17
206,9,9,-119,-101,-80,-103,17,19,-181,8,14,167
207,5,5,-77,-39,-188,25,-113,165,-87,54,-100,-13
208,2,2,-15,68,298,-60,-111,-208,-166,45,-118,-246
209,9,4,-202,-44,-83,-95,216,-62,-256,24,-87,140
210,4,4,-158,43,-129,-237,214,-144,-222,147,-164,-39
211,5,5,-20,-91,-219,-33,-53,134,12,-22,-7,-2
212,9,9,-120,-95,-110,-51,62,-22,-202,89,-112,167
213,3,3,-158,-52,-43,195,-128,-69,-270,102,-44,25
214,9,4,-119,3,-67,-126,127,-117,-251,33,-18,100
215,0,0,182,-35,-73,-208,-175,-99,-83,46,-146,-115
216,3,3,-217,-2,1,288,-188,-111,-359,132,-113,-39
217,6,6,70,-123,-180,-249,-102,83,207,-206,-5,-154
218,5,5,-77,-88,-242,-96,-50,191,-23,10,-27,-4
219,5,5,27,-107,-173,-104,-106,153,12,-12,-97,-24
220,7,7,-95,27,-56,-148,-4,-138,-262,230,-138,16
221,2,2,47,-15,217,-55,-109,-145,-198,66,-111,-112
222,2,2,55,51,265,-94,-77,-249,-182,39,-113,-205
223,7,7,-81,17,70,-26,-73,-211,-347,236,-116,-6
224,1,1,-49,210,-61,-262,96,-130,-80,-16,-91,-186
225,2,2,-69,-61,178,99,-245,-222,-300,95,40,-31
226,8,8,-54,38,-100,-113,-6,-45,22,-133,146,-137
227,4,4,-65,52,-81,-217,196,-70,-81,-31,-117,-44
228,1,1,-48,263,-95,-339,122,-142,-83,-50,-119,-222
229,7,7,-105,51,42,-31,-44,-163,-291,205,-112,-11
230,3,3,-34,-81,-71,120,-95,44,-44,-21,-128,-61
231,3,3,-173,-1,-106,163,-48,-50,-240,38,-5,51
232,8,8,-56,-109,-10,-92,-211,102,35,-70,149,-51
233,8,8,-44,-100,-7,30,-77,-145,-192,79,131,40
234,7,7,-136,70,42,-18,-84,-207,-379,254,-110,-13
235,9,9,-43,-108,-49,-36,6,-40,-174,81,-73,114
236,2,2,-5,42,223,-28,-125,-224,-264,119,-134,-126
237,2,2,5,94,207,-97,-17,-216,-142,21,-129,-221
238,4,4,-139,28,-130,-237,296,-81,-139,49,-206,-128
239,1,1,-90,216,-103,-286,119,-89,-119,-34,-109,-89
240,5,5,-150,-47,-189,5,-64,232,-42,-54,-101,39
241,9,9,-69,-112,-64,-13,33,-20,-218,30,-56,154
242,8,8,67,-165,-88,-200,-65,-115,41,-132,136,-63
243,7,7,-190,12,52,5,-30,-127,-295,261,-97,-68
244,2,2,9,40,170,-111,-46,-176,-117,69,-60,-151
245,3,3,-46,6,67,95,-57,-88,-154,59,-135,-95
246,0,0,194,-154,-142,-88,-153,-19,-16,12,-156,14
247,4,4,-9,110,35,-362,228,-169,-43,-59,-164,-287
248,4,4,-122,-4,-189,-278,310,-96,-138,4,-191,-76
249,2,2,-3,46,174,-30,-110,-220,-157,56,-61,-140
250,4,4,-144,75,-103,-270,296,-110,-201,-37,-134,-43
251,1,1,-44,164,-86,-214,103,-60,-60,-71,-53,-97
252,9,9,-124,-57,-95,-94,95,-52,-231,-3,-75,190
253,5,5,-56,-87,-136,-72,-114,185,-18,-15,-66,11
254,7,7,-186,57,63,25,-104,-218,-426,288,-155,-11
255,7,7,-146,96,59,-82,-80,-212,-389,267,-127,-17
256,2,2,-32,107,201,-36,-150,-296,-228,99,-48,-179
257,8,6,49,22,-82,-193,-66,-72,70,-146,46,-162
258,2,2,-19,15,200,27,-71,-179,-254,96,-201,-133
259,6,6,57,-143,-265,-117,-69,82,148,-80,-31,-89
260,8,8,-39,-72,75,29,-109,-131,-112,-15,146,-49
261,5,5,-62,-56,-249,-125,-114,231,3,-55,-24,-12
262,7,7,-189,33,-37,-51,-54,-134,-325,263,-126,30
263,7,7,-135,99,41,-81,-59,-190,-338,245,-130,-24
264,9,4,-165,49,-79,-166,164,-69,-216,-41,-10,116
265,1,1,-72,235,-114,-257,82,-92,-104,-47,-72,-128
266,8,0,125,-126,-90,-119,-72,-118,-18,-73,41,-73
267,1,1,-83,241,-136,-317,141,-87,-111,-57,-139,-133
268,8,8,-73,-94,94,21,-147,-8,-119,-6,119,-26
269,0,0,173,-133,-73,-122,-100,-29,-1,-1,-152,-14
270,3,3,-228,-14,-216,268,-98,100,-150,-6,-39,-34
271,0,0,163,-49,-41,-186,-102,-95,-82,45,-230,-72
272,1,1,-100,227,-117,-292,118,-90,-131,-24,-115,-90
273,9,9,-115,-159,-71,18,-2,-89,-274,65,21,202
274,9,9,-148,-74,-52,71,-2,-112,-315,106,-83,158
275,4,4,-147,45,-150,-284,287,-104,-173,-17,-148,7
276,1,1,-27,291,-116,-374,121,-121,-91,-60,-164,-234
277,8,8,1,-89,-2,-60,-81,-95,-12,-9,139,-67
278,2,2,8,1,284,-118,-175,-225,-144,80,-35,-168
279,1,1,-95,206,-92,-269,109,-95,-128,-11,-115,-82
280,2,2,8,35,175,19,-158,-284,-173,21,7,-167
281,9,9,-48,-144,-143,-84,82,-109,-131,-30,-21,167
282,7,7,-103,98,49,-13,-51,-193,-268,180,-85,-55
283,5,5,-62,-94,-200,-71,-77,190,4,-44,-11,20
284,9,9,-55,-91,-85,-81,33,-38,-196,97,-130,136
285,2,2,12,27,254,-50,-129,-178,-142,51,-103,-184
286,6,6,20,-102,-226,-198,-25,81,252,-271,-22,-144
287,4,4,-151,-59,-46,-39,237,-115,-174,55,-94,-39
288,1,1,-29,256,-197,-356,103,-70,-29,-101,-127,-222
289,5,5,-119,2,-127,-27,-27,166,-46,-58,-82,31
290,8,8,-66,-112,-223,-121,45,42,42,-129,91,25
291,2,2,-45,94,208,13,-165,-266,-188,35,9,-192
292,9,9,-6,-58,-89,-141,53,-54,-139,29,-102,93
293,2,2,4,5,157,16,-64,-156,-195,42,-103,-81
294,0,0,139,-28,-91,-170,-175,-25,-70,78,-132,-116
295,4,4,-141,50,-90,-257,296,-117,-193,47,-173,-94
296,0,0,214,-151,-33,-119,-86,-118,-46,-54,-140,-15
297,0,0,137,-124,-124,-144,-90,-4,-27,45,-168,10
298,2,2,-55,36,229,96,-140,-282,-245,72,-39,-160
299,8,8,-74,-38,-108,-98,-84,-18,-140,-26,167,47
300,4,4,5,48,4,-226,176,-140,-10,-66,-108,-206
301,7,7,-139,47,96,-5,2,-194,-269,237,-146,-101
302,1,1,-74,228,-103,-268,115,-81,-84,-77,-72,-121
303,2,2,22,-43,181,-32,-147,-126,-87,18,-22,-89
304,4,4,-145,109,-104,-308,346,-152,-173,48,-172,-207
305,0,0,166,-143,-126,-108,-200,-1,-8,47,-85,-37
306,2,2,10,75,265,-81,-126,-284,-185,40,-46,-196
307,7,7,-180,70,54,50,-50,-209,-334,239,-103,-52
308,4,4,-147,197,-244,-320,290,-120,-131,19,-128,-274
309,3,3,-158,30,-102,210,-98,15,-122,24,-80,-88
310,3,3,-216,19,-20,201,-38,-100,-268,93,-74,-15
311,0,0,212,-181,-125,-99,-114,-31,-35,-24,-149,-4
312,0,0,230,-151,-41,-172,-144,-133,-98,12,-158,-50
313,3,3,-249,95,-85,189,-28,3,-151,84,-131,-194
314,1,1,-98,244,-157,-312,136,-67,-101,-73,-111,-115
315,9,9,-88,-178,-80,0,19,-32,-201,40,-53,198
316,6,6,36,-55,-201,-213,0,47,177,-186,-70,-120
317,5,5,-133,-63,-220,77,-88,198,-27,7,-65,-55
318,2,2,68,-74,219,-12,-108,-193,-209,69,-131,-129
319,5,5,-115,-100,-202,-49,-43,229,-3,-4,-140,3
320,9,1,-84,93,-97,-161,-10,-46,-177,20,-11,60
321,2,7,-51,91,129,-36,-215,-252,-282,165,-6,-101
322,9,9,-171,-26,-93,-67,113,-44,-252,-6,-24,189
323,3,3,-195,-39,-96,272,-131,-9,-234,30,-19,9
324,0,0,82,-13,-141,-164,-77,-2,27,-27,-74,-104
325,4,4,-55,32,-204,-249,197,-142,-37,-104,-42,-69
326,2,1,21,106,41,-291,51,-64,96,-201,-81,-276
327,0,0,160,-111,-48,-200,-30,-213,-127,8,-153,-24
328,7,7,-82,72,42,-31,-7,-149,-185,158,-79,-90
329,1,1,-61,244,-128,-311,132,-95,-90,-61,-144,-168
330,1,1,-86,230,-129,-301,125,-80,-100,-45,-144,-126
331,2,2,-35,125,163,-85,-165,-227,-199,90,-25,-182
332,1,1,-68,266,-115,-315,121,-124,-117,-35,-145,-174
333,5,5,-85,-79,-142,-52,-150,206,-81,-68,-36,71
334,3,3,-193,-2,-23,234,-130,-100,-328,86,-67,14
335,3,3,-152,22,-6,161,-100,-123,-239,61,6,1
336,9,4,-91,-81,-72,-121,140,-44,-210,64,-102,135
337,7,7,-90,-13,59,17,-144,-128,-346,203,-157,14
338,8,8,4,-105,9,7,-70,-111,-147,42,123,-56
339,6,6,25,-132,-127,-133,-68,67,191,-209,-17,-46
340,5,5,-42,-16,-190,-65,39,93,83,-124,-190,-101
341,6,6,13,-43,-133,-82,-2,27,89,-46,-58,-71
342,1,1,-52,246,-137,-318,110,-87,-80,-66,-115,-156
343,3,3,-217,22,-142,258,-114,45,-205,50,-89,-44
344,8,8,-49,-65,-95,-50,-59,14,85,-107,139,-129
345,1,1,-84,233,-136,-314,145,-106,-128,-48,-121,-116
346,0,0,171,39,-49,-290,-89,-124,-76,-5,-182,-170
347,5,5,-79,-180,-198,-65,-98,211,98,-156,36,13
348,1,1,-28,240,-140,-320,110,-68,-26,-103,-113,-232
349,3,3,-223,4,-3,220,-158,-115,-359,81,-25,54
350,1,1,-128,220,-93,-261,141,-96,-168,-41,-94,-63
351,5,5,-103,-116,-184,-22,-134,252,-65,-55,-74,64
352,5,5,-41,-53,-225,31,-100,116,-77,103,-134,-47
353,6,6,140,-247,-177,-154,-21,-25,289,-268,-59,-99
354,1,1,-101,301,-69,-307,106,-201,-141,-30,-77,-222
355,8,8,0,-46,-176,-213,-95,13,77,-138,100,-84
356,5,5,-72,-150,-207,-65,-134,251,-10,-22,-99,9
357,1,1,-79,159,-89,-197,92,-64,-86,-16,-86,-80
358,7,1,-176,112,-64,-58,51,-111,-219,108,-66,-16
359,9,4,-122,50,-109,-163,165,-124,-223,56,-44,4
360,4,4,-160,-35,-36,-72,222,-134,-206,121,-105,-63
361,6,6,72,-179,-181,-161,-41,30,277,-206,-50,-136
362,2,7,-33,-9,146,20,-177,-242,-342,173,-57,-22
363,2,2,28,89,188,-159,-86,-167,-49,-15,-92,-227
364,5,5,-91,-108,-144,-16,-146,237,-37,-62,-63,37
365,0,0,116,40,-89,-268,-89,-129,-107,47,-166,-98
366,6,6,129,-161,-124,-173,-7,-43,190,-188,-64,-105
367,5,5,-88,-78,-74,-54,-97,174,-64,5,-38,8
368,6,6,34,-104,-203,-181,-23,57,214,-207,-32,-100
369,3,3,-147,-33,-49,178,-140,-9,-281,82,-59,12
370,7,7,-165,56,88,-15,-127,-225,-440,321,-165,-36
371,2,2,56,64,270,-95,-132,-277,-163,37,-134,-234
372,0,0,145,-116,-151,-76,-159,26,0,48,-122,-49
373,8,8,14,-77,-29,-102,-114,-70,10,-33,145,-98
374,8,8,-32,-86,48,27,-95,-133,-127,-24,169,-2
375,5,5,-66,-135,-161,-110,-117,239,47,-115,-33,24
376,4,4,-104,74,-86,-241,217,-116,-188,25,-146,-39
377,1,1,-38,231,-91,-309,84,-106,-98,-19,-132,-160
378,1,1,-45,212,-100,-267,85,-95,-69,-50,-86,-142
379,4,4,-145,83,-96,-291,334,-137,-205,-13,-154,-101
380,0,0,125,-102,-112,-56,-78,-92,-18,24,-109,-9
381,3,3,-83,12,31,157,-164,-67,-222,63,-82,-27
382,3,3,-234,23,-49,285,-130,-70,-277,86,-70,-56
383,7,7,-125,11,23,-3,-137,-108,-343,214,-112,15
384,6,6,68,-162,-174,-126,-62,21,275,-212,-73,-120
385,1,1,-36,229,-108,-283,86,-97,-64,-48,-101,-178
386,6,6,99,-111,-187,-212,-79,74,201,-142,-98,-166
387,2,2,-23,58,194,-25,-134,-133,-163,51,-102,-119
388,1,1,-71,286,-73,-331,98,-165,-105,-48,-88,-215
389,9,4,-144,23,-129,-193,129,-61,-202,69,-66,92
390,2,2,32,27,223,-36,-72,-174,-218,49,-202,-120
391,8,8,31,-77,8,-67,-73,-86,-32,-24,116,-74
392,6,6,51,-146,-190,-172,-7,34,275,-234,-56,-128
393,1,1,-49,237,-102,-328,104,-94,-94,-37,-154,-157
394,9,9,-85,-73,-58,-71,50,-94,-227,75,-52,156
395,5,5,-123,-66,-179,25,-123,241,-68,-28,-96,30
396,2,2,8,79,274,-150,39,-295,-162,42,-167,-329
397,5,5,-135,-20,-187,54,-95,193,-46,-76,-70,25
398,4,4,-112,85,-94,-264,281,-123,-156,31,-147,-166
399,4,4,-92,-24,-107,-195,268,-60,-82,-21,-173,-97
400,2,2,82,-78,132,-50,7,-222,-235,59,-153,-44
401,8,8,-80,-9,29,-6,-129,-86,-149,6,160,-3
402,3,3,-186,42,4,218,-134,-32,-247,112,-110,-80
403,8,7,-27,-12,13,-46,-61,-55,-91,66,40,-42
404,2,2,-26,44,198,-22,-194,-252,-205,107,-23,-137
405,4,4,-142,-100,-107,-184,290,-20,-161,12,-172,76
406,5,5,-30,-190,-283,-61,-71,153,-79,63,-161,85
407,0,0,144,-90,-137,-93,-117,-48,-62,35,-130,-48
408,3,3,-39,-30,-26,192,-167,-83,-181,18,-66,-76
409,1,1,-101,207,-201,-287,90,-34,-97,-61,-78,-68
410,7,7,-171,45,-27,-73,-31,-176,-318,275,-133,13
411,7,7,-65,123,45,-86,-106,-208,-272,167,-53,-49
412,5,5,-162,-62,-281,127,-108,179,-171,25,-68,22
413,7,7,-116,-13,-20,-82,-5,-168,-302,283,-152,15
414,9,9,-113,-11,-91,-96,67,-56,-207,39,-46,131
415,7,7,-115,41,-50,-171,41,-123,-251,234,-153,-2
416,1,1,-35,296,-128,-365,121,-97,-74,-75,-155,-249
417,9,4,-117,61,-96,-158,142,-122,-207,86,-72,-1
418,2,2,30,28,268,-100,-79,-252,-186,92,-126,-218
419,1,1,-98,205,-110,-275,127,-78,-108,-32,-112,-94
420,4,4,-26,-55,-34,-75,125,-140,-104,-3,-17,9
421,2,2,25,-37,167,-19,-130,-189,-221,98,-52,-55
422,9,7,-154,-27,-42,-30,80,-144,-309,117,-4,110
423,2,2,-9,57,234,-19,-108,-200,-258,106,-193,-160
424,0,0,185,-142,-72,-116,-150,-79,-85,73,-158,-20
425,4,4,-98,89,-123,-370,317,-53,-36,-44,-224,-290
426,9,4,-77,-29,-81,-131,99,-127,-234,74,-32,92
427,1,1,-89,216,-109,-270,120,-88,-111,-42,-86,-93
428,4,4,-70,112,-130,-286,263,-130,-111,11,-114,-197
429,8,8,-58,-146,-13,-15,-105,-38,-119,15,209,35
430,1,1,-25,281,-129,-348,100,-99,-64,-77,-130,-238
431,8,2,-42,-57,121,-59,-192,-41,-79,37,110,-63
432,4,4,-69,13,-58,-244,207,-11,-27,-83,-119,-79
433,5,5,-96,-86,-221,-5,-33,185,17,-8,-13,-61
434,9,9,-107,-46,-53,-17,54,-112,-265,81,-52,118
435,8,8,-38,-47,-28,-67,-90,-73,-141,15,119,71
436,8,8,37,-29,-38,-130,-62,-127,-60,-20,80,-52
437,3,3,-211,-32,-179,314,-93,34,-176,-15,14,-52
438,7,7,-67,25,19,-66,-27,-153,-267,187,-125,12
439,6,6,63,-89,-216,-208,-38,73,203,-176,-86,-132
440,0,0,189,-159,-157,-98,-169,-16,-13,34,-97,-84
441,0,0,171,-42,-85,-250,-21,-158,-39,-47,-162,-112
442,3,3,-228,-11,-88,210,-83,22,-212,102,-178,-52
443,0,0,101,43,-70,-218,-78,-52,-24,-17,-113,-111
444,2,2,-102,17,238,75,-277,-266,-280,133,50,-136
445,6,0,119,-170,-69,-116,7,-24,90,-92,-98,-36
446,6,6,51,-221,-208,-82,-87,75,237,-206,15,-69
447,4,4,-65,53,-106,-248,226,-124,-113,-23,-153,-52
448,9,9,-47,-77,-129,-52,48,-55,-172,-2,-24,93
449,3,5,-129,-1,-157,134,-145,158,-115,16,-100,-61
450,3,5,-171,-5,-173,48,30,94,-143,-30,-94,8
451,3,3,-239,-18,-8,277,-142,-107,-379,132,-87,-15
452,2,2,-39,119,212,-86,-117,-200,-150,30,-54,-186
453,3,3,-170,-2,-74,294,-146,-91,-247,42,-34,-17
454,9,9,-115,-103,-60,-72,102,-54,-232,95,-101,162
455,1,1,-47,294,-105,-318,98,-164,-132,-8,-168,-232
456,2,2,-31,123,131,-102,-71,-192,-171,91,-46,-146
457,6,6,57,-104,-223,-202,-91,92,211,-158,-29,-189
458,8,8,-34,-109,-33,25,-129,-110,-102,-59,231,-2
459,0,0,143,-126,-113,-62,-101,-28,-60,20,-128,18
460,5,5,-74,-79,-187,-71,-21,143,-13,-21,26,12
461,6,6,25,-95,-230,-138,10,24,218,-138,-69,-194
462,6,5,34,-179,-257,-39,-122,135,129,-63,-59,-30
463,6,6,72,-184,-246,-138,-73,59,277,-189,-95,-91
464,3,3,-176,-57,-60,194,-156,-63,-341,116,-6,47
465,8,8,-48,-52,12,-42,-91,-102,-162,31,171,-1
466,8,8,-21,-16,-2,-169,-11,-165,-123,-56,134,-16
467,2,2,-61,109,227,38,-271,-270,-310,131,-96,-155
468,7,7,-169,-16,23,92,-79,-165,-361,201,-53,6
469,5,5,-100,-83,-148,46,-164,192,-77,-83,-30,52
470,8,8,-88,-17,-8,6,-100,-110,-150,-8,205,-36
471,9,7,-38,-64,-79,-45,-37,-60,-191,97,-46,89
472,6,6,14,-87,-209,-210,12,29,197,-102,-116,-124
473,1,1,-65,182,-80,-219,94,-85,-99,-33,-62,-80
474,8,8,-6,-60,-54,-55,-14,-112,-29,-95,140,-69
475,4,4,-168,-62,-132,-123,244,-57,-182,94,-216,13
476,1,1,-42,261,-87,-306,80,-108,-106,-42,-106,-171
477,2,2,-80,60,200,88,-180,-230,-260,87,-52,-128
478,5,5,-9,-152,-137,-73,-80,136,133,-139,0,-59
479,9,9,-75,-86,-67,-50,71,-38,-215,84,-67,118
480,1,1,-65,265,-126,-284,92,-122,-78,-38,-104,-217
481,9,9,-107,-36,-108,-99,52,-67,-243,95,-62,128
482,7,7,-166,24,37,-37,-107,-130,-369,316,-248,-37
483,5,5,-17,-36,-158,-73,-58,101,15,41,-41,-71
484,4,4,-112,37,-110,-267,258,-66,-96,8,-133,-98
485,0,0,147,-64,-29,-153,-111,-83,-94,46,-178,-47
486,8,8,-122,-15,48,28,-64,-141,-114,21,169,-82
487,9,9,-54,-104,-102,-47,51,26,-97,-8,-86,110
488,9,7,-36,-86,-38,-50,21,-145,-236,122,-10,88
489,1,1,-57,252,-111,-289,97,-129,-109,-8,-124,-186
490,0,4,95,-28,12,-212,109,-171,-18,-45,-123,-125
491,5,5,-76,-160,-163,-32,-100,223,6,-58,-117,44
492,2,2,-44,-43,173,51,-211,-149,-144,25,51,-97
493,3,3,-301,52,-47,392,-209,-138,-391,102,-49,-51
494,7,7,-143,5,11,-29,-77,-165,-360,290,-148,1
495,8,0,146,-83,-29,-231,58,-143,49,-149,-91,-107
496,9,9,-114,-72,-90,-80,73,-35,-216,34,-67,181
497,4,4,-130,120,-199,-277,192,-75,-132,-36,-55,-27
498,0,0,112,-15,-122,-256,-101,-131,-95,40,-90,-61
499,6,6,35,-44,-107,-190,13,-21,167,-193,-3,-127
500,3,3,-175,9,-38,242,-142,-107,-336,114,-134,-9
501,9,9,-92,-137,-25,-30,54,-105,-270,76,-110,201
502,5,5,1,-151,-112,-44,-60,134,94,-114,-71,-56
503,2,2,41,15,320,-59,-166,-265,-281,100,-148,-187
504,1,1,-70,188,-102,-251,93,-75,-88,-26,-119,-98
505,3,3,-235,-26,-40,306,-200,-114,-365,43,35,41
506,1,1,-41,253,-97,-359,99,-128,-59,-52,-105,-237
507,3,3,-212,23,-107,232,-70,25,-166,30,-43,-67
508,6,6,84,-135,-152,-230,-145,79,213,-212,24,-144
509,5,5,-108,-44,-119,-30,-121,201,-85,-22,-72,39
510,7,7,-134,-30,9,52,-49,-183,-355,243,-82,13
511,4,1,-108,175,-180,-300,165,-109,-132,-56,-32,-92
512,2,2,10,51,249,-56,-156,-254,-212,69,-62,-146
513,2,2,43,28,231,-56,-34,-201,-199,38,-181,-172
514,6,6,45,-87,-284,-257,29,-33,218,-107,-105,-209
515,3,3,-258,30,-3,203,-105,-85,-300,79,-18,10
516,2,2,36,12,232,-153,44,-195,-75,-33,-87,-245
517,6,6,83,-94,-173,-232,9,-27,256,-236,-67,-168
518,5,5,-51,-99,-133,-58,-112,200,-6,-67,-18,18
519,4,4,-174,169,-179,-260,258,-140,-206,14,-100,-113
520,8,1,-60,97,-153,-189,40,-88,-62,-110,86,-71
521,9,9,-137,-6,-100,-118,129,-63,-222,-21,-32,158
522,7,7,-206,13,41,48,3,-148,-312,207,-117,1
523,1,1,-156,278,-84,-245,102,-179,-175,6,-53,-190
524,3,3,-184,75,-29,188,-55,-38,-135,60,-85,-173
525,0,0,221,-181,-70,-123,-171,-56,-15,-4,-110,-29
526,3,3,-147,-9,-160,211,-101,54,-166,-26,-43,16
527,8,8,45,-157,-21,-7,-163,-39,-106,17,116,-45
528,3,3,-209,27,19,236,-192,-6,-212,81,-31,-117
529,1,1,-62,245,-131,-293,106,-72,-73,-76,-103,-152
530,9,9,-123,-9,-89,-137,99,-55,-199,-14,-37,153
531,3,3,-100,-20,-17,165,-102,-44,-132,33,-82,-56
532,4,4,-18,40,-93,-266,173,-106,-106,-33,-175,-16
533,4,4,-64,69,-153,-355,279,-80,-58,6,-270,-207
534,6,6,41,-139,-207,-139,-10,44,268,-249,-22,-158
535,4,4,-107,-29,-61,-138,259,-186,-157,36,-87,-100
536,2,2,-22,109,123,-73,-115,-189,-197,104,-51,-103
537,1,1,-25,279,-118,-349,101,-103,-62,-76,-138,-241
538,8,8,9,13,-87,-133,-19,-113,-43,-109,96,-43
539,2,2,37,57,212,-105,42,-282,-205,72,-216,-257
540,5,5,-168,-34,-96,-15,-173,208,-176,-5,-70,67
541,4,4,-136,44,-192,-257,261,-73,-123,45,-205,-116
542,8,8,-57,-79,-74,-67,29,1,-35,-8,69,38
543,8,7,-59,-34,48,20,-52,-80,-141,65,35,10
544,4,4,-126,156,-179,-357,244,-107,-136,71,-198,-222
545,0,0,89,-92,-22,-133,-46,-146,-172,66,-113,48
546,0,0,211,-163,-106,-75,-129,-53,-28,-25,-136,-4
547,2,2,-122,20,166,78,-219,-224,-282,132,63,-111
548,3,3,-171,-48,-43,221,-99,5,-190,85,-150,-71
549,2,2,66,-16,245,-72,-109,-190,-282,101,-209,-105
550,7,7,-86,-51,-10,6,16,-130,-235,172,-42,35
551,7,7,-145,56,-8,1,-36,-188,-319,177,-67,23
552,0,0,139,-82,-188,-195,-161,26,37,-55,-94,-73
553,8,8,-97,-74,-91,-56,5,13,115,-134,127,-169
554,7,7,-86,62,-50,-185,81,-110,-154,170,-66,-158
555,4,4,-62,57,-147,-236,221,-123,-108,-21,-115,-74
556,4,4,-154,-70,-64,-99,295,-152,-186,14,-135,-30
557,7,7,-146,99,38,-87,-31,-233,-349,228,-79,3
558,9,9,-135,-8,-157,-124,103,-95,-262,59,-9,136
559,6,6,71,-184,-132,-165,54,-48,165,-83,-135,-89
560,9,9,-26,-70,-41,-44,40,-140,-192,49,-22,75
561,0,0,132,-127,-41,-91,-68,-58,-67,20,-166,53
562,9,9,-54,-109,-42,-18,4,-64,-125,32,-5,131
563,8,8,-16,-59,44,-43,-53,-128,-100,-41,140,-16
564,0,0,111,-52,-87,-112,-118,-37,-107,104,-163,-35
565,4,4,-169,65,-90,-241,298,-125,-214,58,-129,-69
566,6,6,34,-78,-149,-153,17,4,195,-179,-45,-142
567,0,0,137,-52,-34,-106,-154,-17,-64,56,-113,-68
568,6,6,53,-132,-306,-168,-42,57,273,-254,-28,-150
569,3,3,-135,51,51,98,-5,-69,-122,31,-13,-161
570,5,5,-74,-44,-142,-54,-116,187,-54,-22,-17,5
571,4,4,-83,-9,-35,-171,206,-97,-160,44,-129,-6
572,8,8,-9,-27,44,-34,-67,-130,-121,6,96,-33
573,3,3,-174,21,-25,217,-120,-55,-286,96,-180,-40
574,3,3,-104,-67,-83,225,-142,-24,-231,28,-37,16
575,9,9,-167,-22,-139,-141,133,-56,-277,24,-21,182
576,3,3,-172,-29,-142,313,-161,22,-169,24,-49,-96
577,3,3,-265,-20,-90,322,-154,-72,-313,64,-3,24
578,3,3,-148,5,37,185,-191,-127,-290,104,-25,-29
579,7,7,-62,0,-106,-131,0,-101,-205,206,-74,-19
580,8,8,-36,-34,-55,-84,-96,-106,-120,-90,204,7
581,0,0,185,-165,-166,-138,-142,42,62,-32,-111,-29
582,8,2,-78,85,120,-9,-47,-221,-177,37,47,-146
583,2,7,-66,20,174,5,-121,-256,-280,193,-41,-125
584,1,1,-122,237,-114,-311,136,-82,-157,-37,-143,-67
585,7,7,-194,77,71,-13,-110,-235,-440,333,-180,-39
586,0,0,157,-90,-77,-92,-127,-16,23,-40,-97,-62
587,6,6,77,-113,-155,-171,19,9,181,-162,-94,-132
588,5,5,-103,-75,-239,29,-103,194,-73,49,-150,31
589,4,4,-145,91,-88,-245,264,-80,-146,-12,-107,-95
590,3,3,-275,37,-105,341,-116,-77,-320,58,-42,-22
591,8,0,105,32,0,-167,-100,-92,18,-69,-38,-199
592,0,0,168,-155,-61,-115,-97,-89,-84,-26,-124,31
593,9,9,-107,-16,-137,-106,70,-101,-208,61,37,102
594,6,6,35,-57,-226,-232,19,36,226,-227,-79,-158
595,3,3,-223,37,-29,239,-40,-59,-188,76,-55,-123
596,8,8,-27,-96,126,-31,-199,-82,-88,6,127,-31
597,0,0,125,-119,-13,-137,11,-22,57,-96,-117,-52
598,9,9,-148,-30,-61,-68,86,-127,-288,91,1,150
599,9,9,-136,-106,-64,-59,63,-56,-281,89,-79,196
600,6,6,25,-138,-169,-105,-38,43,248,-195,-27,-123
601,8,8,-41,36,-66,-201,5,-115,-75,-19,80,-74
602,6,6,50,-211,-137,-160,-68,-5,297,-201,6,-147
603,8,8,-62,-81,18,-52,-134,19,5,-28,128,-39
604,5,5,-114,-132,-184,-90,-127,290,-6,-97,-16,33
605,7,7,-139,26,-30,5,-10,-148,-298,182,-59,25
606,8,8,-20,-67,-49,-143,36,-81,-25,-141,145,-58
607,6,6,54,-126,-236,-167,-5,24,276,-225,-52,-174
608,0,0,166,-128,-45,-107,-117,-99,-121,81,-189,23
609,2,2,-38,27,210,-2,-225,-245,-267,126,-5,-100
610,4,4,-47,101,-112,-377,291,-150,-62,-86,-160,-157
611,0,7,56,-91,-208,-133,-53,-97,-132,208,-222,-53
612,2,2,15,-16,170,29,-67,-157,-179,35,-107,-115
613,2,2,-5,23,111,-26,-147,-211,-180,57,55,-73
614,3,3,-144,-14,-42,178,-107,-101,-271,87,-56,25
615,1,1,-92,322,-92,-339,128,-190,-94,-82,-81,-265
616,9,9,-101,-107,-63,-23,47,-28,-195,30,-47,158
617,7,7,-110,12,136,-19,-51,-246,-335,296,-155,-105
618,5,5,-40,-109,-146,-33,-140,202,-64,-12,-157,52
619,1,1,-69,198,-51,-143,14,-52,-99,-44,-35,-142
620,0,0,156,-60,-27,-147,-103,-108,-42,28,-122,-120
621,8,8,-5,-43,-24,-97,-67,-74,-31,-87,144,-52
622,4,4,-67,94,-162,-362,308,-115,-70,-96,-192,-137
623,6,6,75,-107,-185,-265,29,30,307,-298,-130,-219
624,2,1,-20,134,106,-109,-118,-254,-192,41,22,-142
625,6,6,-4,-94,-143,-218,128,-63,155,-131,-84,-126
626,7,7,-135,30,48,0,-113,-249,-438,300,-122,-6
627,9,9,-22,-88,-85,-103,31,-104,-119,21,-17,105
628,3,3,-263,-20,-28,193,-78,-67,-323,73,23,65
629,2,2,81,-97,127,-56,59,-190,-139,8,-165,-70
630,9,9,-81,-126,-103,-80,-5,56,-123,30,-87,143
631,8,8,-83,-57,6,38,-64,-135,-171,36,159,-12
632,2,2,83,-55,245,-48,-152,-200,-146,21,-120,-148
633,2,2,-5,68,260,-78,-113,-198,-114,-5,-63,-228
634,9,9,-170,-121,-58,5,87,-74,-301,84,-69,204
635,2,2,1,85,171,-117,-46,-199,-34,-43,-84,-267
636,7,7,-116,-42,-70,-57,-39,-71,-227,245,-140,30
637,3,3,-89,-13,-13,184,-115,-68,-175,62,-26,-57
638,5,5,-3,-89,-244,-78,-127,172,13,45,-27,-70
639,9,4,-19,20,-86,-186,78,-126,-171,29,-95,33
640,1,1,-106,228,-125,-265,127,-69,-125,-57,-101,-92
641,8,8,0,-165,-62,-27,-59,-106,-25,-92,211,-37
642,0,0,152,-109,11,-175,22,-83,27,-55,-149,-104
643,2,2,-52,112,256,6,-183,-280,-325,156,-142,-178
644,0,0,228,-171,-51,-148,-187,-61,-37,9,-120,-68
645,5,5,-103,-90,-180,-15,-51,195,26,-67,-125,-37
646,2,2,77,57,108,-319,70,-131,94,-188,-81,-271
647,1,1,-129,245,-108,-298,120,-102,-173,-9,-126,-75
648,3,3,-268,-10,-86,312,-93,-59,-289,53,-6,0
649,7,7,-144,29,53,-7,-107,-168,-358,260,-119,-4
650,6,6,47,-94,-239,-173,-22,58,216,-199,-73,-120
651,7,7,-172,76,-19,-124,11,-199,-339,276,-142,0
652,1,1,-78,242,-128,-313,114,-104,-108,-59,-91,-115
653,2,2,10,57,164,-46,-91,-185,-171,66,-83,-121
654,5,5,0,-14,-94,-46,-110,88,-36,49,-71,-73
655,8,8,-100,26,13,42,-40,-172,-160,0,168,-120
656,0,0,167,-83,-94,-137,-171,-28,-57,65,-147,-61
657,3,3,-257,28,-59,303,-149,-66,-340,77,-81,-14
658,7,7,-43,35,-83,-191,57,-146,-227,194,-189,-42
659,2,1,-42,119,12,-68,-35,-167,-203,97,-51,-66
660,4,4,-56,100,-105,-365,289,-107,-103,-29,-178,-160
661,0,0,178,28,-107,-312,-84,-61,41,-112,-202,-175
662,9,9,-135,-95,-64,4,58,-47,-236,18,-17,178
663,1,1,-71,232,-141,-306,127,-84,-88,-69,-104,-135
664,8,8,-79,-109,-70,-99,-69,29,-40,-77,183,59
665,6,6,18,-176,-288,-151,-31,61,274,-125,-40,-169
666,7,7,-61,101,-36,-141,-24,-161,-228,171,-89,-42
667,7,7,-36,58,28,-68,-97,-127,-190,125,-12,-25
668,4,4,-117,59,-124,-242,286,-48,-78,-27,-143,-169
669,3,3,-204,14,-45,219,-153,-56,-253,66,-17,-10
670,4,4,-134,143,-141,-222,230,-172,-203,59,-128,-159
671,9,9,-88,-163,-52,3,102,-95,-181,35,-99,173
672,1,1,-46,292,-115,-340,106,-133,-106,-41,-140,-225
673,9,9,45,-233,-104,-40,35,-102,-83,-31,19,108
674,5,5,-106,-53,-136,54,-61,123,11,-26,-201,-110
675,1,1,-57,228,-136,-296,110,-80,-69,-74,-91,-143
676,7,7,-36,-34,65,-40,-111,-220,-312,244,-52,-38
677,3,3,2,-59,11,198,-131,-123,-208,31,-71,-52
678,9,9,-70,-73,-94,-119,62,-42,-157,77,-140,133
679,7,7,-123,52,70,-53,-129,-182,-382,263,-121,-20
680,6,6,83,-160,-133,-190,-38,38,269,-215,-85,-124
681,9,9,-178,-59,-24,22,70,-70,-266,89,-72,126
682,1,1,-93,222,-106,-298,121,-86,-113,-33,-150,-102
683,3,3,-166,0,-97,142,-60,20,-171,44,-110,-6
684,7,7,-138,59,43,39,-31,-93,-229,117,-104,-27
685,8,8,-31,-96,49,-12,-122,-136,-161,19,132,50
686,3,3,-224,2,-28,252,-146,-97,-366,112,-102,14
687,3,3,-229,15,-2,270,-161,-117,-274,56,21,-21
688,6,6,58,-108,-204,-223,-40,69,227,-228,-46,-150
689,7,1,-37,101,-89,-222,52,-85,-137,98,-139,-67
690,2,2,-78,7,222,104,-216,-283,-285,107,2,-115
691,8,8,-108,-83,43,-17,-37,-67,-92,75,80,-11
692,5,5,-31,-49,-196,-151,-83,140,8,-4,11,-22
693,8,8,-29,-30,-154,-141,-21,-41,7,-114,125,-44
694,5,5,-95,59,-358,-197,22,203,-5,-122,-29,-74
695,1,1,-69,289,-110,-317,97,-161,-153,12,-150,-198
696,1,1,-78,131,-102,-163,12,-44,-104,-5,-21,-7
697,4,4,-107,21,-34,-246,313,-79,-111,-82,-141,-117
698,4,4,-191,-24,-110,-76,176,-95,-219,105,-64,59
699,3,3,-220,-32,-107,185,-59,19,-248,63,-65,40
700,1,1,-119,222,-85,-246,107,-98,-167,-32,-52,-52
701,0,0,139,-142,21,-99,42,-220,-175,-9,-172,18
702,7,7,-67,41,51,-79,-53,-213,-319,221,-116,-19
703,7,7,-207,45,68,50,-53,-192,-343,280,-152,-60
704,0,0,186,-67,54,-167,-39,-222,-89,-8,-126,-92
705,7,7,-173,73,17,-75,1,-240,-373,278,-141,3
706,9,9,-109,-97,-55,-55,26,-53,-235,71,-46,170
707,4,4,-112,43,-103,-222,244,-90,-136,-7,-79,-35
708,4,4,-150,52,-136,-261,250,-44,-113,-36,-96,-34
709,8,8,-72,-56,-53,-46,-75,-110,-153,-92,241,32
710,5,5,-73,-143,-243,-38,-116,270,-15,-50,-15,-26
711,5,5,-66,-68,-145,24,-131,191,-70,0,-110,9
712,4,4,-92,23,-64,-240,232,-74,-137,-48,-182,15
713,0,0,146,-81,-54,-65,-135,-67,-70,43,-126,-16
714,8,8,-47,-135,-22,15,-141,7,-43,-28,192,-39
715,2,2,-73,-7,255,145,-343,-281,-313,119,12,-150
716,1,1,-51,202,-59,-210,-32,-131,-146,46,-43,-125
717,0,0,94,-62,-17,-126,-16,-4,44,-42,-95,-86
718,8,8,3,-68,20,-87,-104,-110,-34,-88,166,-51
719,4,4,-220,-3,-89,-112,287,-194,-273,131,-138,-46
720,5,6,-64,-49,-94,-40,-94,55,89,-44,58,-182
721,0,0,169,-126,-13,-81,-81,-102,-94,14,-163,39
722,4,4,-128,-20,-116,-238,284,-68,-139,68,-227,-66
723,0,0,49,13,-194,-176,44,-8,14,-10,-221,-131
724,6,6,50,-112,-128,-126,-33,24,220,-171,-43,-126
725,1,1,-51,244,-125,-285,93,-94,-85,-42,-110,-177
726,7,7,-52,30,-48,-190,51,-18,-77,65,-161,-22
727,3,3,-202,27,-62,263,-180,-103,-273,49,21,-5
728,2,2,-26,-5,212,42,-287,-317,-260,114,58,-125
729,6,6,73,-107,-142,-221,-37,23,257,-219,-27,-238
730,7,7,-46,-52,-177,-144,-59,-9,-102,228,-157,-27
731,2,2,-18,32,265,-23,-116,-190,-264,121,-172,-165
732,6,6,43,-190,-220,-117,-58,36,227,-114,-74,-63
733,9,9,-121,-123,-67,-12,42,-41,-247,36,-3,191
734,3,3,-243,5,-117,271,-116,35,-223,43,-107,-27
735,1,1,-94,223,-110,-274,126,-77,-104,-64,-81,-95
736,4,4,-75,-16,-143,-278,287,-92,-83,-33,-211,-78
737,6,0,146,-179,-126,-174,-35,-15,134,-94,-234,-29
738,2,2,-40,-19,247,73,-352,-261,-243,53,75,-127
739,5,5,-29,-92,-176,-97,-103,206,54,-41,-150,-63
740,4,4,-157,80,-58,-145,117,-112,-251,89,-104,35
741,2,2,5,-5,151,-3,-245,-265,-255,126,28,-89
742,0,0,200,-164,-53,-183,-180,-64,-13,4,-60,-57
743,6,6,51,-110,-273,-186,22,44,260,-275,-79,-135
744,2,2,61,-29,209,-78,-3,-204,-223,48,-157,-77
745,1,1,-70,322,-101,-348,101,-200,-150,0,-154,-243
746,7,7,-146,85,-17,-143,37,-184,-315,200,-126,36
747,3,3,-140,-16,-35,224,-223,-76,-302,54,-14,25
748,4,4,-120,8,-42,-171,237,-83,-166,4,-137,-5
749,1,1,-27,190,-90,-264,72,-87,-51,-40,-86,-152
750,0,0,182,-164,-80,-78,-94,-93,-29,-46,-108,3
751,5,5,-44,-184,-197,-37,-157,244,-9,-45,-83,44
752,4,4,-107,145,-178,-438,360,-168,-185,-9,-208,-140
753,3,3,-244,23,29,266,-89,-142,-346,143,-116,-54
754,1,1,-57,284,-109,-320,104,-132,-119,-21,-143,-209
755,1,1,-92,208,-97,-268,124,-92,-125,-42,-80,-71
756,7,7,-90,21,91,-50,-138,-194,-386,270,-144,-33
757,4,4,-127,104,-161,-308,300,-117,-150,-23,-120,-108
758,9,9,-74,-83,-91,-71,50,-105,-202,84,-17,119
759,9,9,-58,-93,-9,13,-12,-97,-216,71,-25,101
760,4,4,-55,64,-92,-198,180,-146,-143,-9,-114,-37
761,8,8,55,10,-153,-186,-104,-74,27,-120,61,-109
762,4,4,-66,-110,-141,-213,245,-65,-69,-46,-154,49
763,0,0,170,-116,-56,-98,-116,-32,-62,9,-197,31
764,2,2,27,-53,272,-6,-132,-266,-213,92,-100,-159
765,4,4,-121,119,-193,-332,269,-108,-124,-12,-134,-118
766,5,5,-98,-111,-209,-21,-150,269,-49,-47,-91,47
767,1,1,-47,274,-60,-347,106,-188,-123,-7,-133,-230
768,1,1,-40,260,-144,-337,121,-72,-51,-94,-130,-206
769,6,6,76,-120,-226,-247,-48,78,251,-229,-97,-143
770,4,4,-119,116,-160,-439,388,-222,-245,-5,-169,-93
771,7,7,-67,17,-75,-195,-36,-126,-237,260,-147,-14
772,1,1,-110,222,-98,-279,99,-101,-155,-2,-108,-62
773,9,9,-131,-30,-40,-27,75,-108,-255,68,-17,125
774,4,4,-112,39,-61,-188,198,-80,-166,-4,-86,8
775,2,2,30,-8,292,2,-258,-296,-191,58,-55,-191
776,4,4,-130,4,-112,-221,244,-15,-75,9,-193,-104
777,1,1,-87,257,-106,-276,107,-95,-139,-47,-79,-125
778,5,5,-50,-129,-170,-67,-110,202,36,-87,-54,37
779,5,5,5,-139,-240,-147,-140,190,69,-79,10,-5
780,3,7,-141,18,-67,119,-72,-41,-215,172,-195,-96
781,8,8,-4,-71,-51,-11,-123,7,-14,-29,99,-16
782,3,3,-236,64,-22,290,-113,-97,-283,107,-96,-108
783,1,1,-57,212,-109,-273,99,-84,-78,-48,-95,-123
784,4,4,-135,124,-122,-249,246,-141,-154,79,-200,-204
785,5,5,-102,-64,-207,52,-118,206,-97,24,-124,19
786,6,6,58,-67,-237,-160,-13,85,140,-145,-112,-78
787,8,8,-109,-205,-20,160,-184,-99,-167,-26,227,64
788,9,9,-109,-44,-95,-74,96,-92,-248,65,-44,112
789,4,4,-60,78,-108,-241,190,-94,-91,-31,-145,-87
790,1,1,-29,234,-164,-312,78,-56,-34,-100,-103,-185
791,5,5,-161,-115,-145,-28,6,170,-118,-7,-131,131
792,3,3,-202,-14,-36,331,-209,-119,-343,77,-13,-6
793,8,8,-31,-113,68,-1,-191,-121,-54,-33,217,-84
794,0,0,224,-105,-19,-214,-117,-197,-44,-27,-132,-98
795,3,3,-66,-10,-49,84,-34,7,-68,-19,-110,-34
796,2,2,23,39,275,-81,-59,-233,-225,94,-172,-228
797,5,5,-11,-38,-127,-132,-150,119,-12,-29,30,-18
798,1,1,-112,243,-103,-264,121,-94,-153,-30,-78,-102
799,2,2,-29,125,320,-45,-119,-275,-293,114,-190,-256
800,8,8,12,-98,-55,-78,21,-93,-10,-78,105,-60
801,3,3,-238,44,-63,263,-102,-20,-203,101,-166,-150
802,4,4,-147,115,-183,-345,279,-134,-211,86,-179,-117
803,4,4,-77,1,-86,-294,330,-167,-159,-44,-141,-65
804,0,0,135,-117,-80,-75,-86,-33,-57,9,-152,49
805,8,8,-61,-51,-87,-85,-53,-61,-118,-65,198,25
806,8,8,-80,-117,40,19,-104,-83,-43,-57,235,-60
807,3,3,-242,-8,-143,314,-124,-6,-236,25,-29,-7
808,3,3,-189,-8,-62,206,-79,-41,-292,65,-133,33
809,1,1,-25,196,-79,-243,62,-87,-64,-39,-79,-131
810,7,7,-105,16,69,14,-17,-200,-306,220,-157,-37
811,3,3,-126,-37,-67,236,-146,-93,-287,45,-29,34
812,5,5,-143,-104,-225,-41,-103,274,-84,1,-174,74
813,9,7,-33,-158,-104,-34,-51,-123,-175,113,100,77
814,6,6,71,-97,-198,-252,19,30,279,-287,-95,-165
815,3,3,-124,3,-13,179,-108,-79,-271,61,-99,0
816,2,2,-56,99,197,38,-242,-301,-315,138,-45,-149
817,6,6,122,-118,-128,-245,8,-36,167,-119,-191,-106
818,1,1,-30,257,-138,-294,61,-70,-24,-119,-72,-214
819,3,3,-217,21,-61,265,-106,-50,-280,86,-129,-20
820,6,6,97,-200,-143,-158,-63,1,305,-251,-4,-175
821,0,0,188,-133,-72,-95,-155,-64,-42,22,-138,-16
822,7,7,-104,-65,-62,-51,-75,-71,-269,282,-189,26
823,2,2,47,-5,170,-58,-76,-227,-130,15,-54,-120
824,1,1,-31,260,-120,-347,126,-101,-52,-76,-134,-235
825,7,7,-167,56,0,-81,-11,-248,-387,312,-145,0
826,1,1,-47,253,-145,-314,117,-77,-59,-82,-120,-194
827,4,4,-97,31,-85,-170,195,-82,-102,-9,-23,-81
828,2,2,-66,-22,212,92,-264,-230,-244,77,58,-100
829,4,4,-27,90,-51,-274,193,-231,-143,-54,-46,-126
830,2,2,18,69,142,-161,34,-164,-155,43,-87,-138
831,1,1,-67,238,-113,-295,103,-126,-132,-24,-115,-126
832,7,7,-173,32,12,13,25,-169,-280,241,-84,-50
833,9,4,-139,-14,-80,-123,122,-71,-243,82,-129,119
834,6,6,33,13,-184,-247,59,-8,223,-275,-70,-239
835,1,1,-62,260,-111,-284,88,-128,-120,-2,-128,-187
836,1,1,-41,287,-57,-351,103,-192,-128,-22,-124,-232
837,2,2,-23,102,219,-100,-163,-257,-168,73,-2,-198
838,4,4,-114,-6,-51,-196,263,-74,-126,34,-166,-85
839,8,4,21,-43,-85,-151,114,-118,-37,-124,29,-67
840,1,1,-28,293,-79,-384,118,-186,-122,-36,-158,-246
841,7,7,-82,-57,-39,-87,55,-102,-181,208,-123,5
842,7,7,-79,52,67,-19,-83,-184,-290,196,-89,-30
843,4,4,-142,25,-120,-273,330,-95,-144,-7,-161,-94
844,8,7,-50,-33,40,-20,-98,-38,-59,66,52,-37
845,0,0,149,-145,20,-89,-19,-188,-138,-13,-95,13
846,7,7,44,-74,-48,-69,-83,-102,-227,169,-129,11
847,3,3,-236,-2,-63,303,-137,-67,-278,48,0,-4
848,1,1,-50,286,-124,-374,101,-133,-56,-81,-106,-254
849,3,3,-209,51,-41,293,-189,-143,-340,89,-77,-17
850,1,1,-33,273,-100,-343,100,-114,-100,-46,-142,-206
851,0,0,199,-18,-78,-255,-118,-134,-31,-58,-164,-130
852,7,7,-127,26,12,-27,-50,-134,-298,208,-109,22
853,7,7,-75,34,49,-34,-165,-208,-297,197,11,-42
854,0,0,141,-157,-78,-51,-90,-113,-111,33,-106,24
855,3,3,-255,15,-23,291,-148,-105,-307,70,-2,-17
856,5,5,-28,-55,-215,-76,-68,151,17,6,-24,-46
857,5,5,-94,-61,-223,-53,-103,214,-31,-118,-48,45
858,2,2,95,4,240,-125,-25,-320,-172,17,-112,-190
859,7,7,-99,92,-88,-208,58,-129,-228,179,-130,-25
860,6,6,58,-187,-206,-107,-59,48,270,-204,-40,-98
861,6,6,53,-107,-192,-122,-26,40,184,-162,-64,-53
862,9,9,-109,-66,-81,-144,104,-51,-238,81,-82,147
863,2,2,69,-41,186,-95,-45,-236,-128,19,-59,-138
864,8,8,-46,-120,-49,9,-46,-37,-90,-21,197,-21
865,3,3,-224,7,-60,209,-141,2,-302,108,-161,-6
866,5,5,-76,-133,-189,-119,-95,193,-20,-19,-45,49
867,2,2,-9,37,228,-16,-271,-268,-243,101,-15,-130
868,2,2,60,-38,170,-77,-41,-156,-84,-16,-103,-101
869,5,5,-155,-92,-246,-14,-138,299,-85,-84,6,48
870,6,6,75,-108,-191,-207,-93,52,230,-231,6,-163
871,0,0,190,-108,-46,-173,-64,-225,-82,0,-108,-68
872,8,8,-50,-53,58,-6,-117,-166,-203,85,122,13
873,2,2,-13,65,287,-33,-158,-257,-269,114,-148,-186
874,9,4,-8,17,-119,-198,77,-138,-151,21,-102,-4
875,2,2,72,-55,264,-97,-156,-267,-245,105,-92,-145
876,8,3,-258,24,42,181,-162,-77,-204,80,132,-140
877,8,8,3,-166,-87,-33,-48,-28,24,-14,115,-33
878,8,8,-23,-156,10,84,-174,-103,-162,12,165,26
879,8,8,-19,-69,-133,-167,-44,0,71,-138,140,-103
880,7,7,-59,12,70,-32,-92,-159,-293,207,-99,-44
881,4,4,-194,38,-159,-222,282,-40,-221,-8,-124,55
882,9,7,-58,10,-114,-63,20,-136,-157,56,1,28
883,3,3,-81,-8,-28,74,-61,28,-122,51,-112,-25
884,0,0,126,-80,-60,-123,-112,-68,-92,120,-161,-67
885,6,6,76,-56,-182,-266,-16,37,219,-183,-104,-185
886,6,6,-3,-104,-277,-138,-55,60,223,-138,-66,-88
887,3,3,-125,-28,-105,203,-86,-8,-202,-14,-13,12
888,2,2,-7,33,288,-2,-134,-271,-254,97,-136,-195
889,1,1,-81,239,-127,-290,112,-88,-103,-38,-126,-139
890,3,3,-182,-10,-191,202,-77,110,-117,-3,-86,-29
891,2,2,-16,89,235,-55,-163,-274,-191,50,-20,-196
892,2,2,-8,24,319,-99,-185,-240,-155,83,-59,-220
893,9,9,-110,-117,-26,-19,39,-95,-276,95,-48,172
894,3,3,34,-18,69,99,-131,-136,-149,28,-57,-156
895,0,0,139,-15,-123,-208,-122,-33,65,-98,-49,-163
896,0,0,167,-120,16,-163,48,-193,76,-146,-105,-118
897,5,5,-59,-113,-141,-74,-127,222,-1,-44,-64,18
898,7,7,-163,72,96,2,-56,-219,-267,238,-46,-131
899,8,8,-67,-125,-13,2,-156,-13,-9,-41,243,-104
900,1,1,-88,119,-116,-71,39,-20,-42,-37,-100,-118
901,4,4,-207,12,-96,-133,269,-115,-227,115,-159,-60
902,4,4,-212,121,-129,-212,191,-99,-233,76,-121,-18
903,6,6,63,-160,-244,-119,-18,70,184,-182,-96,9
904,0,7,128,-91,-100,-101,-175,-13,-121,136,-163,-20
905,2,2,15,36,266,-49,-162,-153,-188,49,-159,-175
906,9,9,-81,-76,-77,-72,55,-43,-159,84,-77,110
907,1,1,-61,260,-77,-294,101,-166,-124,7,-142,-208
908,4,4,-160,145,-144,-262,288,-156,-208,67,-160,-180
909,7,7,-127,7,-26,-3,-37,-79,-202,163,-91,22
910,4,4,-187,74,-161,-236,307,-151,-258,94,-164,-94
911,7,7,-142,58,70,-6,-142,-252,-458,313,-132,-37
912,3,3,-241,-26,-167,328,-164,4,-311,14,-14,50
913,9,9,-83,-116,-101,-73,33,-2,-180,78,-132,166
914,8,8,-51,-3,-139,-133,3,-52,-83,-140,151,12
915,8,8,15,-17,-69,-169,-71,-4,64,-137,66,-85
916,4,4,-10,-68,16,-135,185,-130,-107,58,-131,-137
917,7,7,-158,24,0,-52,-54,-167,-350,271,-136,29
918,1,1,-72,175,-104,-222,90,-67,-82,-34,-77,-79
919,2,2,15,51,236,-47,-148,-205,-149,38,-88,-181
920,1,1,-68,246,-98,-280,98,-135,-130,4,-138,-158
921,2,2,44,7,290,-78,-42,-266,-201,68,-189,-242
922,2,2,-50,30,204,46,-237,-260,-281,122,-13,-108
923,3,3,-230,8,-25,336,-216,-119,-396,100,-73,-12
924,2,7,-135,49,148,84,-208,-261,-357,197,-23,-79
925,3,3,-293,36,-67,300,-136,-37,-296,113,-73,-58
926,2,0,135,-73,118,-158,-60,-167,-52,-24,-44,-99
927,3,3,-185,29,-94,296,-159,-58,-226,52,-76,-72
928,9,9,-107,-98,-8,-39,54,-42,-238,55,-63,148
929,1,1,-53,223,-93,-276,88,-116,-101,-9,-107,-151
930,7,7,-104,39,57,-50,1,-202,-202,182,-34,-99
931,4,4,-97,55,-70,-193,171,-59,-116,5,-102,-31
932,0,0,124,-154,-83,-72,-71,-92,-126,78,-178,49
933,3,3,-228,54,-47,224,-62,-81,-266,107,-89,-54
934,5,5,-100,-158,-240,-135,-108,258,-29,-47,-74,91
935,5,5,-163,-64,-228,108,-83,210,-81,27,-70,-33
936,8,6,19,-98,-163,-152,-95,89,108,-125,80,-94
937,6,6,29,-177,-201,-147,-32,71,236,-101,-98,-113
938,3,3,-184,-28,-219,175,-87,169,-135,-57,-34,35
939,2,2,86,-28,201,-89,-142,-233,-211,93,-88,-78
940,6,6,78,-230,-121,-173,-130,39,255,-219,56,-101
941,7,7,-143,8,43,-32,-90,-169,-369,279,-165,9
942,6,6,64,-132,-201,-156,-1,37,229,-197,-70,-103
943,6,6,63,-117,-168,-180,10,10,224,-238,-48,-129
944,3,3,-108,39,-70,148,-124,-25,-126,-12,30,-52
945,2,2,-73,66,207,127,-251,-299,-316,124,-35,-137
946,7,7,-175,103,59,-51,-56,-239,-400,278,-124,-19
947,8,9,-32,-14,-105,-155,65,-102,-161,6,-53,68
948,1,1,-94,209,-106,-272,120,-81,-111,-33,-111,-90
949,1,1,-77,224,-136,-278,134,-75,-85,-89,-76,-117
950,7,7,-123,4,49,41,-48,-238,-350,244,-95,-24
951,5,5,-145,-73,-192,-128,11,126,-121,101,-161,49
952,6,6,19,-93,-148,-126,24,20,127,-46,-103,-91
953,4,4,-125,158,-138,-295,272,-149,-180,43,-177,-192
954,9,9,-153,3,-66,-98,116,-64,-232,1,-42,153
955,5,5,-40,-131,-169,-44,-59,172,29,-53,-134,3
956,1,1,-45,91,-71,-84,48,15,-21,-86,-126,-99
957,3,3,-59,-66,-124,153,-55,8,-89,-23,-17,9
958,3,7,45,-26,26,42,-105,-96,-167,66,-124,-87
959,4,4,-160,65,-105,-166,214,-46,-150,-47,-53,9
960,7,7,-134,40,-53,-63,-12,-71,-217,169,-12,-2
961,8,8,-21,-110,-35,-18,-90,-111,-83,-90,221,-3
962,9,7,-113,-47,-71,-62,40,-130,-283,156,-11,104
963,1,1,-58,217,-105,-260,89,-109,-103,-3,-119,-146
964,1,1,-57,215,-73,-242,95,-135,-97,-3,-108,-173
965,6,6,89,33,-141,-293,-30,-12,92,-56,-138,-245
966,9,9,-77,-88,-84,-57,-21,-103,-219,98,74,119
967,1,1,-25,250,-102,-337,100,-102,-70,-58,-131,-197
968,4,4,-107,148,-162,-369,274,-107,-120,-42,-166,-136
969,4,4,-93,-52,-62,-62,112,-79,-131,78,-63,33
970,5,5,-58,-136,-123,-72,-116,192,39,-107,-34,51
971,4,4,-116,85,-133,-272,269,-71,-114,20,-185,-171
972,0,0,200,-156,-34,-100,-160,-118,-54,-5,-98,-13
973,6,6,53,-169,-227,-208,-48,24,298,-212,-7,-154
974,2,2,-33,49,301,47,-294,-317,-257,81,-43,-179
975,2,2,109,-102,212,-78,-214,-168,-124,62,-81,-166
976,3,3,-111,-43,-16,181,-130,-113,-197,-6,75,22
977,1,1,7,258,-83,-370,137,-129,-64,-90,-210,-248
978,5,5,-120,-77,-146,-14,-160,232,-112,-52,-59,70
979,1,1,-87,256,-88,-252,81,-110,-143,-27,-68,-118
980,2,2,41,39,221,-96,-54,-196,-165,48,-124,-168
981,0,0,181,-153,-59,-125,-98,-123,-53,-16,-102,-13
982,3,3,-140,3,42,221,-222,-192,-278,48,47,-29
983,8,8,-49,-17,-94,-160,66,-135,-81,-166,146,1
984,1,1,-72,203,-114,-265,101,-77,-85,-43,-94,-103
985,2,2,-116,43,269,120,-338,-317,-315,110,46,-160
986,6,6,73,-211,-224,-161,-60,47,301,-294,9,-112
987,7,7,-129,-17,-152,-100,32,-20,-163,195,-65,-3
988,1,1,-82,174,-70,-203,79,-88,-126,-11,-53,-48
989,6,6,39,-137,-140,-137,-40,5,188,-110,-1,-99
990,2,2,-16,103,166,-187,89,-278,-258,153,-183,-226
991,3,3,-261,-26,-119,320,-226,31,-277,39,32,-20
992,9,7,-98,-65,-32,-126,50,-102,-250,149,-52,93
993,0,0,180,-13,-89,-230,-135,-87,-54,6,-162,-133
994,1,1,-116,229,-73,-199,52,-68,-162,-31,-48,-71
995,2,2,118,-50,128,-86,6,-108,-134,-29,-241,-67
996,2,2,-40,33,208,42,-164,-221,-158,39,-33,-168
997,0,0,202,-122,-69,-149,-80,-114,-29,-49,-118,-69
998,8,8,14,-78,-52,8,-42,-39,-16,11,45,-86
999,9,7,-57,-72,-57,-91,66,-69,-166,127,-103,70
1000,9,4,-25,-59,-66,-69,87,-76,-153,-6,-141,40
1001,0,0,123,-31,-82,-206,-76,-86,-73,39,-211,-82
1002,2,2,-72,36,160,74,-235,-286,-307,146,16,-99
1003,5,5,-98,-108,-243,55,-87,226,-36,-80,-55,29
1004,1,1,-114,218,-105,-261,112,-83,-152,-30,-65,-62
1005,9,9,-142,-47,-62,-10,68,-122,-293,69,-10,152
1006,7,7,-139,30,-48,-113,2,-100,-258,214,-122,39
1007,8,8,-6,-31,-57,-104,-14,-79,-93,-34,101,2
1008,1,1,-60,255,-140,-308,131,-84,-72,-108,-80,-162
1009,0,0,172,-126,-86,-96,-137,-21,23,-25,-104,-30
1010,4,4,-184,35,-130,-218,271,-152,-242,153,-134,-75
1011,1,1,-37,293,-114,-343,106,-87,-57,-111,-111,-226
1012,7,7,-200,54,41,17,38,-141,-276,180,-98,-38
1013,9,4,-103,2,-73,-116,115,-95,-230,7,-103,114
1014,6,5,41,-91,-52,-61,-34,45,35,-48,-21,-1
1015,4,4,-153,141,-115,-244,268,-145,-194,16,-126,-115
1016,2,2,22,83,196,-76,-21,-196,-170,31,-160,-179
1017,6,6,25,-156,-118,-135,-21,52,147,-50,-94,-52
1018,8,8,-57,-115,46,51,-141,-104,-115,-12,195,-17
1019,1,1,-97,305,-135,-353,103,-161,-122,-20,-103,-227
1020,3,3,-239,24,-14,249,-159,-99,-300,89,-27,-4
1021,7,7,-55,-60,-3,-49,-88,-96,-197,185,4,-17
1022,5,5,-81,-186,-209,-71,-94,209,-35,-50,-41,93
1023,4,4,-40,29,-158,-319,241,-39,-69,31,-258,-145
1024,4,4,-115,179,-189,-348,274,-158,-137,-41,-88,-192
1025,1,1,-55,284,-130,-357,126,-124,-79,-54,-137,-244
1026,8,8,11,-117,-106,-63,-126,21,53,-38,90,-36
1027,1,1,-32,265,-96,-353,102,-140,-120,-21,-156,-189
1028,3,3,-178,37,-53,224,-83,-42,-240,101,-154,-63
1029,8,8,-42,-38,-103,-76,-54,-74,-75,-79,187,-7
1030,1,1,-43,258,-113,-334,104,-118,-97,-27,-142,-196
1031,2,2,-23,91,268,-81,-10,-204,-145,25,-111,-280
1032,5,5,-7,-156,-142,-153,-128,138,59,-77,35,39
1033,8,1,-65,229,-79,-411,194,-197,-177,-56,-92,-156
1034,0,0,113,-37,-40,-228,-40,-186,-171,46,-155,1
1035,6,6,69,-162,-126,-175,13,-3,168,-98,-147,-58
1036,2,2,-56,68,204,51,-282,-300,-301,129,-7,-139
1037,1,1,-32,249,-75,-305,70,-113,-94,-40,-100,-180
1038,1,1,-43,233,-93,-270,79,-95,-89,-47,-81,-134
1039,7,1,-73,69,-36,-35,10,-2,-24,-31,-16,-67
1040,1,1,-28,221,-86,-279,72,-71,-58,-67,-94,-158
1041,5,5,-55,-147,-175,-85,-129,239,54,-114,-36,9
1042,3,3,-159,19,-45,196,-112,-20,-238,79,-128,-38
1043,4,4,-163,79,-152,-244,239,-73,-145,55,-141,-101
1044,6,6,34,-6,-181,-282,58,-38,141,-220,-43,-113
1045,9,4,-177,123,-96,-236,169,-94,-261,-16,-87,90
1046,5,5,-102,-75,-181,-31,-71,205,-20,-84,-58,67
1047,0,0,130,-85,-15,-98,16,-63,-37,-54,-149,-15
1048,9,9,-39,-137,-59,-35,23,-6,-109,1,-78,137
1049,2,2,47,-14,231,-42,-43,-165,-145,33,-195,-186
1050,2,2,58,-62,121,-40,14,-165,-156,55,-140,-63
1051,4,4,-139,-77,-72,-101,195,-141,-210,103,-106,67
1052,8,8,-22,-209,-168,56,-52,22,-31,-56,172,60
1053,2,2,38,34,237,-72,-36,-191,-218,61,-213,-181
1054,1,1,-29,230,-109,-309,84,-86,-59,-64,-98,-179
1055,7,7,-104,23,-119,-185,37,-131,-243,220,-150,19
1056,2,2,-27,21,202,60,-222,-271,-267,121,-30,-119
1057,4,4,-76,73,-152,-318,300,-158,-120,-84,-114,-79
1058,9,7,-35,-61,-37,-66,20,-124,-202,104,-14,66
1059,4,4,-105,-20,-103,-296,303,-147,-174,2,-170,7
1060,4,4,-133,-62,-112,-136,280,-121,-136,47,-204,-80
1061,0,0,116,-120,-186,-116,-140,76,66,-19,-46,-92
1062,3,7,-220,25,-15,115,-64,-121,-338,143,-32,28
1063,9,4,17,-52,-71,-123,63,-111,-125,38,-100,4
1064,2,2,-96,72,240,125,-252,-242,-259,78,-68,-168
1065,2,2,-40,65,245,53,-243,-313,-217,47,17,-189
1066,3,3,-183,35,-13,192,-166,-170,-341,101,-23,17
1067,3,3,-209,-76,-166,271,-99,42,-188,-34,63,33
1068,8,4,-61,123,-178,-210,127,-73,-71,-22,-35,-139
1069,3,3,-186,-41,-86,228,-40,-56,-271,55,-67,40
1070,5,5,-95,-51,-159,34,-148,210,-70,0,-107,11
1071,7,7,-98,5,-64,-125,31,-86,-219,189,-126,39
1072,3,3,-157,-92,-198,150,-69,101,-185,5,-30,88
1073,5,5,-183,-72,-205,128,-111,230,-117,-32,-47,14
1074,8,8,-96,-63,69,100,-153,-145,-183,54,128,-29
1075,1,1,-46,193,-98,-247,81,-78,-70,-32,-90,-125
1076,2,2,-94,53,203,124,-284,-237,-327,130,-48,-123
1077,4,4,-150,100,-99,-286,277,-98,-179,20,-143,-85
1078,4,4,-12,65,-58,-281,245,-115,-76,-26,-191,-150
1079,6,6,81,-62,-181,-221,46,-47,198,-171,-110,-164
1080,4,4,-119,48,-109,-153,194,-39,-101,2,-110,-74
1081,9,9,-137,-11,-83,-36,20,-26,-213,76,-26,114
1082,5,5,-38,-39,-212,-105,-69,157,32,-126,-65,2
1083,1,1,-87,192,-83,-221,99,-80,-113,-31,-66,-71
1084,0,0,175,-93,-115,-104,-102,-11,6,-28,-142,-57
1085,6,6,45,-86,-168,-131,-5,33,187,-157,-51,-103
1086,9,9,-105,-157,-37,-17,52,-31,-196,14,-24,182
1087,5,5,-106,-76,-207,-71,-154,249,-52,-76,30,22
1088,9,9,-90,-83,-94,-12,48,-78,-194,78,-15,122
1089,5,5,-71,-92,-225,-29,-78,207,11,-6,-155,-12
1090,9,7,-20,-23,-109,-141,39,-80,-136,68,-75,47
1091,7,7,-129,58,106,-22,-1,-192,-248,226,-104,-141
1092,3,3,-164,-6,-4,179,-31,-75,-161,94,-115,-126
1093,8,8,39,-86,72,3,-167,-204,-92,-69,154,-68
1094,0,0,152,-43,-98,-252,-139,-55,-62,45,-178,-105
1095,3,3,-223,31,-39,193,-106,-17,-290,109,-178,-21
1096,7,7,-118,-59,-175,-215,-9,-60,-320,353,-214,49
1097,1,1,-20,213,-130,-287,82,-65,-27,-84,-99,-182
1098,3,3,-155,-27,-98,138,-36,8,-192,41,-80,18
1099,6,6,44,-22,-103,-193,68,-19,166,-163,-90,-212
1100,7,7,-90,79,-48,-139,19,-144,-229,202,-107,-69
1101,8,8,-33,-129,-74,101,-98,-16,-18,-63,116,5
1102,5,5,-46,-228,-215,-82,-152,272,50,-80,-79,43
1103,9,9,-110,-115,-79,-17,10,-1,-195,43,-25,156
1104,7,7,-134,25,12,3,-105,-160,-372,235,-110,16
1105,9,9,-94,-142,-76,-32,104,-82,-203,50,-41,168
1106,6,6,74,-141,-188,-217,-27,18,291,-214,-67,-192
1107,9,9,10,-198,-169,38,8,-42,-110,-23,-37,122
1108,6,6,31,-120,-220,-158,-30,82,186,-155,-68,-68
1109,3,3,-216,86,-10,249,-106,-107,-279,135,-107,-110
1110,7,7,-117,-10,32,-23,-102,-131,-336,260,-172,2
1111,4,4,-145,73,-128,-245,313,-157,-201,10,-108,-78
1112,4,4,95,3,-62,-281,143,-130,60,-98,-261,-217
1113,5,5,-27,-176,-177,-117,-137,227,58,-76,-46,-7
1114,3,3,-69,1,107,110,-160,-184,-197,37,66,-91
1115,5,5,-84,-119,-173,-27,-113,218,-41,-57,-62,64
1116,4,4,-100,34,-41,-171,226,-78,-107,-4,-79,-97
1117,7,7,-79,67,73,-37,-172,-228,-336,220,-39,-64
1118,8,8,-104,-61,132,65,-168,-164,-203,57,156,-44
1119,7,2,-18,42,125,-150,-54,-196,-188,121,-15,-177
1120,8,8,-19,39,-136,-162,-33,-56,-18,-104,102,-66
1121,0,0,185,-69,-83,-253,-14,-73,71,-147,-206,-127
1122,7,7,-73,-5,26,-52,-86,-58,-223,169,-127,-3
1123,6,6,69,-177,-235,-151,-38,46,259,-195,-36,-107
1124,8,8,15,-49,-47,-128,-78,27,17,-42,28,-25
1125,8,9,-171,-29,-85,-7,65,-94,-241,57,111,114
1126,7,7,-40,-35,-3,-79,-34,-177,-282,229,-100,30
1127,3,3,-191,-67,-73,252,-150,-103,-338,59,62,75
1128,3,7,-93,-10,59,122,-110,-85,-253,134,-124,-50
1129,1,1,-45,292,-112,-304,76,-123,-86,-47,-149,-254
1130,9,9,-110,-137,-85,-83,109,-60,-240,60,-101,207
1131,5,5,-64,-175,-216,-108,-92,232,84,-38,-18,-35
1132,2,2,57,43,322,-106,-139,-263,-181,33,-125,-227
1133,7,7,-91,85,55,-80,-60,-230,-346,235,-118,-27
1134,3,3,-270,3,-102,330,-120,-43,-298,65,-72,-33
1135,5,5,-50,-82,-296,-152,-112,243,53,-89,-22,-19
1136,1,1,-30,258,-166,-321,70,-97,-64,-71,-99,-199
1137,1,1,-70,184,-99,-233,94,-56,-74,-44,-84,-98
1138,2,2,-14,73,107,-33,-6,-108,-108,25,-128,-138
1139,1,1,-20,265,-118,-346,113,-110,-75,-72,-160,-226
1140,4,4,-142,44,-119,-240,266,-70,-133,14,-145,-67
1141,7,7,-174,87,69,-52,-92,-250,-454,334,-172,-32
1142,4,4,-51,113,-153,-404,288,-148,-102,-90,-189,-100
1143,7,7,-115,87,114,-35,-33,-270,-307,260,-101,-160
1144,5,5,-107,-97,-232,9,-117,240,-76,6,-136,37
1145,4,4,-157,-5,-81,-63,229,-122,-210,105,-190,-94
1146,5,5,-89,-50,-149,-46,-82,183,-61,-7,-112,43
1147,4,4,-156,-9,-116,-155,211,-101,-162,124,-140,-33
1148,0,0,179,-156,-65,-140,-45,-147,-68,-48,-142,-16
1149,8,8,-47,-54,7,12,-123,-154,-182,63,158,-17
1150,3,3,-201,-18,-75,179,-31,-20,-265,78,-123,30
1151,6,6,33,-7,-140,-181,22,16,171,-199,-60,-179
1152,9,9,-127,-110,-106,-40,64,-21,-210,95,-90,152
1153,6,6,92,-124,-132,-242,-133,47,207,-213,14,-140
1154,0,7,46,35,-107,-210,-61,-127,-222,237,-228,-83
1155,2,2,37,51,217,-103,-73,-194,-157,52,-95,-154
1156,7,7,-62,1,-98,-34,-36,-34,-141,152,-16,-34
1157,4,4,-47,10,-67,-248,239,-111,-82,-14,-100,-106
1158,4,4,-67,-65,-97,-258,297,-93,-61,-4,-172,-114
1159,4,4,4,48,-91,-299,211,-157,-44,-82,-114,-147
1160,4,4,-63,-4,-69,-237,224,-76,-72,-54,-138,-7
1161,6,6,32,-136,-281,-125,11,74,231,-213,-76,-90
1162,6,6,60,-206,-135,-160,-38,5,267,-160,-47,-130
1163,4,4,-136,151,-182,-307,280,-152,-162,101,-124,-287
1164,7,7,-113,26,-126,-211,0,-131,-301,355,-182,-60
1165,9,9,-108,-30,-58,-82,59,-71,-244,77,-33,115
1166,3,1,-10,44,-50,30,-66,-32,-125,14,-52,-51
1167,4,4,-153,129,-145,-285,313,-162,-205,66,-138,-183
1168,5,5,-90,-79,-197,-37,-79,199,-45,-26,-29,26
1169,5,5,-1,-68,-300,-136,-91,178,33,-56,-12,-36
1170,8,8,-68,-100,-110,-62,-49,-14,5,-15,209,-106
1171,7,7,-196,81,-48,-93,10,-162,-321,263,-124,2
1172,3,3,-337,51,-115,324,-99,-7,-286,95,-94,-61
1173,7,7,-23,54,-108,-217,-13,-164,-203,160,-57,-36
1174,2,2,-5,63,322,-7,-223,-355,-205,32,-29,-255
1175,7,7,-135,70,-68,-141,33,-144,-288,233,-109,3
1176,0,0,152,94,-92,-309,-67,-119,-86,8,-190,-201
1177,2,2,-45,75,206,40,-265,-268,-303,133,-56,-133
1178,4,4,84,-70,-66,-163,131,-203,-61,-64,-101,-59
1179,1,1,-62,209,-95,-267,101,-77,-79,-78,-70,-98
1180,1,1,-99,248,-149,-296,139,-77,-115,-71,-98,-115
1181,6,6,-32,105,-182,-207,83,-34,124,-173,-79,-261
1182,6,5,23,-159,-231,-102,-139,159,110,-115,8,-10
1183,9,9,-44,-172,-109,-35,11,-110,-209,56,40,162
1184,2,2,14,106,185,-154,-45,-195,-100,-4,-71,-209
1185,8,8,4,-100,2,-32,-85,-69,-8,-67,124,-26
1186,7,7,-162,15,-96,-104,2,-87,-231,292,-171,-26
1187,2,2,-57,47,177,89,-166,-227,-188,17,-11,-134
1188,0,0,202,-46,-76,-239,-158,-122,-16,-43,-115,-124
1189,1,1,-23,233,-85,-286,67,-96,-67,-55,-90,-165
1190,5,5,-53,-32,-108,-38,-160,184,-29,-61,-80,-5
1191,0,0,115,-99,18,-102,-9,-42,22,-46,-133,-61
1192,9,7,-137,4,-70,-138,35,-31,-194,143,-101,67
1193,1,1,-52,250,-114,-320,99,-96,-99,-32,-169,-175
1194,7,7,-67,-4,45,3,4,-196,-259,164,-61,-8
1195,0,0,172,4,-98,-247,-104,-138,-88,-6,-143,-111
1196,6,6,36,-86,-241,-220,36,19,280,-283,-43,-208
1197,0,0,171,-11,-90,-282,-84,-98,6,-45,-191,-150
1198,8,8,-170,-15,-48,-47,10,21,-106,49,71,-5
1199,6,6,65,-143,-270,-148,7,75,201,-170,-117,-70
1200,8,1,5,48,-147,-168,-6,-15,5,-83,14,-85
1201,1,1,-53,241,-100,-330,117,-120,-128,-30,-137,-138
1202,8,8,-4,-157,-2,-87,-153,66,58,-63,107,-38
1203,0,0,197,-195,-62,-109,-82,-80,-28,-76,-100,2
1204,3,3,-218,43,51,241,-221,-98,-322,93,-19,-54
1205,3,3,-271,-22,-93,312,-139,-29,-341,81,-98,18
1206,7,7,-19,33,95,-51,-128,-274,-290,133,-12,-50
1207,2,2,12,19,214,-42,-77,-160,-149,34,-106,-132
1208,3,3,-51,-68,-74,124,-75,-41,-79,-11,44,-7
1209,6,6,-29,-44,-149,-60,-51,52,161,-141,-7,-203
1210,2,2,-18,100,252,-13,-96,-233,-260,107,-208,-230
1211,1,1,-78,336,-103,-380,133,-222,-149,-7,-163,-280
1212,6,6,87,-80,-144,-213,-61,4,185,-179,-34,-149
1213,1,1,-70,263,-117,-328,129,-127,-128,-29,-165,-165
1214,1,1,-15,247,-147,-329,94,-107,-55,-83,-121,-205
1215,3,3,-209,19,-27,256,-136,-74,-244,75,-34,-45
1216,7,7,-32,12,-36,-96,-31,-86,-172,147,-75,11
1217,9,1,-109,116,-86,-178,57,-87,-200,55,-90,30
1218,0,0,192,-136,-92,-82,-134,-42,41,-67,-94,-35
1219,8,0,81,-74,45,-97,-171,-100,15,-62,67,-118
1220,0,0,155,-115,-58,-53,-143,-72,-97,69,-110,-8
1221,5,5,-121,-120,-157,3,-100,229,-18,-89,-35,46
1222,4,4,-125,55,-112,-227,293,-119,-154,28,-129,-140
1223,0,0,131,-122,-76,-110,-62,-29,-61,-18,-179,70
1224,2,2,41,12,84,-154,59,-61,24,-86,-69,-172
1225,8,8,-69,-88,-64,2,-101,-23,-71,-57,217,-14
1226,7,2,-73,93,129,-2,-71,-131,-160,110,-154,-171
1227,2,2,-49,102,184,25,-137,-177,-210,62,-106,-145
1228,9,9,-78,-179,-93,61,-51,-21,-239,18,-23,169
1229,8,8,-69,-51,52,70,-183,-124,-165,48,128,-21
1230,4,4,-177,-9,-81,-140,267,-53,-167,-7,-124,-16
1231,0,0,177,-84,-23,-130,-109,-79,-92,19,-172,-45
1232,9,4,-18,74,-130,-292,120,-95,-49,-78,-125,-26
1233,5,5,-106,-63,-203,-59,-19,214,3,-68,-161,38
1234,8,8,17,-81,-4,-208,-19,-37,52,-112,101,-111
1235,5,5,-82,-71,-153,-32,-110,184,-20,-81,-69,59
1236,1,1,-123,182,-95,-219,97,-82,-148,4,-104,-36
1237,2,2,2,108,233,-143,-147,-244,-107,-21,1,-229
1238,1,1,-68,246,-118,-289,106,-104,-106,-39,-129,-153
1239,3,3,-133,-32,-235,176,-115,133,-85,-22,-41,-36
1240,1,1,-16,230,-177,-362,97,-71,-19,-104,-138,-226
1241,7,7,-29,91,30,-163,3,-152,-181,99,-53,-119
1242,4,4,-43,17,-101,-176,131,-49,-29,-59,-75,-3
1243,5,5,-91,-123,-193,-124,-26,214,85,-154,-45,1
1244,7,7,-125,102,41,-102,-51,-175,-321,229,-127,-30
1245,2,2,56,8,301,-96,-106,-236,-190,46,-117,-193
1246,0,0,123,-100,-155,-45,-148,11,21,-22,-25,-80
1247,9,7,-8,-27,-5,-51,10,-34,-177,71,-171,20
1248,8,8,17,-75,-24,-6,-110,6,32,-53,76,-67
1249,8,8,-56,-45,-59,-65,-24,-44,-55,-64,184,-43
1250,6,6,34,3,-172,-226,60,-1,183,-193,-105,-201
1251,2,2,8,88,135,-31,-7,-152,-122,-4,-145,-171
1252,5,5,-128,-4,-138,28,-83,158,-78,20,-90,5
1253,4,4,-36,-103,-176,-294,234,-72,-24,0,-188,-45
1254,1,1,-56,215,-108,-277,101,-85,-81,-53,-92,-127
1255,9,9,-123,-6,-92,-90,81,-69,-206,28,-13,133
1256,2,7,-39,33,126,-21,-163,-156,-327,144,-119,-21
1257,1,1,-70,264,-117,-327,112,-114,-75,-41,-116,-227
1258,5,5,-65,-86,-129,-129,-118,160,0,-98,29,56
1259,8,8,-47,-105,-6,-64,-112,68,-74,4,115,5
1260,7,1,-89,114,-12,-121,-39,-109,-207,112,-55,-7
1261,0,0,226,-158,-73,-180,-175,-65,-1,-33,-116,-69
1262,2,2,4,37,195,-42,-78,-153,-143,42,-96,-136
1263,4,4,-69,-9,-145,-177,170,-19,-47,21,-196,-53
1264,4,4,-127,51,-132,-241,224,-67,-104,-47,-101,-1
1265,3,3,-233,30,4,244,-144,-55,-253,79,-39,-54
1266,6,6,-23,-55,-241,-214,85,18,131,-60,-148,-103
1267,8,8,-30,-143,45,11,-77,-122,-158,15,184,53
1268,8,8,-24,-134,11,3,-151,-80,-76,-58,215,19
1269,2,2,38,-45,82,-37,12,-110,-70,0,-80,-72
1270,4,4,-121,51,-72,-203,205,-145,-208,97,-141,-28
1271,0,0,181,-140,-79,-94,-88,-55,-35,-8,-168,30
1272,5,5,-109,-134,-163,1,-62,200,-13,-26,-29,29
1273,0,0,177,-115,-117,-212,-124,0,58,-83,-128,-101
1274,4,4,-2,83,-103,-249,127,-60,6,-74,-116,-118
1275,4,4,-100,59,-39,-178,212,-101,-138,31,-128,-118
1276,7,7,-132,24,59,-25,24,-177,-251,245,-153,-81
1277,9,9,-41,-145,-85,-31,-10,13,-118,35,-50,120
1278,3,3,-258,41,-92,323,-159,-52,-269,72,-59,-57
1279,4,4,-20,-69,-97,-72,89,-159,-83,21,-4,-9
1280,1,1,-54,255,-108,-297,97,-113,-98,-20,-136,-196
1281,5,5,28,-95,-205,-191,-191,150,-32,118,-119,-73
1282,9,9,-92,-85,-64,-60,42,-120,-253,73,-5,153
1283,7,7,-131,35,66,-1,-51,-147,-230,216,-79,-86
1284,3,3,-252,-4,-126,309,-144,-7,-246,40,-23,-6
1285,5,5,-56,-83,-267,-118,-65,206,56,-58,-75,-37
1286,8,8,-40,-47,-98,-107,-48,-42,19,-136,151,-28
1287,8,8,18,-69,-31,-59,-60,-99,-46,-39,118,-77
1288,0,0,168,63,-51,-365,16,-186,-37,-73,-215,-200
1289,5,5,-66,-110,-199,-44,-74,194,27,-47,8,-8
1290,3,5,-111,1,-150,31,-32,108,-51,-51,-103,1
1291,3,3,-199,49,-55,213,-48,-45,-158,93,-99,-162
1292,6,6,64,-151,-171,-150,-142,62,184,-106,10,-104
1293,6,6,-2,-117,-75,-131,-23,44,199,-120,-11,-184
1294,0,0,207,-147,-49,-150,-153,-102,-77,12,-135,-31
1295,1,1,-59,287,-120,-328,115,-138,-108,-21,-148,-233
1296,6,6,11,-33,-138,-245,7,5,195,-224,12,-167
1297,0,0,217,-144,-45,-113,-214,-56,-76,30,-123,-52
1298,3,3,-172,43,6,198,-119,-52,-208,88,-47,-92
1299,5,7,-62,45,-50,-128,-116,-20,-279,247,-286,-25
1300,4,4,-52,-27,-95,-190,209,-58,-56,38,-185,-131
1301,4,4,-109,30,-131,-255,217,-50,-101,-75,-122,33
1302,1,1,-130,240,-102,-279,118,-108,-181,-12,-112,-70
1303,2,2,63,20,245,-132,-109,-259,-263,123,-120,-173
1304,9,9,-124,-126,-93,-13,44,-56,-252,20,-1,206
1305,1,1,-33,307,-99,-425,124,-163,-63,-79,-138,-304
1306,4,4,-126,51,-131,-267,246,-48,-98,-10,-129,-78
1307,6,6,67,-102,-208,-184,-6,50,174,-144,-118,-61
1308,9,9,-98,-129,-54,-49,80,-62,-261,84,-152,201
1309,9,9,-78,-101,-88,-63,42,-63,-209,55,-53,157
1310,3,3,-139,9,-70,115,-106,-2,-226,91,-106,17
1311,9,9,-96,-75,-86,-51,73,-58,-188,74,-39,111
1312,8,8,88,-175,-42,-38,-112,-147,15,-87,122,-38
1313,4,4,-165,64,-132,-213,283,-93,-155,57,-135,-133
1314,4,4,-52,39,-168,-304,281,-4,-15,-56,-225,-229
1315,3,3,-215,25,-133,223,-77,59,-119,21,-80,-102
1316,1,1,-33,281,-107,-347,103,-128,-91,-49,-140,-223
1317,3,3,-186,-41,-98,262,-144,-29,-190,-5,43,14
1318,1,1,-57,313,-95,-353,94,-200,-160,9,-155,-231
1319,8,0,102,-125,-57,40,-177,-22,-91,40,-16,-61
1320,8,8,-28,9,-81,-96,-21,-88,-51,-91,124,-32
1321,7,7,-153,71,28,-60,-23,-221,-367,257,-146,2
1322,9,9,-78,-139,-57,-33,41,-47,-185,53,0,139
1323,4,4,-128,114,-165,-323,291,-73,-111,-16,-183,-174
1324,8,8,-42,3,-65,-177,12,-157,-135,-29,111,-11
1325,8,8,9,-148,-51,26,-3,-121,-15,-128,122,9
1326,7,7,-60,69,70,-60,-83,-215,-275,123,-35,-41
1327,9,9,-132,-99,-78,26,59,-49,-198,17,-19,172
1328,7,7,-16,-45,-40,-71,-46,-104,-225,192,-54,12
1329,1,1,-27,263,-93,-321,81,-100,-73,-71,-104,-193
1330,4,4,-197,189,-155,-329,325,-152,-219,25,-196,-176
1331,5,5,-62,-88,-115,-7,-85,158,-30,-69,-32,38
1332,6,6,54,-183,-216,-170,-50,-10,281,-175,16,-164
1333,0,0,233,-167,-102,-119,-154,-57,-37,-14,-162,-23
1334,5,5,-83,-105,-179,-44,-105,215,-57,-13,-96,52
1335,2,2,-49,132,239,-35,-135,-241,-156,35,-85,-247
1336,2,2,-34,137,251,-56,-120,-292,-254,116,-125,-210
1337,2,0,113,64,66,-207,22,-138,23,-124,-140,-240
1338,1,1,-111,215,-94,-247,89,-126,-170,13,-84,-58
1339,5,5,-122,-22,-188,27,-105,188,-95,19,-144,44
1340,5,5,-55,-124,-163,-151,-122,232,42,-110,-20,38
1341,2,2,-5,38,227,-7,-87,-202,-232,67,-154,-130
1342,4,4,-144,23,-150,-248,270,-56,-128,24,-170,-45
1343,9,9,-128,-32,-68,-109,112,-107,-255,94,-22,118
1344,6,6,51,-2,-203,-249,9,17,177,-197,-98,-170
1345,2,2,-63,78,220,-47,-70,-98,-98,25,-77,-231
1346,7,7,-150,54,-76,-97,8,-98,-234,208,-88,6
1347,7,7,-110,63,-60,-193,77,-160,-293,218,-175,1
1348,2,0,130,-131,71,-65,51,-102,-71,-104,-197,-13
1349,2,2,-41,37,144,14,-151,-203,-210,110,-39,-101
1350,1,1,-65,242,-118,-304,124,-92,-93,-53,-132,-160
1351,1,1,-31,275,-150,-331,111,-112,-46,-97,-132,-258
1352,2,2,100,-74,267,-62,-145,-219,-236,61,-123,-119
1353,8,8,-75,-56,-17,46,-112,-99,-155,-13,184,37
1354,3,3,-123,-1,-39,225,-122,-68,-193,34,-20,-24
1355,7,1,-34,67,-98,-216,41,-54,-66,53,-79,-64
1356,2,2,42,37,164,-108,-56,-205,-122,44,-49,-127
1357,4,4,-30,24,-95,-193,132,-52,-91,23,-127,-25
1358,1,1,-66,254,-99,-269,84,-129,-117,-10,-106,-168
1359,7,7,-108,22,51,-21,-115,-188,-386,263,-127,-8
1360,1,1,-97,200,-84,-246,95,-91,-136,-9,-93,-63
1361,7,7,-99,76,-20,-65,-100,-144,-294,227,-84,-25
1362,6,6,-9,-122,-232,-126,-26,56,188,-40,-72,-168
1363,7,7,-40,24,-8,-105,35,-54,-103,133,-106,-92
1364,8,2,10,-76,43,22,-4,-116,-117,38,-10,1
1365,2,2,-81,133,151,51,-146,-107,-250,73,-178,-151
1366,7,7,-141,70,-39,-100,8,-123,-237,225,-149,-48
1367,3,3,-271,24,-70,296,-99,-79,-347,106,-84,-14
1368,1,1,-31,199,-80,-248,89,-88,-63,-53,-79,-135
1369,7,7,-137,-6,28,-2,-124,-114,-343,256,-181,-5
1370,5,5,-74,-117,-181,-105,-113,240,17,-81,-36,32
1371,8,8,-58,-85,106,18,-220,-136,-141,11,198,-46
1372,2,2,-38,24,223,80,-209,-273,-203,71,-45,-144
1373,6,6,38,-139,-220,-151,-7,51,287,-223,-74,-152
1374,2,2,76,8,207,-130,14,-204,-144,9,-115,-144
1375,2,2,15,72,236,-36,-189,-303,-185,44,0,-191
1376,5,5,-105,-137,-280,-59,-152,311,-29,-86,-47,48
1377,6,6,-14,-140,-206,-103,-7,91,193,-167,-30,-73
1378,5,6,-1,-70,-114,-166,-79,109,126,-139,-8,-98
1379,0,0,132,-131,-51,-102,-80,-110,-126,37,-122,7
1380,9,9,20,-99,-87,-101,42,-52,-46,-53,-61,89
1381,2,2,-119,2,237,220,-317,-299,-347,123,0,-143
1382,4,4,-85,-30,-147,-227,261,-69,-78,37,-184,-112
1383,3,3,-148,52,-97,194,-110,13,-122,3,-65,-96
1384,3,3,-169,27,-26,179,-116,-70,-231,65,-7,-2
1385,9,9,-102,-13,-25,-40,59,-133,-259,76,2,88
1386,7,7,-41,-21,-34,-81,-11,-166,-239,206,-39,-15
1387,6,6,73,-80,-139,-201,32,-18,219,-200,-91,-162
1388,6,6,64,-166,-163,-134,-150,50,203,-113,-46,-75
1389,8,8,-53,-108,-135,-39,-45,-37,-21,-106,228,-36
1390,0,0,124,-166,-67,-139,-27,-169,-159,67,-179,59
1391,4,4,-129,15,-106,-213,277,-73,-158,12,-135,-19
1392,1,1,-71,177,-85,-228,100,-77,-89,-21,-105,-100
1393,5,7,-44,14,-59,42,-87,57,-79,58,-172,-72
1394,8,8,-20,-160,-25,19,-116,-64,-61,-11,162,22
1395,2,2,41,-23,147,-7,-87,-183,-138,40,-64,-109
1396,9,7,5,-13,-80,-157,33,-120,-137,59,-85,10
1397,1,1,-102,220,-129,-272,138,-91,-124,-39,-97,-100
1398,8,8,0,-49,46,-63,-129,-94,-77,-2,145,-67
1399,0,0,154,-107,-111,-75,-121,-24,-1,-27,-97,-31
1400,6,6,52,-114,-296,-239,6,73,275,-278,-112,-132
1401,7,7,-80,17,-81,-156,-27,-92,-252,234,-127,22
1402,2,2,-56,82,200,15,-173,-219,-297,175,-158,-156
1403,1,1,-63,262,-120,-289,31,-131,-26,-83,-42,-243
1404,0,1,119,141,-75,-383,30,-192,-92,-42,-196,-196
1405,5,5,-26,-91,-149,-130,-75,163,81,-110,-8,-36
1406,5,5,-65,-47,-182,-91,-147,217,-30,-57,15,-12
1407,2,2,9,-7,293,-13,-151,-232,-205,61,-114,-186
1408,0,0,210,-152,55,-176,21,-161,-14,-94,-165,-73
1409,2,2,-3,81,116,-79,-108,-210,-227,115,-71,-88
1410,2,2,48,37,202,-142,-23,-189,-79,11,-102,-215
1411,0,0,150,-96,-85,-185,-120,-68,-30,-35,-58,-56
1412,2,2,-30,94,178,-60,-97,-210,-170,68,-45,-148
1413,4,4,-127,140,-167,-308,255,-96,-132,-63,-133,-99
1414,9,0,36,-4,-57,-143,7,-31,-49,3,-108,-13
1415,8,8,-35,-51,13,-84,-74,1,66,-32,109,-161
1416,0,0,207,-22,-34,-264,-147,-116,-53,17,-192,-172
1417,9,9,-145,-137,-95,-47,60,20,-227,57,-82,183
1418,9,9,-183,-97,-45,66,31,-88,-288,69,-37,173
1419,4,4,-175,-64,-88,-123,274,-173,-248,143,-152,-21
1420,6,6,87,-223,-233,-129,-26,71,280,-237,-79,-107
1421,5,5,-42,-165,-195,-50,-93,198,30,-50,-28,16
1422,4,4,-68,-79,-42,-195,273,-107,-165,1,-194,30
1423,9,9,-76,-115,-80,-46,90,-79,-205,103,-71,106
1424,1,1,-33,273,-140,-349,85,-88,-61,-86,-111,-195
1425,8,6,11,-71,-204,-127,25,-113,108,-133,78,-118
1426,3,3,-305,25,-88,272,-104,-11,-303,67,-50,-2
1427,4,4,-91,-76,-61,-116,145,-112,-157,94,-96,38
1428,9,9,-169,-68,-114,-101,130,-48,-289,8,-28,214
1429,9,9,-6,-66,-114,-131,65,-90,-71,-40,-44,70
1430,1,1,-90,234,-99,-284,135,-93,-111,-70,-78,-102
1431,2,7,-30,22,167,21,-275,-267,-321,171,-21,-81
1432,2,2,27,33,240,-16,-275,-317,-188,41,24,-203
1433,8,1,-50,100,-102,-113,-4,-68,-60,-71,81,-89
1434,1,1,-64,238,-151,-305,111,-96,-87,-67,-85,-138
1435,9,9,-95,-89,-43,-81,64,-45,-230,80,-48,135
1436,6,6,68,-39,-252,-266,-86,55,205,-233,-11,-189
1437,4,4,-158,80,-54,-143,181,-97,-175,34,-74,-39
1438,0,0,84,-14,-66,-152,-94,-19,-51,47,-166,-62
1439,9,4,-118,36,-139,-158,125,-84,-196,-5,-60,111
1440,4,4,-10,-69,-103,-117,95,-85,26,-81,-4,-19
1441,8,2,-16,-78,98,24,-109,-161,-181,61,72,6
1442,3,3,-259,15,-42,311,-129,-93,-333,122,-105,-59
1443,8,8,-66,-83,-58,-54,-86,-73,-123,-51,220,36
1444,6,4,24,-76,-203,-179,52,-28,36,44,-264,-93
1445,0,0,149,-115,-14,-112,-126,-98,-134,114,-128,-56
1446,2,2,59,-8,255,10,-255,-347,-206,27,8,-173
1447,5,5,28,-140,-177,-184,-120,142,95,-79,-53,-30
1448,1,1,-62,288,-115,-330,107,-160,-144,7,-164,-205
1449,9,9,-101,-111,-84,-38,38,-47,-225,49,-53,182
1450,6,6,34,-155,-197,-142,-14,-2,212,-105,-96,-83
1451,2,2,62,-27,222,-70,-89,-178,-125,22,-103,-167
1452,9,9,-70,-86,-108,-78,48,-57,-201,41,-54,153
1453,4,4,-124,50,-34,-192,207,-111,-203,-11,-97,31
1454,0,0,161,-2,-77,-222,-108,-161,-28,-51,-51,-140
1455,9,4,-28,-14,-74,-117,66,-93,-147,42,-87,40
1456,6,6,68,-5,-195,-302,76,-35,169,-157,-174,-195
1457,0,0,195,-119,-122,-100,-162,-7,-16,-11,-105,-76
1458,6,6,31,-99,-181,-95,-115,63,84,-29,-166,9
1459,2,2,-75,50,168,92,-133,-148,-241,75,-120,-112
1460,5,5,-75,-92,-99,-36,-97,170,-9,-84,-16,45
1461,4,4,-83,9,-38,-272,309,-123,-145,53,-167,-153
1462,2,2,58,-64,188,-64,2,-234,-231,73,-118,-65
1463,3,3,-96,-23,-38,196,-196,-80,-326,55,-71,52
1464,8,8,-61,-48,-17,89,-136,-57,-84,36,102,-46
1465,4,4,-19,45,-23,-170,165,-103,-30,-28,-92,-160
1466,5,5,4,-36,-172,12,-163,115,-84,87,-125,-61
1467,5,5,-61,-146,-199,-14,-101,205,-21,-3,-92,10
1468,0,0,138,-118,18,-83,-45,-78,-60,-14,-169,45
1469,3,3,-62,-64,-64,138,-93,25,-6,-53,-139,-108
1470,8,8,-52,-128,-57,21,-88,15,-83,-32,184,-7
1471,5,5,-71,-99,-177,-104,-81,196,7,-46,-31,29
1472,3,3,-95,-5,-90,157,-85,15,-99,-13,-3,-20
1473,5,5,-7,-73,-255,-197,-147,208,44,-17,-13,-59
1474,8,8,-32,24,-68,-102,-14,-165,-126,-94,148,-21
1475,6,6,82,41,-189,-324,36,-7,180,-240,-153,-209
1476,5,5,4,-90,-173,-52,-125,171,-9,8,-160,-42
1477,7,7,-28,29,-39,-138,35,-100,-122,137,-78,-76
1478,6,6,33,-3,-176,-223,39,-2,218,-242,-66,-225
1479,3,3,-224,4,-77,291,-155,-74,-348,63,-54,33
1480,3,3,-215,19,-56,262,-121,-67,-298,86,-98,-15
1481,9,9,-99,-100,-51,-13,71,-55,-196,44,-47,159
1482,6,6,66,-110,-110,-147,-68,38,193,-168,-11,-113
1483,1,1,-77,230,-86,-261,92,-93,-124,-38,-72,-99
1484,1,1,-32,217,-110,-285,87,-76,-56,-53,-106,-169
1485,2,2,20,27,253,-50,-127,-168,-193,61,-135,-160
1486,9,9,-155,-80,-51,74,-12,-82,-242,29,34,151
1487,0,0,192,-107,-78,-86,-146,-60,-48,-9,-179,-7
1488,4,4,-74,-83,-135,-187,194,-132,-90,66,-92,-54
1489,3,3,-255,22,-106,314,-129,2,-231,78,-83,-85
1490,3,3,-157,9,-58,207,-187,13,-126,38,-13,-134
1491,6,6,68,-156,-220,-160,-37,61,254,-176,-126,-97
1492,9,9,-106,-81,-57,-31,36,-27,-209,68,-70,148
1493,5,5,-82,-109,-168,-78,-119,229,-26,-94,-14,61
1494,7,7,-37,13,-103,-193,-61,-59,-250,263,-160,-21
1495,3,3,-86,-5,-8,139,-122,-11,-169,37,-153,-54
1496,7,7,-87,30,1,-135,-69,-134,-274,231,-98,2
1497,7,7,-73,-62,-24,-39,-37,-107,-239,229,-134,34
1498,7,7,-92,-1,-108,-145,30,-102,-200,226,-84,-23
1499,8,8,-58,-77,-13,15,-161,-46,-32,-10,205,-85
1500,7,1,-111,146,2,-95,10,-212,-251,125,-78,-44
1501,9,9,-15,-111,-13,8,-10,-101,-162,27,-59,105
1502,8,8,11,-113,-147,-70,-85,80,92,-148,93,-50
1503,3,3,-167,10,-41,133,-41,-44,-237,72,-95,28
1504,0,0,144,-78,-42,-130,-136,-69,-133,122,-179,-53
1505,7,7,-86,63,54,-46,-111,-201,-334,201,-63,0
1506,2,2,-1,53,298,-21,-159,-320,-256,60,-61,-190
1507,7,7,-86,82,51,-51,-79,-217,-328,224,-101,-32
1508,9,9,-111,-93,-89,-43,57,-75,-182,93,-29,110
1509,4,4,-184,12,-57,-148,220,-169,-285,135,-145,6
1510,5,5,-122,-74,-219,-3,-65,199,-63,25,-146,50
1511,4,4,-191,58,-131,-193,277,-168,-207,65,-41,-87
1512,9,9,-95,-56,-71,-98,53,-1,-164,-51,-52,170
1513,3,3,-211,53,-82,170,-62,4,-211,60,-95,-9
1514,2,2,-22,8,233,64,-331,-306,-230,54,66,-148
1515,1,1,-22,287,-119,-372,113,-123,-104,-56,-157,-221
1516,4,4,-73,67,-115,-212,178,-93,-81,-19,-132,-82
1517,0,0,197,-173,-38,-136,-147,-120,-88,47,-134,-25
1518,2,2,-22,111,261,-113,-129,-289,-186,94,-82,-252
1519,3,3,-90,-38,2,222,-167,-69,-265,64,-100,-32
1520,7,7,-7,-57,32,-39,-62,-114,-179,125,-12,-20
1521,5,5,-110,-96,-148,-74,-118,246,-58,-65,-69,66
1522,7,7,-124,79,-83,-179,50,-88,-224,97,-69,50
1523,8,6,-60,-34,-77,-60,-151,57,98,-84,53,-136
1524,8,8,-31,-89,-39,-27,-104,-42,-82,-23,185,-21
1525,5,5,57,-30,-129,-71,-119,78,-27,55,-95,-69
1526,0,0,115,-180,-77,-21,-59,-81,-84,-11,-17,43
1527,1,1,-92,108,-78,-81,25,52,-2,-96,-156,-157
1528,1,1,-21,261,-112,-330,89,-88,-39,-105,-103,-219
1529,4,4,-49,-172,-75,-161,270,-145,-60,-106,-59,23
1530,8,7,-73,-26,-38,-55,-75,-83,-197,168,36,-10
1531,3,3,-183,-4,-212,167,-92,155,-94,0,-122,-30
1532,9,9,-37,-113,-29,-24,-5,-159,-234,82,31,105
1533,0,0,163,-4,-34,-274,-77,-130,-44,26,-240,-159
1534,0,0,198,-21,32,-302,6,-209,-46,-60,-211,-162
1535,0,0,169,-63,-70,-187,-186,-34,-96,96,-150,-99
1536,6,6,17,-170,-160,-77,-99,74,189,-118,-47,-39
1537,6,6,102,-54,-163,-265,-29,-18,253,-251,-63,-235
1538,2,2,11,50,178,-99,19,-212,-151,38,-90,-164
1539,3,3,-178,-6,-25,206,-139,-32,-279,104,-138,-23
1540,7,7,-91,-5,-21,-50,-15,-81,-208,185,-136,17
1541,8,8,19,-41,-106,-155,-81,-66,21,-118,124,-73
1542,4,4,-127,79,-100,-265,291,-94,-130,-5,-162,-144
1543,7,7,-60,-34,0,-43,56,-118,-198,172,-110,-7
1544,7,7,-189,61,1,-42,-49,-198,-380,321,-159,-25
1545,9,9,-178,-121,-125,36,41,-12,-308,71,-107,223
1546,2,2,24,20,241,-54,-123,-179,-134,17,-59,-170
1547,4,4,-117,109,-231,-251,222,-44,-81,-51,-136,-105
1548,1,1,-71,209,-61,-236,60,-106,-139,2,-87,-83
1549,4,4,-34,93,-110,-358,277,-98,18,-115,-168,-256
1550,5,5,-49,-88,-178,-117,-121,205,2,-51,18,-4
1551,2,2,11,20,142,-141,-154,-184,-118,29,47,-125
1552,4,4,-92,28,-89,-217,224,-81,-127,35,-148,-71
1553,9,9,-54,-75,-120,-61,51,-1,-163,-18,-62,101
1554,9,1,-155,95,-61,-177,89,-99,-258,83,-57,64
1555,1,1,-37,278,-92,-356,114,-149,-110,-25,-144,-222
1556,8,8,48,-166,17,0,-191,-143,-73,2,173,-38
1557,4,4,-54,38,-132,-273,263,-148,-80,-90,-117,-53
1558,0,0,134,-47,-95,-185,-149,-64,-102,96,-163,-99
1559,9,9,-28,-67,-48,-37,-11,9,-119,15,-88,77
1560,8,8,17,-134,-123,-112,-63,-52,40,-195,161,-16
1561,4,4,-46,42,-111,-229,220,-34,-72,-3,-198,-134
1562,8,8,60,-94,-19,-74,-138,-56,-29,11,90,-89
1563,7,7,-55,108,-13,-177,8,-145,-213,173,-131,-76
1564,7,7,-113,89,9,-88,-13,-188,-309,228,-123,-29
1565,0,0,177,-140,-32,-184,-104,-123,-47,26,-175,-56
1566,7,7,-71,77,-75,-205,45,-49,-133,100,-124,-16
1567,8,8,-95,-83,-106,89,-81,-100,-203,46,178,49
1568,8,8,-26,-85,-65,-59,-110,-1,-9,-67,184,-52
1569,6,6,11,-59,-89,-108,63,11,66,-7,-135,-119
1570,0,4,81,-11,-74,-253,123,-185,9,-47,-186,-157
1571,4,4,-111,17,-57,-168,193,-64,-149,7,-87,8
1572,8,8,8,-108,-44,-50,-102,-100,-86,-24,169,-1
1573,8,8,19,-83,-30,-80,-78,-107,-5,-118,153,-46
1574,2,2,24,-47,217,19,-112,-251,-186,36,-58,-102
1575,4,4,-74,51,-70,-298,319,-198,-203,-11,-167,-69
1576,7,7,-111,44,74,-43,-89,-196,-376,264,-156,-23
1577,6,6,80,-86,-157,-245,0,4,250,-201,-103,-195
1578,6,6,27,-156,-159,-111,-28,28,253,-214,-15,-114
1579,6,6,83,-68,-215,-280,-119,76,204,-167,-57,-189
1580,4,4,-95,131,-117,-245,222,-127,-132,55,-127,-203
1581,7,7,-127,-51,39,59,-45,-159,-324,157,-48,46
1582,1,1,-30,257,-165,-320,103,-74,-34,-89,-123,-229
1583,8,8,-21,-83,-63,17,-88,-11,-21,-65,134,7
1584,8,8,5,-47,-37,-143,27,-110,-71,-57,65,-11
1585,2,2,-8,13,228,4,-87,-209,-264,104,-164,-141
1586,3,3,-105,-57,-36,174,-125,-23,-250,48,-87,14
1587,6,6,6,-101,-208,-142,12,81,211,-174,-55,-178
1588,3,3,-257,71,-73,284,-129,-45,-283,110,-135,-69
1589,0,0,191,-170,-66,-108,-121,-77,-75,22,-183,57
1590,0,0,175,-2,-84,-263,-129,-149,-72,-14,-122,-107
1591,3,3,-180,-45,-109,253,-150,-70,-210,-18,115,6
1592,7,7,-112,116,37,-76,-108,-224,-348,268,-100,-82
1593,6,6,43,-14,-92,-164,18,9,149,-158,-74,-142
1594,9,4,-97,-66,-143,-139,153,-100,-175,44,-67,102
1595,7,7,-77,0,78,-1,-120,-177,-357,227,-141,-8
1596,9,9,-83,-24,-69,-99,61,-76,-181,56,-67,108
1597,9,7,-70,44,-84,-170,53,-140,-218,151,-50,-7
1598,5,5,-68,-83,-113,-65,-150,222,-39,-72,-20,24
1599,4,4,-124,12,-45,-213,291,-84,-144,4,-168,-94
1600,3,3,-184,-80,-197,243,-154,160,-158,-32,-31,26
1601,3,7,-97,10,71,124,-96,-112,-225,154,-111,-104
1602,6,6,68,-85,-228,-257,1,24,252,-268,-93,-145
1603,1,1,-87,261,-148,-283,125,-67,-94,-100,-79,-132
1604,2,2,20,32,218,19,-175,-275,-201,55,-49,-196
1605,3,3,-230,25,-101,243,-116,-58,-304,56,-56,45
1606,7,7,-139,59,-97,-178,64,-145,-296,246,-92,-5
1607,3,1,-196,64,-133,28,45,29,-151,-16,-55,-12
1608,3,3,-255,12,-163,280,-112,38,-241,59,-125,-27
1609,2,2,110,-120,143,-90,97,-184,-99,-34,-204,-100
1610,0,0,118,-83,-130,-77,-120,-25,-153,115,-184,2
1611,3,5,-57,-9,-140,77,-101,94,-40,-11,-58,-45
1612,3,3,-106,-54,-116,222,-194,69,-219,40,-106,-14
1613,8,8,-26,-86,66,18,-137,-110,-105,14,147,-36
1614,4,4,5,-67,-59,-213,175,-102,-26,-69,-87,-21
1615,3,3,-228,33,-37,250,-94,-59,-284,109,-101,-46
1616,6,6,105,-157,-134,-121,-112,4,167,-119,-66,-32
1617,3,3,-225,58,4,181,-79,-88,-288,140,-88,-59
1618,5,5,-288,-10,-312,43,9,182,-238,16,-32,84
1619,0,0,125,-5,-66,-195,-142,-38,-28,42,-126,-114
1620,2,2,43,13,259,1,-139,-296,-177,21,-113,-222
1621,0,6,119,-146,-235,-140,-30,31,143,-122,-154,-37
1622,9,9,-112,-104,-72,-35,42,-52,-229,40,-29,181
1623,0,0,106,-102,-56,-64,-79,-103,-122,80,-118,12
1624,7,7,-139,54,-33,-113,-17,-105,-263,218,-127,16
1625,4,4,-76,33,-95,-227,236,-34,-94,31,-185,-147
1626,6,6,9,-104,-227,-104,-3,81,200,-157,-47,-167
1627,9,9,76,-202,-11,19,9,-124,-84,-52,-14,84
1628,3,3,-176,-30,-175,263,-124,75,-140,-15,-70,-28
1629,5,5,-116,-127,-173,-86,-88,259,-4,-94,-31,60
1630,1,1,-17,236,-93,-330,89,-95,-54,-67,-119,-194
1631,9,9,-150,-11,-47,-118,93,-86,-276,107,-83,126
1632,6,6,86,-114,-213,-257,-7,28,278,-240,-124,-173
1633,1,1,-26,292,-98,-363,108,-120,-76,-65,-153,-258
1634,4,4,-128,191,-168,-281,196,-130,-173,16,-67,-118
1635,5,5,-37,-121,-208,-112,-97,206,106,-158,-31,-15
1636,4,4,-106,98,-51,-192,254,-212,-202,76,-149,-187
1637,5,5,-99,-97,-349,-13,-4,193,130,-108,-150,-107
1638,0,0,187,24,-50,-336,23,-240,-71,-74,-190,-162
1639,5,5,-64,-137,-158,-41,-92,204,18,-66,-44,34
1640,9,9,-63,-109,-46,-73,37,-45,-174,99,-116,129
1641,5,5,-4,-164,-207,-38,-94,166,80,-49,-21,-11
1642,2,2,57,-9,133,-168,27,-144,-29,-62,-57,-109
1643,1,1,-15,253,-109,-354,109,-84,-40,-101,-139,-220
1644,2,2,-7,54,161,-9,-163,-262,-185,52,23,-134
1645,9,9,-44,-131,-84,-70,38,-38,-157,32,-87,172
1646,1,1,-88,323,-137,-356,113,-180,-109,-52,-99,-249
1647,9,9,-30,-36,-75,-115,56,-103,-152,43,-58,72
1648,9,9,-98,-43,-63,-68,25,-45,-202,71,-25,130
1649,4,4,-133,109,-162,-315,296,-166,-195,85,-224,-156
1650,0,0,163,-72,21,-163,-103,-134,-87,35,-83,-90
1651,8,8,-35,-41,-14,-54,-66,-115,-105,-84,175,0
1652,4,4,-76,-41,-74,-192,197,-35,-82,-24,-128,41
1653,5,5,-118,-98,-175,1,-103,221,-98,3,-128,66
1654,2,2,-66,46,102,58,-99,-76,-163,65,-104,-98
1655,9,9,-36,-150,-68,-42,29,-23,-130,44,-70,142
1656,2,2,-22,123,269,-111,-146,-197,-177,62,-101,-229
1657,1,1,-42,228,-145,-292,108,-66,-39,-86,-99,-177
1658,2,2,-33,125,163,-100,-128,-192,-196,91,-53,-128
1659,1,1,-62,276,-120,-314,83,-144,-138,7,-141,-180
1660,7,7,-62,65,43,-59,-91,-212,-298,221,-97,-55
1661,3,3,-255,42,8,251,-165,-100,-370,126,-100,-29
1662,6,6,47,-87,-173,-212,30,-6,231,-207,-34,-160
1663,8,8,-89,-115,27,30,-186,-30,-165,29,180,28
1664,8,8,11,-47,-62,-142,-93,-33,43,-122,113,-59
1665,4,4,-159,110,-149,-242,272,-55,-131,-43,-109,-122
1666,9,9,-73,-115,-39,14,-2,-99,-199,11,18,163
1667,1,1,-73,215,-148,-277,104,-93,-92,-77,-43,-103
1668,9,9,-124,-40,-75,-59,83,-104,-266,67,-10,135
1669,8,8,-41,-130,-34,56,-84,-53,-117,-21,169,51
1670,5,5,-51,-68,-148,15,-135,179,-91,-38,-64,43
1671,7,7,-181,50,-55,-10,-29,-71,-263,166,-116,39
1672,5,5,-139,-79,-223,-83,-107,230,-102,-44,-17,75
1673,1,1,-102,200,-77,-243,75,-147,-205,38,-120,-29
1674,1,1,-58,242,-80,-276,83,-99,-111,-36,-94,-126
1675,8,8,-87,-40,-101,-30,-15,-107,-150,-119,218,32
1676,6,6,64,-125,-196,-164,-68,54,226,-183,-15,-167
1677,5,5,-131,-91,-179,-34,-137,249,-75,-75,-7,50
1678,2,7,59,37,-19,-182,-30,-83,-110,105,-170,-96
1679,4,4,-222,42,-111,-209,342,-172,-277,83,-128,-64
1680,4,4,-139,96,-137,-217,270,-134,-178,12,-103,-100
1681,3,7,-128,-39,-17,78,-132,-114,-361,189,-103,55
1682,2,2,43,-47,155,-37,-3,-150,-214,50,-209,-46
1683,3,3,-208,9,21,271,-184,-144,-351,127,-70,-40
1684,5,5,-48,-43,-242,-138,-110,174,-6,-92,-29,31
1685,6,6,72,-171,-187,-163,9,29,269,-240,-76,-125
1686,8,8,0,-41,-99,-60,-49,31,66,-96,69,-91
1687,8,1,-52,93,-176,-209,-16,-64,-117,-68,85,-14
1688,6,6,28,-21,-234,-235,55,27,223,-256,-90,-191
1689,2,2,71,9,183,-109,-41,-187,-109,14,-88,-138
1690,3,3,-61,-48,-94,162,-157,39,-154,8,-90,-4
1691,1,1,-77,205,-66,-212,72,-51,-91,-62,-61,-107
1692,0,0,194,-132,-11,-138,-162,-86,-51,33,-138,-19
1693,5,5,-93,-105,-133,-1,-124,219,-33,-81,-51,35
1694,8,8,55,-92,66,-15,-164,-119,-26,-69,93,-67
1695,9,7,-88,54,-108,-156,49,-95,-195,65,-26,52
1696,2,2,47,65,126,-88,-45,-159,-74,-16,-85,-146
1697,9,9,-59,-138,-102,-69,72,-82,-141,28,10,125
1698,6,6,22,-172,-127,-105,-54,27,220,-127,11,-96
1699,7,7,-175,43,64,-25,-121,-190,-431,326,-200,-22
1700,0,0,164,-125,-134,-105,-184,-11,-13,47,-111,-52
1701,4,4,-131,70,-102,-210,172,-34,-122,12,-119,-11
1702,8,8,-17,-46,-139,-149,-174,69,36,-73,136,-93
1703,7,7,-76,9,0,0,-73,-151,-274,176,-56,22
1704,1,1,-56,244,-115,-321,102,-99,-100,-26,-129,-169
1705,7,7,-122,69,-31,-103,13,-152,-267,203,-116,6
1706,4,4,-252,80,-155,-188,306,-125,-253,61,-82,-70
1707,1,1,-98,198,-94,-230,118,-81,-122,-57,-56,-64
1708,0,0,188,-100,-62,-102,-163,-63,-80,52,-203,-6
1709,9,9,-99,-5,-81,35,-4,31,-106,-11,-31,70
1710,7,7,-125,71,-46,-128,17,-129,-257,200,-128,6
1711,2,2,-24,-2,216,68,-295,-280,-258,109,13,-131
1712,0,0,147,-182,28,-99,-55,-210,-208,104,-188,70
1713,0,0,181,-127,-66,-95,-143,-81,-89,46,-149,-19
1714,9,9,-115,-106,-86,-55,25,-26,-236,52,-39,178
1715,1,1,-50,228,-88,-272,95,-89,-88,-47,-98,-137
1716,7,1,-66,123,-9,-108,-31,-164,-205,106,-48,-45
1717,8,0,79,-123,-123,-15,-93,-18,-6,-8,40,-39
1718,7,7,-209,20,116,60,40,-195,-357,228,-152,-78
1719,8,8,-46,-17,-43,-81,-51,-113,-84,-94,202,-43
1720,4,4,-146,-48,-143,-153,255,-131,-132,78,-183,-72
1721,7,4,-131,82,-131,-221,129,-124,-231,109,-94,21
1722,2,2,-57,36,210,-29,-39,-114,-79,29,-66,-241
1723,0,0,198,-199,-115,-95,-120,-53,-49,-30,-130,32
1724,4,4,-112,-62,-33,-165,244,-188,-216,92,-177,8
1725,6,6,10,-11,-186,-206,29,28,179,-230,-32,-153
1726,0,0,178,-117,-30,-91,-89,-82,-61,-30,-189,25
1727,3,3,-203,15,-146,187,-120,-56,-323,83,2,56
1728,1,1,-112,234,-107,-291,109,-98,-149,-4,-131,-85
1729,1,1,-12,271,-91,-403,122,-150,-82,-82,-146,-233
1730,3,3,-69,53,-60,68,-107,19,-115,31,-75,-30
1731,3,3,-274,30,-56,283,-121,-43,-321,101,-55,-31
1732,9,9,-88,-100,-92,-1,36,-42,-203,12,-13,149
1733,6,6,54,-168,-182,-135,-95,-9,232,-133,8,-130
1734,7,7,-55,-93,-113,-141,-53,-112,-257,324,-183,28
1735,4,4,-72,48,-50,-209,205,-60,-107,4,-117,-97
1736,1,1,-84,204,-109,-268,113,-88,-105,-31,-102,-94
1737,5,1,-50,56,-19,8,-51,34,-56,8,-97,-85
1738,3,3,-276,55,-82,234,-81,-56,-290,100,-108,-24
1739,0,0,198,-108,-45,-164,-125,-114,-70,-17,-133,-55
1740,8,6,35,-37,-139,-189,9,-14,46,-104,6,-104
1741,7,7,-83,94,-27,-94,-146,-142,-275,193,-12,-35
1742,3,3,-131,-38,-20,278,-169,-74,-198,37,-43,-84
1743,9,7,-72,-76,-117,-129,55,-63,-195,123,-86,108
1744,6,6,43,-125,-121,-154,-17,14,260,-225,-21,-170
1745,9,9,-51,-58,-85,-118,79,-122,-193,65,-51,93
1746,3,3,-163,72,12,164,-76,-49,-167,70,-142,-125
1747,5,5,-26,11,-277,-106,-86,140,-3,20,-46,-98
1748,0,0,136,-152,-25,-145,9,-120,-33,-32,-92,-48
1749,2,2,22,-85,221,44,-290,-292,-264,112,46,-71
1750,7,7,-118,2,7,10,-13,-100,-184,177,-59,-26
1751,4,4,-119,49,-6,-125,186,-60,-99,-11,-147,-120
1752,5,5,-92,-85,-151,-55,-77,207,-44,-9,-117,34
1753,1,1,-92,216,-119,-268,132,-78,-106,-56,-81,-97
1754,7,1,-79,171,155,-86,-9,-270,-257,167,-149,-201
1755,5,5,26,-107,-102,-126,-103,155,41,-53,-99,-21
1756,8,8,-69,-79,-106,-69,-96,42,-52,-67,165,46
1757,0,0,170,-30,-88,-210,-124,-73,-55,1,-150,-107
1758,8,8,-91,-130,30,101,-188,-6,-120,-18,155,-20
1759,8,6,20,-88,-71,-149,12,-25,67,-118,42,-54
1760,1,1,-69,254,-140,-326,120,-95,-113,-70,-101,-132
1761,5,5,-154,-64,-123,-59,-32,153,-88,-19,-56,80
1762,0,7,109,-26,-80,-137,-173,-25,-113,153,-158,-104
1763,3,3,-176,-39,-130,216,-119,61,-190,20,-79,14
1764,0,0,204,-185,-60,-180,-77,-70,29,-76,-145,-40
1765,3,3,-236,35,-84,238,-91,3,-214,87,-43,-69
1766,1,1,-98,296,-143,-308,112,-143,-99,-52,-88,-221
1767,4,4,-89,-14,-22,-170,209,-65,-125,22,-150,-22
1768,0,0,163,-12,-65,-214,-124,-107,-25,-31,-76,-123
1769,3,3,-185,35,55,211,-93,-173,-305,105,-51,-41
1770,7,7,-109,20,-47,-34,-106,-132,-317,237,-56,1
1771,2,2,-26,45,258,-5,-260,-279,-256,111,-33,-144
1772,7,7,-118,8,-43,-65,-7,-77,-134,260,-166,-108
1773,1,1,4,164,-170,-281,37,-38,60,-136,-75,-219
1774,8,8,-8,-16,-79,-144,-41,30,-18,-72,39,-50
1775,0,0,107,-104,-90,-60,-98,-38,-73,63,-85,-7
1776,7,7,-84,16,36,-57,-111,-137,-314,215,-110,2
1777,0,0,189,-144,-20,-85,-131,-87,-25,-12,-99,-31
1778,4,4,-35,4,-150,-203,163,-20,-29,-1,-166,-90
1779,3,3,-251,71,-50,279,-207,-65,-356,69,-83,-13
1780,1,1,-17,231,-98,-314,85,-88,-50,-65,-117,-197
1781,9,9,33,-80,-102,-150,37,-97,-43,-55,-95,59
1782,8,8,-87,-170,-15,-3,-91,-13,-150,45,134,67
1783,7,7,-136,42,-37,-128,66,-173,-311,206,-140,41
1784,7,7,-138,65,27,-56,-52,-177,-338,268,-154,-31
1785,1,1,-109,221,-95,-273,129,-65,-136,-61,-81,-71
1786,4,4,-84,53,-95,-196,222,-110,-126,32,-67,-126
1787,9,9,-107,-120,-84,-64,72,-32,-213,85,-107,168
1788,9,9,-100,-52,-105,-91,90,-62,-201,17,-40,141
1789,3,3,-112,51,-93,143,-118,22,-166,34,-105,-34
1790,2,0,59,-43,35,-57,12,-159,-109,45,-22,-62
1791,1,1,-28,254,-136,-336,103,-106,-68,-69,-116,-198
1792,7,7,-180,27,66,14,13,-220,-335,296,-148,-74
1793,9,9,-191,-118,-30,-20,144,-76,-320,85,-126,205
1794,0,0,150,-68,-16,-165,-119,-62,-5,-10,-121,-83
1795,2,2,51,21,294,-98,-120,-198,-139,24,-128,-211
1796,0,0,178,-162,-63,-96,-36,-71,0,-74,-124,26
1797,3,3,-147,-11,-176,185,-88,106,-136,-2,-115,-24
1798,3,3,-248,51,-141,235,-64,35,-170,34,-89,-92
1799,7,7,-174,72,24,-48,-36,-213,-373,288,-157,-16
1800,6,6,73,-136,26,-124,13,-85,153,-144,-55,-124
1801,9,9,-130,-173,-9,36,83,-37,-224,-5,-54,178
1802,2,2,-35,30,187,44,-123,-253,-266,96,-70,-89
1803,3,3,-186,-40,-19,209,-131,-46,-340,89,-139,38
1804,3,3,-320,40,-64,336,-156,-129,-430,120,-34,-4
1805,7,7,-114,-9,-18,-68,-22,-139,-292,251,-139,31
1806,7,7,-98,34,38,-71,-74,-178,-352,249,-135,1
1807,0,0,168,-128,-49,-103,-73,-67,-89,9,-198,41
1808,0,0,182,-121,98,-193,83,-188,-25,-102,-169,-79
1809,7,7,-90,97,12,-76,-43,-168,-271,164,-97,-5
1810,5,5,-100,-49,-171,-10,-119,208,-63,-15,-131,43
1811,2,2,42,-8,236,-83,-74,-258,-291,143,-142,-131
1812,9,9,-85,-49,-70,-75,32,-65,-203,91,-78,124
1813,8,8,33,-165,41,-78,-12,-38,-30,-68,89,-18
1814,7,7,-101,99,-74,-139,-1,-85,-172,115,-37,-55
1815,4,4,-114,7,-98,-232,256,-44,-104,-21,-149,-32
1816,4,4,-113,59,-130,-269,268,-120,-183,18,-106,-41
1817,2,2,-11,37,215,-10,-141,-220,-154,32,-17,-164
1818,6,6,47,-159,-254,-178,-4,63,217,-197,-84,-54
1819,6,6,115,-103,-102,-273,-31,17,218,-174,-108,-197
1820,1,1,-95,345,-122,-386,134,-194,-123,-44,-126,-277
1821,9,9,-96,-107,-39,-26,25,-36,-229,67,-53,144
1822,6,6,48,-52,-167,-124,-24,40,121,-88,-113,-94
1823,8,6,19,-77,-25,-101,-3,-81,73,-108,56,-65
1824,2,2,-40,17,229,48,-323,-282,-284,107,23,-115
1825,9,4,-112,44,-114,-203,163,-77,-204,-15,-89,74
1826,0,0,144,-154,-36,-92,-97,-139,-122,52,-143,27
1827,8,8,-70,-111,-15,72,-156,-99,-74,-98,248,-27
1828,3,7,-146,56,14,103,-96,-78,-240,143,-133,-52
1829,1,1,-87,203,-87,-255,86,-96,-135,-1,-130,-72
1830,1,1,-55,257,-115,-293,89,-108,-100,-24,-119,-191
1831,6,6,66,-202,-151,-116,-85,41,232,-201,9,-62
1832,3,3,-239,58,-80,223,-110,-1,-247,103,-148,-76
1833,5,5,-122,-45,-121,39,-143,190,-104,-18,-74,36
1834,1,1,-39,279,-119,-356,117,-126,-113,-41,-163,-201
1835,1,1,-46,220,-99,-261,88,-85,-76,-60,-80,-130
1836,1,1,-54,260,-103,-320,102,-123,-112,-26,-119,-179
1837,3,3,-211,30,-67,188,-101,33,-215,67,-131,-24
1838,1,1,-48,288,14,-292,99,-244,-169,-14,-159,-230
1839,2,2,-35,25,157,19,-279,-250,-251,117,49,-100
1840,3,3,-149,13,-116,256,-148,44,-177,11,-87,-55
1841,0,0,120,-159,-149,-50,-81,18,19,-79,-29,-14
1842,2,2,-39,15,196,55,-192,-258,-196,21,62,-130
1843,0,0,178,-168,-6,-108,-60,-88,-84,14,-207,-35
1844,1,1,-63,259,-93,-302,79,-142,-152,14,-136,-150
1845,3,3,-228,-81,-70,305,-181,-48,-333,48,-4,66
1846,5,5,-85,-40,-107,33,-111,154,-56,-53,-10,18
1847,5,5,61,-180,-222,-72,-186,160,86,-33,-17,-75
1848,7,7,-91,48,21,-38,-49,-229,-341,239,-95,-10
1849,4,4,-79,-5,-77,-119,171,-103,-105,-10,-37,-18
1850,8,8,-36,-57,61,4,-137,-105,-171,65,84,25
1851,9,9,-159,-4,-87,-87,124,-109,-274,78,-32,130
1852,6,6,73,-101,-266,-187,-28,92,242,-230,-130,-164
1853,9,4,-27,-81,-97,-165,105,-85,-120,13,-94,90
1854,6,6,37,-178,-273,-133,-49,53,239,-134,-4,-127
1855,8,8,-15,-85,7,1,-38,-46,-50,-18,110,9
1856,3,3,-178,-1,78,173,-138,-90,-279,101,-55,-37
1857,6,6,31,-76,-122,-168,9,53,167,-92,-127,-160
1858,6,6,34,-145,-187,-195,-19,34,304,-261,-23,-158
1859,8,7,-144,-26,15,-7,-6,-174,-214,153,103,-87
1860,5,5,-64,-111,-182,-59,-72,191,1,-21,-105,36
1861,1,1,-123,243,-75,-246,69,-117,-193,9,-70,-63
1862,4,4,-136,33,-75,-115,188,-44,-117,-6,-60,-37
1863,2,2,-43,-14,241,37,-190,-180,-184,50,-22,-112
1864,4,4,-166,151,-172,-308,304,-108,-173,5,-125,-150
1865,4,4,-52,82,-44,-249,237,-119,-75,-51,-149,-141
1866,5,5,-122,-46,-151,4,-133,230,-57,-43,-79,20
1867,1,1,-50,253,-130,-333,104,-89,-84,-55,-137,-172
1868,1,1,-145,220,-65,-155,98,-176,-159,14,-43,-151
1869,9,9,-117,-22,-66,-84,100,-58,-211,-9,-49,145
1870,0,0,197,-162,-65,-125,-141,-63,-24,-47,-32,-45
1871,2,2,27,27,146,15,-184,-247,-173,16,2,-152
1872,4,4,-219,152,-168,-249,338,-112,-196,-4,-144,-194
1873,9,9,-141,-70,-52,-31,102,-88,-249,31,-50,174
1874,5,5,-27,-144,-157,-30,-95,167,27,-76,-63,47
1875,7,7,-179,72,71,-13,-99,-198,-402,308,-200,-50
1876,1,1,-47,282,-106,-336,104,-131,-120,-27,-155,-201
1877,8,8,-21,-21,-146,-84,-44,-32,-42,-78,119,11
1878,8,3,-57,-21,52,68,-150,-108,-86,44,48,-118
1879,5,5,-105,-99,-152,-45,-86,212,27,-75,-4,-4
1880,6,4,52,88,-110,-367,144,-165,-23,25,-252,-250
1881,9,9,-143,-4,-102,-152,123,-114,-276,86,-53,138
1882,8,8,-81,-161,0,92,-143,-50,-140,29,188,14
1883,7,7,-88,-3,-97,-123,14,-87,-189,193,-155,43
1884,1,1,-20,265,-157,-350,93,-87,-50,-94,-119,-223
1885,1,1,-82,277,-184,-356,89,-116,-49,-85,-59,-248
1886,6,6,34,-42,-156,-199,13,-1,237,-230,-39,-237
1887,7,7,-124,45,-182,-167,12,-49,-168,224,-111,-49
1888,6,6,5,22,-113,-197,38,17,159,-219,-32,-202
1889,3,3,-190,48,-142,250,-123,43,-160,22,-94,-72
1890,2,2,30,60,295,-68,-109,-262,-246,81,-154,-207
1891,2,2,49,-11,256,-41,-116,-206,-225,62,-164,-130
1892,0,0,169,-87,-65,-79,-126,-56,-99,25,-167,11
1893,8,8,-68,-84,85,87,-216,-153,-126,-3,197,-70
1894,9,9,-99,-62,-150,-166,28,28,-120,49,-35,105
1895,2,2,55,-91,135,10,-2,-106,-130,-20,-177,-55
1896,5,5,-119,-122,-169,-3,-95,193,-67,11,-75,61
1897,1,1,-54,269,-112,-303,96,-125,-114,-21,-133,-193
1898,0,0,129,-115,-141,-99,-155,13,71,-17,-53,-71
1899,8,7,-87,16,77,43,-143,-126,-172,107,43,-64
1900,1,1,-15,247,-67,-374,153,-177,-43,-95,-150,-307
1901,9,4,-105,-5,-119,-173,137,-29,-76,-16,-36,42
1902,5,5,-59,-63,-151,-96,-102,164,-40,46,-100,-10
1903,7,7,-58,9,63,-38,2,-120,-134,158,-71,-93
1904,9,9,-140,19,-88,-115,105,-119,-262,65,-36,126
1905,6,6,48,-141,-264,-191,16,57,322,-288,-80,-183
1906,9,9,-50,-44,-88,-108,6,-71,-197,80,-22,106
1907,0,0,100,7,-83,-192,-114,-74,-97,79,-151,-85
1908,6,6,56,-33,-142,-221,18,-2,194,-213,-68,-162
1909,1,1,-31,223,-76,-274,57,-160,-176,28,-129,-135
1910,5,5,-84,-122,-177,-36,-103,208,-20,-44,-99,69
1911,5,5,58,-140,-153,-125,-180,129,70,-28,27,-67
1912,8,8,-15,15,-161,-201,-85,-14,29,-133,114,-103
1913,3,3,28,-75,-6,69,-136,-55,-105,2,-8,-51
1914,8,8,-47,-99,-192,-63,-77,16,51,-106,203,-87
1915,2,2,-7,32,213,2,-227,-292,-327,167,-78,-125
1916,6,6,55,-66,-239,-254,12,34,280,-287,-70,-224
1917,5,5,-75,-126,-172,-9,-152,231,-31,-61,-65,48
1918,0,0,151,-28,-84,-221,-83,-120,-74,2,-164,-79
1919,7,7,-198,93,21,-41,-57,-223,-409,318,-161,-27
1920,4,4,-66,11,-30,-144,185,-68,-94,3,-91,-55
1921,6,6,106,-197,-163,-147,-57,-64,294,-237,3,-158
1922,1,1,-53,276,-125,-311,99,-119,-94,-41,-118,-218
1923,3,3,-213,20,-89,287,-157,-16,-269,63,-84,-21
1924,4,4,-127,-16,-80,-177,184,-26,-90,-10,-61,28
1925,7,7,-180,78,18,-52,-24,-232,-385,299,-152,-12
1926,3,3,-200,11,-86,223,-53,9,-131,47,-57,-112
1927,2,2,-37,83,187,-19,-145,-219,-212,99,-90,-157
1928,3,3,-241,7,-106,264,-131,32,-216,56,-13,-36
1929,4,4,-89,76,-125,-270,253,-88,-130,-8,-186,-107
1930,2,2,26,33,216,-83,37,-210,-86,-22,-134,-243
1931,5,5,-68,-38,-185,-66,-35,169,25,-63,-151,-16
1932,2,2,-37,92,288,-4,-156,-250,-276,122,-166,-207
1933,7,7,-150,57,133,63,-76,-238,-312,245,-100,-107
1934,1,1,-87,238,-79,-253,93,-116,-138,-22,-74,-104
1935,7,7,-132,1,-36,-45,-44,-83,-261,213,-111,38
1936,2,2,77,-19,275,-83,-200,-162,-117,-7,-96,-173
1937,6,6,44,-116,-220,-210,-2,37,274,-296,-18,-156
1938,4,4,-27,17,-76,-219,157,-85,-82,50,-177,-84
1939,1,1,-60,269,-120,-303,109,-98,-92,-82,-74,-158
1940,5,5,-28,-63,-247,-198,-77,148,47,13,28,-96
1941,7,7,-3,-39,30,-31,3,-97,-119,74,-31,-23
1942,8,8,-6,-43,9,-57,-26,-84,-35,-62,110,-42
1943,6,6,18,-24,-201,-211,24,12,217,-246,-15,-210
1944,0,0,188,-172,-33,-111,-47,-60,-12,-57,-193,28
1945,1,1,-30,281,-75,-330,101,-158,-82,-56,-141,-260
1946,8,8,-50,-76,14,-43,-105,-34,-80,-5,175,-13
1947,2,2,20,33,292,-61,-154,-183,-194,67,-170,-200
1948,5,5,-69,-22,-66,-11,-38,110,-1,-2,11,-77
1949,7,7,-5,58,32,-111,11,-188,-222,160,-121,-97
1950,7,7,-149,-7,-36,-48,-63,-99,-291,247,-150,41
1951,6,6,48,-40,-169,-229,84,-7,186,-215,-137,-128
1952,9,9,-107,-7,-71,-38,60,-51,-190,64,-59,67
1953,3,3,-183,-28,-99,221,-87,1,-226,0,-51,39
1954,5,5,-22,-140,-156,-125,-160,165,-18,-1,-42,52
1955,8,8,-41,-76,-14,-37,-3,-98,-73,-119,142,22
1956,4,4,-15,27,-35,-275,204,-137,-135,12,-168,-48
1957,2,2,18,47,253,-112,1,-252,-118,-5,-111,-259
1958,4,4,-145,73,-147,-311,290,-76,-122,10,-227,-116
1959,0,0,164,26,-104,-242,-111,-60,-2,-13,-167,-185
1960,8,8,-10,-133,-91,-95,-165,32,52,-87,170,-29
1961,8,8,-53,8,-6,-131,55,-109,-102,-111,121,-20
1962,3,3,-237,7,-77,258,-175,-22,-286,76,5,-25
1963,4,4,-107,1,-69,-122,163,-62,-132,-11,-86,38
1964,9,9,-125,-17,-67,-79,102,-120,-263,70,-39,112
1965,2,2,-10,35,113,-31,-14,-103,-134,47,-130,-79
1966,7,7,-103,-49,-74,-40,-38,-96,-246,259,-131,21
1967,5,5,-87,-136,-160,-51,-98,235,-25,-46,-108,51
1968,8,1,-42,146,-113,-237,22,-44,-62,-53,-11,-89
1969,6,6,109,-186,-152,-127,-58,2,218,-199,-29,-86
1970,5,5,-78,-160,-221,-43,-145,252,-46,-21,-85,58
1971,6,6,54,-193,-228,-134,-53,62,295,-258,-14,-136
1972,0,0,202,-106,-44,-162,-81,-147,-54,-61,-106,-59
1973,8,8,-24,-177,-112,-44,-95,60,79,-107,174,-71
1974,6,6,60,-165,-222,-183,-40,28,315,-271,-17,-155
1975,7,7,-113,15,-65,-91,37,-145,-274,185,-65,61
1976,3,3,-113,-36,-96,178,-135,51,-140,16,-120,-39
1977,6,6,44,-134,-213,-161,-66,71,210,-113,-31,-158
1978,4,4,-208,21,-170,-151,249,-76,-197,62,-124,-10
1979,9,9,-16,-134,-63,-41,17,-38,-100,0,-27,134
1980,4,4,-96,111,-122,-306,285,-115,-118,-11,-156,-168
1981,6,6,7,-59,-172,-164,25,-25,124,-136,-14,-44
1982,6,6,65,-152,-90,-188,-138,57,197,-175,58,-139
1983,3,3,-195,-3,-11,283,-197,-136,-294,58,37,-44
1984,2,2,79,16,133,-116,-108,-90,-132,3,-198,-58
1985,4,4,-98,22,-72,-198,243,-50,-83,-3,-115,-113
1986,1,1,-104,234,-102,-276,109,-110,-151,-19,-93,-81
1987,0,0,167,-213,12,-94,-8,-118,-91,-44,-169,102
1988,1,1,-64,220,-94,-241,75,-94,-71,-49,-100,-128
1989,4,4,-2,28,-104,-266,175,-61,19,-155,-158,-34
1990,6,6,71,-3,-179,-275,42,-31,155,-146,-206,-175
1991,2,2,32,45,284,-94,-136,-206,-207,95,-171,-216
1992,9,7,-23,-76,-72,-115,6,-99,-142,57,47,45
1993,1,1,-87,281,-65,-316,83,-203,-137,-61,-38,-199
1994,1,1,-80,221,-93,-271,106,-105,-109,-30,-105,-109
1995,0,0,176,-130,-102,-48,-142,-101,-106,58,-144,-1
1996,6,6,57,-176,-173,-115,-81,62,205,-188,-10,-38
1997,3,3,-188,-1,-86,239,-114,-70,-280,36,-20,41
1998,9,4,-78,-44,-66,-165,131,-70,-172,19,-96,118
1999,5,5,-83,-83,-176,56,-159,209,-86,-9,-94,27
2000,6,6,11,-114,-118,-141,13,5,226,-209,18,-133
2001,5,5,-4,-152,-199,-123,-179,169,-11,32,5,0
2002,6,6,50,-144,-201,-95,-14,41,232,-185,-58,-109
2003,5,5,-43,-135,-174,-93,-68,184,84,-124,-29,4
2004,8,8,-50,-94,-21,43,-77,-27,-85,4,128,15
2005,4,4,-37,-73,-53,-226,263,-179,-116,-39,-45,-37
2006,6,6,94,-163,-227,-188,-40,36,237,-212,-102,-89
2007,4,4,-137,54,-111,-268,309,-63,-105,-20,-139,-136
2008,3,3,-274,-10,-94,245,-89,31,-250,49,-56,7
2009,9,0,64,-116,-74,12,-76,-114,-60,18,-25,18
2010,1,1,-68,186,-89,-234,115,-62,-81,-69,-55,-90
2011,3,3,-170,6,-40,216,-175,-58,-238,57,19,-8
2012,4,4,-164,142,-141,-305,340,-137,-198,26,-141,-207
2013,1,1,-90,196,-106,-252,125,-68,-103,-59,-70,-73
2014,9,9,-99,-57,-50,-72,93,-96,-233,58,-42,127
2015,1,1,-76,272,-94,-309,109,-104,-115,-65,-87,-138
2016,7,7,-90,43,142,-52,-54,-215,-231,183,-40,-170
2017,1,1,-60,232,-104,-317,104,-105,-125,-30,-163,-118
2018,1,1,-29,148,-23,-175,5,-138,-173,53,-88,-86
2019,9,4,-43,-34,-114,-148,80,-35,-98,5,-82,69
2020,3,3,-221,-38,-105,244,-95,13,-247,32,-52,41
2021,5,5,-137,-145,-228,-1,-93,255,-48,-84,-38,90
2022,4,4,-138,101,-148,-212,234,-64,-103,-16,-100,-123
2023,0,0,116,-53,-69,-81,-154,20,-92,71,-130,-31
2024,7,7,-78,67,-99,-211,31,-72,-203,133,-100,12
2025,3,3,-54,-19,-25,87,-90,-22,-42,3,-7,-127
2026,6,6,18,-119,-254,-163,40,67,285,-246,-129,-179
2027,1,1,-47,204,-150,-262,90,-57,-49,-82,-64,-131
2028,7,1,-57,118,-11,-154,7,-107,-150,40,-2,-94
2029,5,5,-11,-70,-204,-238,-182,154,8,71,-71,-58
2030,5,5,-88,-117,-114,-48,-106,198,24,-117,8,28
2031,3,3,-283,43,-25,325,-181,-99,-362,109,-82,-39
2032,3,3,-238,7,-50,261,-138,-38,-286,101,-100,-21
2033,0,7,43,50,-47,-276,101,-253,-239,189,-184,-156
2034,1,1,-96,206,-103,-238,97,-77,-117,-22,-79,-81
2035,5,3,-93,-115,-89,127,-79,75,-108,37,-147,-57
2036,7,7,-117,18,-50,-157,11,-108,-262,246,-157,29
2037,5,5,-83,-116,-265,-16,-60,163,-89,80,-157,50
2038,8,8,-20,-3,-32,-61,-107,-106,-121,-20,136,10
2039,6,6,21,-130,-207,-102,-107,28,203,-106,1,-100
2040,5,5,-62,-106,-145,-19,-40,155,73,-84,-20,-64
2041,1,1,-103,215,-83,-256,88,-105,-148,12,-118,-80
2042,0,0,151,-108,-91,-220,-111,-136,-115,45,-134,-23
2043,4,4,-76,106,-136,-286,160,-122,-5,-150,-2,-135
2044,2,7,-29,-41,131,-38,-198,-130,-279,182,-12,-74
2045,3,3,-218,-57,-195,294,-178,133,-203,0,-43,0
2046,4,4,-156,96,-158,-260,288,-68,-138,15,-117,-146
2047,6,6,68,-114,-151,-198,-89,36,195,-157,-65,-87
2048,7,7,-162,15,-3,-57,8,-131,-283,227,-150,12
2049,9,4,-77,19,-91,-152,121,-67,-128,-11,-66,62
2050,8,8,19,-15,-89,-99,17,-140,-68,-71,82,-55
2051,1,1,-35,275,-88,-368,114,-158,-95,-44,-128,-223
2052,8,4,-19,-57,-55,-85,102,-104,-16,-108,29,-2
2053,4,4,-145,38,-82,-190,240,-105,-161,0,-78,6
2054,9,9,-1,-153,-60,-34,39,-57,-109,39,-102,72
2055,2,2,-35,31,188,21,-136,-207,-263,124,-98,-103
2056,8,8,41,-227,-122,-3,-158,-57,8,-121,204,15
2057,6,6,-12,-88,-256,-237,47,-22,138,-8,-93,-145
2058,2,2,-40,71,226,-4,-246,-308,-301,161,-43,-157
2059,7,7,-131,72,-2,-44,-16,-139,-253,175,-83,8
2060,0,0,196,-190,-128,-100,-130,-7,93,-96,-58,-103
2061,0,0,160,-26,-87,-197,-117,-45,-31,-1,-180,-110
2062,6,6,39,-148,-238,-144,-30,38,268,-187,-15,-179
2063,7,2,-34,48,55,-50,8,-84,-54,37,-41,-102
2064,5,5,-112,-111,-157,-38,-104,233,9,-94,-6,16
2065,8,8,-23,-72,-34,-25,-26,-85,-49,-69,167,-58
2066,6,6,102,-44,-201,-289,-68,42,182,-162,-115,-185
2067,0,0,186,4,-6,-257,-78,-194,-56,-34,-130,-164
2068,9,9,-89,-163,-122,-111,107,10,-148,0,-111,216
2069,3,3,-152,48,-79,210,-95,2,-184,31,-98,-60
2070,7,1,-16,83,-109,-287,46,-100,-137,51,-167,-19
2071,1,1,-123,185,-71,-224,84,-100,-181,15,-86,-16
2072,3,3,-234,-5,-65,273,-113,-27,-249,30,-3,0
2073,5,5,77,-135,-233,-95,-188,140,95,-44,-38,-99
2074,4,4,-155,-15,-204,-150,207,-56,-80,26,-74,-80
2075,3,3,-272,44,-73,324,-152,-75,-283,88,-32,-67
2076,3,3,-228,15,-27,244,-109,-90,-296,88,-45,-5
2077,5,5,-98,-43,-152,5,-136,213,-94,-3,-164,42
2078,5,5,-31,-168,-279,-104,-96,264,49,-90,-55,8
2079,6,6,50,-32,-219,-225,31,29,223,-252,-97,-183
2080,3,3,-252,-8,-168,270,-153,15,-333,81,-13,32
2081,0,0,215,-7,-24,-292,-104,-180,-33,-64,-165,-161
2082,2,2,-6,96,149,-96,-122,-175,-129,59,-30,-158
2083,3,3,-268,52,-54,276,-134,-75,-346,133,-155,-34
2084,4,4,-171,-102,-112,-150,217,-40,-133,42,-140,111
2085,2,2,-56,40,221,20,-303,-271,-242,112,35,-133
2086,3,3,-251,-39,-46,256,-132,-84,-361,73,5,74
2087,0,0,228,-131,-61,-229,-48,-132,18,-118,-146,-92
2088,9,9,-126,-104,-77,-67,82,-19,-195,24,-67,184
2089,9,4,-173,11,-65,-140,159,-61,-248,4,-74,152
2090,4,4,-124,157,-113,-201,160,-116,-169,25,-156,-88
2091,7,7,-145,-4,-12,-34,-82,-93,-245,280,-197,-30
2092,2,2,8,41,271,-37,-192,-280,-214,77,-68,-171
2093,8,1,8,143,31,-222,79,-209,-116,-30,-70,-171
2094,4,4,-147,133,-147,-279,286,-151,-203,14,-121,-103
2095,7,7,-178,37,110,46,-74,-237,-427,297,-161,-46
2096,0,0,172,-137,-58,-132,-87,-93,-126,30,-214,23
2097,6,6,50,-127,-197,-189,-62,41,235,-177,-32,-112
2098,2,0,115,-91,100,-75,-109,-104,-134,49,-99,-26
2099,8,8,-186,-18,-78,65,-98,26,-81,23,104,-24
2100,5,5,-128,-46,-118,-9,-146,205,-108,-30,-78,54
2101,2,2,-20,29,271,52,-240,-329,-265,111,-61,-185
2102,8,8,4,-50,-16,-135,-99,-36,13,-52,129,-101
2103,5,5,-122,-86,-178,-48,-136,239,-47,-86,5,48
2104,7,7,-91,15,8,-70,-102,-118,-317,252,-176,16
2105,3,3,-234,3,-169,219,-28,3,-246,8,-9,36
2106,0,0,142,-84,-69,-90,-53,-186,-142,36,-128,-35
2107,8,8,79,-203,-69,-10,-117,-64,-9,-36,97,-10
2108,2,2,4,-10,231,92,-362,-321,-283,94,19,-144
2109,3,2,-33,-26,58,-44,31,-27,-38,-28,2,-35
2110,2,2,-34,28,191,17,-183,-280,-202,38,84,-168
2111,8,8,-68,-100,-10,60,-199,-71,-82,-11,231,-61
2112,2,2,8,78,249,-115,-78,-217,-158,36,-79,-211
2113,5,5,-161,-24,-160,41,-107,207,-28,-125,-16,-18
2114,5,5,-99,-87,-177,-25,-95,233,-38,-65,-102,57
2115,7,7,-136,-55,-215,-226,22,-76,-255,344,-207,24
2116,6,6,47,-78,-216,-268,-57,71,212,-224,-7,-176
2117,4,4,-75,35,-141,-275,241,-42,-31,-1,-171,-185
2118,6,7,-1,15,-139,-185,57,-125,-75,82,-136,-97
2119,8,8,-81,58,-157,-193,117,-113,-88,-176,128,-39
2120,4,4,-82,87,-97,-318,335,-143,-134,-18,-178,-175
2121,8,8,-46,9,-186,-210,-57,32,18,-125,61,-9
2122,2,2,-17,81,240,-69,-120,-186,-208,110,-154,-187
2123,7,7,-36,35,13,-53,-16,-186,-251,153,-78,-20
2124,4,4,-127,89,-119,-356,372,-201,-215,0,-170,-140
2125,5,5,-98,-56,-198,-132,-2,127,-47,8,-104,58
2126,2,2,-79,79,269,75,-186,-274,-236,82,-68,-206
2127,0,0,201,-38,-43,-214,-93,-107,30,-81,-118,-165
2128,3,3,-161,3,-51,195,-127,-85,-311,76,-75,49
2129,9,7,20,-115,54,-76,55,-149,-170,68,-49,-10
2130,4,4,-136,66,-173,-251,229,-129,-190,9,-71,25
2131,6,6,52,-40,-166,-185,1,23,151,-171,-66,-107
2132,7,7,-159,70,-75,-82,-7,-141,-290,224,-81,20
2133,2,2,3,41,258,-22,-261,-259,-160,37,-23,-173
2134,5,5,-39,-104,-145,-52,-48,146,29,-15,-28,-20
2135,6,1,-39,154,-89,-212,24,-61,7,-83,-24,-161
2136,1,1,-136,235,-88,-270,146,-104,-175,-49,-92,-67
2137,1,1,-31,251,-111,-341,107,-111,-73,-46,-132,-206
2138,2,2,-22,3,191,40,-272,-279,-243,78,61,-106
2139,3,3,-315,32,-141,336,-100,-18,-300,58,-43,-19
2140,6,6,-16,-129,-329,-194,25,54,200,-48,-118,-147
2141,7,7,-212,86,0,-52,-36,-208,-384,303,-141,-8
2142,8,8,-7,-154,-56,24,-113,-62,64,-117,174,-68
2143,7,7,-78,56,103,-36,-145,-251,-367,244,-83,-45
2144,6,6,59,-61,-247,-259,7,27,215,-125,-166,-203
2145,4,4,42,-175,-21,-169,196,-185,2,-98,-36,-104
2146,8,8,-31,-71,-20,-39,-71,-120,-120,-64,208,-10
2147,9,4,-110,9,-88,-160,130,-114,-231,69,-83,77
2148,4,4,-53,-61,-28,-144,173,-53,-101,-65,-107,72
2149,8,8,-2,-61,30,-39,-141,-152,-135,12,145,4
2150,6,6,-8,-98,-212,-189,38,41,225,-211,-22,-135
2151,3,3,-197,45,-96,240,-107,31,-127,7,-71,-142
2152,8,8,-16,2,-127,-166,-88,-25,-29,-77,125,-64
2153,3,3,-155,-89,-167,197,-77,88,-119,45,-146,-64
2154,1,1,-48,296,-118,-332,101,-153,-119,-21,-156,-229
2155,0,0,183,-111,0,-206,-9,-141,38,-114,-118,-77
2156,6,6,93,-186,-268,-191,-21,74,272,-246,-117,-112
2157,2,2,-40,100,226,-43,-123,-285,-212,80,-38,-189
2158,2,2,23,69,284,-111,-119,-261,-229,106,-130,-206
2159,5,5,-88,-57,-163,-23,-133,215,-48,-40,-5,-4
2160,6,6,51,-53,-115,-186,21,-9,190,-185,-56,-166
2161,9,4,-129,-98,-45,-83,187,-77,-216,38,-107,118
2162,5,5,-25,-198,-228,-10,-52,152,34,-84,-10,27
2163,8,8,-44,-46,-71,-74,-58,-83,-10,-126,206,-94
2164,1,1,-73,221,-114,-276,105,-96,-104,-29,-112,-122
2165,4,4,-149,73,-154,-374,387,-183,-230,4,-158,-63
2166,1,1,-123,220,-101,-245,115,-86,-165,-38,-84,-58
2167,7,7,-69,34,0,-104,-11,-153,-248,218,-95,-46
2168,8,8,-59,-21,77,4,-65,-134,-108,-20,119,-63
2169,4,4,-132,13,-74,-153,195,-93,-173,72,-122,-33
2170,6,6,46,-202,-107,-226,-49,40,292,-188,2,-172
2171,1,1,-106,200,-88,-243,117,-84,-137,-25,-75,-62
2172,8,8,-61,-37,-167,-103,-20,-64,7,-162,206,-96
2173,4,4,-171,132,-205,-353,332,-95,-153,0,-155,-155
2174,3,3,-92,-22,-74,95,-104,83,-92,12,-159,-66
2175,1,1,-49,186,-82,-214,81,-101,-80,-6,-98,-138
2176,2,2,33,13,179,-68,12,-165,-97,-4,-139,-171
2177,8,8,-19,-33,89,-41,-110,-138,-10,-30,128,-154
2178,0,0,177,-151,4,-180,-55,-227,-123,27,-130,-12
2179,8,8,-74,-84,55,65,-195,-87,-171,-2,176,7
2180,5,5,-123,-53,-206,41,-108,225,-115,12,-180,46
2181,9,9,-59,-109,-71,-89,68,-56,-200,83,-109,154
2182,1,1,-191,245,50,27,-130,-125,-264,134,-120,-184
2183,4,4,-46,-88,-61,-167,226,-147,-67,-32,-102,-43
2184,2,2,-31,95,228,-24,-69,-269,-151,15,-75,-253
2185,0,0,75,72,-76,-248,-46,-28,1,-33,-100,-144
2186,2,2,102,-77,128,-98,-44,-167,-167,70,-94,-59
2187,7,7,-159,78,38,-44,-60,-227,-398,313,-157,-42
2188,0,0,146,-88,-135,-137,-171,25,32,-34,-59,-118
2189,9,1,-63,174,-131,-275,59,-110,-137,-34,-14,-75
2190,0,0,168,60,-39,-313,-100,-117,-80,27,-215,-190
2191,2,2,-62,-6,233,78,-268,-286,-266,112,56,-137
2192,5,5,-8,-32,-144,-54,-106,149,-15,-29,-92,-7
2193,7,7,-84,-25,40,-20,-111,-145,-320,231,-46,-24
2194,6,6,64,-98,-212,-179,-9,53,197,-192,-83,-87
2195,7,7,-28,-73,27,-25,-76,-129,-190,159,-2,1
2196,9,9,-57,-63,-111,-75,34,-28,-149,-2,-38,130
2197,4,4,-49,97,-88,-250,250,-132,-77,-17,-134,-193
2198,2,2,6,97,133,-148,15,-220,-199,107,-105,-144
2199,6,6,76,-106,-133,-235,-36,14,227,-239,-28,-167
2200,2,2,56,25,147,-141,52,-224,10,-88,-142,-285
2201,4,4,-147,3,-31,-121,275,-117,-196,47,-115,-91
2202,4,4,-95,155,-78,-297,265,-195,-179,80,-147,-254
2203,8,8,-62,-127,-9,80,-127,-66,-67,-77,206,-1
2204,0,1,82,115,-157,-297,-39,-75,-70,37,-167,-168
2205,4,4,-44,71,-122,-260,214,-164,-111,43,-126,-152
2206,4,4,-109,74,-83,-182,225,-71,-104,29,-114,-169
2207,5,5,-87,-154,-154,-108,-95,236,3,-99,-8,70
2208,8,8,-37,-11,-55,-103,-111,-48,-71,-54,171,-34
2209,0,0,227,-60,8,-278,-87,-153,-11,-80,-150,-157
2210,6,6,43,-83,-149,-158,26,16,171,-153,-80,-86
2211,8,8,-20,-32,-82,-83,-88,-89,-47,-75,176,-67
2212,9,9,-104,-94,-103,-100,90,-105,-238,76,5,160
2213,8,8,-75,-90,21,16,-109,-95,-156,-24,220,28
2214,5,5,-90,-5,-203,34,-128,195,-79,27,-157,0
2215,6,6,80,-142,-134,-146,-99,58,158,-140,-49,-14
2216,9,9,-86,-63,-90,-162,133,-68,-160,-21,-97,152
2217,0,0,196,-127,-33,-121,-128,-78,-17,-28,-125,-23
2218,4,4,-194,92,-156,-270,309,-92,-197,14,-128,-60
2219,8,8,-12,-125,16,-28,-119,-94,-71,3,183,-17
2220,7,7,-119,-7,-35,-50,-38,-113,-262,234,-129,25
2221,1,1,-41,254,-123,-377,63,-96,-41,-81,-84,-220
2222,3,3,-139,30,-70,100,-63,14,-103,91,-185,-160
2223,4,4,-151,128,-206,-305,273,-102,-145,64,-164,-188
2224,5,5,6,-116,-168,-38,-35,88,12,-19,-75,27
2225,8,8,-21,-131,-17,-22,38,-90,-85,-73,111,53
2226,0,0,206,-115,-72,-173,-111,-73,55,-110,-129,-88
2227,9,9,-81,-99,-36,-37,51,-54,-181,46,-57,145
2228,1,1,-38,211,-122,-264,87,-96,-52,-45,-88,-181
2229,3,3,-236,0,-35,306,-207,-97,-369,64,-33,38
2230,3,3,-274,15,-79,273,-73,-48,-300,53,-22,7
2231,6,6,38,-193,-189,-115,-62,47,296,-211,-20,-142
2232,9,4,-10,-49,-99,-204,103,-113,-109,-20,-115,75
2233,8,8,-37,-209,-88,-50,-51,-22,55,-44,188,-12
2234,7,7,-91,88,116,-63,-81,-279,-400,271,-153,-66
2235,1,1,-99,311,-74,-314,111,-195,-140,-19,-109,-236
2236,0,0,155,-109,-48,-78,-102,-75,-20,-33,-85,-37
2237,5,5,1,-153,-185,-93,-183,214,56,-95,-29,2
2238,7,7,-146,94,89,-18,-96,-261,-428,298,-165,-63
2239,1,1,-26,244,-124,-315,91,-100,-60,-60,-112,-198
2240,7,7,-162,9,-15,-46,-73,-128,-324,268,-152,31
2241,5,5,-6,-132,-208,-116,-35,173,65,-77,-34,0
2242,2,2,-24,32,264,26,-280,-326,-230,85,6,-177
2243,7,7,-131,23,-76,-82,-6,-52,-200,179,-87,33
2244,9,4,-33,2,-120,-166,91,-95,-135,-3,-109,55
2245,1,1,-14,153,-64,-209,59,-72,-40,-40,-73,-123
2246,8,8,-29,-86,-122,-150,-103,25,74,-168,151,-24
2247,5,5,-88,-80,-228,-17,-92,228,-12,-20,-76,-24
2248,2,2,-53,31,209,50,-137,-258,-322,181,-151,-150
2249,4,4,-134,24,-59,-273,386,-146,-178,-45,-183,-118
2250,9,4,-4,-58,-136,-163,72,-76,-65,-24,-77,41
2251,4,4,-102,14,-65,-226,202,-102,-135,91,-174,-63
2252,7,7,-130,95,-1,-50,-35,-174,-299,211,-108,-15
2253,2,2,-55,-10,163,73,-135,-158,-205,28,-27,-66
2254,2,2,9,-2,222,-50,-82,-153,-146,55,-73,-143
2255,3,3,-86,-2,-48,120,-109,-62,-198,28,-2,15
2256,4,4,-99,-66,-162,-255,298,-79,-136,52,-259,-52
2257,9,9,-143,-78,-61,-37,83,-52,-233,46,-35,180
2258,1,1,-21,274,-33,-353,127,-194,-111,-28,-189,-260
2259,9,9,-135,-88,-74,-16,56,-61,-242,88,-93,170
2260,2,2,67,41,238,-153,-44,-203,-143,23,-91,-178
2261,1,1,-41,308,-86,-358,111,-183,-113,-22,-179,-273
2262,7,7,-122,47,-27,-17,-62,-130,-293,192,-70,20
2263,9,9,-113,-139,-117,-108,103,-59,-274,140,-170,209
2264,4,4,-94,30,-80,-268,274,-70,-103,-57,-163,-77
2265,4,4,-124,23,-77,-226,297,-91,-138,8,-149,-101
2266,1,1,-70,153,-34,-105,56,-2,-77,-72,-177,-158
2267,6,6,98,-181,-207,-163,-69,19,270,-204,-30,-151
2268,7,7,-79,-25,-127,-133,81,-159,-260,218,-146,18
2269,2,2,-26,77,182,-4,-208,-242,-199,76,-12,-128
2270,7,7,-95,22,26,-24,-113,-165,-320,229,-80,-13
2271,8,8,31,-49,-18,-90,-77,-116,-40,-59,101,-59
2272,8,0,106,-191,-49,18,-129,-75,-36,-14,70,-24
2273,1,1,-66,234,-66,-261,92,-160,-122,12,-111,-181
2274,9,9,-93,-84,-108,-60,73,-51,-198,26,-17,163
2275,7,7,-149,61,33,-23,-42,-196,-343,252,-135,-12
2276,1,1,-67,148,-161,-252,77,-27,-64,-78,-47,-41
2277,1,1,-65,186,-129,-207,70,-77,-61,-31,-57,-134
2278,7,7,-95,-52,-10,-12,-85,-90,-270,212,-107,35
2279,5,5,-111,-6,-160,49,-108,165,-130,42,-137,21
2280,3,9,-42,-31,-118,-10,8,30,-82,23,-92,34
2281,3,3,-224,45,-17,250,-110,-97,-268,117,-95,-73
2282,5,5,-107,-94,-232,-15,-73,235,-5,-93,-74,55
2283,1,1,-57,262,-80,-307,98,-169,-154,4,-128,-167
2284,3,3,-226,12,-141,255,-136,55,-193,24,-11,-29
2285,7,7,-61,-9,-1,-11,-25,-56,-147,160,-112,-48
2286,6,6,32,-87,-295,-193,37,29,227,-155,-107,-142
2287,1,1,-111,230,-115,-277,121,-88,-137,-38,-89,-82
2288,3,3,-97,11,-70,184,-136,23,-156,29,-86,-45
2289,8,8,4,-73,40,-39,-105,-114,-60,-29,148,-39
2290,7,7,-59,73,-52,-149,-30,-100,-208,174,-83,-34
2291,5,5,-132,-12,-125,39,-157,160,-210,43,-121,59
2292,9,9,-37,-187,-166,40,8,8,-150,-47,-41,160
2293,9,9,12,-125,-108,-110,74,-77,-61,31,-209,76
2294,0,0,122,-66,-131,-115,-193,56,-7,66,-113,-65
2295,0,0,200,-132,-49,-108,-149,-72,-5,-30,-124,-21
2296,2,2,-3,105,211,-57,-96,-284,-213,82,-108,-175
2297,8,8,-37,-82,-75,-33,-71,-57,-24,-92,186,-16
2298,8,0,62,-8,-157,-202,-14,-46,23,-120,-12,-87
2299,2,2,-37,-75,175,-38,-267,-187,-251,169,73,-67
2300,3,3,-255,70,15,268,-175,-19,-249,106,-69,-158
2301,7,7,-109,43,29,-33,-100,-185,-363,260,-113,-15
2302,1,1,-74,270,-67,-264,67,-218,-199,64,-131,-171
2303,3,3,-302,35,-85,302,-110,-25,-293,99,-135,-42
2304,0,0,202,-202,-127,-99,-104,-52,-53,3,-177,52
2305,3,3,-132,-52,-82,246,-113,-89,-266,44,16,-3
2306,4,4,-134,128,-135,-255,261,-132,-167,65,-127,-188
2307,4,4,-114,107,-110,-263,260,-125,-161,36,-180,-130
2308,3,3,-4,-91,-104,111,-185,107,-124,28,-84,-62
2309,8,8,-5,-97,-95,-89,-56,11,43,-97,80,5
2310,9,9,-102,8,-71,-107,48,-88,-219,51,-77,117
2311,2,2,13,53,263,-132,-52,-261,-154,89,-126,-244
2312,3,3,-161,-52,-79,225,-102,37,-132,10,-9,-44
2313,9,9,-104,-85,-64,-33,50,-24,-180,27,-49,162
2314,7,7,-37,-26,26,-38,-37,-169,-259,140,-13,14
2315,1,1,-68,214,-88,-265,86,-93,-106,-16,-125,-117
2316,1,1,-94,233,-90,-288,102,-116,-151,0,-119,-97
2317,7,7,-180,71,56,3,-121,-166,-388,268,-185,-21
2318,0,0,161,-115,-77,-193,-155,-97,-39,86,-180,-89
2319,4,4,-33,-81,-62,-186,220,-184,-106,29,-137,-51
2320,9,9,-123,40,-60,-137,98,-54,-197,-12,-26,111
2321,6,6,88,-191,-160,-134,-24,-17,282,-235,0,-155
2322,5,5,-58,-136,-178,-20,-103,199,-20,-78,-57,73
2323,9,9,-122,-67,-81,-37,39,-49,-242,34,-47,183
2324,1,1,-60,235,-121,-321,114,-94,-111,-50,-127,-125
2325,7,7,-91,111,99,8,-73,-107,-183,130,-134,-149
2326,0,0,71,15,-203,-194,-132,64,44,-14,-45,-169
2327,2,2,-83,42,172,83,-294,-280,-297,136,29,-101
2328,0,0,164,-116,-83,-151,-135,-91,-20,-13,-25,-59
2329,0,0,183,-109,158,-107,-11,-262,-194,-2,-166,-59
2330,4,4,-106,3,-135,-259,264,-60,-102,-22,-137,-34
2331,6,6,73,-71,-142,-209,-6,36,193,-149,-105,-151
2332,7,7,-110,-5,-15,-46,-39,-106,-254,201,-111,43
2333,0,0,114,-85,-15,-123,-101,-79,-96,76,-109,-22
2334,7,7,-66,61,20,-138,57,-177,-186,135,-53,-107
2335,1,1,-93,266,-118,-323,122,-114,-141,-42,-102,-114
2336,4,4,-147,83,-159,-270,313,-135,-183,0,-147,-78
2337,6,6,52,-244,-164,-173,-61,39,289,-180,14,-129
2338,4,4,-192,2,-33,-63,223,-164,-265,111,-130,-39
2339,5,5,-52,-70,-129,-61,-80,129,-43,-2,52,-11
2340,4,4,-182,34,-123,-282,406,-160,-231,11,-178,-96
2341,9,9,-10,-148,-118,-102,41,-42,-143,70,-153,142
2342,9,9,-147,-85,-63,-12,54,-81,-264,70,-14,187
2343,1,1,-59,227,-57,-258,6,-143,-178,68,-110,-132
2344,7,7,-188,81,-64,-81,-4,-154,-293,245,-106,-4
2345,9,7,-81,-79,-64,-19,23,-78,-217,109,-5,104
2346,5,5,-84,-195,-190,-65,-147,287,13,-89,-53,46
2347,3,3,-253,41,-33,245,-82,-46,-270,100,-90,-44
2348,3,3,-223,-5,-62,213,-104,-40,-265,68,-52,20
2349,8,8,-50,-143,-44,-8,-110,-71,-84,-43,258,2
2350,2,2,-13,53,219,-35,-79,-166,-117,8,-102,-197
2351,3,3,-22,-20,56,82,-56,-57,-94,1,-186,-129
2352,6,6,35,-168,-130,-151,-59,40,231,-119,-9,-138
2353,2,2,24,44,268,23,-180,-337,-215,51,-95,-226
2354,2,2,-16,77,242,-38,-162,-284,-227,65,-22,-188
2355,1,1,-29,249,-158,-290,106,-87,-32,-102,-121,-234
2356,1,1,-103,247,-124,-302,134,-81,-117,-73,-82,-98
2357,1,1,-46,291,-103,-346,113,-143,-120,-24,-154,-223
2358,1,1,-65,136,-151,-154,127,-15,-16,-81,-137,-160
2359,1,1,-31,256,-94,-341,85,-118,-96,-40,-118,-178
2360,6,6,58,-136,-167,-127,-29,37,219,-154,-62,-116
2361,9,4,-25,-50,-65,-142,102,-123,-130,25,-61,45
2362,8,1,-51,131,-107,-200,-12,-125,-111,-80,87,-72
2363,4,4,-197,104,-211,-296,331,-124,-231,114,-166,-154
2364,3,3,-170,10,-80,199,-103,14,-201,68,-128,-25
2365,7,7,-90,17,-66,-121,35,-84,-185,187,-95,-51
2366,1,1,-55,265,-81,-321,96,-160,-165,6,-169,-162
2367,6,6,74,7,-173,-315,35,4,213,-258,-128,-207
2368,4,4,-157,77,-71,-180,288,-121,-166,66,-153,-211
2369,5,3,-79,-24,-151,55,-57,37,-27,3,-19,-60
2370,0,0,149,-160,-104,-86,-45,-49,-33,-16,-149,62
2371,4,4,-137,-92,8,-83,300,-197,-250,-32,-78,46
2372,7,7,-68,-46,-31,-90,-78,-144,-289,249,-116,59
2373,4,4,-122,126,-141,-307,302,-132,-155,38,-146,-196
2374,2,2,-21,24,126,-29,-199,-170,-182,96,20,-84
2375,4,4,-135,-49,-29,-106,256,-56,-118,35,-210,-105
2376,0,0,227,-117,-65,-256,-172,-100,28,-92,-60,-149
2377,7,7,-94,80,-10,-40,-12,-202,-302,169,-82,-19
2378,0,0,154,-148,-154,-28,-148,19,37,-35,-72,-20
2379,1,1,-36,296,-96,-348,103,-134,-118,-39,-159,-217
2380,9,9,25,-121,-145,-140,0,-22,-164,110,-238,111
2381,8,7,-59,-2,11,9,-89,-173,-218,108,59,19
2382,8,2,-3,-56,172,30,-171,-206,-164,25,74,-83
2383,6,6,42,-78,-226,-245,33,37,256,-226,-129,-146
2384,0,7,88,-6,14,-105,-97,-93,-171,113,-186,-35
2385,0,0,192,-127,-46,-217,-37,-153,-17,-24,-129,-108
2386,4,4,-149,160,-83,-311,258,-168,-215,114,-227,-192
2387,9,1,-146,143,-56,-180,79,-86,-210,19,-52,48
2388,6,6,12,-45,-164,-129,27,27,203,-165,-56,-232
2389,8,8,-7,-157,11,49,-110,-110,-69,-50,196,1
2390,2,2,-52,109,210,-20,-245,-303,-289,131,-12,-161
2391,2,2,5,85,217,-85,-86,-257,-171,29,-66,-181
2392,3,3,-70,-29,29,150,-171,-91,-273,92,-124,-21
2393,8,8,-74,-123,-44,15,96,-74,-63,-114,174,-37
2394,4,4,-98,-48,-26,-109,223,-59,-121,1,-80,-10
2395,8,0,126,-125,38,-185,28,-174,26,-140,18,-117
2396,2,2,98,-33,231,-126,-45,-154,-116,-35,-137,-97
2397,2,2,-59,-5,189,23,-301,-201,-267,120,45,-90
2398,1,1,-77,231,-151,-285,128,-64,-97,-95,-84,-107
2399,7,7,-152,63,59,-41,-67,-213,-369,291,-172,-37
2400,5,5,-89,-63,-137,-32,-55,127,-77,46,-108,46
2401,4,4,-130,45,-140,-297,333,-119,-154,-2,-151,-100
2402,4,4,-155,91,-166,-286,268,-63,-137,-22,-145,-77
2403,0,0,130,-134,-178,-102,-124,19,-2,19,-132,-43
2404,4,4,-1,16,-79,-247,214,-66,-24,-101,-195,-55
2405,3,3,-45,33,56,105,-116,-108,-250,96,-148,-67
2406,9,1,-40,104,-89,-228,98,-132,-145,-26,-50,-30
2407,7,7,-183,44,-25,-71,-30,-172,-329,293,-154,0
2408,3,9,-47,-95,-167,37,45,-22,-94,22,-36,53
2409,1,1,-56,276,-31,-292,80,-222,-180,27,-139,-188
2410,0,0,132,35,-39,-237,-131,-98,-139,123,-192,-166
2411,1,1,-21,261,-92,-334,78,-97,-61,-78,-110,-204
2412,2,2,-48,115,197,-79,-68,-191,-147,46,-59,-208
2413,5,5,-70,-45,-234,-20,-115,196,-95,61,-179,16
2414,9,4,-35,35,-93,-224,117,-125,-139,41,-89,-17
2415,2,2,89,46,218,-148,-20,-233,-109,-10,-122,-215
2416,1,1,-49,227,-166,-267,97,-51,-28,-93,-81,-185
2417,0,0,89,-104,-92,-137,61,-163,38,-52,-110,-84
2418,1,1,-66,278,-117,-335,122,-149,-95,-31,-119,-232
2419,8,8,-48,-96,6,37,-116,-89,-48,-52,171,-48
2420,9,9,-39,-160,-44,-5,3,-87,-182,29,-30,176
2421,1,1,-132,215,-86,-278,119,-106,-186,-4,-109,-34
2422,6,6,-2,-28,-187,-219,34,-3,85,-43,-109,-88
2423,8,8,-41,-100,55,42,-114,-133,-183,54,122,36
2424,3,3,-182,5,-94,225,-138,43,-203,48,-114,-25
2425,8,3,-86,-9,-51,122,-97,-130,-177,56,78,-9
2426,9,4,-106,17,-71,-106,115,-120,-217,93,-75,31
2427,3,3,-248,1,-67,319,-172,-44,-230,35,13,-54
2428,6,6,80,-162,-217,-204,-56,41,325,-275,-25,-193
2429,2,2,6,80,146,-55,-129,-209,-141,36,-23,-138
2430,8,8,-30,-80,1,-35,-12,-72,-10,-96,146,-46
2431,3,3,-85,-56,92,176,-90,-121,-263,83,-214,-90
2432,2,2,-39,91,196,-53,-147,-200,-199,100,-62,-147
2433,2,2,-22,95,114,-128,-49,-105,-102,-27,-8,-81
2434,1,1,-126,257,-71,-208,22,-105,-186,20,-91,-82
2435,0,0,182,-123,-46,-70,-117,-101,-20,-42,-86,-34
2436,4,4,-80,-74,-104,-136,218,-47,-110,86,-249,-78
2437,2,2,-53,116,170,-139,-5,-190,-117,52,-78,-251
2438,9,7,-112,23,-69,-160,71,-82,-220,98,-85,89
2439,2,2,-31,132,308,-47,-196,-321,-238,71,-66,-281
2440,4,4,-174,-5,-110,-178,299,-130,-213,23,-107,-7
2441,3,3,-159,2,-10,162,-131,-84,-298,74,-48,38
2442,7,7,-91,-4,56,-35,-79,-161,-315,264,-138,-41
2443,9,9,-111,-29,-47,-75,78,-99,-248,96,-44,101
2444,1,1,-74,187,-96,-254,108,-69,-82,-47,-95,-89
2445,5,5,-102,-116,-195,-122,-61,186,-20,-26,19,35
2446,2,2,1,70,330,-85,-202,-287,-164,33,-65,-239
2447,4,4,-59,36,-75,-230,161,-105,-137,23,-132,6
2448,9,7,-93,-29,-77,-65,71,-149,-251,89,15,77
2449,0,0,122,56,-95,-295,-100,-58,-17,-25,-138,-142
2450,3,3,-159,37,-52,141,-62,19,-137,32,-96,-58
2451,8,8,-110,-70,30,80,-155,-129,-215,37,174,19
2452,5,5,-117,-130,-213,-18,-102,266,-55,-29,-128,55
2453,3,3,-165,-29,-36,209,-100,-98,-286,67,-24,32
2454,6,5,64,-98,-210,-86,-157,104,42,15,-53,-53
2455,0,0,151,-108,3,-181,-17,-109,105,-136,-118,-119
2456,9,9,-132,-33,-80,-58,76,-93,-248,85,-25,141
2457,4,4,-104,108,-158,-278,190,-111,-109,2,-83,-104
2458,6,6,48,-153,-197,-156,-10,39,293,-243,-52,-153
2459,2,2,-40,25,198,-91,-151,-176,-170,117,-9,-125
2460,5,5,-131,-167,-225,-69,2,230,47,-135,-68,95
2461,0,0,159,-18,-57,-258,-143,-91,-84,76,-189,-140
2462,2,0,201,-204,33,-145,4,-143,39,-165,-54,-31
2463,7,7,-60,83,-13,-146,-2,-156,-226,171,-96,-31
2464,4,4,-105,-69,-185,-236,244,-7,-82,33,-292,-1
2465,6,6,66,-155,-212,-171,-26,53,280,-222,-84,-124
2466,6,6,7,-120,-55,-95,-15,21,169,-121,2,-86
2467,8,8,-36,-103,-41,-4,-83,-100,-117,-41,212,30
2468,6,6,74,-170,-146,-154,-17,16,273,-224,-67,-147
2469,6,6,72,8,-174,-284,48,-56,145,-154,-141,-161
2470,8,8,-69,-140,100,95,-151,-161,-226,49,143,30
2471,6,6,49,-91,-135,-180,-6,28,253,-225,-74,-186
2472,9,4,-62,16,-115,-139,89,-119,-175,49,-45,46
2473,1,1,-34,252,-154,-324,116,-47,-58,-117,-116,-182
2474,7,7,-33,128,66,-145,-40,-267,-303,212,-137,-123
2475,2,2,-65,74,208,12,-253,-276,-213,58,70,-161
2476,5,5,-14,-80,-187,32,-125,134,4,-49,-75,3
2477,9,9,-78,-126,-117,-101,104,-40,-177,-16,-63,191
2478,9,9,-180,-72,-96,-106,154,-36,-276,20,-48,210
2479,0,7,66,-99,-15,-104,-25,-139,-136,95,-127,24
2480,7,7,-34,89,43,-106,-9,-173,-239,147,-129,-61
2481,2,2,8,19,221,70,-258,-298,-234,81,-48,-159
2482,7,7,-161,76,6,-83,-10,-221,-352,267,-115,-1
2483,6,6,20,-137,-157,-170,-19,36,264,-225,-12,-127
2484,7,7,-149,99,-91,-138,55,-97,-196,142,-86,-20
2485,0,0,164,-134,-111,-66,-123,-48,-35,22,-128,0
2486,6,6,80,-144,-153,-191,-23,15,281,-216,-73,-170
2487,5,5,-85,-84,-191,-130,-75,188,-38,-11,-23,29
2488,2,7,0,87,-30,-239,49,-124,-135,98,-128,-96
2489,4,4,-106,-108,-77,-193,245,-113,-198,88,-229,70
2490,7,7,-76,111,-50,-153,36,-126,-180,119,-92,-53
2491,2,2,-5,44,186,-22,-57,-188,-217,82,-169,-154
2492,0,0,144,-79,-60,-199,-6,-220,-92,1,-86,-72
2493,9,9,-92,-117,-123,-31,61,-32,-189,5,-39,164
2494,9,9,-112,-89,-39,-40,61,-69,-247,89,-46,147
2495,2,2,-10,33,227,9,-110,-248,-214,45,-57,-137
2496,2,2,-185,124,191,118,-204,-186,-304,119,-19,-150
2497,9,9,-81,-114,-177,-101,47,27,-118,10,-20,143
2498,4,4,-171,-32,-116,-154,243,-36,-128,-16,-93,46
2499,4,4,-157,11,-112,-211,315,-50,-142,-5,-174,-77
2500,2,2,-25,29,171,34,-188,-186,-181,69,-31,-102
2501,3,3,-175,-30,-68,286,-166,-29,-300,60,-100,-8
2502,3,3,-162,2,-52,273,-163,-85,-262,58,-18,-25
2503,2,2,56,27,281,-110,-37,-252,-197,55,-147,-223
2504,1,1,-99,158,-70,-199,88,-62,-124,-25,-60,-22
2505,7,7,-122,-19,-101,-178,17,-166,-300,344,-169,12
2506,0,0,175,-158,-63,-165,-27,-61,15,-76,-190,-34
2507,7,7,-104,68,67,40,-76,-214,-286,194,-87,-70
2508,6,6,34,-78,-107,-74,-11,26,123,-100,-69,-50
2509,4,4,-83,-11,-116,-165,202,-79,-77,-17,-64,-29
2510,1,1,-85,253,-106,-275,97,-139,-102,-24,-72,-192
2511,3,3,-260,60,-73,259,-71,-55,-227,112,-89,-114
2512,8,8,43,-122,-46,-9,-96,-56,-47,-36,92,-8
2513,7,7,-72,57,99,-125,-31,-226,-214,211,-57,-164
2514,4,4,-99,111,-156,-272,180,-60,-93,-68,-119,-37
2515,5,5,20,-213,-160,-162,-119,185,121,-133,-24,24
2516,9,9,-30,-127,-31,-34,3,-105,-168,29,-52,153
2517,2,2,-27,5,197,124,-201,-280,-199,53,-38,-174
2518,5,5,-51,-149,-196,-74,-90,219,-4,-38,-112,58
2519,1,1,-70,211,-103,-241,98,-109,-107,-12,-104,-131
2520,8,8,-16,-33,-109,-96,-34,-43,3,-132,124,-34
2521,7,7,-7,-15,-44,-129,61,-204,-268,194,-153,-33
2522,3,3,-219,17,-98,236,-71,-1,-162,52,-77,-79
2523,7,7,-106,79,-72,-173,72,-73,-147,150,-117,-83
2524,1,1,-79,262,-111,-262,101,-139,-126,8,-137,-198
2525,5,5,-84,-106,-241,-5,-101,229,18,-107,-67,15
2526,5,5,-90,-56,-181,15,-92,206,-57,-67,-111,60
2527,0,0,134,-104,-84,-158,-8,-57,-39,-29,-245,-12
2528,9,9,6,-81,-99,-138,63,-78,-72,-62,-66,98
2529,1,1,-29,281,-138,-347,123,-118,-73,-72,-160,-243
2530,4,4,-86,59,-147,-283,249,-82,-91,-67,-145,-38
2531,0,0,173,-114,-137,-113,-174,28,13,-16,-95,-68
2532,6,6,7,8,-73,-105,19,12,101,-118,-35,-112
2533,3,3,-122,49,-47,117,-134,-11,-190,44,-54,-35
2534,3,3,-186,-3,-231,213,-111,110,-101,29,-82,-93
2535,6,6,29,-100,-316,-213,-40,1,163,-59,-35,-151
2536,0,0,144,-164,-68,-146,3,-141,-91,-9,-143,12
2537,4,4,-130,131,-142,-245,230,-108,-136,4,-106,-105
2538,9,9,-126,-128,-116,-2,38,-90,-267,73,2,199
2539,7,7,-77,3,49,23,-17,-171,-236,174,-79,-21
2540,5,5,-82,-59,-206,-20,-48,167,-55,33,-165,34
2541,1,1,-85,242,-115,-315,121,-87,-114,-41,-147,-123
2542,6,6,80,-126,-143,-153,-73,11,175,-126,-73,-54
2543,8,8,-4,-47,-49,-82,-61,-80,-50,-100,135,-40
2544,9,7,-26,-101,-59,-31,-6,-48,-142,101,-61,66
2545,5,5,-97,-82,-182,4,-141,232,-86,-34,-19,25
2546,5,5,9,-149,-220,-147,-127,190,98,-69,-5,-44
2547,7,7,-101,23,139,33,-75,-243,-338,259,-143,-102
2548,9,4,-96,20,-92,-161,156,-120,-222,45,-141,55
2549,3,3,-199,10,-49,241,-130,-164,-352,76,18,45
2550,8,8,67,-117,-44,-116,-170,-65,8,-33,130,-93
2551,3,3,-155,-80,-161,194,-174,61,-169,-32,112,28
2552,8,8,-66,-46,-17,38,-103,-123,-175,36,148,30
2553,1,1,-60,241,-148,-283,107,-80,-72,-59,-129,-176
2554,5,5,-134,-127,-243,-23,-71,274,-5,-62,-56,27
2555,3,3,-200,10,-63,230,-134,-9,-281,104,-201,-56
2556,5,5,-87,-97,-222,69,-194,247,-78,-7,-102,9
2557,0,0,195,-34,-56,-239,-101,-83,1,-38,-169,-163
2558,5,5,-80,-89,-221,-49,-128,249,-6,-132,-36,54
2559,5,5,-103,-25,-223,-3,-59,210,-47,-85,-102,65
2560,3,3,-56,28,-115,70,-37,46,-7,-80,-91,-76
2561,8,8,-23,-87,-60,-42,-80,-100,-76,-81,192,23
2562,6,6,72,-66,-165,-266,33,8,225,-225,-98,-190
2563,7,7,-124,68,61,-56,-59,-189,-338,268,-149,-48
2564,7,7,-69,95,-14,-85,-55,-211,-292,173,-78,-19
2565,7,7,-171,36,23,-26,-98,-162,-366,306,-176,-26
2566,3,3,-175,-12,-25,241,-204,-128,-254,27,74,-6
2567,7,7,-161,76,-2,-68,-15,-186,-334,252,-142,-1
2568,0,0,165,-110,-93,-50,-124,-23,-49,22,-141,-14
2569,5,5,-54,-96,-181,-23,-91,155,-63,36,-121,38
2570,9,9,-93,-84,-73,-89,1,-64,-184,86,-20,138
2571,0,0,109,20,-55,-180,-70,-68,-43,-2,-88,-103
2572,2,2,76,61,195,-154,11,-237,-164,-2,-150,-168
2573,5,5,-91,35,-205,-141,-107,137,-70,-66,18,14
2574,5,5,-5,-49,-155,-12,-117,92,-50,90,-87,-41
2575,3,3,-226,-14,-65,320,-205,-80,-327,41,6,27
2576,1,1,-63,156,-67,-189,62,-85,-99,10,-87,-71
2577,7,7,-91,119,-24,-136,12,-141,-215,156,-84,-56
2578,7,7,-33,111,102,-95,-78,-233,-300,178,-138,-102
2579,8,8,-53,-76,35,6,-112,-159,-155,-39,229,-11
2580,6,6,37,-77,-186,-208,-13,42,239,-196,-47,-197
2581,5,5,-121,-97,-220,-68,-55,216,-55,-60,-30,77
2582,9,7,-19,-2,-69,-102,-12,-37,-166,106,-194,-20
2583,3,3,-218,-18,-75,253,-112,-36,-246,33,20,23
2584,8,8,24,-163,-82,-38,-157,-1,90,-102,152,-59
2585,9,9,-122,-72,-58,-53,78,-103,-261,121,-87,130
2586,5,5,-56,-163,-262,-33,-128,256,58,-81,-73,-6
2587,3,3,-105,-18,-121,205,-134,32,-142,17,-23,-26
2588,7,7,-126,-52,-142,-70,-36,-56,-218,287,-191,25
2589,9,9,28,-201,-126,-87,-42,-54,-147,93,-182,119
2590,1,1,-23,283,-113,-374,117,-119,-109,-57,-169,-213
2591,7,7,-136,71,34,-41,-82,-182,-348,257,-120,-23
2592,0,0,183,-78,39,-188,-44,-240,-124,42,-162,-92
2593,0,0,107,-132,-74,-121,-39,-141,-125,-6,-102,55
2594,3,3,-242,43,-110,247,-88,4,-167,76,-130,-132
2595,7,7,-162,18,-42,-91,-16,-161,-311,286,-137,29
2596,2,2,-22,123,212,-130,-55,-272,-226,130,-151,-233
2597,5,5,-89,-34,-38,83,-142,99,-122,-14,-15,-9
2598,8,1,-66,120,-79,-161,0,-147,-72,-34,26,-132
2599,1,1,-32,271,-92,-328,70,-114,-93,-65,-93,-185
2600,8,8,-76,15,-115,-73,-10,-88,-48,-104,186,-84
2601,6,6,82,-153,-111,-161,-121,27,211,-150,-11,-97
2602,2,2,-18,117,266,-93,-118,-244,-237,112,-143,-202
2603,9,9,-132,-88,-65,-57,58,-81,-249,80,24,163
2604,5,5,-101,-7,-167,7,-58,160,-67,3,-146,37
2605,7,7,-136,19,-89,-71,-10,-67,-197,214,-112,9
2606,5,5,-84,-101,-171,-79,-102,227,-39,-19,-139,43
2607,7,1,-107,135,82,-174,67,-220,-198,118,-50,-244
2608,8,8,-8,8,-89,-147,-42,-47,-41,-71,90,-26
2609,6,6,32,-89,-141,-128,-38,68,131,-38,-81,-161
2610,2,2,-72,-28,226,94,-303,-273,-259,101,85,-108
2611,5,5,-25,-125,-183,-36,-108,164,11,-62,-12,21
2612,1,1,-85,240,-116,-224,95,-77,-111,-65,-65,-123
2613,4,4,-162,97,-125,-298,346,-158,-217,66,-184,-184
2614,8,8,-39,-62,-38,-65,-78,-123,-86,-108,232,-43
2615,4,4,-133,111,-143,-280,318,-126,-149,1,-136,-173
2616,5,5,-78,-42,-101,-6,-75,155,-6,-75,-54,2
2617,8,8,-5,-31,-2,-77,-103,-52,-50,-4,94,-21
2618,3,3,-208,-57,-259,270,-157,178,-129,-7,-109,-34
2619,0,0,127,14,-43,-298,-20,-214,-163,58,-205,-81
2620,6,6,57,-147,-269,-203,0,59,301,-303,-48,-163
2621,2,2,98,-19,251,-116,19,-242,-133,-21,-190,-205
2622,7,7,-93,32,14,-59,34,-137,-193,194,-86,-68
2623,3,3,-252,-9,-102,248,-120,50,-189,103,-144,-79
2624,3,3,-169,50,-100,189,-167,-55,-233,32,-4,10
2625,2,2,-22,112,238,-75,-170,-286,-256,132,-93,-182
2626,1,1,-33,255,-172,-340,116,-59,-29,-118,-124,-208
2627,0,0,122,-145,-204,-105,-180,47,-46,66,-56,-62
2628,7,7,-104,46,97,25,-48,-214,-287,217,-119,-75
2629,3,3,-133,-68,-159,218,-144,88,-152,-44,22,28
2630,4,4,-193,-11,-157,-99,238,-81,-183,57,-151,3
2631,0,0,119,-24,-108,-273,10,-43,55,-96,-208,-115
2632,3,3,-232,-14,-50,240,-145,4,-280,84,-17,-11
2633,9,9,-35,-159,-84,-48,-9,-13,-154,25,-46,143
2634,3,3,-235,25,-113,223,-78,-38,-302,68,-110,37
2635,2,2,-38,53,220,-57,-75,-106,-97,22,-62,-193
2636,8,8,4,-122,-73,-47,-100,8,-40,27,115,-49
2637,9,9,-105,-142,-6,-15,105,-78,-245,42,-90,186
2638,0,0,177,-154,-160,-90,-96,-9,39,-36,-141,-7
2639,3,3,-199,-58,-177,245,-68,75,-153,-38,-10,27
2640,8,8,-19,-66,-30,-56,-78,-105,-67,-76,168,-6
2641,0,0,162,-149,-166,-152,-186,63,42,42,-100,-105
2642,7,7,-67,126,-103,-282,39,-125,-221,192,-172,-79
2643,6,6,11,-61,-180,-216,69,-5,240,-248,-31,-182
2644,5,5,-55,-133,-176,-62,-116,229,9,-79,-55,36
2645,4,4,-117,60,-117,-159,189,-71,-115,6,-67,-64
2646,7,7,-158,88,12,-31,-83,-163,-348,253,-126,-27
2647,3,3,-146,-16,-56,231,-153,-23,-232,62,-104,-37
2648,9,7,-1,-67,-154,-45,-20,17,-89,68,-120,-1
2649,0,0,225,-207,-13,-136,-41,-166,23,-131,-58,-47
2650,8,8,-20,-35,-34,-54,-46,-49,-22,-40,111,-34
2651,6,6,65,-77,-260,-209,-69,66,219,-185,-40,-209
2652,2,2,-64,79,233,-11,-278,-228,-229,112,-42,-155
2653,5,5,-101,-81,-251,-20,-122,271,-41,-26,-51,-34
2654,6,1,11,158,-125,-243,59,-47,58,-177,-71,-204
2655,1,1,-75,279,-118,-317,126,-150,-97,-37,-114,-228
2656,0,7,104,-94,-174,-129,-168,5,-98,165,-161,-45
2657,0,0,192,-176,-68,-55,-114,-63,-40,-50,-97,-1
2658,4,4,-70,116,-182,-324,256,-59,-30,-113,-128,-160
2659,4,4,-102,164,-190,-295,171,-85,-105,-1,-71,-156
2660,0,7,110,-55,-50,-88,-118,-59,-114,114,-127,-41
2661,1,1,-55,281,-132,-312,104,-134,-98,-37,-118,-219
2662,2,2,107,-9,258,-176,-22,-199,-39,-103,-113,-205
2663,3,3,-184,32,-97,267,-198,-7,-235,21,-37,-23
2664,2,2,3,53,239,47,-114,-288,-169,14,-118,-240
2665,7,7,-75,55,140,-17,-88,-210,-253,194,-93,-96
2666,7,7,-170,32,-1,27,-31,-136,-290,225,-135,-13
2667,8,8,-42,-157,-83,-84,-170,100,39,-81,178,-15
2668,5,5,3,-174,-228,-88,-91,151,-5,25,-120,58
2669,2,2,4,98,287,-98,-90,-246,-220,79,-153,-218
2670,5,5,-8,-48,-153,-42,-173,148,-64,68,-87,-52
2671,7,7,-76,-16,64,10,-110,-186,-292,169,-8,-5
2672,6,6,37,13,-185,-271,-31,-3,96,-55,-141,-112
2673,9,9,-135,-14,-73,-63,67,-39,-222,2,-30,160
2674,1,1,-90,206,-79,-240,96,-95,-131,-26,-72,-64
2675,4,4,-138,14,-130,-255,336,-59,-97,12,-174,-187
2676,1,1,-59,236,-87,-253,81,-140,-106,-4,-92,-176
2677,6,6,35,-132,-256,-187,28,53,294,-267,-68,-175
2678,4,4,-135,101,-82,-201,187,-115,-179,50,-114,-62
2679,2,2,58,-3,352,-98,-185,-279,-186,53,-106,-227
2680,4,4,-149,-8,-58,-154,272,-107,-172,-5,-111,-11
2681,3,3,-203,-20,-49,223,-59,-35,-236,71,-88,-21
2682,5,5,-106,-136,-204,-9,-97,250,-11,-30,-121,9
2683,4,4,-127,60,-159,-266,241,-95,-136,-29,-97,-8
2684,3,3,-26,-37,-9,116,-112,-63,-191,44,-66,31
2685,9,9,-183,-2,-62,-99,121,-67,-279,21,-21,167
2686,5,5,4,-137,-191,-13,-176,174,10,2,2,-62
2687,0,0,145,-98,-100,-112,-156,-29,-53,73,-118,-47
2688,1,1,-85,251,-109,-288,114,-86,-106,-63,-86,-123
2689,5,5,-39,-18,-74,-5,-33,83,-24,-1,-88,10
2690,3,3,-182,-46,-68,220,-106,-24,-181,-8,48,30
2691,8,8,-39,-96,-74,35,-65,-30,-52,-80,162,21
2692,9,9,-108,-31,-51,-66,85,-94,-225,89,-40,91
2693,1,1,-27,277,-150,-337,109,-90,-54,-90,-139,-244
2694,9,9,-31,-51,-69,-59,1,-28,-135,29,-46,92
2695,7,7,-137,-17,0,-1,4,-35,-159,177,-191,-30
2696,9,9,-10,-91,-68,-60,9,-87,-134,14,-43,107
2697,5,5,-93,-32,-70,-17,-86,143,-58,-49,-29,27
2698,5,5,-76,-29,-238,-82,-42,156,-20,-62,6,17
2699,2,2,28,31,106,-135,10,-109,-17,-53,-8,-133
2700,7,7,-145,39,50,-29,-103,-162,-344,261,-138,-5
2701,4,4,-111,101,-103,-277,254,-126,-190,54,-171,-132
2702,6,6,42,-79,-220,-244,55,-6,172,-66,-211,-187
2703,0,0,109,-66,-151,-50,-55,4,-5,-8,-125,-43
2704,1,1,-42,231,-76,-263,52,-94,-96,-30,-78,-136
2705,1,1,-51,209,-139,-230,95,-48,-68,-98,-80,-126
2706,1,1,-60,190,-87,-213,70,-61,-64,-62,-45,-106
2707,0,0,208,-137,-40,-189,-170,-74,1,-24,-80,-83
2708,4,4,-144,48,-90,-214,233,-23,-104,-62,-81,-24
2709,4,4,-127,61,-51,-188,252,-79,-116,-26,-130,-106
2710,7,7,-137,34,36,4,-102,-128,-311,207,-101,5
2711,6,6,-5,-137,-262,-84,-16,59,202,-51,-110,-166
2712,3,3,-226,64,-64,221,-102,-56,-283,83,-93,-20
2713,0,0,139,18,-120,-284,-58,-123,-18,-63,-100,-151
2714,0,0,169,-154,-48,-114,-80,-159,-39,-7,-110,-20
2715,4,4,-172,121,-89,-220,279,-160,-233,84,-187,-148
2716,3,3,-78,-51,8,184,-98,-141,-270,76,-61,-2
2717,0,0,203,-140,-18,-91,-125,-98,-115,51,-169,-30
2718,6,6,88,48,-201,-374,98,-88,156,-182,-201,-246
2719,1,1,-19,251,-144,-416,99,-96,2,-115,-117,-270
2720,9,4,-95,102,-139,-290,186,-127,-204,47,-155,-17
2721,6,6,-4,-116,-41,-186,-24,42,134,-110,45,-96
2722,1,1,-79,207,-106,-242,96,-64,-96,-60,-55,-90
2723,3,3,-254,76,-1,259,-116,-127,-306,133,-72,-79
2724,8,8,-15,-29,-53,-100,-69,-7,33,-102,99,-58
2725,1,1,-71,298,-102,-326,125,-163,-111,-22,-140,-260
2726,2,2,47,10,196,-59,-66,-198,-179,52,-135,-118
2727,5,5,-78,-123,-262,-91,-100,272,21,-57,-104,24
2728,6,6,41,-149,-289,-228,20,-19,254,-124,-93,-189
2729,2,2,3,53,218,-49,-63,-215,-176,63,-125,-182
2730,7,4,-90,82,16,-156,146,-119,-125,84,-86,-192
2731,3,3,-215,-6,-59,244,-109,20,-184,88,-171,-94
2732,6,6,-2,-20,-150,-129,29,51,154,-191,-61,-131
2733,0,0,206,36,-72,-325,-144,-127,-55,-17,-184,-204
2734,1,1,-48,287,-117,-324,67,-143,-52,-88,-87,-259
2735,9,7,-21,-68,-45,-79,-6,-107,-181,127,-77,73
2736,7,7,-14,-40,40,-48,-77,-118,-199,164,-52,-32
2737,6,6,85,-42,-188,-273,-7,-20,206,-153,-111,-193
2738,6,6,78,-128,-274,-157,-66,42,257,-183,-87,-178
2739,8,8,-8,62,-97,-176,-2,-115,-12,-98,64,-111
2740,9,4,-77,92,-33,-176,93,-148,-231,77,-159,3
2741,2,2,61,91,221,-171,-12,-256,-152,29,-160,-231
2742,9,7,28,-99,-42,-35,-17,-63,-134,63,-72,47
2743,5,5,-16,-43,-123,-143,-38,62,47,-106,25,3
2744,8,8,-19,-88,-6,9,-101,-143,-122,-8,166,-7
2745,3,3,-275,52,28,339,-234,-136,-369,121,-58,-79
2746,1,1,-73,298,-96,-359,119,-176,-120,-38,-110,-225
2747,0,0,154,-132,-162,-91,-125,-27,-41,55,-110,-79
2748,0,0,117,-62,-37,-90,-112,-31,-64,68,-123,-44
2749,7,7,-195,-40,-95,-46,20,-71,-267,272,-203,48
2750,6,6,89,-40,-224,-269,-111,38,151,-177,-51,-138
2751,6,6,90,-37,-150,-262,-4,23,206,-166,-122,-261
2752,2,2,66,-36,221,-46,-25,-240,-103,-29,-123,-192
2753,1,1,-86,289,-132,-343,85,-165,-81,-63,-57,-245
2754,6,0,104,-71,-98,-264,61,-105,73,-37,-225,-145
2755,9,7,-128,9,-90,-135,103,-131,-264,119,-37,81
2756,3,3,-74,11,-86,150,-106,44,-120,6,-132,-56
2757,1,1,-63,254,-123,-298,117,-81,-78,-87,-88,-154
2758,8,0,104,-209,-60,-1,-144,-46,-40,-19,82,-1
2759,6,6,67,-121,-140,-181,-12,13,254,-196,-73,-163
2760,9,4,-35,53,-114,-195,98,-113,-137,13,-104,-14
2761,0,0,189,-171,-49,-210,7,-134,42,-121,-177,-42
2762,6,6,77,-97,-206,-192,-27,22,212,-223,-71,-118
2763,0,0,189,-123,-76,-110,-176,-11,-46,24,-116,-65
2764,0,0,171,-22,-49,-277,-97,-161,-128,64,-177,-116
2765,0,0,220,-199,-26,-125,-126,-125,-75,-1,-114,-10
2766,6,6,46,-93,-153,-127,-29,22,185,-156,-23,-109
2767,3,3,-197,26,-20,232,-125,-103,-316,84,-77,8
2768,5,5,-155,-66,-164,-3,-167,264,-119,-70,-51,65
2769,9,7,-21,-15,-140,-213,21,-120,-157,99,-29,11
2770,3,3,-119,-33,-49,136,-43,-5,-100,83,-109,-93
2771,4,4,-107,85,-117,-214,167,-103,-172,22,-108,-3
2772,5,5,-32,-8,-241,-99,-41,134,27,-27,-50,-49
2773,5,5,-158,-84,-252,51,-140,297,-76,-58,-87,42
2774,8,8,-127,-89,94,-18,-218,-6,-95,-27,234,-37
2775,5,5,-76,-63,-174,5,-114,164,28,-122,-46,-2
2776,3,3,-220,24,-12,264,-194,-161,-290,55,66,-17
2777,0,0,170,-6,-22,-237,-67,-165,3,-46,-134,-152
2778,4,4,-7,98,-107,-296,212,-100,-45,-40,-197,-177
2779,0,0,162,-124,-65,-60,-129,-104,-91,32,-109,0
2780,2,2,-11,-52,170,40,-55,-168,-268,121,-156,-101
2781,9,7,-122,-49,-74,-122,90,-94,-276,149,-104,122
2782,6,6,56,-109,-249,-142,-33,44,210,-185,-37,-104
2783,8,8,-33,-61,49,-71,-161,-58,-69,-36,151,5
2784,2,2,44,113,200,-199,-11,-263,-191,97,-180,-222
2785,3,3,-245,-24,-124,305,-174,18,-253,52,-27,-13
2786,1,1,-31,193,-78,-230,68,-70,-63,-43,-80,-124
2787,2,2,19,43,271,-69,-71,-213,-244,89,-173,-200
2788,1,1,-33,223,-102,-268,68,-99,-65,-41,-87,-171
2789,1,1,-106,335,-95,-336,119,-191,-130,-54,-89,-242
2790,5,5,-131,-103,-230,-34,-178,292,-120,-12,-38,21
2791,6,6,109,-167,-272,-192,-72,-38,311,-228,-38,-171
2792,9,9,-104,-67,-72,-21,43,-83,-236,75,-4,126
2793,8,8,7,-37,-31,-64,-32,-90,-23,-42,86,-27
2794,0,0,85,-1,-73,-154,-73,-43,-69,65,-140,-65
2795,6,6,73,-204,-153,-134,-81,32,304,-247,-14,-144
2796,6,6,58,-32,-183,-224,14,23,155,-175,-110,-131
2797,5,5,-52,-136,-203,-83,-111,168,-37,73,-132,12
2798,5,5,-67,-187,-168,-99,-116,238,33,-107,-48,75
2799,3,3,-241,43,-15,247,-110,-118,-340,143,-146,-53
2800,8,8,-37,-181,-65,-46,-125,-29,10,-79,214,13
2801,6,6,90,-172,-178,-151,-29,-42,259,-182,-77,-122
2802,2,2,128,-91,214,-83,-158,-173,-199,57,-103,-96
2803,1,1,-97,230,-103,-258,144,-91,-125,-63,-68,-104
2804,4,4,-146,47,-96,-216,232,-78,-160,60,-177,-59
2805,5,5,-29,-147,-157,-59,-74,172,46,-81,-9,17
2806,4,4,-91,80,-78,-255,270,-111,-129,13,-177,-167
2807,3,3,-189,34,-46,277,-161,-104,-314,86,-65,-39
2808,7,7,-105,91,-104,-225,78,-113,-226,197,-126,-73
2809,8,8,-21,-120,-148,-35,-59,7,16,-111,171,2
2810,5,5,7,-20,-65,-22,-89,82,-73,12,-134,-62
2811,0,0,128,-128,-48,-104,-12,-32,-43,-35,-149,50
2812,9,4,-41,-13,-112,-169,107,-93,-130,-57,-86,87
2813,3,3,-162,61,-99,178,-83,10,-183,42,-118,-28
2814,5,5,-45,-82,-102,-78,-142,175,54,-74,19,-72
2815,1,1,-113,227,-91,-251,92,-70,-148,-52,-54,-57
2816,1,1,-42,262,-110,-349,114,-119,-47,-70,-115,-256
2817,0,0,203,-182,-43,-162,-10,-149,4,-117,-98,-40
2818,4,4,-37,-42,-156,-208,142,-181,-79,-11,4,-43
2819,4,4,-157,121,-169,-269,293,-120,-169,39,-166,-153
2820,7,7,-186,66,73,15,-30,-231,-367,295,-134,-77
2821,0,0,147,-51,-53,-204,-30,-80,3,-43,-223,-96
2822,1,1,-89,249,-93,-281,87,-110,-148,-24,-82,-100
2823,7,4,-60,26,-33,-61,64,-46,-80,56,-38,-50
2824,0,0,168,-32,-63,-160,-154,-58,-81,50,-158,-108
2825,1,1,-78,214,-114,-252,114,-59,-78,-93,-55,-102
2826,6,6,9,-207,-113,-96,-94,27,253,-160,20,-92
2827,1,1,-73,182,-82,-237,80,-83,-107,-5,-112,-74
2828,4,4,-86,-3,-98,-243,286,-181,-172,-40,-104,4
2829,5,5,-133,-72,-181,-66,-40,189,-58,-30,-100,83
2830,6,6,45,-142,-243,-140,-31,72,181,-71,-81,-143
2831,6,6,36,-215,-239,-131,-45,101,245,-225,-39,-35
2832,5,5,-101,-160,-251,2,-108,273,-8,-62,-115,30
2833,7,7,-126,-14,-28,-80,-17,-130,-267,288,-195,0
2834,8,8,13,-112,-63,9,-37,-95,-59,-24,137,-66
2835,4,4,-71,73,-92,-314,284,-85,-108,3,-190,-165
2836,4,4,-203,25,55,20,143,-192,-303,119,-84,-53
2837,7,7,-139,24,2,-17,-37,-211,-392,287,-129,7
2838,2,2,-6,47,217,-35,-245,-272,-141,16,52,-193
2839,5,5,-68,-84,-20,-69,-182,163,-65,-53,-2,20
2840,3,3,-225,25,-21,246,-121,-60,-251,73,-52,-42
2841,7,7,-135,69,81,14,-45,-213,-306,250,-136,-88
2842,0,0,173,-114,-132,-41,-118,-35,-110,45,-180,-15
2843,7,7,-30,11,72,-6,-45,-274,-324,185,-70,-35
2844,7,7,-165,102,13,-61,-32,-228,-375,287,-139,-40
2845,9,9,-83,-94,-11,2,69,-114,-252,86,-83,101
2846,6,6,66,-134,-198,-185,-41,51,269,-239,-51,-130
2847,4,4,-53,-1,-53,-209,174,-74,-118,-17,-145,22
2848,2,2,-4,23,175,15,-148,-291,-214,39,8,-103
2849,8,8,-67,-29,-195,-90,16,-38,36,-136,156,-98
2850,5,5,-49,-24,-157,8,-84,135,-59,15,-221,-5
2851,7,7,-83,26,-52,-149,31,-100,-213,180,-150,10
2852,8,8,-79,23,-77,-150,4,-70,-90,-119,148,0
2853,3,3,-229,2,-36,226,-76,-127,-306,66,27,26
2854,9,4,-56,14,-166,-203,126,-131,-160,40,-38,4
2855,5,5,-31,-65,-354,-155,-117,243,56,-92,-10,-53
2856,8,8,-10,-41,-10,-99,-20,-132,-58,-92,174,-79
2857,9,9,-27,-139,-45,-17,32,-76,-153,46,-53,124
2858,9,9,-131,-41,-124,-104,132,-50,-224,-1,-12,166
2859,8,8,-29,-56,-158,-189,-41,18,113,-195,136,-103
2860,6,6,81,-196,-165,-183,-163,90,224,-156,12,-88
2861,2,2,-34,86,192,8,-166,-215,-237,104,-111,-127
2862,8,1,-16,96,-114,-215,13,-57,-39,-74,14,-94
2863,9,4,-119,27,-216,-248,129,6,-110,-42,-83,89
2864,2,2,-61,-1,253,116,-272,-282,-331,135,-43,-136
2865,3,3,-218,-25,-104,276,-120,-4,-239,54,-62,-1
2866,6,6,8,-10,-157,-195,61,2,147,-167,-64,-119
2867,1,1,-44,153,-76,-188,71,-51,-51,-37,-69,-103
2868,1,1,-53,263,-140,-302,111,-73,-61,-99,-94,-178
2869,8,8,-65,-13,-21,-201,-11,-53,-94,-58,160,-3
2870,9,9,-54,-137,-15,3,6,-88,-212,37,-26,155
2871,3,3,-140,-40,-68,175,-47,-48,-228,38,-14,29
2872,4,4,-144,3,-95,-202,241,-88,-168,48,-96,-7
2873,0,0,152,-69,-92,-157,-124,-77,-7,4,-131,-94
2874,7,7,-112,10,74,-31,-120,-154,-382,273,-189,-28
2875,9,4,-61,0,-92,-151,118,-106,-190,36,-126,56
2876,6,6,30,-184,-226,-109,-65,81,242,-193,-14,-76
2877,4,4,-30,-78,-1,-115,146,-95,-45,-11,-52,-54
2878,1,1,-30,273,-125,-324,99,-76,-53,-114,-104,-214
2879,4,4,-26,54,-70,-291,218,-174,-125,50,-125,-136
2880,1,1,-48,303,-124,-357,95,-146,-127,-21,-155,-218
2881,3,3,-182,10,-56,195,-37,-76,-183,12,68,-45
2882,4,4,-148,55,-88,-136,184,-91,-152,107,-140,-122
2883,9,9,-51,-179,-127,-22,38,-59,-171,32,7,168
2884,3,3,-232,18,-142,218,-78,58,-197,22,-44,2
2885,1,1,-45,167,-44,-211,29,-115,-100,24,-63,-112
2886,4,4,-146,113,-140,-314,308,-92,-171,-12,-206,-129
2887,7,7,-141,68,20,-34,-33,-182,-324,243,-126,-15
2888,7,7,-33,98,51,-114,-104,-236,-277,205,-76,-94
2889,4,4,-110,-117,-91,-194,273,-129,-193,52,-183,55
2890,7,7,-94,14,92,-59,-126,-151,-357,253,-157,-34
2891,2,2,11,15,196,44,-106,-259,-217,53,-84,-131
2892,9,9,-128,-147,-27,7,85,-86,-223,29,-40,191
2893,3,3,-169,40,-77,218,-124,4,-209,71,-140,-98
2894,0,0,143,-172,-242,-68,-132,70,109,-67,-74,-38
2895,8,8,-28,-93,17,-10,-161,-126,-126,-49,236,-30
2896,8,0,147,-161,-113,-21,-181,-44,-34,14,15,-62
2897,8,8,-25,-23,-40,-142,35,-144,-79,-95,113,0
2898,4,4,-177,124,-133,-314,269,-113,-217,54,-163,-65
2899,0,0,169,-137,-103,-103,-131,-37,-88,70,-187,9
2900,4,4,-43,-34,-23,-212,241,-75,-86,-45,-159,-42
2901,4,4,-93,43,-109,-178,188,-64,-65,-73,-65,-25
2902,1,1,-102,222,-104,-242,123,-70,-122,-71,-63,-89
2903,5,5,-87,-101,-147,-57,-152,245,-28,-77,-72,46
2904,2,2,10,44,229,-38,-74,-206,-179,46,-143,-184
2905,8,8,-76,-30,-10,54,-95,-80,-121,10,129,16
2906,3,3,-238,14,-101,204,-19,-15,-229,80,-129,-20
2907,4,4,-83,-51,-51,-138,185,-59,-127,3,-95,56
2908,9,9,-87,-165,-106,-36,94,-58,-190,-39,-42,230
2909,5,5,-126,-64,-188,3,-87,210,-21,-5,-115,-4
2910,2,2,-77,102,203,-1,-140,-221,-339,197,-185,-162
2911,8,1,-34,79,65,-69,-57,-208,-163,-18,60,-82
2912,1,1,-69,208,-94,-256,98,-93,-101,-16,-122,-126
2913,5,5,-99,-114,-177,-11,-87,209,-27,-24,-116,49
2914,3,3,-251,-1,-75,254,-144,-30,-269,79,-22,2
2915,7,7,-187,138,-19,-78,-27,-192,-344,209,-56,-12
2916,9,4,-129,46,-84,-153,140,-104,-224,30,-62,97
2917,4,4,-135,54,-89,-194,255,-53,-125,-64,-120,-56
2918,2,2,56,26,295,-101,-40,-256,-197,29,-148,-222
2919,5,5,-53,-89,-86,-65,-20,124,43,-68,-18,18
2920,6,6,27,-87,-160,-114,3,42,152,-87,-68,-90
2921,3,0,114,-96,16,-4,-165,-74,-107,11,-42,-77
2922,5,5,-100,-61,-225,-10,-195,298,-82,-46,-60,-3
2923,9,9,-101,-11,-65,-77,65,-112,-221,70,-6,111
2924,3,3,-185,32,-102,215,-110,11,-155,43,-82,-59
2925,5,5,-2,-30,-199,-111,-59,100,34,20,-86,-82
2926,9,9,-98,-42,-117,-122,107,-59,-147,-27,-53,138
2927,3,3,-178,73,139,151,-180,-67,-242,92,-57,-153
2928,1,1,-37,304,-92,-386,125,-163,-114,-34,-164,-252
2929,9,9,-155,-102,-104,12,5,68,-194,51,-110,149
2930,5,1,-33,57,-220,-156,-5,27,4,-5,-22,-83
2931,3,3,-125,3,-13,159,-110,-111,-276,54,-31,33
2932,0,0,147,-127,-65,-77,-57,-55,11,-51,-130,33
2933,6,6,65,-127,-203,-139,-60,34,215,-191,-9,-112
2934,9,9,-125,-77,-47,-55,36,-74,-255,91,-63,166
2935,8,8,-60,-63,-38,-73,-72,-74,-122,-30,210,0
2936,4,4,-191,-24,-101,-152,282,-82,-199,47,-179,16
2937,0,0,152,50,-121,-297,-90,-115,-62,-15,-141,-162
2938,4,4,-16,71,-143,-301,191,-127,-67,-19,-201,-114
2939,9,7,-28,-60,-111,-32,-20,-4,-101,78,-98,20
2940,2,2,-46,130,131,-55,-86,-197,-112,3,-27,-196
2941,9,9,-108,-137,-119,-52,-23,74,-162,11,-49,163
2942,0,0,200,-134,-98,-125,-163,-26,-46,30,-154,-50
2943,1,1,-11,180,-78,-243,57,-64,-10,-86,-81,-167
2944,0,0,129,-72,22,-144,-190,-81,-134,109,-59,-91
2945,3,3,-65,-84,-7,109,-84,-48,-223,66,-100,34
2946,1,1,-64,265,-152,-402,80,-129,-45,-95,-55,-250
2947,6,6,25,-95,-241,-184,44,49,276,-272,-83,-174
2948,5,5,-47,-58,-80,-41,-154,168,-62,-13,-50,8
2949,8,8,-14,-31,-126,-123,-82,-4,-5,-82,108,-21
2950,1,1,-55,280,-113,-313,91,-117,-102,-42,-111,-202
2951,5,5,-79,-136,-234,-54,-92,254,48,-121,-84,36
2952,3,3,-164,-2,-208,157,-81,138,-67,-48,-30,-73
2953,3,3,-203,9,-122,189,-127,99,-161,13,-18,-45
2954,0,0,197,-28,59,-258,33,-287,-66,-75,-147,-153
2955,3,3,-149,-72,-101,162,56,-32,-171,-30,55,3
2956,5,5,-69,-67,-146,-19,-76,174,-10,-91,-43,42
2957,5,5,-30,2,-210,-82,-69,134,16,-27,-71,-67
2958,9,9,-54,-27,-118,-106,67,-106,-184,40,-60,85
2959,2,2,-158,76,157,140,-160,-129,-258,105,-61,-136
2960,8,8,-82,-29,-79,-52,-41,-102,-147,-12,194,37
2961,7,7,-117,3,92,-14,-42,-203,-376,233,-137,12
2962,0,0,181,-38,-68,-248,-112,-97,-41,-13,-191,-121
2963,4,4,-99,-65,-50,-164,274,-161,-194,73,-194,-56
2964,9,4,-61,47,-95,-212,123,-99,-165,18,-119,44
2965,1,1,-66,270,-96,-305,109,-144,-134,-7,-144,-184
2966,9,9,-67,-26,-88,-134,64,-42,-125,18,-55,106
2967,7,7,-199,118,43,-57,-76,-232,-415,339,-177,-68
2968,7,7,-42,9,46,-47,-81,-117,-262,162,-129,7
2969,5,5,-26,-28,-165,-60,-37,114,38,-38,-41,-52
2970,5,7,-20,1,-103,-4,-99,49,-74,90,-120,-22
2971,2,2,35,10,261,-47,-152,-310,-200,70,-50,-160
2972,0,0,235,-171,66,-248,64,-178,45,-174,-203,-95
2973,9,9,-123,-125,-53,-17,69,-52,-244,72,-58,165
2974,1,1,-28,285,-107,-374,127,-127,-71,-69,-142,-255
2975,8,8,46,-135,43,17,-131,-139,-105,-2,113,-8
2976,6,6,27,-145,-239,-136,-20,93,168,-117,-64,-59
2977,2,2,-11,39,204,72,-255,-293,-273,101,-15,-190
2978,3,3,-171,-50,-116,257,-148,4,-270,37,-53,23
2979,9,7,-13,61,-64,-236,77,-145,-163,80,-151,-24
2980,6,6,52,-139,-171,-187,-39,53,241,-145,-59,-168
2981,2,2,70,-104,172,-12,-61,-188,-94,-52,-68,-96
2982,1,1,-56,234,-121,-288,112,-86,-66,-76,-76,-165
2983,9,9,-140,-56,-75,-45,57,-60,-260,68,-46,169
2984,1,1,-83,229,-103,-291,102,-88,-115,-19,-156,-122
2985,3,3,-203,20,-24,150,-64,-48,-252,99,-123,-4
2986,5,6,-38,-124,-183,-90,-50,154,161,-106,-86,-129
2987,5,5,-111,-64,-210,-15,-85,214,2,-83,-32,26
2988,0,7,78,-59,-94,-160,-125,-77,-111,131,-88,-52
2989,3,3,-169,7,-64,200,-67,-78,-226,76,-55,-37
2990,8,8,-4,-153,38,-6,-151,-33,-133,1,127,48
2991,3,3,-148,23,-46,175,-96,-5,-186,56,-92,-50
2992,3,3,-191,-4,-132,221,-101,43,-205,17,-98,-1
2993,7,7,-21,-19,57,-58,-95,-195,-274,192,-51,-8
2994,6,6,42,-28,-137,-192,33,15,178,-196,-69,-156
2995,6,6,41,-69,-238,-210,-111,102,122,-138,0,-70
2996,0,0,200,-107,-87,-98,-209,-35,-12,9,-149,-47
2997,1,1,-63,239,-97,-296,86,-104,-119,-14,-147,-134
2998,4,4,-121,3,-55,-149,200,-67,-187,12,-55,39
2999,0,0,175,-159,-194,-94,-201,29,32,10,-81,-74
3000,6,6,32,-67,-182,-206,-12,18,230,-232,4,-182
3001,9,9,18,-94,-83,-84,-77,-79,-104,25,3,100
3002,8,8,-37,-51,-59,-49,-31,-82,-76,-82,177,-2
3003,1,1,-128,249,-132,-323,154,-95,-159,-38,-132,-83
3004,2,2,-6,82,266,-169,-43,-219,-104,-33,-9,-261
3005,9,1,-82,88,-179,-224,63,-2,-47,-63,-37,1
3006,9,9,-86,-95,-105,-63,60,-42,-222,40,-73,151
3007,5,5,-90,-111,-145,-86,-91,198,3,-79,-13,40
3008,9,9,-110,-107,-104,-32,2,-57,-258,79,4,176
3009,7,7,-95,63,-15,-55,-78,-180,-323,241,-99,-18
3010,3,3,-158,-35,-51,204,-112,-27,-204,43,19,15
3011,7,7,-48,-38,-92,-60,-81,-49,-134,244,-174,-43
3012,8,4,-20,29,-137,-144,74,-122,-110,10,-10,-63
3013,0,0,145,-101,-89,-96,-97,-2,-60,-13,-137,5
3014,1,1,-42,216,-129,-264,87,-57,-33,-84,-83,-161
3015,3,3,-286,11,-98,320,-135,-35,-330,65,-20,7
3016,0,0,101,-128,-124,-46,-50,-3,-29,8,-100,-9
3017,4,4,-131,118,-123,-237,239,-122,-192,54,-164,-134
3018,6,6,71,-107,-176,-194,6,0,268,-265,-41,-193
3019,1,1,-55,225,-101,-274,96,-124,-97,-13,-107,-165
3020,0,0,166,-102,-65,-86,-143,-49,-37,18,-135,-12
3021,2,2,29,1,245,-24,-189,-210,-222,96,-113,-133
3022,5,5,-57,-179,-218,-15,-88,208,25,-49,-48,27
3023,8,5,-1,-161,-70,-121,-250,150,72,-83,100,-62
3024,4,4,-130,-69,-44,-109,239,-179,-200,89,-73,-19
3025,4,4,-142,78,-134,-307,323,-76,-143,-44,-166,-100
3026,1,1,-81,298,-26,-302,98,-228,-193,10,-132,-203
3027,1,1,-21,243,-91,-326,85,-104,-55,-67,-114,-200
3028,5,5,-46,-144,-217,-32,-107,221,-40,-39,-50,43
3029,4,4,-125,111,-153,-281,232,-119,-204,61,-154,-74
3030,6,6,68,-18,-167,-186,-30,38,124,-140,-81,-122
3031,6,6,-11,-134,-160,-94,-8,45,182,-72,-108,-98
3032,0,0,236,-111,-34,-173,-173,-116,-35,-37,-97,-133
3033,6,6,13,-49,-269,-199,15,37,158,-82,-130,-137
3034,9,9,-46,-71,-95,-130,54,-83,-164,50,-66,125
3035,2,2,-24,0,184,7,-29,-145,-90,-13,-65,-143
3036,6,6,74,-102,-200,-200,-9,-14,250,-209,-55,-157
3037,2,2,21,30,244,-44,-55,-209,-301,101,-276,-144
3038,7,7,-72,119,-166,-271,10,-47,-168,153,-153,-66
3039,1,1,-83,148,-67,-190,77,-68,-113,-3,-77,-37
3040,7,7,-101,39,14,-71,-17,-155,-284,200,-113,15
3041,9,9,-124,-43,-39,-19,49,-107,-281,87,-38,118
3042,4,4,-45,53,-208,-337,246,-142,-31,-89,-112,-119
3043,0,0,192,-114,-50,-105,-167,-19,-49,15,-143,-21
3044,0,0,140,-131,-95,-125,-80,-94,-119,76,-216,32
3045,3,3,-200,11,-51,298,-190,-121,-358,97,-85,2
3046,8,8,-60,-125,2,86,-113,-99,-90,-28,205,-3
3047,2,2,-15,39,240,52,-240,-320,-261,87,-31,-145
3048,2,2,110,-18,217,-155,-63,-215,-135,28,-127,-174
3049,3,3,-228,30,-46,229,-134,-21,-289,102,-171,-36
3050,1,1,-25,273,-113,-367,108,-100,-67,-89,-131,-210
3051,6,6,58,-123,-213,-201,4,14,276,-278,-38,-172
3052,0,0,216,-147,-48,-119,-131,-79,-26,-46,-126,-51
3053,5,5,-70,-168,-168,-62,-109,240,13,-96,-49,59
3054,7,7,1,-27,20,-97,-50,-153,-177,137,-46,3
3055,7,7,-81,47,-46,-44,-167,-135,-253,174,39,-24
3056,9,9,-125,-123,-104,-12,54,-49,-244,67,-54,182
3057,2,2,60,28,272,-135,-13,-266,-243,106,-219,-227
3058,6,6,93,-187,-218,-162,-49,59,222,-163,-35,-130
3059,7,7,-109,53,-41,-173,40,-59,-179,123,-129,22
3060,9,7,-30,25,-17,-78,5,-39,-108,48,-93,8
3061,7,7,-84,-16,81,63,-119,-218,-317,220,-78,-25
3062,8,8,-12,-41,-53,-1,-181,23,10,-26,66,-119
3063,6,6,70,-71,-230,-230,-21,21,232,-199,-64,-195
3064,8,8,-39,-90,-101,-64,-70,15,-15,-92,161,-1
3065,8,8,-22,17,-131,-80,29,-23,-23,-74,48,-25
3066,4,4,-81,102,-160,-295,267,-150,-121,-21,-109,-128
3067,6,6,15,-96,-184,-188,7,74,184,-121,-39,-138
3068,8,8,-64,-28,14,-24,-62,-185,-202,6,165,9
3069,4,4,-21,-132,-76,-144,181,-38,-58,0,-175,28
3070,1,1,-103,237,-112,-317,124,-105,-145,-10,-152,-99
3071,2,2,44,-9,251,-49,-3,-223,-146,18,-205,-226
3072,8,8,-53,-59,-6,-59,-138,-69,-51,-42,203,-39
3073,1,2,-70,146,181,-48,-117,-185,-223,117,-159,-158
3074,3,3,-297,21,-64,338,-153,-68,-346,101,-71,-31
3075,9,9,-112,-105,-33,-16,4,-30,-267,75,-73,164
3076,4,4,-179,140,-169,-337,354,-132,-215,64,-216,-206
3077,0,0,120,-90,-4,-99,-108,-93,-100,65,-130,-2
3078,3,3,-126,12,-34,115,-91,-18,-116,7,7,-14
3079,7,7,-133,54,38,-43,-56,-209,-368,281,-140,-21
3080,3,3,-244,2,-69,279,-121,-44,-301,79,-52,-2
3081,2,2,-38,97,260,-35,-126,-274,-284,111,-105,-184
3082,3,3,-169,14,30,198,-115,-95,-307,138,-159,-63
3083,3,3,-192,52,-41,214,-72,-57,-213,71,-120,-93
3084,7,7,-50,32,-69,-155,-21,-101,-218,216,-151,-18
3085,3,3,-235,21,-26,272,-141,-125,-301,70,39,-16
3086,4,4,-185,122,-146,-231,243,-81,-177,42,-121,-87
3087,0,0,135,-76,-100,-197,-108,-98,-132,89,-159,-43
3088,6,6,88,-155,-161,-145,-80,15,217,-181,-41,-76
3089,2,2,-1,37,205,-5,-255,-227,-171,55,-1,-142
3090,0,7,109,-1,-66,-222,-115,-92,-133,137,-204,-93
3091,8,8,52,-94,-56,-132,-129,-43,5,-62,107,-62
3092,1,1,-57,282,-44,-303,86,-221,-183,36,-168,-201
3093,5,5,-128,-19,-193,-1,-35,167,-49,32,-154,-18
3094,3,3,-136,15,-12,169,-68,-87,-204,63,-36,-23
3095,5,5,7,-170,-201,-136,-130,197,68,-84,-16,23
3096,4,4,-130,142,-167,-289,297,-135,-130,62,-128,-313
3097,1,1,-102,310,-123,-333,117,-179,-142,-7,-115,-225
3098,7,7,-71,14,-97,-165,-53,-100,-274,263,-122,7
3099,1,1,-97,314,-106,-360,105,-151,-100,-61,-86,-235
3100,5,5,-137,-23,-149,123,-174,177,-157,13,-67,-2
3101,7,7,-40,-1,-93,-177,38,-158,-249,250,-125,-53
3102,5,5,-47,-19,-140,-71,-60,129,6,-30,-169,-52
3103,7,7,-128,50,-58,-81,-2,-78,-204,178,-82,9
3104,3,3,-190,6,-115,225,-139,8,-239,37,-60,10
3105,2,2,50,4,242,-95,-24,-216,-155,34,-129,-183
3106,2,2,69,13,161,-38,-161,-264,-129,-15,-14,-168
3107,7,7,-105,-42,-226,-164,-1,-21,-188,272,-147,-23
3108,3,5,-115,-37,-200,129,-137,154,-63,-48,5,-39
3109,7,7,-152,93,-2,-45,-54,-148,-290,158,-42,27
3110,3,3,-86,42,-61,128,-104,36,-118,-3,-148,-65
3111,7,7,-10,20,18,-96,34,-223,-256,153,-96,-47
3112,8,8,-28,-133,-56,39,-66,-59,-120,13,111,23
3113,5,5,-82,-96,-121,-62,-62,186,-10,-48,-24,33
3114,4,4,32,37,-72,-300,140,-83,10,-104,-158,-85
3115,5,5,-41,1,-43,-107,-41,61,-75,47,-103,-29
3116,2,2,-84,70,238,93,-194,-252,-206,22,-37,-176
3117,5,5,-23,-69,-191,-110,-1,95,43,-10,-106,-51
3118,6,6,87,-206,-232,-121,-74,49,275,-229,-40,-106
3119,5,5,-108,-161,-230,-48,-134,275,-61,-54,-103,94
3120,3,3,-109,-6,10,231,-123,-137,-297,79,-100,-24
3121,6,4,61,51,-131,-365,127,-113,52,-59,-251,-198
3122,7,2,-33,-7,98,-20,-45,-60,-108,97,-97,-74
3123,4,4,-119,86,-139,-262,259,-77,-105,27,-169,-164
3124,1,1,-115,221,-92,-251,97,-70,-160,-43,-87,-53
3125,7,7,-86,84,73,-63,-88,-245,-383,283,-163,-82
3126,1,1,-16,249,-115,-364,110,-79,-37,-107,-137,-220
3127,5,5,-58,-135,-174,-93,-63,172,22,-30,-77,38
3128,2,2,-32,59,205,9,-150,-245,-204,59,-13,-153
3129,3,2,-80,47,189,113,-261,-209,-251,68,-12,-120
3130,6,6,124,-51,-129,-243,-52,9,168,-137,-119,-205
3131,3,3,-226,22,-74,228,-105,35,-168,66,-147,-82
3132,1,1,-93,241,45,-47,-116,-125,-158,35,-91,-192
3133,4,4,-121,-18,-186,-228,228,-78,-87,-65,-42,6
3134,2,2,84,-33,246,-75,-159,-189,-175,58,-151,-142
3135,6,6,66,-88,-148,-235,3,9,239,-246,-62,-149
3136,7,7,-135,56,-11,-71,33,-103,-191,141,-19,-54
3137,4,4,-153,99,-198,-313,286,-65,-90,22,-143,-193
3138,3,3,-20,-8,-65,109,-100,23,-101,11,-97,-67
3139,8,8,4,-111,-115,-134,-84,-36,24,-151,180,-57
3140,0,0,158,81,-32,-352,1,-234,-123,9,-224,-176
3141,6,6,87,-178,-198,-183,-68,39,295,-249,-28,-151
3142,2,2,-60,55,220,71,-176,-232,-238,88,-103,-150
3143,1,1,-112,218,-80,-239,92,-106,-161,-8,-77,-61
3144,6,6,40,-253,-222,-83,-58,44,250,-118,7,-103
3145,5,5,-100,-173,-111,-80,-18,187,-34,-23,-16,48
3146,3,3,-162,-24,-79,151,-49,33,-153,27,-8,4
3147,9,9,-42,-173,-97,-59,68,4,-74,-77,-50,180
3148,1,1,-47,244,-113,-294,93,-128,-104,-17,-115,-173
3149,9,9,-147,-56,-130,-55,96,-86,-249,63,-34,162
3150,3,3,-219,-21,-97,268,-138,-17,-219,0,52,15
3151,2,2,-10,62,122,-57,-111,-186,-136,50,3,-119
3152,1,1,-99,201,-101,-247,72,-89,-137,6,-94,-57
3153,8,8,21,-42,14,-118,-60,-111,-48,-21,95,-102
3154,4,4,-13,-27,-102,-296,227,-91,-41,8,-203,-102
3155,4,4,-145,117,-195,-275,282,-107,-174,-6,-108,-95
3156,6,6,63,-140,-166,-186,-14,8,279,-257,-4,-161
3157,5,7,-44,-53,-154,49,-92,67,-102,78,-109,8
3158,8,8,38,-93,100,-4,-116,-190,-95,-19,105,-80
3159,6,6,77,-94,-242,-219,5,18,265,-280,-83,-171
3160,9,9,-112,-119,-170,-117,85,36,-41,-24,-47,135
3161,7,7,-22,5,19,-67,-11,-186,-233,170,-80,-20
3162,7,7,-162,56,41,-44,-63,-205,-387,295,-160,-16
3163,8,8,-33,6,-123,-127,-38,-42,-54,-117,138,-27
3164,6,6,6,-92,-202,-101,-33,26,224,-139,-60,-153
3165,9,9,-117,-108,-67,-50,69,-65,-250,68,-41,173
3166,7,2,-41,63,105,-160,-9,-208,-154,94,-8,-181
3167,3,3,-35,-64,4,95,-67,-26,-75,1,-118,-59
3168,9,9,-143,-119,-86,-44,103,-68,-244,-16,-49,232
3169,4,4,-120,71,-142,-335,321,-141,-189,-2,-157,-53
3170,0,0,145,-106,-148,-81,-184,-2,-93,118,-146,-28
3171,5,5,-4,-111,-136,-56,-129,152,22,-45,-35,0
3172,4,4,-124,-99,-48,-119,220,-124,-209,19,-55,115
3173,6,6,20,-46,-75,-159,10,5,208,-224,-26,-193
3174,4,4,-174,20,-185,-296,342,-130,-194,77,-232,-74
3175,1,1,-137,242,-100,-299,140,-102,-177,-26,-125,-68
3176,2,2,-16,31,171,-8,-173,-125,-236,98,-115,-73
3177,3,3,-218,-18,-59,234,-120,-44,-292,85,-85,20
3178,0,0,205,-184,-175,-100,-152,-10,-17,16,-178,18
3179,0,0,224,-176,-91,-81,-144,-68,-48,-23,-137,-11
3180,2,2,-54,12,270,62,-309,-307,-253,77,69,-167
3181,6,6,53,-170,-214,-95,-56,84,198,-112,-60,-138
3182,6,6,78,-171,-131,-215,19,6,208,-124,-128,-103
3183,5,5,41,-177,-250,-153,-177,205,107,-90,-57,-47
3184,7,7,-102,-37,13,16,-17,-91,-196,183,-102,1
3185,0,0,133,-96,-26,-148,-76,-98,-39,14,-146,-44
3186,8,8,19,-36,-4,-106,-10,-106,-70,-13,79,-70
3187,6,6,24,-179,-237,-102,-13,46,299,-237,-27,-147
3188,4,4,-95,103,-95,-315,322,-162,-171,14,-152,-168
3189,7,7,-62,-80,44,7,-23,-43,-91,91,-100,-30
3190,9,9,-114,-68,-57,-88,134,-72,-204,-36,-51,165
3191,0,0,173,-10,-14,-227,-93,-137,-48,-28,-133,-134
3192,7,7,-202,57,55,28,-149,-180,-439,297,-151,-17
3193,3,3,-176,-16,16,196,-105,-179,-308,62,26,30
3194,4,4,-115,123,-137,-245,254,-147,-161,53,-131,-185
3195,2,2,-12,70,232,23,-198,-326,-243,82,-30,-205
3196,1,1,-53,174,-71,-190,72,-103,-90,10,-81,-132
3197,8,8,-20,6,-140,-177,-7,-148,-56,-137,162,-47
3198,8,8,-125,-76,-15,21,-78,-49,-73,-65,260,-81
3199,5,5,-43,-165,-128,-111,-92,216,39,-79,-43,35
3200,9,9,-83,-155,-90,-54,96,-49,-188,1,-101,212
3201,2,2,60,-13,214,-128,1,-196,-61,-114,-73,-156
3202,7,7,-112,-30,-47,-16,-28,-65,-184,205,-14,-47
3203,1,1,-47,204,-86,-246,83,-106,-87,-4,-111,-154
3204,8,8,10,-82,-21,-48,-67,-106,-87,18,119,-23
3205,8,8,35,-77,-101,-87,-122,9,69,-90,93,-76
3206,8,8,-39,-12,-110,-36,68,-114,-109,-104,97,-31
3207,2,2,39,34,171,-43,-113,-288,-144,3,-24,-175
3208,7,7,-169,70,34,17,-6,-192,-306,224,-127,-40
3209,6,6,66,-140,-261,-205,-34,63,268,-243,-83,-125
3210,0,0,184,12,19,-309,34,-227,-61,-66,-212,-174
3211,1,1,-37,268,-48,-342,82,-182,-106,-21,-136,-230
3212,2,2,-35,85,223,-13,-90,-204,-184,44,-75,-170
3213,7,7,-75,91,-42,-83,-14,-103,-173,101,-55,-3
3214,1,1,-87,311,-62,-335,105,-203,-134,-45,-81,-229
3215,0,0,256,-175,-37,-184,-163,-103,-11,-51,-135,-71
3216,8,8,-104,19,22,21,-98,-121,-180,61,127,-30
3217,3,3,-233,23,-101,319,-154,-22,-268,75,-106,-45
3218,6,6,54,-113,-134,-240,-1,53,202,-203,-45,-164
3219,0,0,138,-21,-23,-219,9,-144,-53,-6,-245,-115
3220,5,5,-125,-98,-173,-25,-134,268,-52,-98,-49,53
3221,3,3,-125,-24,-87,230,-85,-50,-201,28,-25,-5
3222,6,6,13,-109,58,-51,-116,-46,118,-91,27,-124
3223,2,2,15,95,346,-90,-110,-321,-247,72,-135,-262
3224,8,8,23,-32,-140,-187,-48,-45,23,-126,64,-55
3225,7,1,-48,72,-51,-131,16,-64,-113,30,-17,-1
3226,0,0,205,-172,-153,-85,-149,-18,-6,-16,-123,-25
3227,1,1,-22,225,-137,-297,94,-64,-24,-95,-106,-193
3228,4,4,-101,134,-238,-389,278,-94,-89,-21,-204,-191
3229,2,2,43,55,271,-54,-219,-267,-166,22,-55,-231
3230,1,1,-101,228,-112,-283,139,-88,-128,-55,-99,-96
3231,1,1,-85,251,-125,-284,126,-80,-111,-77,-75,-126
3232,4,4,-111,-51,-73,-136,243,-65,-140,-12,-114,24
3233,4,4,-182,109,-118,-285,300,-87,-183,20,-137,-113
3234,4,4,-97,-49,-94,-229,290,-58,-104,55,-227,-116
3235,4,4,-138,43,-149,-248,213,2,-98,-27,-125,-12
3236,7,7,-115,71,22,-97,-77,-110,-276,186,-103,-3
3237,1,1,-90,197,-90,-221,87,-97,-131,-9,-79,-67
3238,6,6,19,-97,-198,-178,-34,73,198,-147,-28,-132
3239,2,2,-16,108,179,-42,-25,-218,-135,15,-148,-248
3240,9,4,-115,-45,-85,-46,141,-51,-204,3,-40,114
3241,9,9,-134,-101,-78,-25,68,-54,-243,35,-43,205
3242,0,0,198,-164,-43,-86,-105,-57,-61,-5,-216,34
3243,0,0,115,63,-84,-259,-49,-114,-41,-39,-126,-131
3244,1,1,-23,263,-119,-371,94,-116,-53,-71,-120,-233
3245,8,1,-2,73,-111,-158,-8,-112,-35,-123,72,-93
3246,8,0,40,21,-89,-141,-52,-60,-71,-39,16,-50
3247,4,4,-133,102,-118,-242,261,-122,-163,33,-154,-117
3248,3,3,-233,0,-86,248,-101,-32,-255,47,-27,4
3249,4,4,-169,106,-163,-247,307,-139,-198,37,-105,-130
3250,2,1,-42,108,94,-137,14,-119,38,-100,-100,-345
3251,0,0,117,-156,-69,-122,-6,-44,-69,2,-187,75
3252,6,6,43,-10,-164,-214,21,2,188,-201,-72,-223
3253,1,1,-23,265,-134,-344,100,-90,-52,-78,-126,-228
3254,6,6,71,-77,-244,-249,-120,66,175,-165,-42,-110
3255,1,1,-64,267,-119,-268,91,-129,-112,-12,-153,-202
3256,2,2,-11,81,305,-3,-228,-324,-271,103,-98,-230
3257,2,2,8,46,311,-98,-155,-271,-236,123,-123,-205
3258,2,2,6,53,226,8,-187,-293,-219,69,-40,-179
3259,1,1,-116,217,-78,-248,77,-103,-187,3,-61,-37
3260,2,2,11,-15,241,14,-220,-240,-215,66,-43,-106
3261,3,3,-149,-94,-67,217,-122,-10,-283,104,-134,4
3262,7,7,-111,35,-28,-5,-28,-13,-123,107,-43,-40
3263,8,7,-8,-160,-98,-29,-60,-120,-201,115,107,55
3264,1,1,-14,275,-118,-361,101,-106,-80,-84,-136,-223
3265,0,0,190,-144,-59,-120,-182,-70,-76,55,-102,-47
3266,0,0,121,-48,-156,-216,-147,16,28,14,-91,-160
3267,2,2,-115,96,253,17,-239,-262,-334,195,-51,-166
3268,1,1,-43,264,-103,-304,87,-95,-78,-77,-85,-169
3269,6,6,36,-102,-253,-157,-34,12,138,-65,-25,-96
3270,6,6,33,-68,-281,-160,-6,8,178,-95,-90,-182
3271,0,0,204,-171,-20,-128,-146,-99,-55,4,-94,-17
3272,1,1,-23,281,-79,-416,110,-163,-70,-65,-127,-271
3273,6,6,61,-182,-209,-165,-61,84,264,-227,-48,-89
3274,2,2,35,55,247,-134,-35,-228,-138,50,-136,-229
3275,5,5,-104,-30,-203,-46,-35,147,-26,66,-158,-36
3276,1,1,-20,225,-80,-300,66,-93,-76,-38,-115,-166
3277,7,7,-65,74,-51,-144,-11,-75,-148,79,-9,-69
3278,4,4,-86,-12,-145,-245,218,-58,-91,43,-226,-55
3279,8,8,2,-137,4,-14,-186,-78,-58,-24,201,-39
3280,2,2,-33,93,167,-56,-181,-241,-228,128,-43,-119
3281,1,1,-60,217,-107,-271,88,-82,-87,-26,-129,-137
3282,4,4,-90,-5,-71,-179,218,-73,-156,70,-168,-33
3283,3,3,-197,8,-100,259,-130,-15,-212,42,-56,-27
3284,8,8,42,-70,44,-69,-189,-157,-96,82,103,-110
3285,3,3,-132,-72,-31,222,-122,-41,-232,95,-109,-34
3286,9,9,-75,-41,-102,-109,59,-49,-176,42,-47,112
3287,9,9,-47,-144,-85,-91,90,-51,-187,76,-151,167
3288,4,4,-3,-48,-59,-189,153,-76,-73,-53,-168,30
3289,8,7,-75,-82,-71,-3,-17,-123,-234,109,64,78
3290,3,3,-256,9,-55,316,-168,-79,-360,93,-36,-5
3291,4,4,-74,80,-120,-357,294,-104,-116,-91,-212,-58
3292,7,7,-88,53,-166,-265,14,-82,-198,215,-123,-19
3293,2,2,-78,86,273,34,-183,-256,-175,33,-55,-216
3294,7,7,-32,-6,86,-57,19,-164,-180,173,-125,-87
3295,5,5,-28,-144,-152,-79,-117,178,-12,-7,-97,52
3296,7,7,-55,-5,146,-34,-118,-205,-361,261,-165,-79
3297,0,0,145,-142,-63,-118,-85,-110,-32,30,-102,-31
3298,4,4,-130,126,-54,-269,308,-164,-177,31,-197,-213
3299,3,3,-155,11,-29,184,-148,-26,-238,65,-71,-10
3300,3,3,-151,73,18,184,-69,-73,-181,73,-151,-139
3301,2,2,33,81,258,-121,-164,-240,-123,16,-71,-235
3302,6,6,24,-99,-117,-148,3,33,157,-124,-58,-56
3303,7,7,-75,40,-91,-197,35,-98,-200,191,-126,-25
3304,6,6,78,-17,-143,-242,33,-1,192,-195,-157,-218
3305,0,0,120,45,-80,-253,-85,-33,23,-41,-141,-161
3306,0,0,210,-131,-17,-122,-112,-83,-108,8,-205,-18
3307,6,6,22,-140,-232,-232,33,4,233,-130,-99,-116
3308,7,7,-12,-75,-2,-53,-43,-141,-217,180,-33,8
3309,7,7,-114,84,-7,-80,-45,-175,-302,246,-109,-37
3310,0,0,185,-120,-59,-132,-166,-34,-70,35,-160,-25
3311,5,5,-102,-116,-249,-26,-59,232,27,-58,-15,-3
3312,5,5,-111,-68,-178,-4,-104,207,-99,11,-126,53
3313,8,8,-21,-133,3,-12,-172,-52,-28,-62,213,-17
3314,1,1,-62,280,-121,-319,108,-121,-116,-29,-152,-199
3315,0,0,217,-135,-90,-113,-263,2,-2,-12,-73,-102
3316,7,7,-23,-84,-49,-111,-1,-77,-69,145,-64,-43
3317,0,0,109,-50,-162,-176,-121,-38,-34,80,-200,-79
3318,2,2,-26,60,206,-13,-144,-237,-165,49,-59,-180
3319,8,8,-108,-73,46,61,-121,-109,-198,48,153,28
3320,1,1,-77,277,-139,-294,118,-128,-108,-23,-131,-217
3321,5,5,-54,-75,5,-97,-215,172,-30,-51,72,-54
3322,0,0,126,-24,-53,-145,-158,-11,-133,118,-203,-45
3323,8,8,54,-188,-64,-21,-76,-89,-8,-116,150,-41
3324,8,8,-60,-87,-112,2,-147,9,-35,-41,201,-13
3325,0,0,209,-190,-83,-145,-156,-75,-61,-9,-107,-5
3326,3,3,-100,-9,-55,163,-139,17,-173,66,-97,-63
3327,2,2,-18,79,274,-4,-263,-314,-264,101,-60,-196
3328,7,7,-107,-24,-12,-42,-33,-132,-246,249,-117,8
3329,7,7,-33,39,135,-107,-22,-259,-212,189,-83,-155
3330,2,2,66,-83,187,-19,-123,-156,-195,45,-76,-56
3331,6,6,86,-220,-144,-190,-112,46,266,-244,24,-91
3332,4,4,-156,26,-90,-157,274,-113,-188,19,-118,-59
3333,7,7,-148,-5,-2,-67,122,-122,-262,154,-126,31
3334,5,5,-64,-105,-159,-40,-118,183,-45,1,-58,22
3335,5,5,-56,-62,-102,26,-48,118,0,-35,-69,-17
3336,5,5,-160,-37,-259,-104,65,100,-120,79,-61,25
3337,2,2,-2,140,220,-271,15,-314,-183,97,-146,-333
3338,9,9,-125,-134,-86,-45,60,-42,-214,42,-32,206
3339,2,2,-42,68,181,-51,-145,-185,-164,87,-28,-135
3340,8,8,-28,-138,-63,-102,-193,25,-3,-73,204,6
3341,4,4,-92,62,-58,-184,273,-239,-159,-36,-80,-142
3342,6,6,-14,-140,-264,-137,-4,140,170,-165,-81,-34
3343,8,8,5,-71,42,-10,-146,-158,-107,-23,148,-21
3344,6,6,35,-49,-151,-211,19,-36,146,-179,-18,-108
3345,5,5,-160,-1,-186,83,-102,184,-133,60,-154,0
3346,0,0,209,-113,-22,-153,-170,-85,-47,-18,-76,-88
3347,0,0,160,-155,-185,-75,-151,50,11,11,-129,2
3348,8,8,-46,-134,63,38,-189,-73,-120,18,184,-27
3349,7,7,-142,22,86,75,-100,-232,-387,261,-127,-45
3350,6,6,70,-11,-157,-289,29,-23,137,-135,-158,-137
3351,1,1,-96,262,-58,-255,84,-160,-122,-27,-55,-183
3352,7,7,-201,73,54,-7,36,-298,-385,353,-158,-128
3353,1,1,-97,249,-116,-287,129,-97,-129,-65,-75,-102
3354,1,1,-47,254,-105,-330,121,-117,-110,-45,-157,-173
3355,2,2,3,93,325,-131,-63,-282,-173,22,-95,-297
3356,7,7,-171,28,8,-17,-95,-116,-310,239,-150,12
3357,4,4,-77,-102,-128,-213,263,-39,-83,12,-222,-23
3358,0,0,163,-53,-56,-234,-142,-173,-37,-42,-8,-134
3359,0,0,139,-139,-179,-141,-160,30,-57,87,-136,-38
3360,7,7,-117,26,-44,-128,27,-117,-261,215,-139,34
3361,7,7,50,-98,29,-90,-135,-108,-225,200,-107,-5
3362,6,6,33,-157,-247,-177,-5,60,327,-255,-68,-175
3363,3,3,-156,-14,-123,206,-105,14,-216,21,-95,14
3364,8,8,-83,-80,119,129,-220,-114,-101,-14,165,-130
3365,6,6,28,68,-126,-243,-14,-31,111,-117,-44,-183
3366,4,4,-141,125,-142,-283,305,-112,-157,42,-175,-212
3367,2,2,24,-45,258,80,-167,-323,-186,24,-35,-193
3368,0,0,162,-126,-134,-171,-178,-26,-68,124,-176,-78
3369,9,9,-147,104,-104,-204,53,-63,-224,31,-48,110
3370,4,4,-125,-7,-122,-225,267,-77,-134,49,-195,-32
3371,0,0,217,-175,-60,-106,-153,-71,-45,-10,-137,-5
3372,5,5,-129,-62,-180,-39,-67,237,-70,-29,-199,62
3373,7,7,-66,-69,-48,-73,16,-98,-185,200,-127,40
3374,8,8,-43,-74,4,37,-100,-150,-151,-37,199,-6
3375,2,2,-67,70,77,74,-60,-142,-128,27,-49,-159
3376,7,7,-107,127,-129,-286,72,-105,-224,129,-128,-17
3377,4,4,-36,-41,-173,-194,167,-39,44,-96,-131,-52
3378,7,7,-109,18,-159,-186,32,-44,-155,192,-86,-25
3379,1,1,-115,240,-119,-291,134,-98,-145,-31,-102,-94
3380,1,1,-36,234,-111,-331,107,-91,-65,-49,-118,-194
3381,3,3,-211,-29,12,232,-117,-75,-259,35,12,0
3382,6,6,80,-161,-233,-208,-12,47,313,-274,-68,-190
3383,6,6,59,-125,-246,-194,-12,9,245,-238,-23,-138
3384,2,6,76,40,-37,-158,-68,-51,86,-93,-44,-207
3385,9,9,-99,-153,-24,-28,96,-92,-237,54,-71,191
3386,1,1,-62,274,-102,-297,95,-151,-127,5,-139,-211
3387,9,9,-105,-13,-83,-104,72,-49,-196,13,-52,132
3388,4,4,-76,-17,-116,-221,222,-83,-57,-44,-122,-15
3389,8,8,-54,4,-43,-105,-33,-149,-162,-95,195,-6
3390,3,3,-220,31,-85,226,-84,6,-208,73,-154,-68
3391,6,6,62,-114,-248,-245,-3,48,288,-274,-100,-158
3392,9,9,-104,-132,-176,-157,6,96,-90,-2,-47,152
3393,5,5,-43,-72,-140,-13,-104,172,-24,-72,-55,43
3394,9,9,-45,-137,-29,-7,19,-55,-241,79,-122,159
3395,6,6,53,-169,-233,-150,-37,71,281,-226,-61,-116
3396,2,2,-70,26,246,-8,-136,-239,-200,32,72,-147
3397,4,4,-121,-28,-161,-270,300,-44,-65,16,-227,-115
3398,6,6,36,-72,-229,-216,26,20,270,-266,-44,-224
3399,7,7,-33,-82,-189,-143,-74,18,-146,245,-159,-15
3400,7,7,-146,28,31,-26,-82,-177,-368,281,-158,-8
3401,0,0,134,-162,-43,-94,-40,-104,-74,33,-124,40
3402,6,6,14,-85,-294,-187,46,75,235,-256,-97,-120
3403,6,6,68,-58,-189,-259,62,8,272,-272,-148,-235
3404,9,9,7,-115,-103,-64,-19,-62,-65,12,-43,105
3405,4,4,-32,29,-47,-218,171,-136,-114,17,-98,-70
3406,8,8,-16,-118,6,27,-87,-154,-173,26,160,25
3407,3,3,-208,2,-70,220,-81,-41,-257,72,-93,-12
3408,5,5,-107,-91,-236,-3,-124,264,-61,2,-177,13
3409,3,3,-83,-23,5,221,-87,-160,-263,50,-35,-39
3410,4,4,-104,1,-156,-231,174,-46,-145,80,-224,20
3411,9,7,-106,-37,-131,-108,97,-116,-214,117,-32,76
3412,0,0,136,-155,-30,-46,-93,-144,-90,7,-46,35
3413,0,0,215,-27,-67,-292,-140,-136,-21,-57,-138,-168
3414,5,5,-52,-8,-114,-2,-122,148,-40,-43,-54,-5
3415,2,2,31,12,199,-35,-98,-209,-171,52,-85,-132
3416,5,5,-84,-98,-140,-64,-100,214,-12,-75,-83,52
3417,0,7,119,-97,-78,-87,-107,-102,-161,128,-154,-5
3418,7,7,-151,98,-34,-82,-33,-133,-298,186,-82,27
3419,1,1,-49,244,-115,-292,112,-89,-75,-78,-89,-157
3420,1,1,-76,275,-111,-296,92,-162,-146,20,-129,-192
3421,1,1,-64,247,-117,-278,103,-116,-99,-20,-115,-189
3422,6,0,140,-175,-117,-131,19,19,109,-174,-145,-36
3423,7,7,-28,8,2,-89,-18,-187,-274,196,-102,-3
3424,6,6,58,-87,-267,-227,-10,90,259,-218,-130,-210
3425,7,7,-76,-17,59,-7,-131,-110,-335,209,-174,-9
3426,9,9,-100,-154,-133,-94,49,33,-143,15,-42,180
3427,6,6,81,-76,-219,-238,-65,61,212,-179,-74,-179
3428,6,6,24,-61,-151,-166,32,11,222,-215,-37,-188
3429,4,4,-102,79,-105,-273,249,-135,-161,41,-143,-89
3430,1,1,-103,180,-76,-236,89,-91,-143,7,-115,-34
3431,4,4,-160,108,-139,-364,328,-124,-194,138,-238,-246
3432,3,3,-79,-36,-14,110,-90,18,-139,39,-160,-57
3433,1,1,-65,300,-129,-326,113,-148,-101,-41,-131,-244
3434,1,1,-19,239,-127,-341,69,-87,-42,-78,-101,-198
3435,2,2,56,35,214,-136,-36,-173,-149,47,-124,-164
3436,2,2,17,1,117,-12,-102,-110,-74,15,-45,-75
3437,4,4,-223,115,-98,-218,296,-133,-280,-33,-77,1
3438,1,1,-32,256,-80,-324,87,-129,-104,-17,-136,-199
3439,0,7,106,-20,-119,-193,-136,-68,-131,124,-145,-80
3440,8,8,-11,-94,-91,-43,-50,-53,35,-105,162,-87
3441,7,7,-70,-14,80,-6,-114,-179,-306,212,-37,-51
3442,6,6,31,-97,-283,-206,-14,96,216,-206,-77,-120
3443,3,3,-276,51,-62,264,-55,-44,-192,119,-133,-167
3444,4,4,-60,-39,-168,-194,209,-145,-37,-37,-44,-113
3445,0,0,194,-116,-101,-124,-183,-37,-112,92,-167,-46
3446,0,0,124,-95,-27,-108,-84,-86,-137,111,-209,-14
3447,6,6,81,-159,-139,-233,59,-48,200,-112,-142,-161
3448,3,3,-69,2,52,159,-85,-183,-261,72,-120,-33
3449,3,3,-157,-30,-96,264,-164,-17,-245,43,-45,4
3450,0,0,154,39,-89,-319,-104,-107,-8,-74,-131,-174
3451,7,7,-53,2,23,-42,-83,-10,-176,110,-145,-9
3452,1,1,-20,264,-73,-396,105,-151,-91,-40,-139,-227
3453,7,7,-67,94,14,-100,-112,-160,-275,182,-49,-27
3454,1,1,-92,237,-115,-293,133,-92,-114,-58,-91,-112
3455,1,1,-112,260,-114,-314,133,-104,-152,-34,-123,-102
3456,3,3,-144,-31,-47,192,-157,16,-197,55,7,-26
3457,1,1,25,180,-133,-335,75,-52,70,-172,-138,-247
3458,0,0,89,-123,-96,-97,11,-111,-98,41,-174,-1
3459,9,9,-125,-124,-67,-69,103,-62,-291,95,-156,223
3460,9,9,-40,-77,-108,-59,23,-24,-61,-2,-77,95
3461,7,7,-105,-22,-36,-36,-72,-116,-275,209,-15,6
3462,5,5,-92,-102,-180,-53,-126,249,-20,-88,-27,35
3463,4,4,-167,108,-199,-359,381,-115,-174,-16,-153,-132
3464,1,1,-105,216,-101,-232,105,-74,-133,-57,-59,-66
3465,4,4,-214,59,-186,-191,263,-78,-190,46,-100,-42
3466,8,8,7,-71,-90,-105,-77,13,56,-81,89,-58
3467,9,9,-41,-130,-78,-52,40,-127,-206,28,55,133
3468,5,5,-78,-156,-217,-105,-81,217,-15,-49,-115,109
3469,3,3,-177,-23,-2,261,-206,-78,-253,65,7,-49
3470,5,5,-67,-140,-236,-96,-118,277,38,-148,-77,59
3471,1,1,-37,294,-74,-352,107,-219,-136,-16,-145,-241
3472,9,9,-124,-95,-76,-55,33,-68,-243,83,-70,193
3473,8,8,-9,-141,0,-43,-84,-71,-93,-42,170,-1
3474,2,7,-51,92,67,-140,67,-172,-213,101,-103,-65
3475,3,7,-94,-35,4,107,-134,-153,-319,130,-45,40
3476,3,3,-162,-35,-31,140,-57,-64,-205,10,48,64
3477,9,4,-54,-97,-148,-103,119,-121,-172,26,4,84
3478,9,9,-116,-116,-62,-108,126,-35,-193,9,-68,190
3479,0,0,164,-73,-40,-95,-171,-52,-83,63,-154,-29
3480,1,1,-32,284,-130,-337,118,-129,-103,-50,-176,-229
3481,0,0,185,-24,-43,-232,-110,-100,-57,4,-200,-135
3482,2,2,44,66,193,-111,-30,-225,-140,-1,-125,-165
3483,9,9,-75,-100,-32,-89,74,-76,-249,104,-185,167
3484,3,3,-269,5,-101,315,-156,28,-249,61,-18,-54
3485,9,9,-106,-114,-69,-62,21,-4,-216,62,-58,161
3486,3,3,-219,30,-35,244,-113,-48,-295,107,-129,-38
3487,3,3,-127,-30,-9,236,-146,-106,-302,110,-128,-54
3488,6,6,71,-177,-135,-193,30,31,261,-242,-61,-142
3489,2,2,-87,133,174,-52,-57,-206,-127,15,2,-237
3490,4,4,-178,80,-73,-178,211,-78,-217,-24,-51,33
3491,9,9,-118,-59,-19,-41,68,-90,-243,105,-74,124
3492,8,0,113,-80,-78,-131,-105,-96,21,-73,25,-96
3493,3,3,-236,37,-139,295,-104,-27,-226,52,-60,-45
3494,7,7,-45,104,89,-84,-119,-266,-312,193,-61,-86
3495,4,4,-132,120,-136,-274,271,-94,-116,-25,-147,-145
3496,0,0,147,-61,-47,-83,-147,-38,-10,-16,-60,-87
3497,4,4,-49,-25,-114,-207,199,-20,-56,-2,-195,-56
3498,7,7,-59,30,-103,-149,-56,-39,-172,193,-126,-3
3499,8,8,-17,-76,-51,-45,-67,-92,-58,-78,179,-12
3500,4,4,-113,-34,-152,-223,264,-43,-111,48,-236,-52
3501,9,9,-108,-123,-63,2,40,-49,-223,36,-18,174
3502,8,8,-31,-189,-137,8,-100,-7,-8,-63,220,19
3503,9,1,-138,125,-50,-153,48,-53,-197,7,-24,49
3504,9,9,-46,-57,-75,-63,68,-113,-188,23,-42,98
3505,7,7,-164,68,-23,-66,-55,-127,-305,233,-122,9
3506,5,5,-74,-45,-269,-70,-17,179,110,-132,-130,-93
3507,9,9,-81,-149,-50,-46,117,-90,-177,-16,-30,186
3508,2,2,-4,55,262,-23,-161,-238,-245,93,-130,-164
3509,8,8,6,-124,13,4,-215,-27,-23,31,109,-77
3510,2,2,28,111,220,-104,-219,-292,-199,59,-27,-200
3511,2,2,45,28,195,-84,-116,-195,-238,110,-145,-135
3512,0,0,161,-114,-82,-167,-169,-82,-112,73,-106,-30
3513,2,2,0,78,276,-94,-133,-221,-228,92,-137,-191
3514,2,2,-19,-31,264,42,-365,-267,-259,99,46,-132
3515,3,3,-194,-3,-67,255,-150,-79,-376,73,-128,51
3516,8,8,-45,-94,-61,-18,-26,-21,-73,-31,106,59
3517,4,4,-179,-79,-68,-90,335,-103,-156,-9,-134,-87
3518,6,6,42,-119,-170,-176,-15,43,232,-222,-19,-130
3519,8,8,-33,-79,-59,-61,-69,-27,53,-119,153,-65
3520,6,4,-23,-146,42,-104,105,-92,25,-50,5,-118
3521,8,8,-29,-152,4,44,-210,-47,-28,-75,223,-71
3522,2,2,-25,125,222,-71,-116,-226,-167,56,-94,-208
3523,4,4,-51,90,-149,-390,278,-116,-105,-71,-221,-71
3524,6,6,82,-170,-108,-152,-17,-40,202,-123,-110,-87
3525,7,7,-116,1,106,10,-165,-197,-369,252,-44,-71
3526,9,9,-27,-88,-95,-120,70,-112,-151,-17,-73,131
3527,3,3,-206,16,-150,229,-95,51,-221,20,-100,16
3528,3,3,-212,28,-95,282,-128,-24,-233,52,-66,-51
3529,9,4,-50,-21,-96,-177,101,-116,-164,57,-71,63
3530,4,4,-65,109,-156,-306,230,-76,-83,-3,-209,-184
3531,3,3,-200,-36,-193,284,-143,74,-181,-16,-15,-7
3532,1,1,-51,210,-80,-238,78,-77,-77,-53,-72,-119
3533,4,4,-40,-28,-75,-137,122,-31,-70,-43,-89,51
3534,4,4,-3,-27,-90,-232,142,-154,-43,-34,-10,-77
3535,7,7,-106,-17,-77,-144,-20,-117,-224,304,-175,-16
3536,0,0,144,-126,-168,-64,-71,-12,31,-97,-72,-27
3537,5,5,-120,-36,-253,-107,-141,227,-77,-96,-15,84
3538,9,9,-134,-19,-108,-106,99,-82,-269,27,-40,167
3539,6,6,56,-156,-180,-72,-116,29,205,-153,-44,-55
3540,0,0,145,-148,-23,-123,50,-70,10,-88,-135,-22
3541,4,4,-58,6,-128,-240,211,-98,-83,47,-163,-116
3542,4,4,-66,20,-27,-332,423,-177,-143,-145,-130,-181
3543,4,4,-45,18,-62,-181,208,-50,-6,-79,-115,-128
3544,4,4,-83,-53,-100,-150,182,-106,-102,34,-73,3
3545,6,6,69,-183,-263,-188,-21,29,334,-271,-62,-142
3546,1,1,-31,263,-94,-331,86,-93,-67,-81,-110,-196
3547,2,2,29,1,240,-48,-62,-238,-278,130,-188,-154
3548,3,3,-94,-58,-38,211,-120,-95,-289,73,-53,5
3549,3,3,-56,-60,-4,173,-136,-73,-112,43,-32,-123
3550,6,6,99,-134,-208,-188,-149,114,170,-87,-87,-138
3551,4,4,-116,133,-140,-272,268,-162,-187,29,-109,-143
3552,5,5,-46,0,-165,-51,-36,110,-9,14,-18,-49
3553,9,9,-51,-70,-82,-100,59,-109,-194,71,-11,99
3554,6,6,37,-117,-244,-184,19,62,321,-296,-86,-219
3555,8,8,14,-239,-57,-28,-96,-36,56,-149,188,2
3556,5,5,-64,-126,-213,-31,-59,181,21,25,-63,-43
3557,6,6,49,49,-194,-267,-26,-24,167,-196,-41,-223
3558,5,5,36,-76,-158,-10,-76,80,-14,18,-88,-48
3559,8,0,46,-35,-58,-107,-119,35,42,-14,5,-112
3560,6,6,63,-193,-244,-187,-26,55,347,-273,-67,-163
3561,4,4,-147,144,-146,-253,260,-110,-135,-29,-122,-121
3562,1,1,-57,292,-124,-339,120,-139,-99,-32,-148,-247
3563,8,8,2,-67,-41,-51,-90,-10,21,-58,112,-122
3564,6,6,67,13,-131,-256,-23,-20,163,-145,-69,-244
3565,5,5,-81,-50,-192,9,-178,214,-57,30,-89,-41
3566,2,2,-13,119,246,-97,-174,-255,-190,53,-59,-197
3567,8,8,15,28,-78,-163,-44,-26,-1,-57,36,-96
3568,4,4,-38,89,-126,-320,233,-99,-59,-59,-168,-130
3569,5,5,-100,-103,-242,-62,-133,254,-87,38,-185,43
3570,5,5,-124,-110,-223,16,-98,256,-50,-67,-33,32
3571,4,4,-45,4,-96,-176,121,-25,-20,-44,-82,-7
3572,7,7,-102,15,-29,-48,-40,-122,-265,204,-79,26
3573,7,7,-128,-6,96,19,-33,-236,-334,271,-109,-66
3574,0,7,39,-8,-50,-122,-114,-8,-125,146,-107,-51
3575,7,7,-43,-21,60,-146,-21,-101,-99,75,32,-136
3576,8,8,-105,-98,29,24,-157,-86,-207,27,203,40
3577,2,2,-27,42,133,7,-195,-203,-168,69,27,-116
3578,2,2,-25,36,142,22,-154,-150,-162,70,-58,-92
3579,3,3,-246,30,-32,261,-109,-101,-385,129,-150,-10
3580,7,1,-38,142,-7,-182,-57,-167,-201,72,-9,-106
3581,0,0,165,-99,-46,-176,-59,-150,-134,19,-177,-23
3582,1,1,-86,201,-115,-263,122,-65,-102,-60,-71,-81
3583,8,8,-54,-58,-31,-17,-94,-48,-85,6,163,7
3584,0,0,174,-117,-103,-119,-147,-37,-78,46,-149,-22
3585,7,7,-190,63,31,11,-111,-152,-345,257,-162,-20
3586,1,1,-76,264,-98,-268,86,-92,-98,-67,-71,-140
3587,9,9,-89,-140,-95,-7,70,-113,-222,96,-22,142
3588,8,8,5,-147,-65,-23,-122,-67,-17,-115,205,-5
3589,7,7,-121,15,-33,-87,-27,-118,-249,208,-119,40
3590,5,5,-97,-69,-166,-39,-110,215,-36,-78,-48,49
3591,5,5,-125,-113,-122,66,-100,147,-97,5,-21,48
3592,9,9,-86,-74,-29,-54,70,-74,-206,62,-32,123
3593,1,1,-89,328,-103,-373,119,-200,-120,-59,-88,-251
3594,7,7,-159,70,-3,-83,-30,-173,-309,250,-125,-10
3595,5,5,-75,-83,-247,-94,-42,178,0,53,-61,-41
3596,4,4,-175,-43,-115,-142,281,-115,-212,79,-187,19
3597,9,9,-108,-1,-82,3,50,-18,-199,38,-79,79
3598,1,1,-92,195,-92,-195,84,-24,-102,-89,-40,-81
3599,2,2,-44,48,126,-48,-108,-112,-162,114,-70,-90
3600,2,2,-25,123,132,-39,-204,-262,-197,53,27,-164
3601,1,1,-41,163,-175,-264,139,-9,27,-177,-101,-155
3602,6,6,75,-180,-206,-163,-13,42,316,-257,-88,-160
3603,6,6,48,-214,-198,-130,-67,39,299,-194,-21,-120
3604,7,7,-44,-18,-185,-156,-6,2,-56,202,-126,-128
3605,1,1,-28,282,-116,-365,99,-116,-40,-96,-120,-278
3606,1,1,-38,159,-91,-236,20,-45,-58,-20,-56,-104
3607,4,4,-190,-17,-102,-128,255,-63,-177,-9,-81,38
3608,0,0,232,-176,-87,-112,-168,-82,-73,45,-192,10
3609,7,7,-96,-4,41,-27,-95,-138,-317,217,-112,10
3610,4,4,-148,94,-147,-301,326,-141,-212,26,-127,-108
3611,2,2,1,130,271,-76,-158,-296,-221,73,-95,-257
3612,4,4,-180,-18,-139,-210,313,-55,-130,24,-162,-61
3613,0,0,159,-72,-62,-176,-119,-70,-37,7,-99,-82
3614,6,6,42,-181,-165,-201,-32,-7,244,-129,-21,-122
3615,4,4,-66,3,-97,-214,228,-128,-104,-53,-115,-8
3616,7,7,-183,70,-51,-94,34,-183,-329,215,-120,50
3617,6,6,34,-16,-134,-198,62,-9,175,-158,-97,-209
3618,9,9,-104,-117,-62,-2,-15,-131,-261,128,59,132
3619,5,5,-86,-89,-138,32,-141,215,-47,-51,-85,-2
3620,3,3,-92,-72,23,188,-50,-150,-280,106,-114,-22
3621,4,4,-161,0,-89,-192,309,-98,-163,32,-161,-81
3622,6,6,39,-125,-228,-139,-17,55,245,-177,-127,-123
3623,5,5,10,-75,-265,-119,-92,146,41,-18,-11,-41
3624,0,0,157,-264,-117,-87,-41,-75,-27,-55,-33,50
3625,1,1,-17,227,-118,-300,82,-92,-45,-71,-96,-200
3626,8,8,-54,-54,21,73,-188,-129,-134,23,150,-29
3627,8,8,-43,-6,-16,-144,73,-165,-100,-67,106,-73
3628,2,2,38,-19,325,-41,-162,-311,-275,86,-90,-168
3629,8,0,98,-80,-67,-169,-62,-78,29,-103,35,-109
3630,3,3,-289,61,-74,312,-131,-53,-324,114,-114,-56
3631,5,5,-57,-124,-172,-42,-143,219,-48,-33,-63,47
3632,7,7,-133,28,17,-68,-68,-102,-276,239,-142,-9
3633,8,8,-63,-127,-36,25,-134,-94,-143,-52,251,35
3634,0,0,100,14,-40,-253,51,-199,-144,30,-202,-77
3635,8,8,19,-187,-20,-65,38,-126,11,-176,146,-35
3636,5,5,-45,-146,-153,-41,-121,212,4,-59,-64,41
3637,7,7,-64,119,12,-152,18,-220,-281,195,-119,-74
3638,1,1,-28,301,-107,-397,124,-144,-87,-66,-160,-256
3639,1,1,-93,219,-120,-292,121,-88,-118,-27,-131,-103
3640,0,7,82,-66,-25,-80,-119,-47,-128,122,-100,-26
3641,1,1,-108,208,-98,-261,113,-88,-138,-14,-101,-70
3642,3,3,-171,3,-80,270,-185,-62,-296,38,-44,21
3643,7,7,-138,76,52,-35,-87,-238,-411,300,-130,-41
3644,8,8,-34,-32,-124,-56,-1,-88,-95,-109,152,26
3645,5,5,-52,-79,-140,-80,-115,187,-54,-46,-40,47
3646,0,0,177,-16,-84,-218,-70,-67,19,-84,-184,-138
3647,7,7,-206,31,22,53,-49,-157,-335,246,-142,-9
3648,1,1,-51,267,-115,-323,108,-105,-97,-46,-137,-189
3649,1,1,-86,241,-84,-240,54,-94,-134,-16,-76,-96
3650,0,0,166,-73,-33,-203,-82,-166,-124,19,-145,-41
3651,1,1,-112,255,-118,-293,136,-100,-143,-38,-105,-109
3652,1,1,-14,238,-109,-327,88,-86,-35,-93,-110,-204
3653,4,4,-65,40,-66,-189,176,-86,-125,2,-135,-30
3654,5,5,-23,-45,-170,-130,-106,139,62,-134,15,-17
3655,2,2,-37,150,218,-91,-159,-220,-208,79,-84,-196
3656,7,7,-225,32,31,46,3,-148,-333,241,-128,-30
3657,6,6,59,-145,-255,-212,4,29,282,-163,-133,-170
3658,2,2,13,139,214,-194,-44,-222,-116,8,-84,-240
3659,3,3,-196,-71,-85,257,-124,1,-265,69,-78,21
3660,0,0,200,-191,-28,-132,-113,-164,-46,8,-119,-16
3661,2,2,29,36,217,-70,-66,-209,-158,46,-137,-175
3662,8,4,59,5,-113,-254,154,-150,-26,-146,-64,-104
3663,5,5,-91,-101,-227,-125,-93,221,-34,-24,-38,44
3664,9,9,-29,-87,-78,-89,83,-94,-138,-3,-62,105
3665,6,6,42,-133,-223,-203,53,1,146,-38,-208,-87
3666,9,9,-75,-100,-66,-41,45,-125,-257,117,0,120
3667,7,7,-42,2,-16,-157,-55,-157,-277,267,-147,-17
3668,2,2,34,27,304,-31,-107,-244,-234,61,-202,-237
3669,1,1,-50,260,-116,-302,104,-94,-92,-70,-94,-154
3670,3,3,-272,33,-11,281,-148,-99,-395,146,-109,-39
3671,6,6,55,-155,-182,-139,-47,47,280,-240,-39,-145
3672,4,4,-80,60,-123,-260,218,-110,-94,-26,-147,-37
3673,1,1,-68,236,-96,-304,118,-120,-125,-21,-138,-138
3674,8,8,-43,-71,-14,-52,-157,68,-77,-8,106,10
3675,2,2,20,41,264,-36,-92,-194,-218,65,-205,-190
3676,4,4,-142,82,-100,-228,298,-104,-148,36,-168,-187
3677,0,0,184,-107,-158,-111,-177,-18,-41,10,-99,-92
3678,5,5,-116,-64,-248,6,-45,209,-39,-21,-142,42
3679,1,1,-60,297,-118,-339,102,-162,-144,4,-164,-214
3680,0,0,136,-84,-145,-124,-149,32,10,23,-87,-107
3681,2,7,-124,22,102,109,-146,-146,-298,172,-40,-110
3682,2,2,76,-70,156,-43,-18,-151,-112,-5,-166,-104
3683,6,6,53,-73,-196,-228,28,4,246,-205,-87,-181
3684,4,4,-104,-1,-75,-195,245,-89,-160,43,-173,-55
3685,4,4,-26,-58,-53,-167,182,-125,-73,-25,-95,2
3686,3,3,-162,-46,-30,227,-116,-88,-287,44,-9,42
3687,9,9,-9,-139,-120,-85,-50,-55,-85,-1,-16,144
3688,6,6,3,60,-181,-207,63,13,140,-225,-62,-179
3689,1,1,-58,279,-116,-324,101,-133,-126,-11,-159,-197
3690,6,6,41,-88,-192,-124,-9,79,149,-127,-97,-75
3691,5,5,-57,-112,-175,-83,-128,249,3,-65,-99,20
3692,7,7,-95,-61,-162,-89,-22,-32,-192,242,-112,28
3693,9,9,-118,-31,-102,-88,69,-59,-234,40,-16,149
3694,2,2,-59,145,174,-136,-51,-199,-116,10,-21,-223
3695,0,0,205,-85,35,-225,-9,-235,-53,-54,-129,-121
3696,2,2,-22,24,181,47,-218,-252,-232,79,14,-109
3697,6,6,77,-217,-233,-84,-106,80,231,-189,-37,-42
3698,0,0,134,-19,-80,-188,-131,-28,17,-5,-124,-128
3699,1,1,-67,206,-94,-279,103,-97,-103,-24,-121,-107
3700,4,4,-116,110,-162,-282,298,-140,-144,-5,-160,-146
3701,3,3,-220,-3,-53,243,-100,-66,-291,64,-32,15
3702,5,5,-63,-35,-154,-109,13,112,22,-59,-32,-23
3703,2,2,-50,111,206,-18,-152,-206,-237,114,-114,-157
3704,8,8,-55,-50,-106,-124,-65,-28,-49,-62,201,-28
3705,8,8,-125,47,-43,-166,41,-25,33,-131,154,-196
3706,0,0,154,-76,15,-169,-138,-153,-158,94,-107,-48
3707,8,8,-6,-69,-17,9,-98,-136,-130,-32,157,12
3708,8,8,-100,-71,145,61,-231,-99,-129,30,155,-68
3709,9,9,-126,-116,-101,-46,71,-30,-215,24,-53,206
3710,0,7,94,-123,9,-90,-50,-134,-136,103,-154,27
3711,9,4,-137,-45,-156,-119,158,-98,-246,36,-50,130
3712,6,6,103,-208,-206,-107,-58,-26,297,-263,-5,-112
3713,7,7,-77,87,62,-116,-53,-117,-171,175,-72,-147
3714,6,6,36,-167,-234,-175,2,93,283,-232,-90,-127
3715,3,3,-280,35,-21,266,-114,-118,-370,141,-67,-24
3716,9,4,-151,-64,-125,-14,140,-62,-246,9,-24,128
3717,3,3,-213,-82,-143,230,-31,33,-206,-26,-20,65
3718,4,4,-122,67,-107,-181,183,-98,-158,30,-68,-7
3719,7,7,-152,39,43,-21,-69,-212,-390,288,-137,0
3720,7,7,-205,1,44,39,-43,-136,-346,238,-151,11
3721,7,7,-158,105,23,-83,-92,-173,-357,231,-93,1
3722,4,4,-74,37,-106,-284,256,-87,-113,37,-224,-122
3723,9,9,57,-161,-153,-110,17,-75,-29,-61,-67,99
3724,0,0,149,-71,-127,-210,-23,-75,-42,-33,-198,-63
3725,6,6,16,-83,-114,-89,-7,34,165,-143,-42,-99
3726,4,4,-77,60,-47,-171,164,-107,-132,-1,-110,-20
3727,8,9,-108,-167,-63,0,121,-99,-273,108,-39,135
3728,4,4,-129,146,-191,-314,268,-114,-129,-31,-121,-129
3729,2,2,26,46,220,15,-141,-255,-219,49,-122,-193
3730,7,7,-85,38,-111,-210,-6,-100,-278,255,-137,0
3731,2,2,17,23,286,-54,-124,-262,-319,139,-162,-166
3732,8,1,-33,105,-105,-238,-19,-67,-28,-141,82,-89
3733,1,1,-82,301,-86,-325,116,-182,-128,-11,-143,-249
3734,0,0,158,-103,-104,-102,-181,-46,-104,119,-164,-25
3735,0,0,210,-125,-116,-101,-189,-31,-62,46,-180,-13
3736,7,7,-120,138,52,-32,-138,-204,-329,215,-80,-69
3737,8,8,1,-154,-124,-28,-48,-64,44,-100,168,-69
3738,3,3,-54,-35,-80,127,-71,34,-38,-34,-137,-98
3739,3,3,-113,-35,-83,163,-74,31,-95,-4,-25,-13
3740,3,3,-242,35,-132,279,-141,46,-229,91,-133,-89
3741,1,1,-108,257,-136,-292,125,-90,-133,-42,-116,-116
3742,3,3,-71,-60,-29,128,-117,-96,-218,29,19,55
3743,7,7,-102,80,54,-83,-59,-189,-303,241,-123,-57
3744,6,6,114,-139,-135,-243,-15,52,238,-251,-144,-171
3745,1,1,-67,230,-100,-269,111,-87,-101,-60,-72,-124
3746,3,3,-194,17,-27,201,-154,-46,-260,121,-86,-37
3747,1,1,-90,213,-126,-253,127,-73,-108,-67,-65,-93
3748,6,6,60,24,-97,-254,-11,-30,135,-146,-74,-212
3749,6,6,-14,-49,-232,-150,45,16,72,24,-197,-103
3750,5,5,-98,-99,-161,-6,-81,194,-14,-37,-31,23
3751,7,7,-83,43,43,-16,29,-99,-117,103,-37,-93
3752,4,4,-30,-31,-56,-253,270,-194,-155,35,-170,-72
3753,7,7,-93,68,-2,-74,-97,-181,-316,255,-86,-45
3754,5,5,8,-152,-183,-59,-147,184,100,-98,-85,-50
3755,9,9,-36,-109,-53,-88,51,-116,-124,-59,16,130
3756,5,5,-51,-91,-187,-13,-67,139,-99,21,-113,68
3757,8,0,23,16,-47,-86,-16,-69,-14,-61,-24,-70
3758,4,4,-171,31,-117,-198,266,-61,-177,-19,-63,5
3759,9,9,-126,-96,-67,-17,50,-72,-229,42,-45,190
3760,9,9,-52,-55,-89,-141,74,-103,-185,54,-55,99
3761,1,1,-45,164,-59,-183,69,-80,-83,-25,-51,-85
3762,6,6,-25,-21,-88,-48,-1,20,107,-93,5,-154
3763,5,5,-83,-93,-110,-42,-14,130,-6,-43,10,29
3764,0,0,112,-90,-99,-98,-159,-14,-65,89,-85,-35
3765,1,1,-102,250,-138,-306,132,-89,-132,-53,-98,-101
3766,3,3,-133,-41,-171,178,-143,136,-95,-29,-5,-42
3767,7,2,-78,63,163,-42,-138,-166,-225,130,-4,-138
3768,0,0,191,-194,-162,-76,-144,10,89,-92,-48,-104
3769,3,3,-177,-52,-138,204,-59,-52,-272,56,6,71
3770,4,4,-99,-10,-94,-297,311,-160,-156,22,-187,-62
3771,8,8,-27,-110,-5,-64,-83,-36,-11,-5,143,-16
3772,2,2,-76,82,238,106,-345,-353,-334,146,-22,-183
3773,2,2,-69,35,175,34,-174,-155,-158,40,32,-110
3774,0,0,136,-138,-126,-47,-148,6,-47,11,-58,-7
3775,2,2,-44,26,266,2,-189,-160,-188,64,-82,-172
3776,5,5,-120,-48,-105,-78,-169,216,-11,-109,42,0
3777,1,1,-56,196,-99,-247,106,-67,-65,-68,-81,-113
3778,5,5,62,-91,-74,-136,-135,93,24,3,-41,-53
3779,1,1,-118,227,-110,-288,143,-91,-149,-34,-108,-76
3780,4,4,49,45,-15,-421,221,-136,69,-183,-166,-255
3781,8,8,-13,45,-158,-232,-2,-94,-2,-144,101,-98
3782,8,8,29,-105,101,20,-131,-173,-108,-18,136,-73
3783,9,9,-133,-119,-45,-48,107,-63,-215,29,-67,203
3784,1,1,-92,259,-97,-305,116,-110,-148,-39,-93,-110
3785,2,1,-8,162,141,-98,-90,-306,-249,103,-81,-175
3786,1,1,-102,250,-125,-272,127,-78,-121,-68,-81,-110
3787,3,3,26,-71,3,90,-72,-71,-169,24,-97,-48
3788,5,5,-51,-140,-203,-56,-146,238,-35,-32,-97,50
3789,1,1,-62,254,-151,-299,124,-69,-71,-116,-77,-163
3790,0,0,127,-74,-83,-82,-80,-13,-72,15,-187,18
3791,9,9,-22,-102,-87,-67,8,-25,-170,84,-131,128
3792,4,4,-69,29,-49,-242,221,-62,-71,16,-146,-155
3793,4,4,-95,18,-92,-240,200,-62,-117,-21,-144,14
3794,8,8,-154,-16,5,99,-129,-144,-214,46,182,2
3795,3,3,-234,10,-17,198,-108,-45,-286,114,-29,-26
3796,2,1,-14,151,35,-162,-80,-166,-129,19,15,-134
3797,5,5,-123,-131,-186,-41,-140,252,-59,-53,-76,78
3798,9,4,-146,14,-68,-179,138,-114,-304,93,-130,121
3799,7,7,-57,-22,102,2,-172,-102,-354,237,-201,-61
3800,6,6,12,-32,-128,-167,13,22,191,-176,-37,-217
3801,6,6,109,-35,-120,-302,49,-117,110,-89,-195,-172
3802,2,2,32,21,233,-52,-61,-214,-167,35,-96,-153
3803,0,7,52,-45,-70,-134,25,-136,-165,55,-165,-13
3804,0,0,146,-77,-90,-172,-42,-127,-51,-39,-80,-38
3805,0,0,171,-89,-91,-166,-133,-46,-37,32,-192,-69
3806,5,5,-67,-66,-260,-90,38,58,4,13,26,-62
3807,8,8,-69,-64,-49,-97,-94,-20,-83,-44,213,7
3808,7,7,-59,71,13,-139,-103,-99,-194,79,57,-73
3809,1,1,-58,248,-136,-292,118,-108,-68,-49,-110,-213
3810,5,5,-54,-138,-182,-18,-118,194,-3,-89,-69,79
3811,2,2,59,-22,78,-102,63,-175,-153,71,-183,-126
3812,3,3,-206,49,14,230,-55,-149,-303,149,-140,-97
3813,8,8,-61,-149,52,66,-236,-39,-48,-45,223,-70
3814,5,5,-56,-108,-174,-110,-116,221,8,-50,-24,1
3815,1,1,-37,289,-131,-365,127,-103,-81,-72,-153,-237
3816,8,8,-42,-136,-48,-43,-157,9,21,-48,219,-49
3817,2,2,114,-51,194,-101,71,-278,-91,-81,-90,-176
3818,0,0,77,-110,-120,-100,16,-13,-12,32,-210,-17
3819,4,4,-101,-58,-126,-237,261,-72,-139,72,-263,-20
3820,9,9,16,-120,-17,-76,10,-91,-226,114,-174,121
3821,9,9,-150,-149,-177,-94,104,37,-113,0,-131,231
3822,6,6,50,-120,-210,-205,-3,19,221,-126,-91,-126
3823,2,2,23,42,224,-55,-18,-227,-226,38,-164,-135
3824,3,3,-217,-30,-81,257,-107,-47,-265,46,-19,31
3825,3,3,-200,-42,-145,300,-124,25,-178,14,-88,-49
3826,5,5,-88,-66,-249,-97,-23,192,-7,8,-5,-30
3827,6,6,46,-137,-200,-161,-22,-5,226,-159,-27,-90
3828,4,4,-137,-18,-75,-137,223,-105,-175,101,-171,-18
3829,8,8,-35,-120,80,-127,-60,-15,-44,-78,178,-48
3830,0,0,154,-153,-161,-126,-146,-39,-98,79,-161,6
3831,9,7,-84,44,-95,-207,85,-123,-225,119,-107,30
3832,2,2,11,-49,188,32,-204,-266,-282,139,-22,-51
3833,8,1,-52,115,-35,-161,-6,-121,-131,-32,68,-67
3834,3,3,-257,48,58,283,-216,-169,-368,122,-40,-69
3835,6,6,47,-129,-260,-183,-9,-19,181,-75,-79,-140
3836,7,7,-198,-10,-155,-86,110,-110,-220,290,-158,-66
3837,5,5,-74,-64,-164,-96,-86,185,-66,-42,-65,66
3838,7,1,-155,134,-58,-134,119,-116,-170,70,-40,-123
3839,2,2,-65,60,252,81,-240,-339,-255,80,37,-194
3840,9,9,5,-148,-75,-53,31,-33,-117,-4,-78,152
3841,4,4,-129,-108,-17,-84,313,-166,-163,-1,-123,-68
3842,9,9,-91,-143,-107,-60,70,-8,-163,-20,-43,198
3843,1,1,-27,211,-91,-286,90,-84,-56,-54,-108,-167
3844,2,2,2,38,242,-86,-31,-242,-178,96,-148,-228
3845,8,8,-53,-46,-65,-98,-53,-123,-121,-129,231,-2
3846,6,4,-15,44,-221,-225,90,-64,15,-1,-165,-139
3847,0,0,154,-106,-67,-132,-132,-12,-10,22,-132,-41
3848,7,7,-61,76,99,-83,27,-304,-291,255,-160,-195
3849,0,0,166,-91,-86,-97,-165,-53,-97,88,-170,-11
3850,9,4,-117,-100,-116,-123,178,-96,-132,-34,-31,130
3851,1,1,-16,163,-64,-215,59,-64,-30,-59,-64,-132
3852,1,1,-71,223,-105,-251,92,-119,-89,-15,-91,-171
3853,6,6,59,-126,-75,-84,-77,-19,121,-133,69,-72
3854,7,7,-153,-1,-42,-23,-44,-105,-248,240,-148,16
3855,5,5,32,26,-307,-247,-67,141,63,-97,-54,-146
3856,9,9,-192,-10,-77,-42,113,-62,-261,63,-53,132
3857,9,9,-120,3,-109,-136,62,-96,-274,100,-55,123
3858,1,1,-72,250,-109,-276,115,-136,-104,-10,-124,-203
3859,9,9,-6,-94,10,-20,34,-98,-102,0,-41,71
3860,5,5,-74,-96,-162,-65,-51,193,33,-74,-55,1
3861,9,9,-95,-108,-69,-65,70,-40,-211,12,-4,195
3862,2,2,-66,107,181,-25,-126,-178,-286,166,-194,-140
3863,5,5,-63,-120,-114,-187,-103,203,80,-104,-3,-16
3864,0,0,143,-105,-68,-135,-140,-57,-66,5,-87,-20
3865,4,4,-130,79,-121,-311,337,-92,-133,-26,-181,-151
3866,1,1,-119,245,-137,-302,152,-75,-133,-74,-97,-89
3867,0,0,167,-105,-31,-127,-21,-156,-1,-42,-182,-31
3868,8,8,-7,-12,-41,-102,-64,-122,-67,-77,150,-68
3869,9,4,-99,57,-188,-286,247,-147,-151,-43,-77,-19
3870,0,0,122,-148,-28,-108,-94,-149,-107,79,-107,19
3871,8,8,48,-114,52,8,-170,-66,-77,-60,103,-24
3872,9,9,-70,-148,-86,-40,15,-95,-251,90,-32,181
3873,8,8,-5,-19,-146,-116,-19,-44,25,-104,94,-83
3874,9,9,-6,-48,-79,-86,37,-87,-116,35,-57,46
3875,4,4,-156,-99,-46,-70,275,-147,-220,52,-168,11
3876,2,1,10,85,63,-13,-172,-212,-135,44,2,-157
3877,5,5,-77,-111,-187,8,-77,195,-25,6,-123,-10
3878,7,7,-145,97,-30,-106,-7,-129,-269,179,-96,23
3879,9,9,6,-108,-74,-106,24,-50,-151,82,-175,126
3880,8,8,-42,-25,-18,-54,-119,-30,3,-46,117,-58
3881,9,9,-52,-88,-74,-79,19,-50,-175,95,-70,114
3882,8,8,-58,-150,-94,-5,-145,-6,-35,-104,249,19
3883,0,0,179,-112,-81,-106,-96,-64,-59,4,-189,-15
3884,9,9,4,-193,-139,-38,-16,-5,-106,18,-92,177
3885,9,9,-47,-136,-74,-73,83,-67,-195,56,-133,181
3886,6,6,51,-205,-193,-105,-68,36,301,-220,-28,-129
3887,8,8,-17,-97,16,-16,-147,-79,-33,-40,197,-71
3888,9,9,11,-153,-107,-40,-4,-48,-122,39,-69,128
3889,9,9,-89,-92,-32,-16,41,-125,-255,102,-3,122
3890,5,5,-122,-88,-263,30,-91,257,-46,-29,-12,-22
3891,9,9,-52,-70,-80,-113,47,-69,-164,70,-36,97
3892,8,8,-131,-5,-71,-177,122,-34,-50,-171,156,-44
3893,5,5,-39,-38,-148,-16,3,56,1,17,-99,-17
3894,1,1,-59,250,-95,-293,91,-128,-119,-11,-105,-165
3895,0,0,136,-43,-40,-175,-51,-152,-90,-13,-140,-42
3896,3,3,-236,-34,-104,268,-148,-7,-272,44,-16,34
3897,3,3,-161,46,-54,160,-101,-83,-232,54,-18,1
3898,5,5,-63,-105,-106,-30,-81,154,-69,-12,-36,49
3899,2,2,-5,-54,218,68,-147,-220,-218,64,-30,-102
3900,1,1,-51,263,-97,-340,123,-140,-139,-26,-176,-167
3901,6,6,69,-175,-162,-170,-51,14,235,-174,2,-113
3902,5,5,22,-117,-67,-72,-72,124,65,-72,-119,-59
3903,0,0,239,-99,-51,-201,-131,-105,35,-84,-158,-146
3904,2,2,-62,68,208,19,-231,-278,-289,137,-23,-126
3905,8,8,-71,21,49,-22,-75,-75,-96,19,102,-55
3906,1,1,-210,184,73,103,-197,-194,-379,165,-86,-92
3907,5,5,-83,-113,-240,-34,-109,244,4,-5,-47,-43
3908,6,6,65,-83,-214,-243,4,26,273,-279,-57,-215
3909,2,2,-60,35,204,30,-215,-249,-342,192,-87,-107
3910,3,3,-201,21,-44,295,-154,-92,-321,86,-131,-48
3911,0,0,203,-151,62,-155,-11,-179,-6,-98,-104,-45
3912,2,2,70,8,210,-161,58,-196,-81,-40,-144,-210
3913,2,2,109,-83,183,-92,28,-231,-155,0,-153,-109
3914,6,6,32,-118,-138,-112,-35,2,234,-169,-30,-127
3915,4,4,-45,52,-152,-314,264,-103,-85,-32,-194,-107
3916,3,3,-209,0,-37,205,-116,-119,-309,51,11,62
3917,5,5,-102,-84,-229,31,-84,208,-45,-26,-120,53
3918,5,5,-86,-68,-125,-24,-99,169,-76,-46,-7,42
3919,1,1,-97,234,-133,-298,132,-77,-103,-62,-102,-114
3920,7,7,-153,24,-35,-83,-20,-136,-286,252,-128,28
3921,2,2,-8,24,229,-22,-75,-250,-205,25,-16,-115
3922,1,1,-31,247,-167,-318,97,-60,-12,-110,-123,-238
3923,6,6,54,-45,-227,-220,-26,16,189,-132,-107,-137
3924,9,9,-115,-107,-42,-47,61,-78,-271,94,-32,158
3925,1,1,-112,327,-94,-316,94,-196,-159,-14,-98,-223
3926,9,9,-220,-39,-135,29,120,-56,-289,12,40,138
3927,9,9,-85,-130,-73,-16,43,-103,-238,112,-28,153
3928,5,5,-3,-69,-225,-164,-184,197,-17,47,-122,-61
3929,5,5,-86,-93,-183,-22,-162,217,-87,45,-97,10
3930,1,1,-63,265,-106,-337,127,-137,-137,-25,-157,-164
3931,6,6,39,1,-196,-289,71,21,243,-278,-131,-218
3932,2,2,17,7,247,-71,-100,-224,-267,122,-126,-117
3933,2,2,32,48,282,-96,-31,-255,-182,20,-105,-211
3934,8,8,-124,-105,-39,74,-131,-27,-142,-27,226,14
3935,6,6,88,-89,-242,-173,-35,35,186,-156,-108,-110
3936,7,7,-150,42,63,37,-64,-181,-340,238,-143,-35
3937,1,1,-64,195,-132,-257,83,-62,-84,-53,-71,-85
3938,4,4,-144,90,-95,-245,281,-136,-204,26,-157,-87
3939,6,6,71,-126,-125,-137,-27,5,76,-27,-161,16
3940,0,0,118,-74,-116,-100,-87,17,-34,16,-187,8
3941,4,4,13,49,-60,-344,205,-139,19,-106,-119,-235
3942,0,7,101,-113,-153,-126,-85,-70,-52,106,-174,-10
3943,3,3,-155,51,-127,131,-59,65,-67,-27,-55,-117
3944,3,3,-174,-25,-65,250,-102,-119,-322,63,-40,55
3945,2,2,40,70,218,-126,-10,-221,-169,48,-181,-200
3946,2,2,-19,43,74,15,-211,-204,-152,60,66,-92
3947,3,3,-218,-16,-92,319,-152,-64,-307,49,-28,7
3948,6,6,31,-152,-155,-129,-68,47,135,-38,-89,-10
3949,8,8,-37,-5,-28,-91,-41,-102,-48,-120,174,-69
3950,9,7,-127,-33,-80,-123,74,-85,-259,126,-37,106
3951,8,7,51,-84,-21,-7,-83,-86,-134,83,-18,0
3952,5,5,-105,-106,-248,17,-127,269,-6,-116,-76,24
3953,3,3,-162,2,-11,256,-128,-106,-218,113,-127,-120
3954,8,8,-25,-102,6,-17,-92,-95,-175,76,110,33
3955,5,5,-63,-84,-188,-136,-161,222,-47,-7,7,-17
3956,4,4,-210,23,-100,-171,333,-153,-256,31,-137,-39
3957,5,5,-148,-65,-152,-6,-91,229,-77,-29,-121,51
3958,2,2,48,-41,252,-49,-156,-196,-201,72,-83,-115
3959,0,0,205,-97,-50,-174,-141,-88,-50,-21,-170,-68
3960,5,5,-87,-132,-234,-94,-43,241,23,-50,-39,15
3961,6,6,134,-161,-129,-264,-78,37,271,-248,-62,-235
3962,3,3,-157,25,64,157,-40,-61,-85,-18,-26,-214
3963,2,2,60,49,256,-114,-14,-247,-207,52,-169,-210
3964,8,8,-31,-147,29,42,-117,-112,-123,-43,190,42
3965,3,3,-237,69,-78,242,-91,-4,-186,82,-96,-128
3966,9,9,-155,-158,-72,26,87,-47,-296,29,-81,233
3967,9,9,5,-54,-85,-106,7,-74,-83,31,-47,51
3968,5,5,-107,3,-98,12,-38,121,-44,10,-67,-34
3969,7,7,-186,109,29,-97,-77,-200,-394,271,-110,-1
3970,9,4,-78,77,-144,-253,147,-121,-205,34,-101,17
3971,4,4,-21,-38,-70,-141,161,-188,-43,-11,-7,-149
3972,6,6,87,-98,-176,-217,-20,7,244,-264,-48,-159
3973,7,7,-197,78,44,-35,-67,-256,-450,345,-177,-22
3974,1,1,-37,176,-72,-215,59,-82,-78,-14,-75,-110
3975,3,3,-153,-1,78,207,-35,-163,-286,116,-198,-122
3976,7,7,-121,111,-26,-88,-34,-99,-231,127,-50,8
3977,3,3,-190,45,-59,206,-157,-24,-248,70,-84,-42
3978,6,6,100,-101,-230,-227,-57,71,219,-186,-141,-152
3979,6,6,73,-131,-188,-205,-44,13,272,-239,-20,-166
3980,0,0,152,-116,-39,-140,-133,-100,-158,132,-198,7
3981,9,9,-78,-120,-58,-6,27,-88,-198,48,-48,157
3982,0,0,165,-144,-210,-102,-196,10,-68,96,-164,-7
3983,1,1,-85,275,-87,-302,101,-179,-126,-15,-87,-200
3984,9,4,-91,62,-109,-187,86,-103,-222,34,-40,78
3985,9,4,-152,61,-167,-237,217,-98,-194,10,-84,50
3986,2,2,-15,146,167,-72,-118,-202,-191,61,-134,-196
3987,8,8,-17,48,-161,-210,-7,-37,-51,-108,89,-65
3988,8,0,75,-78,-169,-134,-35,-66,12,-116,31,-32
3989,0,0,169,16,-95,-292,-75,-100,13,-74,-169,-173
3990,1,1,-36,244,-84,-338,89,-126,-108,-16,-148,-172
3991,6,6,44,-68,-205,-190,-31,25,217,-173,-57,-135
3992,9,9,-137,-105,-71,4,68,-86,-277,63,-27,200
3993,7,7,-129,54,49,-39,-61,-203,-369,274,-154,-25
3994,5,5,-54,-80,-201,-89,-148,186,-68,23,19,-18
3995,3,3,-122,-100,-234,184,-134,173,-59,-8,-118,-31
3996,4,4,-175,19,-33,-81,221,-134,-212,136,-203,-137
3997,7,7,4,-33,-33,-126,-66,-16,-83,147,-145,-45
3998,4,4,-47,92,-133,-369,219,-118,-53,-68,-196,-75
3999,9,9,-119,-113,-44,19,55,-67,-237,46,-30,160
4000,9,9,-121,-163,-44,-52,101,-34,-227,0,-21,215
4001,4,4,-138,12,-155,-227,255,-61,-163,60,-98,-40
4002,3,3,-191,-19,-209,268,-82,38,-200,-4,17,-38
4003,6,6,96,-176,-182,-212,-48,21,309,-286,-34,-171
4004,3,3,-214,63,-75,211,-84,-18,-181,76,-104,-92
4005,1,1,-74,212,-96,-262,91,-94,-110,-20,-119,-102
4006,1,1,-71,235,-104,-276,101,-132,-133,-14,-112,-132
4007,7,7,8,-55,-39,-87,23,-41,-75,73,-102,-24
4008,6,6,106,-192,-215,-151,-26,17,288,-255,-70,-116
4009,9,4,-156,29,-99,-172,169,-138,-289,72,-105,110
4010,1,1,-64,223,-89,-273,78,-92,-105,-27,-100,-119
4011,8,8,13,-110,-6,49,-150,-100,-66,-36,152,-48
4012,4,4,-152,-74,-96,-146,275,-59,-136,15,-141,8
4013,1,1,-121,212,-70,-125,66,-95,-150,-10,-89,-107
4014,1,1,-88,227,-111,-288,107,-98,-128,-21,-127,-103
4015,9,9,-20,-150,-151,-14,-9,-12,-138,-1,-44,122
4016,9,9,-25,-27,-85,-96,45,-103,-149,48,-40,54
4017,4,4,-75,48,-146,-254,189,-121,-62,-60,-44,-66
4018,3,3,-141,-6,-80,139,-165,107,-145,23,-18,-53
4019,6,6,80,-102,-180,-210,1,-3,255,-245,-70,-158
4020,8,8,-1,-103,-94,-48,-122,-55,-2,-48,196,-78
4021,1,1,-43,267,-122,-325,102,-133,-101,-38,-122,-192
4022,6,6,49,-162,-200,-145,-50,53,230,-225,0,-83
4023,0,0,113,-78,-157,-87,-127,-10,-67,72,-132,-21
4024,4,4,-143,112,-129,-284,309,-137,-191,26,-195,-136
4025,1,1,-100,239,-135,-307,153,-75,-114,-70,-118,-109
4026,3,3,-208,3,-54,262,-190,-82,-334,85,-30,15
4027,7,1,-105,105,-61,-163,65,-116,-209,88,-114,26
4028,7,7,-155,8,-20,-68,-71,-96,-297,261,-157,18
4029,4,4,-127,129,-154,-271,203,-92,-127,8,-133,-70
4030,9,4,-125,26,-57,-96,111,-74,-196,31,-31,71
4031,5,5,-44,-56,-191,-80,-69,140,4,-6,-91,-22
4032,1,1,-24,260,-142,-337,121,-102,-33,-97,-132,-256
4033,0,0,229,-160,-66,-130,-177,-80,-53,25,-176,-1
4034,0,0,206,-94,12,-92,-151,-144,-97,16,-92,-93
4035,1,1,-81,250,-104,-300,122,-130,-152,-22,-127,-130
4036,1,1,-75,263,-124,-312,128,-105,-116,-49,-131,-165
4037,6,6,64,-28,-158,-253,-59,4,225,-249,-21,-225
4038,2,2,-28,70,204,-10,-211,-263,-222,97,-18,-163
4039,1,1,-52,292,-106,-343,98,-156,-133,-8,-143,-208
4040,9,9,-97,-102,-78,-29,55,-28,-190,40,-57,133
4041,8,8,-67,-108,4,48,-184,-42,-124,25,214,-44
4042,4,4,-86,-8,-87,-282,296,-94,-131,26,-198,-87
4043,0,7,86,-99,-201,-122,-125,32,-37,114,-100,-70
4044,3,3,-163,8,-191,189,-82,70,-130,33,-104,-54
4045,6,6,37,-190,-114,-113,-106,12,248,-179,36,-87
4046,4,4,-75,50,-151,-309,282,-93,-92,-51,-181,-107
4047,9,4,-87,-16,-42,-61,75,-70,-184,64,-17,63
4048,0,7,114,-106,-21,-80,-101,-139,-155,128,-158,24
4049,7,7,-134,-8,-16,-48,-49,-117,-294,258,-132,19
4050,1,1,-66,164,-87,-213,88,-67,-77,-23,-84,-88
4051,6,6,24,-116,-272,-216,0,12,204,-124,-54,-96
4052,5,5,-130,13,-135,43,-49,129,-74,-23,-121,-18
4053,7,4,-81,74,-87,-166,79,-45,-104,67,-80,-42
4054,5,5,-16,-101,-191,-19,-169,213,-17,-104,-77,43
4055,2,2,-48,-16,232,174,-288,-347,-284,76,17,-153
4056,5,5,-130,-93,-239,-92,-18,184,-70,-10,-8,61
4057,1,1,-99,249,-108,-305,135,-100,-130,-48,-103,-108
4058,8,8,-11,-146,-7,15,-89,-98,-99,-46,195,14
4059,5,5,-48,-119,-93,-64,-190,201,-13,-69,-30,25
4060,4,4,-58,23,-81,-235,213,-83,-62,-46,-143,-49
4061,7,7,-61,77,-33,-159,22,-123,-202,166,-131,-48
4062,0,0,136,-36,-75,-208,-60,-142,-136,77,-192,-81
4063,6,6,39,-51,-221,-236,-96,104,140,-139,-44,-126
4064,7,7,-130,-5,-69,-62,-19,-128,-292,251,-86,35
4065,0,0,113,-94,-6,-50,-128,-15,-53,15,-85,-24
4066,2,2,-135,118,265,103,-299,-316,-363,146,-50,-170
4067,5,5,-84,-72,-134,10,-125,196,-102,-25,-108,43
4068,8,8,-13,-42,-13,-3,-127,-57,-11,-55,135,-101
4069,1,1,-105,240,-130,-319,146,-95,-141,-42,-133,-103
4070,0,0,201,-149,-104,-122,-195,-72,-126,104,-187,-20
4071,4,4,-58,24,-166,-236,171,-173,-96,23,-88,-47
4072,5,5,-74,-85,-220,-48,-77,230,35,-96,-37,-18
4073,7,7,-130,-23,-45,-52,-36,-108,-271,253,-125,37
4074,1,1,-109,208,-90,-274,111,-94,-147,-22,-91,-43
4075,8,0,82,-47,-128,-110,-105,-9,69,-56,13,-176
4076,5,5,-99,-98,-141,-85,-83,165,-53,-59,-3,95
4077,1,1,-118,209,-92,-241,114,-89,-152,-35,-72,-53
4078,9,2,84,-42,157,-65,-14,-172,-141,5,-112,-93
4079,0,0,156,-126,-137,-58,-131,-38,-9,7,-92,-24
4080,0,0,103,8,-79,-219,-125,-69,-78,99,-133,-138
4081,6,6,137,-130,-149,-287,-98,30,281,-234,-74,-257
4082,0,0,101,-80,-158,-80,-117,29,-82,61,-162,19
4083,7,7,-136,-29,-63,-39,-46,-112,-302,262,-112,47
4084,3,3,-60,-109,-6,178,-140,-65,-234,47,-30,36
4085,1,1,-98,243,-110,-292,117,-100,-132,-31,-104,-105
4086,8,8,15,-145,-34,17,-192,-3,5,51,93,-89
4087,3,3,-155,-3,-8,171,-96,-37,-215,94,-38,-34
4088,9,9,-148,-129,-88,-34,129,-65,-245,20,-11,210
4089,7,7,-88,5,20,-60,-44,-191,-279,254,-80,-27
4090,0,0,124,-35,-112,-114,-102,-57,-39,-16,-70,-78
4091,0,0,173,-236,-24,-68,0,-146,-77,-49,-124,94
4092,8,1,-10,58,-244,-264,-2,-9,47,-171,53,-142
4093,9,4,-66,-103,-69,-85,133,-25,-130,-53,-173,100
4094,5,5,-117,-75,-186,6,-40,186,28,-60,-20,-45
4095,9,9,-140,-92,-96,-26,70,-70,-259,56,-27,194
4096,8,8,-57,-113,-60,-35,42,-64,-75,-116,162,34
4097,3,3,-181,24,-75,219,-58,-66,-259,77,-96,-48
4098,2,2,-64,21,178,23,-85,-148,-279,88,-86,-69
4099,7,7,-84,14,147,15,-138,-238,-388,267,-138,-89
4100,2,3,-171,72,157,218,-268,-252,-333,106,13,-141
4101,9,4,-147,3,-101,-151,136,-121,-272,76,-43,126
4102,7,7,-91,-39,-74,-105,13,-89,-180,220,-152,27
4103,2,2,-80,119,219,-18,-97,-227,-203,85,-84,-216
4104,1,1,-25,289,-90,-368,114,-147,-128,-28,-211,-224
4105,1,1,-62,289,-102,-299,86,-155,-136,-3,-139,-211
4106,3,3,-195,-38,-65,274,-175,-103,-334,49,7,52
4107,7,7,-134,64,84,28,-100,-155,-306,212,-129,-62
4108,5,5,-89,-60,-268,-98,-74,197,-28,37,-37,-29
4109,3,3,-173,49,-86,173,-87,10,-179,48,-88,-27
4110,1,1,-79,243,-116,-259,95,-132,-123,2,-99,-166
4111,9,9,-6,-170,-132,-65,28,18,-66,-20,-97,173
4112,8,8,-65,-39,-12,44,-56,-221,-229,74,120,-26
4113,2,2,-31,88,198,-36,-50,-217,-189,80,-138,-220
4114,2,2,-49,92,154,7,-107,-208,-240,112,-100,-113
4115,2,2,53,62,256,-159,11,-275,-225,64,-172,-214
4116,8,8,9,-138,-99,-22,-53,-33,-34,5,90,7
4117,8,2,-22,-68,161,2,-141,-157,-110,-20,101,-64
4118,5,5,-84,-76,-144,-51,-71,192,30,-74,-31,-19
4119,7,7,-141,108,-102,-127,-16,-143,-281,211,-70,-11
4120,3,3,-109,-12,-24,138,-99,-58,-238,108,-111,-4
4121,8,8,-52,-40,-96,-56,7,-82,-70,-109,156,-9
4122,9,9,-150,-112,-44,-49,116,-76,-270,93,-119,194
4123,8,3,-78,-27,87,117,-159,-109,-182,17,58,-28
4124,8,8,29,-48,-61,-126,8,-102,-55,-48,57,-42
4125,6,6,70,-111,-221,-195,50,-3,189,-167,-189,-105
4126,8,0,58,-39,-9,-102,-31,-96,27,-91,41,-106
4127,2,2,-32,110,221,-78,-164,-254,-250,122,-73,-159
4128,3,3,-85,-55,-153,142,-108,73,-115,-26,-73,42
4129,9,9,-33,-58,-105,-84,37,-106,-171,56,-13,86
4130,7,7,-165,70,5,-64,-7,-227,-363,292,-136,-21
4131,5,5,-52,-35,-221,-172,-105,169,22,-62,-63,-7
4132,6,6,44,-84,-255,-192,16,22,247,-223,-85,-164
4133,2,2,-1,-34,206,-5,-81,-206,-138,-1,-4,-113
4134,9,4,-20,-26,-120,-205,71,-108,-117,31,-101,51
4135,2,2,16,42,148,-88,1,-168,-68,-2,-77,-173
4136,8,8,-50,-82,65,81,-116,-154,-183,9,144,-16
4137,8,8,-66,-29,-236,-144,68,-34,63,-180,122,-103
4138,1,1,-58,313,-112,-349,99,-169,-155,3,-170,-226
4139,6,6,21,-170,-116,-162,-25,33,200,-106,-58,-61
4140,8,2,-36,-87,153,-34,-165,-68,-122,49,103,-74
4141,8,8,15,-85,-104,-16,-136,-91,-103,33,129,-18
4142,7,7,13,2,48,-95,15,-191,-218,130,-64,-61
4143,9,4,-148,23,-105,-157,160,-115,-263,46,-84,117
4144,1,1,-92,249,-120,-276,115,-96,-125,-50,-80,-116
4145,8,0,56,-12,-104,-153,-73,-53,-93,-22,16,-63
4146,0,0,133,10,-124,-255,-119,-26,20,-34,-118,-140
4147,1,1,-53,216,-74,-262,61,-110,-115,18,-137,-139
4148,7,7,-121,77,98,-37,1,-242,-293,255,-141,-108
4149,2,2,32,4,265,-31,-98,-221,-217,88,-240,-194
4150,0,0,191,-157,-47,-85,-61,-102,-78,-37,-162,25
4151,7,7,-48,-105,-96,-92,-65,-86,-224,282,-191,29
4152,5,5,-45,82,-243,-271,-23,88,26,-92,-60,-79
4153,1,1,-66,246,-120,-327,131,-96,-93,-71,-112,-148
4154,9,9,-16,-135,-5,-47,60,-76,-112,26,-82,98
4155,0,0,229,-124,-63,-121,-226,-57,-60,54,-164,-51
4156,2,2,-39,58,86,82,-239,-220,-229,65,31,-92
4157,0,0,210,-137,-43,-176,-3,-156,2,-114,-153,-93
4158,9,9,-77,-124,-90,-100,47,22,-161,64,-133,155
4159,8,7,-87,-38,34,47,-70,-165,-215,132,66,-9
4160,6,6,149,-145,-134,-252,-33,1,248,-233,-113,-197
4161,2,2,44,-8,190,-66,-2,-148,-78,-14,-124,-162
4162,3,3,-335,33,-78,368,-234,13,-339,65,-45,-41
4163,9,7,56,-60,-74,-141,-19,-80,-152,57,-149,22
4164,3,3,-266,11,-150,346,-137,2,-246,50,-45,-39
4165,8,1,21,69,-106,-185,-38,-44,12,-125,49,-121
4166,0,0,161,62,-123,-334,-121,-98,-66,1,-210,-166
4167,2,2,-61,9,178,-2,-211,-180,-211,108,35,-99
4168,1,1,-28,256,-150,-347,108,-56,-25,-126,-131,-211
4169,1,1,-45,283,-115,-359,127,-118,-112,-50,-162,-206
4170,1,1,-71,174,-80,-204,105,-69,-83,-62,-40,-76
4171,1,1,-87,244,-107,-263,90,-72,-126,-57,-62,-105
4172,4,4,-188,118,-212,-287,304,-70,-151,4,-109,-131
4173,2,2,1,30,150,-54,-20,-182,-114,-1,-24,-122
4174,9,4,-118,38,-130,-204,161,-116,-231,53,-91,66
4175,7,7,-90,112,42,-86,-64,-235,-336,257,-132,-78
4176,2,7,-37,52,106,-62,10,-125,-144,119,-157,-157
4177,5,5,-59,-219,-182,-91,-67,212,113,-189,-27,52
4178,1,1,-20,203,-62,-324,46,-96,-24,-68,-70,-210
4179,1,1,-99,238,-116,-312,126,-94,-127,-30,-131,-108
4180,2,2,38,56,187,-41,-133,-279,-173,10,-26,-192
4181,1,1,-76,254,-130,-311,123,-85,-78,-94,-85,-139
4182,9,9,-124,-103,-53,-48,111,-66,-244,87,-61,148
4183,9,9,-133,-50,-64,-17,39,-17,-238,73,-121,139
4184,9,7,-102,-14,-108,-145,84,-72,-189,94,-63,93
4185,1,1,-79,256,-111,-315,64,-132,-81,-47,-50,-193
4186,0,0,151,-67,-52,-235,-29,-199,-167,53,-179,-51
4187,2,2,0,-14,161,-56,-49,-93,-44,3,-19,-125
4188,0,0,106,-121,-72,-114,-58,-121,-140,63,-93,23
4189,2,2,33,-26,237,-42,-169,-197,-200,77,-90,-145
4190,1,1,-107,214,-106,-263,105,-73,-129,-24,-107,-70
4191,1,1,-60,228,-108,-273,102,-93,-89,-26,-132,-166
4192,4,4,-110,-5,-76,-184,241,-79,-127,24,-130,-52
4193,6,4,26,60,-165,-377,150,-109,48,-88,-182,-157
4194,4,4,-109,61,-73,-190,171,-74,-168,-8,-90,10
4195,1,1,-125,218,-104,-283,127,-100,-166,-13,-129,-56
4196,5,5,-86,-80,-141,37,-144,192,-109,15,-128,29
4197,4,4,-74,60,-58,-213,218,-59,-74,-79,-100,-92
4198,9,9,-64,-157,-131,-6,31,-31,-142,7,4,163
4199,7,7,-44,60,-71,-154,20,-55,-118,84,-77,-13
4200,7,7,-203,76,30,-24,-85,-202,-401,306,-162,-20
4201,1,1,-62,153,-74,-253,75,-71,-119,31,-108,-67
4202,5,5,-25,-99,-155,-67,-152,188,34,-102,-51,19
4203,6,6,25,-45,-180,-171,43,-8,174,-110,-94,-182
4204,2,2,21,45,256,-34,-97,-263,-102,-17,-112,-267
4205,2,0,96,-62,80,-173,-156,-216,-56,89,-40,-135
4206,2,2,19,21,186,-76,-88,-207,-287,159,-165,-129
4207,8,8,-53,30,-17,20,-82,-165,-130,-39,145,-75
4208,0,0,163,-186,-15,-71,-48,-159,-89,9,-152,66
4209,6,6,43,-106,-228,-172,17,32,274,-263,-39,-207
4210,9,9,-10,-95,-92,-52,21,-29,-91,36,-86,93
4211,6,6,65,-89,-196,-271,-136,69,178,-171,1,-152
4212,1,1,-90,168,-22,-57,-10,-82,-176,25,-106,-72
4213,9,7,-113,-66,-77,-112,85,-113,-263,138,-76,121
4214,7,7,-124,63,-121,-209,59,-75,-203,216,-158,-47
4215,7,7,-221,56,3,3,13,-175,-334,292,-96,-71
4216,1,1,-51,206,-129,-272,27,-70,-90,-8,-80,-127
4217,4,4,-167,-53,-97,-187,290,-54,-178,-9,-111,83
4218,8,8,-1,-137,-109,-55,-135,-34,51,-114,201,-71
4219,5,5,-114,-108,-197,-64,-117,262,-48,-88,-23,67
4220,3,3,-227,10,-113,313,-136,-53,-300,60,-85,-14
4221,4,4,-172,55,-79,-123,218,-53,-155,-32,-74,-39
4222,3,3,-49,-92,39,215,-96,-136,-265,67,-91,-47
4223,4,4,-109,-134,-108,-124,193,-54,-55,-27,-57,63
4224,9,7,-103,45,-32,-94,22,-89,-198,132,-74,24
4225,7,7,-171,77,125,12,-47,-257,-359,299,-143,-121
4226,5,5,-69,-149,-178,-55,-119,232,-25,-53,-92,68
4227,0,7,110,-36,-124,-194,-144,-24,-112,131,-186,-81
4228,7,7,-141,75,109,11,-43,-213,-305,259,-151,-121
4229,4,4,-194,9,-120,-147,289,-103,-205,41,-111,-35
4230,8,8,16,-159,24,-78,-80,-84,46,-98,168,-60
4231,8,8,-12,-82,8,6,-100,-83,-102,-14,142,11
4232,1,1,-80,176,-91,-225,99,-59,-92,-39,-68,-70
4233,5,5,-72,-109,-235,-132,-106,247,-15,-73,-29,43
4234,3,3,-233,-30,-157,325,-142,27,-229,13,-28,-9
4235,9,9,-83,-125,-46,18,43,-67,-179,15,-18,168
4236,5,5,-114,-152,-223,-51,-85,278,-4,-60,-77,44
4237,9,4,-79,-48,-83,-141,132,-68,-146,-26,-81,121
4238,7,7,-116,-19,68,79,-86,-158,-303,182,-89,-13
4239,6,6,84,-168,-179,-168,-129,82,222,-211,9,-134
4240,9,9,-134,-128,-123,-19,79,19,-188,-26,-77,212
4241,0,0,239,-180,-101,-105,-174,-39,-39,-9,-153,-28
4242,3,3,-272,-35,-237,320,-128,100,-240,-13,-44,30
4243,6,6,72,-101,-222,-254,-33,63,247,-248,-66,-151
4244,3,3,-184,23,-1,166,-131,-35,-258,131,-130,-57
4245,9,9,-159,-130,-41,2,88,-62,-251,55,-52,186
4246,8,8,-46,-169,59,61,-139,-100,-136,-23,189,45
4247,2,2,-27,80,277,-79,-160,-226,-198,74,-66,-175
4248,2,1,1,69,-114,-227,-32,-47,-61,37,-54,-87
4249,1,1,-54,252,-108,-286,103,-89,-76,-81,-78,-154
4250,2,2,-33,85,233,-24,-137,-209,-258,119,-151,-159
4251,8,8,11,-46,16,-76,-176,-94,-60,-19,164,-70
4252,6,6,10,-83,-273,-178,39,70,298,-292,-107,-225
4253,8,8,-38,-177,28,23,-125,-31,-5,-91,185,-15
4254,5,5,-32,-94,-145,-106,-59,164,2,-96,-90,40
4255,5,5,-66,-7,-157,-11,-46,131,-55,6,-144,-32
4256,3,0,106,-106,32,-8,-54,-57,-51,-54,-127,-46
4257,9,9,-63,-139,-74,-30,36,-78,-165,69,-74,147
4258,4,4,-149,130,-183,-316,288,-64,-115,-20,-157,-165
4259,9,4,-65,50,-156,-213,116,-19,-64,-45,-110,9
4260,2,2,-32,58,176,-15,-189,-213,-289,150,-79,-100
4261,5,5,-55,-131,-162,-22,-134,196,34,-85,-45,18
4262,1,1,-61,317,-47,-359,98,-218,-141,-24,-134,-254
4263,5,5,-81,-29,-158,41,-144,186,-87,3,-96,15
4264,1,1,-98,212,-101,-269,124,-90,-122,-30,-102,-86
4265,4,4,-64,78,-65,-159,126,-108,-135,3,-105,-14
4266,4,4,-176,121,-210,-310,278,-98,-187,14,-155,-56
4267,1,1,-55,298,-131,-337,111,-138,-105,-38,-151,-241
4268,4,4,-112,-45,-26,-94,174,5,-64,8,-87,-107
4269,4,4,26,-140,-105,-141,155,-34,42,-45,-152,-69
4270,3,3,-255,-14,-67,252,-108,11,-258,68,-26,-24
4271,5,5,-25,-84,-147,-24,-49,88,-57,37,-98,24
4272,9,9,-67,-108,-60,-27,17,-2,-130,3,-44,134
4273,1,1,-81,206,-110,-271,107,-82,-104,-20,-130,-110
4274,2,2,-29,123,192,-40,-242,-303,-248,77,3,-181
4275,2,2,-39,61,265,-38,-105,-303,-259,54,4,-174
4276,3,3,-144,-79,-161,221,-118,97,-140,-10,-64,19
4277,3,3,-56,8,-33,138,-128,13,-143,33,-118,-69
4278,0,0,202,-136,-134,-87,-191,-34,-60,39,-132,-50
4279,2,2,-119,46,211,76,-74,-188,-217,90,-55,-169
4280,9,4,-149,59,-93,-185,153,-136,-271,45,-79,111
4281,0,0,179,-45,-53,-230,-43,-161,-40,-46,-184,-100
4282,0,0,156,-154,-103,-187,-168,-20,-27,51,-48,-64
4283,9,9,-22,-157,-110,-46,-28,-33,-109,71,-64,132
4284,9,9,-135,-34,-122,-49,12,56,-148,54,-133,81
4285,6,6,25,-103,-254,-153,34,85,249,-216,-112,-203
4286,0,0,170,-116,-54,-53,-99,-57,-71,3,-170,13
4287,9,9,15,-155,-128,-84,28,-9,-92,0,-113,154
4288,3,3,-272,-18,-90,314,-164,-53,-368,84,-51,31
4289,2,7,26,-72,54,-48,-25,-195,-176,91,18,-28
4290,8,8,-58,-78,-61,-43,-129,1,-10,-59,207,-48
4291,4,4,-77,-79,-80,-91,183,-39,-109,42,-178,-12
4292,1,1,-18,243,-98,-320,83,-96,-52,-76,-106,-194
4293,9,9,-53,-116,-94,-94,67,-36,-120,17,-104,154
4294,9,7,-87,-136,-141,-33,28,-31,-197,154,-132,98
4295,7,7,-166,81,16,-50,-70,-185,-375,267,-123,-2
4296,2,2,77,-2,223,-129,-40,-161,-31,-100,-138,-217
4297,7,1,-48,141,-20,-141,-110,-202,-258,138,-27,-80
4298,9,9,-151,-99,-81,-28,18,34,-247,54,-146,191
4299,9,7,6,26,-112,-226,52,-157,-164,65,-101,-11
4300,5,6,37,-168,-296,-132,-120,172,190,-154,-39,-73
4301,9,9,-2,-136,-152,-108,-24,33,-63,43,-105,89
4302,5,5,-71,-64,-242,10,-61,165,7,-34,-84,-30
4303,1,1,-57,276,-94,-371,96,-141,-79,-54,-100,-230
4304,1,1,-76,216,-111,-265,92,-71,-90,-31,-128,-126
4305,8,8,17,-129,-54,-48,-160,-129,-20,-33,224,-74
4306,3,7,-111,-36,-92,53,-72,-4,-157,87,41,20
4307,5,5,-57,-165,-271,-137,-116,253,25,-52,-35,26
4308,1,1,-42,228,-117,-286,46,-98,-31,-72,-61,-199
4309,9,9,-44,-40,-94,-136,46,-56,-184,33,-113,102
4310,5,5,-27,-67,-306,-161,-116,218,34,1,12,-92
4311,3,3,-203,61,-128,149,-77,90,-147,7,-113,-38
4312,5,5,-48,-73,-320,-98,-66,201,48,-78,-47,-15
4313,4,4,-171,95,-109,-201,179,-73,-184,74,-97,-34
4314,9,7,-52,15,-83,-117,66,-149,-204,92,-42,21
4315,5,5,-145,-95,-260,58,-114,219,4,-116,-32,37
4316,9,9,-55,-49,-62,-45,36,-67,-158,39,-27,98
4317,3,7,-81,-31,-99,37,-43,-12,-180,103,-122,46
4318,1,1,-48,229,-82,-286,104,-123,-69,-32,-99,-210
4319,9,9,-122,-85,-58,-74,116,-56,-229,17,-76,168
4320,0,0,205,-169,1,-149,-16,-222,-54,-59,-122,-32
4321,9,9,-60,-129,-155,-33,51,-53,-184,2,-80,150
4322,7,7,-147,18,2,-72,-23,-190,-328,290,-160,11
4323,5,5,-62,-37,-133,-30,-56,151,7,-57,-13,-25
4324,4,4,-177,108,-115,-227,275,-97,-187,24,-143,-119
4325,9,4,-133,91,-74,-215,105,-90,-242,66,-130,69
4326,2,2,57,-6,193,-110,6,-255,-118,24,-125,-191
4327,0,0,152,-87,-77,-67,-170,-7,-147,83,-190,0
4328,1,1,-33,286,-107,-352,107,-100,-68,-94,-116,-216
4329,0,0,125,-153,-100,-100,-39,-42,-49,22,-181,41
4330,5,5,-84,-26,-170,-63,-101,187,-12,-95,-48,50
4331,1,1,-91,182,-92,-212,88,-86,-120,-6,-77,-65
4332,4,4,-80,125,-163,-346,281,-104,-103,-44,-177,-148
4333,9,9,-106,-24,-94,-170,93,-27,-233,37,-186,129
4334,3,3,-246,20,-90,241,-93,-12,-290,90,-154,-9
4335,3,3,-157,-28,-40,145,-68,-59,-252,48,-6,54
4336,6,6,85,-97,-194,-183,-4,14,219,-218,-103,-135
4337,1,1,-63,238,-125,-269,106,-66,-69,-91,-74,-148
4338,5,5,-121,-67,-198,-20,-54,188,-130,49,-214,73
4339,2,2,-45,79,195,-1,-202,-273,-263,132,-36,-123
4340,5,5,-69,-72,-194,-32,-96,201,-46,-6,-144,38
4341,2,2,-2,45,162,-127,19,-221,-181,118,-110,-194
4342,2,2,-28,5,215,-18,-152,-171,-178,84,-36,-130
4343,0,0,133,-87,-171,-138,-161,22,69,-66,-30,-120
4344,9,9,-13,-81,12,-12,14,-19,-41,-22,-9,50
4345,2,2,37,40,229,-116,-9,-252,-120,-31,-57,-218
4346,6,6,56,-78,-157,-198,6,40,217,-211,-75,-140
4347,6,6,67,-92,-200,-224,20,16,263,-277,-66,-165
4348,0,0,194,-57,-33,-237,-129,-126,-37,-3,-106,-125
4349,1,1,-41,201,-182,-307,152,-42,-40,-109,-152,-161
4350,2,2,-76,35,146,50,-165,-193,-192,54,58,-126
4351,0,0,177,-124,-142,-118,-210,40,38,-9,-85,-91
4352,3,3,-177,-85,-115,246,-82,-23,-273,4,-4,94
4353,0,0,161,-20,-32,-197,-170,-78,-79,82,-157,-134
4354,2,2,-57,128,193,-13,-146,-272,-257,139,-101,-195
4355,5,5,-36,-107,-163,-58,-79,156,26,-33,-38,-32
4356,5,5,-48,-127,-219,-132,-49,196,80,-88,-38,-16
4357,7,7,-166,5,-48,-32,-17,-128,-281,259,-152,20
4358,9,9,-17,-76,-22,-57,43,-117,-199,41,-85,84
4359,5,7,-4,-21,-93,-106,-120,61,-98,76,-77,2
4360,5,4,-86,48,-209,-134,82,49,-65,-4,-152,-87
4361,0,0,134,-43,-85,-195,-125,-43,-33,52,-160,-120
4362,8,8,-56,-95,-97,-29,-64,-35,-43,-104,215,4
4363,9,9,-129,-162,-183,-28,-1,150,-63,-77,-76,181
4364,5,5,-80,-84,-224,-20,-51,189,-11,3,-34,-31
4365,0,0,188,-129,2,-120,-87,-132,-146,20,-193,-15
4366,3,3,-205,-47,-96,295,-145,-7,-267,38,-39,18
4367,2,2,5,121,188,-82,-46,-209,-121,-20,-123,-220
4368,5,5,-87,-61,-188,10,-32,122,-53,22,-95,35
4369,9,4,-55,19,-74,-101,86,-106,-151,10,-27,36
4370,0,0,167,18,-45,-267,-103,-125,-14,-46,-133,-158
4371,8,8,-31,17,-166,-144,-45,-90,-96,-129,162,5
4372,8,8,-49,-39,35,18,-131,-164,-141,-2,199,-63
4373,4,4,-89,77,-51,-294,284,-119,-127,-44,-164,-110
4374,5,5,9,-93,-133,-15,-118,111,-22,-18,-132,35
4375,8,8,-9,-40,-113,-189,-65,16,62,-140,110,-87
4376,8,2,-79,41,115,37,-96,-178,-170,72,62,-126
4377,4,4,-154,50,-209,-210,241,-67,-126,20,-87,-70
4378,5,5,-87,-62,-152,15,-143,210,-50,-66,-55,19
4379,4,4,-107,36,-63,-272,278,-115,-196,-8,-185,-19
4380,8,5,-58,-101,-109,-47,-74,99,71,-92,87,-41
4381,5,5,-82,-123,-230,-42,-104,260,-10,-94,-72,51
4382,4,4,-136,77,-80,-248,237,-99,-182,22,-116,-1
4383,9,9,-40,-142,-93,-40,32,0,-102,16,-47,140
4384,2,2,-32,117,155,-82,-12,-219,-131,3,-69,-219
4385,2,2,-39,91,225,-17,-221,-300,-251,109,-23,-189
4386,1,1,-24,260,-164,-360,75,-78,-48,-101,-105,-192
4387,2,2,-24,76,203,-13,-111,-225,-154,22,-78,-175
4388,6,6,66,-187,-171,-152,-52,64,237,-148,-81,-113
4389,8,8,-9,26,-59,-186,-63,-30,23,-123,97,-86
4390,8,8,13,-106,-63,-29,-192,-133,-96,-14,219,-57
4391,7,7,-63,-24,-133,-143,-41,-46,-142,212,-133,4
4392,0,0,230,-188,-52,-105,-129,-117,-95,28,-201,40
4393,3,5,-28,-4,-75,63,-111,71,-72,-5,-180,-88
4394,6,6,45,-136,-184,-201,-8,35,235,-160,-120,-99
4395,6,6,14,-143,-300,-163,37,29,200,-88,-78,-135
4396,4,4,-65,71,-192,-288,233,-161,-88,-66,-69,-92
4397,3,3,-237,73,-48,238,-87,-32,-180,100,-141,-190
4398,8,8,-66,-61,29,-15,-118,-133,-187,36,197,-10
4399,8,8,99,-185,-90,-19,-145,-121,0,-49,107,-39
4400,7,1,-152,121,-49,-52,15,-90,-190,85,-34,-16
4401,2,2,4,42,200,-42,-101,-215,-225,105,-132,-149
4402,2,2,-51,87,244,-26,-226,-233,-255,108,-73,-142
4403,0,0,106,-109,-72,-111,-59,-6,-81,-4,-178,84
4404,0,0,194,-128,-113,-110,-182,-10,-28,23,-127,-50
4405,9,4,-163,23,-71,-85,140,-97,-238,36,-32,89
4406,3,3,-250,58,-59,322,-193,-100,-388,81,-93,-3
4407,9,9,-41,-128,-97,-37,16,-50,-141,26,20,132
4408,9,9,-10,-112,-108,-94,17,-57,-122,93,-131,97
4409,1,1,-27,272,-88,-370,128,-151,-80,-48,-141,-249
4410,9,9,-34,-107,-48,-52,15,-137,-188,69,27,96
4411,8,8,-62,-106,-34,-27,-87,-37,-82,-40,227,14
4412,6,6,47,-68,-225,-210,50,35,262,-253,-114,-185
4413,6,6,30,20,-249,-231,67,9,188,-210,-103,-210
4414,4,4,-134,45,-152,-272,267,-72,-129,10,-146,-55
4415,2,2,95,-161,113,-7,1,-215,-196,6,-105,26
4416,6,6,33,-133,-202,-126,-45,26,207,-148,-2,-83
4417,9,9,-124,-125,-108,-35,41,-27,-256,-1,-54,238
4418,2,2,33,20,305,-63,-169,-216,-233,85,-163,-190
4419,8,4,-83,59,-92,-100,66,-58,3,-6,42,-209
4420,5,5,-78,-92,-246,-23,-184,250,-59,56,-139,-22
4421,4,4,-34,-94,-176,-209,175,14,-27,12,-233,-18
4422,5,5,-96,-117,-188,-6,-126,221,-79,33,-145,17
4423,7,7,-180,57,21,-23,1,-159,-284,264,-67,-103
4424,9,4,-109,7,-85,-141,133,-109,-226,76,-67,69
4425,9,4,-138,-14,-136,-194,185,-56,-206,-36,-99,146
4426,9,9,-51,-33,-141,-127,56,-57,-140,-8,-25,111
4427,2,2,-54,60,146,-3,-258,-266,-267,140,39,-94
4428,1,1,-21,230,-112,-291,81,-86,-47,-68,-99,-195
4429,8,5,-7,-130,-130,-128,-199,132,72,-68,96,-53
4430,3,3,-223,-2,-83,283,-122,-5,-238,50,-61,-21
4431,4,4,-223,138,-145,-232,318,-138,-225,7,-127,-108
4432,0,0,119,15,-56,-183,-51,-79,-41,8,-161,-113
4433,7,7,-119,31,69,-26,63,-163,-208,176,-127,-80
4434,8,8,-75,-79,-21,81,-135,-59,-80,-14,177,-19
4435,3,3,-192,19,-28,168,-123,-87,-288,117,-42,12
4436,9,9,-143,-60,-49,-59,112,-57,-223,3,-32,173
4437,3,7,-74,60,55,59,-101,-98,-239,107,-136,-62
4438,4,4,-16,-120,-141,-69,122,-63,39,-47,-105,-78
4439,6,6,36,-83,-209,-202,52,-22,127,-75,-119,-84
4440,5,5,-137,-62,-169,47,-148,204,-153,27,-111,57
4441,6,6,-15,-112,-270,-164,44,11,134,8,-157,-102
4442,2,2,-31,103,163,23,-58,-235,-190,51,-136,-201
4443,3,7,-77,56,3,45,-86,-78,-196,84,-69,-23
4444,9,9,-32,-123,-53,-54,69,-74,-119,-19,-11,130
4445,2,2,-25,18,151,-12,-44,-107,-135,50,-107,-109
4446,6,6,50,-141,-148,-140,-39,38,238,-172,-55,-113
4447,0,0,202,-95,-38,-168,-141,-88,-45,18,-173,-105
4448,0,0,132,-113,-46,-164,-50,-90,-112,46,-185,21
4449,6,6,53,-144,-171,-164,-55,10,195,-149,23,-104
4450,1,1,-50,244,-111,-289,97,-88,-79,-67,-91,-146
4451,2,2,-4,60,124,-26,-157,-182,-128,38,-2,-106
4452,8,8,-56,-20,-59,-65,-1,-53,-45,-72,143,-42
4453,7,7,-98,107,-14,-100,-41,-148,-254,184,-83,-31
4454,9,9,-42,-74,0,-54,20,-83,-152,5,-14,96
4455,8,8,78,-183,-68,-22,-106,-126,12,-85,143,-44
4456,2,2,3,36,246,12,-274,-321,-249,87,-9,-171
4457,0,0,229,-175,-42,-162,-196,-85,-40,17,-104,-70
4458,4,4,-215,12,-112,-108,271,-99,-215,31,-85,-27
4459,7,7,-189,41,59,-21,-96,-233,-454,340,-180,-6
4460,7,7,-150,29,82,-28,-126,-174,-376,275,-147,-18
4461,5,5,-66,-61,-145,-62,-90,156,-53,7,-52,31
4462,0,0,236,-196,-145,-95,-159,-36,-30,-9,-172,13
4463,5,5,-76,-126,-137,2,-105,197,-9,-48,-90,35
4464,6,6,20,-147,-202,-143,-35,20,209,-107,-51,-82
4465,4,4,-65,-9,25,-122,188,-85,-113,20,-133,-78
4466,6,6,43,-55,-243,-171,14,31,225,-218,-71,-187
4467,7,1,-99,139,-120,-254,88,-101,-178,123,-95,-113
4468,4,4,-79,129,-144,-283,270,-144,-117,25,-151,-258
4469,3,3,-121,15,-13,146,-135,-53,-248,54,-75,1
4470,0,0,186,-63,-118,-206,-154,-33,-14,-16,-134,-121
4471,7,7,-142,11,41,-18,-92,-200,-421,316,-160,-16
4472,5,5,-73,-99,-184,-52,-112,205,25,-89,23,3
4473,0,0,150,-9,-62,-219,-145,-36,-33,35,-164,-145
4474,7,7,-204,79,78,1,-126,-241,-467,347,-187,-45
4475,4,4,-139,-6,-103,-203,240,-61,-99,-53,-83,11
4476,2,2,-13,95,218,-68,-110,-246,-181,62,-90,-194
4477,0,0,142,42,-105,-279,-75,-22,72,-121,-182,-182
4478,8,8,-10,-80,-122,-63,-44,-29,58,-150,149,-68
4479,9,7,-189,52,-66,-110,74,-67,-285,108,-79,85
4480,9,9,-119,-130,-104,-58,-3,37,-187,45,-12,156
4481,4,4,-88,121,-69,-225,199,-149,-145,20,-140,-96
4482,2,2,43,-38,217,-18,-103,-157,-265,80,-157,-86
4483,4,4,-141,132,-144,-255,226,-114,-180,32,-84,-87
4484,6,6,76,-164,-213,-181,4,67,272,-216,-118,-139
4485,7,7,-60,45,-30,-126,25,-178,-223,211,-87,-108
4486,8,8,29,-39,-112,-169,-36,-56,36,-109,76,-83
4487,7,7,-114,-7,155,9,-247,-194,-325,205,38,-100
4488,6,6,38,-132,-150,-163,-50,64,191,-175,-9,-62
4489,9,4,-98,-62,-69,1,90,-96,-229,19,-31,85
4490,4,4,-104,-35,-100,-282,316,-116,-144,-43,-150,16
4491,1,1,-77,191,-73,-195,87,-70,-99,-58,-34,-75
4492,3,3,-162,21,-62,196,-152,9,-203,32,-26,-25
4493,7,7,-128,51,38,-27,-67,-201,-367,246,-114,5
4494,3,7,-39,-15,-3,12,2,-48,-125,48,-177,-105
4495,0,0,218,-28,-12,-270,-81,-216,-47,-56,-147,-154
4496,8,8,-43,-33,-73,-41,-28,-65,-84,-43,151,11
4497,8,7,-87,-25,-2,32,-66,-81,-148,101,58,3
4498,7,7,-86,71,97,-135,21,-187,-173,160,-47,-215
4499,6,6,103,-159,-248,-203,-62,-24,272,-229,-19,-146
4500,9,9,-129,73,-69,-121,61,-42,-157,-17,-16,96
4501,3,3,-169,-30,-20,217,-67,-13,-256,64,-182,-35
4502,9,9,-140,-33,-75,-114,124,-91,-250,42,-43,159
4503,2,2,-39,113,151,-10,-221,-222,-201,73,-18,-138
4504,2,2,-34,106,155,-35,-82,-136,-187,88,-134,-151
4505,9,4,-158,-44,-130,23,78,28,-173,44,-123,46
4506,2,2,61,-59,194,-47,-51,-247,-282,126,-162,-85
4507,1,1,-66,176,26,-116,-14,-208,-223,47,-69,-92
4508,8,8,-61,-73,66,8,-181,-75,-163,37,154,9
4509,3,3,-180,6,-16,172,-121,-88,-282,68,-9,35
4510,2,2,-29,31,225,-25,-193,-169,-253,116,-90,-116
4511,9,9,-163,-148,-96,78,96,-54,-237,6,-27,188
4512,6,6,61,-61,-158,-261,20,17,267,-282,-81,-203
4513,8,8,-18,-105,-71,-164,-182,55,47,-102,135,-14
4514,4,4,-90,108,-137,-248,234,-167,-175,27,-108,-110
4515,0,0,159,-140,-84,-143,-151,-103,-112,103,-119,-46
4516,1,1,-52,235,-161,-286,117,-60,-36,-98,-92,-186
4517,2,2,33,39,290,-79,-48,-212,-235,65,-192,-205
4518,8,8,-67,-58,49,13,-150,-90,-68,-12,195,-103
4519,4,4,-132,92,-179,-319,281,-120,-192,22,-142,-63
4520,5,5,-100,-153,-248,-106,-97,245,-38,-67,10,70
4521,2,2,-65,131,175,-4,-116,-178,-301,134,-178,-126
4522,7,7,-201,41,-30,-23,-41,-168,-353,255,-103,42
4523,8,1,-51,112,-88,-168,-33,-88,-113,-34,87,-97
4524,1,1,-27,287,-125,-367,104,-119,-98,-58,-160,-222
4525,1,1,-85,246,-140,-324,126,-89,-105,-62,-113,-119
4526,3,3,-171,-33,-40,216,-120,-81,-294,43,-12,70
4527,0,0,173,-140,-43,-140,-175,-59,-36,20,-72,-34
4528,3,3,-159,-16,-177,235,-181,134,-147,-26,-33,-59
4529,5,5,-80,-95,-229,-42,-97,228,-4,-41,-40,2
4530,7,7,-118,16,-25,-27,-52,-63,-186,174,-99,10
4531,0,0,141,-76,-86,-94,-147,-19,-53,62,-127,-55
4532,3,3,-283,53,-90,230,-107,4,-303,117,-117,-18
4533,1,1,-59,185,-102,-237,94,-63,-62,-47,-84,-119
4534,9,9,-60,-152,-80,-24,22,-96,-189,68,-22,177
4535,3,3,-195,-86,-122,271,-143,14,-289,50,-29,48
4536,6,5,38,-146,-251,-84,-180,176,63,-40,-36,-25
4537,3,3,-221,36,-83,298,-171,-124,-342,74,-61,7
4538,1,1,-134,230,-76,-234,111,-112,-186,-19,-78,-64
4539,7,7,-142,67,-46,-109,42,-208,-299,256,-86,-29
4540,7,7,-52,-24,56,-46,-97,-232,-299,178,23,-28
4541,3,3,-273,-79,-144,329,-153,28,-320,59,-21,35
4542,0,0,226,-183,-43,-126,-130,-111,-19,-59,-107,-25
4543,8,8,-164,-19,23,98,-185,-85,-190,52,167,-31
4544,4,4,-105,77,-156,-313,277,-114,-119,-23,-171,-70
4545,8,8,-38,-41,14,-21,-101,-134,-134,-8,176,-10
4546,2,2,-29,8,218,-7,-215,-216,-164,53,24,-120
4547,6,6,71,-108,-32,-195,11,-16,167,-153,-46,-123
4548,5,5,-37,10,-156,-62,-20,109,42,-18,-75,-158
4549,2,2,-4,121,252,-144,-117,-244,-230,133,-142,-216
4550,9,9,-123,-94,-58,-82,73,-67,-278,79,-60,181
4551,7,7,-105,95,-168,-222,90,-23,-105,109,-90,-114
4552,3,3,-184,-41,-102,216,-33,-43,-254,70,-82,12
4553,9,9,-127,-147,-70,27,32,-47,-263,67,-66,171
4554,0,0,210,-207,-46,-93,-76,-102,-101,40,-246,37
4555,9,4,-154,-79,-103,-90,175,-33,-232,-10,-41,172
4556,9,9,-99,7,-104,-140,88,-48,-164,7,-30,113
4557,6,6,84,-120,-214,-225,9,-15,274,-252,-53,-183
4558,4,4,-62,-73,-138,-230,239,-127,-61,-51,-128,13
4559,2,2,39,53,320,-80,-130,-328,-307,114,-156,-208
4560,9,9,-59,-159,-93,-21,1,-13,-97,5,-51,177
4561,7,7,-35,5,-54,-133,-2,-93,-165,170,-82,-18
4562,2,2,60,-71,268,-66,-120,-278,-320,126,-112,-88
4563,1,1,-39,243,-16,-271,76,-203,-159,38,-170,-192
4564,1,1,-35,265,-174,-332,109,-83,-35,-103,-122,-237
4565,6,6,31,-61,-213,-177,13,42,237,-248,-65,-174
4566,7,7,-139,48,33,-12,32,-167,-230,218,-92,-87
4567,4,4,-96,52,-56,-206,206,-111,-167,26,-121,-28
4568,7,7,-57,-19,19,-45,-57,-118,-250,186,-94,12
4569,5,5,-64,-64,-162,6,-120,174,-11,-57,-72,7
4570,9,4,-28,-173,-153,-59,75,-77,-52,-31,37,72
4571,6,0,116,-213,-79,-6,-150,-100,114,-94,44,-58
4572,8,8,-6,-145,18,-142,85,-159,-88,-131,165,-31
4573,2,2,-14,18,177,4,-136,-209,-267,151,-116,-116
4574,1,1,-2,238,-127,-334,86,-54,-2,-149,-124,-225
4575,4,4,32,57,-6,-253,139,-143,-137,44,-209,-86
4576,4,4,-148,70,-84,-251,286,-128,-220,4,-128,-42
4577,5,5,-48,34,-197,-138,-24,120,0,-4,-52,-73
4578,7,7,-84,93,-60,-159,-5,-84,-206,146,-115,-18
4579,6,6,42,-127,-139,-193,-25,40,221,-235,4,-90
4580,1,1,-74,302,-142,-331,104,-155,-133,-7,-150,-231
4581,3,3,-222,-12,-115,359,-168,-53,-254,43,-49,-61
4582,2,2,14,50,160,-142,12,-187,-72,-60,-13,-151
4583,5,5,-58,12,-247,-134,-25,165,15,-62,-59,-46
4584,9,9,-19,-147,-60,-55,52,-128,-162,36,-54,147
4585,9,9,-38,-143,-83,-79,96,-22,-50,-70,-75,150
4586,3,3,-113,-44,-47,148,-76,-22,-240,40,-67,47
4587,6,6,28,-140,-221,-147,-23,65,282,-226,-58,-144
4588,1,1,-101,222,-87,-252,106,-91,-137,-36,-73,-74
4589,1,1,-44,255,-74,-339,109,-157,-80,-46,-106,-223
4590,4,4,-107,109,-155,-311,285,-102,-126,-20,-174,-128
4591,6,6,-13,-115,-237,-128,66,56,278,-225,-121,-202
4592,9,9,-104,-153,-15,-68,156,-107,-258,43,-104,191
4593,7,7,-137,54,34,-25,-109,-154,-336,261,-198,-22
4594,2,7,-57,38,158,14,-145,-176,-301,167,-119,-86
4595,1,1,-76,228,-112,-261,97,-118,-125,-44,-63,-112
4596,5,5,-102,-107,-154,-34,-159,218,-73,-77,-65,93
4597,1,1,-60,252,-87,-299,103,-162,-136,11,-133,-178
4598,4,4,-105,69,-85,-257,233,-109,-162,-14,-140,-29
4599,6,6,52,-59,-160,-196,26,10,239,-267,-67,-177
4600,3,3,-207,-70,-56,334,-186,-75,-373,71,-54,28
4601,8,4,-158,26,-115,42,103,-153,-201,71,88,-105
4602,1,1,-42,297,-103,-386,129,-150,-98,-44,-165,-253
4603,1,1,-109,234,-103,-301,131,-107,-158,-23,-120,-80
4604,0,0,154,-196,-102,-126,-4,-35,95,-97,-125,-65
4605,3,3,-127,-15,-60,190,-129,-57,-220,33,-14,-27
4606,1,1,-78,286,-88,-313,113,-181,-129,-10,-119,-221
4607,6,6,63,-7,-211,-263,17,-6,217,-235,-69,-228
4608,8,8,21,-138,-134,-43,-39,-76,84,-154,141,-113
4609,4,4,-101,109,-191,-250,203,-109,-107,44,-73,-183
4610,9,7,-104,-54,-93,-79,43,-95,-263,116,-29,116
4611,0,0,235,-183,-71,-111,-131,-57,13,-59,-127,-20
4612,7,7,-151,53,-41,-80,-13,-136,-283,245,-109,4
4613,3,3,-203,23,-27,253,-135,-94,-313,119,-132,-54
4614,0,0,145,-143,-125,-91,-47,-4,40,-48,-122,-37
4615,2,2,51,-1,203,-148,129,-230,-53,-79,-152,-281
4616,9,9,-104,-109,-61,-7,52,-45,-179,56,-57,148
4617,0,0,141,-110,-99,-112,-69,-3,-3,-7,-178,10
4618,6,6,78,-143,-113,-154,-68,-20,233,-178,-17,-120
4619,6,6,83,-139,-243,-201,-131,88,192,-185,16,-98
4620,6,6,108,-2,-52,-251,18,-42,146,-223,-118,-190
4621,3,3,-299,56,-73,353,-150,-66,-325,132,-134,-95
4622,6,6,56,-166,-129,-116,-75,39,201,-120,-17,-124
4623,7,7,-128,-3,-50,-89,-23,-126,-268,281,-153,10
4624,7,7,-117,18,56,-22,-94,-169,-352,248,-148,-4
4625,2,2,-41,82,180,-15,-188,-243,-268,133,-47,-124
4626,8,8,-6,-78,16,-40,-41,-150,-111,-51,132,-17
4627,6,6,62,-83,-254,-224,0,87,170,-159,-172,-43
4628,0,0,185,-116,-60,-92,-169,-78,-48,38,-112,-47
4629,8,8,-47,-141,34,34,-99,-71,-104,-34,202,20
4630,3,3,-125,30,-58,126,-53,8,-89,34,-54,-65
4631,0,0,260,-229,-38,-118,-157,-114,-45,-47,-125,-1
4632,2,2,12,7,186,-3,-87,-243,-96,-24,-71,-207
4633,9,9,-84,-71,-81,-113,43,-23,-167,100,-80,107
4634,8,8,-107,29,-135,-121,69,-44,-101,-75,143,-9
4635,3,3,-60,12,-93,122,-149,77,-123,11,-150,-77
4636,2,2,-38,104,258,-50,-80,-261,-203,48,-71,-226
4637,5,5,-104,-94,-131,-7,-147,207,-94,-50,-40,70
4638,3,3,-205,27,-101,246,-115,12,-213,85,-123,-86
4639,8,9,-86,-70,-23,2,-39,-38,-211,44,31,105
4640,8,8,13,-35,35,-56,-147,-76,-92,-23,100,-12
4641,0,0,153,-119,-131,-46,-137,2,2,-16,-84,-24
4642,0,0,139,-69,-76,-124,-149,-30,-11,3,-63,-71
4643,1,1,-97,227,-141,-280,147,-73,-124,-78,-105,-98
4644,9,9,-40,-48,-123,-106,44,-75,-150,38,-35,92
4645,5,5,-69,-100,-186,-73,-192,246,-73,-50,-38,44
4646,1,1,-30,176,-81,-221,51,-71,-66,-28,-73,-107
4647,3,3,-231,-18,-85,209,-100,0,-273,99,-81,17
4648,9,9,-117,-44,-86,-60,72,-93,-246,97,-24,123
4649,6,6,63,-80,-222,-228,12,28,273,-277,-92,-183
4650,0,0,179,-121,-67,-89,-109,-46,-27,-20,-166,21
4651,1,1,-95,241,-128,-315,131,-91,-117,-37,-139,-122
4652,4,4,-78,32,-40,-222,239,-93,-121,13,-130,-111
4653,1,1,-73,247,-106,-284,102,-123,-125,-3,-146,-159
4654,7,7,-74,-28,-2,-79,64,-155,-181,217,-134,-56
4655,1,1,-51,214,-132,-281,108,-61,-54,-98,-77,-128
4656,2,2,-72,58,265,-32,-51,-141,-120,27,-58,-264
4657,3,3,-164,-5,50,271,-271,-157,-294,49,32,-44
4658,7,7,-77,11,73,-65,-30,-169,-213,223,-65,-119
4659,9,9,-136,-88,-67,-50,106,-35,-208,70,-100,151
4660,7,7,-177,12,29,-16,54,-137,-267,192,-114,-1
4661,4,4,-119,57,-122,-277,308,-102,-128,-44,-133,-101
4662,9,4,-189,-18,-86,-138,209,-70,-247,39,-107,122
4663,9,9,-81,-79,-72,-58,68,-84,-231,59,-54,116
4664,3,3,-221,11,-77,205,-55,-66,-259,53,-26,16
4665,9,9,-138,-34,-55,-66,94,-60,-216,9,10,158
4666,2,2,-86,78,160,52,-204,-213,-257,115,-9,-125
4667,8,8,-70,-149,-36,23,-89,-93,-132,-58,286,-6
4668,2,4,23,88,86,-195,115,-145,-115,-5,-146,-156
4669,7,7,-99,51,-92,-181,27,-116,-245,236,-133,-25
4670,1,1,-40,279,-99,-366,120,-143,-105,-36,-143,-225
4671,8,3,-68,-112,-28,160,-160,-77,-163,-9,96,7
4672,0,0,195,23,-41,-326,-110,-128,-31,-19,-205,-194
4673,9,9,-79,-167,-70,-25,27,-105,-197,66,17,171
4674,1,1,-48,249,-80,-265,103,-122,-54,-47,-138,-249
4675,0,0,147,-85,-95,-163,-169,-37,-76,69,-135,-57
4676,1,1,-60,176,-90,-215,62,-60,-80,-17,-92,-93
4677,7,7,-102,120,102,-80,-113,-259,-364,277,-136,-117
4678,7,7,-158,48,18,-41,-84,-190,-356,310,-143,-38
4679,9,9,-89,-130,-120,-13,23,20,-143,61,-108,118
4680,6,6,90,-203,-168,-162,-40,23,299,-239,-40,-130
4681,9,9,-4,-172,-93,-74,63,-55,-96,16,-111,139
4682,9,9,-151,-67,-40,-2,24,-58,-250,69,7,148
4683,9,9,-91,-139,-70,1,49,-41,-174,30,-34,162
4684,2,2,52,-16,212,-90,-112,-188,-111,29,-56,-142
4685,1,1,-126,223,-120,-288,133,-78,-145,-40,-100,-60
4686,6,6,83,-139,-243,-153,-81,-15,223,-147,-27,-114
4687,1,1,-46,237,-108,-300,88,-99,-87,-25,-116,-180
4688,3,3,-230,28,-102,271,-65,-54,-247,72,-49,-61
4689,5,5,-49,-111,-191,-81,-73,200,76,-117,-70,-17
4690,7,7,-31,10,47,-63,-20,-79,-256,139,-188,13
4691,1,1,-6,289,-93,-421,131,-148,-57,-89,-158,-287
4692,9,9,-36,-98,-85,-60,-11,7,-156,74,-157,81
4693,7,7,-78,-18,-90,-121,-26,-51,-160,193,-147,35
4694,6,6,53,-129,-253,-170,-21,41,263,-237,-41,-140
4695,4,4,-178,78,-193,-260,301,-120,-221,13,-107,-19
4696,5,5,-58,13,-123,-3,-111,118,-83,49,-157,-12
4697,7,7,-128,11,75,-29,-109,-177,-375,289,-188,-21
4698,6,6,79,-134,-232,-206,55,1,234,-234,-123,-99
4699,6,6,22,75,-107,-213,-6,-23,97,-135,-31,-179
4700,9,9,-125,-67,-68,-64,49,-79,-267,79,-10,171
4701,9,9,-152,-87,-22,1,45,-100,-282,92,-22,160
4702,6,6,46,-149,-106,-123,-88,35,157,-159,18,-11
4703,3,3,-224,70,-110,227,-93,30,-180,52,-112,-107
4704,6,6,51,-71,-219,-204,23,48,205,-195,-109,-157
4705,2,2,-14,33,260,-28,-195,-245,-173,51,-30,-178
4706,9,9,-20,-151,-83,-92,85,-104,-145,10,-37,131
4707,8,8,-70,-73,-2,-9,-37,-134,-179,-34,173,69
4708,1,1,-41,281,-133,-344,123,-94,-73,-73,-150,-230
4709,2,2,44,60,283,-64,-128,-312,-160,6,-83,-248
4710,2,2,-106,40,245,146,-317,-300,-314,82,49,-157
4711,5,5,-88,-19,-96,-107,-126,166,-87,-29,-14,36
4712,5,5,-74,-173,-180,-87,-67,180,-40,-51,-15,95
4713,2,2,-52,36,178,99,-158,-213,-134,11,-82,-216
4714,3,3,-159,-20,-55,228,-133,-34,-291,68,-140,5
4715,7,7,-159,47,51,-25,-104,-160,-376,280,-174,-16
4716,2,2,-79,-6,184,22,-103,-224,-205,17,72,-64
4717,1,1,-70,284,-126,-347,114,-146,-96,-43,-107,-223
4718,0,0,170,-121,-60,-146,-183,-91,-51,46,-65,-57
4719,1,1,-28,166,-84,-224,81,-81,-43,-33,-81,-142
4720,0,0,147,-23,25,-141,-138,-98,-169,118,-182,-114
4721,4,4,-76,1,-61,-177,190,-36,-77,-44,-107,-10
4722,5,5,-38,-56,-107,23,-65,114,-12,3,-73,-34
4723,2,2,-98,23,140,114,-198,-135,-318,110,-71,-56
4724,8,0,115,-207,14,-56,-17,-169,-55,-106,103,-23
4725,2,2,-15,78,240,-85,-122,-194,-213,106,-117,-173
4726,8,8,-32,43,-119,-158,-69,-5,-18,-104,102,-53
4727,3,3,-268,-3,-65,264,-139,-42,-302,96,-24,9
4728,5,5,-112,-84,-159,37,-80,194,-16,-14,-77,-38
4729,1,1,-93,232,-161,-302,143,-80,-106,-73,-86,-107
4730,7,7,-178,29,-18,-25,-54,-142,-316,283,-172,-8
4731,8,7,8,-18,15,-58,-158,-70,-133,45,33,1
4732,1,1,-61,312,-109,-350,96,-181,-128,-17,-135,-241
4733,1,1,-27,230,-118,-398,66,-93,-10,-87,-86,-239
4734,2,2,-2,42,185,1,-137,-274,-179,5,31,-152
4735,9,9,-147,-29,-73,-112,108,-29,-228,30,-98,157
4736,7,7,-99,60,132,-64,-35,-238,-360,282,-161,-114
4737,8,8,-30,-124,-71,-105,-101,29,122,-126,144,-67
4738,4,4,-99,96,-118,-283,259,-57,-65,-86,-159,-102
4739,0,0,131,-115,43,-125,40,-101,5,-73,-120,-48
4740,3,1,-63,74,-68,-138,19,-5,-109,68,-229,-80
4741,0,0,193,-135,-157,-80,-118,-38,44,-61,-130,-46
4742,7,7,-130,-1,13,-28,4,-118,-227,221,-122,-17
4743,8,8,38,-103,-90,34,-141,-2,-22,-23,68,-34
4744,8,8,8,-46,44,-90,-127,-97,-39,-71,146,-65
4745,4,4,-141,56,-24,-179,249,-113,-205,-32,-133,-27
4746,7,7,-153,128,-166,-280,100,-102,-237,241,-191,-137
4747,7,7,-117,-44,-84,-28,-45,-84,-274,243,-91,37
4748,8,8,-46,-142,37,32,-214,-118,-189,67,210,14
4749,5,5,-80,-70,-137,-111,-84,192,-3,-77,-42,54
4750,8,8,-80,-71,20,93,-143,-159,-153,-17,222,-52
4751,4,4,48,14,-60,-225,115,-74,75,-142,-109,-124
4752,9,9,-52,-49,-106,-101,56,-41,-154,28,-82,97
4753,8,8,-48,-51,-80,-37,-93,-77,-113,-65,195,40
4754,1,1,-25,292,-97,-347,112,-136,-110,-48,-189,-235
4755,3,3,-180,21,-59,165,-63,0,-123,16,-34,-81
4756,8,8,-16,-76,25,-85,-41,-108,-63,-90,170,-16
4757,0,0,181,-172,-42,-137,-120,-153,-158,93,-186,22
4758,3,3,-231,-14,-52,293,-186,-80,-337,71,13,15
4759,1,1,-109,179,-85,-157,99,-119,-123,16,-64,-109
4760,7,7,-193,111,-24,-103,-34,-157,-337,241,-104,8
4761,9,4,-120,108,-221,-169,127,-79,-152,-11,9,-23
4762,5,5,-71,-161,-204,-79,-119,261,-10,-83,-74,65
4763,5,6,57,-64,-101,-176,5,82,84,-127,-176,-68
4764,1,1,-27,223,-120,-307,78,-83,-41,-67,-96,-185
4765,6,6,9,-155,-243,-96,-95,48,178,-60,-23,-58
4766,5,5,-39,-86,-144,14,-173,186,-11,-45,-37,-27
4767,7,7,-68,-83,-54,-61,-70,-85,-249,283,-190,15
4768,4,4,-105,-147,-78,-105,221,-155,-163,69,-155,46
4769,9,9,-103,-98,-61,-1,50,-46,-195,37,-33,152
4770,3,3,-206,-18,-78,259,-135,-46,-289,37,-39,45
4771,5,5,-65,-79,-160,-131,-103,168,-7,-70,12,46
4772,4,4,-145,144,-119,-290,287,-127,-167,48,-161,-202
4773,7,7,-158,108,48,-21,-65,-253,-393,291,-147,-52
4774,1,1,-92,212,-145,-283,110,-63,-92,-55,-87,-94
4775,2,2,93,31,293,-189,-80,-301,-62,-50,-96,-267
4776,0,0,135,-222,-171,-73,-63,-32,24,-9,-118,8
4777,8,6,4,50,-177,-193,-25,13,72,-167,21,-133
4778,1,1,-127,216,-83,-261,110,-103,-179,-1,-91,-48
4779,6,6,55,-202,-225,-135,-28,50,224,-125,-100,-38
4780,0,0,169,-68,-50,-180,-96,-112,-20,-32,-85,-94
4781,7,7,-142,32,-27,-24,-96,-167,-379,288,-105,-4
4782,3,3,-151,-57,-46,217,-134,-64,-292,76,-67,40
4783,4,4,-113,-13,-101,-170,163,-35,-125,2,-134,63
4784,7,7,-121,20,-122,-172,12,-98,-249,266,-119,-1
4785,3,3,-179,-35,-27,250,-178,-122,-286,23,71,35
4786,9,9,-41,-160,-32,-15,54,-101,-190,15,-20,165
4787,6,6,52,-89,-223,-193,36,35,287,-263,-100,-213
4788,0,0,141,-77,-136,-144,-131,13,44,-54,-104,-75
4789,8,8,-52,-123,-121,-116,-163,89,47,-103,207,-53
4790,6,6,53,-81,-125,-225,14,-8,249,-266,-13,-182
4791,4,4,-156,17,-76,-117,214,-15,-93,-65,-124,-53
4792,8,8,-94,-90,93,-35,-204,-17,-116,-2,199,-18
4793,7,7,-131,24,-82,-70,-35,-64,-234,224,-69,-19
4794,7,7,-115,71,-113,-219,49,-92,-216,252,-209,-103
4795,9,9,-79,-182,-102,-9,32,-47,-187,15,-13,206
4796,3,3,-178,-4,-72,205,-110,-53,-260,73,-48,15
4797,8,8,-13,-136,15,35,-183,-83,-107,-38,196,15
4798,6,6,63,-78,-213,-208,-49,52,210,-226,-32,-134
4799,9,9,-48,-95,-2,-6,3,-116,-211,57,-37,123
4800,7,7,-132,-12,-4,-25,-64,-146,-333,274,-150,9
4801,2,2,-17,110,196,-181,4,-148,-48,-49,-60,-268
4802,3,3,-107,3,-56,106,-57,-23,-162,30,-42,34
4803,4,4,-166,186,-195,-350,330,-140,-193,42,-179,-219
4804,0,0,194,-190,-90,-146,-61,-54,103,-151,-57,-70
4805,2,2,-35,74,226,-1,-214,-228,-249,104,-73,-137
4806,1,1,-70,218,-83,-241,84,-82,-103,-42,-75,-105
4807,8,0,124,11,-99,-152,-90,-26,12,-52,-88,-160
4808,3,3,-140,19,-98,110,-85,17,-155,99,-94,-20
4809,5,5,-114,-133,-327,-20,-77,278,-14,-23,-21,-18
4810,5,5,-71,-80,-190,-102,-117,205,-32,-39,7,17
4811,7,7,-191,43,19,-32,-40,-249,-462,355,-181,0
4812,2,2,37,105,168,-105,-175,-267,-180,42,-41,-174
4813,4,4,-75,-25,-145,-224,206,-125,-51,-87,-24,3
4814,6,6,14,-22,-204,-170,31,-14,63,20,-151,-143
4815,7,7,-92,85,-104,-180,85,-119,-188,132,-98,-31
4816,2,2,-41,72,91,16,-34,-80,-79,-13,-96,-173
4817,8,8,-125,-96,11,111,-160,-66,-178,-3,175,28
4818,3,3,-299,34,-47,282,-114,-100,-371,102,-22,1
4819,0,0,170,-29,-59,-211,-128,-136,-55,3,-111,-108
4820,8,8,-79,-124,-119,13,-144,52,-111,4,184,43
4821,7,7,-103,-43,-98,-102,-60,-62,-232,302,-195,-3
4822,8,8,-17,-93,-24,-46,-26,-90,-87,-65,141,1
4823,9,6,-10,-94,-130,-146,64,-32,70,-147,-44,40
4824,0,0,153,94,-72,-360,-32,-180,-79,-23,-200,-174
4825,8,8,-19,-64,69,-31,-38,-150,-157,49,104,-16
4826,4,4,-164,33,-80,-90,219,-74,-151,-5,-112,-58
4827,4,4,-181,65,-145,-278,307,-78,-183,71,-130,-116
4828,5,5,-134,-55,-144,32,-36,138,-40,25,-80,-49
4829,8,8,18,-81,-18,-36,-220,-51,-75,44,150,-80
4830,5,5,-25,-142,-146,-19,-129,173,-17,-62,-71,64
4831,6,6,-8,-121,-270,-155,-13,71,188,-78,-27,-158
4832,6,6,63,1,-162,-280,53,-4,222,-262,-121,-205
4833,3,3,-232,-33,55,317,-215,-85,-307,68,-7,-68
4834,0,0,134,-101,-80,-113,-81,-3,-32,13,-184,26
4835,9,9,-116,-129,-70,-48,1,-42,-291,115,-20,156
4836,3,3,-162,-66,-123,225,-122,90,-164,7,-77,8
4837,7,7,-15,123,114,-116,-127,-299,-309,170,-80,-127
4838,6,6,37,-115,-170,-144,-96,112,157,-142,-18,-104
4839,8,8,51,-41,-4,-29,-93,-177,-86,-44,70,-71
4840,9,9,-101,-61,-101,-109,82,-14,-139,-39,-17,162
4841,3,3,-167,20,5,205,-153,-175,-329,94,-7,8
4842,4,4,-188,-30,-119,-225,326,-58,-210,11,-143,54
4843,9,9,-65,-35,-92,-107,72,-63,-155,45,-61,83
4844,5,5,-45,-3,-178,-37,-100,130,-69,77,-166,-24
4845,8,8,-44,-43,45,-47,-137,-116,-143,31,187,-30
4846,9,4,-114,-57,-74,-137,151,-72,-201,10,-61,145
4847,1,1,-92,205,-120,-272,131,-61,-104,-64,-73,-82
4848,2,2,-73,6,210,82,-239,-248,-266,100,48,-123
4849,8,8,1,-93,-87,-135,-58,-57,36,-165,167,-36
4850,8,8,-9,-50,28,-24,-91,-146,-140,-4,143,-15
4851,6,6,88,-105,-213,-222,-15,2,235,-235,-76,-146
4852,8,6,-32,-130,-68,-83,-76,20,147,-120,133,-118
4853,1,1,-21,267,-166,-364,110,-77,-48,-94,-145,-225
4854,3,3,-191,-33,-172,278,-68,10,-209,35,-73,-27
4855,7,7,-64,-30,-29,-33,15,-102,-199,173,-73,-3
4856,9,9,-95,-100,-33,-3,43,-66,-215,84,-32,116
4857,0,7,98,42,-49,-161,-118,-61,-113,103,-141,-133
4858,1,1,-63,277,-106,-318,96,-152,-149,9,-156,-182
4859,1,1,-53,266,-106,-316,98,-131,-119,-19,-141,-178
4860,4,4,-73,-42,-141,-200,222,-156,-158,12,-57,18
4861,7,7,-23,54,-41,-68,-116,-162,-240,150,-16,-58
4862,0,7,95,-91,-110,-130,-147,-101,-144,177,-148,-15
4863,8,8,-26,30,19,-42,-10,-134,-143,39,49,-35
4864,1,1,-37,169,-71,-211,54,-74,-72,-17,-68,-103
4865,7,7,-116,-36,-61,-49,-30,-145,-280,266,-48,12
4866,4,4,-199,78,-125,-230,295,-124,-230,61,-156,-80
4867,5,5,-112,-25,-157,-16,-111,228,-92,-17,-166,34
4868,7,7,-52,9,44,-38,-105,-182,-308,196,-60,-15
4869,1,1,-62,251,-132,-339,141,-89,-112,-70,-142,-148
4870,2,2,20,35,306,-106,-107,-231,-143,0,-48,-218
4871,1,1,-66,169,-81,-213,78,-69,-87,-11,-98,-88
4872,1,1,-57,263,-115,-334,108,-139,-84,-36,-109,-214
4873,3,3,-293,38,-16,259,-208,-132,-453,141,-55,30
4874,9,0,84,-97,-78,-121,-36,5,-26,-18,-184,53
4875,6,6,88,-169,-215,-179,2,-26,309,-279,-20,-158
4876,2,2,-5,-7,161,-62,65,-124,-43,-38,-77,-204
4877,1,1,-61,222,-141,-266,111,-68,-67,-68,-99,-140
4878,2,2,21,2,236,-115,-60,-212,-165,73,-50,-183
4879,8,6,-12,-44,-175,-145,-17,-32,95,-102,48,-76
4880,0,0,99,-130,-104,-79,-95,-30,-20,-38,-18,4
4881,7,7,-42,-48,1,-42,-69,-149,-241,193,1,-8
4882,6,6,72,-194,-163,-46,-208,43,204,-158,29,-111
4883,6,6,53,-143,-198,-180,-17,59,207,-138,-55,-125
4884,9,9,-152,-32,-69,-110,139,-87,-273,55,-47,154
4885,3,3,-204,-37,-109,249,-106,-46,-281,20,17,57
4886,7,1,-62,174,28,-147,-106,-245,-253,142,-39,-122
4887,0,7,102,-22,-42,-142,-163,-75,-151,187,-146,-124
4888,5,5,-45,-84,-187,-51,-71,90,-11,89,-63,-27
4889,2,2,-70,76,248,32,-187,-269,-242,73,-3,-192
4890,8,6,37,-155,-53,-151,17,-62,130,-193,96,-109
4891,0,0,171,-135,-24,-73,-73,-95,-28,-41,-121,16
4892,5,5,-105,-145,-212,-45,-110,267,-12,-91,-73,69
4893,4,4,-125,46,-42,-170,202,-70,-167,-5,-69,-9
4894,3,3,-174,-50,-196,183,-102,63,-239,8,-36,82
4895,8,8,-3,-134,32,-20,-102,-66,-42,-89,167,-23
4896,4,4,-62,-8,-30,-133,196,-61,-83,-17,-150,-64
4897,6,6,51,-80,-223,-237,19,53,245,-221,-99,-187
4898,6,6,38,-14,-246,-247,46,26,225,-231,-106,-219
4899,2,2,53,5,165,-99,-22,-212,-149,11,-35,-93
4900,7,7,-96,157,-35,-142,-49,-131,-224,183,-93,-130
4901,9,9,-91,-83,-56,-29,26,-92,-231,94,9,126
4902,5,5,-113,-67,-151,3,-131,219,-84,-63,-100,55
4903,1,1,-83,234,-127,-266,117,-61,-104,-62,-101,-124
4904,3,3,-145,-24,-125,273,-211,-21,-257,-14,-10,31
4905,2,2,-88,39,200,67,-256,-219,-302,127,-18,-103
4906,4,4,-163,104,-192,-358,321,-141,-214,45,-163,-87
4907,3,3,-107,-55,-42,112,-108,1,-230,89,-111,34
4908,6,6,60,-186,-204,-127,-68,41,275,-236,-4,-103
4909,1,1,-93,181,-110,-221,123,-51,-94,-80,-55,-62
4910,9,9,-73,-85,-79,-101,79,-30,-161,-2,-74,158
4911,4,4,-26,25,-124,-291,210,-83,-54,-79,-164,-32
4912,4,4,-160,139,-180,-369,344,-104,-177,18,-229,-179
4913,7,7,-153,39,37,-41,-79,-181,-374,288,-145,-5
4914,6,6,44,-219,-195,-119,-87,21,255,-143,17,-80
4915,5,5,-58,-106,-169,-15,-124,167,39,-95,-52,37
4916,4,4,-160,127,-163,-314,307,-90,-147,16,-133,-176
4917,1,1,-38,239,-81,-318,112,-128,-82,-44,-112,-196
4918,9,4,-8,26,-67,-197,92,-112,-135,17,-131,14
4919,9,9,-136,-48,-111,-123,124,-18,-229,-47,-104,202
4920,2,2,7,-11,296,-2,-167,-256,-259,84,-94,-159
4921,7,7,-39,80,71,-62,-85,-209,-275,153,-71,-43
4922,8,8,-38,-62,33,-39,-97,-26,-16,-24,124,-51
4923,0,0,155,-164,4,-74,-21,-71,-13,-103,-71,24
4924,1,1,-54,207,-60,-216,53,-72,-64,-62,-87,-129
4925,3,3,-218,18,-78,268,-67,-64,-235,64,-74,-62
4926,6,6,24,-164,-233,-106,-23,57,278,-225,-39,-129
4927,1,1,-52,243,-95,-316,99,-122,-115,-23,-111,-147
4928,3,3,-193,7,-23,239,-139,-100,-295,109,-74,-43
4929,4,4,-29,27,-90,-176,140,-50,-32,-50,-78,-34
4930,1,1,-70,205,-102,-227,107,-73,-75,-78,-40,-106
4931,1,1,-52,239,-110,-308,92,-113,-111,-35,-110,-128
4932,1,1,-75,295,-105,-337,117,-164,-111,-25,-124,-238
4933,5,5,-60,-132,-174,-82,-143,229,5,-125,-10,62
4934,6,6,30,-163,-228,-98,-32,106,204,-153,-71,-97
4935,0,0,191,-114,-52,-175,-117,-131,-35,-39,-111,-49
4936,7,7,-28,-6,62,-72,-74,-217,-283,207,-40,-38
4937,0,0,178,-152,43,-58,-125,-185,-203,107,-158,23
4938,7,7,-197,108,32,-56,-39,-236,-381,274,-123,-20
4939,2,2,-50,61,196,-5,-258,-237,-295,167,-62,-121
4940,3,3,-227,42,-84,282,-147,-26,-264,79,-58,-51
4941,2,2,73,-22,229,10,-132,-290,-144,-9,-75,-211
4942,5,5,-59,13,-158,-37,-69,128,-51,-12,-125,37
4943,2,2,-33,-42,88,-13,-147,-62,-106,75,58,-70
4944,2,2,-65,82,225,93,-171,-213,-231,54,-110,-175
4945,9,9,-134,-107,-93,-21,57,-42,-236,8,-8,195
4946,4,4,-143,159,-65,-263,305,-253,-262,68,-168,-191
4947,9,9,-108,-88,-70,-52,62,-109,-260,68,9,163
4948,8,8,-14,-60,-48,-80,-4,-77,-63,-37,127,-15
4949,1,1,-84,250,-157,-297,133,-85,-91,-62,-112,-157
4950,2,2,43,-28,105,-55,-64,-140,-181,94,-64,-61
4951,1,1,-99,239,-65,-206,56,-167,-156,15,-70,-131
4952,6,6,93,-164,-169,-187,-167,60,208,-161,20,-111
4953,1,1,-106,243,-118,-304,128,-98,-135,-24,-132,-114
4954,2,2,-110,87,227,76,-335,-296,-351,157,-3,-147
4955,7,7,-157,1,2,-20,-86,-112,-310,260,-171,7
4956,8,4,-52,-64,-153,-153,107,-79,-17,-105,97,-5
4957,0,0,162,-133,-91,-87,-62,-41,-13,-45,-158,30
4958,0,0,232,-136,-47,-174,-133,-165,-16,-60,-74,-78
4959,0,7,111,5,-69,-248,-188,-38,-104,149,-171,-153
4960,8,8,-2,-135,-182,-68,-90,-46,115,-130,190,-134
4961,2,2,-27,48,220,0,-202,-283,-217,55,27,-154
4962,2,2,39,61,285,-91,-105,-286,-150,10,-108,-224
4963,9,7,-52,-44,-77,-78,58,-57,-145,66,-83,47
4964,2,2,25,23,173,-10,-151,-259,-147,28,-22,-134
4965,2,2,22,10,301,-4,-280,-352,-224,48,13,-191
4966,7,7,-121,42,-54,-22,24,-102,-189,128,-24,-6
4967,9,9,-45,-138,-32,-16,21,-59,-124,-10,-32,152
4968,9,9,-58,-131,-70,-90,44,-75,-269,155,-181,172
4969,2,2,-30,20,159,27,-241,-210,-288,144,-49,-78
4970,7,7,-134,79,49,-61,-34,-201,-337,241,-139,-14
4971,5,5,-60,-89,-133,-20,-111,179,-9,-41,-69,16
4972,1,1,-71,252,-129,-295,97,-124,-120,3,-138,-178
4973,3,3,-264,25,-90,318,-137,-37,-276,65,-13,-42
4974,4,4,-47,-17,17,-176,251,-163,-170,22,-159,-87
4975,9,9,-71,-156,-70,-9,46,-97,-217,75,-27,143
4976,4,4,-148,47,-75,-179,230,-110,-202,43,-109,-24
4977,1,1,-30,260,-111,-322,81,-95,-70,-68,-106,-177
4978,8,7,-107,62,-6,-59,-44,-120,-225,92,47,28
4979,5,5,-100,-100,-267,-13,-66,199,-81,37,-183,78
4980,6,6,89,-58,-173,-271,-3,-22,244,-212,-94,-197
4981,2,2,4,33,273,41,-292,-350,-301,123,-43,-212
4982,8,8,10,-102,2,31,-75,-141,-130,2,130,-38
4983,3,3,-257,3,-8,297,-133,-100,-381,133,-143,-42
4984,1,1,-88,222,-113,-263,120,-94,-125,-49,-73,-89
4985,2,2,-93,84,204,42,-74,-165,-124,46,-110,-260
4986,8,8,-100,-63,-39,11,-143,-14,13,-58,180,-91
4987,4,4,-35,83,-101,-282,199,-97,-51,-17,-195,-120
4988,9,9,-100,-90,-108,-58,21,-69,-260,102,-55,158
4989,9,7,-87,-61,-91,-100,26,-88,-249,153,-17,104
4990,3,3,-73,-5,55,99,-104,-158,-190,44,51,-19
4991,7,7,-134,56,10,-78,-29,-161,-311,243,-144,-7
4992,0,0,209,-171,-156,-89,-162,-18,3,-8,-144,-1
4993,7,7,-110,13,-39,-61,6,-111,-222,200,-96,18
4994,7,7,-91,-11,-18,-103,-67,-80,-214,247,-169,-6
4995,2,2,59,-10,187,-27,-256,-210,-109,36,-34,-181
4996,3,3,-147,15,-41,195,-131,-7,-217,83,-164,-51
4997,2,2,38,-47,158,62,-157,-249,-156,5,4,-135
4998,4,4,-122,87,-175,-278,258,-77,-99,17,-143,-146
4999,0,0,203,-127,-163,-151,-236,34,-2,55,-126,-110
5000,3,3,-218,8,-75,289,-117,-41,-214,35,-20,-49
5001,9,9,-119,-153,-110,-39,74,-78,-250,68,4,195
5002,9,9,-84,-185,-128,-34,75,-70,-197,9,6,221
5003,8,8,-89,-56,8,16,-47,-160,-139,-7,204,-39
5004,4,4,-139,28,-125,-293,370,-175,-215,21,-156,-81
5005,1,1,-74,305,-117,-355,116,-168,-126,-11,-150,-247
5006,0,0,167,28,-30,-299,80,-241,-4,-79,-199,-224
5007,6,6,74,-135,-196,-228,48,31,309,-275,-139,-208
5008,0,0,211,-79,23,-229,28,-245,-38,-91,-153,-120
5009,9,9,-40,-123,-130,-112,41,-4,-99,27,-38,114
5010,6,6,42,-120,-260,-226,42,57,315,-295,-128,-197
5011,8,8,17,-35,-112,-116,-56,-34,25,-105,66,-48
5012,6,6,53,-65,-248,-255,35,3,275,-208,-116,-217
5013,1,1,-19,293,-96,-425,132,-145,-70,-79,-153,-274
5014,1,1,-47,311,-93,-360,102,-180,-139,-7,-167,-247
5015,9,9,-84,-165,-108,-21,27,-61,-179,42,1,176
5016,8,8,-26,-141,-46,17,-76,-101,-44,-67,209,-17
5017,9,9,-80,-197,-100,-42,69,-66,-178,34,-52,217
5018,2,2,11,64,291,-53,-41,-268,-193,61,-192,-280
5019,3,3,-238,24,-46,250,-115,-82,-350,102,-116,-3
5020,5,5,-79,-103,-242,-96,-103,246,22,-116,-38,27
5021,5,5,-112,-115,-201,-12,-97,253,-30,-111,-86,69
5022,9,9,-83,-164,-88,-58,52,-47,-193,20,-36,215
5023,4,4,-102,90,-84,-296,333,-152,-133,19,-170,-253
5024,2,2,-2,16,299,65,-226,-316,-243,64,-95,-185
5025,1,1,-74,325,-79,-346,110,-213,-144,-7,-154,-263
5026,9,4,-103,-70,-133,-98,144,-111,-228,15,-39,126
5027,4,4,-113,132,-89,-262,269,-146,-142,31,-138,-208
5028,3,3,-292,29,-90,256,-113,-90,-388,89,5,43
5029,9,9,-87,-123,-76,-55,81,-109,-253,91,-17,140
5030,6,6,37,-96,-161,-206,86,16,277,-257,-123,-235
5031,0,0,229,-36,32,-253,-11,-274,-64,-52,-178,-170
5032,4,4,-119,119,-106,-277,331,-197,-197,18,-157,-189
5033,0,0,219,-9,30,-276,-11,-293,-110,-31,-169,-171
5034,6,6,45,-161,-205,-180,21,26,344,-294,-58,-216
5035,0,0,199,-198,-61,-125,-8,-78,27,-113,-144,-41
5036,1,1,-59,321,-94,-351,113,-196,-128,-33,-142,-263
5037,2,2,21,99,240,-123,-67,-187,-133,-7,-76,-216
5038,3,3,-94,-10,9,196,-123,-36,-183,43,-122,-90
5039,4,4,-85,89,-131,-330,346,-188,-168,-22,-153,-148
5040,7,7,-52,115,-35,-162,42,-157,-197,128,-106,-71
5041,8,8,-45,-64,-114,-90,-111,-11,-34,-55,192,-35
5042,9,9,-36,-160,-63,-1,19,-50,-176,41,-57,137
5043,0,0,173,-128,-30,-139,-2,-108,-49,-44,-147,-29
5044,1,1,-66,305,-125,-332,125,-165,-114,-24,-161,-267
5045,2,2,-37,136,343,-36,-189,-326,-308,111,-142,-247
5046,3,3,-93,-18,-15,150,-57,-12,-117,26,-157,-115
5047,4,4,-119,103,-72,-228,271,-203,-217,66,-142,-149
5048,7,7,-63,122,34,-94,-38,-191,-264,149,-94,-64
5049,8,8,-72,-79,-114,-170,-115,45,-19,-99,180,20
5050,9,9,-31,-137,-61,-35,22,-124,-236,99,-24,121
5051,0,0,196,-123,59,-200,9,-204,-74,-81,-102,-36
5052,1,1,-72,309,-73,-343,128,-212,-148,0,-153,-257
5053,2,2,-15,86,217,-76,-53,-143,-132,17,-86,-196
5054,3,3,-108,-18,-72,138,-50,-29,-204,81,-45,-21
5055,4,4,-42,67,-86,-264,282,-155,-97,-16,-153,-226
5056,5,5,-25,-82,-234,-51,-53,167,59,-51,-65,-41
5057,6,6,99,-182,-184,-119,25,-16,257,-252,-90,-131
5058,7,7,-86,112,74,-26,-75,-216,-303,191,-108,-84
5059,8,8,-78,-54,-78,-112,-101,-13,-123,-63,198,70
5060,9,9,-50,-175,-158,-93,-18,55,-91,29,-46,126
5061,8,8,-51,-45,-2,-62,-149,-30,-45,-40,176,-32
5062,3,3,-269,51,-68,219,-90,-52,-310,94,-46,-18
5063,4,4,-101,131,-89,-258,256,-165,-157,22,-140,-173
5064,7,7,-108,99,-17,-89,-14,-168,-276,206,-121,-39
5065,8,8,-15,-25,5,-174,-166,-17,16,-100,121,-65
5066,6,6,61,-183,-194,-92,6,15,269,-222,-71,-137
5067,3,3,0,-72,76,104,-73,-108,-127,22,-68,-88
5068,4,4,-62,134,-116,-246,153,-109,-78,-6,-99,-149
5069,0,0,224,-123,34,-149,-45,-208,-81,-37,-156,-81
5070,9,9,-27,-179,-82,-89,123,-133,-169,-8,-63,164
5071,7,7,-53,-8,-39,-90,5,-131,-242,201,-109,5
5072,1,1,-58,325,-90,-349,108,-211,-136,-15,-162,-265
5073,9,9,-93,-115,-115,-23,50,-64,-226,56,-10,156
5074,3,3,-278,100,-105,173,-109,-24,-321,117,-88,-14
5075,8,8,-17,-91,-69,-90,-128,-25,-7,-98,164,11
5076,4,4,-120,132,-140,-327,345,-196,-203,29,-149,-189
5077,7,7,-104,74,-45,-96,2,-130,-242,187,-100,-21
5078,3,3,-53,-41,-5,142,-82,-16,-133,31,-80,-57
5079,0,0,185,15,31,-290,-4,-273,-119,15,-161,-164
5080,9,9,-58,-172,-102,-1,-3,-39,-183,37,-21,171
5081,1,1,-37,282,-103,-387,132,-155,-92,-55,-141,-237
5082,4,4,-183,73,-143,-195,337,-149,-198,43,-141,-164
5083,5,5,-41,-76,-291,-18,-66,175,59,-41,-54,-68
5084,4,4,-155,119,-61,-216,290,-225,-242,57,-155,-140
5085,6,6,54,-182,-254,-101,-12,65,272,-212,-72,-152
5086,2,0,99,-27,93,-251,96,-132,8,-143,-67,-109
5087,0,0,181,-52,-76,-228,-107,-128,-64,14,-116,-116
5088,6,6,124,-235,-161,-119,-6,-5,236,-227,-66,-108
5089,2,2,36,32,200,-65,-17,-194,-143,-21,-94,-139
5090,1,1,-16,270,-54,-402,139,-188,-92,-75,-148,-257
5091,1,1,-29,286,-84,-402,144,-203,-102,-79,-131,-252
5092,1,1,-24,299,-32,-360,114,-236,-157,-21,-174,-248
5093,1,1,-46,298,-73,-367,111,-215,-142,-13,-155,-249
5094,7,7,-51,63,-29,-139,7,-122,-210,196,-145,-73
5095,2,2,22,91,277,-76,-72,-249,-242,57,-156,-225
5096,4,4,-94,92,-139,-245,264,-134,-141,55,-127,-206
5097,7,7,-50,-39,-132,-126,-1,-55,-174,211,-153,-7
5098,5,5,-34,-90,-268,-123,-115,218,34,-68,-4,-17
5099,2,2,-16,96,185,-80,-13,-197,-195,17,-54,-147
5100,9,9,14,-104,-130,-159,62,-88,-71,-29,-77,74
5101,4,4,-94,87,-133,-247,275,-163,-173,25,-106,-136
5102,5,5,-95,-106,-275,-46,-43,222,0,-21,-39,1
5103,8,8,-40,-151,-60,-53,-100,16,3,-61,195,13
5104,4,4,-87,68,-151,-270,292,-181,-158,51,-116,-192
5105,2,2,29,83,167,-98,56,-177,-132,-23,-155,-213
5106,9,9,-38,-133,-107,-81,88,-117,-186,31,-12,130
5107,7,7,-58,68,-61,-158,38,-144,-214,179,-110,-60
5108,0,0,181,-124,-32,-117,-42,-139,-53,-67,-78,-40
5109,0,0,212,-92,9,-200,-53,-223,-78,-34,-120,-86
5110,7,7,-46,76,11,-120,3,-197,-263,180,-102,-47
5111,5,5,-32,-84,-145,-13,-43,126,58,-33,-91,-71
5112,1,1,-98,357,-127,-396,140,-203,-125,-56,-120,-279
5113,1,1,-45,315,-66,-407,135,-223,-140,-22,-158,-270
5114,7,7,-56,-29,-58,-76,1,-71,-188,158,-90,45
5115,6,6,65,-201,-249,-121,16,35,281,-241,-61,-121
5116,6,6,31,-89,-194,-142,69,2,240,-205,-128,-203
5117,6,6,128,-216,-204,-82,-65,-51,268,-249,2,-116
5118,8,8,-58,-1,-79,-168,-93,-25,-80,-110,142,14
5119,2,2,-96,88,223,41,-151,-277,-262,67,2,-153
5120,2,2,-21,86,266,-64,-107,-213,-199,52,-88,-201
5121,7,1,-61,140,-77,-236,53,-115,-145,136,-149,-155
5122,7,7,-30,62,30,-119,14,-211,-268,177,-108,-48
5123,4,4,-83,64,-122,-267,288,-184,-140,38,-94,-206
5124,0,0,217,-125,-5,-182,-47,-183,-52,-50,-132,-72
5125,2,2,-6,144,188,-114,6,-166,-147,3,-141,-238
5126,4,4,-72,117,-154,-251,236,-154,-141,36,-153,-186
5127,2,2,-50,151,241,-92,-89,-218,-242,128,-150,-258
5128,1,1,-54,311,-93,-380,132,-180,-114,-33,-150,-263
5129,8,8,-45,-89,-54,-104,-138,26,-11,-11,174,-64
5130,9,9,-31,-90,-106,-70,6,-79,-156,50,3,110
5131,6,6,56,-161,-231,-147,-6,57,304,-250,-67,-205
5132,1,1,-61,336,-42,-386,123,-242,-156,-41,-130,-272
5133,0,0,217,-18,19,-258,-49,-244,-73,-24,-154,-170
5134,5,5,-6,-95,-203,-65,-61,153,37,-23,-62,-33
5135,9,9,-22,-116,-108,-76,73,-61,-113,19,-39,95
5136,6,6,141,-203,-180,-95,-69,-48,240,-236,-9,-124
5137,9,9,-45,-92,-77,-58,18,-44,-167,53,-62,120
5138,8,8,-64,19,-219,-259,-6,36,-20,-92,94,-50
5139,0,0,180,-75,30,-224,-27,-246,-125,35,-163,-85
5140,3,3,15,-115,-13,84,-34,-13,-47,-15,-81,-49
5141,0,0,190,-35,9,-210,-77,-212,-108,-2,-100,-104
5142,8,8,-92,-54,-11,-68,-61,-38,-154,-12,169,28
5143,3,3,-198,45,-10,245,-110,-54,-259,104,-162,-92
5144,9,9,-38,-81,-103,-108,32,-56,-144,39,-38,107
5145,6,6,111,-241,-230,-152,-5,39,272,-252,-78,-96
5146,3,3,-179,-29,-56,158,-47,-41,-268,62,-60,44
5147,0,0,154,-97,-116,-175,-75,-74,-46,3,-87,-66
5148,1,1,-43,285,-131,-381,129,-111,-34,-98,-135,-285
5149,2,2,-55,39,248,103,-251,-307,-273,104,-26,-172
5150,3,3,-310,12,-57,289,-139,-78,-428,167,-98,-18
5151,4,4,-171,46,-86,-192,271,-118,-195,61,-150,-77
5152,5,5,-204,-24,-216,153,-113,217,-97,4,-72,-45
5153,6,6,69,-155,-197,-204,-8,-38,281,-219,-9,-161
5154,7,7,-78,5,36,-30,-106,-196,-350,242,-106,3
5155,0,0,171,-162,33,-122,31,-147,-58,-67,-129,-13
5156,1,1,-49,286,-154,-351,132,-109,-76,-63,-155,-245
5157,2,2,2,51,254,-10,-278,-326,-239,66,22,-177
5158,3,3,-169,-12,-60,257,-155,0,-264,88,-139,-58
5159,4,4,-95,23,-51,-127,143,-117,-205,77,-94,5
5160,5,5,-139,-80,-204,46,-111,245,-10,-78,-61,-9
5161,6,6,50,-126,-167,-174,11,-3,214,-141,-80,-114
5162,7,7,-52,44,25,-116,-5,-128,-229,164,-142,-12
5163,8,8,-74,-75,60,-47,-125,-40,-76,-1,161,-14
5164,9,9,-17,-96,-31,-49,30,-88,-169,67,-77,69
5165,0,0,94,-69,-95,-88,4,-56,5,-41,-59,-69
5166,1,1,-97,322,-89,-357,117,-200,-141,-31,-99,-242
5167,2,2,-61,22,213,104,-165,-251,-225,62,0,-169
5168,3,3,-258,-51,-76,246,-129,-29,-372,104,-6,40
5169,4,4,-106,108,-112,-292,249,-125,-152,50,-167,-157
5170,5,5,-87,-119,-204,27,-97,222,4,-50,-51,-1
5171,6,6,54,-88,-198,-222,12,25,220,-179,-97,-123
5172,7,7,-17,-48,-42,-102,-27,-31,-134,127,-131,28
5173,8,6,-57,-102,-75,-155,-98,87,116,-133,110,-61
5174,5,5,-137,-90,-251,-33,-17,227,-11,-25,-45,9
5175,4,4,-125,96,-114,-300,282,-99,-167,25,-161,-136
5176,8,8,-84,-39,-57,-53,66,-117,-19,-62,147,-106
5177,7,7,-50,16,-41,-160,-20,-151,-275,254,-137,-9
5178,4,4,-124,110,-134,-318,324,-105,-144,12,-207,-209
5179,7,7,-151,-36,-66,-69,-48,-106,-282,300,-170,33
5180,7,7,-75,-14,3,-85,-51,-84,-239,211,-166,5
5181,3,3,-310,57,-95,296,-115,-49,-326,93,-28,-43
5182,9,9,-55,-97,-39,-29,54,-60,-156,65,-51,85
5183,8,8,-104,13,-94,-107,121,-107,-51,-64,123,-108
5184,8,8,-122,14,6,-2,-59,-111,-89,14,149,-89
5185,3,3,-298,1,-105,252,-103,36,-275,46,4,14
5186,1,1,-34,301,-106,-388,132,-137,-97,-43,-176,-260
5187,5,5,-122,-27,-152,60,-111,185,-43,-38,-74,-20
5188,8,8,-73,-47,-64,-41,-64,-49,64,-99,154,-147
5189,2,2,-67,43,227,86,-193,-288,-235,54,24,-180
5190,7,7,-47,1,48,-51,-99,-184,-295,215,-65,-21
5191,4,4,-132,-63,-72,-187,263,-165,-240,121,-181,18
5192,2,2,-32,45,209,49,-165,-273,-274,115,-59,-117
5193,1,1,-75,270,-105,-289,104,-150,-121,11,-144,-222
5194,5,5,-146,-90,-197,55,11,166,16,-52,-67,-42
5195,4,4,-43,36,-99,-337,285,-108,-107,-41,-219,-70
5196,5,5,-147,-102,-221,35,-95,261,-14,-77,-51,11
5197,5,5,-159,-75,-212,56,-109,258,-38,-78,-51,6
5198,8,8,-52,-30,-53,-85,-43,-96,49,-107,155,-126
5199,6,6,58,-69,-108,-202,31,-14,98,-60,-162,-78
5200,4,4,-108,105,-107,-314,252,-102,-132,3,-146,-117
5201,4,4,-23,-63,-141,-220,110,-63,-109,71,-218,51
5202,4,4,-81,-39,-122,-217,234,-43,-104,24,-193,-23
5203,1,1,-79,178,-55,-206,32,-116,-161,43,-80,-49
5204,8,8,-60,-37,77,-44,-131,-57,-11,-25,123,-76
5205,7,7,-68,-23,87,-33,-178,-156,-312,200,-24,-28
5206,5,5,-119,-36,-174,86,-145,201,-79,-21,-138,9
5207,5,5,-216,-25,-177,146,-82,197,-84,-20,-100,-39
5208,1,1,-29,282,-140,-364,126,-102,-41,-95,-157,-266
5209,8,6,-92,-49,-78,-110,-36,48,128,-126,104,-166
5210,9,9,-59,-150,-136,15,29,6,-75,39,-21,89
5211,1,1,-65,286,-109,-323,91,-154,-145,11,-145,-199
5212,3,3,-262,-40,-65,280,-99,-104,-366,41,29,74
5213,6,6,58,-36,-179,-263,53,-33,175,-163,-110,-150
5214,3,3,-311,35,-40,260,-149,-105,-413,142,-42,2
5215,3,3,-295,58,-37,275,-118,-69,-315,124,-56,-63
5216,2,2,-79,109,250,93,-141,-306,-284,107,-120,-221
5217,2,2,-43,31,173,19,-223,-253,-236,80,59,-118
5218,6,6,54,-70,-161,-230,32,-6,159,-104,-139,-111
5219,9,9,-61,-115,-46,-31,16,-124,-231,88,15,122
5220,9,9,-37,-95,-107,-17,54,-74,-160,48,-53,64
5221,6,6,114,-153,-109,-192,26,-33,124,-83,-183,-57
5222,5,5,-104,-130,-232,12,-94,247,-33,-66,-71,56
5223,5,5,-92,-110,-192,-11,-78,221,22,-59,-33,-11
5224,3,3,-290,24,-83,275,-89,-55,-341,93,-27,-14
5225,3,3,-247,-5,-28,282,-154,-54,-341,100,-45,-30
5226,8,8,-61,-134,-25,-41,-68,-36,41,-116,213,-66
5227,1,1,-16,291,-120,-410,124,-114,-51,-99,-156,-272
5228,6,6,67,-21,-146,-231,17,-11,151,-121,-118,-170
5229,5,5,-104,-78,-238,29,-131,238,-2,-113,-26,7
5230,6,6,54,-144,-188,-140,-34,31,245,-190,-73,-88
5231,8,8,-79,23,-144,-140,32,-34,10,-109,112,-96
5232,1,1,-31,286,-87,-389,126,-157,-82,-54,-139,-260
5233,9,9,-74,-123,-60,-32,51,-89,-226,67,-15,134
5234,7,7,-90,78,54,-93,-59,-207,-330,244,-138,-40
5235,6,6,96,-100,-114,-243,15,-18,200,-157,-122,-146
5236,8,8,-52,-58,-142,-92,-7,-12,83,-136,141,-124
5237,3,3,-203,4,-9,173,-81,-158,-361,137,-43,18
5238,7,7,-77,-24,49,-7,-118,-119,-327,219,-141,-9
5239,4,4,-127,68,-70,-228,252,-112,-171,58,-123,-116
5240,7,7,-69,16,0,-111,-8,-85,-197,153,-117,23
5241,0,0,148,-150,-47,-88,-32,-108,-34,-54,-119,34
5242,9,9,-71,-135,-68,15,15,-64,-207,91,-16,120
5243,0,0,120,-99,-22,-135,46,-75,-27,-43,-156,-24
5244,0,0,86,-143,-3,-71,48,-67,-93,-42,-133,75
5245,3,3,-246,-11,-79,227,-110,-97,-368,111,-20,52
5246,7,7,-17,60,105,-63,-112,-247,-274,149,-57,-69
5247,9,7,-29,-64,-66,-70,37,-132,-194,80,-26,64
5248,3,3,-197,-59,-105,244,-94,-18,-291,46,-39,57
5249,0,0,122,-120,-34,-114,68,-160,-51,-45,-161,-29
5250,2,2,-28,32,122,92,-78,-172,-173,42,-70,-126
5251,0,0,114,-65,-4,-157,28,-80,-39,-8,-170,-49
5252,1,1,-103,304,-119,-300,103,-151,-101,-30,-116,-244
5253,0,0,211,-2,44,-293,-4,-294,-76,-53,-165,-181
5254,1,1,-45,299,-74,-372,110,-171,-84,-58,-124,-280
5255,0,0,181,46,18,-360,71,-278,-41,-97,-173,-212
5256,4,4,-125,-7,-80,-236,327,-181,-197,41,-142,-72
5257,0,0,181,58,20,-357,22,-296,-91,-37,-161,-203
5258,1,1,-87,348,-85,-380,134,-230,-149,-34,-127,-281
5259,0,0,185,-115,18,-197,-26,-167,-17,-49,-140,-70
5260,4,4,-85,12,-59,-159,226,-203,-165,-1,-36,-40
5261,7,7,-19,16,116,-13,-108,-221,-294,160,-87,-51
5262,9,4,-70,-58,-85,-98,77,-45,-129,57,-48,62
5263,6,6,76,-83,-161,-225,4,5,221,-173,-143,-156
5264,2,2,-49,0,203,132,-241,-260,-282,109,-29,-109
5265,6,6,27,-92,-94,-159,55,-23,162,-148,-54,-103
5266,2,2,-62,44,200,70,-176,-248,-223,65,0,-147
5267,2,2,-37,-2,234,70,-158,-280,-236,68,-1,-137
5268,9,7,-68,-121,5,-1,-33,-153,-283,124,31,95
5269,9,9,-65,-121,-79,-86,50,-82,-168,23,19,139
5270,0,0,194,-110,-68,-174,-80,-91,-68,-54,-158,-53
5271,1,1,-19,275,-122,-400,129,-132,-72,-83,-145,-237
5272,2,2,-22,88,247,-27,-77,-278,-212,61,-118,-223
5273,3,3,-200,15,-108,301,-141,-45,-258,49,-52,-32
5274,4,4,-142,125,-125,-315,342,-150,-173,35,-164,-208
5275,5,5,-114,-101,-156,-35,-136,256,-64,-63,-104,62
5276,6,6,61,-174,-216,-159,-19,39,305,-250,-64,-135
5277,7,7,-115,62,64,-51,-71,-228,-385,284,-154,-40
5278,8,8,29,-149,-56,-47,-166,-130,-150,113,135,-8
5279,9,9,-128,-73,-94,-91,76,-66,-256,91,-81,167
5280,0,0,232,-160,-41,-193,-140,-107,-33,-51,-132,-59
5281,1,1,-31,299,-81,-402,141,-188,-95,-67,-153,-274
5282,2,2,7,52,274,-24,-61,-251,-257,91,-207,-228
5283,3,3,-235,33,-111,292,-110,-20,-219,59,-38,-69
5284,4,4,-121,12,-222,-237,273,-62,-73,7,-185,-136
5285,5,5,-111,-92,-251,22,-134,266,-57,-42,-145,53
5286,6,6,36,-133,-263,-190,45,58,300,-287,-96,-163
5287,7,7,-131,-24,-3,-44,-48,-185,-365,306,-169,25
5288,8,8,76,-174,-84,-101,-134,-153,-51,0,155,-43
5289,9,9,-113,-103,-54,-23,33,-70,-274,98,-48,152
5290,0,0,214,-147,-18,-186,-96,-176,-51,-62,-81,-35
5291,1,1,-54,313,-91,-348,127,-205,-127,-24,-168,-268
5292,2,2,1,-5,243,22,-126,-225,-236,91,-135,-156
5293,3,3,-146,13,-62,259,-160,-6,-214,49,-106,-62
5294,4,4,-105,-32,-146,-232,292,-109,-113,49,-180,-120
5295,5,5,-91,-110,-188,-44,-132,263,-44,-67,-112,56
5296,6,6,33,-135,-264,-178,15,63,304,-297,-49,-190
5297,7,7,-105,-19,46,-12,-80,-174,-339,264,-126,-2
5298,8,8,85,-144,-66,-141,-123,-152,-4,-65,155,-79
5299,9,7,-114,-11,-61,-117,47,-71,-246,127,-126,99
5300,8,8,-4,18,-121,-138,-31,-85,-33,-113,114,-48
5301,0,0,169,13,-66,-325,-74,-133,-91,13,-216,-143
5302,5,5,-98,-67,-156,-63,-132,261,-59,-67,-118,42
5303,6,6,65,-80,-228,-223,39,32,267,-261,-117,-184
5304,6,6,38,-80,-248,-192,38,51,284,-271,-91,-217
5305,0,0,204,-130,-57,-188,-143,-127,-59,-16,-94,-42
5306,8,8,-15,48,-195,-210,-37,-43,-3,-87,67,-93
5307,0,0,231,-77,-77,-263,-180,-112,-46,-31,-144,-113
5308,2,2,123,-100,275,-106,-8,-292,-220,54,-199,-166
5309,3,3,-237,17,-29,246,-98,-51,-332,127,-163,-34
5310,7,7,-113,20,89,-25,-82,-217,-397,291,-195,-28
5311,9,7,-52,-51,-25,-109,21,-86,-234,149,-131,52
5312,4,4,-87,90,-160,-267,263,-169,-179,78,-152,-177
5313,7,7,-169,15,14,-39,-60,-228,-439,345,-173,11
5314,1,1,-62,310,-102,-373,124,-159,-95,-50,-156,-268
5315,9,9,-52,-125,-95,-15,21,-60,-169,54,-40,113
5316,1,1,-49,319,-75,-392,112,-202,-129,-36,-144,-252
5317,7,7,-108,5,80,-19,-116,-184,-403,282,-190,-19
5318,1,1,-39,310,-115,-395,141,-155,-83,-67,-170,-285
5319,4,4,-85,50,-214,-236,256,-85,-61,21,-186,-235
5320,0,0,210,-79,-61,-220,-112,-130,-84,-37,-138,-90
5321,0,0,153,-57,-126,-211,-135,-49,-54,27,-160,-87
5322,4,4,-84,108,-86,-262,272,-125,-133,8,-202,-190
5323,1,1,-55,306,-45,-361,111,-241,-174,27,-177,-252
5324,7,7,-96,28,77,-27,-93,-193,-371,264,-175,-35
5325,5,5,-92,-146,-181,-17,-135,256,-31,-82,-84,67
5326,7,7,-161,25,48,4,-92,-225,-438,306,-159,2
5327,1,1,-53,321,-62,-356,106,-224,-158,-8,-165,-246
5328,3,3,-164,-16,-18,243,-129,-148,-347,65,-32,39
5329,3,3,-113,-20,-90,199,-111,46,-182,23,-129,-26
5330,3,3,-205,17,-89,245,-139,14,-259,67,-104,-18
5331,1,1,42,176,-157,-358,97,-88,50,-148,-165,-234
5332,6,6,66,-193,-202,-146,-27,13,333,-286,-8,-188
5333,9,9,-64,-176,-51,8,25,-49,-222,49,-71,155
5334,7,7,-106,1,78,-20,-116,-163,-378,266,-166,-24
5335,4,4,-70,50,-187,-242,211,-76,-79,8,-159,-122
5336,3,3,-107,-74,-39,217,-142,-78,-263,29,41,29
5337,0,0,226,-173,-102,-94,-156,-61,-73,9,-174,-4
5338,2,2,-7,65,234,-99,-12,-302,-272,105,-93,-191
5339,5,5,-109,-72,-161,6,-160,236,-115,-15,-116,53
5340,2,2,45,9,285,-70,-75,-251,-209,59,-140,-202
5341,6,6,75,-121,-262,-145,-64,41,271,-239,-51,-181
5342,0,0,162,-181,-64,-109,-56,-133,-103,-24,-155,35
5343,8,1,1,82,-135,-224,-16,-87,-60,-44,24,-100
5344,9,9,-108,-106,-69,-8,29,-69,-245,84,-64,154
5345,4,4,-84,97,-128,-279,265,-100,-126,8,-215,-177
5346,3,3,-227,28,-86,267,-128,-18,-268,78,-83,-32
5347,5,5,-87,-74,-126,-31,-182,235,-77,1,-100,4
5348,4,4,-57,39,-176,-251,194,-44,-27,6,-185,-153
5349,8,8,17,29,-113,-163,-30,-105,-5,-83,79,-135
5350,1,1,-38,304,-57,-370,120,-214,-145,-3,-185,-257
5351,5,5,-124,-100,-166,30,-159,267,-88,-32,-115,25
5352,9,9,-125,-152,-84,-13,70,-45,-247,68,-71,182
5353,0,0,219,-144,-77,-193,-150,-130,-33,-42,-107,-51
5354,6,6,81,-125,-228,-255,-6,47,290,-292,-111,-150
5355,4,4,-54,36,-132,-286,266,-167,-159,35,-186,-94
5356,3,3,-250,-29,-77,255,-107,-66,-352,63,21,61
5357,6,6,30,-77,-255,-179,62,34,257,-229,-97,-214
5358,3,3,-128,-67,-106,172,-62,38,-210,27,-82,37
5359,3,3,-266,18,-50,222,-75,-74,-349,116,-78,13
5360,8,1,-12,77,-146,-194,-11,-52,-35,-47,20,-87
5361,1,1,-35,315,-81,-409,142,-190,-107,-53,-171,-284
5362,4,4,-91,82,-101,-245,276,-134,-139,59,-193,-211
5363,7,7,-69,66,-70,-192,31,-152,-255,230,-155,-45
5364,5,5,-61,-162,-206,-62,-136,247,-5,-83,-102,82
5365,7,7,-96,-28,-68,-117,16,-130,-258,263,-133,28
5366,2,2,-26,48,249,32,-108,-213,-256,94,-173,-184
5367,2,2,55,-30,239,-30,-104,-189,-238,59,-178,-102
5368,0,0,199,-148,-90,-144,-149,-87,-69,-16,-107,-25
5369,0,0,226,-183,-117,-76,-167,-56,-59,-14,-125,-13
5370,1,1,-46,285,-129,-330,111,-114,-99,-53,-158,-217
5371,7,7,-67,44,-49,-158,-19,-140,-273,252,-159,-27
5372,7,7,-47,42,28,-106,-44,-206,-296,247,-127,-51
5373,9,9,-118,-170,-91,-12,91,-45,-226,38,-64,204
5374,5,5,-134,-101,-180,-8,-122,259,-97,-18,-100,47
5375,9,9,-109,-52,-79,-82,73,-97,-258,81,-18,134
5376,8,8,-3,-82,-139,-69,-80,-88,-56,-90,174,8
5377,9,9,-137,-125,-51,-61,105,-87,-303,137,-113,175
5378,6,6,45,-115,-251,-205,63,42,291,-299,-113,-175
5379,8,8,18,-13,-143,-192,-40,-137,-68,-44,81,-40
5380,8,8,19,15,-99,-127,-78,-90,-58,-20,79,-82
5381,2,2,65,-33,261,-60,-23,-265,-259,88,-214,-169
5382,3,3,-246,52,-33,201,-103,-23,-284,142,-200,-56
5383,6,6,62,-145,-251,-156,-17,52,261,-232,-72,-130
5384,1,1,-24,273,-119,-376,130,-108,-75,-79,-154,-226
5385,2,2,32,63,301,-81,-76,-248,-247,90,-220,-258
5386,9,7,-153,-66,-60,-20,81,-113,-283,128,-52,128
5387,8,8,-29,51,-201,-178,-36,-80,-70,-111,119,-24
5388,9,9,-110,-74,-63,-54,32,-80,-278,113,-51,129
5389,5,5,-50,-70,-124,-37,-172,213,-67,-28,-112,19
5390,2,2,106,-54,207,-112,7,-251,-188,38,-164,-128
5391,6,6,63,-64,-183,-247,-9,22,218,-205,-78,-138
5392,2,2,70,-33,218,-44,-44,-202,-225,58,-220,-124
5393,4,4,-99,83,-152,-269,290,-123,-114,36,-152,-218
5394,8,8,-2,62,-164,-236,-13,-131,-62,-82,65,-79
5395,4,4,-66,104,-198,-256,197,-82,-64,29,-191,-218
5396,6,6,70,-43,-201,-286,24,4,262,-299,-77,-202
5397,5,5,-114,0,-193,47,-171,218,-136,-10,-147,39
5398,0,0,197,-76,-65,-238,-199,-88,-59,33,-130,-125
5399,1,1,-51,298,-90,-365,125,-177,-125,-21,-158,-241
5400,5,5,-11,-163,-205,-120,-106,214,55,-45,-74,-17
5401,6,6,56,27,-151,-209,13,-6,147,-154,-71,-233
5402,7,7,-160,85,30,-40,-57,-204,-366,292,-152,-44
5403,8,8,12,-83,-19,-33,-39,-119,-63,-8,116,-62
5404,9,9,-64,-142,-63,-31,-35,-5,-164,14,-2,151
5405,0,0,147,-135,-164,-174,-198,16,-28,54,-40,-87
5406,1,1,-73,278,-64,-298,109,-183,-133,13,-150,-241
5407,2,2,-81,141,303,-33,-206,-250,-336,168,-132,-236
5408,3,3,-109,-67,-7,214,-97,-123,-310,98,-58,-13
5409,4,4,-41,86,-196,-307,242,-164,-6,-8,-117,-310
5410,5,5,30,-127,-185,-182,-129,178,70,-34,-76,-70
5411,6,6,116,-209,-170,-130,-50,-46,311,-258,-36,-141
5412,7,7,-128,-11,-46,-57,0,-159,-305,275,-104,21
5413,8,8,25,-37,-16,-88,-46,-89,-33,-49,81,-56
5414,9,9,-74,-58,-77,-50,20,-80,-205,89,-16,109
5415,0,0,180,-102,4,-123,-139,-98,-81,26,-177,0
5416,1,1,-71,276,-138,-272,104,-132,-101,-30,-131,-221
5417,2,2,-74,66,220,58,-183,-211,-287,124,-104,-126
5418,3,3,-107,-79,11,237,-117,-173,-296,52,14,32
5419,4,4,-75,67,-98,-293,290,-139,-97,-9,-105,-206
5420,5,5,16,-109,-172,-108,-52,125,39,4,-91,-79
5421,6,6,76,-143,-230,-154,38,-29,271,-232,-73,-152
5422,7,7,-101,-54,-64,-75,-32,-80,-239,284,-187,10
5423,8,8,5,-15,-4,-81,-28,-104,-62,-15,76,-72
5424,9,9,-91,-67,-69,-54,81,-112,-234,78,-36,122
5425,7,7,-107,22,-87,-149,14,-67,-210,239,-128,-33
5426,4,4,-53,33,-84,-303,325,-135,-74,-47,-141,-211
5427,2,2,-106,89,196,67,-192,-247,-314,134,-46,-125
5428,0,0,162,-101,-126,-148,-89,-16,13,-18,-106,-93
5429,9,9,-23,-95,-31,-23,10,-128,-183,62,-5,92
5430,0,0,185,-170,-120,-177,-169,11,20,3,-74,-61
5431,1,1,-54,305,-76,-329,107,-204,-148,14,-190,-253
5432,5,5,-15,-161,-194,-68,-142,222,68,-87,-86,-34
5433,8,8,-34,5,-95,-133,-46,-95,-66,-109,173,-48
5434,8,8,-30,14,-33,-136,-25,-79,-10,-106,135,-94
5435,0,0,155,30,-54,-294,-142,-98,-101,78,-195,-169
5436,2,2,-40,55,278,22,-148,-223,-260,102,-153,-206
5437,7,7,-116,-13,-30,-63,6,-166,-312,268,-135,23
5438,8,8,19,-109,11,-30,-93,-130,-52,-71,174,-58
5439,4,4,-62,84,-52,-305,309,-157,-116,39,-188,-284
5440,4,4,-93,51,-111,-233,286,-143,-157,-12,-111,-93
5441,6,6,77,-172,-158,-145,-29,-3,271,-217,-50,-110
5442,1,1,-55,303,-86,-386,128,-175,-98,-49,-130,-261
5443,0,0,168,-145,-98,-166,-76,-9,61,-41,-110,-96
5444,4,4,-64,88,-104,-317,320,-119,-80,-48,-137,-250
5445,5,5,8,-161,-215,-138,-73,189,69,-29,-102,-51
5446,3,3,-230,-50,-96,290,-93,16,-222,46,-100,-29
5447,9,9,-49,-15,-102,-97,54,-79,-168,45,-59,61
5448,4,4,-50,38,-111,-276,286,-153,-110,-18,-118,-139
5449,2,2,-94,13,178,120,-171,-211,-289,74,-2,-75
5450,0,7,85,-78,-94,-81,-83,-8,-79,102,-158,-71
5451,5,5,-83,-160,-170,-98,-118,265,16,-104,-33,51
5452,0,0,172,-138,-160,-122,-88,21,34,-33,-135,-26
5453,1,1,-53,273,-141,-315,118,-122,-86,-42,-141,-227
5454,3,3,-75,-130,-92,170,-27,-11,-185,26,-82,-13
5455,2,2,-3,15,338,26,-277,-335,-239,58,-35,-207
5456,9,9,-125,-93,-55,-49,101,-70,-229,59,-53,165
5457,1,1,-19,219,-95,-357,84,-119,-35,-109,-51,-200
5458,6,6,74,-155,-201,-183,-34,-28,270,-179,-68,-146
5459,0,0,150,-180,-54,-112,34,-68,11,-91,-88,-8
5460,1,1,-78,301,-111,-331,117,-181,-149,11,-162,-237
5461,1,1,-58,324,-103,-386,129,-195,-116,-40,-151,-274
5462,8,8,-23,-76,70,-33,-154,-68,-66,-10,142,-58
5463,0,0,165,-48,-139,-225,-97,-25,44,-24,-148,-192
5464,4,4,-73,40,-63,-313,283,-151,-103,53,-128,-259
5465,7,7,-149,-10,-44,-82,-22,-154,-299,316,-170,7
5466,7,7,-128,-5,-37,-59,-12,-159,-320,264,-125,37
5467,6,6,96,-215,-221,-127,-2,-6,313,-260,-83,-146
5468,3,3,-144,-35,-62,249,-112,-23,-188,63,-82,-55
5469,6,6,108,-245,-215,-118,-84,-29,305,-248,48,-152
5470,0,0,150,-97,-61,-167,-64,-14,20,-24,-110,-109
5471,7,7,-97,137,36,-99,-58,-234,-332,252,-142,-98
5472,3,3,-49,-95,-34,265,-132,-118,-229,27,-22,-29
5473,5,5,-42,-174,-220,-58,-155,259,34,-52,-103,-5
5474,4,4,-60,43,-78,-304,327,-128,-111,30,-219,-257
5475,2,2,-53,88,309,10,-168,-301,-201,67,-96,-288
5476,4,4,-71,65,-130,-309,330,-152,-112,32,-154,-281
5477,1,1,-82,308,-100,-325,123,-188,-135,-12,-146,-241
5478,8,8,-30,-82,2,5,-98,-121,-89,-56,202,-25
5479,3,3,-191,-27,-92,278,-146,-10,-270,95,-147,-38
5480,5,5,-28,-135,-167,-126,-108,208,100,-104,-44,-49
5481,6,6,66,-139,-142,-121,-34,-13,256,-188,-80,-150
5482,7,7,-107,-3,22,-51,-30,-221,-377,280,-135,25
5483,0,0,197,-13,-5,-270,-82,-223,-47,-12,-144,-160
5484,6,6,78,-147,-207,-185,-25,4,303,-232,-79,-173
5485,7,7,-163,65,60,-31,-75,-199,-371,300,-184,-53
5486,1,1,-67,329,-85,-398,129,-194,-116,-57,-128,-268
5487,2,2,-58,131,283,-8,-156,-273,-295,108,-140,-222
5488,5,5,-89,-49,-118,-74,-121,236,-47,-43,-130,8
5489,8,8,-33,-46,-42,-83,-101,-103,-78,-100,220,-32
5490,1,1,-74,329,-101,-368,116,-213,-149,-11,-148,-251
5491,9,9,-80,-161,-59,-26,91,-91,-217,19,-29,192
5492,3,3,-139,-54,-27,285,-122,-115,-255,45,10,-33
5493,8,8,-102,-59,-4,25,-148,-63,-150,11,224,-33
5494,2,2,-97,56,269,97,-255,-284,-279,99,8,-186
5495,8,8,-90,-61,4,42,-193,-48,-204,90,103,-4
5496,7,7,-121,112,-48,-107,-23,-138,-260,207,-96,-53
5497,6,6,104,-164,-122,-242,-3,-34,319,-276,-75,-186
5498,7,7,-151,70,-1,-51,-49,-239,-398,338,-151,-46
5499,1,1,-104,321,-128,-332,125,-205,-166,13,-141,-236
5500,4,4,-135,116,-122,-325,349,-137,-129,28,-135,-337
5501,6,6,104,-207,-164,-120,-57,-50,331,-275,-11,-180
5502,2,2,-124,68,262,70,-229,-169,-164,36,-2,-226
5503,9,9,-23,-172,-50,41,-14,-86,-205,36,-35,144
5504,3,3,0,-157,-15,173,-73,-105,-187,29,-68,1
5505,0,0,146,-59,-126,-149,-151,-27,-15,16,-115,-101
5506,1,1,-99,245,-101,-278,109,-100,-138,-40,-81,-95
5507,2,2,64,92,231,-172,-100,-264,-87,-23,-81,-248
5508,3,3,-251,28,-67,282,-155,-35,-348,130,-210,-46
5509,4,4,-136,47,-133,-276,313,-49,-143,13,-209,-112
5510,5,5,-169,-42,-257,71,-144,288,-115,6,-154,15
5511,6,6,78,-125,-197,-183,14,23,282,-261,-82,-178
5512,7,7,-126,47,-124,-199,13,-128,-293,271,-113,4
5513,0,0,208,-149,-114,-109,-143,-20,-10,-34,-140,-43
5514,1,1,-139,248,-104,-313,132,-108,-185,-11,-136,-67
5515,2,2,38,53,298,-86,-193,-305,-154,7,-34,-212
5516,3,3,-143,-15,-76,222,-117,-24,-257,81,-154,-33
5517,4,4,-145,49,-161,-278,276,-55,-129,76,-249,-132
5518,5,5,-158,-40,-256,16,-90,271,-96,-21,-186,65
5519,0,0,131,10,-150,-233,-88,-28,28,-53,-168,-150
5520,1,1,-115,253,-132,-309,147,-81,-136,-57,-119,-105
5521,2,2,60,99,289,-142,-169,-305,-137,-13,-60,-280
5522,8,8,46,-194,-14,-19,-130,-51,-74,-18,135,7
5523,9,9,-117,-71,-24,-28,35,-92,-238,87,-7,138
5524,1,1,-97,247,-114,-322,133,-101,-135,-32,-139,-113
5525,4,4,-44,-17,-95,-251,239,-99,-30,-76,-118,-50
5526,0,0,167,95,-100,-360,-115,-97,-70,10,-210,-205
5527,9,9,-6,-53,-102,-158,50,-85,-150,42,-102,79
5528,5,5,-43,-119,-246,-83,-130,215,-38,8,-133,39
5529,0,0,111,23,-109,-268,-91,-95,-117,86,-188,-123
5530,8,8,47,-130,-91,-39,-156,-50,-18,-43,161,-80
5531,0,0,234,-165,12,-201,-129,-169,-47,-16,-99,-76
5532,7,7,-123,132,-157,-281,95,-114,-211,164,-134,-76
5533,7,7,-81,33,-134,-225,-10,-128,-250,255,-89,-22
5534,1,1,-40,250,-108,-325,112,-89,-78,-69,-133,-181
5535,1,1,-105,242,-100,-316,122,-111,-160,-13,-148,-86
5536,2,2,-53,81,241,8,-273,-304,-271,106,16,-163
5537,9,9,-16,-65,-82,-128,53,-79,-160,30,-76,103
5538,3,3,-338,32,-81,412,-211,-82,-352,71,18,-54
5539,6,6,62,-60,-198,-250,-28,-64,212,-152,-39,-171
5540,7,7,-113,24,34,-59,-54,-165,-320,242,-133,8
5541,2,2,-53,26,273,101,-371,-346,-299,94,38,-168
5542,3,3,-192,-24,-38,247,-127,-91,-326,159,-125,-52
5543,8,8,53,-156,-40,8,-127,-101,-45,-50,137,-43
5544,1,1,-66,234,-135,-322,142,-85,-100,-72,-137,-140
5545,2,2,8,6,307,50,-180,-359,-230,62,-67,-200
5546,9,4,-33,-9,-120,-231,92,-114,-143,34,-118,64
5547,8,8,68,-172,-9,10,-105,-136,-95,-7,135,-47
5548,8,8,33,-105,39,-57,-92,-135,-21,-64,164,-136
5549,7,7,-113,0,-68,-145,-32,-160,-318,292,-112,42
5550,1,1,-92,262,-139,-324,139,-76,-108,-71,-128,-133
5551,7,7,-127,-5,-121,-162,-5,-121,-301,303,-133,39
5552,1,1,-58,247,-107,-321,126,-104,-122,-47,-178,-155
5553,1,1,-96,269,-142,-337,143,-83,-119,-68,-133,-136
5554,0,0,156,-92,-142,-131,-181,-18,-91,110,-146,-79
5555,3,3,-319,52,-96,343,-142,-78,-350,157,-126,-93
5556,4,4,11,-1,-17,-271,218,-126,-89,-2,-200,-80
5557,2,2,-28,28,271,75,-297,-340,-249,57,33,-199
5558,6,6,64,-222,-301,-135,-50,8,293,-197,6,-107
5559,4,4,-17,-2,-88,-262,210,-87,-60,-38,-194,-34
5560,7,7,-106,71,-160,-272,50,-142,-282,247,-112,-14
5561,4,4,-19,8,-46,-292,245,-127,-109,20,-219,-87
5562,2,2,-7,-51,241,70,-221,-328,-228,-27,119,-130
5563,7,7,-148,105,87,-34,-64,-259,-406,298,-187,-83
5564,4,4,-14,-27,40,-209,201,-132,-80,-8,-98,-130
5565,9,9,-121,-60,-81,-93,84,-99,-272,110,-38,136
5566,1,1,-29,280,-125,-359,106,-88,-70,-89,-132,-208
5567,0,0,146,-43,-124,-202,-150,-59,-55,32,-135,-87
5568,6,6,96,-171,-260,-187,-77,29,308,-225,-65,-183
5569,8,8,48,-181,30,-4,-83,-99,-106,-40,146,-19
5570,5,5,14,-209,-176,-121,-128,205,46,-78,-101,67
5571,5,5,-102,-105,-190,-94,-58,247,-36,-25,-141,43
5572,5,5,-31,-132,-210,-75,-120,220,-13,-62,-157,83
5573,3,3,-196,-63,-225,285,-162,157,-143,3,-104,-54
5574,5,5,-74,-74,-146,-75,-117,225,-19,-64,-126,35
5575,9,9,-125,-105,-74,-42,46,-99,-302,126,-26,167
5576,7,7,-140,55,62,-20,-87,-260,-433,321,-156,-36
5577,4,4,-15,24,-58,-277,221,-108,-27,-81,-121,-90
5578,8,8,18,-32,-108,-195,-10,-118,-64,-94,112,-46
5579,5,5,-59,-172,-179,-73,-112,232,33,-98,-64,58
5580,9,9,-93,-78,-92,-123,69,-83,-247,108,-80,143
5581,6,6,86,-165,-254,-144,-73,15,287,-245,-3,-161
5582,9,9,-108,-50,-75,-119,88,-97,-250,100,-76,132
5583,3,3,-247,-3,-199,272,-149,83,-226,26,-29,-12
5584,0,0,174,-149,-143,-76,-150,-39,-70,20,-76,-51
5585,3,3,-255,24,-92,337,-194,-52,-299,66,-39,-43
5586,8,0,101,-50,-21,-249,-43,-94,-9,-81,-9,-97
5587,9,9,-130,-101,-77,-50,49,-92,-310,104,-10,177
5588,1,1,-12,270,-138,-354,86,-70,-17,-137,-114,-241
5589,8,8,11,-70,-23,-38,-103,-139,-57,-88,185,-63
5590,1,1,-39,256,-110,-331,130,-110,-104,-59,-150,-187
5591,6,6,91,-132,-250,-222,-20,28,323,-290,-85,-199
5592,0,0,201,-109,-75,-161,-163,-75,-70,34,-148,-74
5593,0,0,198,-215,-69,-117,-96,-23,107,-182,-62,-33
5594,1,1,-80,240,-103,-287,102,-73,-110,-77,-56,-112
5595,2,2,28,9,160,-31,34,-188,-113,-31,-130,-157
5596,3,3,-115,-1,-73,142,-74,-32,-221,20,-53,31
5597,4,4,-147,93,-94,-239,296,-114,-131,-23,-119,-128
5598,5,5,-106,-97,-248,-58,-92,261,16,-63,34,-39
5599,6,6,56,-163,-147,-147,-45,38,266,-220,-32,-119
5600,7,1,-96,125,-97,-302,106,-128,-224,111,-163,-14
5601,8,4,-78,117,-66,-128,160,-154,-94,-32,-6,-199
5602,9,9,-134,-45,-96,-100,88,-91,-267,111,-9,137
5603,0,0,146,-142,-217,-116,-137,49,32,20,-145,12
5604,1,1,-113,260,-113,-310,126,-96,-152,-33,-137,-102
5605,2,2,-4,-4,316,26,-182,-334,-259,79,-26,-196
5606,3,3,-237,-9,-58,264,-86,-90,-352,86,-96,32
5607,4,4,-138,114,-116,-269,283,-114,-132,20,-152,-157
5608,5,5,-63,-89,-152,12,-81,172,-4,-14,-58,-10
5609,6,6,70,-220,-245,-133,-81,54,291,-182,-69,-94
5610,7,7,-79,17,-132,-213,-26,-101,-213,269,-164,-19
5611,8,4,-62,44,-183,-87,87,-47,-13,-121,63,-100
5612,9,9,-122,-73,-70,-56,47,-75,-275,112,-14,139
5613,0,0,132,-152,-152,-85,-62,37,40,-79,-96,41
5614,1,1,-88,257,-126,-298,139,-91,-112,-86,-70,-123
5615,2,2,29,-34,259,9,-186,-345,-216,38,61,-173
5616,3,3,-101,-14,6,190,-105,-105,-272,54,-53,-23
5617,4,4,-160,104,-114,-237,238,-72,-144,37,-116,-98
5618,5,5,-102,-74,-108,-66,-119,229,-36,-52,-46,16
5619,6,6,50,-95,-179,-199,6,46,206,-128,-121,-138
5620,7,7,-89,67,-118,-243,22,-122,-253,224,-141,-8
5621,8,8,-117,2,-170,-5,63,-64,-53,-113,189,-117
5622,9,4,-136,4,-91,-154,144,-77,-219,49,-72,109
5623,3,7,3,-1,1,43,-78,-33,-158,63,-162,-89
5624,5,5,-80,-146,-192,-84,-141,271,-3,-82,17,12
5625,3,3,-199,10,-83,226,-95,-25,-285,65,-123,-3
5626,2,2,-27,-20,189,42,-178,-290,-230,59,91,-118
5627,9,9,-143,-47,-83,-84,103,-73,-265,40,-30,173
5628,3,3,-53,-4,16,153,-100,-55,-210,50,-125,-78
5629,2,2,-21,-15,290,50,-215,-326,-248,59,36,-159
5630,1,1,-140,236,-90,-296,126,-135,-211,7,-127,-50
5631,4,4,-123,120,-64,-246,281,-136,-117,-7,-134,-192
5632,5,5,-72,-145,-222,-77,-126,274,23,-104,-59,25
5633,5,5,-35,-87,-280,-148,-128,246,54,-84,-8,-43
5634,2,3,52,-108,71,74,-87,-210,-195,41,19,-46
5635,3,3,-276,-1,-200,308,-114,55,-232,13,3,-7
5636,2,2,-12,-11,169,84,-72,-220,-206,57,-73,-130
5637,1,1,-71,261,-117,-301,118,-94,-107,-66,-89,-143
5638,3,3,-204,57,-88,239,-110,11,-197,58,-120,-89
5639,9,9,-139,-72,-72,-59,19,-11,-213,96,-78,141
5640,7,7,-99,-12,-91,-139,-24,-107,-234,240,-127,48
5641,2,2,-8,-11,178,9,4,-240,-186,9,-25,-137
5642,1,1,-20,257,-153,-382,69,-50,-27,-103,-93,-235
5643,2,2,-40,12,219,59,-79,-268,-190,30,-11,-182
5644,8,8,-59,-7,-234,-96,62,-38,19,-124,132,-138
5645,9,9,-126,-76,-63,-77,98,-87,-259,77,-65,162
5646,1,1,-25,248,-109,-328,95,-75,-39,-89,-121,-216
5647,8,8,-74,-14,-188,-58,42,-45,44,-132,143,-161
5648,8,8,-102,83,-192,-176,109,-85,-81,-83,122,-99
5649,7,7,-64,125,-95,-337,80,-144,-235,162,-200,-53
5650,8,8,-70,-85,-231,-66,-38,16,27,-95,200,-76
5651,1,1,-95,246,-123,-319,122,-106,-147,-27,-127,-98
5652,0,0,224,-133,-26,-151,-113,-86,-6,-87,-143,-87
5653,0,0,228,-265,-59,-83,-141,-86,5,-82,-68,24
5654,7,7,-20,105,1,-176,-46,-169,-194,138,-51,-82
5655,7,7,-27,49,60,-54,-189,-228,-263,176,14,-53
5656,8,8,-121,31,-184,-73,106,-40,-60,-136,141,-99
5657,7,7,-103,17,-89,-157,-27,-109,-296,283,-120,14
5658,5,5,-107,-84,-201,-35,-76,223,-32,-8,-76,13
5659,0,0,238,-156,-55,-138,-170,-73,-9,-46,-122,-75
5660,6,6,71,-144,-134,-167,-45,42,274,-247,-54,-153
5661,1,1,-22,251,-128,-297,74,-101,-72,-73,-107,-192
5662,5,5,7,-110,-201,-62,-140,213,16,-102,-115,13
5663,7,7,-74,102,-114,-295,51,-142,-245,200,-174,-42
5664,4,4,-97,109,-91,-271,284,-136,-110,34,-153,-248
5665,6,6,58,-111,-242,-205,16,43,270,-287,-79,-136
5666,1,1,-26,276,-124,-363,114,-120,-95,-50,-166,-219
5667,2,2,74,-14,189,-59,-26,-218,-118,-13,-71,-188
5668,5,5,-101,-163,-221,-72,-161,302,-23,-113,-30,69
5669,0,0,195,-145,-154,-136,-220,53,-35,43,-112,-53
5670,7,7,-115,21,-143,-190,17,-93,-242,265,-128,3
5671,9,9,-74,-97,-116,-68,69,-69,-167,20,-24,157
5672,9,9,-124,-96,-74,-89,125,-81,-232,88,-96,145
5673,0,0,191,-143,-54,-105,-127,-31,-46,-36,-114,-11
5674,3,3,-44,-65,-96,224,-148,16,-177,-4,-76,-37
5675,8,4,-92,124,-195,-165,133,-54,-15,-153,72,-201
5676,4,4,-57,45,-50,-135,142,-102,-59,43,-67,-164
5677,4,4,-37,117,-6,-269,223,-105,-27,-94,-143,-253
5678,8,1,-39,42,-150,-35,-8,27,42,-106,22,-148
5679,1,1,-92,235,-114,-314,119,-92,-128,-33,-133,-100
5680,8,8,-133,-62,-144,59,6,-40,-165,-38,183,48
5681,6,6,39,-70,-195,-194,20,39,263,-244,-85,-208
5682,5,5,-57,-166,-219,-153,-146,252,7,-107,-21,86
5683,9,9,-145,-95,-105,-59,63,10,-188,46,-48,171
5684,0,0,247,-165,-92,-109,-168,-40,-9,-49,-145,-32
5685,0,0,186,-139,-108,-122,-243,23,3,8,-51,-107
5686,0,0,251,-158,-112,-118,-263,-24,-33,27,-132,-66
5687,3,3,-131,-18,-109,211,-121,7,-225,29,-70,22
5688,7,7,-102,81,-114,-252,50,-134,-275,219,-148,-9
5689,1,1,-75,250,-128,-321,120,-89,-110,-56,-125,-124
5690,6,6,19,-77,-181,-144,-8,40,206,-127,-71,-176
5691,4,4,-88,105,-56,-262,247,-104,-103,6,-116,-171
5692,2,2,12,30,291,-33,-135,-320,-243,50,-31,-175
5693,6,6,53,-143,-182,-150,-20,43,272,-236,-44,-153
5694,6,6,35,-172,-209,-150,-54,49,277,-187,-23,-115
5695,0,0,202,-159,-23,-131,-188,-47,-7,-42,-43,-63
5696,4,4,-91,81,-84,-230,247,-62,-75,-52,-147,-135
5697,5,5,-119,-53,-176,-79,-76,210,-68,-42,-69,62
5698,4,4,-124,133,-106,-272,256,-79,-90,-26,-123,-174
5699,1,1,-102,238,-94,-276,117,-115,-154,-31,-74,-84
5700,3,3,-222,33,-98,152,-41,-87,-304,56,-10,63
5701,8,8,-73,43,-81,-68,92,-125,-55,-92,128,-159
5702,6,6,50,-78,-196,-178,-3,44,190,-130,-115,-115
5703,3,3,-120,-16,-121,215,-133,45,-163,-1,-26,-22
5704,9,9,-144,-94,-85,-32,64,-20,-253,48,-67,192
5705,9,9,-143,-70,-82,-69,100,-37,-233,18,-20,183
5706,5,5,-113,-57,-132,-33,-152,219,-84,-44,15,0
5707,9,9,-93,-127,-58,-34,28,-57,-220,58,-12,169
5708,3,3,-213,-9,-159,230,-113,15,-301,70,-110,37
5709,7,7,-61,110,-89,-265,69,-153,-201,146,-119,-59
5710,8,8,-65,28,-161,-94,50,-58,-30,-145,128,-65
5711,5,5,-141,-3,-163,-86,-134,239,-132,-39,-92,58
5712,6,6,65,-83,-134,-205,0,13,214,-174,-83,-143
5713,4,4,-105,89,-131,-315,302,-60,-82,-7,-204,-206
5714,7,7,-105,103,-106,-293,89,-167,-290,209,-154,-27
5715,6,6,27,-89,-172,-146,0,27,223,-212,-41,-136
5716,2,2,13,15,298,9,-173,-361,-257,73,-28,-190
5717,2,2,2,-77,263,53,-275,-284,-194,5,113,-135
5718,0,0,185,-177,-36,-95,-157,-36,-14,-63,-39,-36
5719,9,9,-27,-106,-112,-95,13,18,-91,65,-74,69
5720,4,4,-134,122,-59,-189,225,-117,-122,8,-108,-155
5721,0,0,160,-72,-61,-214,-128,-109,-99,60,-161,-76
5722,1,1,-31,271,-126,-359,136,-103,-55,-90,-144,-238
5723,2,2,-6,42,268,-30,-122,-267,-219,58,-53,-173
5724,3,3,-231,37,-53,282,-124,-160,-360,94,-70,20
5725,4,4,-156,-3,-58,-184,272,-196,-257,178,-197,-104
5726,5,5,-51,-124,-164,-41,-80,180,-24,-49,-65,66
5727,6,6,113,-33,-114,-313,16,-36,173,-164,-165,-179
5728,7,7,-131,55,-143,-171,87,-70,-152,195,-123,-101
5729,8,8,-12,-91,-53,-72,-133,-49,-11,-72,164,-3
5730,9,7,-6,-82,-49,-56,-34,-103,-192,129,-26,62
5731,0,0,122,-29,-27,-112,-83,-84,-122,45,-177,-52
5732,1,1,-46,260,-83,-333,124,-147,-113,-30,-137,-197
5733,2,2,-72,67,294,-41,-209,-176,-210,69,-28,-189
5734,3,2,-22,21,59,-31,-27,-21,-70,42,-48,-81
5735,5,5,-98,-1,-109,-41,-1,114,2,-75,-101,-26
5736,6,6,71,-122,15,-63,-13,-89,81,-77,-97,-97
5737,0,7,38,-70,-10,-129,0,-208,-240,164,-196,18
5738,1,1,-28,279,-113,-406,120,-127,-72,-71,-146,-244
5739,2,2,-42,72,257,2,-101,-261,-289,122,-138,-198
5740,3,3,-222,30,-34,183,-108,-47,-296,138,-116,-23
5741,4,4,-155,59,-142,-238,295,-90,-162,38,-134,-100
5742,5,5,-162,-24,-104,7,-91,199,-133,8,-160,36
5743,6,6,41,-73,-59,-177,10,4,227,-222,-104,-227
5744,8,8,-39,-97,-55,-125,-116,-30,25,-168,203,-21
5745,7,1,-79,191,-44,-161,-26,-168,-222,120,-88,-86
5746,1,1,-24,280,-70,-399,110,-162,-78,-69,-123,-265
5747,3,3,-259,3,1,313,-178,-143,-394,129,-76,-21
5748,2,2,-56,104,199,-81,-33,-211,-139,30,-50,-251
5749,8,6,-24,-112,-19,-196,-60,43,112,-47,44,-121
5750,0,0,128,-70,58,-228,62,-302,-199,56,-174,-71
5751,7,7,-119,11,-48,-42,-24,-167,-318,282,-112,-11
5752,5,5,-41,-19,33,2,-75,54,-98,-17,-192,-68
5753,9,9,-29,-216,-124,-57,-22,51,-72,-19,-35,155
5754,9,9,-14,-146,-124,-71,72,-41,-60,-21,-60,105
5755,6,6,39,-119,-156,-186,-8,-6,303,-242,-41,-212
5756,0,0,160,-157,60,-128,118,-243,-72,-95,-212,-41
5757,9,7,60,-151,-94,-98,-37,-122,-102,90,-79,5
5758,4,4,-138,72,-132,-260,344,-192,-199,14,-109,-142
5759,1,1,-45,273,-63,-338,119,-184,-110,-14,-145,-251
5760,3,3,-73,-45,26,244,-196,-140,-324,90,-81,-40
5761,2,2,-9,52,220,-57,-57,-184,-106,19,-140,-249
5762,1,1,-24,274,-87,-371,129,-141,-76,-63,-162,-244
5763,2,2,23,-1,241,-58,-94,-184,-69,-15,-95,-228
5764,3,3,-211,-26,-39,243,-154,-65,-337,132,-96,-14
5765,8,8,-5,-73,8,-136,-46,-111,6,-61,168,-135
5766,3,3,-216,-10,-65,269,-115,-125,-336,60,7,45
5767,2,2,-44,70,331,-39,-163,-261,-242,86,-89,-228
5768,6,6,86,-72,-125,-233,13,-13,206,-180,-156,-157
5769,5,5,-17,-151,-158,-80,-78,163,46,-92,-21,52
5770,6,6,32,-17,-170,-261,41,9,206,-173,-121,-207
5771,8,8,-22,-137,33,-98,-83,-47,43,-64,160,-45
5772,2,2,-4,62,227,-22,-106,-164,-176,52,-154,-173
5773,7,7,-171,28,-30,-53,-46,-113,-281,232,-114,28
5774,4,4,-153,121,-117,-271,313,-151,-211,35,-177,-167
5775,8,8,-52,-96,-64,-87,-88,-43,-15,-47,197,-27
5776,1,1,-62,297,-117,-323,104,-149,-132,-3,-164,-230
5777,8,8,-144,-42,81,-71,-152,4,-50,51,185,-128
5778,0,0,144,-7,30,-281,125,-235,-130,-6,-281,-134
5779,5,5,-120,-99,-148,-67,-124,247,-85,-48,-87,74
5780,3,3,-114,-31,26,228,-163,-116,-287,102,-89,-51
5781,9,9,-33,-125,-42,-14,16,-86,-204,65,-61,113
5782,4,4,-114,-109,-35,-129,256,-149,-196,49,-131,47
5783,1,1,-22,266,-110,-358,117,-93,-48,-100,-129,-239
5784,9,9,-41,-115,-62,-93,62,-19,-128,49,-161,123
5785,2,2,-75,60,209,113,-137,-217,-223,66,-132,-189
5786,1,1,-30,281,-96,-362,113,-126,-90,-48,-151,-236
5787,9,9,-1,-158,-126,-67,-49,35,-63,27,-42,84
5788,6,6,61,-150,-183,-189,-1,24,302,-242,-82,-165
5789,7,7,-127,29,2,-55,-49,-139,-288,271,-145,-34
5790,9,7,-71,-108,-23,-20,14,-72,-242,107,-76,100
5791,0,0,164,-188,-24,-119,100,-182,-43,-129,-184,20
5792,4,4,-66,18,-168,-264,269,-141,-49,-36,-93,-178
5793,6,6,51,-66,-221,-228,32,24,255,-216,-122,-187
5794,1,1,-73,311,-96,-309,97,-185,-138,2,-141,-249
5795,7,7,-131,47,-11,-54,-18,-208,-349,279,-123,-11
5796,3,3,-266,19,-66,333,-146,-87,-347,96,-118,-23
5797,8,4,-176,126,-223,-190,197,-58,-60,-182,128,-190
5798,7,7,-152,63,26,-35,-45,-175,-331,263,-150,-27
5799,2,2,-71,137,282,-12,-163,-282,-337,189,-186,-247
5800,9,9,-60,-119,-51,-112,74,-72,-193,112,-182,140
5801,6,6,110,-175,-176,-129,5,-52,222,-212,-11,-140
5802,5,5,-68,-83,-117,-13,-111,167,-78,-44,-49,59
5803,8,8,-116,13,8,-138,57,-42,21,-122,123,-212
5804,3,3,-177,-49,-92,309,-177,-85,-327,80,-79,8
5805,9,9,-35,-158,-56,-27,33,-90,-202,60,-58,133
5806,0,0,156,-98,33,-188,70,-207,-56,-72,-211,-68
5807,5,5,-111,-50,-116,-39,-116,193,-89,-22,-70,48
5808,7,7,-106,67,-8,-98,-16,-169,-293,235,-136,-26
5809,1,1,-71,299,-82,-348,121,-172,-108,-45,-112,-239
5810,6,6,-9,-125,-138,-91,25,19,257,-211,-31,-200
5811,1,1,-57,316,-95,-365,128,-190,-117,-27,-160,-277
5812,0,0,200,45,24,-345,5,-216,-68,-43,-254,-219
5813,9,9,-76,-136,-112,-17,33,-53,-205,49,-17,153
5814,3,3,-67,4,13,137,-61,-48,-154,11,-165,-79
5815,3,3,-195,61,-43,259,-151,-61,-256,91,-144,-79
5816,4,4,-99,-16,-127,-248,336,-131,-132,18,-193,-147
5817,4,4,-129,47,-111,-287,367,-160,-183,-13,-185,-124
5818,0,0,204,30,-11,-287,-41,-191,-43,-42,-237,-220
5819,6,6,53,-81,-238,-226,39,39,250,-254,-116,-149
5820,2,2,-19,18,236,7,-158,-231,-261,119,-107,-143
5821,5,5,-78,-61,-243,4,-69,186,58,-129,-58,-37
5822,4,4,-123,21,-102,-282,333,-158,-180,13,-147,-73
5823,2,2,16,36,197,-34,-122,-205,-222,77,-103,-124
5824,3,3,-251,-16,-10,240,-140,-84,-343,84,-10,29
5825,4,4,-103,-108,-45,-177,250,-177,-189,61,-136,29
5826,6,6,42,-124,-140,-167,-13,20,234,-144,-68,-159
5827,0,0,131,-60,-49,-157,4,-112,-64,-40,-191,-32
5828,0,0,79,-81,-136,-81,-19,-10,-30,-18,-231,24
5829,2,2,-54,96,219,-25,-76,-139,-129,28,-93,-233
5830,0,0,172,-133,-23,-51,-44,-70,-49,-59,-140,-2
5831,1,1,-8,246,-136,-334,63,-57,6,-146,-96,-244
5832,4,4,-47,-21,-32,-227,245,-62,-71,3,-163,-108
5833,5,5,-65,-105,-194,-44,-83,168,-127,57,-151,64
5834,6,6,19,-153,-202,-137,-19,70,318,-249,-73,-203
5835,7,7,-51,-17,-48,-101,-6,-117,-210,212,-76,-7
5836,8,8,-91,-10,-187,-222,3,-14,-98,-100,149,36
5837,9,9,-134,-42,-86,-59,96,-93,-245,96,-10,109
5838,0,0,172,-86,10,-168,-46,-125,-39,-8,-121,-96
5839,1,1,-54,312,-99,-399,89,-173,-89,-66,-99,-264
5840,2,2,65,-47,171,27,-95,-219,-140,-33,-44,-105
5841,3,3,-62,-71,-14,110,-29,-13,-107,10,-103,-5
5842,4,4,-80,17,-70,-145,164,-92,-154,107,-135,-71
5843,5,5,1,-74,-182,-49,-125,172,-71,10,-186,54
5844,6,6,54,-186,-93,-140,-79,-30,312,-255,43,-186
5845,7,7,-17,-15,-18,-144,25,-183,-163,203,-81,-97
5846,8,8,-81,-130,-76,-166,-53,-5,-37,-117,244,18
5847,0,0,123,48,-31,-274,74,-246,-185,73,-210,-153
5848,1,1,-28,289,-114,-369,99,-132,-108,-41,-161,-227
5849,2,2,14,-6,159,82,-134,-292,-231,61,-30,-130
5850,3,3,-358,46,-112,318,-123,-1,-361,133,-153,-26
5851,4,4,0,33,-40,-332,219,-131,-95,-12,-209,-72
5852,5,5,-80,-87,-197,-39,-132,256,-31,-52,-149,30
5853,6,6,35,-62,-225,-222,58,32,274,-282,-112,-213
5854,7,7,-44,0,-60,-150,79,-113,-142,167,-114,-59
5855,8,8,-45,2,-117,-200,-54,2,-7,-89,105,-51
5856,9,9,-119,-143,-87,-34,77,-73,-236,83,-45,188
5857,8,8,-54,-158,2,40,-60,-108,-139,-114,201,66
5858,7,7,-42,24,-93,-162,40,-133,-153,178,-63,-89
5859,1,1,-72,250,-119,-281,107,-92,-98,-67,-80,-135
5860,3,3,-295,16,-149,290,-117,60,-278,66,-109,-5
5861,7,7,-39,28,29,-139,20,-174,-202,207,-97,-80
5862,5,5,-76,-41,-208,-33,-125,226,-85,15,-190,31
5863,2,2,-19,16,253,51,-235,-325,-215,39,51,-191
5864,8,8,-30,-96,71,17,-159,-174,-165,-10,215,-25
5865,0,0,183,-83,-27,-213,-69,-146,-94,0,-157,-68
5866,7,7,-96,45,-104,-194,98,-157,-236,253,-132,-104
5867,5,5,-56,-46,-193,-65,-114,191,-96,59,-225,22
5868,9,9,-109,-107,-146,-135,32,7,-164,54,-23,163
5869,9,9,-101,-151,-98,-59,38,13,-169,-1,-53,197
5870,0,0,84,81,-49,-335,10,-147,-109,40,-208,-127
5871,9,9,-47,-157,-159,-113,4,5,-94,37,-64,146
5872,1,1,-30,255,-108,-357,101,-100,-68,-74,-119,-188
5873,1,1,-21,227,-86,-311,71,-91,-69,-48,-112,-173
5874,5,5,-48,-59,-191,-20,-138,222,-31,-50,-117,18
5875,8,8,-40,-45,-44,-79,-69,-139,-116,-115,205,2
5876,8,8,-115,0,78,5,-94,-184,-260,37,157,3
5877,6,6,135,-57,-161,-295,-11,11,137,-170,-183,-150
5878,3,3,-152,-48,-103,222,-83,29,-169,4,-40,22
5879,2,2,0,47,234,20,-165,-298,-215,64,-64,-193
5880,1,1,-98,229,-101,-265,92,-99,-135,-5,-105,-94
5881,8,8,-45,-79,23,-3,-129,-118,-149,-6,199,-20
5882,3,3,-267,3,-57,246,-30,-68,-287,31,1,16
5883,2,2,32,-38,224,78,-195,-314,-263,73,-65,-104
5884,6,6,74,-175,-167,-104,-66,11,267,-205,-58,-125
5885,5,5,-113,-6,-133,4,-89,162,-135,4,-152,62
5886,6,6,21,-53,-173,-187,50,12,269,-259,-72,-252
5887,7,7,7,-26,-114,-183,-95,-29,-181,245,-217,-4
5888,4,4,63,-12,-79,-268,152,-81,-38,-60,-200,-56
5889,1,1,-118,235,-126,-302,126,-88,-138,-23,-130,-88
5890,0,0,122,92,-115,-318,-94,-49,-21,-14,-204,-180
5891,5,5,20,-81,-171,-44,-20,98,89,-67,-129,-51
5892,3,3,-197,30,-49,213,-87,-21,-240,74,-134,-27
5893,1,1,-46,260,-124,-304,112,-83,-66,-93,-95,-177
5894,9,9,-165,-107,-68,-24,98,-73,-278,73,-43,201
5895,2,2,29,66,172,-68,-41,-234,-108,-28,-53,-196
5896,1,1,-96,240,-107,-293,121,-100,-131,-36,-98,-98
5897,9,9,-48,-121,-94,-64,50,-57,-131,64,-86,136
5898,6,6,57,-171,-198,-176,-8,52,328,-280,-63,-189
5899,0,0,195,-58,-7,-246,-72,-114,-20,-33,-228,-118
5900,4,4,-88,5,-74,-250,291,-66,-112,21,-186,-139
5901,6,6,67,-54,-138,-226,51,-19,229,-246,-82,-191
5902,1,1,-50,273,-128,-331,106,-104,-94,-41,-136,-209
5903,7,7,-76,72,-112,-236,93,-128,-204,168,-131,-48
5904,3,3,-302,11,-96,250,-106,-20,-337,113,-31,7
5905,8,8,-74,-36,-26,31,-11,-110,-137,-21,166,-13
5906,7,7,-47,33,-25,-125,78,-189,-211,191,-106,-88
5907,2,2,1,8,158,21,-123,-277,-223,39,30,-97
5908,9,9,-92,-127,-111,-59,15,5,-180,40,-29,165
5909,6,6,73,-120,-158,-200,16,-4,270,-246,-55,-200
5910,5,5,-72,-28,-168,-115,-30,156,-71,9,-167,54
5911,8,8,-27,-82,-30,-14,-104,-82,-94,17,164,-37
5912,3,3,-79,-50,-111,195,-125,55,-155,34,-126,-30
5913,5,5,23,-47,-147,-77,-9,69,23,-25,-119,-25
5914,7,7,-75,26,-137,-213,78,-103,-173,201,-94,-70
5915,1,1,-48,249,-131,-302,118,-84,-67,-68,-122,-193
5916,6,6,73,-35,-82,-237,50,-32,169,-191,-90,-159
5917,1,1,-92,233,-134,-315,130,-87,-110,-50,-117,-110
5918,0,0,179,-114,-40,-179,-73,-106,-36,-67,-99,-81
5919,9,9,-63,-60,-126,-150,82,-111,-209,49,-60,127
5920,6,6,48,-30,-178,-262,48,9,272,-305,-92,-236
5921,2,2,-31,154,205,-96,-98,-281,-212,82,-67,-206
5922,5,5,-50,6,-173,-19,-80,125,-107,72,-216,2
5923,4,4,-62,65,-64,-302,253,-109,-118,5,-149,-96
5924,2,2,0,107,244,-104,-104,-253,-145,13,-44,-213
5925,3,3,-253,24,-74,233,-74,-39,-290,112,-136,-21
5926,4,4,-77,-36,-88,-228,204,-73,-119,32,-121,11
5927,4,4,-65,-18,-43,-255,272,-91,-129,23,-190,-71
5928,6,6,60,-116,-143,-192,-2,31,269,-242,-71,-174
5929,0,0,178,-81,-96,-151,-148,-76,-65,65,-150,-110
5930,0,0,228,-197,-52,-113,-105,-126,-63,-45,-122,3
5931,2,2,-11,94,277,-90,-95,-286,-133,-16,-37,-256
5932,0,0,169,-107,-118,-76,-90,-17,-40,-31,-155,-15
5933,1,1,-124,239,-103,-288,146,-96,-154,-49,-80,-75
5934,2,2,53,85,151,-130,-71,-134,-129,32,-159,-160
5935,3,9,-97,35,-94,45,-18,-28,-191,23,-69,51
5936,4,4,-123,23,-34,-191,237,-101,-183,31,-105,-20
5937,5,5,-160,-18,-138,52,-37,120,-147,11,-141,42
5938,6,6,67,-89,-158,-214,46,20,198,-155,-178,-159
5939,7,7,-153,66,-24,-78,-48,-89,-242,190,-92,6
5940,8,8,36,-160,-14,-5,-94,-106,-3,-102,172,-57
5941,9,9,-118,-149,-58,3,81,-57,-225,-5,0,214
5942,0,0,130,-140,-69,-89,-2,-21,-32,-56,-165,47
5943,1,1,-97,230,-122,-279,140,-55,-105,-91,-78,-100
5944,2,2,30,41,187,-148,-109,-177,-105,69,-55,-174
5945,3,3,-161,1,-91,207,-120,-73,-269,18,1,71
5946,4,4,-173,59,-102,-221,305,-92,-203,29,-148,-75
5947,5,5,-124,-132,-249,-5,-101,266,-71,-49,-98,93
5948,6,6,72,-48,-148,-237,57,-18,211,-191,-174,-194
5949,7,7,-162,38,-30,-57,-42,-81,-239,195,-95,17
5950,8,8,20,-65,-24,-89,0,-101,-1,-98,100,-77
5951,9,9,-153,-51,-74,-84,108,-32,-237,26,-41,177
5952,0,0,126,-113,-134,-78,-81,-9,-59,13,-162,16
5953,1,1,-121,217,-91,-238,115,-89,-157,-34,-70,-65
5954,2,2,-28,78,233,-8,-131,-152,-228,71,-181,-170
5955,3,3,-107,-111,-40,137,9,-90,-211,-13,67,78
5956,4,4,-150,-23,-61,-171,281,-58,-151,5,-120,-28
5957,5,5,-111,-108,-178,-14,-112,230,-87,-37,-72,76
5958,6,6,49,-77,-163,-182,25,31,203,-131,-156,-190
5959,7,7,-143,40,-27,-75,-47,-85,-238,204,-114,13
5960,8,8,65,-201,-50,1,-133,-75,-59,-45,141,21
5961,9,9,-177,-7,-64,-48,65,-53,-247,96,-60,114
5962,8,8,43,-221,46,50,-134,-115,-43,-92,190,-33
5963,6,6,74,-8,-168,-233,19,24,213,-227,-117,-226
5964,5,5,-133,-67,-190,47,-86,187,-138,18,-158,69
5965,0,0,149,-123,-164,-92,-128,16,-3,38,-154,-22
5966,6,6,73,-135,-159,-155,-31,35,269,-229,-75,-173
5967,8,8,45,-154,19,2,-76,-88,-5,-90,122,-53
5968,9,9,-122,-126,-59,-24,91,-33,-178,-7,-42,195
5969,4,4,-143,-4,-140,-201,265,27,-86,-34,-142,-54
5970,1,1,-92,207,-108,-263,138,-65,-101,-79,-65,-86
5971,9,9,-149,-62,-82,-78,117,-40,-231,23,-12,173
5972,5,5,-146,-76,-189,140,-76,162,-124,-48,-43,60
5973,3,9,-42,-178,-160,52,26,-8,-108,-73,31,151
5974,0,0,133,-61,-74,-163,-104,-60,-77,52,-185,-52
5975,4,4,-182,28,-78,-179,247,-42,-163,-7,-73,0
5976,8,8,19,-82,45,50,-131,-111,-75,-4,86,-51
5977,9,9,-175,-147,-113,-12,143,-33,-244,-12,-10,235
5978,1,1,-124,216,-70,-197,77,-101,-179,-20,-57,-50
5979,4,4,-178,8,-29,-128,258,-99,-197,45,-104,-51
5980,0,0,144,-151,-177,-75,-77,19,34,-77,-98,1
5981,5,9,-117,-132,-163,78,-82,132,-197,-17,-92,141
5982,5,5,-182,-6,-180,110,-94,193,-133,-2,-135,27
5983,2,2,21,62,83,-77,-57,-62,-149,52,-163,-73
5984,1,1,-115,212,-70,-210,78,-94,-171,-17,-54,-50
5985,5,5,-120,-115,-202,86,-138,203,-80,-46,-16,46
5986,4,4,-163,10,-68,-164,258,-62,-184,15,-90,-6
5987,0,0,104,-151,-203,-96,-79,10,-27,39,-177,36
5988,7,7,-132,50,-22,-36,-69,-81,-223,174,-86,7
5989,6,6,49,8,-214,-239,47,34,198,-253,-109,-193
5990,0,0,201,-146,-138,-116,-141,-21,-6,12,-149,-69
5991,1,1,-117,247,-122,-292,144,-92,-144,-47,-96,-98
5992,7,7,-150,23,-25,-41,-34,-90,-234,188,-100,28
5993,0,0,200,-172,-153,-117,-142,-7,14,7,-157,-27
5994,6,6,100,-89,-162,-251,23,3,247,-241,-128,-176
5995,8,8,0,-196,-2,45,-157,-90,-97,-47,225,21
5996,9,9,48,-180,-51,-73,77,-38,-30,-73,-58,88
5997,5,5,-76,-130,-137,54,-109,129,-122,-53,-17,107
5998,1,1,-100,152,-65,-187,113,-76,-121,-33,-45,-37
5999,7,7,-137,5,-26,-10,-57,-88,-234,202,-122,21
6000,9,9,-91,-53,-52,-39,68,-60,-179,39,-12,113
6001,8,8,18,-100,-150,-115,-99,-48,3,-106,158,-23
6002,6,6,49,-23,-192,-192,42,32,183,-206,-136,-163
6003,0,0,129,-118,-153,-66,-106,1,-6,-5,-98,-47
6004,8,8,3,-129,-42,5,3,-65,-58,-41,74,29
6005,1,1,-93,179,-91,-216,98,-39,-103,-49,-53,-63
6006,7,7,-159,115,39,-76,-86,-145,-302,205,-85,-34
6007,7,7,-129,30,-32,-60,-57,-76,-220,200,-104,9
6008,1,1,-128,207,-80,-231,119,-99,-172,-35,-66,-43
6009,3,3,-71,-57,-108,109,-76,-16,-166,-5,-34,86
6010,2,2,5,31,244,-98,-91,-159,-63,-3,-67,-218
6011,3,9,-1,-96,-116,-12,4,-5,-139,18,-79,84
6012,1,1,-107,229,-97,-275,141,-96,-137,-55,-71,-83
6013,4,4,-104,11,-66,-220,281,-78,-148,-7,-180,-71
6014,2,2,14,53,269,-104,-109,-175,-126,40,-131,-213
6015,0,0,134,-81,-131,-77,-104,0,-10,-5,-143,-28
6016,0,0,195,-139,-172,-106,-175,42,37,-28,-117,-72
6017,7,7,-194,87,72,-36,-91,-263,-469,350,-184,-39
6018,8,8,17,-164,26,10,-144,-99,-75,-32,182,-8
6019,4,4,-186,47,-55,-139,203,-61,-184,37,-71,-11
6020,6,6,54,-80,-141,-180,20,44,187,-204,-90,-112
6021,4,4,-187,50,-59,-183,268,-75,-189,-46,-58,6
6022,9,9,-124,-62,-57,-27,82,-31,-169,10,-34,144
6023,3,9,-117,-15,-95,65,14,3,-161,-40,-21,89
6024,8,8,-22,-136,31,99,-95,-145,-144,-6,159,11
6025,4,4,-178,-23,-27,-79,253,-94,-202,75,-154,-62
6026,7,7,-156,83,6,-26,-93,-66,-240,143,-52,-11
6027,2,2,12,70,192,-106,-98,-144,-68,5,-56,-207
6028,5,5,-161,9,-246,101,-110,206,-93,-20,-99,-15
6029,6,6,31,-66,-173,-141,-11,45,213,-183,-86,-188
6030,3,3,-66,10,-24,148,-84,-125,-218,47,-43,12
6031,6,6,41,-34,-220,-185,7,24,198,-188,-84,-194
6032,9,9,-122,-104,-54,-21,95,-45,-187,-10,-4,173
6033,6,6,64,-76,-221,-210,3,42,241,-274,-82,-155
6034,3,3,-135,-32,-39,167,-69,-95,-291,22,-44,89
6035,2,0,94,67,42,-222,-31,-108,-104,67,-195,-138
6036,2,2,49,-2,254,-87,-82,-185,-103,9,-94,-191
6037,4,4,-152,-27,-96,-191,233,4,-138,4,-88,43
6038,6,6,39,-106,-82,-159,-25,36,228,-176,-50,-191
6039,9,9,-120,-54,-69,-71,79,-45,-209,6,-15,169
6040,0,0,117,-42,-143,-162,-124,2,-17,38,-130,-101
6041,2,2,35,-5,220,-118,-90,-173,-15,-39,-39,-192
6042,5,3,-150,-148,-157,162,-103,99,-221,-4,-14,127
6043,5,5,-85,-148,-273,70,-132,243,-52,-67,-77,59
6044,1,1,-106,235,-118,-295,151,-73,-122,-74,-79,-96
6045,3,3,-35,-44,-68,105,-87,-89,-167,25,-18,50
6046,3,3,-185,43,-61,224,-130,-98,-251,50,-31,7
6047,9,9,-140,-121,-61,7,88,-47,-231,11,-7,188
6048,7,7,-168,95,-2,-93,-87,-141,-349,246,-122,2
6049,8,8,-3,-111,11,15,-123,-129,-111,-43,185,-6
6050,7,7,-167,53,5,-33,-96,-96,-290,219,-120,-2
6051,2,2,48,27,248,-133,-73,-216,-88,7,-57,-198
6052,2,2,3,40,197,-73,-87,-136,-63,-1,-59,-175
6053,5,5,-111,-159,-167,46,4,132,-85,-33,-15,82
6054,7,7,-174,63,-21,-37,-68,-99,-292,195,-102,28
6055,9,9,-107,-91,-67,-38,81,-49,-187,17,-13,160
6056,8,8,-33,-131,58,67,-168,-75,-80,-27,165,-45
6057,2,2,64,49,172,-165,-44,-153,-83,14,-135,-164
6058,1,1,-87,246,-113,-281,112,-87,-109,-74,-63,-113
6059,3,3,-28,-32,-19,46,-19,-80,-127,37,-5,7
6060,1,1,-116,245,-125,-311,167,-78,-123,-81,-96,-96
6061,3,3,-142,37,-70,188,-121,-61,-264,57,-97,20
6062,0,0,233,-187,-25,-156,-75,-128,-9,-89,-73,-54
6063,1,1,-6,247,-147,-334,125,-65,-40,-109,-158,-237
6064,2,2,-17,46,255,75,-201,-340,-215,36,-17,-206
6065,3,3,-40,-4,-60,118,-83,-86,-118,54,22,-128
6066,4,4,-178,28,-118,-210,333,-94,-129,50,-190,-188
6067,5,5,-93,-164,-248,-32,-141,285,-44,-84,-92,90
6068,6,6,81,-218,-188,-174,-43,13,293,-191,-71,-120
6069,7,7,-169,85,-72,-148,48,-182,-309,274,-124,-35
6070,8,8,85,-190,-90,-55,-113,-77,55,-150,137,-55
6071,9,9,-13,-188,-45,-12,50,-69,-207,31,-76,140
6072,0,0,192,-157,-2,-160,38,-83,30,-131,-210,-76
6073,1,1,-35,240,-167,-337,145,-61,-55,-92,-172,-208
6074,2,2,11,36,334,27,-306,-383,-239,44,7,-238
6075,3,3,-193,-52,-216,224,-68,80,-120,54,-121,-100
6076,4,4,-154,-42,-131,-189,293,-78,-138,47,-214,-46
6077,5,5,-76,-169,-250,-115,-140,300,49,-131,11,15
6078,6,6,74,-131,-218,-194,6,45,274,-229,-116,-145
6079,7,7,-149,70,1,-119,15,-193,-326,250,-143,1
6080,8,8,64,-265,16,14,-164,-93,-6,-98,186,-20
6081,9,9,8,-184,-12,-31,52,-72,-188,8,-95,140
6082,0,0,164,-161,-22,-112,34,-69,-11,-97,-124,-12
6083,1,1,-3,244,-126,-344,70,-73,-6,-149,-96,-227
6084,2,2,-71,67,263,109,-279,-321,-229,51,15,-213
6085,3,3,-188,1,-180,250,-69,3,-190,57,-16,-88
6086,4,4,-150,-4,-105,-176,275,-95,-140,82,-194,-129
6087,5,5,-65,-139,-243,27,-89,216,43,-33,-82,-46
6088,6,6,29,-181,-266,-84,-7,52,298,-232,-83,-139
6089,7,7,-113,48,-19,-121,30,-214,-309,250,-97,-19
6090,8,8,68,-202,-20,-25,-122,-71,17,-110,159,-71
6091,9,9,56,-187,-87,-85,-7,-16,-126,18,-86,111
6092,1,1,-60,265,-118,-336,133,-100,-115,-60,-139,-173
6093,2,2,26,36,207,-27,-174,-276,-111,-30,51,-204
6094,6,6,101,-158,-226,-163,-26,18,313,-274,-73,-199
6095,5,5,-47,-186,-248,-77,-38,230,83,-84,-92,2
6096,3,3,-231,7,-175,259,-53,28,-203,8,-16,-64
6097,0,0,177,-140,-123,-120,-105,-2,42,-61,-65,-96
6098,7,7,-143,97,-28,-138,0,-157,-288,226,-103,-21
6099,0,0,193,-149,-37,-145,-39,-78,-10,-78,-94,-57
6100,4,4,-139,-48,-75,-148,293,-121,-146,91,-202,-132
6101,1,1,-16,192,-204,-310,101,6,49,-174,-116,-236
6102,4,4,-95,19,-114,-319,338,-100,-101,19,-244,-196
6103,3,3,-295,29,-186,343,-107,49,-217,30,-57,-100
6104,6,6,92,-220,-207,-114,-95,15,316,-240,-18,-136
6105,7,7,-173,73,-102,-138,41,-143,-281,250,-80,-22
6106,2,2,-17,87,304,10,-190,-309,-208,40,-79,-255
6107,3,3,-293,15,-175,333,-130,56,-226,35,-37,-74
6108,1,1,-16,280,-114,-406,115,-123,-36,-112,-129,-287
6109,2,2,10,63,219,-73,-98,-136,-101,10,-97,-178
6110,1,1,-9,246,-133,-362,101,-82,-25,-129,-120,-227
6111,2,2,-13,74,210,-28,-233,-305,-199,70,28,-190
6112,9,9,21,-212,-87,-56,8,-29,-145,27,-77,127
6113,6,6,126,-265,-212,-80,-50,-26,281,-261,8,-95
6114,0,0,228,-205,-92,-113,-87,-86,21,-110,-85,-28
6115,1,1,-23,265,-134,-335,107,-117,-109,-54,-156,-214
6116,3,3,-229,-12,-204,273,-82,40,-210,26,-28,-28
6117,0,0,215,-242,8,-99,-42,-136,-72,-100,-88,49
6118,2,2,-58,108,294,50,-259,-300,-230,54,-60,-229
6119,7,7,-74,41,-27,-133,18,-182,-255,230,-86,-56
6120,5,5,-30,-204,-216,-63,-47,202,86,-90,-61,16
6121,7,7,-161,43,-86,-111,59,-135,-270,260,-158,-24
6122,6,6,40,-189,-251,-112,-33,64,319,-254,-65,-149
6123,2,2,-41,76,266,73,-214,-333,-247,73,-51,-216
6124,9,9,42,-168,-23,-78,-5,-60,-184,66,-138,117
6125,1,1,-82,255,-145,-318,139,-78,-99,-80,-117,-144
6126,9,9,29,-212,-74,-61,-15,-9,-151,12,-94,143
6127,0,0,189,-136,-148,-93,-175,9,-6,-9,-81,-90
6128,6,6,93,-188,-187,-180,-49,25,313,-244,-37,-174
6129,0,0,187,-119,-99,-149,-196,-6,-69,48,-113,-61
6130,6,6,87,-214,-238,-139,-38,24,308,-252,-15,-122
6131,0,0,231,-203,-60,-153,-135,-93,61,-97,-56,-54
6132,2,2,-11,65,296,2,-255,-345,-229,51,-3,-216
6133,0,0,216,-178,-146,-95,-143,-21,32,-77,-92,-64
6134,6,6,31,-175,-292,-98,-4,87,284,-242,-68,-155
6135,1,1,2,273,-100,-408,110,-107,-29,-121,-146,-278
6136,5,5,-92,-99,-278,-16,-69,213,-1,36,-89,-58
6137,8,8,9,-243,-9,12,-63,-121,-29,-153,211,38
6138,4,4,-140,79,-163,-368,384,-100,-119,-10,-195,-222
6139,3,3,-215,85,-85,289,-185,-66,-238,78,-26,-122
6140,0,0,160,-127,-82,-203,-28,-51,32,-27,-129,-119
6141,1,1,-30,293,-127,-381,120,-112,-98,-67,-159,-227
6142,5,5,-53,-129,-249,-94,-33,206,71,-41,-54,-51
6143,4,4,-132,66,-161,-315,373,-110,-109,34,-206,-279
6144,4,4,-63,6,-113,-310,324,-111,-92,25,-242,-210
6145,8,8,24,-118,-169,-134,-99,-20,19,-125,138,-17
6146,5,5,-81,-196,-272,-68,-129,285,68,-141,32,13
6147,7,7,-177,86,-63,-117,42,-168,-299,241,-117,-14
6148,5,5,-112,-155,-305,-21,-44,270,13,-64,-59,36
6149,7,7,-78,106,-78,-207,67,-153,-223,182,-106,-98
6150,8,8,21,-203,52,-4,-168,-108,-3,-113,220,-67
6151,3,3,-328,34,-175,346,-106,39,-237,50,-59,-95
6152,4,4,-148,64,-147,-306,347,-86,-129,36,-216,-201
6153,8,8,8,-187,65,78,-227,-89,-72,-83,172,-34
6154,8,8,69,-211,-85,22,-186,2,29,-101,130,-42
6155,5,5,-65,-154,-233,-111,-78,259,61,-99,-58,-3
6156,2,2,45,58,329,-82,-141,-283,-165,14,-129,-272
6157,9,9,61,-208,-81,-69,-18,-38,-124,17,-82,104
6158,7,7,-179,106,-59,-104,-8,-139,-294,235,-89,-22
6159,1,1,-11,275,-114,-368,113,-96,-62,-87,-158,-243
6160,3,3,-322,12,-82,341,-199,-28,-315,67,55,-52
6161,8,8,105,-287,-10,48,-89,-146,-80,-100,122,68
6162,1,1,-28,242,-135,-344,129,-72,-54,-86,-164,-199
6163,0,0,190,-173,-44,-178,-15,-50,87,-135,-99,-87
6164,7,7,-175,80,-40,-120,27,-180,-319,261,-133,-6
6165,5,5,-99,-98,-224,-5,-130,259,-60,-20,-133,35
6166,9,9,38,-187,-119,-48,47,-57,-126,-26,-79,109
6167,6,6,48,-149,-212,-141,17,37,295,-237,-114,-174
6168,9,9,59,-173,-106,-75,41,-100,-125,-11,-56,69
6169,4,4,-112,-7,-147,-366,386,-146,-128,-14,-193,-111
6170,7,7,-68,98,-28,-164,10,-148,-220,179,-120,-73
6171,7,7,-71,30,19,-96,-30,-177,-274,233,-96,-34
6172,9,9,82,-199,-50,-89,-36,-13,-51,-50,-68,94
6173,9,0,72,-163,-40,-81,20,-152,-135,39,-52,29
6174,3,3,-300,44,-231,328,-150,129,-176,7,-72,-131
6175,4,4,-128,56,-174,-310,341,-101,-108,46,-193,-242
6176,4,4,-137,-36,-75,-170,305,-101,-111,43,-166,-146
6177,3,3,-254,-2,-157,319,-138,38,-241,66,-63,-78
6178,8,8,56,-191,56,37,-150,-121,-52,-109,154,-47
6179,6,6,23,-194,-261,-97,-18,120,242,-192,-75,-100
6180,2,2,-50,122,260,27,-175,-243,-228,63,-122,-222
6181,0,0,126,-59,-129,-181,4,-58,-60,-21,-174,-67
6182,1,1,-40,298,-120,-365,102,-124,-112,-39,-175,-226
6183,2,2,32,86,281,-106,-46,-266,-180,21,-136,-242
6184,3,3,-216,-40,-68,266,-76,-110,-338,83,-26,32
6185,4,4,-167,129,-195,-317,357,-150,-188,20,-115,-182
6186,5,5,-141,-64,-184,-86,-117,242,-76,-92,-47,88
6187,6,6,61,-96,-187,-230,24,9,260,-209,-127,-178
6188,7,7,-36,20,-34,-164,42,-167,-219,185,-76,-41
6189,8,8,-22,-26,-116,-166,-6,-87,15,-173,164,-97
6190,9,9,-53,-155,-84,-10,1,-63,-202,60,-6,152
6191,0,0,151,-132,-77,-140,-37,-115,-81,18,-91,-32
6192,1,1,-40,279,-161,-351,118,-82,-45,-93,-140,-250
6193,2,2,14,58,225,-31,-70,-206,-185,34,-151,-183
6194,3,3,-239,-28,-78,239,-49,-54,-330,111,-96,18
6195,4,4,-182,14,-126,-213,351,-149,-212,18,-109,-62
6196,5,5,-17,-142,-173,-123,-89,196,31,-79,-67,12
6197,6,6,53,-172,-189,-168,-5,23,321,-251,-28,-182
6198,7,7,-90,88,-117,-251,52,-120,-221,219,-137,-72
6199,8,8,-60,-97,-77,-1,-80,-64,-52,-80,246,-64
6200,9,9,-133,-144,-73,-15,82,-48,-239,59,-45,187
6201,0,0,205,-124,-35,-143,-62,-135,-37,-63,-151,-59
6202,1,1,-27,296,-113,-388,130,-132,-78,-74,-149,-261
6203,2,2,-30,82,251,-2,-121,-290,-313,120,-102,-170
6204,3,3,-23,-113,-34,162,-100,-103,-263,44,10,36
6205,4,4,-152,67,-164,-276,339,-164,-200,9,-96,-91
6206,5,5,-60,-131,-209,-30,-130,250,-27,-42,-125,31
6207,6,6,18,-172,-220,-113,14,36,310,-248,-46,-173
6208,7,7,-38,75,-19,-161,-10,-162,-219,184,-110,-59
6209,8,8,-60,-50,-84,-131,-25,-103,-100,-132,218,12
6210,9,9,2,-183,-100,-11,-22,-71,-138,71,-7,114
6211,0,0,219,-55,-69,-246,-89,-108,17,-57,-171,-180
6212,8,8,-56,-59,-74,-55,-53,-87,-90,-85,234,-20
6213,3,3,-275,-22,-175,296,-158,54,-280,52,-57,14
6214,9,4,-87,-5,-133,-134,100,-78,-181,43,-32,69
6215,5,5,-2,-62,-149,-122,-64,150,-3,-34,-169,-10
6216,5,5,-60,-108,-186,-78,-139,261,-5,-69,-121,10
6217,2,2,13,20,271,-33,-138,-267,-203,39,-39,-171
6218,6,6,62,-105,-197,-199,-9,25,232,-170,-130,-125
6219,8,8,-53,6,-111,-127,-13,-79,-78,-116,168,-24
6220,4,4,-128,42,-122,-309,363,-126,-163,-19,-154,-105
6221,9,9,-91,-86,-91,-30,27,-87,-215,74,18,144
6222,1,1,-39,288,-106,-355,125,-138,-99,-35,-184,-247
6223,7,7,-97,68,-100,-219,43,-151,-275,250,-135,-32
6224,1,1,-56,293,-127,-332,106,-151,-123,-21,-143,-214
6225,2,2,-16,61,198,-22,-18,-237,-195,54,-114,-200
6226,3,3,-265,50,-7,245,-93,-117,-381,172,-169,-54
6227,5,5,-129,-75,-310,-5,-16,191,-71,-14,-54,14
6228,9,9,-183,-103,-48,18,57,-93,-324,128,-59,167
6229,6,6,52,-111,-206,-206,25,32,285,-227,-141,-198
6230,9,9,-112,-139,-111,-40,45,-30,-230,72,-27,171
6231,1,1,-58,286,-122,-320,97,-131,-116,-20,-134,-219
6232,1,1,-36,289,-116,-365,90,-131,-110,-39,-143,-212
6233,1,1,-23,262,-100,-384,117,-142,-79,-63,-128,-223
6234,2,2,-88,123,257,42,-136,-229,-236,55,-66,-214
6235,9,9,-124,-99,-88,-53,76,-77,-245,109,-47,158
6236,5,5,-35,-128,-207,-161,-118,216,3,-15,-51,7
6237,6,6,68,-114,-155,-256,-10,6,288,-217,-72,-206
6238,8,8,-18,-85,-111,-111,-77,2,74,-122,174,-115
6239,1,1,-67,302,-87,-383,97,-174,-125,-19,-123,-236
6240,2,2,-27,102,256,-24,-90,-251,-258,69,-114,-192
6241,0,0,219,28,-14,-302,-44,-153,-36,-72,-240,-210
6242,7,7,-93,27,-102,-203,53,-86,-219,220,-184,-10
6243,7,7,-128,51,-194,-263,82,-42,-177,220,-193,-64
6244,5,5,-60,-93,-249,-63,-105,213,-35,44,-137,-16
6245,8,8,-40,-38,-153,-143,-17,-66,-50,-119,174,-31
6246,2,2,0,42,273,-26,-66,-232,-201,28,-120,-214
6247,9,9,-88,-134,-70,-14,23,-98,-262,114,-12,149
6248,8,8,-63,-62,-41,-61,-101,-109,-141,-73,241,8
6249,9,9,-56,-145,-35,-14,-10,-131,-253,86,29,140
6250,0,0,164,-37,-116,-180,-57,-61,-26,-45,-225,-106
6251,4,4,-123,75,-103,-276,298,-115,-165,57,-180,-175
6252,6,6,43,-100,-235,-217,16,39,255,-195,-121,-142
6253,7,7,-77,48,-17,-142,2,-165,-274,218,-104,-7
6254,1,1,-68,296,-140,-356,125,-146,-101,-38,-135,-238
6255,3,3,-162,-65,-48,235,-92,-66,-313,49,-41,44
6256,4,4,-146,66,-155,-242,271,-92,-162,69,-182,-137
6257,5,5,-43,-189,-201,-91,-121,244,12,-53,-79,38
6258,6,6,33,-151,-209,-145,15,31,311,-259,-43,-188
6259,0,0,212,-146,-118,-98,-131,-41,-38,-28,-165,5
6260,3,3,-178,-53,-50,162,-15,-114,-334,65,-8,81
6261,6,6,48,-104,-212,-223,23,20,290,-227,-101,-186
6262,8,8,-44,-52,-131,-70,-33,-34,-55,-64,170,-40
6263,7,7,-98,20,-6,-102,6,-183,-332,270,-200,-8
6264,0,0,140,-198,-12,-88,22,-197,-118,-33,-136,69
6265,4,4,-96,79,-130,-265,274,-206,-184,42,-78,-140
6266,2,2,-21,-24,212,3,-75,-159,-148,-40,-21,-103
6267,7,7,-72,103,-47,-192,42,-181,-250,210,-135,-72
6268,4,4,-138,44,-151,-294,344,-155,-210,25,-155,-75
6269,7,7,-111,20,-146,-224,95,-141,-281,262,-151,0
6270,5,5,-59,-171,-251,-80,-98,237,15,-31,-88,33
6271,4,4,-164,55,-146,-248,312,-142,-226,29,-84,-40
6272,3,3,-239,34,-59,256,-96,-118,-326,78,-12,2
6273,4,4,-45,7,-99,-227,248,-204,-183,73,-188,-107
6274,2,2,17,87,304,-102,-109,-259,-285,83,-122,-198
6275,8,8,-36,-44,-33,-67,-78,-149,-145,-61,206,-21
6276,1,1,-64,310,-125,-391,121,-146,-78,-68,-124,-267
6277,5,5,-44,-84,-149,-63,-139,223,-16,-56,-121,-1
6278,1,1,-57,288,-64,-324,107,-174,-122,-13,-174,-240
6279,2,2,-26,81,262,-9,-60,-263,-192,63,-117,-237
6280,0,0,212,-163,-40,-155,-103,-127,-47,-38,-136,-33
6281,2,2,-42,9,261,18,-126,-222,-202,43,-29,-145
6282,5,5,-70,-106,-188,-125,-112,235,22,-80,-34,14
6283,6,6,76,-72,-179,-268,62,12,282,-285,-161,-216
6284,4,4,-100,53,-134,-245,286,-135,-151,21,-135,-121
6285,3,3,-186,-34,-74,297,-147,-62,-314,122,-125,-50
6286,0,0,149,-114,-48,-154,39,-190,-117,-15,-173,-20
6287,0,0,133,-40,-82,-205,25,-166,-114,15,-172,-77
6288,0,0,160,-140,-70,-154,-2,-136,-59,-52,-141,-16
6289,3,3,-263,-5,-110,307,-140,-59,-373,83,-60,33
6290,3,3,-260,4,-39,261,-94,-95,-382,156,-127,-25
6291,5,5,-31,-119,-229,-100,-113,220,17,-9,-122,-28
6292,7,7,-69,15,4,-83,-5,-204,-333,243,-137,7
6293,0,0,183,-100,-36,-191,-36,-169,-88,-37,-194,-43
6294,6,6,31,-111,-127,-197,-22,-1,265,-206,-7,-186
6295,4,4,-151,128,-185,-306,313,-143,-194,58,-146,-171
6296,8,8,-61,-83,-140,-143,-60,-29,-58,-105,209,18
6297,8,8,-82,-69,-55,-12,-70,-95,-64,-54,225,-94
6298,6,6,25,-40,-227,-200,53,42,250,-227,-140,-240
6299,3,3,-291,25,-99,294,-110,-20,-368,98,-162,12
6300,4,4,-153,-14,-87,-202,299,-157,-243,64,-142,-4
6301,6,6,104,-195,-213,-138,-27,-45,273,-224,-53,-105
6302,9,9,-77,-186,-96,-18,26,-112,-251,86,47,178
6303,9,9,-117,-144,-96,-31,71,-79,-267,120,-27,167
6304,8,8,-10,-31,-168,-181,-53,-11,15,-136,106,-53
6305,2,2,79,-19,242,-116,-59,-235,-205,48,-98,-137
6306,7,7,-81,25,-2,-51,-28,-228,-327,231,-76,5
6307,7,7,-119,27,-6,-48,-40,-221,-367,289,-114,0
6308,1,1,-79,280,-118,-287,97,-172,-152,6,-120,-193
6309,0,0,195,-168,-145,-113,-131,-9,-5,-43,-92,-44
6310,1,1,-35,293,-91,-335,107,-149,-122,-29,-181,-238
6311,2,2,57,-47,212,-12,-61,-176,-162,17,-129,-128
6312,3,3,-294,-25,-39,303,-178,-52,-355,42,45,36
6313,4,4,-137,66,-145,-337,365,-93,-112,49,-258,-268
6314,5,5,-23,-109,-171,-95,-171,236,56,-112,-53,-34
6315,6,6,73,-150,-231,-191,15,8,285,-235,-98,-142
6316,7,7,-160,32,71,-19,-101,-191,-388,295,-189,-20
6317,8,8,-86,-26,2,-39,1,-165,-185,-62,173,35
6318,9,9,-76,-156,-99,-37,35,-76,-217,40,-8,198
6319,0,0,251,-164,-69,-149,-196,-42,36,-75,-98,-88
6320,1,1,-44,292,-93,-352,133,-179,-124,-24,-167,-241
6321,2,2,69,16,328,-89,-116,-230,-197,33,-191,-259
6322,3,3,-290,29,-61,286,-91,-37,-296,98,-157,-35
6323,4,4,-124,-21,-71,-195,294,-120,-170,48,-128,-70
6324,5,5,-56,-87,-179,-88,-57,188,66,-137,-125,48
6325,6,6,71,-134,-217,-199,-17,-16,274,-198,-58,-163
6326,7,7,-201,44,39,-10,-102,-155,-378,309,-215,-27
6327,8,8,-95,-8,-4,-166,29,-112,-124,-142,204,5
6328,0,0,221,-90,-17,-216,-107,-141,-14,-41,-126,-131
6329,1,1,-22,282,-92,-394,127,-133,-73,-71,-145,-254
6330,2,2,37,29,245,-35,-111,-171,-181,19,-179,-168
6331,3,3,-119,-19,57,185,-60,-87,-217,66,-197,-98
6332,4,4,-152,-40,-86,-237,342,-142,-194,52,-206,-56
6333,5,5,-67,-121,-188,-97,-123,252,41,-135,-64,35
6334,6,6,32,-136,-212,-131,-3,12,274,-202,-39,-148
6335,7,7,-135,-11,-35,-73,-48,-136,-284,313,-199,-6
6336,8,8,-1,-80,24,-88,-43,-154,-78,-85,157,-16
6337,2,2,5,54,250,-42,-57,-214,-154,42,-137,-222
6338,1,1,-62,201,-98,-253,95,-85,-88,-27,-112,-124
6339,7,7,-164,21,-39,-66,-23,-136,-302,268,-139,21
6340,2,2,63,-16,228,-68,-17,-172,-107,-18,-165,-192
6341,5,5,-17,-89,-120,-59,-143,179,-7,-69,-69,14
6342,0,0,244,-141,-53,-164,-166,-59,12,-53,-126,-100
6343,8,8,-8,-101,-38,-16,-96,-102,-81,-89,178,13
6344,0,0,215,-167,-27,-183,-42,-93,43,-115,-181,-66
6345,2,2,32,0,217,-7,-99,-163,-226,42,-204,-110
6346,7,7,-137,2,-69,-102,-11,-99,-254,259,-140,26
6347,8,6,19,-76,-151,-149,13,-34,82,-177,49,-36
6348,8,8,-31,-165,11,2,-165,-43,-42,-77,211,-5
6349,3,3,-227,33,-35,301,-148,-141,-373,102,-84,-7
6350,6,6,65,-190,-183,-130,-45,11,289,-224,-26,-115
6351,0,0,223,-193,45,-167,-38,-190,32,-120,-122,-43
6352,2,2,89,-58,221,-57,-33,-181,-181,8,-237,-101
6353,7,7,-122,-14,-64,-103,-25,-108,-226,274,-159,0
6354,6,6,84,-197,-198,-130,-59,-2,271,-207,-9,-113
6355,6,6,66,-182,-167,-171,-11,3,303,-270,-6,-154
6356,1,1,-41,244,-79,-302,69,-131,-132,-1,-138,-153
6357,2,2,64,-2,265,-71,-73,-184,-152,11,-150,-190
6358,8,8,-96,-32,-55,-57,15,-101,-91,-87,235,-114
6359,8,8,-44,-46,72,-4,-165,-115,-100,-80,180,-40
6360,7,7,-160,-30,-120,-110,22,-110,-244,330,-210,-9
6361,7,7,-152,48,37,-69,-47,-205,-363,305,-162,-18
6362,4,4,-95,77,-129,-288,295,-99,-121,43,-224,-223
6363,7,7,-108,-40,-90,-144,2,-120,-234,313,-196,4
6364,7,7,-130,-34,-68,-86,-25,-114,-263,288,-161,31
6365,3,3,-226,28,-30,288,-166,-88,-335,80,-86,-16
6366,7,7,-114,-38,-69,-69,-55,-66,-236,254,-166,33
6367,4,4,-128,4,-63,-178,281,-76,-116,3,-149,-121
6368,5,5,-72,-117,-243,-42,-90,244,2,-52,-55,13
6369,4,4,-131,58,-32,-252,334,-143,-146,34,-176,-230
6370,3,3,-128,29,21,235,-234,-110,-258,65,-65,-66
6371,3,3,-290,1,-33,326,-211,-61,-341,43,25,-4
6372,8,8,-57,-87,-70,-16,-54,-87,-116,-83,216,15
6373,4,4,-102,7,-60,-254,302,-65,-70,22,-142,-239
6374,1,1,-23,274,-130,-369,117,-98,-68,-81,-149,-221
6375,1,1,-73,261,-96,-304,106,-110,-114,-56,-90,-132
6376,9,4,-89,16,-152,-211,115,-37,-156,-6,-85,98
6377,7,7,-104,40,-86,-156,5,-70,-201,205,-131,-8
6378,4,4,-172,17,-40,-157,291,-134,-169,110,-197,-195
6379,3,3,-250,2,-59,279,-172,-60,-268,24,23,11
6380,7,7,-85,-19,-47,-102,-75,-91,-229,235,-143,35
6381,3,3,-167,27,10,204,-162,-106,-327,120,-139,-32
6382,3,3,-208,-3,-38,299,-200,-106,-372,84,-75,19
6383,0,0,191,-29,-59,-241,-197,-48,-41,38,-159,-172
6384,2,2,44,-75,186,-5,-37,-122,-117,-25,-160,-105
6385,5,5,-16,-59,-128,-107,-97,184,16,-79,-181,9
6386,5,5,-79,-84,-202,-7,-102,227,-26,-42,-119,25
6387,6,6,81,-161,-192,-156,-17,-39,267,-210,-37,-126
6388,6,6,53,-162,-224,-161,15,30,248,-182,-43,-149
6389,3,3,-249,21,-49,286,-81,-100,-352,145,-130,-47
6390,5,5,-23,-88,-158,-36,-82,166,-13,-41,-119,29
6391,2,0,139,-131,110,-81,27,-125,-51,-61,-169,-47
6392,5,5,-12,-122,-162,-98,-53,173,49,-80,-67,7
6393,9,4,-83,22,-81,-185,153,-85,-146,-17,-108,62
6394,9,9,-120,-130,-78,-22,51,-40,-248,10,-34,203
6395,8,8,47,-170,28,27,-151,-118,-56,-57,147,0
6396,4,4,-100,61,-78,-234,292,-141,-124,27,-116,-211
6397,1,1,-68,232,-103,-291,103,-89,-103,-36,-141,-134
6398,0,0,136,-68,-119,-179,-114,5,-14,40,-122,-129
6399,6,6,30,-69,-204,-205,10,15,220,-150,-114,-158
6400,0,4,116,-14,-36,-288,147,-233,-96,-14,-266,-126
6401,9,4,-72,33,-107,-154,72,-105,-208,64,-66,55
6402,6,6,75,-127,-273,-161,3,-3,281,-220,-72,-196
6403,8,8,-29,-34,-83,-128,-77,-35,48,-69,140,-141
6404,8,8,-55,-97,10,-73,-34,-101,-91,-98,188,31
6405,5,5,-67,-94,-154,-78,-97,218,31,-99,-68,9
6406,6,6,45,-189,-180,-155,-52,21,290,-222,32,-150
6407,1,1,-39,285,-108,-350,102,-151,-131,-16,-164,-202
6408,1,1,-74,235,-113,-285,115,-86,-104,-64,-83,-111
6409,9,9,-114,-115,-54,-25,38,-40,-225,-8,-41,206
6410,8,8,-13,-160,-60,-23,-46,-93,-42,-157,189,40
6411,9,4,-71,-10,-93,-136,88,-86,-199,72,-92,73
6412,2,2,77,-21,259,-50,-144,-163,-189,10,-196,-158
6413,3,3,-176,-4,-17,291,-182,-93,-367,88,-136,-19
6414,5,5,-95,-150,-242,-59,-64,263,20,-109,-21,42
6415,5,5,-90,-115,-268,-44,-123,286,17,-92,-35,-5
6416,9,9,-22,-80,-84,-56,-4,4,-112,-19,-88,103
6417,4,4,-96,99,-102,-250,262,-122,-96,31,-121,-253
6418,2,2,-91,59,187,-8,-36,-72,-115,46,-67,-196
6419,1,1,-78,255,-78,-285,89,-142,-161,9,-153,-137
6420,9,4,-60,21,-117,-196,106,-46,-128,-9,-102,60
6421,3,3,-70,21,74,143,-148,-126,-224,75,-124,-79
6422,9,9,-107,-60,-63,-55,37,-62,-251,66,-66,152
6423,2,2,68,1,259,-90,-54,-171,-116,-7,-162,-212
6424,0,0,251,-190,28,-182,-138,-170,41,-97,-81,-78
6425,6,6,56,-112,-198,-196,-55,-38,235,-164,14,-212
6426,0,0,174,-177,8,-155,-19,-110,20,-71,-192,-34
6427,4,4,-127,119,-131,-306,318,-128,-140,50,-203,-240
6428,0,0,174,-148,8,-173,-20,-141,7,-47,-182,-66
6429,0,0,175,-135,-55,-124,-120,-119,-77,2,-68,-31
6430,1,1,-34,314,-72,-385,119,-187,-101,-43,-155,-291
6431,2,2,-6,23,205,8,-49,-231,-233,41,-104,-125
6432,3,3,-254,22,-41,221,-80,-152,-365,96,-3,42
6433,4,4,-72,102,-99,-296,316,-149,-115,-3,-172,-231
6434,7,1,-67,162,-172,-323,93,-133,-168,154,-150,-167
6435,8,8,20,-97,-18,-23,-84,-173,-120,-40,156,-4
6436,9,9,-97,-112,-60,3,33,-144,-289,97,0,152
6437,0,0,147,-140,-81,-135,-78,-87,-75,-2,-89,-8
6438,1,1,-79,323,-89,-362,115,-194,-129,-23,-134,-262
6439,2,2,-83,51,278,61,-174,-287,-299,65,-24,-141
6440,3,3,-263,-2,-99,303,-104,-74,-364,83,-70,19
6441,7,7,-88,112,-139,-254,87,-134,-207,190,-166,-95
6442,8,8,-14,-91,-32,-39,-76,-149,-115,-67,183,17
6443,9,9,-102,-98,-114,-119,94,-99,-249,109,-71,162
6444,0,0,193,-119,-2,-238,-19,-160,-50,-64,-204,-41
6445,1,1,-60,325,-49,-384,106,-214,-135,-50,-110,-257
6446,2,2,-60,50,165,34,-80,-216,-237,76,-50,-101
6447,3,3,-205,-25,-61,238,-76,-81,-338,103,-103,24
6448,4,4,-55,123,-92,-347,310,-206,-172,30,-178,-198
6449,7,7,-97,138,-150,-281,118,-173,-245,196,-150,-98
6450,8,8,-122,99,-80,-225,115,-182,-198,-122,139,-2
6451,9,9,-120,-148,-141,-64,97,-51,-220,110,-69,173
6452,7,7,-80,68,-161,-249,109,-91,-146,157,-149,-105
6453,3,3,-173,0,-92,225,-110,-23,-274,58,-99,-7
6454,0,0,184,13,2,-316,0,-265,-120,1,-204,-147
6455,3,3,-287,6,-97,294,-87,-37,-341,107,-138,-10
6456,1,1,-50,302,-76,-374,128,-187,-119,-22,-151,-268
6457,8,8,-23,-50,-26,-88,-34,-174,-134,-50,156,13
6458,7,1,-43,169,-127,-313,73,-155,-178,155,-157,-172
6459,6,6,30,-176,-184,-98,29,22,292,-271,-40,-195
6460,4,4,-129,202,-225,-315,357,-149,-111,-53,-149,-316
6461,0,0,161,-86,-19,-220,54,-195,-58,-51,-228,-70
6462,2,2,-76,55,273,46,-195,-241,-221,43,-19,-184
6463,6,6,30,-174,-153,-106,24,20,287,-261,-41,-189
6464,8,8,-20,-114,52,-8,-109,-176,-184,11,181,15
6465,3,3,-152,-25,-111,286,-173,32,-249,55,-112,-38
6466,2,2,-66,68,270,62,-216,-266,-312,105,-88,-169
6467,8,8,-55,-18,-66,-138,-10,-120,-143,-63,162,27
6468,1,1,-50,300,-24,-358,122,-230,-150,-5,-163,-269
6469,2,2,-66,110,251,-4,-125,-256,-271,81,-72,-180
6470,0,0,167,0,-23,-284,46,-221,-114,-31,-182,-132
6471,7,1,-82,131,-128,-222,71,-92,-132,124,-112,-150
6472,1,1,-81,332,-98,-393,130,-194,-114,-60,-107,-269
6473,0,0,206,-3,23,-321,13,-213,-69,-64,-206,-177
6474,4,4,-58,106,-118,-217,225,-131,-75,-6,-132,-205
6475,4,4,-56,75,-86,-321,335,-210,-184,53,-206,-219
6476,5,5,-86,-129,-217,-103,-88,257,35,-72,-39,6
6477,8,8,4,-102,-32,-31,-105,-173,-123,-50,198,-7
6478,0,0,148,6,-8,-248,35,-207,-103,7,-219,-136
6479,6,6,10,-130,-232,-146,35,71,287,-221,-73,-217
6480,2,2,61,44,229,-134,42,-283,-129,-11,-109,-233
6481,3,3,-257,-29,-82,211,10,-100,-363,106,-69,43
6482,1,1,-63,312,-117,-368,125,-168,-101,-57,-132,-255
6483,5,5,-66,-161,-234,-88,-59,244,45,-92,-90,29
6484,1,1,-39,286,-87,-362,117,-165,-87,-46,-140,-259
6485,8,8,37,-22,-77,-141,-90,-123,-18,-120,116,-66
6486,5,5,-114,-100,-192,-51,-37,210,-15,-40,-91,37
6487,9,9,-36,-140,-93,-92,79,-111,-202,30,-63,158
6488,4,4,-59,126,-85,-270,252,-192,-152,53,-152,-222
6489,0,0,154,-30,-10,-231,2,-242,-139,34,-203,-95
6490,7,7,-88,111,-141,-245,103,-142,-199,180,-107,-131
6491,5,5,-77,-167,-198,-54,-52,217,17,-34,-126,32
6492,8,8,44,-108,36,-22,-97,-210,-98,-48,158,-49
6493,8,8,-25,-29,-12,-76,-5,-178,-141,-83,141,-5
6494,3,3,-201,2,-33,215,-75,-67,-302,104,-124,-18
6495,8,8,2,-60,-74,-89,13,-143,-120,13,77,-20
6496,9,4,-12,-75,-63,-105,82,-139,-187,49,-76,57
6497,2,2,-30,51,249,-13,-91,-251,-216,9,-21,-164
6498,6,6,4,-154,-207,-93,39,62,285,-249,-82,-217
6499,2,2,-61,76,220,27,-93,-236,-231,33,-24,-165
6500,5,5,-97,-114,-224,-127,-54,243,30,-46,-54,-3
6501,3,3,-243,-8,-68,255,-81,-53,-333,115,-133,-14
6502,1,1,-52,326,-48,-398,127,-236,-153,-30,-150,-268
6503,7,7,-100,106,-165,-235,91,-107,-182,177,-132,-110
6504,3,3,-297,103,-25,260,-169,-168,-448,155,-106,-12
6505,9,4,67,-147,-21,-160,86,-214,-144,-7,-91,74
6506,1,1,-101,339,-80,-333,120,-200,-134,-35,-124,-261
6507,9,9,11,-200,-68,-36,2,-91,-110,2,-55,160
6508,9,9,-114,-99,-67,-33,45,-75,-271,81,-21,160
6509,6,6,35,-166,-240,-142,20,37,332,-279,-56,-205
6510,0,0,220,-83,58,-197,-56,-206,-49,-48,-160,-116
6511,3,3,-80,-72,-127,193,-98,27,-174,4,-36,7
6512,9,9,-12,-212,-107,-52,77,-95,-104,-38,-22,177
6513,2,2,-27,69,217,-60,-50,-166,-192,1,-57,-119
6514,8,8,-55,-41,-28,-78,18,-178,-189,-41,143,25
6515,1,1,-58,325,-66,-387,118,-211,-126,-42,-126,-273
6516,4,4,-141,147,-146,-305,340,-162,-174,45,-154,-279
6517,3,3,-32,-68,-32,64,-2,6,-111,5,-197,-51
6518,5,5,-84,-143,-229,-152,-38,232,66,-91,-48,30
6519,2,2,-7,22,242,-13,-110,-238,-190,20,-35,-150
6520,9,9,-41,-143,-59,-48,63,-97,-171,4,-37,153
6521,2,2,-92,96,323,39,-211,-305,-315,106,-56,-204
6522,5,5,-119,-91,-267,-72,-33,225,12,-1,-63,-18
6523,8,8,22,-31,-69,-101,23,-170,-110,-13,29,-32
6524,9,9,-78,-155,-111,-12,21,-62,-243,77,-12,155
6525,5,5,-100,-134,-198,-128,-86,264,34,-93,-29,22
6526,0,0,135,-143,-129,-98,-67,9,68,-57,-73,-33
6527,1,1,-47,309,-35,-342,106,-242,-169,23,-190,-263
6528,2,2,-42,114,186,-78,44,-243,-116,-22,-91,-294
6529,4,4,-71,-102,-46,-133,255,-109,-71,-5,-136,-103
6530,5,5,-65,-91,-210,-43,-53,186,30,-19,-37,-47
6531,6,6,57,-160,-84,-96,-47,-27,198,-149,16,-78
6532,0,7,77,-38,-130,-96,-168,58,-118,158,-181,-64
6533,1,1,-40,261,-97,-328,124,-136,-89,-39,-147,-219
6534,2,2,-14,71,294,-80,-139,-206,-199,92,-143,-232
6535,3,3,-251,-55,-99,246,-89,-8,-308,96,-53,23
6536,4,4,-126,79,-96,-220,279,-108,-140,21,-120,-166
6537,5,5,-70,-162,-137,-91,-104,217,78,-131,2,15
6538,6,6,-15,-91,-63,-29,-20,-4,152,-97,-71,-175
6539,7,7,-68,-33,-11,-31,-55,-84,-221,192,-128,19
6540,1,1,-93,198,-103,-251,102,-79,-110,-20,-111,-79
6541,2,2,34,62,255,-98,-74,-184,-142,34,-163,-227
6542,3,3,-225,8,-97,188,-76,13,-229,118,-149,-40
6543,4,4,-131,1,58,-83,214,-172,-173,74,-124,-146
6544,5,5,-124,-56,-233,-36,-33,223,7,-85,-124,40
6545,1,1,-15,259,-105,-379,150,-136,-75,-83,-163,-233
6546,0,0,92,-147,-100,-101,-33,-7,-4,8,-92,6
6547,4,4,-42,-56,-142,-208,231,-160,-64,-15,-66,-114
6548,5,5,-53,-28,-142,1,-135,170,-38,-23,-138,-21
6549,6,6,78,-93,-54,-172,-17,-25,135,-90,-159,-97
6550,6,6,31,-109,-177,-206,34,8,306,-273,-31,-218
6551,3,3,-244,19,-39,251,-74,-62,-257,103,-113,-52
6552,4,4,-9,-2,-87,-159,179,-187,-80,9,-94,-127
6553,4,4,-97,-67,-94,-122,179,-31,-4,-53,-82,-41
6554,2,2,-11,-15,164,-18,-125,-99,-92,19,-27,-100
6555,8,7,-8,-149,-35,20,-66,-92,-187,93,51,81
6556,1,1,-71,241,-99,-263,107,-162,-128,12,-136,-183
6557,0,0,169,-86,84,-81,-119,-193,-73,-31,-70,-97
6558,6,6,6,-51,-48,-42,3,4,106,-105,-40,-106
6559,4,7,-180,-9,59,18,99,-73,-115,106,-128,-171
6560,9,5,-50,1,-120,-115,18,55,-14,-54,-43,12
6561,7,7,-59,25,-7,-25,-62,-60,-169,113,-53,2
6562,2,2,17,2,208,-67,-67,-172,-70,4,-96,-183
6563,3,3,-187,19,-2,188,-77,-70,-239,123,-139,-68
6564,3,3,-123,-6,-18,108,-75,-9,-191,62,-106,3
6565,9,9,-93,-133,-56,-27,56,-37,-212,86,-87,129
6566,2,2,25,41,174,-92,49,-226,-102,-19,-144,-227
6567,0,0,162,-156,-2,-129,-32,-84,-4,-45,-120,-17
6568,9,9,-77,-55,-13,-23,-11,-33,-143,31,1,87
6569,3,3,-121,0,46,83,-71,12,-104,19,-31,-45
6570,3,3,-161,-20,-38,125,-42,-16,-193,62,-78,34
6571,9,9,-40,-25,-62,-14,-18,-2,-93,47,-55,48
6572,1,1,-53,48,-38,-61,-12,-12,-12,14,-13,-66
6573,5,5,-119,-54,-95,37,-154,213,-87,-36,-96,3
6574,2,2,42,-63,157,-57,-17,-140,4,-56,-58,-165
6575,3,3,-139,-30,-12,139,-97,7,-198,99,-152,-34
6576,7,1,-77,175,-39,-138,28,-144,-156,67,-99,-96
6577,7,7,-68,57,22,-75,-102,-136,-216,152,-27,-34
6578,8,8,-55,-70,-84,-14,-114,20,-12,-92,121,23
6579,4,4,-120,11,-9,-76,198,-99,-112,28,-110,-122
6580,0,0,165,-105,-52,-92,-152,-60,-111,100,-167,-20
6581,2,2,-27,106,248,-21,-108,-217,-228,94,-186,-226
6582,4,4,-73,113,-154,-369,312,-184,-133,-36,-131,-167
6583,0,0,194,-152,-91,-103,-151,-40,33,-44,-81,-79
6584,2,2,0,2,182,12,-94,-171,-201,88,-168,-128
6585,4,4,-122,67,-139,-241,298,-99,-121,7,-152,-167
6586,7,7,-126,63,13,-61,-5,-182,-309,226,-122,-8
6587,8,8,-23,0,-109,-118,-43,-117,-99,-82,139,10
6588,0,0,137,34,-39,-266,-64,-172,-153,71,-213,-119
6589,7,7,-88,79,127,-47,-95,-218,-369,248,-201,-89
6590,0,7,110,-58,-58,-134,-188,29,-122,127,-123,-73
6591,6,6,47,-163,-73,-102,-53,5,189,-116,-28,-92
6592,9,4,-14,-22,-96,-116,55,-22,-34,-28,-61,24
6593,3,3,-181,-46,-22,163,-62,-53,-260,81,-66,44
6594,2,2,-11,69,283,-30,-62,-256,-227,98,-182,-248
6595,8,8,-105,-35,-74,-11,23,-136,-186,-25,167,42
6596,6,6,0,-112,-81,-48,-33,27,172,-129,-11,-99
6597,0,7,11,-28,21,-33,-86,-93,-244,140,-153,-4
6598,5,5,-1,-72,-101,17,-49,87,45,-63,-143,-77
6599,7,7,-65,66,-59,-53,-12,-87,-156,77,-44,5
6600,5,5,-113,-57,-34,-20,-50,150,-16,-38,-44,-18
6601,1,1,-24,310,-57,-406,122,-185,-127,-36,-176,-256
6602,0,7,114,-63,-13,-171,-186,-71,-210,217,-154,-99
6603,8,7,27,-140,-93,-38,-58,-100,-178,149,23,12
6604,1,1,-25,252,-99,-337,96,-101,-49,-76,-117,-229
6605,6,6,11,-13,-166,-147,22,51,135,-122,-103,-114
6606,7,7,-95,-1,-75,-94,34,-68,-192,215,-120,-8
6607,2,2,53,6,172,-146,31,-194,-121,14,-100,-146
6608,9,5,-37,-90,-195,-91,7,83,-11,-24,-59,64
6609,7,7,-76,72,-20,-66,-23,-124,-219,135,-59,-7
6610,9,9,-16,-146,-120,-67,-32,56,-21,-21,-28,86
6611,5,5,-29,-55,-137,-38,-23,104,27,-16,-52,-34
6612,8,8,-22,-98,23,23,-181,-127,-118,-7,188,-3
6613,6,6,17,-95,-26,-63,-20,-18,115,-50,-83,-135
6614,2,2,41,1,154,-93,-100,-136,-223,137,-164,-123
6615,6,6,21,20,-107,-201,27,-27,105,-63,-126,-184
6616,2,2,66,1,281,-70,-58,-266,-216,66,-197,-213
6617,8,2,-34,-33,125,87,-182,-249,-201,62,75,-59
6618,1,1,-39,184,-67,-231,77,-100,-58,-19,-91,-155
6619,7,7,-102,23,-81,-229,125,-176,-310,228,-216,20
6620,5,5,-84,-70,-183,-45,-20,156,-42,35,-71,-4
6621,0,7,40,-11,-34,-140,-32,-98,-211,134,-190,-18
6622,1,1,-77,224,-86,-238,99,-161,-137,24,-103,-155
6623,1,1,-41,164,-82,-203,51,-66,-56,-22,-66,-124
6624,3,3,-222,-14,-133,226,-92,83,-157,41,-94,-35
6625,8,1,-58,60,41,0,-24,-133,-106,37,4,-85
6626,4,4,-129,108,-64,-191,251,-157,-188,25,-151,-147
6627,9,4,-52,-70,-103,-103,74,12,-12,-40,-36,60
6628,1,1,-49,193,-94,-238,55,-82,-95,-19,-89,-90
6629,8,8,-101,-43,86,32,-259,-22,-153,27,143,-58
6630,6,6,35,-118,-132,-172,-29,30,257,-179,-79,-174
6631,8,8,44,-78,-58,-93,-18,-79,-18,-95,73,-6
6632,9,5,-63,-16,-94,-105,-3,34,-38,31,-55,32
6633,0,0,246,-53,15,-279,-78,-246,-65,-70,-155,-142
6634,1,1,-81,292,-124,-319,122,-151,-116,-10,-144,-242
6635,2,2,-51,36,236,29,-133,-257,-240,57,-6,-140
6636,3,3,-105,-14,-43,103,-137,-4,-221,95,-75,-31
6637,4,4,-59,114,-103,-285,241,-91,-91,-19,-181,-163
6638,5,5,-44,-146,-122,-87,-63,167,15,-33,-91,32
6639,6,6,59,-138,-226,-181,3,30,291,-274,-42,-166
6640,7,7,-93,-28,-14,-38,-25,-160,-314,214,-86,62
6641,8,5,-7,-133,-175,-185,-60,93,92,-128,93,-50
6642,9,9,-58,-31,-120,-170,54,-2,-93,14,-64,73
6643,0,1,108,109,-5,-347,24,-173,-63,-25,-158,-210
6644,1,1,-86,267,-78,-294,103,-163,-121,-21,-88,-195
6645,2,2,-67,16,175,66,-99,-208,-188,38,-1,-91
6646,3,3,-84,-37,-43,224,-152,-103,-250,42,-23,7
6647,4,4,-108,99,-141,-265,286,-109,-122,11,-151,-183
6648,7,7,-102,4,37,13,-96,-188,-361,234,-100,1
6649,8,8,-8,-102,-90,-116,-79,-37,12,-125,164,-26
6650,9,9,-53,-119,-79,-24,40,-89,-162,36,38,109
6651,0,1,22,93,-32,-200,20,-89,-11,-60,-59,-141
6652,1,1,-119,318,-63,-297,110,-214,-168,-19,-81,-225
6653,7,7,-82,-13,-5,-29,-57,-175,-326,223,-57,32
6654,8,8,-73,-136,-73,-157,10,4,23,-169,172,35
6655,9,9,-60,-166,-57,28,26,-134,-213,41,32,163
6656,9,9,-55,-137,-47,4,22,-126,-203,32,16,143
6657,8,8,-20,-6,-162,-223,-71,41,14,-90,83,-66
6658,9,9,-75,-143,-85,-28,71,-84,-192,30,2,163
6659,8,8,29,-63,-129,-146,-57,-51,25,-120,102,-50
6660,4,4,-99,81,-124,-223,271,-160,-148,30,-112,-181
6661,1,1,-110,295,-64,-329,132,-240,-178,-43,-53,-224
6662,7,7,-15,-65,92,-17,-191,-71,-327,189,-147,-22
6663,7,7,-133,13,22,19,-114,-178,-399,253,-111,4
6664,3,3,-129,43,36,192,-137,-98,-244,93,-83,-65
6665,3,3,-281,66,-39,319,-196,-81,-384,97,-82,-22
6666,7,7,-79,-38,-50,-27,-17,-111,-271,175,-64,70
6667,6,6,76,-93,-164,-246,-39,48,232,-207,-66,-209
6668,6,6,68,-157,-106,-155,-6,23,224,-224,-12,-134
6669,6,6,63,-163,-131,-133,-11,34,226,-219,-23,-113
6670,1,1,-100,315,-99,-345,112,-185,-127,-38,-88,-237
6671,9,9,-42,-139,-97,-29,38,-99,-160,6,27,146
6672,0,0,182,-129,38,-170,50,-214,-76,-67,-132,-49
6673,1,1,-104,291,-119,-327,94,-169,-109,-58,-48,-210
6674,7,7,-70,-42,-59,-55,-13,-107,-255,201,-95,55
6675,6,6,66,-181,-163,-82,-49,18,266,-243,-3,-159
6676,3,3,-201,21,-24,233,-102,-88,-290,138,-74,-62
6677,2,2,-46,72,188,-1,-79,-111,-127,24,-68,-156
6678,1,1,-82,315,-105,-357,118,-194,-142,-7,-134,-244
6679,7,7,-118,43,-28,-28,-94,-117,-308,211,-67,-12
6680,1,1,-107,311,-137,-327,112,-172,-132,-15,-100,-227
6681,3,3,-49,-70,38,152,-106,-81,-209,66,-133,-46
6682,9,9,-22,-146,-103,-52,34,-62,-111,-26,3,153
6683,1,1,-93,329,-131,-378,118,-191,-121,-36,-107,-258
6684,7,7,-73,-36,22,-6,-102,-159,-322,205,-60,28
6685,6,6,35,-120,-153,-155,38,0,264,-257,-26,-185
6686,8,8,-24,18,-47,-80,-25,-115,-71,-94,121,-46
6687,4,4,-92,68,-75,-185,242,-150,-150,14,-97,-145
6688,1,1,-142,305,-28,-287,144,-226,-184,-26,-62,-262
6689,4,4,-69,96,-83,-217,206,-126,-95,29,-98,-226
6690,3,3,-235,17,-47,295,-151,-85,-324,89,-36,-21
6691,6,6,100,-190,-113,-122,-84,34,210,-217,14,-111
6692,9,9,-57,-169,-88,-27,42,-44,-140,23,26,138
6693,6,6,83,-147,-99,-165,-13,-9,212,-237,-10,-113
6694,1,1,-176,294,-46,-216,116,-221,-210,8,-53,-217
6695,4,4,-46,107,-124,-271,212,-118,-99,-4,-145,-133
6696,4,4,-96,102,-116,-272,290,-125,-133,21,-143,-197
6697,7,7,-129,34,51,-4,-96,-190,-386,243,-129,3
6698,2,2,48,39,256,-111,-67,-235,-238,81,-146,-162
6699,4,4,-91,136,-114,-350,300,-197,-198,22,-144,-146
6700,4,4,-54,56,-167,-161,163,-50,-5,-16,-103,-207
6701,0,0,196,-141,-26,-187,-103,-206,-95,6,-92,-36
6702,1,1,-43,296,-117,-320,101,-144,-90,-51,-154,-265
6703,2,2,23,86,316,-62,-125,-329,-259,85,-158,-260
6704,3,3,-126,-59,19,202,-118,-136,-325,135,-69,-19
6705,4,4,-112,71,-125,-346,360,-131,-138,-36,-237,-128
6706,5,5,13,-126,-31,6,-91,91,-10,-69,-127,-42
6707,6,6,63,-87,-225,-220,53,26,269,-259,-159,-211
6708,7,7,-2,15,72,-82,-53,-249,-245,139,-4,-79
6709,8,8,11,-162,-203,-135,-60,48,110,-161,128,-64
6710,9,9,37,-212,-134,-38,11,-111,-79,-23,7,139
6711,0,0,186,-96,-90,-169,-53,-138,-68,-10,-125,-89
6712,1,1,-19,288,-102,-426,148,-182,-87,-86,-146,-262
6713,2,2,-17,52,324,-12,-157,-311,-300,118,-130,-215
6714,3,3,-186,-58,-59,288,-142,-55,-328,98,-109,-8
6715,4,4,-94,-44,-152,-256,305,-151,-87,-41,-107,-56
6716,5,5,-2,-105,-160,-38,-35,113,89,-43,-70,-84
6717,6,6,57,-165,-229,-199,11,58,312,-261,-117,-172
6718,9,9,26,-243,-192,-121,-29,-3,16,-42,57,64
6719,0,0,212,-98,22,-194,-14,-251,-52,-41,-129,-123
6720,1,1,-13,282,-52,-406,156,-195,-100,-64,-184,-273
6721,2,2,-20,5,204,-69,-6,-160,-60,-3,-10,-214
6722,3,3,19,-93,62,88,-35,-92,-151,29,-158,-67
6723,4,4,24,-62,-85,-167,180,-189,-52,-1,-108,-117
6724,7,7,-7,35,-27,-129,31,-192,-197,138,-45,-98
6725,8,4,46,-113,-109,-118,55,-87,4,-134,11,27
6726,1,1,-50,313,-95,-364,107,-176,-110,-36,-156,-264
6727,3,3,-281,22,-63,334,-150,-106,-367,97,-37,-17
6728,5,5,10,-122,-163,-122,-142,191,-8,28,-117,-52
6729,1,1,-64,315,-102,-397,127,-163,-93,-62,-134,-262
6730,7,7,-53,99,-59,-185,64,-143,-194,125,-108,-107
6731,7,7,-65,89,16,-69,-27,-203,-279,175,-96,-52
6732,2,2,-84,74,186,41,-54,-188,-146,67,-77,-206
6733,1,1,-71,318,-82,-357,125,-197,-106,-77,-99,-268
6734,4,4,-64,39,-111,-208,223,-154,-96,49,-107,-226
6735,8,8,3,-74,-197,-126,-46,-3,-5,-88,93,-17
6736,3,3,-112,-110,-97,284,-121,-29,-222,32,-3,-11
6737,4,4,-31,3,-113,-271,244,-197,-33,-56,-52,-216
6738,4,4,-56,59,-103,-246,270,-159,-91,27,-118,-244
6739,3,3,-107,-29,32,180,-141,-143,-309,132,-69,-27
6740,9,9,12,-168,-76,-105,96,-142,-122,6,-64,112
6741,7,7,-32,68,-61,-169,69,-154,-188,135,-107,-128
6742,4,4,-84,-26,-25,-202,300,-189,-161,38,-208,-117
6743,1,1,-96,313,-51,-282,95,-246,-190,21,-136,-240
6744,2,2,-82,83,221,-65,-30,-182,-105,21,-8,-266
6745,3,3,-111,-14,-65,121,-28,-21,-218,48,-115,-25
6746,5,5,-27,-91,-144,-78,16,96,79,-38,-72,-59
6747,9,9,6,-147,-154,-58,52,-137,-122,6,35,67
6748,1,1,-97,333,-149,-378,110,-179,-93,-80,-75,-262
6749,6,6,117,-181,-130,-238,-208,44,248,-183,27,-162
6750,0,0,217,-210,58,-136,49,-201,-78,-87,-185,-3
6751,1,1,-79,340,-54,-352,120,-244,-179,21,-190,-281
6752,0,0,171,-80,-60,-225,-31,-194,-101,-1,-152,-63
6753,0,0,181,-195,-43,-154,-34,-97,51,-108,-117,0
6754,2,2,-74,145,339,-28,-141,-281,-268,105,-121,-293
6755,8,4,26,-34,-81,-84,59,-161,-126,-48,-2,-10
6756,7,7,-23,60,6,-118,36,-161,-222,68,-57,-37
6757,1,1,-89,338,-147,-364,125,-182,-100,-64,-116,-278
6758,1,1,-52,318,-60,-363,127,-215,-130,-43,-150,-283
6759,4,4,-41,-2,-2,-205,230,-194,-112,-18,-70,-161
6760,0,0,171,-189,-39,-123,13,-137,-25,-86,-142,31
6761,4,4,9,-55,-112,-195,220,-178,-58,-61,-101,-95
6762,7,7,-55,67,140,-21,-107,-314,-344,218,-80,-118
6763,3,3,-89,-94,-58,192,-63,-9,-176,25,-81,-2
6764,6,6,-15,-109,-283,-195,91,90,250,-257,-129,-123
6765,8,4,-12,-15,-167,-147,107,-38,37,-132,-4,-73
6766,0,0,193,-72,-67,-224,-7,-164,-51,-70,-173,-88
6767,3,3,-204,-27,-30,298,-133,-93,-342,143,-121,-61
6768,7,7,-95,45,110,-27,-128,-199,-328,175,-28,-55
6769,4,4,-42,-12,-83,-246,197,-180,-38,-119,14,-94
6770,0,0,227,-127,-55,-150,-122,-121,-7,-57,-113,-81
6771,6,6,93,-88,-102,-194,80,-59,197,-214,-181,-227
6772,9,9,22,-139,-112,-134,87,-129,-118,-18,-91,107
6773,2,2,18,38,317,5,-138,-310,-280,94,-188,-242
6774,6,6,105,-181,-129,-255,16,-12,305,-284,-80,-201
6775,5,5,-64,-53,-170,-34,-49,152,-37,-36,-37,20
6776,8,8,-28,-174,-105,-137,-81,3,66,-152,176,25
6777,6,6,108,-250,-173,-147,-88,31,304,-254,-2,-131
6778,9,9,-13,-167,-117,-67,6,-120,-171,42,53,131
6779,0,0,219,-62,-20,-248,4,-222,-55,-63,-171,-149
6780,4,4,-25,-39,-82,-120,162,-182,-88,-15,-32,-105
6781,0,0,185,-121,-16,-148,49,-211,-58,-75,-183,-81
6782,6,6,102,-213,-210,-137,-52,53,266,-258,-48,-111
6783,1,6,61,92,-125,-307,69,-82,116,-178,-132,-259
6784,9,9,43,-260,-119,-43,31,-105,-41,-74,58,126
6785,2,2,-20,0,202,-78,16,-109,-54,-12,-40,-214
6786,0,0,237,-74,32,-269,-62,-203,-4,-87,-147,-163
6787,9,4,-24,43,-175,-247,77,-105,-141,-2,-82,9
6788,5,5,-75,-48,-199,-21,11,110,24,8,-62,-56
6789,1,1,-86,341,-110,-396,136,-193,-121,-51,-125,-272
6790,3,3,-63,-90,11,171,-94,-63,-181,46,-64,-5
6791,7,7,-5,48,35,-129,-24,-176,-212,77,-22,-49
6792,6,6,71,-175,-180,-195,9,42,320,-289,-90,-203
6793,9,9,-2,-96,-165,-100,46,-90,-116,-33,-26,87
6794,3,3,-233,17,-32,300,-150,-100,-359,149,-105,-61
6795,0,0,169,-43,-59,-234,-7,-149,-57,-21,-208,-108
6796,2,2,64,14,198,-92,-13,-154,-99,2,-146,-175
6797,2,2,-58,95,214,47,-128,-236,-296,114,-134,-162
6798,0,0,162,-121,-138,-78,-132,-45,-96,54,-180,4
6799,1,1,-40,281,-120,-351,119,-113,-92,-55,-147,-214
6800,2,2,29,97,214,-86,-142,-220,-105,-8,-78,-242
6801,3,3,-142,32,-43,154,-111,36,-181,66,-202,-83
6802,4,4,-126,57,-156,-376,344,-88,-99,39,-214,-228
6803,5,5,-87,-59,-203,-17,-85,221,-87,-29,-208,80
6804,6,6,63,-156,-182,-169,-31,39,300,-251,-45,-181
6805,7,7,-168,67,65,-53,-81,-233,-416,318,-170,-21
6806,8,8,-48,13,56,-43,-53,-65,-111,-25,82,-22
6807,9,4,-187,13,-88,-112,156,-100,-274,65,-34,126
6808,0,0,140,-96,-113,-94,-118,11,-58,34,-161,-13
6809,1,1,-78,202,-78,-257,80,-104,-135,14,-144,-91
6810,2,2,2,110,254,-114,-157,-229,-158,47,-85,-223
6811,3,3,-228,43,-56,203,-108,9,-243,99,-171,-48
6812,4,4,-122,76,-85,-271,319,-106,-135,33,-219,-223
6813,5,5,-122,-37,-242,-18,-66,218,-6,-98,-136,56
6814,6,6,44,-145,-130,-164,-13,38,262,-199,-65,-161
6815,7,7,-173,10,9,-32,-74,-162,-382,300,-164,22
6816,8,8,-29,-121,-24,-11,-129,-29,-25,-41,203,-53
6817,9,9,-142,-78,-92,-75,82,-86,-260,95,19,166
6818,0,0,123,-37,-89,-106,-146,-55,-73,97,-123,-140
6819,1,1,-38,291,-134,-364,125,-97,-78,-69,-164,-240
6820,2,2,-52,122,256,-44,-193,-256,-234,110,-91,-195
6821,3,3,-185,13,-22,190,-92,5,-245,80,-210,-44
6822,4,4,-81,76,-99,-284,282,-90,-122,56,-250,-246
6823,5,5,-116,-63,-132,9,-71,196,-55,-73,-94,52
6824,6,6,64,-174,-168,-127,-55,37,271,-211,-46,-116
6825,7,7,-170,102,31,-57,-40,-214,-365,287,-154,-44
6826,8,8,-43,-121,79,94,-135,-184,-216,37,138,29
6827,9,9,-196,18,-98,-138,131,-76,-274,80,-44,136
6828,2,2,-36,67,264,-6,-182,-243,-199,56,-54,-165
6829,1,1,-37,260,-99,-329,87,-111,-105,-34,-129,-169
6830,7,7,-124,-17,22,-38,-120,-144,-372,276,-146,29
6831,2,2,-51,129,204,-43,-228,-275,-248,109,-20,-186
6832,5,5,-163,-71,-193,49,-172,256,-169,-20,-142,95
6833,0,0,186,-175,-90,-76,-141,-115,-157,87,-187,33
6834,8,8,-82,-116,34,67,-183,-100,-175,-22,210,40
6835,0,0,150,-136,-128,-78,-82,-62,-151,110,-266,13
6836,2,2,67,101,184,-169,-74,-181,-47,-72,-116,-273
6837,7,7,-111,56,60,-57,-39,-223,-353,247,-141,-12
6838,8,8,-71,-63,92,51,-192,-163,-162,22,186,-35
6839,8,8,-81,-53,90,86,-191,-161,-163,37,170,-64
6840,3,3,-126,26,44,127,-71,-31,-190,64,-214,-100
6841,0,0,176,-79,27,-130,-128,-117,-188,134,-255,-78
6842,6,6,48,-160,-199,-113,-55,43,241,-176,-23,-94
6843,0,0,159,-125,-162,-131,-158,20,-42,78,-168,-59
6844,2,2,7,74,196,-22,-189,-194,-155,23,-58,-161
6845,7,7,-167,43,62,-19,-89,-224,-417,309,-160,-7
6846,6,6,54,-138,-162,-165,-3,26,271,-226,-56,-166
6847,6,6,29,-95,-127,-186,58,10,138,-98,-140,-85
6848,1,1,-82,244,-104,-282,84,-99,-128,-9,-136,-129
6849,2,2,-29,100,265,-51,-231,-263,-206,65,-40,-176
6850,8,8,-22,-165,29,22,-148,-102,-64,-58,233,-23
6851,8,2,-9,45,112,-66,-49,-171,-133,-38,61,-88
6852,7,7,-155,81,-4,-120,3,-183,-331,239,-137,16
6853,7,7,-195,83,88,-25,-100,-266,-466,353,-198,-48
6854,4,4,-133,82,-154,-308,317,-85,-115,32,-156,-217
6855,7,7,-89,-25,-72,-153,11,-112,-194,273,-181,-20
6856,7,7,-144,86,-6,-111,16,-195,-337,250,-152,-15
6857,3,3,-232,54,-67,224,-105,-27,-263,94,-137,-39
6858,7,7,-142,12,-68,-123,7,-110,-256,262,-150,18
6859,4,4,-159,124,-126,-306,347,-142,-175,68,-195,-240
6860,5,5,-113,-61,-204,28,-110,240,-73,-42,-134,54
6861,4,4,-146,116,-152,-340,351,-117,-135,30,-201,-243
6862,3,3,-239,19,-63,227,-103,-37,-315,96,-148,10
6863,3,3,-209,47,-73,228,-127,-23,-269,81,-146,-18
6864,8,8,-53,-62,45,30,-125,-147,-160,2,206,-25
6865,4,4,-125,-1,-120,-229,290,-54,-93,32,-221,-152
6866,5,5,-72,-95,-290,-35,-90,264,10,-73,-174,38
6867,4,4,-90,89,-101,-260,258,-141,-139,20,-126,-128
6868,1,1,-37,301,-112,-391,139,-135,-91,-57,-173,-259
6869,1,1,-84,240,-103,-307,116,-101,-128,-27,-144,-119
6870,9,9,-132,-94,-76,-79,60,-49,-216,68,-14,175
6871,7,7,-162,15,52,-21,-116,-190,-429,313,-165,8
6872,4,4,1,107,-86,-406,246,-129,-83,-25,-268,-167
6873,3,3,-213,28,5,237,-125,-102,-323,120,-157,-39
6874,7,7,-193,64,42,-40,-64,-244,-447,348,-173,-20
6875,3,3,-283,43,-21,312,-124,-126,-394,143,-155,-49
6876,3,3,-207,63,-27,185,-110,-44,-281,106,-202,-51
6877,0,0,128,-40,-60,-174,-102,-70,-139,107,-250,-35
6878,2,1,70,112,99,-205,-22,-133,4,-121,-107,-253
6879,5,5,-130,-68,-186,-14,-137,259,-93,-68,-117,82
6880,5,5,-155,-106,-164,33,-179,253,-132,-46,-86,86
6881,6,6,88,-188,-199,-147,-80,10,292,-229,-17,-138
6882,3,3,-186,0,-44,215,-136,-38,-301,80,-137,8
6883,1,1,11,170,-59,-297,81,-83,42,-149,-83,-222
6884,5,5,-75,-128,-165,-55,-105,228,0,-87,-48,51
6885,2,2,69,67,163,-137,-59,-214,-41,-60,-89,-216
6886,5,5,-98,-25,-204,30,-64,169,-29,-20,-164,16
6887,9,9,-145,-137,-81,-33,59,-22,-250,22,13,206
6888,9,9,-118,-41,-73,-148,99,-33,-204,66,-85,130
6889,8,8,-2,-89,95,28,-145,-205,-131,5,129,-34
6890,4,4,-149,40,-83,-244,326,-87,-132,49,-213,-198
6891,1,1,-91,224,-106,-287,110,-90,-120,-24,-134,-105
6892,0,0,180,-119,-91,-126,-162,-34,-85,92,-195,-48
6893,6,6,51,-178,-229,-136,-66,89,226,-120,-59,-143
6894,0,0,132,-20,45,-127,-175,-120,-187,130,-137,-132
6895,9,7,-199,83,-59,-172,103,-104,-300,121,-95,91
6896,6,6,38,-164,-258,-158,-33,62,292,-195,-64,-146
6897,8,8,-20,-116,113,21,-158,-153,-163,48,133,-10
6898,8,2,-38,-51,100,-1,-114,-171,-206,85,88,7
6899,5,5,-169,-46,-172,2,-66,212,-29,-87,-11,22
6900,6,6,37,-132,-167,-105,-42,54,232,-188,-47,-126
6901,1,1,-51,244,-121,-296,101,-98,-85,-41,-121,-174
6902,1,1,-96,212,-97,-274,100,-88,-131,-9,-137,-79
6903,9,9,-135,-55,-134,-93,95,-21,-212,42,-56,165
6904,8,8,13,-93,46,17,-77,-146,-101,-37,104,-8
6905,9,9,-130,-19,-112,-164,64,-9,-139,40,-32,113
6906,2,2,112,-7,117,-206,1,-124,46,-100,-89,-209
6907,3,3,-230,-5,-92,231,-120,13,-312,49,-103,53
6908,5,5,-107,-126,-192,-57,-92,251,-13,-106,-50,75
6909,5,5,-119,-100,-130,-63,-75,206,-34,-75,18,52
6910,9,9,-148,-8,-81,-107,118,-43,-196,4,-15,134
6911,4,4,-121,-36,-80,-272,329,-68,-87,48,-216,-163
6912,2,2,9,44,200,-78,-88,-147,-64,-1,-68,-188
6913,1,1,-26,254,-101,-336,94,-103,-73,-60,-121,-186
6914,9,9,-152,70,-67,-200,108,-54,-224,23,-57,114
6915,4,4,-116,67,-112,-293,328,-89,-116,-5,-215,-188
6916,9,9,-107,-71,-46,-98,115,-87,-231,69,-40,136
6917,1,1,-51,241,-138,-316,114,-73,-69,-77,-123,-164
6918,3,3,-221,52,-63,189,-114,-24,-303,104,-171,-4
6919,9,9,-161,69,-93,-182,112,-74,-223,46,-66,115
6920,2,2,-12,118,228,-92,-167,-217,-148,32,-62,-203
6921,0,0,203,-156,-26,-117,-133,-84,-95,38,-179,-15
6922,6,6,33,-126,-181,-94,-22,52,207,-177,-40,-92
6923,0,0,198,-80,-34,-156,-181,-70,-83,49,-143,-114
6924,4,4,-125,75,-70,-222,266,-114,-153,54,-137,-158
6925,0,0,157,-38,-38,-177,-198,-70,-125,122,-130,-140
6926,6,6,13,-60,-109,-173,73,4,137,-148,-65,-78
6927,0,0,164,-7,-66,-271,-96,-143,-115,49,-191,-114
6928,1,1,-26,290,-102,-374,130,-136,-83,-73,-157,-248
6929,2,2,-33,82,276,-68,-87,-192,-170,9,-46,-213
6930,3,3,-201,-19,-27,270,-138,-82,-332,140,-139,-54
6931,4,4,-111,141,-167,-324,285,-161,-189,47,-165,-169
6932,5,5,-37,-154,-211,-133,-117,255,92,-114,-49,-42
6933,6,6,39,-121,-230,-191,11,42,286,-222,-107,-158
6934,7,7,-79,76,-88,-207,43,-140,-225,212,-127,-54
6935,8,8,-36,-33,-136,-139,-39,-122,-81,-122,234,-43
6936,9,9,-100,-83,-95,-71,25,-37,-222,97,-14,131
6937,0,0,213,-182,10,-165,-53,-177,-49,-78,-115,-8
6938,1,1,-55,299,-127,-345,115,-130,-115,-36,-165,-228
6939,2,2,58,81,209,-230,14,-147,-57,-96,-60,-222
6940,3,3,-87,-37,59,121,-21,-87,-212,78,-182,-95
6941,4,4,-173,116,-151,-285,350,-166,-228,35,-155,-138
6942,5,5,-93,-151,-326,-10,-120,301,17,-69,-67,8
6943,6,6,100,-69,-161,-234,65,-39,210,-211,-209,-200
6944,7,7,-41,-38,-132,-136,-28,-39,-179,192,-163,22
6945,8,8,4,-25,-101,-206,16,-129,-55,-49,83,-92
6946,9,4,-9,-55,-92,-122,70,-112,-133,14,-70,60
6947,0,0,184,-162,-10,-63,-85,-172,-127,-10,-155,24
6948,1,1,-37,294,-148,-367,129,-103,-61,-86,-155,-260
6949,2,2,-18,74,283,-6,-107,-268,-235,30,-105,-205
6950,3,3,-165,-34,-1,193,-99,-96,-337,146,-128,-31
6951,4,4,-114,145,-137,-311,299,-187,-198,54,-153,-187
6952,5,5,-30,-140,-159,-19,-63,166,44,-36,-117,-48
6953,6,6,64,-157,-251,-145,57,24,258,-238,-110,-129
6954,7,7,-33,51,79,-66,-77,-214,-271,172,-71,-54
6955,8,8,-7,-24,-128,-184,6,-128,-24,-146,141,-49
6956,9,9,-54,-177,-115,-21,56,-89,-187,56,12,152
6957,3,3,-122,-64,-6,219,-76,-134,-290,26,2,32
6958,8,8,-23,-11,-120,-113,12,-133,-61,-99,159,-75
6959,0,0,140,-46,-76,-240,-49,-122,-91,9,-214,-67
6960,7,7,-135,62,-19,-110,1,-175,-317,260,-112,-10
6961,1,1,-50,298,-112,-337,92,-159,-147,-5,-165,-210
6962,0,0,203,-82,-34,-278,-36,-80,28,-115,-211,-117
6963,7,7,-91,25,-44,-138,17,-134,-259,244,-120,-17
6964,5,5,0,-108,-140,-31,-146,198,17,-94,-114,-36
6965,5,5,-86,-117,-305,-158,-105,292,23,-75,-43,18
6966,6,6,55,-105,-209,-199,43,28,261,-240,-117,-149
6967,9,7,-13,-21,-143,-142,27,-93,-123,47,-43,28
6968,0,0,191,-121,-67,-192,-79,-153,-47,-59,-86,-35
6969,1,1,-47,314,-86,-414,141,-183,-95,-60,-141,-282
6970,0,0,207,-41,-8,-213,-99,-209,-112,15,-157,-135
6971,0,0,191,-53,60,-229,-114,-177,-63,31,-155,-182
6972,8,8,-44,-87,12,1,-152,-161,-107,24,214,-70
6973,3,3,-213,24,-1,269,-126,-75,-316,129,-202,-87
6974,4,4,-169,130,-169,-271,326,-159,-208,49,-162,-172
6975,3,3,-83,-88,-2,196,-68,-43,-202,53,-145,-55
6976,1,1,-62,308,-88,-367,131,-176,-109,-39,-138,-263
6977,5,5,-64,-111,-278,-102,-117,238,-36,26,-81,-15
6978,0,0,138,-16,-99,-281,-39,-155,-94,-6,-182,-71
6979,0,0,195,-97,-75,-201,-174,-55,-8,16,-131,-127
6980,9,4,-98,0,-116,-175,137,-106,-225,49,-75,95
6981,5,5,-3,-104,-132,-67,-155,199,-1,-56,-145,-24
6982,3,3,-270,-11,-92,308,-91,-47,-327,87,-110,-11
6983,4,4,-119,145,-189,-299,266,-115,-149,1,-155,-137
6984,9,4,-42,-28,-107,-179,115,-119,-169,9,-123,89
6985,3,3,-115,-57,22,245,-107,-135,-313,88,-77,-41
6986,7,7,-56,111,2,-172,31,-177,-231,165,-119,-76
6987,6,6,43,-110,-235,-214,41,45,317,-289,-111,-214
6988,9,9,-26,-76,-114,-96,46,-118,-217,44,-19,108
6989,2,2,51,1,238,-140,-5,-188,-72,-88,-54,-185
6990,4,4,-139,92,-84,-211,278,-133,-180,17,-144,-118
6991,5,5,-97,-168,-249,-31,-76,266,80,-99,-103,-27
6992,7,7,-79,-43,-149,-123,-14,-37,-199,242,-128,20
6993,2,2,8,4,257,-52,-39,-215,-111,-90,-36,-198
6994,6,6,61,-118,-155,-179,38,39,244,-216,-155,-226
6995,4,4,-119,114,-143,-292,323,-153,-162,15,-142,-219
6996,9,7,-26,-57,-65,-109,54,-143,-189,78,-34,65
6997,4,4,-122,150,-165,-306,273,-142,-168,-1,-127,-128
6998,9,9,-1,-112,-105,-96,12,-106,-163,55,-14,104
6999,4,4,-93,112,-147,-260,250,-125,-128,2,-143,-132
7000,1,1,-41,258,-99,-332,113,-128,-77,-43,-130,-225
7001,2,2,32,38,205,-162,44,-177,-59,-67,-76,-220
7002,2,2,62,13,237,-108,-44,-248,-127,-38,-19,-165
7003,5,5,-9,-98,-185,-120,-103,181,4,-26,-93,-9
7004,8,8,-55,-63,-93,-81,-71,-46,-60,-83,198,10
7005,1,1,-57,292,-117,-351,113,-137,-111,-18,-170,-235
7006,3,3,-288,-3,-86,307,-137,-45,-383,119,-101,-9
7007,2,2,61,19,276,-100,-30,-264,-134,-43,-98,-204
7008,9,9,-141,-118,-72,-32,84,-57,-235,68,-43,169
7009,4,4,-99,74,-97,-253,311,-182,-193,7,-142,-124
7010,3,3,-252,-27,-56,284,-158,-52,-343,53,-17,39
7011,8,8,-91,7,-50,-94,44,-154,-126,-64,199,-91
7012,2,2,58,34,259,-106,-43,-266,-165,-15,-81,-196
7013,2,2,43,51,249,-102,-24,-221,-127,-47,-107,-200
7014,1,1,-17,294,-96,-370,119,-128,-79,-75,-169,-254
7015,2,2,59,-6,216,-100,28,-217,-77,-32,-139,-224
7016,8,8,-35,-30,-106,-96,-47,-103,-41,-126,192,-62
7017,6,6,80,-177,-218,-161,9,36,274,-249,-83,-123
7018,5,5,-88,-113,-230,-93,-71,260,4,-105,-103,65
7019,1,1,-28,284,-110,-357,120,-139,-116,-44,-178,-222
7020,6,6,59,-121,-227,-161,24,41,252,-237,-82,-150
7021,7,7,-90,108,51,-92,-20,-246,-341,220,-140,-52
7022,2,2,35,35,244,-52,-32,-243,-148,1,-155,-232
7023,1,1,-66,291,-111,-315,100,-180,-162,20,-169,-209
7024,3,3,-137,-25,-1,251,-155,-77,-293,104,-159,-66
7025,9,7,-82,-57,-116,-99,40,-125,-253,121,10,110
7026,3,3,-181,-6,-10,244,-135,-63,-321,148,-177,-76
7027,8,8,-63,-75,-71,-62,-27,-87,-123,-47,205,7
7028,7,7,-94,-16,-52,-55,-40,-59,-209,179,-111,45
7029,5,5,-41,-152,-236,-12,-72,206,36,-84,-120,25
7030,7,7,-32,99,56,-117,-69,-175,-242,119,-62,-36
7031,0,0,191,-15,41,-168,-128,-178,-121,22,-138,-149
7032,7,7,-70,119,-133,-305,43,-130,-232,191,-163,-63
7033,4,4,-84,119,-136,-242,236,-129,-117,1,-139,-147
7034,8,8,-79,-21,-25,-35,-28,-132,-94,-56,211,-81
7035,8,0,95,-68,-51,-140,-174,-43,0,-52,63,-100
7036,5,5,-53,-170,-173,-99,-152,257,46,-61,-72,-15
7037,0,0,188,-68,-17,-240,5,-173,-20,-87,-199,-95
7038,6,6,41,-174,-117,-143,-55,20,288,-198,-38,-157
7039,6,6,54,-146,-210,-201,31,11,314,-297,-49,-166
7040,3,3,-98,-72,7,182,-73,-112,-298,141,-118,-63
7041,7,7,-101,8,-7,-21,-55,-177,-335,273,-102,-20
7042,6,6,58,-166,-188,-193,0,27,342,-281,-40,-218
7043,9,9,5,-60,-90,-115,41,-57,-71,-27,-66,65
7044,9,4,-98,34,-109,-161,123,-104,-198,25,-89,85
7045,4,4,-114,110,-180,-271,265,-112,-138,-27,-122,-114
7046,8,8,16,-52,-114,-121,-59,-114,-60,-119,139,4
7047,4,4,-140,140,-91,-243,295,-213,-218,14,-159,-134
7048,1,1,-61,315,-74,-383,131,-196,-121,-40,-134,-264
7049,0,0,205,-66,-65,-267,43,-179,33,-165,-181,-133
7050,6,6,89,-161,-222,-181,8,22,309,-279,-76,-202
7051,6,6,-7,-104,-257,-127,60,81,257,-204,-126,-205
7052,0,0,217,-57,15,-286,-71,-239,-106,11,-182,-138
7053,1,1,-6,283,-122,-400,94,-126,-56,-88,-145,-250
7054,2,2,13,141,258,-188,-34,-245,-192,81,-162,-268
7055,3,3,-238,9,-74,283,-171,-88,-335,93,-19,16
7056,4,4,-146,89,-96,-261,325,-120,-154,34,-134,-224
7057,5,5,-45,-104,-315,-82,-67,208,35,11,-57,-56
7058,6,6,62,-83,-176,-263,-17,35,246,-183,-152,-169
7059,7,7,-86,39,-4,-72,-38,-177,-312,240,-109,-15
7060,8,8,-28,-103,-73,-93,-95,-13,-34,-81,165,41
7061,9,4,-22,18,-87,-155,56,-103,-145,40,-78,23
7062,0,0,204,-72,-93,-266,-190,-66,61,-69,-98,-174
7063,1,1,-33,299,-111,-359,107,-154,-122,-28,-175,-232
7064,2,2,-93,171,220,-43,-111,-136,-162,17,-71,-241
7065,3,3,-175,-5,-86,247,-143,-94,-289,47,14,20
7066,4,4,-139,117,-154,-334,403,-179,-171,-17,-120,-238
7067,5,5,-73,-125,-232,-116,-102,257,45,-72,-44,-13
7068,6,6,57,-138,-273,-177,17,53,305,-258,-111,-198
7069,7,7,-4,-20,-15,-101,-4,-149,-231,201,-90,-31
7070,8,8,42,-24,-104,-155,-80,-111,-25,-92,97,-65
7071,9,4,-29,-37,-96,-134,92,-125,-175,53,-63,57
7072,0,0,125,-68,-6,-189,-44,-143,-111,75,-212,-55
7073,1,1,-48,302,-121,-338,107,-141,-117,-31,-163,-239
7074,2,2,-62,175,323,-47,-160,-340,-356,188,-198,-264
7075,3,3,-206,-22,-92,298,-151,9,-238,38,-44,-51
7076,4,4,-113,100,-107,-296,340,-165,-167,22,-137,-233
7077,5,5,-49,-116,-302,-90,-96,232,24,-16,-41,-31
7078,6,6,36,-118,-230,-155,-28,43,290,-204,-102,-196
7079,7,7,-80,-45,-72,-55,-14,-73,-230,206,-115,43
7080,8,8,2,-20,-53,-106,-78,-169,-75,-84,165,-59
7081,9,4,-32,-16,-126,-150,83,-90,-137,29,-107,42
7082,7,7,-165,59,44,-38,-62,-196,-371,295,-166,-30
7083,4,4,-131,125,-67,-278,317,-169,-170,27,-166,-218
7084,0,0,211,29,-40,-332,-44,-133,-8,-91,-237,-209
7085,4,4,-186,95,-156,-239,327,-81,-147,33,-155,-206
7086,0,0,234,-33,44,-314,-36,-231,-49,-76,-197,-165
7087,1,1,-70,272,-105,-295,104,-156,-147,13,-153,-198
7088,7,7,-91,12,17,-29,-31,-191,-332,256,-112,-11
7089,9,4,-37,-68,-114,-110,99,-83,-143,13,-97,87
7090,5,5,-27,-109,-231,-93,-129,203,54,-83,-2,-16
7091,1,1,-58,328,-84,-372,125,-211,-134,-21,-163,-276
7092,4,4,-144,73,-112,-282,384,-154,-166,2,-154,-220
7093,2,2,-38,172,280,-81,-124,-272,-297,155,-213,-263
7094,8,8,3,-98,-69,-53,-110,-91,-149,71,102,31
7095,9,4,-51,0,-104,-147,109,-98,-143,24,-58,32
7096,4,4,-142,81,-144,-317,393,-135,-135,-40,-123,-210
7097,3,3,-92,-59,-69,195,-168,-28,-223,30,-12,6
7098,7,7,-81,-10,-77,-79,0,-79,-221,217,-115,4
7099,8,8,-24,-47,-118,-162,-115,24,18,-100,143,-49
7100,2,2,-61,141,309,-55,-143,-200,-196,49,-110,-282
7101,4,4,-149,67,-78,-227,310,-122,-168,36,-156,-152
7102,4,4,-106,89,-87,-244,267,-137,-150,16,-107,-136
7103,3,3,-210,-26,-99,298,-228,-17,-291,28,-18,13
7104,3,3,-273,-13,-4,310,-163,-79,-322,76,-23,-23
7105,6,6,41,-145,-177,-186,0,34,305,-230,-101,-184
7106,9,4,-122,22,-64,-134,134,-120,-234,38,-53,96
7107,9,4,-61,8,-112,-136,80,-95,-155,24,-70,67
7108,5,5,-69,-163,-275,-71,-91,251,51,-94,-22,31
7109,8,8,-43,3,-130,-95,-16,-113,-79,-109,181,-44
7110,6,6,53,-160,-220,-167,6,45,334,-283,-82,-198
7111,7,7,-96,46,18,-30,-46,-229,-360,269,-124,-34
7112,0,0,193,-18,42,-299,13,-219,-75,-38,-216,-152
7113,6,6,72,-97,-208,-264,15,24,280,-224,-141,-197
7114,8,8,-100,-38,-61,-46,20,-152,-170,-84,225,4
7115,2,2,-74,153,265,-41,-95,-213,-220,78,-100,-259
7116,6,6,18,-108,-177,-175,15,9,274,-205,-82,-185
7117,3,3,-260,5,-31,317,-237,-106,-407,86,-3,16
7118,9,7,-93,-25,-80,-106,65,-101,-244,119,-56,80
7119,3,3,-211,-36,-79,261,-251,11,-293,9,63,6
7120,2,2,-54,148,329,-74,-142,-323,-283,115,-99,-278
7121,8,1,-11,81,-104,-227,18,-127,-121,66,-26,-99
7122,6,6,79,-3,-199,-324,16,-43,186,-157,-166,-197
7123,1,1,-6,302,-90,-426,141,-158,-74,-86,-176,-293
7124,7,7,-80,93,43,-92,-48,-246,-347,260,-144,-66
7125,4,4,-185,114,-138,-286,381,-140,-193,8,-154,-186
7126,8,8,-27,-52,-84,-83,-21,-151,-134,-33,162,-2
7127,8,8,-26,4,-94,-139,-92,-45,-28,-38,131,-93
7128,9,9,-24,-40,-45,-89,57,-135,-185,37,-42,67
7129,0,0,228,-22,-32,-282,-97,-182,-35,-56,-191,-175
7130,3,3,-196,2,2,250,-183,-148,-330,61,11,25
7131,3,3,-221,-38,-117,318,-180,-71,-364,60,5,44
7132,9,4,-12,-21,-75,-199,117,-125,-144,9,-101,45
7133,0,0,195,71,-6,-335,-33,-185,-68,-29,-238,-233
7134,5,5,-55,-152,-268,-93,-83,242,84,-98,-54,-13
7135,2,2,-126,144,229,-58,-52,-185,-206,116,-63,-274
7136,9,4,-30,-67,-97,-122,114,-132,-152,8,-50,63
7137,4,4,-84,72,-36,-214,285,-236,-199,44,-142,-175
7138,1,1,-105,317,-117,-310,100,-182,-127,-25,-105,-234
7139,0,0,211,-5,5,-339,5,-245,-54,-69,-202,-179
7140,3,3,-197,-25,-110,306,-160,-10,-236,56,-79,-51
7141,7,7,-127,44,24,-36,-38,-231,-375,281,-128,-9
7142,5,5,-68,-151,-207,-95,-90,240,51,-83,-68,19
7143,8,8,-44,29,-153,-119,64,-104,-79,-37,71,-74
7144,7,7,-122,-19,0,-28,-42,-169,-366,284,-149,17
7145,7,7,-102,8,19,-22,-77,-178,-373,268,-129,-8
7146,8,8,24,-111,-78,-41,-68,-156,-73,-88,176,-15
7147,2,2,34,66,315,-133,-96,-330,-209,75,-94,-261
7148,9,4,-84,-91,-66,-123,145,-147,-242,50,-48,131
7149,7,7,-82,26,1,-37,-35,-180,-307,209,-65,-8
7150,1,1,-74,334,-99,-359,117,-203,-122,-37,-143,-275
7151,2,2,-35,93,319,-87,-157,-330,-277,140,-71,-249
7152,6,6,27,-135,-217,-116,32,26,275,-215,-103,-182
7153,4,4,-128,98,-91,-265,326,-183,-186,5,-111,-165
7154,2,2,-100,148,276,-14,-182,-256,-361,191,-143,-225
7155,5,5,-67,-103,-235,-63,-103,229,17,-28,-29,-31
7156,2,2,-79,142,266,6,-169,-216,-332,138,-179,-209
7157,3,3,-168,-18,-25,276,-197,-170,-328,71,18,8
7158,6,6,90,-53,-183,-310,45,2,240,-230,-187,-203
7159,6,6,55,-101,-229,-233,25,27,290,-217,-146,-205
7160,5,5,-19,-144,-261,-115,-101,218,88,-84,-29,-31
7161,0,0,209,10,-55,-318,-36,-226,-52,-67,-188,-177
7162,0,0,203,35,-14,-325,-53,-158,-30,-87,-206,-193
7163,2,2,17,131,356,-146,-96,-347,-239,92,-172,-339
7164,8,8,-34,17,-71,-123,-41,-123,-94,-35,153,-86
7165,1,1,-80,341,-95,-375,121,-222,-142,-28,-130,-268
7166,6,6,68,-118,-187,-228,61,13,285,-258,-160,-206
7167,1,1,-50,309,-92,-401,134,-172,-95,-56,-139,-271
7168,0,0,261,-54,9,-272,-66,-243,-32,-108,-160,-164
7169,4,4,-131,126,-138,-319,346,-153,-160,-6,-129,-211
7170,3,3,-141,-39,-38,212,-190,-172,-344,70,41,60
7171,1,1,-24,305,-63,-405,134,-209,-117,-55,-162,-264
7172,6,6,45,-70,-175,-216,73,-5,250,-216,-180,-234
7173,1,1,-97,349,-119,-366,122,-203,-128,-42,-121,-276
7174,9,4,-23,-24,-83,-119,62,-128,-162,50,-47,38
7175,0,0,161,-86,-32,-112,-153,-72,-49,29,-121,-41
7176,1,1,-24,245,-104,-337,99,-84,-54,-70,-127,-208
7177,4,4,-140,127,-102,-228,234,-138,-197,39,-118,-102
7178,5,5,-40,-61,-101,-22,-87,149,-34,-22,-119,5
7179,6,6,13,-148,-109,-85,-55,24,208,-186,46,-107
7180,7,7,-101,24,-25,-109,-2,-148,-273,245,-147,6
7181,8,8,-109,29,-4,-80,9,-157,-226,-19,143,18
7182,9,9,-188,-92,-8,30,54,-117,-353,132,-93,161
7183,1,1,-48,233,-97,-273,94,-112,-95,-16,-116,-178
7184,2,2,-24,1,277,-77,-162,-161,-220,106,-55,-158
7185,3,3,-74,-37,-55,215,-188,-44,-255,29,-52,9
7186,4,4,-73,36,-46,-200,223,-122,-122,15,-90,-96
7187,5,5,-32,-110,-121,31,-88,145,-10,-19,-86,-8
7188,6,6,61,-86,-94,-213,22,-18,240,-224,-47,-194
7189,7,7,-62,39,-14,-92,-9,-134,-232,194,-104,-25
7190,0,0,115,-82,-6,-100,-7,-52,5,-55,-90,-27
7191,1,1,-79,281,-66,-315,106,-175,-119,-34,-89,-212
7192,2,2,-57,-3,246,-26,-128,-178,-203,43,53,-141
7193,3,3,-52,-83,7,171,-104,-64,-231,62,-102,-14
7194,4,4,-112,90,-25,-203,292,-222,-182,6,-114,-182
7195,5,5,-12,-76,-95,12,-50,87,22,-14,-82,-40
7196,6,6,33,-172,-93,-136,6,19,231,-225,-7,-106
7197,7,7,-23,-85,-139,-90,-36,-60,-155,193,-113,30
7198,8,4,-56,65,28,-182,91,-225,-180,6,21,-89
7199,9,9,-75,-111,-77,1,12,-92,-247,101,-28,130
7200,8,8,-16,-82,-34,-5,-75,-157,-122,-75,165,36
7201,4,4,-86,168,-119,-347,327,-249,-201,35,-161,-238
7202,0,0,127,-139,-41,-128,-81,-99,-122,80,-119,8
7203,0,0,171,-5,-1,-284,36,-250,-96,-5,-225,-154
7204,7,7,-58,71,82,-59,-72,-285,-356,253,-125,-77
7205,2,2,-95,38,246,21,-187,-141,-244,74,-2,-149
7206,4,4,-107,82,-41,-227,330,-275,-233,24,-131,-174
7207,3,3,-23,-71,46,180,-178,-131,-249,60,-26,-22
7208,8,2,-35,-62,131,-14,-180,-127,-172,68,100,-39
7209,6,6,35,-111,-184,-213,-41,89,243,-197,-46,-197
7210,6,6,42,-101,-186,-193,-58,43,218,-202,10,-158
7211,3,3,-81,-75,-87,198,-146,45,-187,20,-60,9
7212,2,2,-91,19,200,-26,-32,-55,-98,28,-23,-201
7213,6,6,1,-99,-13,-175,16,-18,216,-205,32,-192
7214,3,3,-70,-73,11,246,-197,-160,-336,62,-52,31
7215,3,3,-227,-49,-186,317,-179,69,-272,5,-36,35
7216,0,0,109,-81,-111,-92,-91,0,41,-26,-117,-98
7217,1,1,-92,300,-57,-307,86,-189,-147,-15,-92,-207
7218,4,4,-130,98,-64,-246,320,-191,-173,39,-129,-243
7219,7,7,-101,8,-141,-169,28,-88,-233,258,-150,-4
7220,8,8,-80,19,31,-56,-14,-173,-183,-49,152,-12
7221,0,0,149,-81,-19,-191,-55,-195,-138,40,-154,-26
7222,3,3,-298,-49,-97,326,-175,-28,-416,95,-52,54
7223,1,1,-94,273,-122,-300,102,-145,-109,-27,-85,-195
7224,9,9,-45,-118,-81,-38,24,-106,-231,105,-55,130
7225,0,0,115,-116,-67,-152,-53,-160,-82,38,-139,-13
7226,1,1,-96,271,-90,-282,98,-166,-121,-21,-77,-196
7227,9,9,-38,-69,-63,-62,52,-74,-147,34,-50,95
7228,1,1,-62,268,-43,-312,106,-172,-114,-30,-100,-219
7229,2,2,-39,27,260,-63,-78,-122,-143,24,-46,-191
7230,7,7,-43,26,-60,-119,0,-137,-214,195,-83,-41
7231,0,0,166,-20,-34,-260,-43,-187,-105,4,-144,-105
7232,1,1,-35,235,-64,-316,102,-136,-82,-33,-112,-198
7233,3,3,-72,-18,-34,146,-119,-8,-177,76,-71,-38
7234,8,8,-42,-42,46,-107,-29,-122,-82,-74,147,-28
7235,2,2,-121,2,204,23,-76,-67,-162,21,15,-134
7236,9,9,-40,-180,-48,0,26,-123,-235,69,-33,167
7237,2,2,-18,-40,217,-17,-116,-121,-156,32,-6,-106
7238,7,7,-39,37,-37,-114,-22,-130,-210,181,-88,-37
7239,6,6,79,-155,-150,-227,13,16,262,-267,-60,-136
7240,5,5,-104,-51,-148,54,-9,106,11,1,-81,-76
7241,5,5,-119,5,-98,31,-44,98,-38,24,-108,-74
7242,9,9,-107,-142,-82,-15,88,-86,-227,81,-46,168
7243,9,9,-37,-145,-55,-19,38,-142,-217,57,-17,133
7244,8,8,-61,-122,61,31,-112,-112,-140,-37,213,-16
7245,2,2,-21,6,236,-36,-123,-157,-198,88,-69,-144
7246,9,9,-117,-83,-32,66,7,-71,-246,76,-55,101
7247,1,1,-87,297,-38,-304,98,-187,-131,-37,-84,-229
7248,3,3,-60,-99,-125,173,-86,66,-109,1,-68,-16
7249,2,2,52,-36,77,-128,-7,-16,8,-43,-59,-95
7250,3,3,-186,-53,-149,302,-131,-4,-270,49,-49,15
7251,4,4,-122,124,-109,-322,384,-239,-190,25,-112,-304
7252,3,3,-112,-14,-12,260,-182,-131,-305,66,-58,-4
7253,1,1,-82,330,-70,-360,121,-221,-139,-23,-142,-277
7254,9,9,-34,-208,-79,35,-3,-88,-214,49,-8,169
7255,0,0,130,3,-58,-259,-38,-177,-135,63,-200,-92
7256,9,7,-50,-102,-56,21,2,-124,-239,105,-43,94
7257,3,3,-67,-35,-67,200,-124,-13,-186,14,-108,-18
7258,6,6,20,-98,-165,-193,-2,83,209,-185,-58,-179
7259,8,8,-35,-55,89,-19,-114,-155,-194,84,90,-23
7260,7,7,-25,-82,-147,-105,-24,-107,-198,199,-42,24
7261,0,0,192,-59,23,-178,-8,-253,-97,-7,-180,-120
7262,1,1,-112,330,-81,-345,130,-222,-150,-50,-69,-269
7263,0,0,209,-45,49,-228,-1,-233,-70,-49,-191,-161
7264,5,5,-45,-125,-161,19,-72,172,-20,-23,-91,20
7265,8,8,-112,-18,25,-36,77,-184,-197,-18,130,-62
7266,2,2,31,-27,276,-85,-180,-149,-200,62,-70,-143
7267,7,7,-23,-25,-149,-174,-37,-6,-138,190,-156,-25
7268,7,1,-42,133,-133,-240,65,-122,-122,98,-116,-142
7269,0,0,178,38,-52,-316,-106,-155,-120,40,-206,-168
7270,1,1,-23,257,-119,-349,103,-87,-52,-92,-126,-205
7271,2,2,-58,54,209,14,-111,-226,-264,118,-94,-107
7272,3,3,-124,-19,-61,118,-48,-88,-264,34,-10,73
7273,4,4,-122,115,-160,-349,340,-124,-136,-11,-178,-170
7274,5,5,-111,-87,-188,-89,-85,244,4,-51,-68,9
7275,6,6,38,-70,-207,-211,43,23,284,-284,-78,-235
7276,7,7,-89,75,49,-89,-42,-232,-348,246,-138,-32
7277,8,8,23,-60,59,-57,-24,-172,-108,-82,120,-46
7278,9,9,-164,-15,-75,-124,104,-103,-299,77,-21,173
7279,0,0,203,-86,-37,-156,-156,-66,-75,16,-142,-92
7280,1,1,-72,243,-118,-298,113,-95,-103,-32,-150,-160
7281,2,2,-33,51,211,22,-99,-173,-205,60,-146,-155
7282,3,3,-107,-49,20,171,-81,-123,-299,87,-83,-12
7283,4,4,-109,139,-86,-404,364,-178,-183,3,-219,-200
7284,5,5,-109,-160,-307,-76,-94,307,38,-125,5,25
7285,6,6,78,-139,-212,-236,26,47,323,-295,-141,-202
7286,7,7,-85,49,-102,-229,39,-112,-223,232,-131,-47
7287,8,8,37,-46,-83,-152,5,-158,-92,-145,88,0
7288,9,9,-145,-41,-98,-113,105,-64,-265,34,-36,184
7289,0,0,175,-134,-66,-168,-65,-141,-78,-13,-109,-23
7290,1,1,-43,298,-116,-355,116,-133,-115,-40,-168,-231
7291,2,2,-37,51,136,-36,-40,-89,-182,10,-89,-56
7292,3,3,-126,-44,10,204,-124,-132,-336,89,-72,18
7293,4,4,-152,78,-142,-319,305,-106,-204,53,-207,-81
7294,5,5,-113,-121,-335,-13,-91,291,69,-139,-86,-24
7295,6,6,72,-113,-186,-236,5,31,271,-227,-146,-151
7296,7,7,-82,53,-106,-215,48,-122,-219,218,-134,-49
7297,8,8,7,-65,-89,-74,-16,-152,-92,-129,135,15
7298,9,4,-157,4,-63,-139,141,-105,-288,82,-89,131
7299,1,1,-47,304,-106,-350,110,-150,-131,-21,-181,-229
7300,7,7,-96,39,-139,-200,29,-74,-209,213,-130,-8
7301,4,4,-78,136,-144,-369,316,-157,-130,-11,-206,-188
7302,8,8,14,-74,-63,-96,-63,-127,-42,-131,171,-36
7303,1,1,-57,292,-102,-329,106,-138,-128,-23,-152,-208
7304,5,5,-55,-96,-205,-27,-112,229,11,-110,-68,8
7305,6,6,55,-144,-175,-180,-16,33,263,-187,-145,-129
7306,5,5,-75,-142,-243,-97,-96,278,72,-128,-34,-13
7307,7,7,-49,82,-46,-203,33,-131,-198,159,-125,-41
7308,2,2,-59,4,214,101,-162,-213,-293,108,-98,-121
7309,8,0,68,-125,-86,-114,-21,-102,-63,-37,65,-24
7310,6,6,93,-127,-178,-255,50,5,299,-274,-168,-210
7311,3,3,-135,-15,48,232,-192,-164,-357,116,-70,-34
7312,3,3,-292,73,-12,277,-141,-153,-410,133,-76,-11
7313,8,8,-25,-157,-15,-9,-143,-72,-82,-46,232,9
7314,6,6,96,-92,-188,-294,19,-2,248,-205,-194,-170
7315,5,5,-147,-110,-238,4,-86,262,-20,-53,-85,23
7316,4,4,-93,127,-142,-382,386,-161,-126,-30,-199,-249
7317,0,0,207,-64,-1,-266,-59,-153,0,-44,-148,-184
7318,9,9,-129,-107,-68,-14,60,-82,-279,73,-22,171
7319,1,1,-2,297,-72,-377,91,-133,-90,-66,-172,-261
7320,7,7,-95,83,-197,-297,63,-131,-243,239,-133,-68
7321,2,2,-33,106,241,-29,-116,-227,-241,64,-86,-170
7322,9,9,-116,-66,-58,-53,70,-88,-262,82,-57,135
7323,1,1,-43,264,-108,-335,105,-103,-97,-42,-161,-196
7324,5,5,-125,-131,-220,7,-119,278,-17,-83,-80,28
7325,1,1,1,262,-108,-385,114,-104,-28,-105,-151,-261
7326,3,3,-100,-82,-52,264,-109,-123,-280,16,11,25
7327,2,2,-33,46,222,35,-115,-222,-215,62,-108,-154
7328,2,2,14,15,192,-20,-44,-179,-167,13,-94,-117
7329,3,3,-102,-50,64,224,-153,-179,-324,73,-1,-22
7330,0,0,222,-62,3,-280,-47,-210,-8,-80,-125,-167
7331,6,6,16,-138,-209,-121,53,57,281,-241,-162,-190
7332,4,4,-86,120,-206,-391,299,-90,-93,-80,-238,-116
7333,3,3,-14,-83,2,119,-88,-144,-177,16,43,13
7334,7,7,-52,77,94,-88,-64,-256,-335,242,-129,-80
7335,6,6,103,-80,-172,-287,83,-18,241,-263,-193,-181
7336,9,9,-65,-92,-76,-46,64,-60,-187,16,-41,125
7337,0,0,243,-92,-38,-244,-94,-135,15,-134,-132,-137
7338,4,4,-52,137,-159,-353,282,-198,-107,-82,-158,-141
7339,8,8,-23,-52,52,52,-74,-173,-139,14,103,-44
7340,1,1,-19,269,-115,-370,107,-107,-71,-71,-143,-219
7341,4,4,-181,187,-208,-402,341,-119,-199,50,-220,-217
7342,0,0,186,-25,-64,-302,-88,-137,-85,18,-181,-146
7343,6,6,52,-78,-211,-260,29,45,276,-258,-159,-192
7344,1,1,-40,293,-136,-356,108,-131,-107,-39,-171,-234
7345,2,2,-18,123,187,-55,-84,-245,-273,119,-148,-151
7346,6,6,84,-111,-160,-254,18,9,301,-259,-108,-210
7347,9,9,-116,-96,-62,-51,46,-90,-290,111,-26,153
7348,2,2,-99,121,226,-2,-187,-250,-293,147,-61,-151
7349,2,2,17,74,146,-98,-22,-167,-176,64,-87,-103
7350,3,3,-60,-5,21,156,-117,-166,-248,76,-53,-35
7351,5,5,-76,-154,-258,-24,-78,250,39,-97,-117,25
7352,5,5,-94,-107,-217,-25,-67,223,11,-58,-129,11
7353,1,1,-34,306,-101,-375,126,-153,-106,-49,-170,-254
7354,0,0,167,-70,-108,-266,7,-44,110,-156,-225,-161
7355,7,7,-102,44,-105,-181,42,-133,-250,264,-130,-56
7356,7,7,-6,26,75,-104,-78,-249,-283,203,-59,-65
7357,9,9,-58,-96,-80,-118,-28,-6,-139,39,-5,112
7358,6,6,27,-122,-244,-157,60,50,289,-253,-155,-204
7359,2,2,-14,95,210,-56,-91,-201,-184,32,-92,-155
7360,9,9,-91,-23,-113,-119,85,-98,-212,68,-56,100
7361,4,4,-90,138,-158,-368,318,-147,-134,-34,-169,-166
7362,7,7,-82,-3,-24,-113,-16,-127,-251,231,-103,15
7363,0,0,200,-69,25,-342,99,-215,-6,-128,-223,-137
7364,2,2,-78,59,206,54,-124,-214,-229,93,-58,-165
7365,3,3,-216,-24,-46,300,-164,-144,-388,85,-6,27
7366,4,4,-140,132,-148,-350,362,-144,-163,4,-198,-195
7367,0,0,249,-41,2,-304,-65,-180,7,-108,-197,-203
7368,0,0,237,-44,-20,-291,-67,-167,-14,-82,-180,-184
7369,8,8,17,-132,49,18,-153,-133,-85,-35,160,-25
7370,8,0,83,-35,-54,-150,-4,-73,15,-113,-11,-95
7371,8,8,-13,-133,-40,-35,-55,-81,-104,-30,192,1
7372,5,5,-8,-155,-142,-75,-117,206,49,-134,-77,0
7373,1,1,-9,267,-88,-364,126,-132,-90,-72,-179,-226
7374,3,3,-123,-64,-43,282,-159,-82,-290,50,-52,-3
7375,7,7,-54,71,59,-68,-83,-225,-310,219,-94,-69
7376,4,4,-89,164,-183,-433,371,-192,-158,-36,-175,-202
7377,9,4,-85,5,-70,-158,92,-94,-225,71,-84,80
7378,8,8,22,-121,-62,-61,-51,-114,-54,-116,148,3
7379,8,8,-3,-130,-1,24,-81,-108,-91,-53,169,21
7380,9,4,-62,16,-111,-194,108,-113,-198,46,-103,59
7381,0,0,218,12,-41,-354,-67,-159,-39,-60,-209,-204
7382,9,9,-131,-53,-100,-100,78,-90,-285,77,-10,173
7383,8,8,-46,-83,-71,-73,-31,-132,-166,-76,210,37
7384,9,4,-80,26,-79,-172,83,-118,-227,68,-48,72
7385,0,0,244,-101,-51,-236,-92,-164,-3,-107,-142,-111
7386,2,2,-8,41,204,-57,-70,-187,-167,4,-17,-112
7387,6,6,87,-65,-186,-292,69,-36,215,-173,-243,-202
7388,5,5,-127,-123,-223,28,-92,263,9,-90,-77,-21
7389,6,6,93,-88,-124,-268,54,-30,246,-227,-148,-198
7390,7,7,-28,13,61,-53,-62,-252,-321,225,-94,-41
7391,4,4,-96,109,-156,-345,363,-184,-159,-29,-160,-178
7392,7,7,-14,61,-1,-178,7,-222,-227,181,-86,-86
7393,5,5,-40,-177,-193,-72,-125,255,45,-132,-54,27
7394,4,4,-73,127,-174,-307,247,-134,-103,-32,-119,-153
7395,1,1,-37,290,-83,-384,124,-191,-90,-67,-123,-259
7396,3,3,-56,-89,-61,193,-78,-83,-227,24,-22,14
7397,5,5,-63,-185,-274,-75,-94,290,76,-121,-82,0
7398,3,3,-128,-61,-68,226,-115,-35,-261,62,-71,1
7399,1,1,-58,325,-79,-367,110,-200,-135,-21,-159,-263
7400,2,2,-13,40,206,-109,38,-269,-206,116,-120,-222
7401,3,7,63,-108,-3,51,-66,-91,-154,64,-151,-40
7402,4,4,-117,150,-175,-229,186,-107,-132,3,-71,-149
7403,5,5,-109,-32,-185,-10,-118,208,-21,-99,-50,41
7404,6,6,90,-102,-149,-256,62,-52,221,-231,-114,-162
7405,1,1,-75,291,-158,-372,107,-129,-60,-89,-85,-239
7406,2,2,57,-48,238,-53,-69,-226,-168,53,-107,-181
7407,3,3,-53,-84,17,154,-158,-79,-307,136,-149,-20
7408,4,4,-40,78,-157,-277,167,-151,-61,-49,-68,-138
7409,6,6,61,-138,-185,-197,17,9,304,-253,-61,-181
7410,0,0,141,-202,-76,-90,-13,-96,43,-70,-48,-7
7411,1,1,-98,319,-146,-358,117,-161,-100,-65,-88,-238
7412,2,2,72,-11,232,-156,87,-307,-224,61,-192,-200
7413,4,4,-56,124,-113,-228,155,-131,-91,-8,-86,-169
7414,5,5,-49,-83,-230,-61,-80,185,7,26,-47,-47
7415,6,6,93,-115,-163,-270,14,-34,259,-204,-130,-178
7416,7,7,-99,9,89,54,-119,-292,-423,256,-92,-24
7417,8,8,-61,-46,-179,-149,-6,-18,15,-95,156,-80
7418,1,1,-79,291,-87,-338,92,-158,-105,-44,-87,-212
7419,7,7,-68,65,57,-35,-102,-239,-338,229,-98,-40
7420,2,2,-18,-34,140,-44,-57,-178,-128,43,24,-109
7421,4,4,-77,105,-170,-283,232,-159,-114,-36,-86,-136
7422,1,1,-118,343,-92,-343,121,-213,-155,-36,-92,-248
7423,4,4,-125,88,-158,-207,214,-103,-157,5,-89,-51
7424,1,1,-70,306,-72,-365,111,-179,-113,-47,-107,-241
7425,4,4,-118,101,-180,-268,241,-154,-147,19,-72,-117
7426,9,4,-102,-78,-133,-157,80,22,-64,33,-115,73
7427,6,6,106,-69,-146,-219,31,-48,204,-182,-160,-225
7428,8,8,-52,-53,-160,-165,-76,0,-39,-82,190,-29
7429,4,4,-92,17,-165,-233,234,-111,-74,-41,-60,-72
7430,5,5,-25,-72,-69,-1,-96,126,-4,-34,-194,-77
7431,3,3,-188,-20,-91,221,-136,-10,-305,143,-173,-41
7432,7,7,-114,66,77,-3,-123,-225,-352,182,-41,-29
7433,8,1,-33,65,-32,-211,8,-70,53,-127,35,-192
7434,4,4,-56,80,-108,-190,112,-110,-103,-48,-18,-33
7435,3,3,-188,-23,-83,294,-174,-49,-297,58,-37,0
7436,3,3,-235,23,-44,232,-171,-115,-358,97,10,18
7437,5,5,-52,-61,-257,-31,1,114,34,14,-51,-83
7438,6,6,90,-72,-125,-299,33,-63,216,-179,-92,-204
7439,7,7,-77,42,109,-5,-138,-275,-391,265,-125,-66
7440,0,0,183,34,7,-301,-15,-239,-97,-35,-170,-177
7441,6,6,84,-96,-121,-246,48,-45,197,-172,-109,-177
7442,1,1,-87,326,-83,-353,126,-203,-140,-22,-136,-259
7443,6,6,71,-119,-144,-262,2,-35,269,-204,-55,-202
7444,8,8,-55,17,-150,-176,42,-28,17,-145,103,-111
7445,7,7,-106,1,61,63,-119,-233,-381,201,-60,8
7446,0,0,187,-98,81,-194,37,-273,-118,11,-169,-112
7447,1,1,-110,287,-54,-280,95,-201,-167,-6,-69,-202
7448,5,5,-57,-89,-153,-33,-72,186,-49,-24,-189,55
7449,0,0,207,-32,29,-264,-19,-327,-118,-36,-97,-158
7450,8,8,-52,-55,-196,-170,-77,45,79,-138,149,-95
7451,5,5,-56,14,-80,-44,7,54,0,2,-55,-64
7452,0,0,183,-122,27,-161,17,-199,-16,-62,-111,-97
7453,1,1,-62,286,-70,-352,127,-168,-99,-48,-112,-246
7454,5,5,-72,-25,-103,-28,-58,137,-47,-4,-52,4
7455,8,8,1,-104,-134,-109,-133,-1,12,-106,172,-14
7456,4,4,-52,19,-163,-241,196,-157,-68,-50,-57,-74
7457,2,2,8,-38,221,27,-112,-286,-251,103,-50,-113
7458,3,3,-268,19,-79,278,-134,-64,-369,126,-123,-8
7459,9,9,-51,-75,-123,-162,-23,42,-42,4,2,59
7460,7,7,-113,65,92,-15,-102,-247,-416,281,-169,-55
7461,6,6,98,-69,-147,-246,-3,2,207,-163,-121,-185
7462,9,9,-79,-164,-108,-26,23,-15,-171,58,-74,165
7463,1,1,-105,325,-114,-338,99,-185,-136,-21,-111,-239
7464,9,9,-39,-150,-99,-93,4,-9,-104,22,-24,126
7465,0,0,134,10,-43,-277,96,-303,-55,-65,-103,-195
7466,6,6,113,-137,-158,-235,-1,-14,266,-269,-91,-191
7467,7,7,-128,-4,19,-4,-92,-187,-400,270,-123,22
7468,1,1,-141,331,-111,-326,123,-186,-150,-30,-71,-246
7469,2,2,8,-44,203,-49,-35,-155,-79,-19,-9,-151
7470,3,3,-173,-88,-73,256,-184,-30,-375,113,-81,33
7471,9,9,-56,-122,-36,-99,-14,-25,-130,50,7,90
7472,2,2,37,-74,140,-13,-25,-167,-140,39,-78,-75
7473,4,1,-26,112,-177,-267,106,-110,-45,-69,-62,-117
7474,5,5,-80,-84,-211,10,-61,176,32,-30,-83,-38
7475,5,5,-69,-136,-205,-78,-93,229,-17,-58,-104,59
7476,3,3,54,-94,36,62,-75,-93,-156,21,-113,-35
7477,7,7,-63,24,172,-5,-154,-245,-414,248,-174,-78
7478,5,5,-63,-69,-142,-41,-48,161,-58,-12,-158,57
7479,3,3,-111,-78,-116,148,-85,54,-198,28,-91,35
7480,1,1,-62,320,-93,-413,143,-172,-85,-75,-129,-291
7481,8,8,-44,3,-253,-192,-20,17,-13,-116,104,-27
7482,2,2,24,-49,241,5,-177,-298,-281,127,-72,-133
7483,2,2,-33,91,291,-44,-87,-291,-259,128,-140,-247
7484,3,3,-119,-5,-61,210,-164,-50,-290,55,-62,8
7485,0,0,215,-44,92,-227,-60,-311,-158,13,-125,-135
7486,2,2,-7,-41,166,12,-100,-239,-219,94,-14,-80
7487,9,9,-85,-145,-78,-85,67,-50,-156,33,-13,154
7488,4,4,-71,38,-114,-214,218,-158,-125,31,-86,-123
7489,9,9,-62,-81,-62,-105,16,-31,-129,65,-41,93
7490,7,7,-75,-10,74,41,-128,-250,-386,212,-69,1
7491,0,0,161,-75,38,-198,23,-207,-57,-77,-101,-80
7492,2,2,30,33,232,-66,-139,-215,-211,106,-126,-149
7493,7,7,-126,92,38,-10,-85,-221,-367,256,-132,-46
7494,4,4,-54,155,-178,-406,274,-198,-125,-31,-163,-168
7495,9,7,-64,37,-88,-192,12,-62,-157,60,-42,44
7496,9,9,-56,-15,-75,-160,60,-64,-160,68,-94,70
7497,2,2,-15,125,278,-157,-45,-301,-229,101,-137,-287
7498,5,5,-66,-73,-170,-4,-61,162,43,-82,-162,-32
7499,9,9,-91,-40,-77,-106,43,-91,-215,77,-2,130
7500,8,8,-46,-6,-221,-171,-22,-23,-46,-121,146,-15
7501,3,3,-178,-41,-59,236,-144,-33,-318,110,-122,-15
7502,8,8,-66,-13,-128,-185,-36,-39,-86,-88,175,3
7503,6,6,69,-36,-152,-243,-11,28,175,-144,-134,-161
7504,7,7,-102,-1,99,63,-158,-257,-412,230,-74,-14
7505,0,0,155,-30,-10,-282,144,-329,-84,-104,-130,-142
7506,0,0,245,-49,-45,-282,-92,-126,22,-94,-216,-188
7507,1,1,-46,278,-88,-320,117,-142,-72,-49,-182,-266
7508,2,2,-52,94,208,41,-132,-245,-177,3,-18,-194
7509,3,3,-137,-60,-29,241,-96,-68,-253,63,-69,-31
7510,4,4,-136,163,-99,-272,280,-140,-134,33,-146,-291
7511,5,5,-53,-54,-100,10,-44,117,-87,-8,-207,-7
7512,6,6,-13,-82,-236,-117,60,57,259,-216,-88,-246
7513,7,7,-98,67,-123,-209,79,-105,-201,214,-143,-89
7514,8,0,113,-215,-38,-44,-102,-85,-31,-60,70,1
7515,9,9,-70,-172,-106,4,68,-68,-156,35,-20,158
7516,0,0,247,-70,62,-253,-29,-297,-85,-58,-168,-153
7517,1,1,-54,311,-108,-373,99,-145,-73,-82,-115,-263
7518,2,2,-12,2,218,56,-172,-288,-194,-6,52,-163
7519,3,3,-31,-101,-26,141,-71,-45,-214,31,-47,1
7520,4,4,-122,71,-95,-207,285,-138,-151,30,-134,-173
7521,5,5,-11,-103,-125,-20,-75,131,65,-55,-75,-74
7522,6,6,62,-120,-177,-159,42,14,254,-245,-172,-222
7523,7,1,-47,147,-37,-210,20,-121,-162,98,-92,-144
7524,8,0,109,-152,-39,-129,-12,-119,23,-136,50,-55
7525,9,4,-83,35,-63,-154,126,-129,-230,63,-143,35
7526,0,0,204,-12,1,-299,-25,-256,-75,-59,-144,-149
7527,1,1,-27,274,-110,-328,97,-102,-30,-93,-140,-277
7528,2,2,-12,44,214,41,-150,-255,-187,7,-1,-169
7529,3,3,1,-103,-20,78,6,-61,-154,9,-81,-24
7530,4,4,-58,143,-96,-296,256,-189,-129,-4,-150,-198
7531,5,5,-24,-92,-138,42,-100,132,7,-16,-139,-71
7532,6,6,52,-88,-180,-169,62,-2,229,-214,-170,-203
7533,7,7,-67,93,-106,-216,82,-141,-192,174,-122,-109
7534,8,0,122,-115,-36,-119,-79,-110,15,-109,36,-71
7535,9,4,-65,-9,-62,-113,94,-145,-219,69,-66,46
7536,0,0,180,57,-47,-342,-43,-200,-114,-14,-183,-172
7537,0,0,240,-31,4,-280,-71,-228,-54,-76,-162,-159
7538,7,1,-42,123,-53,-190,13,-108,-157,117,-126,-96
7539,2,2,33,78,114,-71,-18,-221,-183,55,-92,-125
7540,6,6,72,-125,-128,-189,36,-25,262,-226,-110,-201
7541,5,5,-30,-60,-111,42,-74,96,6,-20,-92,-62
7542,5,5,-56,-82,-148,23,-89,148,37,-32,-58,-72
7543,3,3,-111,-33,13,235,-146,-106,-295,89,-84,-41
7544,7,7,-59,111,-33,-167,69,-210,-247,164,-113,-93
7545,8,8,69,-148,-4,-25,-30,-110,-52,-78,72,-9
7546,6,6,70,-64,-177,-233,52,-3,231,-227,-162,-189
7547,6,6,73,-43,-197,-257,64,-19,252,-241,-148,-241
7548,6,6,69,-87,-117,-241,53,-25,253,-221,-115,-225
7549,6,6,53,-65,-209,-209,44,25,243,-243,-130,-201
7550,4,4,-103,128,-115,-298,319,-172,-152,13,-143,-244
7551,3,3,-75,-22,-23,171,-83,-51,-209,42,-98,-74
7552,8,0,53,4,-113,-195,45,-83,-36,-101,-55,-43
7553,8,0,39,32,-135,-218,11,-81,-28,-141,9,-76
7554,3,3,-90,-59,-41,175,-84,-28,-243,49,-119,-20
7555,0,0,190,-52,3,-289,65,-182,-45,-85,-269,-116
7556,1,1,-41,290,-20,-339,82,-233,-159,0,-149,-224
7557,9,9,-8,-71,-94,-127,77,-112,-147,1,-91,79
7558,0,0,196,-30,33,-296,60,-188,-42,-96,-254,-156
7559,5,5,-71,-81,-176,-79,-102,244,-53,-27,-181,46
7560,4,4,-136,174,-107,-239,267,-174,-147,32,-142,-260
7561,1,1,-27,279,-111,-376,140,-150,-61,-82,-144,-281
7562,9,4,-44,-65,-83,-112,89,-100,-164,28,-73,84
7563,1,1,-99,344,-86,-373,126,-210,-133,-60,-89,-267
7564,2,2,-14,82,291,-55,-122,-282,-215,45,-56,-206
7565,7,4,-125,110,-199,-276,188,-106,-154,160,-141,-202
7566,0,0,219,-81,30,-237,33,-227,-84,-66,-231,-114
7567,1,1,-78,314,-71,-357,116,-223,-145,-20,-121,-250
7568,3,3,8,-87,19,126,-73,-77,-137,-28,-54,-39
7569,8,0,81,-151,-60,-73,-56,-105,-45,-72,52,12
7570,2,2,-55,113,253,-2,-129,-242,-201,26,-41,-215
7571,9,9,-36,-136,-100,-65,66,-50,-155,34,-106,105
7572,2,2,-25,53,233,19,-126,-211,-192,41,-69,-164
7573,7,1,-63,127,-70,-206,63,-145,-182,93,-92,-64
7574,4,4,-132,184,-119,-212,192,-128,-120,-19,-90,-197
7575,2,2,4,51,249,-6,-188,-285,-213,46,-43,-163
7576,6,6,75,-149,-235,-233,16,67,329,-292,-126,-195
7577,5,5,-31,-135,-160,-7,-62,156,67,-25,-114,-83
7578,5,5,-40,-78,-123,25,-76,129,-9,-23,-140,-45
7579,9,4,-23,-71,-114,-128,106,-110,-124,-46,-78,89
7580,9,4,30,-80,-72,-147,91,-98,-85,-15,-108,36
7581,1,1,-110,344,-108,-344,126,-199,-133,-56,-92,-251
7582,1,1,-103,330,-144,-357,119,-192,-138,-12,-126,-257
7583,5,5,-75,-80,-169,42,-75,148,-3,-42,-109,-8
7584,7,7,-60,122,-74,-218,54,-149,-220,175,-152,-90
7585,6,6,35,-98,-265,-203,59,59,307,-283,-135,-210
7586,8,8,-10,-146,-1,-1,-104,-58,-66,-30,147,8
7587,2,2,7,38,186,-12,-148,-278,-188,-7,33,-127
7588,9,4,-94,48,-82,-194,136,-99,-197,26,-106,62
7589,4,4,-123,118,-123,-332,363,-182,-205,9,-158,-174
7590,3,3,-53,-55,8,240,-170,-160,-277,31,-27,-23
7591,1,1,-33,313,-92,-399,134,-170,-112,-42,-172,-269
7592,9,9,-6,-94,-92,-111,53,-90,-147,26,-94,100
7593,0,0,165,32,25,-334,112,-357,-167,14,-214,-189
7594,9,9,-26,-44,-85,-91,52,-95,-156,26,-63,77
7595,3,3,-59,-37,41,130,-145,-108,-191,-2,39,-19
7596,6,6,71,-95,-169,-242,56,-19,282,-244,-124,-214
7597,8,8,-11,-32,-43,-63,-23,-59,-102,-35,102,-57
7598,7,7,-106,22,-76,-111,34,-131,-255,241,-119,-6
7599,0,0,172,85,-33,-349,19,-204,-91,-37,-233,-204
7600,1,1,-101,351,-115,-353,124,-205,-139,-27,-141,-274
7601,0,0,221,-57,58,-273,-26,-261,-102,-21,-207,-125
7602,5,5,-32,-124,-128,-42,-69,167,-16,8,-180,5
7603,8,0,65,-124,-58,-130,-14,-64,-17,-86,31,-27
7604,2,2,-58,43,251,115,-266,-306,-275,54,-5,-162
7605,7,7,-68,101,-69,-193,53,-123,-183,139,-125,-65
7606,7,1,-78,130,-52,-173,9,-85,-152,73,-60,-49
7607,0,0,197,-120,-84,-150,-145,-53,-14,-11,-125,-78
7608,1,1,-74,236,-124,-266,128,-60,-73,-119,-60,-133
7609,2,2,17,5,238,-80,-106,-228,-326,178,-171,-148
7610,3,3,-195,40,-11,212,-68,-56,-208,92,-48,-105
7611,4,4,-88,63,-133,-291,269,-71,-98,-11,-185,-137
7612,5,5,-140,-34,-172,-5,-38,163,-68,58,-134,-22
7613,6,6,90,-213,-199,-138,-102,-17,276,-219,38,-118
7614,7,7,-141,-16,-58,-53,-23,-133,-299,242,-77,64
7615,8,8,-26,-142,-73,32,-94,-110,-112,-67,236,18
7616,9,9,-108,-25,-60,-104,95,-96,-256,64,-85,127
7617,0,0,200,-125,-90,-103,-158,-46,-24,-7,-142,-33
7618,1,1,-86,253,-146,-290,135,-82,-90,-85,-81,-140
7619,2,2,51,-30,175,-64,-179,-79,-202,88,-114,-99
7620,3,3,-217,-8,-86,251,-105,-13,-204,30,32,-30
7621,4,4,-109,-46,-132,-243,290,-90,-131,3,-167,-5
7622,5,5,-133,-52,-260,-27,-46,194,-58,52,-196,6
7623,8,8,-43,-41,-10,-53,0,-105,-79,-102,178,-61
7624,9,9,-124,-112,-75,-24,43,-54,-268,43,-42,195
7625,0,0,198,-140,-113,-101,-134,-34,-31,-15,-149,-25
7626,1,1,-68,245,-117,-294,94,-87,-95,-59,-100,-137
7627,2,2,75,-33,183,-30,-70,-115,-163,26,-205,-136
7628,3,3,-189,-19,-73,254,-109,-19,-198,33,3,-18
7629,4,4,-58,2,-112,-269,263,-84,-93,3,-204,-107
7630,5,5,-68,-96,-230,-45,-121,213,-38,30,-111,-9
7631,6,6,53,-143,-201,-155,5,46,205,-194,-64,-83
7632,7,7,-170,19,13,-33,-75,-172,-384,305,-159,8
7633,8,8,-58,-55,-54,-90,-45,-72,-70,-135,205,-1
7634,9,7,-89,-33,-84,-115,79,-67,-191,97,-19,79
7635,2,2,52,-6,245,-98,36,-256,-241,69,-196,-168
7636,1,1,-120,211,-133,-280,103,-81,-143,-16,-103,-41
7637,2,2,127,-81,237,-65,-155,-204,-185,29,-102,-127
7638,1,1,-99,243,-154,-299,159,-64,-96,-104,-90,-118
7639,3,3,-273,27,-155,328,-158,60,-232,44,-64,-51
7640,9,9,-97,-27,-121,-150,65,-67,-236,63,-31,137
7641,9,9,-88,-78,-58,-76,15,-53,-173,20,35,142
7642,8,8,-23,-38,-151,-155,-64,-18,17,-168,159,-39
7643,5,5,-124,-9,-189,-2,-49,168,-82,57,-179,-4
7644,3,3,-296,7,-147,313,-164,74,-271,84,-126,-33
7645,7,7,-38,-69,-11,-61,-44,-101,-197,204,-97,14
7646,0,0,218,-41,-13,-270,-80,-175,-65,-27,-178,-149
7647,7,7,-99,-1,5,-37,-105,-199,-364,280,-82,0
7648,7,7,-85,-18,22,-24,-124,-192,-357,253,-66,8
7649,5,5,-44,-141,-222,-88,-109,211,12,-9,-114,17
7650,7,7,-161,92,23,-53,-47,-209,-371,279,-148,-28
7651,9,9,-78,-15,-112,-125,84,-130,-206,19,18,102
7652,9,9,-73,-101,-135,-117,56,-88,-167,54,-28,159
7653,4,4,-62,1,-102,-296,290,-121,-109,-53,-168,-37
7654,7,7,-162,43,19,-13,-77,-183,-401,273,-135,8
7655,0,0,230,-73,-109,-205,-165,-65,8,-64,-131,-149
7656,3,3,-239,83,-40,229,-89,-31,-196,60,-29,-142
7657,4,4,-95,61,-139,-298,242,-51,-116,-8,-204,-66
7658,1,1,-69,222,-103,-254,86,-99,-102,-36,-77,-123
7659,5,5,-65,-132,-200,-19,-157,246,-5,-45,-86,9
7660,8,8,-67,-41,-144,-135,-4,-38,-58,-155,195,-12
7661,1,1,-39,241,-155,-316,88,-58,-42,-81,-112,-187
7662,4,4,-129,108,-159,-230,260,-88,-112,7,-138,-183
7663,8,8,-65,-31,-88,-100,-5,-92,-83,-107,215,-29
7664,4,4,-149,-34,-123,-188,293,-109,-140,-30,-120,-1
7665,1,1,-47,280,-99,-359,106,-131,-131,-28,-151,-180
7666,8,8,-47,-95,-86,-16,-63,-105,-43,-118,253,-69
7667,6,6,21,-164,-268,-137,-35,28,225,-130,0,-96
7668,6,6,75,-41,-52,-238,10,-40,198,-194,-52,-208
7669,4,4,-136,53,-124,-234,272,-72,-131,10,-160,-99
7670,6,6,55,-76,-183,-197,33,7,241,-242,-75,-159
7671,0,0,157,-124,-170,-91,-155,30,26,-8,-98,-58
7672,5,5,-95,-70,-240,73,-150,193,-42,-17,-69,-6
7673,5,5,-90,-102,-199,-74,-105,218,-38,-23,-76,43
7674,3,3,-285,3,-72,282,-102,-17,-276,87,-75,-24
7675,3,3,-204,-28,-88,207,-70,-32,-249,55,-53,40
7676,5,5,-76,-91,-194,-48,-101,203,-27,-8,-105,20
7677,7,7,-153,21,52,-3,-112,-193,-431,297,-163,-5
7678,2,2,69,-19,204,-110,-5,-265,-215,76,-123,-133
7679,5,7,-98,-23,-184,-68,-41,96,-80,132,-193,3
7680,9,9,-88,-38,-113,-153,90,-87,-216,87,-41,113
7681,6,6,70,-136,-170,-184,-22,-3,291,-266,-14,-180
7682,9,9,-51,-89,-139,-109,40,-59,-142,21,10,129
7683,2,2,22,-57,200,-55,-37,-239,-332,157,-142,-39
7684,6,6,36,-137,-163,-141,-20,19,266,-201,-30,-147
7685,2,2,61,-10,200,-117,-9,-248,-273,126,-164,-113
7686,1,1,-87,249,-131,-329,135,-90,-116,-51,-130,-125
7687,2,2,66,-59,239,-89,-143,-239,-314,154,-127,-105
7688,0,0,206,-172,-108,-150,-208,-10,-33,54,-116,-71
7689,8,8,27,-69,3,-38,-147,-51,-51,-17,90,-11
7690,3,3,-200,15,-13,210,-113,-66,-237,66,-22,-20
7691,8,8,-48,-59,-63,2,17,-74,-13,-93,160,-64
7692,3,3,-195,2,-101,227,-112,24,-175,50,-76,-39
7693,0,0,216,-188,-128,-128,-189,-22,-20,30,-129,-32
7694,8,8,-46,-139,-42,-16,-180,53,-16,-56,167,-4
7695,7,7,-159,26,21,-21,-95,-132,-324,262,-173,-2
7696,4,4,-140,1,-131,-244,276,-39,-117,9,-152,-45
7697,9,4,-91,12,-102,-208,126,-98,-185,59,-95,84
7698,5,7,-80,-27,-169,-48,-76,113,-104,115,-192,17
7699,0,0,231,-175,-56,-96,-161,-92,-38,-32,-113,-22
7700,9,9,-98,-77,-66,-57,16,-38,-225,80,-42,136
7701,7,7,-103,-24,35,-8,-134,-107,-350,242,-172,4
7702,0,0,197,-131,-125,-115,-148,-13,22,-49,-120,-68
7703,0,0,184,-81,-48,-196,-143,-121,-98,73,-156,-101
7704,4,4,-114,81,-104,-220,247,-89,-141,30,-160,-150
7705,6,6,46,-222,-251,-122,-78,41,279,-163,15,-128
7706,0,0,169,-52,-127,-206,-188,-33,-48,27,-110,-118
7707,9,7,-75,-30,-74,-113,53,-132,-226,119,-32,80
7708,1,1,-85,295,-123,-335,123,-163,-135,0,-147,-231
7709,6,6,-2,-213,-298,-101,-51,77,263,-112,5,-131
7710,2,2,56,-3,272,-86,-68,-251,-268,105,-178,-157
7711,7,7,-73,-16,-36,-27,-81,-29,-141,195,-149,-35
7712,6,6,-1,-223,-240,-125,-68,46,262,-136,60,-112
7713,8,8,5,-162,-167,-95,-144,114,75,-69,130,-53
7714,3,3,-261,31,-33,241,-109,-28,-271,91,-24,-53
7715,5,5,-71,-84,-158,-56,-115,210,-77,-7,-166,51
7716,2,2,66,-26,203,-84,-17,-210,-202,47,-123,-108
7717,1,1,-63,254,-151,-288,113,-67,-61,-83,-97,-182
7718,8,8,33,-156,-135,-89,-132,66,70,-90,118,-29
7719,3,3,-237,17,-94,272,-148,7,-260,63,-64,-11
7720,8,8,-3,-146,-118,-28,-100,47,59,-127,141,-11
7721,6,6,45,-145,-179,-132,-35,31,246,-178,-6,-149
7722,1,1,-37,297,-119,-349,93,-129,-98,-44,-141,-231
7723,0,0,215,-157,-108,-101,-130,-49,23,-69,-107,-40
7724,2,2,89,-103,140,-89,18,-218,-231,67,-128,-13
7725,1,1,-40,258,-90,-323,83,-108,-107,-30,-122,-170
7726,4,4,-83,92,-157,-288,259,-94,-120,17,-194,-171
7727,0,0,253,-103,-47,-253,-109,-127,43,-109,-161,-154
7728,1,1,-4,284,-75,-362,101,-180,-121,-27,-196,-262
7729,2,2,32,-45,186,-2,-63,-227,-179,-38,-14,-74
7730,3,3,40,-31,20,55,-35,-82,-161,9,-160,-81
7731,4,4,-142,134,-138,-292,335,-156,-172,26,-169,-238
7732,5,5,-60,-163,-278,-66,-146,276,74,-126,48,-41
7733,6,6,34,-116,-288,-124,49,52,242,-239,-108,-128
7734,7,7,-59,79,-72,-188,50,-158,-214,192,-99,-92
7735,8,8,45,-25,-105,-162,31,-87,4,-159,48,-97
7736,9,1,-39,109,-44,-244,102,-114,-165,42,-106,-54
7737,0,0,172,-149,-77,-155,-12,-110,-19,-55,-133,-46
7738,1,1,-8,287,-69,-384,122,-210,-122,-29,-192,-274
7739,2,2,-98,37,164,112,-109,-216,-349,127,-117,-84
7740,3,3,-121,-61,-21,262,-134,-126,-323,98,-76,-19
7741,4,4,-106,16,-106,-270,352,-194,-184,35,-129,-150
7742,5,5,-62,-160,-255,-88,-120,279,81,-151,-48,2
7743,6,6,34,-94,-234,-182,74,49,229,-233,-150,-142
7744,7,7,-84,29,73,-38,-56,-226,-351,248,-125,-22
7745,8,8,-21,-143,-82,9,-76,-101,-40,-113,241,-35
7746,9,7,-20,-78,-89,-94,22,-152,-199,101,20,60
7747,0,0,166,-144,-32,-200,35,-94,28,-85,-171,-50
7748,1,1,-24,302,-57,-368,97,-212,-138,-32,-162,-245
7749,2,2,-86,-62,220,116,-137,-224,-274,30,24,-63
7750,3,3,-103,-44,5,233,-165,-85,-302,106,-134,-61
7751,4,4,-95,26,-124,-242,308,-199,-128,22,-75,-236
7752,5,5,-62,-156,-239,-65,-83,247,57,-73,-44,-13
7753,6,6,43,-208,-250,-119,13,59,320,-266,-78,-155
7754,7,7,-26,53,-9,-153,19,-220,-276,223,-129,-69
7755,8,8,24,-79,-78,-99,-69,-130,-4,-129,175,-95
7756,9,9,-53,-62,-98,-107,59,-127,-212,33,9,107
7757,7,7,-68,135,-61,-226,68,-153,-215,155,-133,-86
7758,6,6,47,-204,-248,-139,-16,77,328,-253,-96,-148
7759,4,4,-89,81,-112,-315,354,-158,-124,-2,-193,-239
7760,7,7,-95,83,-145,-242,69,-115,-209,221,-143,-107
7761,6,6,55,-178,-211,-172,2,33,356,-295,-60,-222
7762,2,2,-22,-38,203,34,-59,-194,-202,28,-54,-105
7763,3,3,-10,-112,64,132,-59,-147,-278,80,-166,-43
7764,4,4,-68,60,-99,-283,303,-180,-150,39,-161,-198
7765,8,8,7,-69,-97,-112,-21,-156,-49,-133,171,-39
7766,7,7,-95,-18,-166,-194,43,-112,-168,213,-109,8
7767,8,8,-10,-115,-7,-20,-87,-126,-33,-94,216,-94
7768,6,6,-2,-71,-239,-152,80,44,271,-262,-105,-234
7769,9,9,-41,-129,-90,-48,35,-150,-238,67,36,136
7770,8,8,-2,-34,-68,-152,-43,-111,-22,-159,176,-82
7771,3,3,-78,-16,49,189,-106,-163,-294,102,-141,-83
7772,2,2,-51,-19,195,95,-71,-215,-212,25,-23,-140
7773,2,2,-79,114,273,15,-123,-283,-288,108,-78,-209
7774,8,8,-73,-36,-151,-77,68,-124,-74,-24,169,-106
7775,4,4,-76,18,-104,-318,365,-173,-161,23,-178,-178
7776,8,8,0,-106,-27,-40,-75,-135,-37,-97,212,-87
7777,5,5,-15,-105,-146,-84,-126,201,57,-78,-65,-51
7778,6,6,38,-168,-224,-136,29,51,312,-269,-84,-200
7779,5,5,-21,-64,-100,-32,-54,141,24,-64,-113,-60
7780,0,0,156,-155,-79,-160,42,-89,22,-95,-136,-52
7781,2,2,-50,-43,150,72,-20,-161,-235,40,-98,-48
7782,0,0,182,-184,-56,-139,-1,-70,37,-93,-148,-48
7783,1,1,-13,266,-64,-390,124,-176,-112,-64,-150,-222
7784,1,1,-34,314,-50,-355,87,-224,-159,5,-183,-258
7785,2,2,-55,31,242,74,-159,-205,-281,68,-106,-133
7786,9,9,-82,-117,-88,-17,21,-52,-198,73,-13,140
7787,6,6,63,-171,-190,-163,19,21,311,-275,-75,-166
7788,8,8,42,-43,0,-63,-48,-149,-74,-55,100,-81
7789,2,2,-93,32,225,89,-176,-216,-333,102,-49,-102
7790,1,1,-4,269,-77,-401,130,-162,-88,-76,-165,-247
7791,0,0,171,-136,-15,-182,46,-101,17,-100,-168,-49
7792,6,6,75,-212,-233,-148,-35,31,339,-279,-41,-142
7793,5,5,-119,-121,-229,-64,-167,313,15,-104,22,-25
7794,2,2,31,44,271,-55,-32,-298,-187,48,-150,-248
7795,9,7,-19,-76,-101,-136,37,-100,-184,116,-115,62
7796,7,7,-59,66,-71,-194,46,-185,-224,207,-89,-87
7797,5,5,-46,-145,-157,-98,-41,182,126,-173,-69,-14
7798,3,3,-61,-79,-18,181,-99,-66,-260,78,-125,-37
7799,9,4,-49,-39,-82,-126,91,-166,-226,87,-23,48
7800,3,3,32,-82,121,132,-88,-162,-181,21,-165,-127
7801,7,7,-83,22,-59,-158,8,-125,-242,238,-154,-7
7802,1,1,15,259,-40,-362,113,-196,-112,-51,-186,-243
7803,8,8,31,-128,39,48,-123,-145,-65,-104,177,-81
7804,3,3,-24,-41,30,196,-154,-93,-227,40,-104,-84
7805,8,8,-31,-113,-160,-40,-77,-53,45,-111,218,-113
7806,1,1,-1,282,-54,-378,120,-201,-119,-57,-176,-247
7807,9,9,-50,-154,-94,-18,22,-135,-250,106,24,128
7808,5,5,-79,-128,-191,13,-93,218,24,-62,-79,-24
7809,5,5,-40,-116,-164,-7,-103,195,29,-71,-135,-41
7810,0,0,221,-233,-73,-148,-59,-41,103,-175,-94,-44
7811,1,1,-20,290,-90,-367,109,-197,-130,-13,-184,-264
7812,1,1,15,216,-64,-392,143,-172,-106,-60,-179,-206
7813,9,7,-22,-102,-43,-59,9,-171,-226,91,42,70
7814,8,8,-29,-165,9,80,-122,-99,-85,-54,211,-24
7815,2,2,-30,-38,207,90,-118,-188,-249,22,-29,-102
7816,6,6,24,-167,-226,-143,20,50,335,-286,-69,-206
7817,0,0,184,-138,-66,-194,-27,-38,72,-98,-134,-102
7818,4,4,-134,58,-197,-305,336,-98,-98,52,-143,-297
7819,5,5,-55,-150,-262,-15,-85,236,55,-44,-81,-43
7820,0,0,159,-116,-7,-211,64,-99,3,-88,-186,-55
7821,3,2,50,-129,123,102,-83,-132,-162,2,-156,-78
7822,1,1,20,216,-136,-354,118,-137,-41,-96,-165,-234
7823,8,2,-45,-5,116,55,-148,-173,-69,-5,108,-175
7824,6,6,43,-164,-250,-101,-56,90,250,-220,-77,-89
7825,7,7,-102,50,20,-44,-1,-238,-316,242,-115,-42
7826,5,5,-96,-67,-199,64,-86,168,28,-17,-83,-100
7827,9,9,-116,-138,-94,-19,78,-102,-257,116,-21,156
7828,9,7,-23,-57,-94,-163,78,-142,-193,84,-77,58
7829,3,3,-87,-47,0,239,-151,-114,-299,82,-87,-42
7830,0,0,154,-193,-143,-117,-4,-8,13,-74,-166,37
7831,3,3,23,-80,112,149,-144,-161,-282,78,-152,-89
7832,1,1,-56,328,-100,-366,117,-201,-129,-33,-160,-270
7833,4,4,-171,138,-176,-327,381,-137,-166,29,-213,-249
7834,4,4,-125,109,-143,-295,319,-150,-166,45,-142,-197
7835,0,0,169,-128,-44,-154,11,-70,37,-100,-143,-92
7836,4,4,-98,48,-107,-284,338,-122,-102,37,-152,-294
7837,9,4,-74,-12,-64,-114,78,-142,-237,67,5,74
7838,0,0,157,-161,-107,-126,-37,-129,-28,-45,-66,-22
7839,1,1,34,211,-85,-384,150,-155,-44,-117,-182,-231
7840,2,2,37,7,158,-57,43,-147,-91,-53,-156,-152
7841,3,4,-3,-60,-27,11,60,-69,-160,-4,-95,-12
7842,5,5,-9,-150,-253,-12,-19,136,99,-53,-48,-64
7843,6,6,110,-144,-186,-178,0,-21,243,-194,-110,-170
7844,7,7,-79,24,-146,-238,35,-132,-221,268,-122,-71
7845,8,4,35,-31,-82,-209,118,-166,-69,-111,47,-110
7846,0,0,227,-134,11,-204,-42,-248,-46,-75,-72,-104
7847,1,1,4,220,-50,-313,112,-196,-110,-66,-144,-199
7848,2,2,50,-8,133,-89,78,-155,-118,-44,-128,-88
7849,3,2,44,-74,82,35,-23,-89,-96,-19,-118,-71
7850,5,6,-18,-114,-173,-16,-18,111,115,-50,-77,-117
7851,6,6,39,-131,-256,-153,-2,77,177,-183,-78,-59
7852,7,7,-42,22,-55,-157,21,-157,-215,237,-100,-105
7853,8,0,63,15,-109,-229,45,-140,-16,-125,40,-140
7854,9,9,-12,-101,-149,-153,77,-72,-108,4,-111,91
7855,0,0,154,-113,-86,-162,-48,-158,-101,33,-71,-67
7856,1,1,2,224,-65,-326,106,-188,-91,-79,-131,-203
7857,2,2,21,-80,108,-14,54,-139,-51,-74,-48,-92
7858,3,2,6,-74,92,77,-12,-122,-133,-19,-92,-40
7859,5,5,-77,-71,-198,15,-49,149,47,-12,-67,-94
7860,6,6,65,-121,-230,-161,1,51,207,-218,-84,-114
7861,7,7,-29,58,-27,-155,42,-200,-217,193,-83,-130
7862,8,4,15,-108,-146,-173,115,-131,-46,-179,97,24
7863,9,9,13,-61,-152,-166,-4,-58,-95,12,-45,38
7864,9,9,-63,-141,-112,-74,30,-77,-179,93,-82,148
7865,7,7,-79,75,-122,-222,58,-140,-212,206,-91,-99
7866,0,0,181,-186,6,-171,79,-218,-63,-85,-161,-13
7867,9,9,-16,-159,-95,-84,72,-116,-149,26,-11,111
7868,0,0,188,-113,-49,-185,-44,-158,-73,-30,-85,-83
7869,1,1,-62,309,-102,-359,132,-198,-126,-55,-121,-257
7870,5,5,-30,-72,-93,-4,-79,126,-15,6,-77,-60
7871,8,8,20,-135,-37,-3,-52,-143,-47,-100,201,-73
7872,8,8,48,-122,-70,-183,-27,-105,18,-176,133,-36
7873,0,0,184,-166,-50,-180,36,-182,-43,-81,-148,-27
7874,9,9,46,-222,-214,-80,-68,-20,-21,-3,6,88
7875,3,3,26,-122,25,98,-25,-53,-89,-28,-124,-71
7876,2,2,55,21,192,-108,-3,-127,-68,-55,-90,-160
7877,7,7,-55,152,-42,-201,53,-218,-230,175,-120,-160
7878,8,8,29,-212,-46,16,-95,-119,-54,-96,227,-2
7879,4,4,-147,159,-132,-317,365,-189,-164,57,-169,-369
7880,6,6,9,-59,-228,-180,107,33,234,-221,-182,-216
7881,1,1,-86,342,-132,-372,127,-194,-124,-45,-133,-270
7882,0,0,198,-10,-17,-287,28,-255,-78,-41,-191,-165
7883,4,4,-95,143,-112,-314,323,-159,-111,28,-187,-345
7884,9,9,-57,-186,-138,-71,92,-99,-178,32,-19,176
7885,4,4,-36,-12,-121,-220,279,-144,-64,-39,-118,-195
7886,2,2,-37,-26,171,-54,111,-117,-90,-46,-105,-164
7887,0,0,178,-195,-30,-130,34,-130,-2,-102,-126,-5
7888,5,5,-49,-44,-104,11,-31,88,16,-6,-69,-81
7889,0,0,155,-142,-60,-143,-2,-70,24,-58,-142,-74
7890,1,1,-69,319,-119,-376,110,-199,-128,-50,-107,-242
7891,6,6,116,-269,-155,-141,9,-25,282,-265,-41,-91
7892,9,4,-32,-7,-116,-188,109,-127,-185,29,-96,45
7893,3,3,8,-89,-9,55,48,-74,-144,-34,-86,-59
7894,2,2,46,-22,203,-42,-16,-193,-116,-20,-93,-130
7895,9,9,17,-140,-118,-143,80,-106,-103,-21,-71,100
7896,1,1,-17,277,-91,-366,113,-199,-113,-35,-167,-258
7897,6,6,78,-128,-241,-145,-8,33,249,-240,-62,-155
7898,0,0,183,-224,-12,-128,48,-134,10,-137,-118,0
7899,1,1,19,199,-101,-351,94,-170,-77,-66,-127,-208
7900,1,1,-9,261,-94,-353,114,-185,-74,-87,-129,-256
7901,8,8,-21,-19,-138,-202,64,-136,-63,-108,138,-68
7902,7,7,-26,39,-52,-146,57,-208,-209,135,-33,-92
7903,7,7,-24,59,20,-130,20,-256,-253,207,-81,-135
7904,6,6,33,-195,-269,-80,36,66,250,-216,-88,-97
7905,3,3,9,-138,-36,69,25,-32,-95,-52,-79,40
7906,6,6,57,-157,-219,-164,70,23,249,-243,-131,-106
7907,0,0,146,-133,-32,-181,27,-113,-16,-54,-192,-47
7908,7,7,-60,70,-80,-215,64,-193,-197,178,-53,-123
7909,2,2,65,-7,138,-141,83,-137,-69,-97,-73,-110
7910,4,4,-72,78,-163,-298,330,-155,-117,41,-190,-296
7911,1,1,-28,279,-66,-370,140,-210,-105,-57,-152,-279
7912,7,7,-55,130,-65,-195,47,-171,-185,141,-79,-151
7913,0,0,192,-72,-48,-240,-19,-224,-46,-73,-102,-100
7914,6,6,57,-186,-264,-119,-8,64,260,-235,-58,-106
7915,7,7,-57,49,-107,-168,85,-155,-185,125,-36,-86
7916,1,1,-15,262,-84,-347,110,-182,-90,-75,-135,-231
7917,2,2,68,-115,127,-45,87,-136,-42,-105,-125,-94
7918,5,5,-87,-45,-207,17,-43,143,37,-12,-63,-108
7919,8,8,9,-35,-39,-61,13,-175,-84,-75,145,-93
7920,1,1,-21,273,-62,-364,120,-208,-117,-67,-128,-237
7921,8,6,23,-59,-152,-118,31,-21,55,-153,8,-33
7922,2,2,94,-70,140,-115,57,-111,-13,-122,-86,-98
7923,8,8,18,-66,-109,-114,45,-107,11,-149,114,-81
7924,7,7,-41,64,-84,-176,56,-165,-177,183,-87,-157
7925,6,6,67,-180,-254,-108,42,49,216,-217,-117,-78
7926,8,8,22,-103,-68,-81,-50,-135,-36,-122,199,-53
7927,7,1,-22,127,-25,-184,43,-198,-208,74,-81,-80
7928,1,1,9,204,-84,-315,122,-199,-74,-85,-133,-216
7929,6,6,122,-122,-147,-211,29,-42,237,-256,-99,-166
7930,2,2,0,45,200,-42,-34,-131,-106,-31,-68,-155
7931,9,9,-30,-115,-69,-23,21,-109,-195,70,-31,88
7932,3,3,-226,17,-44,263,-38,-62,-254,80,-142,-85
7933,0,0,224,-182,92,-115,-40,-262,-115,-52,-120,-8
7934,1,1,-21,261,-169,-341,56,-83,-53,-92,-112,-219
7935,2,2,25,63,330,-56,-102,-302,-229,64,-149,-266
7936,3,3,-202,-4,-43,222,-97,-106,-331,103,-74,22
7937,4,4,-109,85,-136,-288,342,-123,-120,17,-182,-250
7938,5,5,-81,-153,-214,-84,-118,271,46,-113,-57,25
7939,6,6,55,-160,-221,-169,-18,66,287,-257,-70,-119
7940,7,7,-85,-18,41,-26,-44,-163,-311,244,-144,-13
7941,8,8,44,-138,4,-65,-72,-215,-85,-103,190,-27
7942,9,9,-76,-57,-80,-94,50,-85,-184,59,-19,120
7943,0,0,163,-121,-42,-124,-85,-48,-72,3,-223,48
7944,1,1,-11,287,-81,-421,128,-177,-75,-87,-152,-272
7945,2,2,46,-59,187,-54,54,-190,-126,20,-219,-175
7946,3,3,-228,37,40,259,-121,-147,-349,125,-84,-48
7947,4,4,-77,63,-136,-302,298,-102,-88,14,-180,-227
7948,5,5,-113,-96,-183,-79,-131,270,-9,-103,16,14
7949,6,6,47,-139,-251,-152,31,60,275,-239,-107,-145
7950,7,7,-72,-12,90,-48,-83,-184,-301,258,-131,-55
7951,8,8,14,-51,-22,-55,-79,-139,-101,-28,137,-38
7952,9,9,-156,37,-85,-170,108,-69,-243,55,-68,136
7953,0,0,224,-178,-15,-109,-115,-156,-25,-54,-89,-31
7954,1,1,-18,288,-84,-392,104,-184,-98,-54,-145,-263
7955,2,2,14,38,218,-108,51,-247,-183,83,-164,-244
7956,3,3,-244,44,17,274,-105,-165,-392,191,-196,-91
7957,4,4,-114,110,-149,-285,307,-133,-142,21,-117,-227
7958,5,5,-70,-159,-227,9,-81,232,-1,-63,-53,28
7959,6,6,99,-210,-271,-120,-49,48,276,-224,-66,-88
7960,7,7,-53,10,70,-51,-91,-284,-365,275,-80,-50
7961,8,8,-6,-29,-91,-119,4,-155,-77,-77,151,-53
7962,9,9,-130,-47,-94,-97,80,-106,-266,114,-8,136
7963,8,8,-30,-169,-71,-17,-39,-89,-91,-77,234,58
7964,9,9,-171,11,-113,-133,98,-72,-258,66,3,136
7965,5,5,-41,-195,-223,-86,-146,269,4,-73,-95,68
7966,7,7,-141,62,104,11,-120,-251,-455,308,-179,-65
7967,0,0,228,-134,-29,-178,-117,-105,14,-66,-120,-98
7968,3,3,-262,22,0,301,-159,-143,-442,184,-156,-55
7969,1,1,-51,305,-127,-368,114,-133,-82,-52,-171,-270
7970,6,6,11,-105,-251,-170,58,56,283,-275,-69,-199
7971,8,8,43,-46,-42,-158,-39,-223,-127,-10,102,-56
7972,4,4,-130,103,-176,-272,307,-99,-116,28,-139,-247
7973,1,1,-39,315,-47,-365,111,-245,-169,8,-190,-251
7974,5,5,-107,-136,-277,-4,-66,251,-10,-11,-76,2
7975,6,6,69,-165,-171,-209,-7,26,291,-241,-55,-171
7976,4,4,-63,12,-141,-235,287,-121,-95,2,-162,-186
7977,2,2,16,32,296,-28,-134,-262,-194,40,-105,-208
7978,7,7,-26,-6,144,-40,-113,-272,-360,263,-129,-95
7979,8,8,18,-146,-3,-12,-97,-160,-95,0,191,-43
7980,1,1,-6,290,-80,-393,123,-149,-94,-70,-180,-249
7981,3,3,-189,5,6,261,-127,-119,-341,131,-137,-64
7982,4,4,-115,151,-140,-287,274,-160,-168,32,-139,-182
7983,3,3,-238,10,-183,266,-56,42,-197,0,-63,-31
7984,4,4,-76,138,-172,-352,318,-168,-134,-6,-165,-219
7985,7,7,-14,4,74,-58,-51,-282,-303,198,-36,-51
7986,2,2,62,-68,221,-32,-96,-241,-152,57,-123,-172
7987,0,0,220,-209,5,-177,-32,-150,0,-120,-106,-23
7988,5,5,-38,-186,-184,-57,-51,196,47,-46,-100,10
7989,0,0,160,-156,34,-169,54,-191,-75,-49,-218,-10
7990,1,1,-4,231,-155,-377,76,-109,-24,-113,-100,-245
7991,9,7,-26,-80,-60,-88,-18,-121,-139,64,60,33
7992,2,2,-32,83,259,-4,-80,-241,-199,70,-137,-236
7993,3,3,-211,0,-91,304,-155,-23,-319,71,-124,-12
7994,2,2,9,17,250,-20,-33,-228,-169,54,-139,-209
7995,3,3,-290,51,-45,296,-110,-111,-379,137,-136,-37
7996,5,5,-34,-99,-249,-41,-22,154,74,-52,-58,-45
7997,5,5,-94,-90,-273,3,-72,237,-23,-25,-53,-5
7998,7,7,-18,-52,27,-84,-77,-147,-201,181,5,-56
7999,8,8,61,-187,-36,-137,-132,-113,-26,0,178,-69
8000,4,4,-2,93,-111,-303,285,-167,-113,2,-184,-262
8001,9,9,-107,-104,-80,-14,55,-83,-249,70,-30,147
8002,9,9,-95,-14,-81,-120,87,-72,-209,51,-93,108
8003,7,7,-57,37,63,-45,-129,-222,-301,168,-11,-32
8004,1,1,5,260,-80,-424,131,-153,-39,-103,-145,-287
8005,1,1,-71,316,-101,-339,113,-190,-143,5,-174,-257
8006,9,9,-107,-118,-96,-40,85,-68,-245,61,-66,170
8007,0,0,233,-156,14,-218,-33,-214,26,-135,-97,-74
8008,7,7,-54,-21,118,3,-146,-260,-349,232,-51,-51
8009,8,8,-39,-144,68,50,-140,-172,-182,27,199,12
8010,3,3,-82,-52,10,277,-190,-116,-282,69,-61,-62
8011,4,4,-64,98,-127,-318,303,-136,-83,-31,-132,-240
8012,8,4,-38,36,-147,-150,126,-168,-100,-60,73,-138
8013,6,6,116,-194,-198,-161,-35,-7,280,-223,-52,-127
8014,3,3,-161,-14,18,218,-140,-80,-340,116,-188,-26
8015,8,8,-26,-174,-36,-37,-123,-107,-63,45,215,-31
8016,0,0,186,-195,74,-92,55,-200,-82,-86,-163,4
8017,9,9,-80,-95,-107,-36,41,-98,-218,90,-31,119
8018,6,6,51,-94,-212,-208,9,28,278,-214,-120,-207
8019,2,2,56,4,245,-90,-86,-255,-196,83,-121,-212
8020,1,1,-17,248,-115,-311,90,-94,-79,-81,-98,-201
8021,0,0,176,-201,-24,-118,8,-115,9,-104,-138,16
8022,1,1,-4,271,-104,-380,123,-166,-68,-88,-143,-273
8023,0,0,181,-103,-23,-182,-4,-219,-57,-37,-102,-97
8024,6,6,24,-120,-240,-198,33,57,290,-235,-118,-170
8025,2,2,72,-16,263,-112,23,-233,-112,-7,-190,-245
8026,3,3,-194,-5,-40,307,-130,-139,-350,104,-80,-34
8027,8,8,1,-152,4,-38,-114,-119,-21,-85,242,-69
8028,9,9,-108,-14,-59,-122,83,-96,-232,63,-27,119
8029,0,0,226,-175,25,-202,22,-201,27,-170,-122,-62
8030,7,7,1,-13,114,-85,-67,-182,-218,182,-103,-95
8031,2,2,-26,108,233,-40,-77,-180,-181,54,-134,-217
8032,3,3,-213,18,-64,290,-120,-89,-325,87,-86,-20
8033,4,4,-141,121,-111,-296,331,-152,-173,55,-193,-226
8034,5,5,-90,-150,-239,-46,-66,244,13,-65,-32,21
8035,5,5,-85,-142,-254,-66,-63,252,25,-87,-1,16
8036,2,2,5,25,231,-52,13,-197,-119,34,-151,-250
8037,8,8,24,-196,27,31,-167,-161,-62,-38,224,-22
8038,5,5,-89,-144,-288,-70,-112,281,53,-108,29,-30
8039,4,4,-110,122,-148,-297,331,-183,-183,23,-163,-205
8040,6,6,69,-165,-186,-129,-40,44,287,-228,-93,-149
8041,6,6,74,-181,-203,-187,5,54,307,-256,-101,-159
8042,6,6,53,-146,-252,-166,21,48,300,-260,-94,-165
8043,7,7,-78,-33,123,-1,-193,-257,-385,263,-34,-42
8044,9,7,-55,9,-15,-130,53,-135,-229,78,-68,67
8045,1,1,-16,297,-35,-357,113,-231,-144,-32,-178,-254
8046,8,8,20,-106,-68,-58,-122,-126,-39,-73,183,-32
8047,2,2,75,-84,153,-45,-23,-148,-127,24,-142,-122
8048,1,1,-9,258,-119,-360,108,-90,-57,-96,-148,-218
8049,5,5,-43,-145,-199,-102,-130,252,14,-85,-77,51
8050,3,3,-125,-54,20,217,-19,-108,-242,62,-174,-78
8051,4,4,-99,108,-114,-302,336,-165,-147,46,-198,-266
8052,7,7,-5,-22,62,-99,-37,-196,-233,186,-41,-50
8053,9,9,-101,-127,-106,-17,55,-93,-234,86,20,154
8054,4,4,-103,67,-147,-311,363,-148,-135,0,-162,-225
8055,0,0,218,-107,-17,-226,-11,-179,14,-123,-139,-124
8056,0,0,159,-173,-66,-62,-45,-130,-92,-16,-97,10
8057,0,0,188,-182,14,-102,-34,-178,-138,-2,-188,49
8058,1,1,-21,249,-149,-352,118,-77,-66,-83,-149,-205
8059,2,1,-25,167,105,-148,-39,-128,-64,-73,-38,-199
8060,3,3,-207,0,-83,237,-107,-42,-305,73,-87,9
8061,4,4,-32,-18,-106,-246,201,-64,-53,-59,-181,9
8062,5,5,1,-90,-290,-186,-107,197,97,-146,-18,-36
8063,6,6,74,5,-213,-316,75,10,234,-296,-179,-226
8064,7,1,-77,153,-16,-146,-17,-204,-261,150,-65,-87
8065,8,1,53,128,-95,-277,45,-93,-33,-110,-76,-164
8066,9,4,-115,61,-81,-163,123,-96,-228,31,-138,62
8067,0,0,217,-111,-54,-190,-73,-144,-31,-65,-90,-107
8068,1,1,-32,281,-137,-352,129,-123,-115,-54,-176,-218
8069,2,2,-57,128,202,-38,-125,-227,-193,73,-87,-180
8070,3,3,-238,10,1,253,-82,-110,-355,150,-183,-55
8071,4,4,-54,51,-132,-229,192,-47,-56,-61,-166,-46
8072,5,5,-89,-137,-297,-59,-113,270,-55,-57,-78,62
8073,6,6,136,-71,-146,-286,-15,-16,213,-217,-147,-211
8074,7,7,-64,79,-57,-170,34,-132,-214,178,-133,-58
8075,8,1,49,80,-165,-268,14,-76,7,-158,-24,-136
8076,9,4,-63,32,-79,-212,98,-120,-198,51,-86,60
8077,0,0,180,-100,-59,-197,-115,-127,-90,35,-115,-81
8078,1,1,-57,229,-127,-313,134,-86,-108,-57,-138,-147
8079,2,2,-28,131,174,-33,-154,-232,-176,24,-46,-169
8080,3,3,-205,27,34,219,-132,-121,-367,173,-170,-82
8081,4,4,-8,-8,-123,-249,201,-73,-3,-97,-166,-29
8082,5,5,-65,-202,-276,-52,-111,268,22,-80,-63,45
8083,6,6,58,-126,-247,-229,14,42,307,-278,-87,-173
8084,9,4,-116,22,-93,-206,165,-117,-243,55,-122,80
8085,0,0,239,-118,-42,-232,-128,-158,-13,-65,-109,-117
8086,1,1,-28,280,-95,-353,112,-140,-126,-33,-198,-209
8087,3,3,-141,19,-14,228,-109,-121,-277,92,-99,-56
8088,1,1,-15,242,-126,-361,73,-88,-54,-89,-107,-194
8089,5,5,-122,-136,-273,-76,-113,307,-1,-62,-44,19
8090,1,1,-5,237,-142,-336,108,-78,-30,-115,-131,-221
8091,2,1,71,77,77,-153,-140,-184,-59,23,-31,-217
8092,4,4,-41,70,-108,-283,255,-107,-75,-65,-218,-103
8093,9,4,-77,79,-99,-233,134,-106,-198,16,-119,29
8094,2,1,-10,126,-7,-175,-2,-129,-131,-24,5,-97
8095,4,4,-42,88,-162,-315,222,-63,-18,-130,-180,-78
8096,6,6,87,-67,-207,-229,56,-11,232,-230,-165,-210
8097,8,8,100,-220,-33,27,-97,-120,-55,-80,120,-9
8098,0,0,210,-207,-36,-106,-32,-177,-21,-100,-58,-8
8099,1,1,-43,288,-96,-384,129,-158,-120,-30,-169,-224
8100,1,1,-1,278,-109,-368,113,-116,-67,-90,-170,-257
8101,9,4,-107,13,-116,-174,144,-78,-192,20,-102,83
8102,2,2,-5,87,172,-46,-177,-229,-119,-24,34,-179
8103,6,6,61,-20,-242,-242,62,12,237,-254,-156,-230
8104,6,6,60,-83,-243,-233,55,33,244,-261,-124,-176
8105,8,0,80,28,-227,-195,-3,-64,33,-151,-39,-136
8106,7,1,-60,182,-21,-209,3,-182,-223,95,-75,-88
8107,4,4,-25,-34,-92,-212,200,-55,-49,-56,-234,-28
8108,2,2,33,137,304,-172,-72,-286,-178,21,-126,-281
8109,9,4,-46,53,-102,-219,108,-109,-168,26,-99,16
8110,7,1,-63,136,-40,-198,-8,-104,-189,93,-68,-40
8111,0,0,194,-213,-56,-96,-10,-126,-6,-118,-74,7
8112,2,2,51,63,235,-116,-124,-225,-108,-17,-67,-231
8113,1,1,-32,296,-131,-365,104,-125,-104,-44,-176,-234
8114,0,0,181,-170,-46,-142,0,-82,10,-84,-141,-57
8115,3,3,-23,-47,-96,65,13,-40,-125,44,-130,-81
8116,6,6,66,-193,-239,-106,-15,33,290,-253,-46,-121
8117,0,0,214,-134,-14,-131,-106,-164,-7,-57,-81,-69
8118,1,1,-61,329,-77,-394,129,-213,-139,-46,-133,-258
8119,2,2,-31,35,213,-79,24,-179,-125,43,-77,-227
8120,3,3,-266,-39,-59,260,-145,-89,-413,98,8,64
8121,4,4,-97,121,-133,-311,306,-122,-124,34,-142,-282
8122,5,5,-43,-96,-204,-143,-41,168,13,-21,-32,9
8123,6,6,22,-125,-94,-121,-1,4,227,-199,-22,-174
8124,7,7,-103,-9,27,-28,-107,-179,-379,257,-113,29
8125,8,8,-93,-110,70,-36,-141,-30,-107,12,204,-14
8126,9,9,-96,-173,-144,-48,41,38,-139,15,-62,190
8127,0,0,195,-140,-88,-150,-145,-66,1,-48,-100,-43
8128,1,1,-17,199,-106,-309,103,-88,48,-133,-140,-272
8129,2,2,-81,104,253,-8,-102,-203,-197,80,-68,-232
8130,3,3,-267,8,-105,297,-155,-6,-341,124,-143,-29
8131,4,4,-119,130,-146,-314,330,-186,-187,26,-120,-196
8132,5,5,-21,-120,-208,-80,-48,164,62,-8,-95,-58
8133,6,6,19,-184,-201,-57,-38,49,266,-213,-43,-114
8134,7,7,-118,57,57,-46,-80,-224,-379,289,-129,-36
8135,8,8,-30,-149,-59,27,-87,-61,-1,-90,185,-23
8136,9,9,-91,-157,-120,-48,67,-95,-259,121,-4,167
8137,0,0,178,-137,-19,-166,-58,-190,-122,6,-139,-1
8138,1,1,-71,332,-104,-342,101,-196,-105,-53,-112,-277
8139,2,2,-74,43,249,73,-207,-231,-254,72,-21,-162
8140,3,3,-178,-47,-39,267,-170,-64,-323,74,2,6
8141,4,4,-93,78,-93,-225,289,-254,-193,25,-115,-166
8142,5,5,-77,-167,-141,36,-37,159,5,-46,-123,5
8143,6,6,35,-53,-72,-137,62,-11,147,-173,-86,-159
8144,7,7,-120,31,38,42,-143,-276,-417,265,-71,-6
8145,8,8,-48,-108,-76,-135,20,-49,-13,-179,180,14
8146,9,9,-67,-90,-63,-9,9,-122,-231,78,42,123
8147,8,8,8,-122,-144,-69,-67,-70,-3,-98,164,-3
8148,6,6,-16,-124,-226,-72,-37,73,234,-207,-54,-105
8149,5,5,-117,-148,-269,-64,-87,254,-27,-35,-52,52
8150,9,9,-104,-112,-112,9,50,-62,-217,21,17,155
8151,7,7,-88,109,63,-54,-103,-204,-332,233,-132,-94
8152,0,0,200,-138,-40,-167,-95,-121,9,-47,-94,-60
8153,2,2,-40,74,207,19,-101,-206,-159,39,-77,-180
8154,3,3,-289,15,-111,271,-126,-25,-371,111,-81,24
8155,4,4,-82,80,-126,-316,308,-164,-159,15,-101,-160
8156,3,3,-251,-57,-61,197,-108,-43,-373,119,-8,68
8157,8,8,-12,-144,24,-11,-173,-118,-64,-29,228,-30
8158,5,5,-8,-133,-138,-40,-45,140,55,-33,-101,-41
8159,1,1,-71,314,-64,-357,105,-226,-158,-1,-132,-241
8160,5,0,64,-107,-70,-55,-26,41,-5,-12,-139,-31
8161,2,2,15,41,268,-65,-81,-223,-159,25,-84,-198
8162,3,3,-314,8,-8,291,-175,-69,-424,180,-96,-54
8163,0,0,162,-156,-7,-147,-25,-96,-12,-48,-110,-12
8164,1,1,-95,323,-42,-308,110,-241,-182,7,-136,-263
8165,2,2,-49,31,145,-25,-25,-65,-67,19,-45,-139
8166,1,1,-58,322,-65,-362,109,-205,-124,-33,-130,-271
8167,3,3,-262,-19,-67,327,-153,-65,-349,89,-53,-4
8168,2,2,-110,113,160,37,-100,-150,-238,105,-87,-129
8169,6,6,42,-171,-148,-104,-60,6,281,-253,16,-142
8170,5,5,-23,-77,-193,-83,-28,124,70,-25,-92,-69
8171,3,3,-221,-1,-122,236,-75,-5,-270,95,-118,-19
8172,0,0,184,-146,5,-171,-25,-164,-4,-70,-121,-41
8173,7,7,-108,68,-2,-69,-21,-200,-322,254,-99,-46
8174,2,2,-81,48,223,73,-123,-230,-207,114,-93,-215
8175,7,7,-52,69,52,-94,-97,-232,-307,230,-81,-57
8176,4,4,-127,84,-112,-261,333,-187,-188,24,-85,-205
8177,6,6,32,-178,-184,-44,-41,-2,247,-217,-13,-103
8178,4,4,-92,57,-13,-215,327,-253,-166,-13,-128,-232
8179,0,0,206,-145,-29,-184,-78,-100,53,-109,-93,-63
8180,5,5,-24,-179,-168,-110,-39,165,21,-19,-104,25
8181,9,9,-40,-174,-151,-112,-44,61,-61,45,0,68
8182,9,4,59,-189,-52,-49,74,-194,-123,-15,-1,61
8183,8,4,-18,-75,-198,-148,94,25,89,-141,-9,-54
8184,9,9,-14,-146,-54,-12,-32,-112,-169,61,35,102
8185,5,5,-108,-33,-155,-26,-94,212,-17,-103,-67,-2
8186,3,3,-210,-27,-34,249,-133,-92,-319,104,10,-10
8187,1,1,-87,323,-97,-377,118,-214,-134,-31,-112,-260
8188,7,7,0,-40,4,-98,-40,-205,-254,206,-64,1
8189,4,4,-93,25,-148,-226,297,-145,-113,22,-95,-215
8190,7,7,-87,2,74,17,-73,-260,-396,260,-111,-16
8191,6,6,6,-67,-205,-209,31,36,227,-205,-75,-147
8192,5,5,-13,-169,-123,-83,-51,148,54,-104,-69,55
8193,4,4,-6,-11,-84,-210,210,-175,-75,-43,-76,-89
8194,0,0,182,49,136,-301,81,-360,-122,-19,-216,-265
8195,0,0,179,-163,-55,-84,-32,-90,4,-112,-107,24
8196,6,6,34,-130,-208,-39,-76,48,135,-112,-105,-11
8197,6,6,33,-222,-140,-64,-41,31,240,-214,46,-100
8198,2,2,-47,3,180,-67,47,-98,-92,4,-75,-177
8199,0,0,187,-68,23,-208,-11,-186,-50,-27,-156,-122
8200,6,6,23,-171,-152,-115,14,57,263,-241,-55,-168
8201,3,3,-203,-17,-70,201,-106,-21,-308,116,-86,-2
8202,7,7,-41,36,38,-80,-44,-202,-260,192,-80,-34
8203,7,7,-55,-42,-124,-118,-3,-75,-177,169,-105,50
8204,4,4,-55,18,11,-185,305,-291,-201,29,-139,-178
8205,4,4,-51,23,-59,-188,236,-145,-119,21,-120,-135
8206,3,3,-202,-69,-64,268,-126,-90,-384,135,-73,21
8207,9,9,-29,-164,-65,-58,6,-31,-119,8,-30,136
8208,2,2,-21,38,207,14,-111,-220,-200,76,-91,-152
8209,8,8,-77,34,-120,-147,63,-120,-110,-161,161,-13
8210,9,9,-22,-156,-116,-80,29,-16,-103,-40,-71,165
8211,6,6,24,-151,-213,-138,-21,38,289,-227,-57,-130
8212,0,0,182,-179,64,-87,14,-181,-42,-72,-127,-14
8213,9,9,2,-162,-42,-18,10,-51,-108,-21,-51,140
8214,5,5,-11,-170,-172,-95,-102,193,62,-90,-69,8
8215,3,3,-225,-69,-105,277,-89,-30,-322,63,-44,54
8216,8,8,-13,-169,-7,22,-47,-158,-128,-100,200,35
8217,8,8,-5,-133,7,34,-44,-102,-126,-12,116,29
8218,7,7,-73,68,55,-44,-95,-245,-343,245,-104,-45
8219,1,1,-69,336,-110,-378,117,-186,-107,-55,-131,-276
8220,4,4,-121,97,-103,-267,318,-160,-168,40,-110,-235
8221,0,0,198,-120,-5,-148,-11,-191,-44,-70,-128,-69
8222,4,4,-97,45,-108,-265,347,-170,-159,-25,-95,-160
8223,8,8,-43,-161,25,-31,-49,-121,-87,-111,227,21
8224,5,5,-91,-146,-228,-43,-124,273,-10,-98,-64,62
8225,2,2,-76,32,169,117,-202,-179,-254,63,-51,-94
8226,3,3,-227,-18,14,232,-129,-132,-430,190,-126,-28
8227,9,9,-24,-186,-135,-51,59,-61,-116,17,22,123
8228,0,0,185,-64,98,-212,104,-290,-43,-101,-166,-159
8229,1,1,-77,302,-94,-377,88,-187,-92,-69,-63,-276
8230,9,9,-7,-183,-32,9,26,-149,-200,38,4,131
8231,1,1,-138,327,-79,-317,142,-233,-177,-34,-65,-243
8232,5,5,-95,-85,-146,56,-79,147,-50,22,-140,-23
8233,1,1,-83,313,-129,-381,103,-179,-93,-77,-78,-254
8234,7,7,-114,48,7,-34,-62,-203,-356,234,-112,18
8235,4,4,-69,4,-62,-186,235,-188,-123,59,-71,-178
8236,8,4,-38,12,-173,-198,174,-146,24,-173,48,-153
8237,6,6,47,-218,-215,-85,-35,53,284,-245,-37,-108
8238,2,2,-17,11,216,-1,-87,-193,-188,75,-79,-140
8239,1,1,-94,322,-147,-302,96,-168,-88,-66,-75,-268
8240,6,6,24,-132,-221,-131,-11,62,266,-224,-23,-208
8241,8,4,-42,36,-128,-182,112,-206,-70,-133,102,-80
8242,8,4,-41,47,-274,-243,107,-56,66,-219,58,-147
8243,0,0,159,-147,-22,-173,26,-40,66,-130,-139,-64
8244,1,1,-57,268,-113,-292,112,-140,-58,-70,-135,-268
8245,2,2,32,78,200,-118,13,-121,-126,-28,-137,-181
8246,3,3,-207,-74,-129,186,23,-38,-282,56,-74,76
8247,4,4,-103,0,-117,-118,239,-168,-123,17,-41,-139
8248,7,7,-107,11,10,-16,-51,-220,-367,271,-95,3
8249,8,8,8,-196,-26,26,-152,-108,-94,-39,228,25
8250,9,9,-24,-221,-119,-21,24,-52,-116,-16,31,170
8251,0,0,160,-124,-26,-97,39,-125,-56,-78,-142,-34
8252,1,1,-72,318,-97,-363,120,-205,-136,-3,-166,-274
8253,2,2,-53,29,206,-35,37,-155,-138,23,-95,-192
8254,3,3,-169,-24,-59,176,-2,-48,-229,91,-104,-16
8255,4,4,-65,-11,-3,-44,156,-184,-109,47,-107,-192
8256,6,6,19,-34,-113,-195,92,13,201,-207,-174,-288
8257,7,7,-105,-11,2,3,-157,-181,-368,235,-36,25
8258,8,8,-14,-156,-117,-11,-37,8,74,-86,110,-19
8259,9,5,-68,-180,-143,-38,-50,116,-77,31,-100,100
8260,0,0,127,-114,1,-93,41,-70,-13,-69,-125,-15
8261,1,1,-101,348,-110,-364,130,-202,-125,-53,-104,-274
8262,2,2,-79,113,224,-84,-29,-155,-153,41,-44,-252
8263,3,3,-122,4,-23,140,-39,-87,-244,31,-75,40
8264,4,4,-71,-16,-34,-134,254,-228,-181,25,-61,-104
8265,7,7,-96,-50,-6,5,-81,-90,-272,227,-143,4
8266,8,8,-102,-112,-1,41,-176,-53,-141,-31,254,-4
8267,9,9,-77,-208,-138,-51,35,-25,-141,89,1,135
8268,1,1,-124,329,-62,-304,116,-221,-179,-14,-94,-245
8269,4,4,-124,107,-49,-209,308,-264,-239,12,-145,-130
8270,5,5,-13,-76,-187,-89,-70,166,22,-15,-37,-42
8271,3,3,-219,-44,-185,293,-139,66,-243,24,-46,12
8272,3,3,-194,2,-117,210,-55,-14,-173,12,48,-36
8273,0,0,163,-186,33,-82,35,-156,-59,-70,-104,14
8274,9,9,-55,-179,-106,-46,26,-21,-125,32,13,146
8275,5,5,6,-69,-102,-141,-3,74,25,-15,-77,-35
8276,4,4,-33,92,-75,-264,282,-198,-85,-63,-148,-244
8277,3,3,-232,-35,-171,196,-3,57,-191,-46,-22,54
8278,0,0,127,-112,56,-85,49,-138,-61,-40,-150,-48
8279,8,4,-38,-102,-102,-26,62,-83,-92,25,28,32
8280,4,4,-111,74,-129,-235,306,-179,-156,-52,-76,-134
8281,6,6,41,-18,-156,-193,38,11,205,-203,-133,-240
8282,7,7,-95,-8,57,12,-182,-224,-392,256,-50,-14
8283,0,0,172,-71,91,-161,45,-156,-32,-75,-176,-120
8284,7,7,-79,-31,3,-45,-97,-67,-238,262,-217,-43
8285,7,7,-88,45,-1,-55,-89,-199,-336,239,-73,-8
8286,1,1,-99,307,-102,-319,94,-190,-147,-23,-80,-213
8287,6,6,51,-36,-81,-188,73,-21,181,-200,-146,-228
8288,9,9,-49,-198,-169,-84,58,-1,-78,-10,-61,175
8289,1,1,-93,339,-84,-369,115,-217,-156,-27,-116,-248
8290,3,3,-119,13,-50,191,-98,-54,-217,15,-36,5
8291,6,6,46,20,-108,-283,113,-36,183,-229,-137,-260
8292,2,2,28,123,264,-131,-33,-306,-245,95,-184,-238
8293,3,3,-130,-16,-42,180,-89,-54,-245,23,-44,45
8294,8,8,-88,-114,-129,-15,-17,-63,-138,107,165,-25
8295,2,2,16,14,254,-49,-71,-263,-203,73,-85,-191
8296,3,3,-112,-28,-52,166,-24,-51,-179,25,-17,8
8297,8,8,-10,-125,9,-20,-154,-85,-110,25,162,15
8298,9,9,-21,-203,-149,-89,-3,15,-39,-14,8,114
8299,5,5,1,-72,-196,-136,11,106,63,-59,-45,-52
8300,8,8,-28,-162,-38,7,-136,-66,-83,4,239,-27
8301,8,8,-24,-117,-53,62,-165,-69,-59,-23,173,-38
8302,7,7,-105,-44,-16,8,-93,-98,-343,252,-149,8
8303,1,1,-103,326,-148,-338,106,-172,-115,-61,-80,-233
8304,7,7,-102,5,100,0,-151,-171,-439,299,-234,-59
8305,1,1,-101,315,-112,-313,101,-175,-115,-52,-82,-234
8306,1,1,-100,339,-96,-346,108,-214,-150,-23,-109,-252
8307,0,0,203,-138,7,-117,-27,-142,3,-122,-143,-41
8308,3,3,-196,2,-117,215,-81,47,-169,2,-48,-11
8309,4,4,-119,120,-64,-217,301,-281,-242,25,-108,-155
8310,2,2,-9,86,171,-132,-1,-113,-31,-84,-74,-243
8311,6,6,43,-47,-58,-255,99,-55,173,-176,-79,-233
8312,4,4,-154,91,-122,-202,272,-152,-194,52,-95,-145
8313,7,7,-76,-1,72,-34,-132,-193,-377,273,-126,-39
8314,4,4,-50,81,-96,-258,273,-222,-149,-10,-141,-162
8315,2,2,-12,39,264,-42,-84,-192,-188,71,-111,-197
8316,7,7,-29,-59,104,21,-188,-254,-336,203,-7,-19
8317,4,4,-80,21,-57,-142,233,-201,-168,9,-85,-88
8318,2,2,64,40,188,-180,65,-251,-155,25,-119,-186
8319,9,9,6,-206,-182,-93,-12,-13,-19,-41,-7,131
8320,2,2,-66,115,294,-55,-96,-299,-278,157,-126,-271
8321,7,7,-114,-15,22,-20,-121,-86,-331,274,-236,-21
8322,9,9,-64,-226,-115,-72,61,29,-29,-13,-31,133
8323,2,2,84,-18,211,-135,5,-227,-154,33,-146,-162
8324,1,1,-104,324,-67,-316,111,-204,-154,-24,-105,-253
8325,0,0,105,5,-109,-246,97,-54,61,-136,-272,-170
8326,6,4,39,48,20,-210,92,-82,89,-165,-173,-292
8327,5,5,-55,-86,-174,8,-88,176,-24,-44,-25,-4
8328,3,3,-219,40,-86,293,-162,-45,-293,62,-88,-26
8329,4,4,6,98,-61,-260,246,-251,-155,-21,-172,-184
8330,8,8,-33,-83,113,22,-190,-88,-74,26,115,-99
8331,5,5,-56,-86,-205,-41,-64,175,45,-7,-69,-60
8332,9,7,-111,-116,-60,34,54,-111,-256,164,-73,83
8333,6,6,62,-57,-211,-246,3,28,181,-144,-158,-100
8334,9,9,-71,-160,-143,-47,53,-4,-90,6,-2,137
8335,0,0,147,-74,-38,-169,48,-84,26,-89,-202,-114
8336,6,6,4,-79,-149,-118,30,4,223,-183,-86,-213
8337,3,3,-182,-10,-99,243,-111,-11,-199,9,4,11
8338,0,0,186,-145,-12,-111,-8,-185,-49,-61,-118,-39
8339,8,6,5,-138,-58,-37,-16,13,85,-90,69,-44
8340,1,1,-63,314,-71,-334,96,-201,-133,-18,-140,-247
8341,6,6,62,-169,-171,-106,-27,6,267,-233,-19,-123
8342,0,0,178,-89,57,-210,38,-154,-24,-66,-196,-95
8343,0,0,194,-19,16,-246,16,-264,-89,-16,-201,-154
8344,1,1,-37,298,-72,-342,118,-201,-140,-10,-181,-251
8345,2,2,35,65,261,-76,-63,-235,-181,41,-138,-202
8346,3,3,-214,-7,-38,252,-137,-101,-379,154,-131,-29
8347,4,4,-110,64,-92,-263,292,-136,-191,34,-164,-110
8348,5,5,-112,-112,-132,-61,-85,236,21,-68,-27,-4
8349,6,6,87,-110,-107,-207,9,-43,234,-201,-89,-153
8350,7,7,-69,35,-95,-178,31,-143,-224,223,-83,-42
8351,0,0,144,-145,12,-101,24,-131,-29,-60,-110,3
8352,1,1,-40,296,-118,-372,105,-148,-90,-52,-143,-259
8353,2,2,39,6,159,-106,50,-137,-36,-47,-106,-183
8354,3,3,-163,2,-106,213,-71,3,-211,44,-118,-26
8355,4,4,-158,93,-110,-209,291,-144,-182,58,-124,-174
8356,7,7,-109,-16,-64,-104,47,-172,-315,232,-104,62
8357,8,8,-36,-48,-158,-174,-21,36,52,-141,113,-77
8358,9,9,-125,-42,-109,-92,78,-10,-182,81,-67,101
8359,0,0,193,-125,32,-165,-24,-162,-3,-73,-136,-73
8360,1,1,-75,315,-139,-351,94,-143,-92,-57,-122,-251
8361,2,2,22,26,212,-58,-41,-195,-113,20,-87,-168
8362,3,3,-134,-16,-7,167,-47,-59,-240,87,-151,-27
8363,4,4,-162,8,-102,-239,329,-153,-230,77,-175,-67
8364,7,7,-115,32,34,-7,-88,-241,-411,282,-121,-11
8365,2,2,-9,18,233,-85,-46,-219,-148,-30,14,-163
8366,5,5,-131,-146,-259,0,-70,273,-13,-83,-73,57
8367,1,1,-53,292,-79,-347,124,-173,-105,-29,-141,-262
8368,6,6,57,-98,-196,-241,39,36,288,-260,-154,-214
8369,4,4,-121,99,-138,-226,260,-111,-139,59,-116,-198
8370,3,3,-243,20,-64,285,-136,-50,-322,102,-92,-31
8371,9,9,-79,-173,-105,37,-22,35,-175,-33,-31,173
8372,9,4,-33,-146,-101,-58,97,-64,-128,32,-61,94
8373,0,0,185,-95,46,-175,28,-154,-20,-70,-181,-103
8374,9,9,-162,-124,-80,57,27,-49,-249,87,-33,148
8375,7,7,-49,84,-58,-227,85,-155,-219,163,-157,-77
8376,1,1,-43,182,-155,-292,100,-69,-41,-56,-161,-155
8377,6,6,57,-77,-133,-210,101,-18,236,-256,-166,-226
8378,4,4,-93,83,-122,-259,278,-182,-171,15,-82,-132
8379,3,3,-233,-17,-95,231,-66,-51,-299,88,-33,20
8380,6,6,17,-99,-197,-190,21,40,264,-184,-141,-193
8381,2,2,-12,67,210,-67,-56,-132,-93,11,-86,-200
8382,0,0,114,-96,63,-34,-20,-134,-89,20,-133,-90
8383,9,9,-102,-171,-75,-57,-28,58,-141,-5,-22,154
8384,8,8,-63,-61,-102,-152,-38,-71,-97,-94,219,17
8385,6,6,85,-71,-122,-293,73,-24,268,-258,-175,-266
8386,5,5,-131,-113,-164,-30,-109,262,-4,-74,-24,12
8387,7,7,-26,-23,-93,-133,10,-144,-180,160,0,-41
8388,0,0,216,-103,119,-217,26,-249,-41,-91,-144,-128
8389,0,0,216,-90,74,-231,41,-247,-29,-90,-173,-127
8390,1,1,-94,291,-127,-320,110,-160,-119,-25,-97,-208
8391,7,7,-91,40,-125,-177,82,-90,-165,197,-99,-88
8392,4,4,-101,88,-141,-255,305,-106,-56,-55,-94,-233
8393,3,3,-213,-16,-29,254,-108,-131,-365,120,-59,-2
8394,2,2,-12,67,275,-32,-134,-216,-200,39,-100,-188
8395,4,4,-88,62,-101,-226,280,-185,-181,62,-120,-169
8396,1,1,-70,278,-102,-273,92,-138,-94,-28,-116,-239
8397,3,3,14,-79,-81,98,-76,-9,-122,55,-111,-34
8398,7,7,-49,39,6,-115,-41,-171,-242,210,-67,-50
8399,6,6,45,-150,-226,-203,34,55,345,-297,-109,-222
8400,4,4,-152,65,-102,-214,308,-131,-196,19,-115,-118
8401,7,7,-138,21,-3,-48,-32,-156,-328,255,-129,22
8402,7,7,-129,-6,-162,-179,44,-65,-172,224,-77,-2
8403,7,7,-81,4,-122,-169,40,-107,-214,251,-125,-38
8404,9,9,-55,-134,-80,-39,50,-46,-166,79,-103,110
8405,8,8,44,-132,-97,-64,-122,-17,53,-69,109,-53
8406,4,4,-178,-12,-89,-143,235,-172,-317,115,-81,66
8407,3,3,-205,-16,-100,314,-136,-54,-274,37,0,-4
8408,8,6,-4,-50,-76,-87,13,34,53,-62,3,-57
8409,2,2,-30,87,240,4,-122,-223,-204,35,-87,-163
8410,8,6,-3,-115,-102,-159,-90,40,177,-193,67,-80
8411,3,3,-207,-6,-12,202,-79,-140,-367,129,-60,14
8412,5,5,-132,-102,-193,78,-62,178,-26,34,-137,-43
8413,8,8,-18,-35,-176,-159,-25,14,48,-113,102,-100
8414,0,0,216,-84,75,-284,27,-239,-18,-97,-164,-125
8415,5,5,-40,-142,-122,-12,-37,154,45,-44,-103,-23
8416,4,4,-90,39,-139,-208,205,-62,-86,13,-65,-99
8417,7,7,-87,-60,-112,-129,-4,-121,-218,285,-135,21
8418,1,1,-60,297,-119,-307,102,-145,-101,-37,-147,-256
8419,3,3,-197,-36,-95,230,-73,-40,-249,43,13,41
8420,1,1,-22,289,-107,-400,126,-134,-64,-79,-147,-271
8421,7,7,-154,40,53,-17,-94,-231,-448,313,-152,-5
8422,9,9,-83,-134,-89,-45,15,15,-160,32,-56,156
8423,6,6,113,-45,-87,-339,75,-68,217,-222,-185,-243
8424,2,2,7,-50,202,21,-112,-200,-168,3,-28,-77
8425,0,0,151,-16,-23,-247,26,-135,14,-61,-169,-143
8426,9,9,-65,-151,-5,-52,113,-93,-179,56,-133,140
8427,1,1,-70,303,-139,-342,117,-128,-69,-73,-119,-267
8428,7,7,-89,-26,-159,-176,24,-113,-248,266,-105,25
8429,3,3,-213,-54,-134,210,-103,43,-298,33,-39,87
8430,3,3,-241,-70,-155,264,-61,2,-294,-9,16,84
8431,9,9,-99,-135,-137,-13,-7,80,-140,25,-78,137
8432,1,1,-71,319,-102,-368,133,-193,-109,-50,-129,-272
8433,6,6,93,-44,-134,-314,87,-36,234,-234,-200,-246
8434,4,4,-122,-57,-40,-144,283,-193,-220,82,-162,-46
8435,3,3,-58,-45,-13,157,-90,-46,-165,37,-108,-16
8436,9,9,-93,-152,-41,0,41,-97,-282,91,-29,166
8437,8,8,-40,-175,-67,-94,-110,29,75,-118,215,-38
8438,2,2,43,23,225,-75,-54,-173,-110,-18,-81,-158
8439,1,1,-68,280,-119,-312,113,-147,-137,-1,-173,-206
8440,8,8,-36,-156,-46,-28,-165,25,1,-33,204,-25
8441,6,6,96,-46,-105,-312,59,-53,219,-197,-143,-237
8442,4,4,-42,-6,-90,-264,267,-109,-69,21,-188,-164
8443,1,1,-33,309,-92,-375,113,-157,-92,-48,-154,-277
8444,5,5,-43,-59,-106,-32,-12,98,45,-6,-57,-73
8445,5,5,-62,-134,-179,-19,-55,185,30,-11,-90,-17
8446,6,6,5,-170,-225,-103,29,43,313,-262,-55,-187
8447,5,5,-144,-69,-211,28,-105,260,-87,-81,-51,47
8448,0,0,212,-190,-153,-85,-152,-38,-1,-8,-122,-21
8449,1,1,-58,290,-144,-327,131,-76,-64,-119,-100,-202
8450,2,2,-24,62,213,-27,-66,-188,-246,91,-174,-133
8451,3,3,-210,45,-77,254,-127,-71,-287,79,-105,-23
8452,4,4,-116,89,-131,-373,332,-106,-139,49,-237,-214
8453,5,5,-43,-100,-235,-80,25,168,88,-112,-92,-45
8454,6,6,72,-197,-202,-165,-51,44,309,-236,-50,-131
8455,7,7,-178,40,18,-51,-51,-245,-420,351,-150,-11
8456,8,8,40,-134,-21,-26,-32,-94,-27,-64,139,-74
8457,9,9,-47,-227,-100,9,10,-58,-239,46,-56,212
8458,0,0,180,-147,-169,-92,-108,-1,2,-11,-147,-18
8459,1,1,-60,248,-142,-347,144,-92,-120,-61,-141,-151
8460,2,2,26,-9,240,-9,-84,-205,-225,57,-149,-127
8461,3,3,-171,-5,-58,249,-141,-97,-321,80,-42,-9
8462,4,4,-155,131,-115,-347,389,-176,-194,98,-199,-335
8463,5,5,-85,-63,-133,36,-125,189,-64,-26,-105,-5
8464,6,6,93,-228,-220,-169,-66,-6,324,-233,-18,-144
8465,7,7,-233,113,-6,-66,-27,-215,-383,312,-138,-35
8466,8,8,-1,-204,17,18,-130,-115,-67,-83,250,-32
8467,9,9,-127,-118,-70,-21,94,-82,-243,86,-101,184
8468,0,0,196,-163,-123,-103,-104,-25,-11,-30,-167,30
8469,1,1,-58,222,-135,-234,102,-62,-82,-82,-85,-144
8470,2,2,12,22,167,-20,-12,-185,-156,29,-143,-164
8471,3,3,-266,7,-2,242,-75,-140,-423,148,-147,6
8472,4,4,-109,47,-84,-289,318,-119,-164,24,-221,-121
8473,5,5,-88,-142,-260,-41,-81,233,-58,-29,-102,82
8474,6,6,39,-151,-234,-199,27,63,308,-243,-126,-165
8475,7,7,-153,46,-40,-100,15,-214,-343,281,-71,6
8476,8,8,-32,-148,-11,-183,11,-9,8,-128,143,5
8477,9,9,-64,-193,-86,43,-9,-85,-233,63,-7,174
8478,6,6,94,-158,-260,-213,-11,70,283,-279,-133,-135
8479,9,9,-125,-68,-73,-81,71,-96,-290,111,-23,136
8480,7,7,-197,26,-67,-81,0,-174,-349,320,-116,19
8481,0,0,172,-139,-126,-72,-114,-63,-103,34,-162,-4
8482,2,2,-1,3,154,15,-42,-120,-222,54,-220,-110
8483,3,3,-230,24,-22,240,-113,-113,-382,133,-148,-11
8484,4,4,-168,89,-147,-316,367,-87,-163,-4,-213,-171
8485,3,3,-127,15,-3,169,-155,-93,-321,94,-84,-4
8486,8,8,63,-181,47,-60,-8,-137,-75,-99,126,-22
8487,5,5,-62,-147,-244,-18,-88,220,19,-12,-70,-16
8488,1,1,-17,237,-90,-354,96,-100,-43,-101,-102,-215
8489,3,3,-177,24,-2,173,-93,-103,-320,118,-142,-26
8490,0,0,149,-174,-31,-86,28,-82,-33,-54,-176,5
8491,1,1,-74,217,-134,-239,108,-63,-99,-65,-96,-123
8492,2,2,-57,106,242,-8,-105,-174,-132,21,-102,-272
8493,1,1,-24,243,-93,-295,57,-71,-80,-84,-82,-184
8494,3,3,-184,2,-38,203,-107,-67,-304,86,-115,-6
8495,2,2,-28,69,152,92,-130,-253,-205,40,-70,-155
8496,0,0,190,-211,-86,-104,-58,-86,-93,-3,-216,83
8497,7,7,-118,142,14,-97,-112,-193,-319,224,-45,-74
8498,2,2,-16,88,215,-10,-103,-229,-196,56,-131,-194
8499,6,6,90,-104,-171,-217,-13,10,267,-212,-117,-193
8500,4,4,-170,95,-146,-295,345,-108,-149,63,-209,-241
8501,0,0,138,-139,-189,-114,-13,-51,-5,-39,-185,-63
8502,5,5,-126,-58,-240,7,-44,183,-91,-40,2,40
8503,9,7,-106,-52,-139,-151,26,24,-146,95,-79,95
8504,9,9,-104,-95,-142,-114,-18,101,-120,41,-76,103
8505,8,8,14,-60,-69,-167,-38,-82,0,-128,145,-76
8506,9,4,-116,21,-59,-145,114,-92,-234,37,-67,102
8507,5,5,-62,-110,-301,-27,-31,193,40,-43,-88,-17
8508,3,3,54,-65,-46,56,-67,-13,-130,1,-133,-68
8509,1,1,-37,242,-161,-318,130,-64,-84,-89,-125,-176
8510,7,7,-151,125,19,-87,-44,-238,-386,258,-107,-30
8511,4,4,-135,31,-113,-269,301,-108,-188,69,-248,-110
8512,7,7,-157,78,64,-6,-130,-256,-458,318,-126,-42
8513,0,0,139,-181,-140,-79,-55,-47,-32,24,-145,18
8514,0,0,168,-210,-47,-45,-34,-155,-129,8,-165,51
8515,6,6,75,-87,-209,-187,-32,59,243,-214,-89,-178
8516,6,6,88,-153,-175,-135,-42,22,270,-217,-62,-179
8517,6,6,73,-122,-121,-137,-42,14,242,-193,-57,-206
8518,3,3,-175,32,44,202,-120,-169,-386,174,-187,-80
8519,7,7,-163,128,11,-78,-62,-218,-365,234,-53,-21
8520,4,4,-182,119,-98,-267,229,-117,-260,58,-140,-11
8521,2,2,-59,58,99,30,-74,-143,-207,86,-96,-82
8522,8,8,-31,-105,42,-91,-139,14,10,21,80,-67
8523,9,7,-123,-17,-108,-103,11,11,-178,102,-86,95
8524,8,8,12,-91,-90,-113,-45,-95,-46,-146,143,11
8525,7,7,-141,91,-5,-75,-73,-207,-385,257,-92,1
8526,1,1,-90,253,-113,-270,114,-82,-125,-51,-90,-133
8527,4,4,-43,-6,-120,-168,127,-17,-58,-27,-134,15
8528,0,0,192,-154,-154,-60,-110,-24,-66,-15,-129,-11
8529,4,4,-90,-63,-156,-216,232,-48,-105,75,-284,-46
8530,8,4,-39,-54,-78,-147,114,-150,-104,26,75,-102
8531,5,5,-107,-81,-233,-82,-117,260,8,-148,-21,45
8532,2,2,-6,63,189,70,-114,-247,-200,34,-121,-180
8533,3,3,-76,-70,-22,235,-142,-84,-260,41,-43,-7
8534,9,9,-91,-96,-87,-120,86,-68,-222,39,-87,179
8535,0,0,209,-150,-90,-89,-129,-63,-56,-4,-149,-4
8536,1,1,-129,223,-88,-258,126,-94,-170,-41,-89,-55
8537,9,9,-118,-26,-74,-139,142,-45,-214,-15,-92,156
8538,1,1,-112,244,-96,-271,121,-94,-154,-48,-90,-86
8539,5,5,66,-89,-223,-174,-132,155,44,-45,-125,-55
8540,1,1,-114,247,-114,-288,143,-88,-146,-58,-103,-96
8541,7,7,-190,122,0,-99,-39,-194,-364,265,-123,-17
8542,6,6,83,-40,-211,-248,6,37,248,-269,-136,-212
8543,1,1,-130,248,-100,-279,134,-93,-168,-47,-96,-78
8544,2,2,86,-39,231,-79,-9,-218,-150,-3,-182,-139
8545,1,1,-134,244,-89,-255,125,-104,-176,-36,-94,-76
8546,6,6,81,-16,-209,-213,14,7,233,-237,-112,-243
8547,8,8,-25,-151,-74,-157,-60,-2,22,-74,199,-66
8548,0,0,221,-141,-138,-127,-209,-4,-11,30,-167,-45
8549,1,1,-48,256,-124,-323,115,-82,-84,-85,-120,-169
8550,2,2,-10,95,273,-41,-123,-235,-263,101,-193,-196
8551,3,3,-298,57,-144,337,-160,7,-329,75,-93,-18
8552,4,4,-135,18,-119,-238,337,-84,-134,13,-161,-132
8553,5,5,44,-57,-208,-42,-150,104,-1,18,-109,-40
8554,6,6,30,-135,-303,-182,-16,60,260,-131,-107,-145
8555,7,7,-167,-11,-68,-79,-14,-150,-332,297,-133,49
8556,8,8,-60,-162,-80,49,-81,-97,-170,-30,241,66
8557,9,9,-151,-113,-48,-25,112,-78,-264,64,-58,183
8558,0,0,155,-125,-130,-113,-172,26,49,-39,-57,-58
8559,1,1,-25,270,-147,-359,113,-77,-38,-110,-134,-236
8560,2,2,-6,79,282,-92,-45,-295,-317,136,-178,-191
8561,3,3,-203,-45,-124,281,-81,-8,-227,8,37,7
8562,4,4,-83,32,-91,-295,299,-94,-150,44,-246,-146
8563,5,5,-51,-118,-222,3,-142,205,-45,-49,-105,72
8564,6,6,76,-46,-177,-290,-4,-56,184,-143,-92,-161
8565,7,7,-154,88,52,-46,-85,-215,-405,279,-130,-20
8566,8,8,-71,-124,-69,31,-68,-67,-138,-44,241,33
8567,0,0,159,-118,-60,-108,-104,-94,-14,-41,-51,-40
8568,1,1,-63,271,-129,-301,104,-84,-90,-75,-101,-166
8569,2,2,49,5,275,-81,-85,-202,-191,47,-136,-162
8570,3,3,-206,-63,-119,285,-149,-20,-336,34,-1,74
8571,5,5,-16,-64,-223,-62,-125,191,-41,0,-167,33
8572,6,6,62,-72,-180,-217,3,-15,204,-141,-76,-172
8573,7,7,-154,-1,-8,-77,-76,-175,-389,349,-214,9
8574,8,8,-52,-172,-67,46,-104,-59,-123,-53,250,63
8575,1,1,-97,254,-78,-276,86,-145,-183,23,-163,-125
8576,0,0,217,-147,-109,-141,-165,-13,34,-45,-125,-80
8577,4,4,-116,118,-53,-283,268,-164,-224,68,-224,-159
8578,5,5,-70,-11,-173,-54,-44,144,-59,32,-222,10
8579,6,6,56,-90,-227,-242,24,-7,207,-125,-130,-147
8580,6,6,95,-73,-158,-227,26,-39,222,-190,-97,-195
8581,3,3,-185,1,-61,235,-108,-76,-251,38,38,4
8582,4,4,-148,69,-69,-222,300,-134,-223,30,-149,-98
8583,4,4,-105,47,-66,-217,246,-95,-157,35,-186,-107
8584,2,2,11,-19,189,-30,0,-190,-243,77,-201,-83
8585,8,8,-46,-136,9,60,-149,-125,-154,-42,247,27
8586,1,1,-46,304,-133,-354,117,-137,-113,-35,-171,-244
8587,0,0,205,-124,-66,-141,-127,-85,18,-84,-64,-80
8588,6,6,20,-55,-227,-212,23,19,147,-70,-152,-102
8589,4,4,-137,58,-46,-212,300,-134,-196,34,-154,-141
8590,9,9,-88,-98,-84,-52,28,-80,-264,107,-60,140
8591,7,7,-154,65,22,-47,-110,-143,-348,242,-108,0
8592,2,2,23,28,265,-37,-105,-281,-297,109,-139,-144
8593,9,9,-25,-56,-101,-173,73,-80,-145,27,-95,96
8594,2,2,-39,33,191,11,-60,-205,-243,98,-116,-104
8595,0,0,200,-170,-118,-169,-186,12,73,-54,-62,-84
8596,9,9,-37,-98,-81,-85,49,-59,-140,25,-75,124
8597,3,3,-208,-12,-26,247,-131,-129,-326,52,38,41
8598,3,3,-265,22,-56,230,-58,-75,-321,100,-56,3
8599,9,9,-136,-131,-44,-24,78,-43,-240,38,-50,185
8600,1,1,-38,276,-106,-359,129,-124,-86,-67,-146,-226
8601,5,5,-76,-148,-234,-9,-88,204,-33,9,-90,27
8602,2,2,-26,6,251,-28,-149,-199,-359,159,-113,-88
8603,3,3,-232,8,-90,274,-102,-26,-279,82,-70,-17
8604,1,1,-52,267,-100,-319,92,-120,-119,-17,-143,-183
8605,6,6,108,-90,-168,-215,-25,-45,224,-187,-70,-178
8606,7,7,-131,56,24,-80,-81,-189,-384,272,-132,9
8607,3,3,-177,2,-66,136,-81,-38,-280,89,-50,41
8608,7,7,-165,33,83,9,-129,-219,-438,301,-151,-7
8609,8,8,-51,-146,17,5,-115,-81,-117,-26,209,43
8610,4,4,-178,105,-98,-220,286,-142,-214,103,-187,-197
8611,0,0,150,-21,-147,-213,-140,-14,13,-35,-94,-139
8612,2,2,1,50,281,-41,-92,-224,-192,57,-132,-212
8613,4,4,-179,47,-48,-149,242,-130,-256,64,-108,-34
8614,0,0,202,-40,-58,-240,-141,-102,-3,-54,-114,-147
8615,2,2,-28,13,252,0,-131,-223,-303,123,-90,-108
8616,4,4,-92,58,-63,-215,236,-82,-123,34,-193,-155
8617,7,7,-97,44,22,-72,-13,-204,-314,242,-148,-14
8618,8,8,-28,-98,-12,-50,-108,-115,-71,-101,237,-8
8619,0,0,189,-129,-74,-132,-145,-60,29,-43,-76,-70
8620,7,7,-130,38,-35,-145,40,-157,-289,252,-140,9
8621,0,0,170,-64,-43,-158,-74,-100,6,-58,-92,-110
8622,6,6,79,-105,-226,-234,17,-19,271,-232,-57,-183
8623,9,7,-80,-32,-72,-99,23,-58,-192,105,-87,88
8624,3,3,-148,-24,-116,205,-81,18,-218,20,-48,28
8625,2,2,37,-59,215,-23,-43,-239,-179,-17,-33,-80
8626,4,4,-112,102,-62,-276,318,-154,-167,37,-196,-239
8627,8,8,-95,-76,55,96,-162,-148,-203,27,160,4
8628,6,6,77,-73,-202,-298,73,-36,216,-223,-105,-159
8629,0,0,188,-58,-7,-226,-48,-131,20,-94,-97,-120
8630,5,5,-126,-25,-128,-35,-118,220,-106,-24,-139,50
8631,7,7,-123,12,41,-19,-100,-168,-365,264,-167,2
8632,5,5,-98,5,-147,-13,-56,150,-108,11,-201,49
8633,1,1,-42,271,-93,-348,93,-129,-141,-26,-142,-162
8634,0,0,201,-85,-90,-187,-178,-34,22,-44,-92,-143
8635,8,8,-95,-97,-29,65,-94,-102,-146,-36,249,28
8636,1,1,-46,269,-113,-346,116,-95,-104,-62,-144,-182
8637,6,6,0,-95,-228,-181,85,-15,118,6,-210,-134
8638,7,7,-148,46,-13,-91,26,-208,-350,259,-153,20
8639,2,2,67,-28,260,-80,-81,-263,-290,113,-158,-118
8640,9,9,-70,-69,-100,-69,-1,-15,-174,61,-68,123
8641,7,7,-157,50,38,-20,-77,-180,-375,263,-137,-1
8642,9,9,-126,-127,-76,-28,65,-101,-283,108,-49,187
8643,5,5,-72,-90,-206,-80,-120,217,-63,41,-155,22
8644,6,6,89,-89,-203,-221,-38,-8,252,-205,-72,-174
8645,5,5,-84,0,-161,-72,-70,136,-82,77,-185,-4
8646,2,2,33,20,237,-81,-45,-245,-291,127,-187,-135
8647,6,6,53,-81,-197,-145,19,7,212,-199,-62,-147
8648,2,2,21,7,243,-40,-87,-239,-323,130,-173,-111
8649,8,8,-52,-162,-73,65,-96,-69,-126,-68,226,66
8650,1,1,-67,294,-108,-316,99,-163,-136,-1,-136,-220
8651,7,7,-133,27,-12,-82,28,-201,-323,254,-151,22
8652,5,5,-90,-57,-215,-33,-100,216,-26,18,-166,-10
8653,5,5,-54,33,-151,45,-134,115,-72,31,-130,-37
8654,7,7,-134,32,32,-34,-69,-172,-338,254,-144,1
8655,3,3,-142,-19,-73,221,-80,-54,-248,56,-68,7
8656,5,5,-88,-9,-186,-25,-104,156,-114,66,-207,35
8657,0,0,173,-104,-80,-129,-171,-19,-47,31,-109,-53
8658,1,1,-46,289,-131,-326,110,-120,-92,-61,-132,-231
8659,1,1,-44,287,-111,-343,124,-128,-105,-46,-165,-226
8660,3,3,-244,11,-93,288,-125,-88,-347,46,-20,52
8661,8,8,-67,-91,-6,51,-99,-114,-148,2,191,15
8662,4,4,-124,58,-47,-192,286,-120,-166,11,-136,-140
8663,9,9,-99,-96,-108,-27,25,-72,-210,57,-11,166
8664,4,4,-108,58,-60,-236,275,-148,-194,82,-212,-171
8665,5,5,-41,-45,-234,-66,-59,140,-33,45,-193,23
8666,1,1,-83,268,-106,-307,111,-147,-156,-2,-143,-150
8667,8,8,-26,-145,-159,-72,-82,33,18,-141,179,30
8668,6,6,57,-174,-200,-130,-39,-11,230,-150,-20,-87
8669,8,8,-2,-153,-7,23,-76,-90,-79,-27,177,13
8670,9,9,-89,-151,-96,-63,-21,-14,-208,92,-59,168
8671,0,0,196,-178,-38,-115,-87,-109,-58,-51,-116,7
8672,1,1,-24,302,-99,-413,132,-164,-80,-74,-157,-274
8673,2,2,39,86,316,-109,-126,-250,-188,28,-141,-260
8674,3,3,-106,-14,-6,211,-138,-75,-252,75,-114,-64
8675,4,4,-154,59,-125,-279,375,-110,-141,-13,-157,-171
8676,5,5,-83,-156,-236,-128,-115,293,73,-135,-29,3
8677,6,6,53,-69,-219,-247,40,20,267,-211,-173,-221
8678,7,7,-53,56,-51,-172,49,-174,-232,188,-92,-44
8679,8,8,-44,-40,-200,-104,-7,14,-58,-78,144,-9
8680,9,9,-106,-77,-90,-86,85,-67,-221,65,-37,155
8681,0,0,189,-180,-42,-135,-19,-205,-52,-56,-101,-9
8682,1,1,-67,301,-111,-313,105,-171,-145,5,-166,-231
8683,2,2,27,106,322,-132,-108,-273,-192,23,-118,-264
8684,3,3,-193,13,11,201,-61,-160,-320,84,1,-19
8685,4,4,-137,96,-179,-334,361,-125,-144,18,-168,-201
8686,5,5,-183,-88,-258,-26,-64,301,10,-113,-62,12
8687,6,6,73,-111,-200,-241,18,32,295,-250,-157,-214
8688,7,7,-133,58,62,-37,-51,-216,-369,277,-160,-36
8689,8,8,-40,-149,-163,-40,-84,-33,-7,-110,253,-23
8690,9,9,-68,-64,-58,-75,42,-89,-211,92,-38,93
8691,0,0,208,-214,-75,-111,-120,-144,-55,5,-45,-28
8692,1,1,-57,302,-126,-328,109,-146,-99,-42,-151,-259
8693,2,2,61,84,246,-168,16,-262,-164,22,-162,-250
8694,3,3,-77,5,48,163,-136,-156,-300,61,-78,-10
8695,4,4,-169,100,-157,-320,382,-138,-193,19,-175,-153
8696,5,5,-83,-102,-290,-77,-88,254,5,-21,-7,-25
8697,6,6,62,-160,-205,-240,-4,33,343,-267,-82,-191
8698,7,7,-54,26,-83,-178,48,-140,-215,220,-110,-60
8699,8,8,-83,-31,-118,-61,-3,-38,-50,-101,212,-93
8700,9,9,-70,-32,-74,-106,81,-88,-192,43,-70,99
8701,3,3,-251,-16,-61,289,-148,-38,-340,126,-111,-33
8702,5,5,-121,-97,-238,-54,-121,279,33,-122,-6,-10
8703,3,3,-38,-48,63,186,-111,-179,-274,80,-76,-64
8704,2,2,21,91,328,-102,-128,-288,-283,114,-180,-235
8705,9,4,-85,-53,-82,-105,117,-95,-202,64,-43,90
8706,3,3,-181,22,48,234,-138,-147,-310,116,-68,-80
8707,2,2,24,100,268,-113,9,-269,-187,35,-172,-272
8708,1,1,-41,306,-96,-359,125,-172,-107,-38,-166,-275
8709,4,4,-165,68,-163,-306,327,-82,-129,32,-152,-157
8710,5,5,-117,-119,-221,-63,-110,274,70,-107,-24,-39
8711,5,5,-150,-44,-192,-26,-120,276,-53,-114,-51,45
8712,2,2,-53,140,302,-4,-149,-286,-314,96,-160,-235
8713,3,3,-214,22,5,201,-91,-101,-350,163,-203,-44
8714,2,2,-20,106,304,-83,-89,-270,-218,45,-75,-250
8715,1,1,0,279,-109,-394,109,-99,-26,-123,-151,-286
8716,3,3,-169,-15,10,228,-141,-96,-356,148,-163,-60
8717,9,9,-100,-128,-97,-62,59,-46,-187,81,-27,148
8718,7,7,-119,109,38,-58,-50,-268,-357,280,-110,-83
8719,2,2,8,74,265,-73,-76,-233,-166,24,-91,-211
8720,1,1,-72,314,-136,-350,122,-145,-100,-46,-142,-266
8721,2,2,-17,107,324,-75,-98,-277,-256,109,-187,-284
8722,8,8,-51,-93,-115,-57,-118,7,-21,-53,209,-35
8723,9,9,-95,-72,-85,-76,63,-119,-248,78,32,143
8724,1,1,-53,304,-100,-346,118,-170,-126,-17,-159,-246
8725,8,8,-103,-114,30,92,-175,-122,-158,-25,251,2
8726,8,8,-56,-130,-27,4,-85,-46,-50,-61,225,-7
8727,7,7,-117,86,-32,-130,17,-163,-279,207,-128,-12
8728,8,8,-64,-112,-107,-48,-85,18,-54,5,214,-25
8729,1,1,-42,315,-97,-369,90,-161,-76,-75,-127,-283
8730,0,0,165,-92,-51,-191,-12,-175,-108,-23,-187,-36
8731,0,0,156,-21,-32,-243,-19,-180,-129,34,-227,-91
8732,6,6,89,-112,-135,-254,2,-1,219,-161,-177,-141
8733,7,7,-136,54,-5,-81,10,-204,-343,249,-130,12
8734,7,7,-190,67,42,-32,-68,-236,-408,343,-188,-47
8735,8,8,-46,-157,-66,25,-88,-77,-128,-17,233,43
8736,7,7,-7,105,-41,-251,60,-166,-174,121,-125,-119
8737,5,5,-86,-109,-261,-103,-95,278,62,-132,-48,-11
8738,0,0,143,-44,-52,-244,92,-146,-38,-72,-296,-101
8739,6,6,57,-160,-246,-90,-71,7,273,-209,-33,-109
8740,1,1,-26,300,-112,-365,110,-123,-85,-65,-159,-252
8741,5,5,-104,-91,-227,-47,-96,259,28,-100,-71,-2
8742,7,7,-68,94,-1,-151,23,-198,-274,197,-109,-55
8743,4,4,-144,81,-129,-318,418,-175,-186,-8,-145,-211
8744,6,6,138,-161,-149,-262,-36,20,273,-244,-111,-190
8745,1,1,-33,300,-115,-408,133,-134,-60,-82,-153,-283
8746,2,2,41,61,266,-95,-32,-240,-167,11,-149,-233
8747,5,5,-96,-136,-206,-75,-100,265,36,-119,-50,42
8748,0,0,215,-28,-6,-272,2,-220,-59,-51,-199,-173
8749,7,7,-74,72,-30,-154,20,-167,-250,199,-110,-27
8750,9,9,-144,-106,-85,-60,121,-81,-277,60,-33,185
8751,9,9,-75,-134,-90,-34,28,-81,-239,65,-8,163
8752,0,0,241,-17,-29,-316,-79,-151,-5,-96,-200,-207
8753,3,3,-57,-79,-17,235,-158,-78,-274,62,-86,-38
8754,4,4,-142,34,-118,-263,351,-148,-207,45,-169,-124
8755,4,4,-161,75,-117,-285,318,-97,-158,60,-171,-174
8756,8,8,-47,-11,-14,-32,-12,-143,-161,16,131,-7
8757,4,4,-142,82,-121,-274,334,-150,-193,54,-116,-168
8758,1,1,-53,311,-120,-376,131,-154,-78,-67,-140,-288
8759,8,8,-3,-60,87,-44,-109,-122,-90,2,142,-48
8760,6,6,25,-122,-224,-153,-35,27,297,-202,-65,-204
8761,5,5,-77,-115,-341,-131,-98,297,52,-95,-32,-11
8762,9,9,-32,-75,-122,-116,55,-122,-188,40,-24,100
8763,0,0,188,-72,-27,-227,-63,-180,-105,7,-185,-77
8764,0,0,198,-117,2,-215,9,-212,-86,-42,-193,-56
8765,0,0,173,-154,-65,-160,-60,-154,-89,14,-89,-14
8766,3,3,-170,-21,-3,247,-93,-60,-273,82,-182,-71
8767,7,7,-110,9,-83,-149,42,-116,-259,250,-154,16
8768,1,1,-45,312,-76,-407,134,-192,-103,-53,-143,-281
8769,6,6,103,-93,-167,-271,9,-6,243,-189,-185,-191
8770,4,4,-125,34,-128,-264,305,-101,-140,15,-129,-103
8771,6,6,96,-195,-190,-195,20,16,329,-295,-99,-175
8772,0,0,189,-25,-14,-266,40,-224,-92,-35,-248,-142
8773,4,4,-118,129,-151,-296,307,-134,-128,57,-140,-297
8774,5,5,-87,-149,-215,-72,-78,265,38,-92,-79,17
8775,4,4,-152,104,-162,-287,360,-151,-180,9,-139,-185
8776,1,1,-58,310,-91,-311,102,-180,-116,-24,-164,-274
8777,3,3,-265,15,-33,275,-114,-123,-397,124,-119,11
8778,8,8,-68,-65,62,49,-130,-167,-189,65,157,-14
8779,6,6,44,-92,-265,-243,19,55,276,-218,-153,-164
8780,3,3,-217,33,-82,268,-156,-86,-362,97,-112,14
8781,9,9,-77,-131,-76,-56,36,-103,-230,83,11,148
8782,9,9,-102,-127,-48,-29,1,-90,-289,110,24,148
8783,5,5,-110,-124,-217,-81,-87,263,50,-104,4,-5
8784,9,9,-126,-84,-116,-94,92,-75,-273,61,-26,188
8785,3,3,-23,-83,36,142,-75,-46,-169,13,-150,-69
8786,7,7,-151,5,-49,-83,-10,-169,-309,305,-145,10
8787,8,8,-20,-114,-28,9,-79,-114,-115,-39,202,16
8788,5,5,-103,-67,-167,-53,-109,245,-39,-93,-72,51
8789,6,6,30,-130,-237,-146,10,35,299,-229,-77,-188
8790,4,4,-131,65,-141,-307,381,-127,-134,-23,-161,-193
8791,7,7,-140,27,37,-22,-70,-179,-362,267,-146,-5
8792,6,6,57,-149,-171,-170,10,3,306,-246,-62,-193
8793,2,2,44,33,330,-72,-156,-232,-229,66,-194,-243
8794,2,2,-20,111,355,-83,-172,-289,-275,102,-152,-258
8795,0,0,182,-9,7,-274,-5,-229,-141,12,-242,-112
8796,9,9,-100,-84,-73,-77,42,-82,-257,122,-47,135
8797,4,4,-135,65,-117,-224,325,-123,-144,44,-138,-226
8798,0,0,188,-162,-38,-121,-91,-152,-133,43,-177,27
8799,1,1,-62,316,-121,-339,99,-145,-94,-45,-142,-266
8800,2,2,23,82,263,-68,-45,-260,-208,29,-139,-228
8801,3,3,-273,-8,-121,312,-112,-15,-316,55,-52,20
8802,4,4,-27,-36,-54,-236,313,-206,-117,-1,-155,-180
8803,5,5,-63,-114,-206,-100,-124,244,15,-66,-13,0
8804,6,6,83,-66,-140,-250,54,-41,234,-221,-137,-200
8805,7,7,-101,86,38,-60,-66,-214,-342,257,-136,-51
8806,8,8,-78,79,-267,-288,41,-63,-17,-124,90,-100
8807,9,9,-57,-118,-177,-78,-11,55,-98,53,-87,95
8808,0,0,151,-24,-48,-236,-36,-197,-54,15,-143,-122
8809,1,1,-103,326,-108,-356,120,-205,-138,-31,-101,-248
8810,2,2,-37,80,235,69,-143,-300,-247,71,-88,-171
8811,3,3,-272,10,-118,307,-122,-2,-284,58,-74,-7
8812,4,4,-101,49,-150,-228,275,-119,-131,41,-127,-170
8813,5,5,-100,-116,-241,-46,-135,288,-13,-82,-47,20
8814,6,6,80,-111,-185,-214,36,11,285,-275,-131,-209
8815,7,7,-114,4,44,-8,-96,-177,-393,265,-151,-5
8816,8,1,-52,175,-125,-265,65,-134,-59,-118,42,-171
8817,9,9,-49,-134,-143,-87,-5,5,-139,60,-64,128
8818,0,0,206,-97,54,-210,-23,-263,-126,8,-147,-85
8819,1,1,-112,326,-100,-332,99,-195,-148,-24,-92,-228
8820,2,2,-50,6,236,43,-130,-200,-208,31,-35,-130
8821,3,3,-300,44,-114,315,-136,2,-312,124,-164,-60
8822,4,4,-89,-37,-112,-195,277,-184,-110,-15,-42,-120
8823,5,5,-28,-101,-180,-74,-55,157,-6,-22,-26,19
8824,6,6,32,-105,-202,-196,82,16,278,-235,-138,-218
8825,7,7,-95,94,35,-73,-38,-235,-350,255,-153,-59
8826,8,8,26,-146,-135,-159,-45,-128,0,-149,189,-8
8827,9,9,-56,-136,-98,-81,16,-13,-128,44,-32,125
8828,6,6,30,-180,-276,-146,16,74,342,-276,-81,-192
8829,4,4,-134,105,-143,-316,329,-125,-168,18,-181,-166
8830,2,2,19,-28,209,-71,-15,-219,-87,-81,16,-180
8831,6,6,66,-147,-240,-185,9,38,322,-261,-100,-187
8832,4,4,-115,107,-206,-328,303,-75,-97,25,-217,-252
8833,7,7,-72,51,-61,-176,89,-191,-262,204,-142,-30
8834,5,5,-51,-142,-228,-127,-115,248,44,-78,-9,2
8835,5,5,-39,-133,-184,-109,-92,221,55,-104,-53,27
8836,4,4,-95,91,-147,-303,309,-100,-89,33,-195,-282
8837,7,7,-91,28,21,-57,-30,-212,-358,244,-125,10
8838,2,2,-66,87,250,40,-87,-238,-231,53,-101,-213
8839,9,9,-132,-48,-82,-106,87,-94,-296,101,-59,154
8840,3,3,-313,17,-87,330,-151,-54,-392,101,-46,-11
8841,9,9,-59,-176,-116,-1,8,-34,-188,31,-17,175
8842,3,3,-278,15,-147,299,-138,38,-291,59,-77,-3
8843,8,8,-15,-72,-179,-213,-34,-31,16,-134,137,-41
8844,2,2,42,-33,204,-5,-65,-227,-173,29,-92,-133
8845,0,0,195,25,1,-330,-37,-228,-124,8,-226,-164
8846,9,4,-88,25,-103,-203,144,-124,-222,73,-110,60
8847,5,5,51,-118,-101,-182,-25,91,24,-61,-164,1
8848,6,6,49,-73,-210,-260,61,-2,240,-210,-145,-150
8849,0,0,206,-76,-53,-244,-67,-143,-47,-29,-196,-109
8850,1,1,-24,294,-109,-396,134,-123,-73,-85,-158,-255
8851,0,0,198,-89,-23,-226,-6,-228,-111,-24,-153,-73
8852,6,6,47,-129,-226,-211,50,32,335,-276,-130,-235
8853,5,5,-36,-156,-258,-116,-117,238,62,-76,49,-24
8854,3,3,-301,24,-139,313,-133,20,-315,69,-69,2
8855,5,5,-80,-136,-187,-93,-94,248,9,-97,-25,51
8856,3,3,-298,58,-97,310,-170,1,-326,92,-82,-46
8857,8,8,-28,-31,-105,-198,-51,-109,-1,-157,179,-55
8858,0,0,187,-22,28,-290,21,-254,-136,0,-238,-119
8859,0,0,187,-98,35,-270,67,-184,-64,-50,-276,-86
8860,3,3,-275,43,-93,293,-113,-31,-295,75,-80,-28
8861,4,4,-102,67,-127,-290,330,-153,-170,23,-182,-162
8862,1,1,-55,319,-76,-389,135,-201,-133,-32,-164,-261
8863,5,5,-73,-89,-206,-118,-132,265,4,-108,-53,47
8864,3,3,-216,32,-49,277,-152,-56,-307,106,-151,-58
8865,0,0,155,-194,-68,-158,-41,-133,-86,7,-109,15
8866,8,8,-73,84,-167,-226,67,-140,-111,-125,118,-38
8867,3,3,-175,10,-51,236,-61,-17,-202,49,-142,-80
8868,0,0,215,-205,-64,-137,-58,-62,-12,-74,-174,24
8869,6,6,103,-170,-209,-204,-6,-2,305,-248,-91,-168
8870,2,2,-29,-4,202,11,-44,-197,-147,-20,-31,-124
8871,7,7,-109,-3,43,-33,-50,-224,-396,293,-156,8
8872,8,8,-62,50,-108,-197,54,-187,-121,-111,146,-25
8873,1,1,-50,307,-80,-399,151,-195,-116,-42,-148,-273
8874,7,7,-164,53,46,-13,-66,-218,-396,295,-169,-23
8875,1,1,-47,313,-86,-419,139,-189,-99,-63,-138,-279
8876,3,3,-183,-31,-109,207,-80,-7,-267,50,-80,32
8877,8,8,-61,47,-227,-175,51,-99,-53,-155,137,-51
8878,5,5,-67,-101,-170,-99,-77,199,-35,29,-126,7
8879,4,4,-146,105,-160,-323,372,-160,-193,16,-184,-169
8880,2,2,-2,4,229,-9,-61,-223,-163,-16,-52,-132
8881,0,0,178,-3,-9,-355,15,-272,-169,18,-185,-118
8882,9,4,-129,-2,-163,-172,142,-81,-196,-3,-85,126
8883,7,7,-146,19,-82,-72,-17,-98,-266,274,-111,-24
8884,6,6,85,-182,-190,-169,-30,10,307,-244,-69,-142
8885,7,7,-89,11,72,18,-166,-223,-384,231,-66,-19
8886,4,4,-62,83,-142,-301,293,-208,-168,24,-155,-164
8887,1,1,-100,329,-69,-336,107,-217,-167,-11,-118,-236
8888,6,6,42,-123,-186,-197,52,22,311,-269,-131,-240
8889,2,2,107,-72,136,-100,15,-183,-95,-43,-76,-83
8890,6,6,92,-131,-164,-245,64,-15,309,-285,-145,-216
8891,7,7,-91,66,64,-59,-66,-254,-372,293,-155,-74
8892,1,1,-56,308,-42,-334,115,-243,-180,23,-194,-249
8893,9,9,-74,-202,-124,4,33,-59,-206,39,-4,194
8894,8,8,2,-41,-183,-173,-38,-94,-14,-159,152,-36
8895,0,0,207,-19,8,-310,-51,-260,-123,5,-171,-143
8896,6,6,67,-97,-153,-252,61,-22,270,-230,-141,-222
8897,9,9,-17,-196,-119,-41,29,-128,-168,48,69,120
8898,4,4,-115,112,-182,-303,303,-147,-150,27,-125,-197
8899,9,9,-44,-110,-132,-52,31,-79,-177,47,-14,124
8900,9,9,-54,-122,-112,-72,18,-75,-151,46,21,136
8901,6,6,94,-139,-201,-169,8,26,282,-262,-130,-214
8902,2,2,-24,35,235,-12,-80,-198,-226,29,-70,-119
8903,3,3,-281,38,-120,320,-152,-10,-304,87,-125,-35
8904,7,7,-63,-46,-63,-101,51,-139,-273,214,-165,48
8905,1,1,-66,316,-75,-349,110,-212,-158,-1,-162,-234
8906,9,9,18,-128,-152,-142,-10,-80,-84,13,5,67
8907,2,2,42,46,301,-81,-91,-315,-313,122,-184,-201
8908,2,2,45,-36,171,-64,25,-227,-62,-100,-24,-152
8909,5,5,-89,-149,-223,-36,-97,258,6,-89,-27,29
8910,3,3,-236,30,-37,241,-93,-91,-328,131,-133,-27
8911,7,7,-95,22,23,-31,-94,-235,-396,292,-116,-16
8912,8,1,-41,169,-125,-204,9,-141,-98,-74,39,-147
8913,0,0,215,-31,-65,-282,-99,-68,67,-106,-179,-210
8914,1,1,-74,316,-113,-369,121,-161,-99,-56,-123,-258
8915,2,2,-7,77,235,-12,-49,-265,-220,65,-160,-219
8916,3,3,-250,17,-11,294,-122,-139,-370,108,-67,-16
8917,4,4,-98,95,-105,-272,304,-198,-199,48,-129,-167
8918,7,7,-90,38,-138,-190,64,-89,-166,177,-106,-40
8919,8,8,-56,-112,-33,24,-73,-107,-126,-38,217,7
8920,9,9,-51,-178,-50,7,44,-107,-224,52,-21,177
8921,0,0,179,-37,-2,-245,-10,-194,-79,-18,-196,-109
8922,1,1,-103,335,-114,-363,122,-196,-119,-61,-82,-251
8923,2,2,29,-16,213,-40,5,-191,-143,-36,-81,-131
8924,3,3,-94,4,61,204,-178,-164,-315,84,-76,-35
8925,4,4,-80,136,-109,-395,372,-220,-185,38,-187,-288
8926,7,7,-83,-33,-161,-122,24,-82,-192,212,-37,-11
8927,8,8,-7,-126,-20,-24,-73,-135,-88,-76,195,17
8928,9,9,-24,-179,-97,-57,-32,-18,-180,74,-67,148
8929,0,0,152,-46,-103,-247,-102,-74,-37,42,-134,-147
8930,1,1,-116,351,-128,-361,118,-196,-142,-33,-104,-253
8931,7,7,-23,-11,-151,-163,31,-101,-158,178,-126,-60
8932,8,8,-4,-122,2,-14,-64,-176,-153,-25,167,26
8933,9,9,-34,-209,-61,16,8,-97,-192,23,24,178
8934,8,8,-25,-99,-73,-45,-60,-118,-93,-87,205,21
8935,9,9,-38,-171,-97,-23,48,-65,-154,5,-34,170
8936,2,2,3,102,266,-87,-67,-245,-208,53,-113,-222
8937,6,6,45,-98,-178,-205,26,10,284,-236,-90,-207
8938,1,1,-97,323,-113,-371,114,-182,-129,-37,-102,-235
8939,3,3,-165,2,3,247,-142,-139,-330,104,-80,-25
8940,5,5,-50,-133,-190,-82,-85,223,54,-54,-68,-30
8941,4,4,-91,6,-34,-198,312,-206,-162,14,-139,-144
8942,8,8,-9,-105,-51,1,-28,-174,-173,-5,111,46
8943,2,2,-37,106,247,1,-111,-234,-264,79,-150,-193
8944,6,6,63,-135,-136,-197,-25,14,292,-277,3,-225
8945,4,4,-106,90,-99,-247,299,-182,-181,49,-123,-197
8946,3,3,-213,19,-90,254,-106,-17,-261,87,-139,-50
8947,4,4,-87,40,-101,-243,286,-183,-156,25,-97,-146
8948,5,5,-64,-47,-199,-34,-34,150,14,-28,-59,-29
8949,9,9,-46,-206,-132,-7,8,-34,-177,19,4,189
8950,2,2,-48,102,186,-16,-52,-203,-195,73,-116,-210
8951,0,0,212,-7,-49,-304,-29,-119,7,-95,-206,-192
8952,3,3,-183,4,-75,114,-28,-37,-241,9,-24,84
8953,9,9,-33,-210,-81,-14,26,-97,-158,-6,51,174
8954,4,4,-66,54,-110,-240,265,-158,-103,16,-125,-187
8955,9,9,-30,-160,-115,-38,15,-34,-131,32,-5,133
8956,7,1,-48,130,-22,-144,10,-181,-203,76,-57,-69
8957,3,3,-246,6,-124,291,-86,-21,-268,107,-150,-80
8958,8,8,-67,-60,-100,-53,6,-67,-119,-91,196,20
8959,7,7,-73,5,-108,-145,37,-135,-227,211,-82,-2
8960,4,4,-78,7,-85,-246,302,-158,-141,13,-129,-132
8961,4,4,-60,22,-80,-196,244,-189,-127,-7,-78,-113
8962,9,9,-94,-151,-78,-29,75,-99,-232,39,-2,184
8963,8,8,-21,-119,10,-19,-67,-148,-146,-5,140,55
8964,5,5,-86,-91,-158,-72,-63,202,-23,-27,-103,36
8965,8,8,-97,-87,-2,-55,-6,-145,-184,15,193,33
8966,2,2,-69,77,226,21,-98,-210,-209,69,-70,-203
8967,6,6,49,-93,-247,-201,-10,43,268,-234,-42,-218
8968,6,6,30,-166,-223,-160,21,46,330,-270,-48,-205
8969,2,2,21,45,218,-37,-26,-199,-134,-1,-136,-198
8970,3,3,-207,-33,-21,263,-135,-110,-357,101,-10,4
8971,1,1,-107,329,-104,-337,102,-186,-136,-30,-97,-233
8972,3,3,-255,-33,-50,307,-135,-65,-384,113,-94,-1
8973,2,2,-28,44,215,-5,-89,-188,-174,20,-69,-151
8974,7,7,-48,-53,-140,-103,-14,-52,-160,220,-131,-13
8975,3,3,-15,-103,-24,125,-39,-52,-159,-19,-2,30
8976,1,1,-119,335,-158,-339,118,-167,-117,-51,-86,-241
8977,9,9,-53,-173,-55,-20,59,-131,-236,54,-4,160
8978,0,0,179,-160,-33,-180,-47,-113,-40,-27,-153,-13
8979,1,1,-121,339,-124,-350,123,-179,-130,-56,-78,-244
8980,1,1,-105,336,-47,-342,120,-226,-181,-23,-103,-250
8981,3,3,-82,-53,-2,180,-108,-56,-231,56,-77,-9
8982,5,5,-73,-51,-145,10,-51,131,-12,-12,-82,-29
8983,0,0,170,-117,7,-170,21,-130,-21,-61,-153,-52
8984,7,7,-62,-43,-123,-105,31,-85,-129,127,-6,1
8985,8,8,-72,-115,-26,2,-70,-129,-184,-12,215,62
8986,1,1,-101,316,-95,-340,107,-198,-143,-25,-93,-232
8987,5,5,-55,-143,-201,-33,-86,220,29,-56,-71,-1
8988,1,1,-111,340,-126,-353,133,-193,-130,-48,-97,-254
8989,4,4,-118,83,-83,-249,343,-211,-192,27,-130,-210
8990,6,6,21,-173,-247,-99,16,45,294,-247,-46,-157
8991,0,0,196,-131,-35,-117,-113,-110,-44,-29,-117,-30
8992,0,0,214,-118,-8,-202,-85,-107,53,-93,-112,-111
8993,4,4,-69,91,-114,-292,278,-172,-157,32,-131,-177
8994,9,9,-38,-173,-104,-12,54,-79,-166,24,-10,149
8995,1,1,-102,335,-90,-349,117,-210,-156,-8,-131,-260
8996,6,6,42,-201,-193,-104,19,15,309,-275,-28,-172
8997,6,6,19,-165,-234,-80,29,45,266,-223,-56,-146
8998,9,9,-58,-128,-113,-59,75,-85,-155,53,-2,108
8999,0,0,169,-74,-33,-258,25,-111,12,-68,-170,-108
9000,7,7,-74,-30,-114,-94,10,-83,-190,174,-36,32
9001,6,6,17,-124,-174,-84,-24,23,246,-210,-26,-149
9002,1,1,-124,339,-86,-323,118,-199,-152,-34,-81,-247
9003,1,1,-138,338,-85,-313,123,-217,-174,-19,-76,-244
9004,0,0,204,-49,64,-241,-61,-268,-114,1,-110,-151
9005,1,1,-74,302,-97,-370,109,-193,-118,-74,-77,-236
9006,2,2,-8,23,267,67,-256,-311,-242,46,-4,-179
9007,3,3,-290,9,-56,314,-231,-38,-358,75,26,-16
9008,4,4,-21,78,-140,-319,276,-225,-92,-23,-142,-196
9009,7,2,-68,91,153,-4,-61,-232,-226,143,-90,-172
9010,2,2,-98,25,264,139,-320,-308,-290,101,39,-174
9011,3,3,-238,-54,-140,291,-137,74,-239,19,-4,-6
9012,4,4,11,-52,-57,-143,118,-155,-49,-62,-14,-45
9013,5,5,-28,-35,-139,-57,-54,117,39,-4,-86,-92
9014,6,6,69,-189,-76,-154,29,33,206,-171,-101,-142
9015,7,7,-85,106,121,-12,-12,-198,-190,145,-116,-191
9016,0,0,164,-139,36,-101,11,-161,-11,-96,-76,-52
9017,1,1,-123,288,-58,-287,106,-196,-169,-25,-52,-211
9018,2,2,-78,68,227,102,-181,-211,-231,57,-74,-177
9019,7,7,-116,88,116,33,-67,-210,-272,204,-101,-142
9020,8,8,-21,-166,-147,-35,-68,-1,-18,-90,183,42
9021,6,6,58,-117,-65,-208,19,-24,256,-212,-98,-239
9022,3,3,-254,24,-28,272,-138,10,-208,96,-56,-146
9023,9,9,7,-202,-32,-12,71,-61,-101,-32,-82,109
9024,7,7,-94,63,137,42,-99,-253,-317,216,-112,-120
9025,1,1,-75,288,-125,-358,91,-148,-78,-67,-71,-237
9026,9,9,34,-206,-88,-65,59,-53,-56,-43,-55,117
9027,3,3,-215,-33,-93,230,-123,7,-284,54,-14,14
9028,9,9,-72,-150,-99,-12,42,13,-151,22,-72,142
9029,6,6,55,-164,-145,-196,64,50,286,-252,-138,-235
9030,1,1,-84,327,-92,-368,120,-218,-147,-15,-127,-253
9031,7,7,-108,84,94,-38,-14,-220,-312,246,-164,-111
9032,2,2,-38,-40,252,127,-310,-297,-276,96,32,-146
9033,4,4,-119,38,-142,-234,294,-159,-152,5,-58,-132
9034,4,4,-100,96,-144,-307,326,-119,-106,-21,-147,-219
9035,5,5,-80,-17,-249,-76,-2,125,10,28,-39,-76
9036,7,7,-117,57,75,44,-114,-160,-282,196,-81,-73
9037,0,0,188,-127,11,-226,30,-137,-6,-75,-173,-70
9038,0,0,166,-120,8,-191,6,-65,45,-75,-162,-107
9039,1,1,-70,311,-89,-374,107,-188,-111,-62,-94,-248
9040,6,6,36,-153,-159,-191,62,59,262,-246,-114,-177
9041,6,6,51,-187,-172,-86,61,40,234,-241,-121,-151
9042,8,8,-6,-125,2,-28,-99,-115,-55,-68,190,-5
9043,2,2,-95,24,217,100,-314,-239,-300,102,51,-141
9044,7,7,-131,109,159,-28,-39,-262,-339,272,-172,-167
9045,7,7,-147,2,94,24,-46,-182,-387,261,-174,-24
9046,2,2,-56,-19,272,86,-325,-273,-248,98,46,-171
9047,4,4,-121,-9,-229,-238,238,-67,-54,22,-82,-149
9048,2,2,-10,66,325,-37,-152,-305,-186,34,-82,-238
9049,1,1,-92,330,-73,-359,115,-211,-151,-48,-94,-243
9050,6,6,-13,-111,-197,-145,95,66,237,-217,-103,-188
9051,1,1,10,206,-77,-342,108,-167,-72,-60,-148,-227
9052,0,0,202,-148,-51,-140,-61,-94,40,-94,-80,-100
9053,6,6,56,-126,-206,-197,15,43,296,-257,-113,-202
9054,9,7,-69,-4,-16,-127,34,-75,-202,141,-132,43
9055,8,8,-139,-75,-44,-135,-3,-37,-181,-21,248,51
9056,3,3,-250,-40,-114,315,-150,59,-236,34,-27,-41
9057,9,9,-39,-200,-100,1,-17,-6,-163,22,-37,159
9058,6,6,56,-113,-187,-230,59,23,283,-256,-134,-216
9059,3,3,-234,-36,-167,328,-200,96,-231,27,-55,-33
9060,0,0,223,-146,-94,-136,-153,-71,-80,52,-167,-34
9061,1,1,-37,251,-109,-291,83,-78,-75,-91,-83,-180
9062,2,2,57,-33,151,-33,-144,-237,-116,22,-2,-108
9063,3,3,-196,18,-51,291,-240,-75,-327,46,-40,11
9064,4,4,-171,21,-172,-341,393,-95,-133,58,-205,-210
9065,5,5,-82,-157,-231,-91,-112,276,-11,-79,-90,72
9066,6,6,120,-230,-201,-185,-44,19,309,-243,-52,-141
9067,7,7,-124,42,-130,-209,25,-127,-223,297,-166,-65
9068,8,8,-40,-173,-52,56,-121,-98,-148,-19,237,69
9069,9,7,-79,1,-83,-156,79,-81,-188,93,-66,52
9070,0,0,170,-190,-118,-102,-58,-54,-44,-3,-177,46
9071,1,1,-45,201,-140,-270,113,-66,-90,-69,-85,-120
9072,2,2,23,-6,233,45,-267,-303,-217,57,-2,-148
9073,3,3,-139,39,-7,214,-87,-68,-152,58,-74,-127
9074,4,4,-124,48,-160,-406,376,-104,-106,39,-235,-235
9075,5,5,-51,-184,-312,-51,-166,293,-6,-7,-143,17
9076,6,6,78,-186,-227,-147,-30,45,305,-244,-58,-165
9077,7,7,-164,33,-44,-118,14,-205,-342,323,-136,-3
9078,8,8,-16,-239,-146,51,-114,-30,-5,-114,265,11
9079,9,9,-152,-148,-110,-19,97,3,-213,10,-119,226
9080,0,0,192,-165,-63,-178,-125,-87,-28,-6,-54,-56
9081,1,1,-58,262,-149,-342,132,-98,-102,-76,-113,-172
9082,2,2,-13,46,173,8,-248,-277,-217,88,19,-165
9083,3,3,-245,65,-64,293,-143,-78,-333,139,-180,-86
9084,4,4,-90,27,-106,-313,290,-114,-136,71,-228,-145
9085,5,5,-12,-207,-238,-63,-176,238,27,-47,-94,51
9086,6,6,92,-220,-205,-166,-45,55,304,-237,-62,-122
9087,7,7,-157,44,-42,-129,35,-196,-306,284,-141,-12
9088,8,8,-27,-96,-119,-15,-91,-16,-27,-38,179,-40
9089,9,9,-133,-70,-77,-91,60,-27,-230,19,-1,180
9090,1,1,-89,248,-145,-325,150,-110,-132,-52,-128,-131
9091,6,6,96,-172,-232,-162,-54,23,324,-264,-52,-186
9092,8,8,-13,-75,45,54,-89,-159,-154,49,91,-44
9093,9,9,-89,-73,-117,-129,83,-26,-150,7,-73,156
9094,9,9,-121,-57,-85,-119,140,-52,-210,1,-86,172
9095,0,0,151,-132,-163,-147,-110,-11,-78,90,-204,5
9096,1,1,-26,285,-88,-340,79,-100,-56,-104,-103,-228
9097,2,2,30,51,204,-124,-94,-230,-22,-83,-58,-275
9098,4,4,-85,60,-128,-354,333,-112,-121,63,-250,-252
9099,4,4,-90,-58,-160,-311,303,-73,-69,68,-249,-150
9100,3,3,-216,-2,-86,294,-171,-73,-276,35,6,9
9101,7,7,-163,42,22,-48,-44,-244,-419,340,-165,-12
9102,4,4,-87,36,-116,-345,346,-117,-108,17,-220,-208
9103,4,4,2,63,-128,-332,228,-115,-14,-53,-163,-191
9104,4,4,-155,30,-173,-355,367,-83,-111,49,-231,-199
9105,0,0,131,-220,-113,-111,-8,-84,-37,-35,-119,70
9106,3,3,-251,45,-84,359,-197,-100,-347,90,-86,-36
9107,8,8,-75,-109,-85,107,-86,-86,-89,-32,215,-39
9108,7,7,-133,-10,-85,-157,51,-148,-244,313,-187,-24
9109,5,5,-81,-157,-239,-62,-141,286,-15,-94,-97,80
9110,8,8,-59,-128,-96,54,-64,-56,-73,-55,196,19
9111,2,2,-16,24,279,62,-170,-328,-211,40,-39,-213
9112,1,1,-40,220,-135,-270,97,-60,-59,-111,-68,-144
9113,7,7,-128,11,-86,-152,-5,-101,-221,292,-157,-36
9114,5,5,-106,-185,-271,-137,-126,337,30,-135,-35,63
9115,3,3,-146,-26,-64,248,-133,-72,-321,53,-80,35
9116,8,8,21,-196,-21,55,-154,-106,-67,-30,203,7
9117,5,5,-14,-63,-266,-99,-87,148,-21,64,-84,-48
9118,2,2,-57,61,247,31,-231,-321,-267,96,36,-168
9119,5,5,-45,-193,-169,-131,-141,249,26,-55,-26,23
9120,1,1,-15,271,-133,-348,123,-99,-48,-89,-147,-248
9121,1,1,-16,285,-127,-383,125,-102,-51,-100,-150,-256
9122,6,6,44,-166,-176,-204,24,50,312,-267,-78,-171
9123,2,2,-114,-20,225,170,-253,-318,-353,158,14,-102
9124,1,1,-22,249,-122,-348,109,-76,-43,-99,-131,-209
9125,3,3,-276,40,-82,334,-152,-75,-354,99,-78,-25
9126,8,8,4,-134,-99,-6,-74,-51,36,-101,176,-60
9127,6,6,49,-120,-210,-233,5,62,312,-285,-107,-190
9128,4,4,-40,25,-181,-309,263,-83,-21,16,-204,-245
9129,2,2,-52,-7,280,104,-375,-328,-258,84,66,-176
9130,6,6,105,-204,-204,-106,-112,-33,273,-186,5,-130
9131,2,2,-85,106,231,62,-335,-270,-269,86,-14,-164
9132,5,5,-94,-123,-178,-48,-124,249,1,-98,-37,41
9133,5,5,-136,-132,-162,-70,-156,299,-44,-121,-42,69
9134,0,0,154,-146,-91,-160,-47,-11,43,-61,-122,-26
9135,2,2,-23,74,318,-21,-235,-323,-169,16,-25,-255
9136,8,8,-35,-156,-103,51,-48,-90,-80,-57,212,34
9137,0,0,210,-178,-87,-156,-173,-45,-22,15,-96,-46
9138,6,6,107,-246,-189,-174,-38,20,338,-276,-35,-148
9139,8,8,-76,-40,-139,-41,17,-35,60,-130,152,-140
9140,1,1,-41,297,-109,-352,120,-140,-119,-43,-167,-225
9141,7,7,-183,63,-221,-217,89,-56,-192,282,-197,-137
9142,9,9,-114,-25,-72,-140,137,-111,-238,20,-73,149
9143,1,1,-39,300,-140,-377,112,-130,-112,-42,-160,-225
9144,9,9,-101,-111,-60,-70,92,-67,-239,53,-47,160
9145,2,2,14,49,221,-33,-145,-292,-163,7,-3,-177
9146,6,6,58,-178,-191,-182,-5,39,291,-223,-41,-178
9147,7,7,-123,20,-171,-219,46,-103,-217,291,-172,-54
9148,6,6,93,-121,-191,-272,-10,24,319,-302,-89,-219
9149,6,6,60,-135,-236,-211,7,31,313,-304,-35,-200
9150,8,8,-43,-139,-96,33,-70,-58,26,-119,209,-68
9151,7,7,-134,-31,-163,-182,19,-102,-252,349,-177,-17
9152,4,4,-95,85,-170,-307,303,-88,-71,4,-177,-255
9153,9,9,-56,-45,-184,-183,41,9,-63,-9,-39,80
9154,2,2,-63,29,258,80,-306,-335,-337,153,-4,-144
9155,1,1,-34,258,-154,-365,144,-90,-86,-81,-154,-195
9156,3,3,-215,38,-162,225,-91,33,-228,32,-159,-6
9157,3,3,-300,16,-99,404,-233,-91,-351,57,23,-24
9158,0,0,136,-184,-45,-99,22,-65,1,-71,-106,26
9159,5,5,-125,-90,-219,3,-131,259,-72,-77,-132,90
9160,5,5,-95,-158,-211,-129,-114,290,5,-114,-38,77
9161,8,8,-52,-149,-92,-32,-143,-3,71,-109,242,-102
9162,0,0,195,-136,-87,-150,-87,-64,14,-56,-167,-77
9163,3,3,-95,-28,123,212,-291,-222,-265,72,65,-87
9164,7,7,-133,20,-115,-203,43,-149,-269,332,-186,-47
9165,9,9,-63,-70,-166,-184,36,16,-69,29,-65,88
9166,7,7,-135,8,-100,-144,4,-108,-222,328,-184,-66
9167,0,0,130,-113,-136,-165,-166,-9,-85,128,-143,-50
9168,2,7,-39,40,106,42,-250,-253,-251,111,48,-88
9169,7,7,-160,60,-173,-233,78,-135,-261,285,-145,-54
9170,9,9,-81,-75,-164,-188,48,52,-64,6,-62,92
9171,1,1,-53,253,-165,-314,131,-83,-65,-106,-91,-179
9172,7,7,-140,62,-174,-239,40,-84,-195,304,-190,-135
9173,8,8,-25,17,-46,-66,-12,-158,-110,39,84,-120
9174,0,0,171,-152,-144,-133,-95,-23,19,-8,-128,-30
9175,3,3,-233,65,-1,320,-211,-164,-395,139,-128,-74
9176,5,5,-56,-111,-167,-74,-132,215,-26,-69,-79,64
9177,3,3,-209,53,16,296,-155,-115,-297,114,-118,-110
9178,6,6,101,-245,-218,-159,-60,35,353,-282,-53,-139
9179,0,0,200,-94,-60,-237,-130,-165,-63,-2,-80,-92
9180,1,1,-100,338,-116,-363,119,-183,-122,-64,-87,-252
9181,2,2,-73,100,281,110,-228,-344,-313,74,-89,-200
9182,3,3,-183,17,-60,241,-122,-80,-262,79,-52,-42
9183,4,4,-126,156,-90,-244,257,-181,-176,48,-154,-212
9184,5,5,-111,-13,-230,-116,-57,207,-30,1,-104,-24
9185,6,6,77,-140,-242,-209,8,40,302,-265,-94,-195
9186,7,7,-79,75,-157,-232,92,-104,-156,131,-78,-101
9187,8,8,15,-82,-69,-55,-28,-163,-102,-88,131,9
9188,9,7,-19,-85,-53,-53,55,-176,-236,83,-48,56
9189,0,0,180,-49,-114,-203,-100,-120,-66,4,-105,-118
9190,1,1,-99,317,-175,-385,109,-161,-93,-79,-72,-247
9191,2,2,-141,143,258,74,-212,-300,-318,113,-22,-209
9192,3,3,-104,-111,-84,212,-64,-47,-251,42,-47,36
9193,4,4,-101,131,-28,-247,317,-234,-164,-4,-148,-287
9194,5,5,-79,-68,-200,38,-86,158,-3,-17,-109,-49
9195,6,6,74,-171,-204,-197,-2,30,320,-278,-44,-201
9196,7,7,-40,44,-44,-125,24,-175,-238,180,-69,-60
9197,8,8,1,-66,-59,-46,-43,-128,-96,-91,126,21
9198,9,9,-58,-180,-91,-7,-13,-88,-201,45,80,148
9199,0,0,208,-157,-79,-170,-65,-77,32,-81,-122,-85
9200,1,1,-103,340,-96,-359,131,-210,-140,-56,-90,-258
9201,2,2,-129,95,268,153,-261,-345,-336,107,-31,-200
9202,3,3,-121,-15,-22,135,-22,-75,-240,78,-106,-30
9203,4,4,-108,113,-34,-216,297,-242,-175,4,-129,-240
9204,7,7,-35,35,-68,-130,33,-148,-194,167,-69,-77
9205,8,8,8,-35,-108,-149,51,-127,-67,-103,78,-11
9206,9,9,-35,-198,-84,-3,-15,-108,-197,61,65,148
9207,6,6,80,-153,-237,-194,4,34,310,-285,-74,-176
9208,4,4,-106,170,-153,-296,217,-143,-168,41,-159,-143
9209,2,2,-8,77,295,-49,-141,-309,-212,41,-42,-207
9210,6,6,87,-116,-163,-198,23,-33,232,-221,-71,-139
9211,4,4,-95,126,-125,-267,222,-158,-184,26,-128,-90
9212,7,7,-52,18,-153,-203,81,-128,-173,157,-56,-87
9213,8,8,-7,-58,-171,-188,-5,-55,21,-156,134,-64
9214,9,9,-28,-109,-114,-61,70,-119,-176,40,3,79
9215,2,2,-91,113,254,63,-185,-245,-282,59,-57,-176
9216,9,9,-91,-102,-75,-52,77,-97,-223,51,-19,131
9217,3,3,-17,-27,108,146,-135,-203,-256,56,-36,-68
9218,9,9,-39,-106,-88,-56,66,-124,-190,45,-40,98
9219,3,3,-130,-42,-15,202,-60,-114,-282,69,-38,1
9220,0,0,174,-120,-132,-111,-95,-42,-11,-8,-118,-87
9221,0,0,190,-50,-33,-255,1,-223,-90,-41,-136,-111
9222,1,1,-110,312,-152,-375,104,-146,-100,-65,-70,-235
9223,0,0,176,-160,-86,-168,-43,-91,-17,-52,-113,-43
9224,4,4,-103,158,-129,-332,338,-223,-184,38,-167,-273
9225,2,2,-133,103,190,104,-234,-239,-318,115,-27,-130
9226,6,6,66,-126,-147,-203,22,6,277,-236,-94,-205
9227,3,3,23,-87,63,73,-115,-92,-149,4,5,-17
9228,5,5,-43,-62,-114,-18,-95,155,-36,0,-135,-39
9229,3,3,-166,-26,-19,212,-76,-166,-348,118,-54,8
9230,0,0,189,-171,-85,-87,-72,-64,-51,-36,-182,51
9231,3,3,-123,9,-3,220,-144,-82,-267,81,-111,-61
9232,4,4,-115,127,-87,-269,294,-203,-177,59,-146,-261
9233,1,1,-110,338,-94,-323,115,-210,-154,-9,-130,-260
9234,5,5,-88,-73,-193,22,-101,198,-21,-9,-96,-24
9235,3,3,-35,-74,56,216,-150,-176,-254,40,-2,-34
9236,0,0,200,-130,-46,-153,-51,-143,-76,-19,-107,-73
9237,8,8,-19,-116,-56,7,-32,-143,-105,-14,152,-12
9238,3,3,-36,-58,80,146,-147,-145,-248,46,-2,-19
9239,0,0,161,-129,-111,-104,-67,-61,-55,0,-114,-32
9240,6,6,111,-203,-177,-146,-41,49,297,-272,-99,-181
9241,1,1,-118,336,-105,-326,110,-191,-141,-26,-104,-250
9242,7,7,-90,0,-163,-156,41,-75,-195,234,-129,-37
9243,8,8,10,33,-111,-197,26,-134,-78,-77,49,-58
9244,0,0,232,-151,-9,-199,-20,-174,-41,-71,-165,-81
9245,9,4,18,-134,-113,-103,86,-131,-123,36,-23,38
9246,2,2,-123,109,233,178,-274,-318,-361,109,-75,-171
9247,6,6,62,-238,-179,-111,31,11,296,-267,-40,-122
9248,7,7,-37,91,-111,-231,74,-143,-164,142,-112,-135
9249,1,1,-94,326,-153,-393,113,-180,-96,-78,-78,-260
9250,9,9,-35,-196,-83,21,24,-103,-182,-3,27,173
9251,6,6,53,-144,-180,-161,21,5,285,-260,-50,-180
9252,9,4,64,-123,-74,-123,79,-201,-121,-32,-23,27
9253,4,4,-127,165,-102,-243,255,-155,-141,12,-118,-244
9254,9,9,-60,-154,-82,-20,58,-134,-223,33,36,142
9255,9,4,-36,-50,-127,-120,99,-96,-141,13,-43,45
9256,6,6,72,-123,-135,-208,44,-14,273,-253,-74,-213
9257,7,7,-31,68,-45,-166,50,-163,-193,109,-55,-60
9258,1,1,-120,331,-140,-333,125,-172,-116,-66,-74,-240
9259,2,3,-126,38,184,224,-260,-266,-349,90,-16,-125
9260,5,5,-116,-78,-276,16,-76,210,-23,49,-105,-62
9261,3,3,-193,29,37,210,-90,-159,-357,130,-108,-30
9262,7,7,-23,31,-10,-116,-22,-203,-245,196,-65,-64
9263,8,8,-15,-106,-52,-37,-47,-149,-121,24,177,-39
9264,0,0,154,-98,-34,-117,-167,-45,-46,29,-84,-51
9265,1,1,-113,193,-97,-252,103,-74,-138,-15,-99,-42
9266,2,2,30,20,234,-71,-50,-206,-170,60,-108,-172
9267,4,4,-173,17,-98,-169,264,-116,-195,77,-132,-53
9268,5,5,-124,-118,-185,-30,-70,215,-24,-94,41,49
9269,6,6,72,-101,-141,-212,10,5,264,-241,-77,-172
9270,7,7,-192,66,9,-48,-40,-192,-377,296,-148,-2
9271,8,8,-50,-144,-40,-37,-141,-34,-44,-46,246,0
9272,9,9,-105,-67,-79,-43,21,-21,-196,59,-15,127
9273,0,0,182,-136,-30,-136,-148,-79,-27,4,-99,-21
9274,1,1,-69,258,-99,-301,124,-90,-101,-77,-91,-142
9275,3,3,-126,17,-25,163,-123,-47,-233,78,-130,-17
9276,4,4,-103,-61,-120,-211,284,-74,-115,5,-163,-30
9277,5,5,-82,-140,-162,-99,-117,236,-7,-103,-7,69
9278,6,6,81,-108,-93,-245,20,-33,266,-227,-66,-214
9279,7,7,-159,-1,-48,-74,-37,-120,-291,272,-145,40
9280,8,8,10,-173,-48,-47,-163,76,28,-66,115,-10
9281,0,0,153,-102,-25,-102,-112,-51,-38,16,-100,-26
9282,1,1,-69,236,-115,-268,99,-99,-100,-20,-120,-161
9283,3,3,-181,-21,-69,204,-122,-34,-266,72,-56,29
9284,4,4,-131,14,-121,-222,255,-19,-72,-10,-154,-90
9285,7,7,-172,22,9,-22,-65,-192,-410,329,-175,-7
9286,8,8,-50,-121,34,-3,-127,-35,-33,-88,193,-25
9287,9,9,-68,-117,-94,-63,-28,7,-157,52,-12,125
9288,7,7,-170,85,56,-42,-80,-218,-407,313,-178,-47
9289,5,5,-132,-143,-251,-11,-103,273,-25,-88,-5,51
9290,5,5,-32,-103,-280,-72,-95,203,36,-5,-32,-40
9291,1,1,-42,241,-92,-296,76,-100,-95,-24,-129,-169
9292,9,9,-99,-61,-95,-48,37,-37,-188,45,-28,132
9293,9,7,-69,-36,-65,-40,6,-138,-248,99,20,97
9294,7,7,-157,-13,-59,-73,-38,-107,-285,273,-144,46
9295,1,1,-66,276,-99,-298,88,-158,-151,19,-146,-190
9296,0,0,165,-135,60,-114,-52,-119,-5,-62,-125,-25
9297,0,0,179,-141,45,-114,-74,-129,-31,-50,-127,4
9298,5,5,-83,-160,-168,-22,-122,239,-11,-91,-60,63
9299,9,9,-46,-70,-75,-61,25,-60,-162,39,-25,120
9300,7,7,-117,-16,-37,-57,-54,-104,-240,255,-140,12
9301,1,1,-51,202,-92,-244,84,-68,-66,-40,-101,-145
9302,7,7,-132,2,-37,-29,-69,-70,-220,226,-144,3
9303,2,2,58,1,248,-98,-118,-221,-210,91,-124,-178
9304,2,2,45,-15,254,-56,-132,-208,-156,51,-89,-166
9305,3,3,-84,-10,59,174,-186,-89,-248,86,-110,-66
9306,6,6,42,-189,-104,-155,-54,24,266,-179,-13,-125
9307,8,8,-54,-97,-3,27,-108,-90,-94,-56,214,-12
9308,3,3,-84,7,-13,133,-109,-45,-221,72,-116,-39
9309,2,2,66,-15,198,-91,-43,-212,-153,34,-113,-165
9310,0,0,177,-126,-23,-116,-117,-65,-81,29,-161,5
9311,0,0,161,-137,-40,-145,-140,-87,-40,34,-88,-16
9312,6,6,49,-147,-198,-151,-17,35,289,-228,-50,-155
9313,1,1,-18,236,-93,-318,75,-79,-32,-97,-100,-201
9314,7,7,-210,101,31,-38,-49,-251,-431,336,-168,-35
9315,5,5,-120,-76,-129,-20,-129,193,-89,-42,-16,50
9316,8,8,-101,-76,-9,27,-158,56,-89,-5,126,-18
9317,6,6,38,-143,-113,-149,-22,30,239,-178,-51,-120
9318,2,2,44,-58,187,-37,-61,-181,-114,21,-49,-120
9319,9,9,-150,-45,-71,-67,112,-62,-243,23,-29,176
9320,4,4,-183,101,-122,-213,283,-96,-181,2,-116,-117
9321,8,8,-51,-144,-1,57,-155,-36,-68,-57,196,-11
9322,8,8,-44,-86,13,0,-77,-93,-92,-84,180,-1
9323,7,7,-154,7,-29,-58,-61,-126,-298,278,-161,18
9324,1,1,-55,266,-101,-289,79,-129,-121,-6,-130,-180
9325,0,0,213,-160,58,-105,-102,-155,-87,-18,-190,31
9326,8,8,-56,-88,-42,-2,-86,-38,-121,-44,167,38
9327,7,7,-164,-12,-34,-45,-41,-133,-328,282,-142,44
9328,7,7,-184,12,-32,-49,-54,-131,-332,280,-146,36
9329,5,5,-129,-111,-196,24,-172,265,-121,-52,-18,56
9330,8,8,-50,-102,-34,-9,-148,4,-61,-68,157,10
9331,5,5,-148,-55,-166,-21,-107,237,-61,-69,-78,62
9332,3,3,-72,-14,10,208,-184,-87,-255,68,-103,-76
9333,4,4,-151,99,-151,-278,299,-64,-119,-3,-143,-176
9334,6,6,70,-103,-207,-255,41,23,307,-295,-108,-197
9335,1,1,-114,210,-96,-264,113,-86,-143,-20,-101,-59
9336,1,1,-100,234,-114,-307,127,-94,-129,-30,-126,-96
9337,5,5,-116,-89,-158,-39,-158,239,-94,-55,-53,71
9338,5,5,-133,-98,-195,-56,-175,259,-95,-76,-3,73
9339,0,0,190,-168,24,-116,-135,-179,-123,72,-138,17
9340,7,7,-180,88,37,-54,-39,-232,-393,305,-165,-30
9341,2,2,11,-24,263,-38,-174,-198,-160,71,-55,-160
9342,3,3,-52,-15,-79,121,-100,42,-77,-3,-164,-83
9343,6,6,83,-176,-204,-180,-29,38,289,-271,-65,-120
9344,4,4,-162,24,-119,-215,297,-78,-151,-22,-84,-41
9345,1,1,-51,272,-123,-321,117,-106,-90,-50,-135,-213
9346,2,2,85,-51,198,-141,-151,-195,-258,169,-173,-143
9347,4,4,-175,17,-152,-200,295,-70,-146,-4,-105,-56
9348,1,1,-19,259,-108,-336,89,-93,-55,-80,-124,-221
9349,5,5,-70,-122,-259,-138,-130,248,-17,-48,-11,29
9350,4,4,-119,77,-95,-208,225,-63,-136,14,-147,-103
9351,2,2,26,29,232,-93,-60,-210,-152,59,-104,-186
9352,0,0,214,-144,-2,-102,-136,-120,-72,-1,-167,13
9353,4,4,-160,33,-92,-183,251,-80,-153,34,-100,-61
9354,8,8,-3,-55,30,-50,-168,-108,-65,-36,177,-80
9355,6,6,72,-130,-186,-205,8,30,267,-239,-83,-148
9356,1,1,-30,222,-65,-288,55,-104,-96,-7,-110,-158
9357,9,4,-74,19,-138,-159,96,-74,-141,21,-53,60
9358,0,0,195,-144,-19,-149,-140,-99,-46,11,-121,-11
9359,2,2,64,-10,204,-123,-8,-231,-194,69,-145,-143
9360,5,5,-112,-149,-176,-42,-122,247,-36,-104,-49,93
9361,6,6,51,-173,-166,-158,-48,37,306,-220,-77,-160
9362,9,9,-58,-47,-84,-86,30,-87,-174,80,-34,90
9363,3,3,-80,-43,-49,214,-170,-26,-221,42,-83,-36
9364,6,6,21,-128,-123,-167,-28,16,260,-188,-27,-150
9365,3,3,-152,-50,-62,294,-155,-43,-246,35,-69,-23
9366,6,6,79,-137,-55,-239,-10,-33,257,-213,-51,-177
9367,0,0,232,-166,-34,-121,-143,-116,-15,-67,-87,-42
9368,1,1,-102,254,-136,-296,120,-96,-134,-38,-102,-111
9369,2,2,-35,13,271,26,-152,-228,-213,77,-61,-159
9370,3,3,-177,-28,-49,273,-134,-128,-340,76,-48,45
9371,4,4,-173,-4,-83,-137,302,-85,-182,43,-162,-89
9372,5,5,-113,-127,-267,14,1,187,29,-24,-65,-73
9373,6,6,59,-160,-186,-170,-32,34,271,-190,-89,-112
9374,7,7,-115,-25,-94,-163,6,-138,-240,296,-150,15
9375,8,8,17,-117,-136,-145,-165,18,82,-137,155,-71
9376,9,9,-149,-144,-68,-1,59,-11,-196,-6,-28,204
9377,0,0,143,-147,-103,-88,4,-32,14,-75,-172,28
9378,1,1,-93,230,-174,-300,152,-68,-94,-79,-113,-124
9379,2,2,114,-81,276,-80,-103,-276,-219,39,-94,-111
9380,3,3,-124,-7,-21,233,-155,-67,-247,60,-100,-17
9381,4,4,-155,66,-101,-216,264,-143,-191,111,-161,-162
9382,5,5,-124,-96,-259,17,-3,202,34,-86,15,-92
9383,6,6,66,-117,-244,-185,-9,66,200,-138,-185,-80
9384,7,7,-155,-6,-82,-103,3,-144,-289,300,-143,30
9385,8,8,-2,-143,-160,-157,-164,77,135,-164,139,-52
9386,9,9,-83,-84,-102,-79,-2,12,-155,29,-13,140
9387,0,0,181,-149,-112,-104,-73,-20,43,-63,-162,-5
9388,1,1,-59,295,-104,-307,99,-107,-111,-65,-88,-181
9389,2,2,74,26,338,-118,-75,-262,-167,0,-165,-252
9390,3,3,-244,29,-29,302,-222,-45,-328,78,-102,-42
9391,5,5,-163,-51,-284,7,7,225,9,-68,-25,-79
9392,6,6,90,-173,-141,-178,-21,31,206,-151,-122,-52
9393,7,7,-147,-17,-98,-141,53,-164,-302,273,-108,63
9394,8,8,-41,-86,37,-86,-170,31,60,-64,127,-78
9395,1,1,-96,224,-119,-286,126,-92,-123,-38,-96,-90
9396,0,0,171,-163,1,-91,-22,-107,-15,-57,-116,-4
9397,9,9,-117,-65,-61,-72,25,-49,-238,85,-38,148
9398,5,5,-180,-10,-283,92,-107,251,-58,-17,-154,-28
9399,7,7,-143,-12,-97,-196,48,-170,-332,368,-221,7
9400,5,5,-139,-10,-270,-58,12,220,27,-109,-24,-115
9401,1,1,-117,244,-132,-318,149,-91,-149,-34,-138,-98
9402,8,8,-72,-134,-75,-71,-157,39,-46,-64,245,5
9403,6,6,77,-184,-220,-150,-44,20,315,-248,-37,-145
9404,9,9,-164,-92,-42,-37,94,-87,-296,120,-124,186
9405,0,0,227,-168,-149,-104,-157,-24,-10,-8,-182,-16
9406,4,4,-139,92,-137,-270,291,-86,-154,6,-166,-140
9407,1,1,-51,231,-113,-278,102,-82,-65,-78,-87,-143
9408,9,9,-125,-120,-40,-73,123,-70,-231,75,-111,183
9409,3,3,-229,-8,8,288,-159,-157,-377,77,13,2
9410,8,8,-39,-153,-99,-129,-220,95,50,-121,196,-6
9411,4,4,-116,-21,-110,-203,255,-144,-204,115,-210,-67
9412,4,4,-167,107,-192,-299,330,-136,-174,71,-146,-209
9413,7,7,-42,99,-13,-173,-63,-162,-239,200,-99,-72
9414,0,0,214,-177,-46,-159,-215,-90,-94,73,-106,-56
9415,1,1,-113,247,-108,-287,107,-108,-157,-12,-100,-89
9416,9,9,-114,-75,-89,-9,61,-38,-144,-4,-13,150
9417,2,2,107,-32,244,-113,-25,-225,-128,-18,-162,-170
9418,8,8,-7,-79,57,8,-163,-102,-51,-39,144,-53
9419,7,7,-113,-20,-40,-80,-45,-120,-255,272,-159,20
9420,8,8,-5,-69,82,-39,-221,-134,-88,-56,200,-61
9421,2,2,104,-105,170,-44,-29,-189,-196,17,-206,-25
9422,5,5,-140,-10,-300,-9,-15,229,13,-91,-102,-44
9423,9,9,-86,-87,-99,-89,88,-27,-134,33,-68,112
9424,6,6,58,-167,-212,-164,-37,45,305,-231,-76,-139
9425,0,0,160,-138,-98,-102,-66,-6,-2,-10,-229,3
9426,6,6,57,-134,-99,-175,17,-29,210,-158,-67,-134
9427,5,5,-26,-156,-211,-45,-38,191,126,-107,-122,-83
9428,5,5,-105,-104,-222,-20,-101,262,20,-79,-70,-8
9429,3,3,-248,-44,-14,280,-176,-81,-325,27,46,35
9430,3,3,-148,-30,16,221,-60,-70,-194,51,-115,-66
9431,3,3,-209,1,-56,303,-160,-57,-262,72,-51,-50
9432,9,9,-137,-158,-60,18,42,-44,-230,-19,-13,231
9433,8,8,-35,-163,-52,-67,-154,-43,-58,74,161,-13
9434,1,1,-48,248,-123,-329,110,-99,-93,-54,-133,-159
9435,1,1,-42,235,-135,-306,112,-89,-65,-68,-109,-171
9436,0,0,116,-57,-47,-155,-120,-55,-108,86,-157,-37
9437,6,6,41,-81,-177,-212,3,26,184,-127,-160,-94
9438,1,1,-50,263,-103,-316,99,-104,-90,-62,-100,-165
9439,0,0,219,-190,-47,-119,-152,-118,-108,53,-179,32
9440,0,0,194,-153,-91,-135,-112,-29,1,-22,-192,16
9441,6,6,69,-228,-217,-116,-53,52,294,-219,-43,-110
9442,2,2,2,13,243,-30,-76,-201,-151,45,-69,-172
9443,1,1,-97,243,-117,-297,142,-85,-113,-71,-84,-110
9444,1,1,-103,208,-112,-263,131,-79,-118,-46,-84,-77
9445,3,3,-214,26,-40,302,-151,-123,-340,89,-75,-19
9446,2,2,-47,31,183,-52,-29,-99,-53,6,-21,-187
9447,7,7,-69,8,-121,-159,-20,-29,-149,188,-142,-8
9448,7,7,-124,73,-32,-143,33,-165,-309,232,-145,-8
9449,8,8,-30,-107,67,-80,-204,-24,-38,-23,164,-22
9450,8,8,-33,-96,-52,-180,-191,32,44,-141,166,-15
9451,7,7,-99,-39,-83,-124,-38,-71,-193,248,-167,28
9452,8,8,-81,-54,21,-53,-138,-37,-72,-51,220,-26
9453,4,4,-148,-18,-133,-252,316,-106,-182,56,-206,-35
9454,6,6,33,-65,-190,-217,18,28,194,-147,-140,-116
9455,0,0,208,-164,-55,-110,-137,-111,-115,68,-225,26
9456,2,2,-26,25,204,-50,-83,-176,-122,72,-48,-155
9457,0,0,218,-182,2,-156,-71,-132,33,-103,-119,-38
9458,7,7,-81,-28,-95,-161,-10,-133,-287,308,-171,26
9459,0,0,222,-165,-98,-97,-170,-83,-81,39,-191,-2
9460,3,3,-221,-22,-33,340,-221,-130,-354,57,0,8
9461,6,6,79,-208,-225,-128,-70,50,275,-187,-66,-89
9462,8,8,-64,-17,-15,-46,-106,-109,-40,-53,194,-100
9463,7,7,-69,10,-76,-142,-21,-115,-269,268,-139,-17
9464,1,1,-44,276,-120,-332,96,-129,-112,-27,-144,-203
9465,5,5,-102,-116,-264,-9,-104,276,63,-115,-97,-42
9466,9,7,-56,-7,-77,-131,55,-88,-226,80,-113,68
9467,9,9,-101,-85,-73,-69,93,-61,-203,37,-31,146
9468,3,3,-201,-7,-21,290,-148,-113,-332,77,-22,-26
9469,7,7,-61,-32,-48,-122,-42,-92,-215,208,-118,43
9470,2,2,7,11,233,-91,-44,-228,-179,56,-47,-171
9471,4,4,-76,-81,-83,-196,242,-119,-161,54,-180,3
9472,9,9,-122,-106,-74,-42,72,-68,-238,45,-66,192
9473,4,4,-125,91,-158,-283,283,-116,-158,4,-127,-103
9474,3,3,-84,-66,-123,221,-128,14,-174,24,-88,-38
9475,6,6,82,-219,-119,-178,-83,-30,324,-237,5,-166
9476,2,2,-36,-11,210,38,-108,-210,-168,14,-19,-141
9477,2,2,-46,32,278,13,-78,-235,-178,61,-71,-222
9478,5,5,-86,-4,-341,-61,69,158,58,-100,-70,-150
9479,3,3,-146,-47,-96,226,-87,-70,-261,27,29,12
9480,2,2,-35,95,268,-4,-140,-233,-238,87,-179,-222
9481,5,5,-85,-44,-392,-99,-30,215,23,8,-37,-106
9482,5,5,-96,-35,-289,-46,-60,238,-9,-45,-24,-68
9483,9,9,-55,-102,-93,-112,-10,31,-104,25,-58,112
9484,4,4,-136,9,-169,-193,263,-84,-129,39,-104,-97
9485,1,1,-77,323,-96,-384,124,-196,-118,-48,-111,-262
9486,7,7,-95,-55,-62,-64,-42,-68,-210,246,-156,19
9487,2,2,111,-158,187,-8,-67,-207,-97,-59,-107,-88
9488,0,0,143,-109,-64,-107,-36,-23,-7,-33,-164,6
9489,1,1,-28,262,-127,-364,125,-100,-75,-79,-154,-209
9490,2,2,-60,126,236,1,-213,-286,-253,120,-72,-215
9491,3,3,-226,15,-58,206,-85,-54,-298,112,-93,-4
9492,4,4,-147,-40,0,-75,229,-112,-209,31,-103,-6
9493,5,5,-120,-140,-173,-71,-93,252,2,-120,22,58
9494,6,6,59,-85,-143,-122,9,3,71,7,-236,-108
9495,7,7,-196,112,-16,-119,-22,-146,-306,243,-124,-14
9496,8,8,-102,69,-83,-121,28,-143,-90,-87,182,-80
9497,9,9,-79,-85,-96,-78,-16,-30,-156,35,69,126
9498,0,0,211,-180,-1,-59,-71,-148,-86,-54,-159,37
9499,1,1,-55,251,-158,-335,128,-78,-71,-84,-122,-174
9500,2,2,-83,114,276,13,-189,-235,-314,155,-136,-220
9501,3,3,-197,-70,-107,253,-130,-19,-304,88,-58,36
9502,4,4,-193,32,-147,-214,265,-124,-219,148,-154,-78
9503,5,5,-91,-153,-222,-89,-96,247,-2,-65,-11,50
9504,6,6,39,-146,-201,-113,-55,60,207,-131,-113,-56
9505,7,7,-79,24,35,-12,-155,-176,-314,211,-60,-19
9506,8,8,-15,-45,14,-118,-50,-174,-74,39,130,-167
9507,9,7,-41,-28,-79,-163,-8,-92,-170,94,6,56
9508,0,0,147,-31,-58,-200,-9,-96,-63,16,-173,-143
9509,1,1,-33,318,-32,-359,103,-244,-146,-4,-175,-294
9510,2,2,28,33,292,-65,-93,-274,-202,59,-113,-219
9511,3,3,-138,-60,-73,202,-98,-31,-292,64,-106,29
9512,4,4,-205,72,-177,-189,288,-165,-227,92,-57,-107
9513,5,5,-138,-53,-200,17,-5,163,-13,16,-74,-49
9514,6,6,56,-73,-176,-205,27,11,202,-170,-108,-133
9515,7,7,-162,67,-21,-58,-27,-167,-316,269,-109,-27
9516,8,8,-35,-87,-72,-103,-56,-70,-8,-124,223,-57
9517,9,4,-19,-61,-98,-139,63,-151,-127,43,-14,33
9518,1,1,-60,292,-80,-292,103,-185,-137,-3,-152,-236
9519,0,0,220,-162,-12,-187,-108,-162,-85,-19,-124,-26
9520,1,1,-72,299,-104,-313,105,-201,-161,12,-142,-215
9521,2,2,-63,56,238,10,-198,-278,-261,82,18,-140
9522,7,7,-73,52,-139,-267,64,-141,-231,243,-179,-64
9523,5,5,-90,-187,-186,-95,-121,256,67,-141,11,39
9524,3,3,-199,-1,-6,235,-149,-68,-333,127,-189,-42
9525,4,4,-111,26,-151,-318,315,-120,-120,71,-147,-216
9526,4,4,-163,14,-188,-232,296,-111,-148,39,-116,-82
9527,0,0,172,-183,-160,-90,-33,-48,48,-93,-192,24
9528,0,0,163,-135,-100,-122,-55,-79,-51,-3,-113,-37
9529,6,6,64,-97,-194,-193,6,30,214,-164,-125,-119
9530,9,1,-40,33,-187,-229,-7,-39,-81,-21,1,2
9531,6,6,51,-61,-229,-283,38,12,193,-153,-189,-124
9532,6,6,49,-109,-281,-178,-4,38,227,-135,-167,-119
9533,5,5,-41,-85,-291,-76,-62,172,56,15,-45,-68
9534,7,7,-47,-10,-65,-133,-34,-138,-280,271,-148,-9
9535,2,2,71,43,144,-221,99,-240,-115,-45,-74,-211
9536,3,3,-234,-34,-82,206,-67,-93,-361,118,-63,66
9537,4,4,-114,52,-166,-295,327,-204,-171,-39,-66,-87
9538,4,4,-153,150,-206,-251,208,-121,-183,45,-71,-113
9539,9,4,-22,13,-61,-175,36,-140,-155,26,-9,7
9540,1,1,-23,199,-18,-332,36,-139,-79,-42,-56,-188
9541,4,4,-129,131,-231,-260,242,-96,-132,5,-89,-179
9542,0,0,185,-9,-35,-245,-102,-152,-115,31,-148,-163
9543,7,7,-107,18,-46,-80,35,-177,-302,229,-94,20
9544,9,4,-27,-41,-120,-173,89,-63,-106,60,-105,9
9545,5,5,-91,-136,-230,-39,-85,257,-6,-61,-98,36
9546,7,7,-51,22,-147,-206,4,-75,-179,224,-174,-54
9547,2,2,21,32,260,-76,-79,-243,-244,97,-126,-161
9548,3,3,-214,-22,6,231,-85,-124,-362,146,-100,-22
9549,1,1,-52,261,-97,-321,72,-143,-133,-1,-118,-166
9550,4,4,-90,95,-152,-400,353,-180,-165,38,-170,-214
9551,4,4,-220,145,-238,-272,350,-130,-211,-18,-106,-124
9552,0,0,163,64,-93,-319,-61,-108,-32,-42,-203,-180
9553,9,4,-13,-16,-133,-179,67,-121,-123,-10,-43,52
9554,9,9,-35,7,-22,-160,25,-134,-203,30,25,40
9555,6,6,77,-211,-199,-155,-53,43,316,-240,-75,-127
9556,1,1,-29,301,-26,-319,101,-231,-121,-5,-188,-311
9557,8,4,-84,110,-157,-241,124,-169,-93,-148,110,-104
9558,3,3,-313,-11,-129,284,-118,6,-350,99,-31,20
9559,3,3,-189,-15,12,219,-140,-146,-370,154,-90,-19
9560,7,7,-59,57,21,-63,-110,-215,-277,125,8,-12
9561,3,3,-260,-3,-44,236,-114,-105,-394,174,-94,-14
9562,9,4,-28,19,-74,-173,64,-121,-142,19,-60,15
9563,8,8,-20,0,-109,-175,33,-126,-21,-173,136,-67
9564,8,8,-54,-5,21,-180,33,-73,-41,-76,112,-106
9565,4,4,-116,-83,-91,-227,277,-171,-167,32,-113,24
9566,7,7,-70,77,-18,-135,14,-187,-254,207,-82,-86
9567,7,7,-57,3,5,-78,10,-202,-289,202,-88,13
9568,6,6,63,-159,-249,-193,-39,83,285,-208,-138,-109
9569,2,2,-115,103,221,70,-191,-224,-319,150,-90,-146
9570,1,1,-52,299,-113,-343,120,-145,-112,-32,-166,-240
9571,9,4,-85,-72,-73,-81,100,-138,-227,65,-12,100
9572,8,8,-13,-86,-63,-181,-48,-27,102,-112,132,-139
9573,7,7,-145,17,-41,-29,-49,-209,-380,290,-59,24
9574,8,8,-63,-46,-105,-203,22,-84,-85,-121,205,-7
9575,8,8,-105,10,-72,-150,18,-49,-88,-65,181,-69
9576,7,7,-73,125,-61,-254,55,-121,-207,146,-167,-57
9577,2,2,-37,84,223,-70,-139,-252,-195,78,-22,-178
9578,2,2,-33,3,240,6,-151,-232,-215,56,-9,-142
9579,3,3,-215,-80,-131,249,-43,17,-237,37,-85,34
9580,9,7,-76,-41,-72,-87,-4,-124,-208,99,46,92
9581,3,3,-256,-16,-25,306,-117,-107,-370,150,-144,-40
9582,3,3,-148,-43,-71,237,-143,-21,-283,81,-128,-20
9583,5,5,-176,-111,-234,73,-114,284,-69,-66,-81,38
9584,5,5,-73,-134,-287,-103,-54,218,27,-1,-45,-18
9585,0,0,202,-149,-43,-168,-58,-92,22,-71,-150,-80
9586,7,7,-110,26,107,-20,-127,-183,-386,281,-199,-60
9587,9,4,-30,-12,-69,-198,107,-88,-112,-5,-121,45
9588,5,5,-112,-178,-260,-96,-98,268,3,-120,5,94
9589,6,6,45,-102,-272,-216,5,56,266,-212,-137,-130
9590,5,5,-50,-160,-216,-103,-139,258,54,-106,-30,10
9591,1,1,-58,327,-77,-355,106,-210,-111,-43,-129,-292
9592,4,4,-121,30,-158,-297,304,-147,-143,12,-92,-95
9593,1,1,-45,311,-102,-399,120,-169,-88,-56,-152,-282
9594,1,1,-1,269,-101,-371,90,-125,-22,-106,-126,-303
9595,2,2,-35,68,243,-128,-68,-119,-54,-9,-45,-279
9596,8,2,-25,-81,87,-9,-168,-33,-137,52,85,-20
9597,2,2,20,6,188,-15,-30,-208,-168,30,-116,-168
9598,6,6,59,-121,-233,-189,-14,43,249,-197,-120,-103
9599,1,1,-12,231,-145,-383,141,-105,11,-131,-131,-282
9600,5,5,-87,-64,-192,-28,-26,148,-5,19,-78,-27
9601,0,0,202,4,77,-323,-34,-223,-33,-41,-160,-195
9602,1,1,-46,303,-47,-363,116,-229,-152,-8,-152,-244
9603,2,2,-39,94,262,-42,-120,-263,-214,87,-77,-208
9604,3,3,-310,48,-131,387,-180,2,-313,69,-87,-64
9605,4,4,-91,123,-74,-277,290,-221,-171,36,-120,-236
9606,5,5,-84,-55,-167,24,-69,153,-5,-12,-59,-30
9607,6,6,67,-86,-144,-92,-7,-22,175,-164,-112,-194
9608,7,7,-89,2,35,-3,-75,-221,-370,275,-109,-28
9609,8,8,-102,-56,119,56,-217,-179,-177,80,164,-63
9610,9,7,-42,-96,-31,-17,-10,-88,-220,100,-45,85
9611,0,0,158,-46,-39,-187,-69,-86,-66,38,-162,-107
9612,1,1,-65,287,22,-275,94,-250,-191,2,-147,-246
9613,2,2,-32,49,119,21,-88,-244,-237,92,-36,-98
9614,3,3,-255,-18,-182,274,-79,78,-219,43,-83,-14
9615,4,4,-83,-71,-54,-133,184,-109,-128,105,-165,-39
9616,5,5,-135,-39,-216,-35,-74,210,-56,39,-116,-16
9617,6,6,101,-13,-90,-311,114,-100,171,-184,-187,-277
9618,7,7,-62,-10,132,10,-87,-261,-403,258,-151,-40
9619,8,8,-48,-76,86,-3,-143,-87,-111,-7,158,-31
9620,9,9,-42,-41,-107,-108,-81,16,-91,30,19,66
9621,0,0,97,11,-112,-173,-78,-36,-55,34,-84,-101
9622,1,1,-36,256,-64,-370,135,-158,-93,-60,-133,-219
9623,2,2,-7,108,216,-91,-48,-268,-206,68,-100,-215
9624,3,3,-257,38,-11,270,-141,-138,-326,79,35,-33
9625,4,4,-103,-44,-98,-128,176,-53,-99,74,-121,-38
9626,5,5,-120,-68,-223,18,-36,171,1,10,-85,-47
9627,6,6,34,-113,-92,-97,35,-6,165,-162,-130,-189
9628,7,7,-67,-27,75,32,-80,-223,-375,256,-125,-27
9629,8,8,-96,-1,49,4,-26,-115,-158,44,68,-29
9630,8,8,-16,-110,66,29,-171,-125,-124,-47,165,8
9631,0,0,188,23,-31,-290,-38,-166,-11,-64,-191,-194
9632,6,6,34,-33,-129,-160,89,-20,158,-177,-158,-197
9633,0,0,162,6,-10,-284,-2,-200,-94,6,-148,-158
9634,0,1,53,157,-23,-240,-54,-187,-44,-11,-92,-264
9635,2,2,-18,102,301,-86,-90,-289,-173,35,-96,-279
9636,3,3,-136,-24,-80,210,-99,17,-142,39,-70,-41
9637,7,7,-109,-26,-25,-17,-13,-162,-305,219,-105,48
9638,9,7,-77,-70,-31,-42,3,-149,-300,136,-55,120
9639,4,4,-111,84,-148,-190,207,-133,-174,96,-147,-130
9640,7,7,-127,58,62,39,-144,-227,-387,238,-90,-39
9641,1,1,-61,229,-54,-263,114,-167,-104,-28,-90,-190
9642,9,7,-20,-66,-43,-34,42,-90,-170,63,-106,59
9643,1,1,-103,173,-42,-141,114,-205,-201,48,-87,-116
9644,7,7,-104,43,84,6,-81,-191,-331,225,-163,-54
9645,1,1,-68,290,8,-292,82,-238,-200,38,-166,-225
9646,4,4,-97,130,-124,-252,218,-116,-126,66,-160,-231
9647,0,0,193,-51,-34,-315,-120,-151,16,-38,-101,-183
9648,0,0,213,-37,-34,-287,-131,-165,-13,-47,-94,-181
9649,1,1,-85,299,-48,-315,81,-202,-158,-29,-80,-214
9650,7,7,-29,-10,-92,-111,28,-135,-214,204,-98,-48
9651,5,5,-96,-19,-204,29,-51,123,-19,-6,-67,-52
9652,7,7,50,-24,19,-83,-12,-223,-215,140,-106,-70
9653,1,1,-58,291,-30,-326,98,-236,-184,9,-142,-214
9654,3,3,-153,-10,-88,254,-132,-65,-241,54,-23,-12
9655,3,3,-68,-56,-72,115,-55,21,-114,26,-42,6
9656,3,3,-72,-77,-75,177,-99,23,-145,0,-54,12
9657,1,1,-43,302,-6,-328,95,-247,-180,4,-173,-239
9658,6,6,83,-91,-108,-245,74,-42,239,-251,-131,-227
9659,9,9,-43,-90,-149,-105,59,-85,-166,12,-27,128
9660,7,7,-54,-12,-76,-97,15,-176,-272,242,-100,-5
9661,1,1,-54,260,-67,-267,91,-204,-146,-6,-135,-191
9662,3,3,-224,2,-38,238,-108,-132,-366,103,-16,16
9663,0,0,194,35,98,-285,28,-290,-57,-45,-191,-249
9664,2,2,-83,83,176,-49,-29,-269,-288,173,-63,-171
9665,6,6,73,-133,-145,-205,104,-31,224,-241,-114,-173
9666,0,0,138,58,36,-333,52,-246,-93,-61,-148,-172
9667,8,8,-139,112,27,-17,-27,-232,-206,55,119,-153
9668,9,9,-34,-130,-48,-22,13,-86,-207,34,-44,149
9669,4,1,-71,124,-53,-139,119,-182,-187,76,-144,-115
9670,3,3,-217,-16,-48,247,-97,-130,-343,59,13,47
9671,5,5,-84,-72,-227,-22,-65,202,-25,-26,-56,4
9672,4,4,-108,126,-93,-181,194,-135,-134,41,-116,-189
9673,8,8,-65,-125,29,126,-239,-111,-157,-17,190,-9
9674,1,1,-63,301,-26,-317,111,-239,-179,11,-177,-240
9675,5,5,-45,-68,-112,-22,-53,131,16,-17,-71,-51
9676,9,9,-48,-117,-48,10,-8,-121,-207,46,1,138
9677,0,0,158,-98,27,-150,29,-143,-16,-126,-95,-45
9678,6,6,72,-85,-67,-205,113,-68,178,-201,-161,-224
9679,6,6,6,-14,-112,-67,28,-19,58,-51,-226,-196
9680,3,3,-215,21,-12,279,-199,-157,-343,65,21,0
9681,8,8,-54,-124,17,71,-179,-109,-142,-33,217,-2
9682,1,1,-18,283,-58,-403,110,-183,-109,-50,-138,-240
9683,4,4,-113,88,-143,-272,294,-162,-180,14,-178,-106
9684,7,7,-68,-40,-151,-158,15,-108,-261,255,-110,38
9685,5,5,-61,-113,-176,-24,-53,174,29,-40,-90,-24
9686,2,2,-91,138,192,-27,-61,-258,-211,81,-26,-229
9687,0,0,113,59,-112,-229,-45,-80,-75,-7,-147,-120
9688,0,0,168,-9,4,-275,-28,-230,-72,-33,-74,-158
9689,1,1,-109,314,-120,-311,116,-192,-136,-32,-90,-216
9690,7,7,-31,-65,-102,-67,-7,-71,-185,190,-108,18
9691,8,8,-120,-20,-74,87,-29,-80,-113,11,104,-51
9692,9,7,-86,36,-31,-102,71,-156,-229,117,-100,16
9693,6,6,37,-7,-30,-180,60,-39,80,-92,-122,-135
9694,8,8,-73,-29,6,-9,-16,-177,-210,-10,148,16
9695,8,8,-16,-82,51,80,-139,-205,-148,18,127,-55
9696,2,2,-62,167,189,-99,-74,-240,-181,54,-28,-231
9697,3,3,-182,-2,-147,270,-98,22,-152,31,-45,-95
9698,6,6,-10,31,-122,-168,39,8,83,-52,-149,-181
9699,1,1,-50,281,-12,-277,71,-244,-214,36,-172,-190
9700,2,2,13,39,80,-141,-7,-95,-3,-57,6,-157
9701,9,9,-105,-80,-100,-68,28,-64,-245,105,-67,150
9702,5,5,-83,-70,-213,-30,-67,207,18,-19,-56,-51
9703,2,2,-67,104,193,-31,-116,-198,-161,49,-12,-173
9704,0,0,228,-127,-61,-207,-112,-153,-57,-47,-89,-79
9705,1,1,-68,315,-121,-373,128,-156,-93,-52,-136,-267
9706,2,2,11,129,182,-70,-55,-142,-231,34,-271,-163
9707,3,3,-232,6,-26,292,-145,-118,-357,77,-34,3
9708,4,4,-74,104,-157,-292,267,-122,-99,-34,-148,-154
9709,5,5,-72,-81,-199,-1,-55,154,76,-36,-90,-93
9710,6,6,124,-278,-108,-99,-138,-17,236,-214,80,-93
9711,7,7,-67,98,-139,-233,57,-118,-157,126,-80,-89
9712,8,8,-20,38,-229,-273,-29,15,37,-125,44,-116
9713,9,9,-39,-57,-112,-90,65,-101,-151,44,-31,67
9714,0,0,217,-139,-118,-191,-150,-34,100,-103,-107,-132
9715,1,1,-91,303,-104,-321,124,-167,-120,-20,-138,-245
9716,2,7,22,83,24,-183,84,-190,-236,91,-193,-84
9717,3,3,-188,-42,-64,242,-103,-93,-342,47,-25,68
9718,4,4,-90,138,-130,-345,362,-172,-135,-29,-159,-267
9719,5,5,-27,-36,-213,11,-104,122,-66,49,-144,-56
9720,6,6,101,-232,-78,-159,-39,20,242,-238,2,-104
9721,7,7,-53,93,-46,-144,-12,-163,-200,137,-55,-85
9722,8,8,-34,71,-177,-205,46,-115,-71,-132,99,-75
9723,9,9,-48,-106,-102,-64,63,-138,-200,41,19,104
9724,0,0,121,-27,-108,-184,-20,-129,-56,54,-142,-156
9725,1,1,-121,317,-115,-301,97,-173,-135,-26,-81,-210
9726,2,2,24,12,144,-27,-5,-184,-214,31,-189,-90
9727,3,3,-163,-76,-48,212,-56,-47,-291,113,-138,-17
9728,4,4,-58,114,-113,-276,252,-161,-113,-50,-116,-149
9729,5,6,78,-120,-100,-129,-20,60,154,-172,-168,-134
9730,6,6,65,-214,-88,-135,-65,14,235,-235,54,-95
9731,7,7,-20,22,-101,-146,40,-154,-166,107,-46,-58
9732,8,8,-54,41,-160,-219,61,-51,-70,-73,94,-86
9733,9,4,-80,-18,-145,-122,89,-79,-161,34,0,39
9734,7,7,-8,96,-139,-274,19,-126,-145,147,-156,-123
9735,4,4,-86,117,-163,-223,179,-98,-80,-25,-96,-110
9736,6,6,82,-215,-79,-150,-60,43,214,-194,7,-89
9737,1,1,-75,292,-124,-363,107,-133,-85,-54,-109,-230
9738,4,4,-21,107,-136,-273,210,-131,-47,-71,-121,-168
9739,0,0,185,-62,35,-276,36,-303,-80,-94,-76,-122
9740,9,4,-21,-87,-95,-109,97,-141,-154,9,-14,70
9741,9,4,19,-85,-98,-115,76,-141,-126,8,-40,38
9742,3,3,-96,-69,13,178,-126,-72,-231,108,-53,-53
9743,7,7,-71,94,-115,-194,57,-90,-156,120,-85,-85
9744,8,1,-10,111,-1,-243,-42,-107,-16,-98,27,-153
9745,4,4,59,11,-8,-232,135,-157,-20,-53,-144,-136
9746,7,7,10,86,-99,-256,72,-159,-145,104,-138,-130
9747,5,5,56,-126,-100,-56,-39,75,22,-80,-174,-15
9748,8,8,-15,24,-177,-228,44,-74,8,-178,79,-71
9749,5,6,85,-173,-157,-79,-50,88,111,-153,-150,-22
9750,3,3,-174,-81,-87,151,16,-16,-270,61,-69,63
9751,2,2,4,-16,145,-60,15,-198,-292,100,-185,-18
9752,2,2,-1,-10,106,-47,46,-205,-256,76,-105,-28
9753,0,0,206,-63,12,-211,-32,-241,-79,-30,-120,-128
9754,5,5,-4,-14,-147,-147,-13,53,31,-50,-75,-34
9755,8,8,-24,-22,-253,-188,43,25,-11,-81,45,-63
9756,6,6,15,-178,-57,-136,-29,22,221,-204,48,-115
9757,0,0,203,-63,4,-264,-31,-273,-89,-47,-98,-106
9758,3,3,-149,-34,-81,179,-96,18,-235,101,-159,-32
9759,8,8,-28,-8,-100,-117,-42,-112,-79,-110,157,2
9760,1,1,-70,252,-96,-307,100,-125,-80,-39,-95,-201
9761,0,0,164,-18,-23,-213,-57,-208,-61,-14,-89,-135
9762,3,7,-31,-24,7,60,-69,-78,-188,81,-75,-29
9763,0,0,155,-13,8,-219,-50,-207,-38,-48,-58,-141
9764,4,4,13,61,-78,-243,137,-122,-46,-49,-112,-101
9765,7,7,-12,53,-75,-166,13,-115,-157,164,-141,-93
9766,4,4,-51,99,-71,-265,252,-186,-144,14,-142,-168
9767,9,9,-17,-130,-116,-62,38,-79,-131,32,-17,108
9768,2,0,149,-135,133,-98,-37,-195,-100,-51,-37,-49
9769,9,9,-35,-124,-75,-5,19,-149,-208,6,44,111
9770,5,0,138,-92,-57,-145,-56,-1,56,-105,-193,-106
9771,7,7,-5,78,-81,-228,56,-190,-202,152,-126,-96
9772,1,1,-104,349,-82,-361,122,-204,-150,-37,-115,-253
9773,7,7,-59,78,-135,-185,85,-131,-159,114,-85,-89
9774,1,1,-128,339,-141,-330,108,-161,-122,-46,-83,-231
9775,6,6,99,-198,-30,-173,-44,-30,249,-238,1,-134
9776,6,6,59,-169,-111,-166,-8,19,244,-211,-13,-130
9777,5,5,21,-97,-127,6,-30,74,40,-48,-122,-61
9778,6,6,89,-222,-78,-141,-136,12,247,-206,55,-109
9779,2,0,112,-116,94,-91,-36,-157,-101,-5,-36,-32
9780,8,8,-52,57,-70,-133,5,-74,-116,-41,66,-46
9781,7,7,-5,-6,-28,-74,-2,-174,-195,115,-33,-53
9782,6,6,67,-177,-135,-118,-15,50,192,-194,-42,-66
9783,4,4,19,75,-56,-280,205,-189,-92,-37,-147,-145
9784,9,4,-28,-6,-115,-178,87,-127,-157,42,-85,30
9785,9,9,-25,-143,-81,-21,10,-115,-170,9,33,141
9786,5,5,-40,-110,-151,12,-75,141,2,-5,-158,-45
9787,3,3,-103,-62,-27,221,-140,-41,-261,62,-77,-7
9788,7,7,-3,36,-24,-119,7,-187,-196,136,-80,-75
9789,4,4,-15,62,-112,-227,179,-139,-81,-33,-115,-101
9790,3,3,-42,-64,68,141,-97,-109,-245,86,-153,-60
9791,0,0,166,-4,-2,-299,70,-266,-105,-33,-165,-151
9792,4,4,-19,49,-170,-207,94,-59,-13,-56,-95,-64
9793,6,6,72,-155,-116,-193,-61,35,219,-233,11,-117
9794,6,6,86,-203,-56,-121,-55,-26,239,-228,30,-117
9795,1,1,-84,289,-67,-335,71,-163,-131,-26,-77,-208
9796,1,1,-108,332,-50,-323,108,-208,-169,-10,-115,-240
9797,3,3,-71,-133,-105,219,-80,-52,-194,-32,37,53
9798,2,2,-15,38,192,11,-61,-207,-205,42,-90,-123
9799,1,1,-118,353,-95,-351,102,-201,-166,-24,-100,-234
9800,0,0,178,-172,24,-117,25,-168,-2,-117,-63,-34
9801,0,0,226,-116,-91,-216,-179,-106,-27,-59,-78,-88
9802,1,1,-89,336,-118,-373,122,-198,-139,-25,-130,-256
9803,2,2,-89,19,251,131,-316,-353,-311,108,65,-158
9804,3,3,-175,-37,-167,291,-127,48,-203,-7,-68,-9
9805,4,4,-103,70,-162,-304,338,-137,-139,-24,-125,-171
9806,7,7,-147,94,76,-55,-56,-229,-375,288,-181,-63
9807,8,8,-13,-145,-82,-95,-165,9,44,-107,201,-23
9808,9,9,-41,-38,-132,-125,68,-17,-85,-2,-108,71
9809,0,0,215,-44,-34,-242,-134,-191,-57,-45,-84,-141
9810,1,1,-98,319,-133,-349,117,-169,-125,-26,-122,-238
9811,2,2,-19,-5,134,-14,-242,-208,-217,81,85,-82
9812,3,3,-130,-11,-43,229,-145,-27,-239,67,-107,-46
9813,4,4,-43,33,-120,-202,194,-93,-80,27,-133,-134
9814,5,5,-17,-1,-259,-219,-104,141,42,-92,-13,-38
9815,6,6,103,-126,-209,-282,-75,81,275,-234,-91,-211
9816,7,7,-104,48,25,-67,-21,-146,-283,195,-127,4
9817,8,8,-16,47,-155,-226,-29,-43,56,-177,62,-109
9818,0,0,249,-130,20,-238,-131,-221,-26,-95,-43,-128
9819,1,1,-85,329,-121,-383,117,-197,-121,-63,-90,-246
9820,2,2,-58,9,224,85,-320,-330,-304,123,52,-126
9821,3,3,-156,-66,-37,280,-130,-135,-359,89,-72,27
9822,4,4,-101,82,-120,-282,329,-150,-151,12,-156,-207
9823,7,7,-124,93,57,-59,-91,-200,-370,275,-154,-52
9824,8,8,1,-88,-134,-209,-174,44,94,-143,120,-52
9825,9,9,-5,-98,-95,-42,-2,-50,-117,20,-30,88
9826,0,0,193,-16,-72,-320,-58,-179,41,-162,-96,-165
9827,8,8,3,-79,-16,-61,-135,-55,-11,-70,148,-28
9828,3,3,-89,-72,-165,131,-73,76,-143,10,-105,6
9829,9,4,10,-49,-95,-202,84,-93,-47,-75,-90,61
9830,5,5,-17,-7,-262,-209,-111,167,57,-105,-24,-50
9831,5,5,-55,35,-227,-110,-54,125,46,-122,-30,-65
9832,2,2,66,15,185,-102,-192,-221,-70,-63,47,-169
9833,6,6,89,-43,-194,-262,27,15,216,-237,-141,-186
9834,8,6,22,-124,-121,-171,-165,51,144,-152,108,-80
9835,4,4,-19,54,-168,-334,253,-180,-33,-119,-107,-119
9836,1,1,-77,323,-116,-355,114,-211,-159,4,-154,-238
9837,7,7,-101,67,50,-62,-38,-156,-291,202,-135,-22
9838,1,1,-76,300,-113,-331,109,-194,-155,11,-150,-214
9839,2,2,-32,23,120,20,-212,-169,-226,106,-18,-60
9840,3,3,15,-79,-48,136,-120,10,-108,-20,-79,-62
9841,5,5,6,-43,-213,-165,-108,150,100,-147,-15,-64
9842,6,6,41,-88,-127,-197,54,14,217,-210,-74,-162
9843,9,9,-18,-76,-74,-70,46,-55,-90,-9,-20,84
9844,1,1,-58,285,-98,-358,126,-162,-95,-40,-126,-242
9845,1,1,-70,307,-77,-348,112,-212,-155,8,-151,-235
9846,1,1,-67,321,-81,-359,121,-230,-160,11,-177,-259
9847,2,2,-99,78,154,10,-242,-185,-319,144,-49,-73
9848,1,1,-82,323,-108,-379,127,-204,-123,-55,-102,-247
9849,2,2,-65,25,173,24,-223,-226,-247,115,34,-100
9850,0,0,180,-151,-12,-213,-19,-65,68,-118,-124,-106
9851,7,7,-152,15,-3,-41,-58,-146,-329,259,-142,22
9852,7,7,-120,40,-13,-1,-93,-73,-271,167,-91,2
9853,5,5,-57,-17,-207,-136,-118,153,-25,-66,7,24
9854,8,6,-3,-97,-77,-145,-115,33,105,-132,96,-44
9855,2,2,-80,31,184,73,-294,-250,-284,99,46,-105
9856,9,9,-67,-111,-153,-89,28,69,-30,0,-44,80
9857,8,8,-14,-75,-54,-132,-90,-14,78,-137,120,-42
9858,6,6,74,23,-170,-268,-36,5,163,-155,-103,-240
9859,7,7,-106,57,20,-81,0,-190,-309,207,-116,13
9860,3,3,-168,-26,-98,218,-109,29,-236,60,-102,6
9861,4,4,-15,-3,-101,-243,259,-180,-99,-2,-145,-134
9862,6,6,77,18,-142,-306,-16,-13,167,-175,-97,-223
9863,8,6,22,-45,-94,-198,-126,9,89,-163,76,-73
9864,7,7,-99,57,-11,-81,4,-150,-264,182,-104,12
9865,0,0,196,-12,23,-311,-59,-263,-77,-50,-78,-166
9866,4,4,-29,-27,-63,-190,252,-143,-59,-8,-107,-206
9867,2,2,-38,-4,200,32,-224,-241,-219,83,39,-91
9868,7,7,-108,58,8,-38,-36,-172,-304,216,-110,-7
9869,7,7,-121,55,-2,-79,-16,-175,-316,235,-100,10
9870,5,5,33,-79,-245,-194,-156,157,120,-157,-9,-58
9871,4,4,-50,42,-130,-281,282,-133,-102,-36,-145,-121
9872,3,3,-225,52,-32,253,-124,-65,-323,123,-182,-57
9873,4,4,0,90,-116,-357,291,-193,-96,-33,-162,-222
9874,2,2,-54,20,184,15,-278,-229,-240,103,55,-93
9875,8,8,-3,-99,-50,-48,-60,-26,48,-74,97,-32
9876,1,1,-95,333,-123,-375,123,-197,-121,-52,-102,-255
9877,5,5,-45,-18,-328,-158,-104,212,17,-58,-9,-45
9878,1,1,-92,318,-117,-358,114,-179,-121,-35,-103,-236
9879,0,0,98,17,-36,-280,34,-140,7,-122,-106,-105
9880,2,2,-1,12,182,-4,-229,-271,-211,32,70,-97
9881,3,3,-194,17,-102,185,-95,31,-195,63,-121,-17
9882,3,3,-152,-30,-120,162,-70,54,-151,7,-72,21
9883,5,5,-115,39,-270,-69,3,142,95,-165,-66,-131
9884,7,7,-95,73,-64,-136,26,-79,-177,153,-112,-27
9885,0,0,252,-96,-8,-248,-111,-218,-31,-99,-91,-133
9886,6,6,32,-90,-134,-212,48,10,237,-229,-68,-183
9887,8,1,-5,73,-186,-268,-52,-6,51,-143,18,-117
9888,6,0,164,-99,-160,-286,-130,24,160,-152,-109,-184
9889,3,3,-207,-16,-32,230,-127,-61,-294,91,-58,-5
9890,9,9,27,-151,-137,-106,42,-38,-1,-81,-31,89
9891,9,4,-24,-90,-139,-42,49,-3,-26,-14,-51,41
9892,8,6,-7,-75,-22,-128,-53,7,85,-94,49,-40
9893,2,2,20,-16,200,6,-276,-244,-142,31,32,-146
9894,7,7,-84,43,-23,-47,-22,-137,-257,168,-67,11
9895,7,7,-81,52,0,-66,-21,-169,-279,199,-95,-6
9896,1,1,-98,325,-111,-345,117,-202,-147,-11,-121,-238
9897,0,0,162,-18,29,-249,-12,-263,-102,2,-109,-119
9898,1,1,-81,304,-141,-357,121,-128,-88,-53,-126,-250
9899,7,7,-122,45,-5,-60,-8,-220,-351,269,-123,-4
9900,8,8,-6,-106,-193,-97,-52,10,53,-155,149,-34
9901,9,9,-50,-186,-87,-42,12,-77,-180,13,35,178
9902,0,0,220,-103,78,-189,2,-248,-6,-125,-98,-127
9903,1,1,-106,295,-124,-321,102,-178,-124,-36,-72,-211
9904,2,0,99,-126,46,-70,44,-141,-37,-64,-53,-35
9905,3,7,-133,-24,30,64,-24,-144,-249,88,-19,54
9906,4,4,-54,122,-64,-183,185,-174,-121,6,-122,-184
9907,5,5,-8,-28,-223,-109,-35,132,49,-52,-56,-46
9908,6,6,8,-84,-202,-132,46,44,219,-191,-94,-152
9909,7,7,-64,-8,-37,-78,-2,-165,-288,217,-87,25
9910,8,1,-63,134,-197,-215,34,-60,-59,-64,57,-134
9911,0,0,201,-77,25,-187,-46,-236,-76,-14,-111,-112
9912,1,1,-181,338,-96,-276,109,-193,-182,-3,-63,-229
9913,2,2,-174,55,147,109,-127,-181,-301,91,16,-64
9914,3,3,-163,-8,-85,123,-19,-72,-259,34,-2,68
9915,4,4,-130,141,-100,-230,268,-92,-88,-36,-124,-267
9916,7,7,-32,-20,12,-62,-1,-202,-294,197,-122,15
9917,8,8,-55,-9,-153,-151,-2,-71,-8,-97,160,-104
9918,9,9,-80,-146,-103,-68,62,-86,-216,70,-57,192
9919,7,7,-39,81,-58,-193,37,-170,-222,196,-113,-86
9920,8,8,-17,-71,-169,-132,-81,-50,-45,-105,194,-11
9921,6,6,96,-139,-86,-234,24,-17,252,-234,-90,-153
9922,4,4,-73,84,-162,-224,158,-108,-120,23,-100,-68
9923,1,1,-99,348,-104,-371,122,-200,-140,-29,-130,-267
9924,9,9,15,-159,-79,-18,48,-83,-89,-33,31,90
9925,3,3,-76,-26,-1,106,-72,-73,-196,61,-21,9
9926,8,4,-74,52,-88,-112,133,-90,-27,-128,61,-137
9927,4,4,-76,12,-43,-148,229,-144,-112,-4,-79,-133
9928,4,4,-65,29,-64,-202,276,-233,-178,2,-112,-106
9929,7,7,-79,28,16,-74,-50,-194,-318,236,-100,7
9930,0,0,205,-41,-68,-235,-127,-121,-4,-56,-144,-141
9931,1,1,-52,288,-93,-368,119,-170,-123,-15,-141,-225
9932,9,9,-48,-140,-90,-76,54,-91,-176,43,-56,173
9933,2,2,28,-60,222,-56,-32,-227,-155,-55,39,-108
9934,8,8,-38,-47,-155,-140,-81,-39,-42,-104,187,-2
9935,7,7,-85,31,4,-83,11,-145,-260,174,-124,16
9936,8,8,-49,-101,-186,-112,-79,63,-30,-50,150,18
9937,2,2,31,15,219,-97,-17,-215,-171,29,-74,-159
9938,6,6,21,-47,-201,-183,66,17,223,-216,-104,-186
9939,0,0,196,-134,11,-183,12,-154,-43,-64,-174,-56
9940,6,6,39,54,-152,-337,26,-86,104,-68,-113,-199
9941,5,5,28,-63,-186,-50,-65,125,74,-95,-122,-38
9942,3,3,-228,-47,-154,271,-103,41,-251,29,-2,17
9943,3,3,-199,52,-91,164,-62,-63,-256,81,-38,-5
9944,3,3,-71,-61,-51,74,-63,5,-68,-49,53,-1
9945,9,9,-96,-65,-147,-107,112,-55,-178,4,-20,145
9946,1,1,-53,299,-83,-374,116,-180,-120,-28,-133,-239
9947,4,4,-4,61,-98,-260,238,-138,-91,46,-255,-245
9948,0,0,100,-74,-74,-200,-50,-88,-51,2,-8,-57
9949,6,6,76,-63,-203,-261,65,-41,253,-212,-128,-217
9950,1,1,-90,312,-103,-363,117,-177,-113,-53,-88,-232
9951,0,0,144,19,-16,-252,-21,-195,-95,7,-99,-140
9952,0,0,207,-61,10,-269,-104,-183,-32,-19,-102,-151
9953,6,6,68,-51,-161,-232,1,-60,196,-146,-56,-178
9954,2,2,44,-36,279,9,-138,-322,-265,81,-77,-132
9955,1,1,-115,317,-74,-338,133,-208,-147,-39,-71,-254
9956,1,1,-89,329,-41,-338,106,-220,-172,-6,-129,-245
9957,7,7,-78,34,8,-59,-20,-183,-308,208,-115,3
9958,7,7,-124,76,-47,-47,-82,-180,-341,251,-82,-13
9959,8,8,32,-42,-27,-66,-79,-67,0,-85,77,-47
9960,4,4,-98,62,-102,-240,256,-140,-160,50,-170,-109
9961,6,6,21,-93,-208,-189,57,39,270,-236,-105,-171
9962,0,0,177,-106,13,-161,-69,-177,-88,-12,-60,-47
9963,7,7,-80,-2,0,-43,-4,-147,-305,203,-130,25
9964,0,0,194,28,59,-276,-2,-292,-67,-41,-142,-220
9965,3,3,-199,-33,-112,236,-69,-27,-256,60,-68,18
9966,6,6,22,-47,-164,-241,60,-23,204,-163,-106,-166
9967,8,8,-46,-43,-178,-162,-42,20,-51,-101,143,18
9968,7,7,-129,59,-9,-55,-37,-150,-312,239,-129,-7
9969,1,1,-97,321,-106,-350,115,-184,-127,-33,-107,-238
9970,5,5,-39,-59,-229,-36,-28,141,72,-105,-204,-48
9971,2,2,56,10,240,-132,33,-239,-136,-32,-91,-192
9972,4,4,-133,61,-130,-226,289,-97,-146,15,-147,-130
9973,9,9,-35,-171,-75,-22,60,-120,-181,13,35,148
9974,4,4,-46,75,-117,-231,231,-119,-103,5,-149,-162
9975,3,7,-107,46,6,82,-33,-142,-183,84,-8,-68
9976,6,6,53,-75,-133,-189,69,-83,158,-155,-58,-153
9977,4,4,-54,90,-168,-287,226,-97,-45,-15,-132,-221
9978,1,1,-114,352,-75,-343,99,-212,-176,-6,-119,-240
9979,7,7,-58,-1,-96,-134,5,-112,-221,231,-128,-11
9980,2,2,25,-15,317,-35,-226,-268,-314,132,-91,-167
9981,6,6,46,-81,-100,-135,57,-29,193,-202,-131,-223
9982,5,6,50,-120,-154,-117,4,77,196,-202,-165,-149
9983,0,0,186,-123,-145,-139,-153,-28,-40,-1,-82,-78
9984,1,1,-56,282,-108,-352,118,-140,-141,-21,-180,-187
9985,2,2,-67,141,226,-29,-189,-314,-302,161,-69,-181
9986,3,3,-155,80,-50,146,-125,-114,-286,82,-44,0
9987,4,4,-182,133,-172,-326,382,-188,-249,15,-164,-134
9988,5,5,-32,-124,-264,-108,-112,244,11,-12,-10,-53
9989,6,6,73,-188,-233,-167,-16,54,343,-293,-75,-215
9990,7,7,-118,129,91,-69,-69,-283,-393,292,-161,-99
9991,8,8,-56,21,-170,-166,-28,-15,-80,-95,166,-59
9992,9,9,-60,-155,-99,-71,100,-64,-179,19,-81,169
9993,0,0,200,-207,-44,-124,-55,-120,-13,-87,-28,-49
9994,1,1,-17,304,-93,-398,127,-138,-82,-70,-185,-273
9995,2,2,-64,111,331,12,-256,-368,-320,134,-87,-222
9996,3,3,-38,3,-6,119,-140,-40,-262,52,-152,-21
9997,4,4,-88,135,-171,-349,301,-170,-144,5,-136,-203
9998,5,5,-25,-59,-249,-115,-30,157,73,-35,-76,-104
9999,6,6,22,-144,-171,-70,29,6,244,-212,-63,-160
