sample_id,filename,label,writer_id,folder,source_relative,simple_relative,full_relative,fixed_simple_relative,fixed_full_relative,full_roi_valid,full_foreground_pixels,full_threshold,full_roi_left,full_roi_top,full_roi_right,full_roi_bottom,batch,input_sha256,pipeline_sha256
m1_0_01,m1_0_01.jpg,0,m1,0,0/m1_0_01.jpg,batches/digits_190_001/processed_simple/0/m1_0_01.pgm,batches/digits_190_001/processed_full/0/m1_0_01.pgm,batches/digits_190_001/fixed_input/simple/0/m1_0_01.txt,batches/digits_190_001/fixed_input/full/0/m1_0_01.txt,1,704,88,32,32,62,83,digits_190_001,ba3909dccd04656f9f513b1096295cf6f301873a7881ed87deb52eb0b8a4f4d4,f934d340129aef372553e141e809442751b98c585e6b70cac06da4706d578899
m1_0_02,m1_0_02.jpg,0,m1,0,0/m1_0_02.jpg,batches/digits_190_001/processed_simple/0/m1_0_02.pgm,batches/digits_190_001/processed_full/0/m1_0_02.pgm,batches/digits_190_001/fixed_input/simple/0/m1_0_02.txt,batches/digits_190_001/fixed_input/full/0/m1_0_02.txt,1,739,93,33,33,68,80,digits_190_001,e9b25de98d208f904992e4788e2a6c51884cd628ca45ac58a2131b4366941f89,f934d340129aef372553e141e809442751b98c585e6b70cac06da4706d578899
m1_0_03,m1_0_03.jpg,0,m1,0,0/m1_0_03.jpg,batches/digits_190_001/processed_simple/0/m1_0_03.pgm,batches/digits_190_001/processed_full/0/m1_0_03.pgm,batches/digits_190_001/fixed_input/simple/0/m1_0_03.txt,batches/digits_190_001/fixed_input/full/0/m1_0_03.txt,1,695,91,32,32,66,81,digits_190_001,21310bda4019862c8781059112a98a9733624e1de8a0e054bf206fe5e2e93a24,f934d340129aef372553e141e809442751b98c585e6b70cac06da4706d578899
m1_0_04,m1_0_04.jpg,0,m1,0,0/m1_0_04.jpg,batches/digits_190_001/processed_simple/0/m1_0_04.pgm,batches/digits_190_001/processed_full/0/m1_0_04.pgm,batches/digits_190_001/fixed_input/simple/0/m1_0_04.txt,batches/digits_190_001/fixed_input/full/0/m1_0_04.txt,1,686,91,32,33,66,82,digits_190_001,296e6dc0b6bfd6671f4ff4594a8c7dad01fc0c6f26d7b93667752965a287a9ec,f934d340129aef372553e141e809442751b98c585e6b70cac06da4706d578899
m1_0_05,m1_0_05.jpg,0,m1,0,0/m1_0_05.jpg,batches/digits_190_001/processed_simple/0/m1_0_05.pgm,batches/digits_190_001/processed_full/0/m1_0_05.pgm,batches/digits_190_001/fixed_input/simple/0/m1_0_05.txt,batches/digits_190_001/fixed_input/full/0/m1_0_05.txt,1,775,89,33,32,67,83,digits_190_001,518dfcb4d58f77b5413ab81db25712232a3fc28eed884ab32880744ae36530d9,f934d340129aef372553e141e809442751b98c585e6b70cac06da4706d578899
m1_1_01,m1_1_01.jpg,1,m1,1,1/m1_1_01.jpg,batches/digits_190_001/processed_simple/1/m1_1_01.pgm,batches/digits_190_001/processed_full/1/m1_1_01.pgm,batches/digits_190_001/fixed_input/simple/1/m1_1_01.txt,batches/digits_190_001/fixed_input/full/1/m1_1_01.txt,1,714,105,32,32,69,93,digits_190_001,423e483d92a9429a3f2659eae207d7ffbee12d5025658353d303bc6ebcc867ca,f934d340129aef372553e141e809442751b98c585e6b70cac06da4706d578899
m1_1_02,m1_1_02.jpg,1,m1,1,1/m1_1_02.jpg,batches/digits_190_001/processed_simple/1/m1_1_02.pgm,batches/digits_190_001/processed_full/1/m1_1_02.pgm,batches/digits_190_001/fixed_input/simple/1/m1_1_02.txt,batches/digits_190_001/fixed_input/full/1/m1_1_02.txt,1,317,108,33,33,43,81,digits_190_001,50038b807a573111d4cd67d830c583ae591c3ba82a569ab34d3830e14689b9c3,f934d340129aef372553e141e809442751b98c585e6b70cac06da4706d578899
m1_1_03,m1_1_03.jpg,1,m1,1,1/m1_1_03.jpg,batches/digits_190_001/processed_simple/1/m1_1_03.pgm,batches/digits_190_001/processed_full/1/m1_1_03.pgm,batches/digits_190_001/fixed_input/simple/1/m1_1_03.txt,batches/digits_190_001/fixed_input/full/1/m1_1_03.txt,1,373,104,32,32,46,82,digits_190_001,32e9035205f8bb8ad8812632a7c5809db02f95dd1b6a10ed2067cc49626c1d59,f934d340129aef372553e141e809442751b98c585e6b70cac06da4706d578899
m1_1_04,m1_1_04.jpg,1,m1,1,1/m1_1_04.jpg,batches/digits_190_001/processed_simple/1/m1_1_04.pgm,batches/digits_190_001/processed_full/1/m1_1_04.pgm,batches/digits_190_001/fixed_input/simple/1/m1_1_04.txt,batches/digits_190_001/fixed_input/full/1/m1_1_04.txt,1,330,103,32,32,41,83,digits_190_001,8d95665aebf07039106931cf2c72b0f0a014cc4e2f4f78499f5d26e2b3b0ddca,f934d340129aef372553e141e809442751b98c585e6b70cac06da4706d578899
m1_1_05,m1_1_05.jpg,1,m1,1,1/m1_1_05.jpg,batches/digits_190_001/processed_simple/1/m1_1_05.pgm,batches/digits_190_001/processed_full/1/m1_1_05.pgm,batches/digits_190_001/fixed_input/simple/1/m1_1_05.txt,batches/digits_190_001/fixed_input/full/1/m1_1_05.txt,1,363,100,16,32,45,97,digits_190_001,4085059b5d683fce1ee17462f02a001ba21a957ac4778a45096fc39f83a74d80,f934d340129aef372553e141e809442751b98c585e6b70cac06da4706d578899
m1_2_01,m1_2_01.jpg,2,m1,2,2/m1_2_01.jpg,batches/digits_190_001/processed_simple/2/m1_2_01.pgm,batches/digits_190_001/processed_full/2/m1_2_01.pgm,batches/digits_190_001/fixed_input/simple/2/m1_2_01.txt,batches/digits_190_001/fixed_input/full/2/m1_2_01.txt,1,673,103,33,32,81,71,digits_190_001,40d157341778058a46a5f524b91deb1929c1c73934b859689300fcb5ec9c981e,f934d340129aef372553e141e809442751b98c585e6b70cac06da4706d578899
m1_2_02,m1_2_02.jpg,2,m1,2,2/m1_2_02.jpg,batches/digits_190_001/processed_simple/2/m1_2_02.pgm,batches/digits_190_001/processed_full/2/m1_2_02.pgm,batches/digits_190_001/fixed_input/simple/2/m1_2_02.txt,batches/digits_190_001/fixed_input/full/2/m1_2_02.txt,1,690,105,32,32,83,79,digits_190_001,75ae0aca4022b98541c24e7eeee2407ee030e4a7f6d3181a952ec1e935308e5d,f934d340129aef372553e141e809442751b98c585e6b70cac06da4706d578899
m1_2_03,m1_2_03.jpg,2,m1,2,2/m1_2_03.jpg,batches/digits_190_001/processed_simple/2/m1_2_03.pgm,batches/digits_190_001/processed_full/2/m1_2_03.pgm,batches/digits_190_001/fixed_input/simple/2/m1_2_03.txt,batches/digits_190_001/fixed_input/full/2/m1_2_03.txt,1,828,104,33,32,84,94,digits_190_001,0c6d2c86f713c39e359e517477dc7b3bfe2f455ca0bcf4a6e8c1d68ce5c55d89,f934d340129aef372553e141e809442751b98c585e6b70cac06da4706d578899
m1_2_04,m1_2_04.jpg,2,m1,2,2/m1_2_04.jpg,batches/digits_190_001/processed_simple/2/m1_2_04.pgm,batches/digits_190_001/processed_full/2/m1_2_04.pgm,batches/digits_190_001/fixed_input/simple/2/m1_2_04.txt,batches/digits_190_001/fixed_input/full/2/m1_2_04.txt,1,702,100,32,32,85,77,digits_190_001,ede4fc29bc5cd595bc7283f29b1d0bfa311720ec4203542e5c92b0f61d0116e7,f934d340129aef372553e141e809442751b98c585e6b70cac06da4706d578899
m1_2_05,m1_2_05.jpg,2,m1,2,2/m1_2_05.jpg,batches/digits_190_001/processed_simple/2/m1_2_05.pgm,batches/digits_190_001/processed_full/2/m1_2_05.pgm,batches/digits_190_001/fixed_input/simple/2/m1_2_05.txt,batches/digits_190_001/fixed_input/full/2/m1_2_05.txt,1,567,96,32,32,77,78,digits_190_001,130c7b01bfe549a11b86af79420f857cfe8b630e4ff64a3e0826c04fb42dec75,f934d340129aef372553e141e809442751b98c585e6b70cac06da4706d578899
m1_3_01,m1_3_01.jpg,3,m1,3,3/m1_3_01.jpg,batches/digits_190_001/processed_simple/3/m1_3_01.pgm,batches/digits_190_001/processed_full/3/m1_3_01.pgm,batches/digits_190_001/fixed_input/simple/3/m1_3_01.txt,batches/digits_190_001/fixed_input/full/3/m1_3_01.txt,1,903,102,32,32,84,105,digits_190_001,9fb3ecd3787312601985859f76c1ba7ccd93f807b698c3d4ddd380c2a408d323,f934d340129aef372553e141e809442751b98c585e6b70cac06da4706d578899
m1_3_02,m1_3_02.jpg,3,m1,3,3/m1_3_02.jpg,batches/digits_190_001/processed_simple/3/m1_3_02.pgm,batches/digits_190_001/processed_full/3/m1_3_02.pgm,batches/digits_190_001/fixed_input/simple/3/m1_3_02.txt,batches/digits_190_001/fixed_input/full/3/m1_3_02.txt,1,776,101,32,32,68,99,digits_190_001,f458ec9583b597951d91660671ac9e85fcf737f0e81e8d76096d17f1ed9b7122,f934d340129aef372553e141e809442751b98c585e6b70cac06da4706d578899
m1_3_03,m1_3_03.jpg,3,m1,3,3/m1_3_03.jpg,batches/digits_190_001/processed_simple/3/m1_3_03.pgm,batches/digits_190_001/processed_full/3/m1_3_03.pgm,batches/digits_190_001/fixed_input/simple/3/m1_3_03.txt,batches/digits_190_001/fixed_input/full/3/m1_3_03.txt,1,815,103,32,32,67,104,digits_190_001,e4c0a9b46490abe2015cd4992b713d32cab956506b6b188fc1a93f0cc7816f0a,f934d340129aef372553e141e809442751b98c585e6b70cac06da4706d578899
m1_3_04,m1_3_04.jpg,3,m1,3,3/m1_3_04.jpg,batches/digits_190_001/processed_simple/3/m1_3_04.pgm,batches/digits_190_001/processed_full/3/m1_3_04.pgm,batches/digits_190_001/fixed_input/simple/3/m1_3_04.txt,batches/digits_190_001/fixed_input/full/3/m1_3_04.txt,1,680,95,32,32,69,89,digits_190_001,5d299c53183b2083e9b37c40ec26b2d4b5e93fa236b3a47f50859b0789000cb9,f934d340129aef372553e141e809442751b98c585e6b70cac06da4706d578899
m1_3_05,m1_3_05.jpg,3,m1,3,3/m1_3_05.jpg,batches/digits_190_001/processed_simple/3/m1_3_05.pgm,batches/digits_190_001/processed_full/3/m1_3_05.pgm,batches/digits_190_001/fixed_input/simple/3/m1_3_05.txt,batches/digits_190_001/fixed_input/full/3/m1_3_05.txt,1,608,93,33,33,67,103,digits_190_001,9e0d26fcd3809edaa257c1574a4b840fc3d077e6ef6aed59082dc47d83e18060,f934d340129aef372553e141e809442751b98c585e6b70cac06da4706d578899
m1_4_01,m1_4_01.jpg,4,m1,4,4/m1_4_01.jpg,batches/digits_190_001/processed_simple/4/m1_4_01.pgm,batches/digits_190_001/processed_full/4/m1_4_01.pgm,batches/digits_190_001/fixed_input/simple/4/m1_4_01.txt,batches/digits_190_001/fixed_input/full/4/m1_4_01.txt,1,885,99,33,33,83,95,digits_190_001,5ca2cd18d5285da00c02fed14913b292d0f4f161c80ec3b223eb737e8bc4514f,f934d340129aef372553e141e809442751b98c585e6b70cac06da4706d578899
m1_4_02,m1_4_02.jpg,4,m1,4,4/m1_4_02.jpg,batches/digits_190_001/processed_simple/4/m1_4_02.pgm,batches/digits_190_001/processed_full/4/m1_4_02.pgm,batches/digits_190_001/fixed_input/simple/4/m1_4_02.txt,batches/digits_190_001/fixed_input/full/4/m1_4_02.txt,1,912,102,33,32,83,102,digits_190_001,fbc3ad2cbe1c9053f8e72ed85ea6f9a7dad7c124b95a53ad6a7375137f532ec9,f934d340129aef372553e141e809442751b98c585e6b70cac06da4706d578899
m1_4_03,m1_4_03.jpg,4,m1,4,4/m1_4_03.jpg,batches/digits_190_001/processed_simple/4/m1_4_03.pgm,batches/digits_190_001/processed_full/4/m1_4_03.pgm,batches/digits_190_001/fixed_input/simple/4/m1_4_03.txt,batches/digits_190_001/fixed_input/full/4/m1_4_03.txt,1,1009,97,32,33,84,100,digits_190_001,d9d32cb46de3adc2ca0af28006304963d10fe3df9222accabf0381c429b35ab6,f934d340129aef372553e141e809442751b98c585e6b70cac06da4706d578899
m1_4_04,m1_4_04.jpg,4,m1,4,4/m1_4_04.jpg,batches/digits_190_001/processed_simple/4/m1_4_04.pgm,batches/digits_190_001/processed_full/4/m1_4_04.pgm,batches/digits_190_001/fixed_input/simple/4/m1_4_04.txt,batches/digits_190_001/fixed_input/full/4/m1_4_04.txt,1,849,91,33,33,83,98,digits_190_001,9426800c3c4a4481a1943b5fe0b568714c9585520f94c06e24b0a3bd3bb6a320,f934d340129aef372553e141e809442751b98c585e6b70cac06da4706d578899
m1_4_05,m1_4_05.jpg,4,m1,4,4/m1_4_05.jpg,batches/digits_190_001/processed_simple/4/m1_4_05.pgm,batches/digits_190_001/processed_full/4/m1_4_05.pgm,batches/digits_190_001/fixed_input/simple/4/m1_4_05.txt,batches/digits_190_001/fixed_input/full/4/m1_4_05.txt,1,897,89,32,33,80,105,digits_190_001,9b9139dfb4d7e98e1afdd4d97218f8c4a72d94954683b7c3cc57d38ed64df040,f934d340129aef372553e141e809442751b98c585e6b70cac06da4706d578899
m1_5_01,m1_5_01.jpg,5,m1,5,5/m1_5_01.jpg,batches/digits_190_001/processed_simple/5/m1_5_01.pgm,batches/digits_190_001/processed_full/5/m1_5_01.pgm,batches/digits_190_001/fixed_input/simple/5/m1_5_01.txt,batches/digits_190_001/fixed_input/full/5/m1_5_01.txt,1,921,99,33,33,84,93,digits_190_001,52acf0615d31330aafd248700cb696f6f8d6eefcfe3927a63ab1705c8873b53a,f934d340129aef372553e141e809442751b98c585e6b70cac06da4706d578899
m1_5_02,m1_5_02.jpg,5,m1,5,5/m1_5_02.jpg,batches/digits_190_001/processed_simple/5/m1_5_02.pgm,batches/digits_190_001/processed_full/5/m1_5_02.pgm,batches/digits_190_001/fixed_input/simple/5/m1_5_02.txt,batches/digits_190_001/fixed_input/full/5/m1_5_02.txt,1,947,97,32,32,84,93,digits_190_001,f1db86b31638979b761980506ca5db15c463512214e4e9232f7da89956bee814,f934d340129aef372553e141e809442751b98c585e6b70cac06da4706d578899
m1_5_03,m1_5_03.jpg,5,m1,5,5/m1_5_03.jpg,batches/digits_190_001/processed_simple/5/m1_5_03.pgm,batches/digits_190_001/processed_full/5/m1_5_03.pgm,batches/digits_190_001/fixed_input/simple/5/m1_5_03.txt,batches/digits_190_001/fixed_input/full/5/m1_5_03.txt,1,879,96,33,33,86,87,digits_190_001,c2cb40fe73df8c49397b9ca3f45e4866ec701f864159ecc0100c8cbc56b9f22b,f934d340129aef372553e141e809442751b98c585e6b70cac06da4706d578899
m1_5_04,m1_5_04.jpg,5,m1,5,5/m1_5_04.jpg,batches/digits_190_001/processed_simple/5/m1_5_04.pgm,batches/digits_190_001/processed_full/5/m1_5_04.pgm,batches/digits_190_001/fixed_input/simple/5/m1_5_04.txt,batches/digits_190_001/fixed_input/full/5/m1_5_04.txt,1,792,92,32,32,74,92,digits_190_001,b83786f135831366634a76deab78b27ff4b4b326f1fd7810b68218bd0bf6eab8,f934d340129aef372553e141e809442751b98c585e6b70cac06da4706d578899
m1_5_05,m1_5_05.jpg,5,m1,5,5/m1_5_05.jpg,batches/digits_190_001/processed_simple/5/m1_5_05.pgm,batches/digits_190_001/processed_full/5/m1_5_05.pgm,batches/digits_190_001/fixed_input/simple/5/m1_5_05.txt,batches/digits_190_001/fixed_input/full/5/m1_5_05.txt,1,741,88,33,32,82,87,digits_190_001,06a8508108d64bbb8656b8764dbf8eb18cec584d64f357651e37a02c3b3f13e1,f934d340129aef372553e141e809442751b98c585e6b70cac06da4706d578899
m1_6_01,m1_6_01.jpg,6,m1,6,6/m1_6_01.jpg,batches/digits_190_001/processed_simple/6/m1_6_01.pgm,batches/digits_190_001/processed_full/6/m1_6_01.pgm,batches/digits_190_001/fixed_input/simple/6/m1_6_01.txt,batches/digits_190_001/fixed_input/full/6/m1_6_01.txt,1,779,96,32,32,64,107,digits_190_001,a6f09586c8da55ea7083269b8fbd15d22200c979196a3639c07b9b06fbd1fdde,f934d340129aef372553e141e809442751b98c585e6b70cac06da4706d578899
m1_6_02,m1_6_02.jpg,6,m1,6,6/m1_6_02.jpg,batches/digits_190_001/processed_simple/6/m1_6_02.pgm,batches/digits_190_001/processed_full/6/m1_6_02.pgm,batches/digits_190_001/fixed_input/simple/6/m1_6_02.txt,batches/digits_190_001/fixed_input/full/6/m1_6_02.txt,1,904,94,32,33,72,100,digits_190_001,67c749e71fa2801626d66202565d9dd818d06b3247e950dd2f041a5b9cdb4fb2,f934d340129aef372553e141e809442751b98c585e6b70cac06da4706d578899
m1_6_03,m1_6_03.jpg,6,m1,6,6/m1_6_03.jpg,batches/digits_190_001/processed_simple/6/m1_6_03.pgm,batches/digits_190_001/processed_full/6/m1_6_03.pgm,batches/digits_190_001/fixed_input/simple/6/m1_6_03.txt,batches/digits_190_001/fixed_input/full/6/m1_6_03.txt,1,761,94,33,33,67,91,digits_190_001,50c2cc2bcd5466b29956a2bd28f4536ac04825f2f862c2b8720828a6d7ed494b,f934d340129aef372553e141e809442751b98c585e6b70cac06da4706d578899
m1_6_04,m1_6_04.jpg,6,m1,6,6/m1_6_04.jpg,batches/digits_190_001/processed_simple/6/m1_6_04.pgm,batches/digits_190_001/processed_full/6/m1_6_04.pgm,batches/digits_190_001/fixed_input/simple/6/m1_6_04.txt,batches/digits_190_001/fixed_input/full/6/m1_6_04.txt,1,750,89,33,32,70,93,digits_190_001,84e4e7c1a042c1a15e21bcb262f8218492b44065e355973e2b61adaca4d03817,f934d340129aef372553e141e809442751b98c585e6b70cac06da4706d578899
m1_6_05,m1_6_05.jpg,6,m1,6,6/m1_6_05.jpg,batches/digits_190_001/processed_simple/6/m1_6_05.pgm,batches/digits_190_001/processed_full/6/m1_6_05.pgm,batches/digits_190_001/fixed_input/simple/6/m1_6_05.txt,batches/digits_190_001/fixed_input/full/6/m1_6_05.txt,1,711,88,32,33,66,93,digits_190_001,2498894d9e0cff255ee6cb1c08beb2de79e9901fe6ffc79bcdfb2ff010d9a428,f934d340129aef372553e141e809442751b98c585e6b70cac06da4706d578899
m1_7_01,m1_7_01.jpg,7,m1,7,7/m1_7_01.jpg,batches/digits_190_001/processed_simple/7/m1_7_01.pgm,batches/digits_190_001/processed_full/7/m1_7_01.pgm,batches/digits_190_001/fixed_input/simple/7/m1_7_01.txt,batches/digits_190_001/fixed_input/full/7/m1_7_01.txt,1,669,93,32,33,74,98,digits_190_001,7a4af8b8b66a5a102cef0b7a7b92eb0aa66275bd5bc24c36ef4346f8cd6c96b2,f934d340129aef372553e141e809442751b98c585e6b70cac06da4706d578899
m1_7_02,m1_7_02.jpg,7,m1,7,7/m1_7_02.jpg,batches/digits_190_001/processed_simple/7/m1_7_02.pgm,batches/digits_190_001/processed_full/7/m1_7_02.pgm,batches/digits_190_001/fixed_input/simple/7/m1_7_02.txt,batches/digits_190_001/fixed_input/full/7/m1_7_02.txt,1,769,95,32,32,79,92,digits_190_001,ee6f5d4cc9705e8704865f4f6adf72f6494b6fa97b02c4ccd79d0d15fdce9fe6,f934d340129aef372553e141e809442751b98c585e6b70cac06da4706d578899
m1_7_03,m1_7_03.jpg,7,m1,7,7/m1_7_03.jpg,batches/digits_190_001/processed_simple/7/m1_7_03.pgm,batches/digits_190_001/processed_full/7/m1_7_03.pgm,batches/digits_190_001/fixed_input/simple/7/m1_7_03.txt,batches/digits_190_001/fixed_input/full/7/m1_7_03.txt,1,708,91,32,32,76,88,digits_190_001,3f32fc595f95195ff6b0f7bb04bc17fbdff1ed61f253e0c904aea7cd1315b666,f934d340129aef372553e141e809442751b98c585e6b70cac06da4706d578899
m1_7_04,m1_7_04.jpg,7,m1,7,7/m1_7_04.jpg,batches/digits_190_001/processed_simple/7/m1_7_04.pgm,batches/digits_190_001/processed_full/7/m1_7_04.pgm,batches/digits_190_001/fixed_input/simple/7/m1_7_04.txt,batches/digits_190_001/fixed_input/full/7/m1_7_04.txt,1,645,91,33,32,72,88,digits_190_001,1c939abfca4416b19f3f70ab9ad38be29bfb29138dda47673916a0e9dc788bc2,f934d340129aef372553e141e809442751b98c585e6b70cac06da4706d578899
m1_7_05,m1_7_05.jpg,7,m1,7,7/m1_7_05.jpg,batches/digits_190_001/processed_simple/7/m1_7_05.pgm,batches/digits_190_001/processed_full/7/m1_7_05.pgm,batches/digits_190_001/fixed_input/simple/7/m1_7_05.txt,batches/digits_190_001/fixed_input/full/7/m1_7_05.txt,1,710,88,32,33,77,95,digits_190_001,128d6239c6af94735de314f6177ec03939c3db6e1702307877d37a98a52e8fc7,f934d340129aef372553e141e809442751b98c585e6b70cac06da4706d578899
m1_8_01,m1_8_01.jpg,8,m1,8,8/m1_8_01.jpg,batches/digits_190_001/processed_simple/8/m1_8_01.pgm,batches/digits_190_001/processed_full/8/m1_8_01.pgm,batches/digits_190_001/fixed_input/simple/8/m1_8_01.txt,batches/digits_190_001/fixed_input/full/8/m1_8_01.txt,1,1179,90,32,32,93,93,digits_190_001,1096b29ec4ce0c7a7db5c9e23c071443c4a235627d43b0061f48d51a02cbf8ef,f934d340129aef372553e141e809442751b98c585e6b70cac06da4706d578899
m1_8_02,m1_8_02.jpg,8,m1,8,8/m1_8_02.jpg,batches/digits_190_001/processed_simple/8/m1_8_02.pgm,batches/digits_190_001/processed_full/8/m1_8_02.pgm,batches/digits_190_001/fixed_input/simple/8/m1_8_02.txt,batches/digits_190_001/fixed_input/full/8/m1_8_02.txt,1,1154,94,32,32,80,98,digits_190_001,f7898a85aaeadd89ec5a91aca925b8a7180133a3d3ce785f1bc887a9dad4f131,f934d340129aef372553e141e809442751b98c585e6b70cac06da4706d578899
m1_8_03,m1_8_03.jpg,8,m1,8,8/m1_8_03.jpg,batches/digits_190_001/processed_simple/8/m1_8_03.pgm,batches/digits_190_001/processed_full/8/m1_8_03.pgm,batches/digits_190_001/fixed_input/simple/8/m1_8_03.txt,batches/digits_190_001/fixed_input/full/8/m1_8_03.txt,1,1036,92,33,33,91,91,digits_190_001,b7302912d1ab5972e7ba7dabc80c12058242aab9b85ff72b09e6939913f5d6fe,f934d340129aef372553e141e809442751b98c585e6b70cac06da4706d578899
m1_8_04,m1_8_04.jpg,8,m1,8,8/m1_8_04.jpg,batches/digits_190_001/processed_simple/8/m1_8_04.pgm,batches/digits_190_001/processed_full/8/m1_8_04.pgm,batches/digits_190_001/fixed_input/simple/8/m1_8_04.txt,batches/digits_190_001/fixed_input/full/8/m1_8_04.txt,1,1057,89,32,32,83,99,digits_190_001,9ca666bcb57cbc6b9f5aca122e2e595091fc45a575e511bc4607280b88bb46de,f934d340129aef372553e141e809442751b98c585e6b70cac06da4706d578899
m1_8_05,m1_8_05.jpg,8,m1,8,8/m1_8_05.jpg,batches/digits_190_001/processed_simple/8/m1_8_05.pgm,batches/digits_190_001/processed_full/8/m1_8_05.pgm,batches/digits_190_001/fixed_input/simple/8/m1_8_05.txt,batches/digits_190_001/fixed_input/full/8/m1_8_05.txt,1,932,87,33,32,80,90,digits_190_001,5b001c1bfdbf81cbef909a8dfa30643fb78893567d0c9671ac69873db3836fe2,f934d340129aef372553e141e809442751b98c585e6b70cac06da4706d578899
m1_9_01,m1_9_01.jpg,9,m1,9,9/m1_9_01.jpg,batches/digits_190_001/processed_simple/9/m1_9_01.pgm,batches/digits_190_001/processed_full/9/m1_9_01.pgm,batches/digits_190_001/fixed_input/simple/9/m1_9_01.txt,batches/digits_190_001/fixed_input/full/9/m1_9_01.txt,1,1032,89,32,32,77,102,digits_190_001,862c3ea6877610b4c42015d790ad989e21d4f253895242f8b75b38730b844125,f934d340129aef372553e141e809442751b98c585e6b70cac06da4706d578899
m1_9_02,m1_9_02.jpg,9,m1,9,9/m1_9_02.jpg,batches/digits_190_001/processed_simple/9/m1_9_02.pgm,batches/digits_190_001/processed_full/9/m1_9_02.pgm,batches/digits_190_001/fixed_input/simple/9/m1_9_02.txt,batches/digits_190_001/fixed_input/full/9/m1_9_02.txt,1,1075,94,33,33,81,112,digits_190_001,d8df0bc0f3c6885366fdc0930291874bd48d2c15101d6bbcfd2cef067b0400d6,f934d340129aef372553e141e809442751b98c585e6b70cac06da4706d578899
m1_9_03,m1_9_03.jpg,9,m1,9,9/m1_9_03.jpg,batches/digits_190_001/processed_simple/9/m1_9_03.pgm,batches/digits_190_001/processed_full/9/m1_9_03.pgm,batches/digits_190_001/fixed_input/simple/9/m1_9_03.txt,batches/digits_190_001/fixed_input/full/9/m1_9_03.txt,1,945,91,32,32,78,93,digits_190_001,0baed1582cbb8c06dc909d28a0f97bc4795fba5208ded5eb24040cecac39a3a0,f934d340129aef372553e141e809442751b98c585e6b70cac06da4706d578899
m1_9_04,m1_9_04.jpg,9,m1,9,9/m1_9_04.jpg,batches/digits_190_001/processed_simple/9/m1_9_04.pgm,batches/digits_190_001/processed_full/9/m1_9_04.pgm,batches/digits_190_001/fixed_input/simple/9/m1_9_04.txt,batches/digits_190_001/fixed_input/full/9/m1_9_04.txt,1,932,88,33,32,79,89,digits_190_001,234a043af1d4a02e9e84f7c12bf41e9ca99fa4c694e2255a653ba0edcbc8d6a2,f934d340129aef372553e141e809442751b98c585e6b70cac06da4706d578899
m1_9_05,m1_9_05.jpg,9,m1,9,9/m1_9_05.jpg,batches/digits_190_001/processed_simple/9/m1_9_05.pgm,batches/digits_190_001/processed_full/9/m1_9_05.pgm,batches/digits_190_001/fixed_input/simple/9/m1_9_05.txt,batches/digits_190_001/fixed_input/full/9/m1_9_05.txt,1,880,88,32,22,75,89,digits_190_001,3d420297862bf09f59c92a478478338862e3f5200ac7eef352a02c4a3ea5e6a9,f934d340129aef372553e141e809442751b98c585e6b70cac06da4706d578899
m6_0_01,m6_0_01.png,0,m6,0,0/m6_0_01.png,batches/digits_190_001/processed_simple/0/m6_0_01.pgm,batches/digits_190_001/processed_full/0/m6_0_01.pgm,batches/digits_190_001/fixed_input/simple/0/m6_0_01.txt,batches/digits_190_001/fixed_input/full/0/m6_0_01.txt,1,3875,127,123,70,210,179,digits_190_001,4e9020432ec96f5ae641418e527c3398329cc0a08b1961281e7ac65e9e1a2d3e,f934d340129aef372553e141e809442751b98c585e6b70cac06da4706d578899
m6_0_02,m6_0_02.png,0,m6,0,0/m6_0_02.png,batches/digits_190_001/processed_simple/0/m6_0_02.pgm,batches/digits_190_001/processed_full/0/m6_0_02.pgm,batches/digits_190_001/fixed_input/simple/0/m6_0_02.txt,batches/digits_190_001/fixed_input/full/0/m6_0_02.txt,1,2948,123,84,62,165,150,digits_190_001,54d9dd6003a110e427ab1136a9a012ef54eb01da267ee43bc304d1aa2a4edef5,f934d340129aef372553e141e809442751b98c585e6b70cac06da4706d578899
m6_0_03,m6_0_03.png,0,m6,0,0/m6_0_03.png,batches/digits_190_001/processed_simple/0/m6_0_03.pgm,batches/digits_190_001/processed_full/0/m6_0_03.pgm,batches/digits_190_001/fixed_input/simple/0/m6_0_03.txt,batches/digits_190_001/fixed_input/full/0/m6_0_03.txt,1,2876,122,107,75,174,160,digits_190_001,b94ca53792d96a366b4353a6a5a1cd366f85369e5289159d3b8267040538c98a,f934d340129aef372553e141e809442751b98c585e6b70cac06da4706d578899
m6_0_04,m6_0_04.png,0,m6,0,0/m6_0_04.png,batches/digits_190_001/processed_simple/0/m6_0_04.pgm,batches/digits_190_001/processed_full/0/m6_0_04.pgm,batches/digits_190_001/fixed_input/simple/0/m6_0_04.txt,batches/digits_190_001/fixed_input/full/0/m6_0_04.txt,1,3336,120,85,59,164,162,digits_190_001,da509ec7070c3435881f3eb4a26283673365a269383eb8b93c80b8a7aff9ad92,f934d340129aef372553e141e809442751b98c585e6b70cac06da4706d578899
m6_0_05,m6_0_05.png,0,m6,0,0/m6_0_05.png,batches/digits_190_001/processed_simple/0/m6_0_05.pgm,batches/digits_190_001/processed_full/0/m6_0_05.pgm,batches/digits_190_001/fixed_input/simple/0/m6_0_05.txt,batches/digits_190_001/fixed_input/full/0/m6_0_05.txt,1,2851,124,155,75,224,166,digits_190_001,ee40098380b87c3bb06c22c1e03998988d89b7db2de11fbfc891f073bbc56cc1,f934d340129aef372553e141e809442751b98c585e6b70cac06da4706d578899
m6_1_01,m6_1_01.png,1,m6,1,1/m6_1_01.png,batches/digits_190_001/processed_simple/1/m6_1_01.pgm,batches/digits_190_001/processed_full/1/m6_1_01.pgm,batches/digits_190_001/fixed_input/simple/1/m6_1_01.txt,batches/digits_190_001/fixed_input/full/1/m6_1_01.txt,1,1341,123,203,76,228,188,digits_190_001,78f5026871b0593464b93f6fa12d3633fe280da326d48112221f4cf2669e1926,f934d340129aef372553e141e809442751b98c585e6b70cac06da4706d578899
m6_1_02,m6_1_02.png,1,m6,1,1/m6_1_02.png,batches/digits_190_001/processed_simple/1/m6_1_02.pgm,batches/digits_190_001/processed_full/1/m6_1_02.pgm,batches/digits_190_001/fixed_input/simple/1/m6_1_02.txt,batches/digits_190_001/fixed_input/full/1/m6_1_02.txt,1,1516,127,36,119,195,226,digits_190_001,3b6e61c522328691439ab0b531d7e880c898584baea61abceab5faae4c24c0e6,f934d340129aef372553e141e809442751b98c585e6b70cac06da4706d578899
m6_1_03,m6_1_03.png,1,m6,1,1/m6_1_03.png,batches/digits_190_001/processed_simple/1/m6_1_03.pgm,batches/digits_190_001/processed_full/1/m6_1_03.pgm,batches/digits_190_001/fixed_input/simple/1/m6_1_03.txt,batches/digits_190_001/fixed_input/full/1/m6_1_03.txt,1,1958,131,137,68,159,203,digits_190_001,12b7d34dd54922156d0abb7aef073c9d58a7c9d9d27aca55246daa4ef6ece032,f934d340129aef372553e141e809442751b98c585e6b70cac06da4706d578899
m6_1_04,m6_1_04.png,1,m6,1,1/m6_1_04.png,batches/digits_190_001/processed_simple/1/m6_1_04.pgm,batches/digits_190_001/processed_full/1/m6_1_04.pgm,batches/digits_190_001/fixed_input/simple/1/m6_1_04.txt,batches/digits_190_001/fixed_input/full/1/m6_1_04.txt,1,2030,128,131,77,153,221,digits_190_001,2680511b75f5657233951c1f315461d98acb03d6f586905a4e2181420f32752f,f934d340129aef372553e141e809442751b98c585e6b70cac06da4706d578899
m6_1_05,m6_1_05.png,1,m6,1,1/m6_1_05.png,batches/digits_190_001/processed_simple/1/m6_1_05.pgm,batches/digits_190_001/processed_full/1/m6_1_05.pgm,batches/digits_190_001/fixed_input/simple/1/m6_1_05.txt,batches/digits_190_001/fixed_input/full/1/m6_1_05.txt,1,2136,130,148,59,168,234,digits_190_001,f5de7e674d0cf505212a2982ef08b12c94f299436f4e8e1a286229e7faa31ffd,f934d340129aef372553e141e809442751b98c585e6b70cac06da4706d578899
m6_2_01,m6_2_01.png,2,m6,2,2/m6_2_01.png,batches/digits_190_001/processed_simple/2/m6_2_01.pgm,batches/digits_190_001/processed_full/2/m6_2_01.pgm,batches/digits_190_001/fixed_input/simple/2/m6_2_01.txt,batches/digits_190_001/fixed_input/full/2/m6_2_01.txt,1,2546,127,153,54,249,141,digits_190_001,61b649c6beb13ee748c743bd04d33c0f8c3c1a810f9ba7ae448f2a56ee102159,f934d340129aef372553e141e809442751b98c585e6b70cac06da4706d578899
m6_2_02,m6_2_02.png,2,m6,2,2/m6_2_02.png,batches/digits_190_001/processed_simple/2/m6_2_02.pgm,batches/digits_190_001/processed_full/2/m6_2_02.pgm,batches/digits_190_001/fixed_input/simple/2/m6_2_02.txt,batches/digits_190_001/fixed_input/full/2/m6_2_02.txt,1,2477,126,110,56,209,145,digits_190_001,afacba5e6370aea943cb7b8352dbc2d2698bc30ddbb74e3139dd4c8a43290bab,f934d340129aef372553e141e809442751b98c585e6b70cac06da4706d578899
m6_2_03,m6_2_03.png,2,m6,2,2/m6_2_03.png,batches/digits_190_001/processed_simple/2/m6_2_03.pgm,batches/digits_190_001/processed_full/2/m6_2_03.pgm,batches/digits_190_001/fixed_input/simple/2/m6_2_03.txt,batches/digits_190_001/fixed_input/full/2/m6_2_03.txt,1,2696,128,130,69,205,172,digits_190_001,ed5128c1ef78fba6e82ea617dc8a7fc3c944d37c50a622a6f91e2bbc86ae3435,f934d340129aef372553e141e809442751b98c585e6b70cac06da4706d578899
m6_2_04,m6_2_04.png,2,m6,2,2/m6_2_04.png,batches/digits_190_001/processed_simple/2/m6_2_04.pgm,batches/digits_190_001/processed_full/2/m6_2_04.pgm,batches/digits_190_001/fixed_input/simple/2/m6_2_04.txt,batches/digits_190_001/fixed_input/full/2/m6_2_04.txt,1,2449,126,68,76,168,164,digits_190_001,9b96d252b5767a9016d0c0aa6c0e5e19e11892d799dff29a9edb6f95bd2b1682,f934d340129aef372553e141e809442751b98c585e6b70cac06da4706d578899
m6_2_05,m6_2_05.png,2,m6,2,2/m6_2_05.png,batches/digits_190_001/processed_simple/2/m6_2_05.pgm,batches/digits_190_001/processed_full/2/m6_2_05.pgm,batches/digits_190_001/fixed_input/simple/2/m6_2_05.txt,batches/digits_190_001/fixed_input/full/2/m6_2_05.txt,1,2631,127,107,93,194,182,digits_190_001,803ab2ebf589cd33b692e23aeb2be487cb644d68ed2d1a92c441578f2c244e3e,f934d340129aef372553e141e809442751b98c585e6b70cac06da4706d578899
m6_3_01,m6_3_01.png,3,m6,3,3/m6_3_01.png,batches/digits_190_001/processed_simple/3/m6_3_01.pgm,batches/digits_190_001/processed_full/3/m6_3_01.pgm,batches/digits_190_001/fixed_input/simple/3/m6_3_01.txt,batches/digits_190_001/fixed_input/full/3/m6_3_01.txt,1,3242,127,108,104,176,248,digits_190_001,35f200cebfd6591e8ae6c7757311f33e073d258eec1cf9e5f1623da79d116fee,f934d340129aef372553e141e809442751b98c585e6b70cac06da4706d578899
m6_3_02,m6_3_02.png,3,m6,3,3/m6_3_02.png,batches/digits_190_001/processed_simple/3/m6_3_02.pgm,batches/digits_190_001/processed_full/3/m6_3_02.pgm,batches/digits_190_001/fixed_input/simple/3/m6_3_02.txt,batches/digits_190_001/fixed_input/full/3/m6_3_02.txt,1,3580,127,73,110,139,272,digits_190_001,25992d18daf01bec3c491d2103f35341ef9b83880f70bb2a2cae0235cab64ed9,f934d340129aef372553e141e809442751b98c585e6b70cac06da4706d578899
m6_3_03,m6_3_03.png,3,m6,3,3/m6_3_03.png,batches/digits_190_001/processed_simple/3/m6_3_03.pgm,batches/digits_190_001/processed_full/3/m6_3_03.pgm,batches/digits_190_001/fixed_input/simple/3/m6_3_03.txt,batches/digits_190_001/fixed_input/full/3/m6_3_03.txt,1,3317,127,89,70,140,262,digits_190_001,b7effec115b6c44c06c6f2edabcc04459ce8f7a4ee5091c7beb943c78ce64102,f934d340129aef372553e141e809442751b98c585e6b70cac06da4706d578899
m6_3_04,m6_3_04.png,3,m6,3,3/m6_3_04.png,batches/digits_190_001/processed_simple/3/m6_3_04.pgm,batches/digits_190_001/processed_full/3/m6_3_04.pgm,batches/digits_190_001/fixed_input/simple/3/m6_3_04.txt,batches/digits_190_001/fixed_input/full/3/m6_3_04.txt,1,3614,128,93,6,171,257,digits_190_001,c199e6d2c52a32da54a319e0d9c2c3c10e8f67e47d33b33061b618abdf83dcc0,f934d340129aef372553e141e809442751b98c585e6b70cac06da4706d578899
m6_3_05,m6_3_05.png,3,m6,3,3/m6_3_05.png,batches/digits_190_001/processed_simple/3/m6_3_05.pgm,batches/digits_190_001/processed_full/3/m6_3_05.pgm,batches/digits_190_001/fixed_input/simple/3/m6_3_05.txt,batches/digits_190_001/fixed_input/full/3/m6_3_05.txt,1,3182,128,108,108,171,267,digits_190_001,8799452f89d65a971e4db4bf9c9d8b66b2fcd5d004d11987fd1b5c46cd8aee45,f934d340129aef372553e141e809442751b98c585e6b70cac06da4706d578899
m6_4_01,m6_4_01.png,4,m6,4,4/m6_4_01.png,batches/digits_190_001/processed_simple/4/m6_4_01.pgm,batches/digits_190_001/processed_full/4/m6_4_01.pgm,batches/digits_190_001/fixed_input/simple/4/m6_4_01.txt,batches/digits_190_001/fixed_input/full/4/m6_4_01.txt,1,4976,127,102,104,217,277,digits_190_001,26d43bb0faf098bffab115afa8efcc62ef13b21b973f2fef8269aafbd7fa06c9,f934d340129aef372553e141e809442751b98c585e6b70cac06da4706d578899
m6_4_02,m6_4_02.png,4,m6,4,4/m6_4_02.png,batches/digits_190_001/processed_simple/4/m6_4_02.pgm,batches/digits_190_001/processed_full/4/m6_4_02.pgm,batches/digits_190_001/fixed_input/simple/4/m6_4_02.txt,batches/digits_190_001/fixed_input/full/4/m6_4_02.txt,1,4923,127,54,116,178,292,digits_190_001,5b8f8fef10b242c957c5e3a7887473b82abf16883eae4487e3f7d401160b4f1e,f934d340129aef372553e141e809442751b98c585e6b70cac06da4706d578899
m6_4_03,m6_4_03.png,4,m6,4,4/m6_4_03.png,batches/digits_190_001/processed_simple/4/m6_4_03.pgm,batches/digits_190_001/processed_full/4/m6_4_03.pgm,batches/digits_190_001/fixed_input/simple/4/m6_4_03.txt,batches/digits_190_001/fixed_input/full/4/m6_4_03.txt,1,5048,128,41,125,154,316,digits_190_001,eb620bd7c661cb1843b1b6fe09949b431a6ef0c9fb5ba873e115b75170392876,f934d340129aef372553e141e809442751b98c585e6b70cac06da4706d578899
m6_4_04,m6_4_04.png,4,m6,4,4/m6_4_04.png,batches/digits_190_001/processed_simple/4/m6_4_04.pgm,batches/digits_190_001/processed_full/4/m6_4_04.pgm,batches/digits_190_001/fixed_input/simple/4/m6_4_04.txt,batches/digits_190_001/fixed_input/full/4/m6_4_04.txt,1,4842,128,73,86,171,244,digits_190_001,08fc6daf38e42ee7063763a85fc97c2a2d80a52dc19399d820985734eb0d7756,f934d340129aef372553e141e809442751b98c585e6b70cac06da4706d578899
m6_4_05,m6_4_05.png,4,m6,4,4/m6_4_05.png,batches/digits_190_001/processed_simple/4/m6_4_05.pgm,batches/digits_190_001/processed_full/4/m6_4_05.pgm,batches/digits_190_001/fixed_input/simple/4/m6_4_05.txt,batches/digits_190_001/fixed_input/full/4/m6_4_05.txt,1,4382,128,61,104,161,264,digits_190_001,9d340c8694d81394fb7ad28a8eb3c8088b664f549be3d70b89be2c8208127c5a,f934d340129aef372553e141e809442751b98c585e6b70cac06da4706d578899
m6_5_01,m6_5_01.png,5,m6,5,5/m6_5_01.png,batches/digits_190_001/processed_simple/5/m6_5_01.pgm,batches/digits_190_001/processed_full/5/m6_5_01.pgm,batches/digits_190_001/fixed_input/simple/5/m6_5_01.txt,batches/digits_190_001/fixed_input/full/5/m6_5_01.txt,1,2599,126,91,98,168,217,digits_190_001,2b52d17ac15ba3a1d2e2c05b319b4ff46150031dd7eea36d3418df6173bacc64,f934d340129aef372553e141e809442751b98c585e6b70cac06da4706d578899
m6_5_02,m6_5_02.png,5,m6,5,5/m6_5_02.png,batches/digits_190_001/processed_simple/5/m6_5_02.pgm,batches/digits_190_001/processed_full/5/m6_5_02.pgm,batches/digits_190_001/fixed_input/simple/5/m6_5_02.txt,batches/digits_190_001/fixed_input/full/5/m6_5_02.txt,1,2677,127,69,109,140,225,digits_190_001,f84e6e52e720a7195af01226e493e143536c738a2bf65dd1c7843bbd770dcac2,f934d340129aef372553e141e809442751b98c585e6b70cac06da4706d578899
m6_5_03,m6_5_03.png,5,m6,5,5/m6_5_03.png,batches/digits_190_001/processed_simple/5/m6_5_03.pgm,batches/digits_190_001/processed_full/5/m6_5_03.pgm,batches/digits_190_001/fixed_input/simple/5/m6_5_03.txt,batches/digits_190_001/fixed_input/full/5/m6_5_03.txt,1,3103,128,65,95,170,214,digits_190_001,28398c2867df6bc887f3ab634885da3c8f02a66c263dec01159e7fc530535c47,f934d340129aef372553e141e809442751b98c585e6b70cac06da4706d578899
m6_5_04,m6_5_04.png,5,m6,5,5/m6_5_04.png,batches/digits_190_001/processed_simple/5/m6_5_04.pgm,batches/digits_190_001/processed_full/5/m6_5_04.pgm,batches/digits_190_001/fixed_input/simple/5/m6_5_04.txt,batches/digits_190_001/fixed_input/full/5/m6_5_04.txt,1,2778,133,83,112,160,226,digits_190_001,65b05c34bcd7be84f5b82ac8d82b97f19e877d381c16edd47e5202db3e79abc0,f934d340129aef372553e141e809442751b98c585e6b70cac06da4706d578899
m6_5_05,m6_5_05.png,5,m6,5,5/m6_5_05.png,batches/digits_190_001/processed_simple/5/m6_5_05.pgm,batches/digits_190_001/processed_full/5/m6_5_05.pgm,batches/digits_190_001/fixed_input/simple/5/m6_5_05.txt,batches/digits_190_001/fixed_input/full/5/m6_5_05.txt,1,3458,127,55,62,128,222,digits_190_001,8b2f2237650798337428fe8b69b731e6b5c1e051959d4d36bb356b23c1dd75dc,f934d340129aef372553e141e809442751b98c585e6b70cac06da4706d578899
m6_6_01,m6_6_01.png,6,m6,6,6/m6_6_01.png,batches/digits_190_001/processed_simple/6/m6_6_01.pgm,batches/digits_190_001/processed_full/6/m6_6_01.pgm,batches/digits_190_001/fixed_input/simple/6/m6_6_01.txt,batches/digits_190_001/fixed_input/full/6/m6_6_01.txt,1,3597,127,98,136,166,280,digits_190_001,2058bd7393305f20e15d243cf72d350e3ec77b12d98d94812e18836b65253559,f934d340129aef372553e141e809442751b98c585e6b70cac06da4706d578899
m6_6_02,m6_6_02.png,6,m6,6,6/m6_6_02.png,batches/digits_190_001/processed_simple/6/m6_6_02.pgm,batches/digits_190_001/processed_full/6/m6_6_02.pgm,batches/digits_190_001/fixed_input/simple/6/m6_6_02.txt,batches/digits_190_001/fixed_input/full/6/m6_6_02.txt,1,3196,127,6,2,152,323,digits_190_001,b508c07bd2944aa166e6e7974d113c6b0a2a1d24234d263609a86539abf07b3f,f934d340129aef372553e141e809442751b98c585e6b70cac06da4706d578899
m6_6_03,m6_6_03.png,6,m6,6,6/m6_6_03.png,batches/digits_190_001/processed_simple/6/m6_6_03.pgm,batches/digits_190_001/processed_full/6/m6_6_03.pgm,batches/digits_190_001/fixed_input/simple/6/m6_6_03.txt,batches/digits_190_001/fixed_input/full/6/m6_6_03.txt,1,3491,127,102,113,164,251,digits_190_001,035c9e7657d570038abf2fdb43fe4c14b9415a5dad3290cff597243de1d567d1,f934d340129aef372553e141e809442751b98c585e6b70cac06da4706d578899
m6_6_04,m6_6_04.png,6,m6,6,6/m6_6_04.png,batches/digits_190_001/processed_simple/6/m6_6_04.pgm,batches/digits_190_001/processed_full/6/m6_6_04.pgm,batches/digits_190_001/fixed_input/simple/6/m6_6_04.txt,batches/digits_190_001/fixed_input/full/6/m6_6_04.txt,1,3254,127,81,106,130,263,digits_190_001,961c7a90150af953350a863e4d9bfced8aafc2dcf6e937e38633e5b3c55f0d1f,f934d340129aef372553e141e809442751b98c585e6b70cac06da4706d578899
m6_6_05,m6_6_05.png,6,m6,6,6/m6_6_05.png,batches/digits_190_001/processed_simple/6/m6_6_05.pgm,batches/digits_190_001/processed_full/6/m6_6_05.pgm,batches/digits_190_001/fixed_input/simple/6/m6_6_05.txt,batches/digits_190_001/fixed_input/full/6/m6_6_05.txt,1,3570,127,76,133,144,271,digits_190_001,05dad466a307a1570a1d744feb4141b65e466192067345bac839d5ce39204d08,f934d340129aef372553e141e809442751b98c585e6b70cac06da4706d578899
m6_7_01,m6_7_01.png,7,m6,7,7/m6_7_01.png,batches/digits_190_001/processed_simple/7/m6_7_01.pgm,batches/digits_190_001/processed_full/7/m6_7_01.pgm,batches/digits_190_001/fixed_input/simple/7/m6_7_01.txt,batches/digits_190_001/fixed_input/full/7/m6_7_01.txt,1,1892,128,75,104,150,200,digits_190_001,0797b9fd35d31b966054dd746159302beb255b679478b5d7838e48f04f71f9e6,f934d340129aef372553e141e809442751b98c585e6b70cac06da4706d578899
m6_7_02,m6_7_02.png,7,m6,7,7/m6_7_02.png,batches/digits_190_001/processed_simple/7/m6_7_02.pgm,batches/digits_190_001/processed_full/7/m6_7_02.pgm,batches/digits_190_001/fixed_input/simple/7/m6_7_02.txt,batches/digits_190_001/fixed_input/full/7/m6_7_02.txt,1,2675,125,55,97,130,234,digits_190_001,0e4106a4c6d231c0bd21d809da69167f54d2102a56fae196ff6ba051cebe0d58,f934d340129aef372553e141e809442751b98c585e6b70cac06da4706d578899
m6_7_03,m6_7_03.png,7,m6,7,7/m6_7_03.png,batches/digits_190_001/processed_simple/7/m6_7_03.pgm,batches/digits_190_001/processed_full/7/m6_7_03.pgm,batches/digits_190_001/fixed_input/simple/7/m6_7_03.txt,batches/digits_190_001/fixed_input/full/7/m6_7_03.txt,1,2959,130,39,104,137,243,digits_190_001,e916cdaba346388148f26d6ba2d169ccf8ab781f2b7d003b9cedd6e442850af9,f934d340129aef372553e141e809442751b98c585e6b70cac06da4706d578899
m6_7_04,m6_7_04.png,7,m6,7,7/m6_7_04.png,batches/digits_190_001/processed_simple/7/m6_7_04.pgm,batches/digits_190_001/processed_full/7/m6_7_04.pgm,batches/digits_190_001/fixed_input/simple/7/m6_7_04.txt,batches/digits_190_001/fixed_input/full/7/m6_7_04.txt,1,2338,127,82,104,160,227,digits_190_001,e35790df4948315578d84a2ef2038f0962de134d43a2b8b81a6e271802697e5a,f934d340129aef372553e141e809442751b98c585e6b70cac06da4706d578899
m6_7_05,m6_7_05.png,7,m6,7,7/m6_7_05.png,batches/digits_190_001/processed_simple/7/m6_7_05.pgm,batches/digits_190_001/processed_full/7/m6_7_05.pgm,batches/digits_190_001/fixed_input/simple/7/m6_7_05.txt,batches/digits_190_001/fixed_input/full/7/m6_7_05.txt,1,2622,132,87,84,162,224,digits_190_001,f625b6c753f4542e00017a51c9c3cfe91de037c7807be57a8bbb486c823635ee,f934d340129aef372553e141e809442751b98c585e6b70cac06da4706d578899
m6_8_01,m6_8_01.png,8,m6,8,8/m6_8_01.png,batches/digits_190_001/processed_simple/8/m6_8_01.pgm,batches/digits_190_001/processed_full/8/m6_8_01.pgm,batches/digits_190_001/fixed_input/simple/8/m6_8_01.txt,batches/digits_190_001/fixed_input/full/8/m6_8_01.txt,1,4176,128,94,69,174,195,digits_190_001,00540a752fe603c5bac1eb9b3e9d9c78ae52b5fcc66e5b3aa88f5c859abe347e,f934d340129aef372553e141e809442751b98c585e6b70cac06da4706d578899
m6_8_02,m6_8_02.png,8,m6,8,8/m6_8_02.png,batches/digits_190_001/processed_simple/8/m6_8_02.pgm,batches/digits_190_001/processed_full/8/m6_8_02.pgm,batches/digits_190_001/fixed_input/simple/8/m6_8_02.txt,batches/digits_190_001/fixed_input/full/8/m6_8_02.txt,1,4037,128,87,101,158,229,digits_190_001,b4639b34f6c5b404e3b0b8e36dd28a80422346c0026a6b7520b48d9914125096,f934d340129aef372553e141e809442751b98c585e6b70cac06da4706d578899
m6_8_03,m6_8_03.png,8,m6,8,8/m6_8_03.png,batches/digits_190_001/processed_simple/8/m6_8_03.pgm,batches/digits_190_001/processed_full/8/m6_8_03.pgm,batches/digits_190_001/fixed_input/simple/8/m6_8_03.txt,batches/digits_190_001/fixed_input/full/8/m6_8_03.txt,1,4552,128,61,125,162,265,digits_190_001,ee600d3cfbf68aaaeeebaaea143cd8e02cd922ae8be9eeb48d7f28eb5089f4c8,f934d340129aef372553e141e809442751b98c585e6b70cac06da4706d578899
m6_8_04,m6_8_04.png,8,m6,8,8/m6_8_04.png,batches/digits_190_001/processed_simple/8/m6_8_04.pgm,batches/digits_190_001/processed_full/8/m6_8_04.pgm,batches/digits_190_001/fixed_input/simple/8/m6_8_04.txt,batches/digits_190_001/fixed_input/full/8/m6_8_04.txt,1,4664,130,89,104,185,236,digits_190_001,547a914bc21415c81bc6682194652d94b48444a7b7e89278fd34cf3434c9c30d,f934d340129aef372553e141e809442751b98c585e6b70cac06da4706d578899
m6_8_05,m6_8_05.png,8,m6,8,8/m6_8_05.png,batches/digits_190_001/processed_simple/8/m6_8_05.pgm,batches/digits_190_001/processed_full/8/m6_8_05.pgm,batches/digits_190_001/fixed_input/simple/8/m6_8_05.txt,batches/digits_190_001/fixed_input/full/8/m6_8_05.txt,1,4565,126,52,59,185,232,digits_190_001,9ea79b23be23a5f26b8b19d824b8e6aac6e9d71020b9c91ae16ba8823bd93e40,f934d340129aef372553e141e809442751b98c585e6b70cac06da4706d578899
m6_9_01,m6_9_01.png,9,m6,9,9/m6_9_01.png,batches/digits_190_001/processed_simple/9/m6_9_01.pgm,batches/digits_190_001/processed_full/9/m6_9_01.pgm,batches/digits_190_001/fixed_input/simple/9/m6_9_01.txt,batches/digits_190_001/fixed_input/full/9/m6_9_01.txt,1,3397,123,101,76,171,238,digits_190_001,02deaf369eb100ce8e45997e6b8ee608a40a4f9cb8340c12cb4da10e14da7b1a,f934d340129aef372553e141e809442751b98c585e6b70cac06da4706d578899
m6_9_02,m6_9_02.png,9,m6,9,9/m6_9_02.png,batches/digits_190_001/processed_simple/9/m6_9_02.pgm,batches/digits_190_001/processed_full/9/m6_9_02.pgm,batches/digits_190_001/fixed_input/simple/9/m6_9_02.txt,batches/digits_190_001/fixed_input/full/9/m6_9_02.txt,1,3909,127,60,79,135,238,digits_190_001,cfde55eee8cd13a74cf1972b0c578ed03b982af14175b55e4df81a885833d728,f934d340129aef372553e141e809442751b98c585e6b70cac06da4706d578899
m6_9_03,m6_9_03.png,9,m6,9,9/m6_9_03.png,batches/digits_190_001/processed_simple/9/m6_9_03.pgm,batches/digits_190_001/processed_full/9/m6_9_03.pgm,batches/digits_190_001/fixed_input/simple/9/m6_9_03.txt,batches/digits_190_001/fixed_input/full/9/m6_9_03.txt,1,3531,128,74,90,140,257,digits_190_001,ccc180f6cee1f52467adb8b131546aad8775a1f3a5c8471c5d1aeabfdc29483c,f934d340129aef372553e141e809442751b98c585e6b70cac06da4706d578899
m6_9_04,m6_9_04.png,9,m6,9,9/m6_9_04.png,batches/digits_190_001/processed_simple/9/m6_9_04.pgm,batches/digits_190_001/processed_full/9/m6_9_04.pgm,batches/digits_190_001/fixed_input/simple/9/m6_9_04.txt,batches/digits_190_001/fixed_input/full/9/m6_9_04.txt,1,4119,121,63,103,141,287,digits_190_001,4d57d3666e314efcb21737f310e011daba26987357cad8c04f80b736108a0110,f934d340129aef372553e141e809442751b98c585e6b70cac06da4706d578899
m6_9_05,m6_9_05.png,9,m6,9,9/m6_9_05.png,batches/digits_190_001/processed_simple/9/m6_9_05.pgm,batches/digits_190_001/processed_full/9/m6_9_05.pgm,batches/digits_190_001/fixed_input/simple/9/m6_9_05.txt,batches/digits_190_001/fixed_input/full/9/m6_9_05.txt,1,3480,126,90,108,154,258,digits_190_001,46d943f910a2509ca4d216c79a321e3e7548dd3c2c2a2a53b0d95d7a78230065,f934d340129aef372553e141e809442751b98c585e6b70cac06da4706d578899
m8_0_01,m8_0_01.jpg,0,m8,0,0/m8_0_01.jpg,batches/digits_190_001/processed_simple/0/m8_0_01.pgm,batches/digits_190_001/processed_full/0/m8_0_01.pgm,batches/digits_190_001/fixed_input/simple/0/m8_0_01.txt,batches/digits_190_001/fixed_input/full/0/m8_0_01.txt,1,25465,146,53,52,333,427,digits_190_001,25c7b5f758bd2de08dc0166e1f70a564735795f6610d008e463efcf1fb4eb745,f934d340129aef372553e141e809442751b98c585e6b70cac06da4706d578899
m8_1_01,m8_1_01.jpg,1,m8,1,1/m8_1_01.jpg,batches/digits_190_001/processed_simple/1/m8_1_01.pgm,batches/digits_190_001/processed_full/1/m8_1_01.pgm,batches/digits_190_001/fixed_input/simple/1/m8_1_01.txt,batches/digits_190_001/fixed_input/full/1/m8_1_01.txt,1,9703,155,47,48,165,432,digits_190_001,ff2046204162555630bbe19f65784e1ebea711734f0640ff7f94ea6c9a4a06dd,f934d340129aef372553e141e809442751b98c585e6b70cac06da4706d578899
m8_2_01,m8_2_01.jpg,2,m8,2,2/m8_2_01.jpg,batches/digits_190_001/processed_simple/2/m8_2_01.pgm,batches/digits_190_001/processed_full/2/m8_2_01.pgm,batches/digits_190_001/fixed_input/simple/2/m8_2_01.txt,batches/digits_190_001/fixed_input/full/2/m8_2_01.txt,1,19682,153,47,46,314,434,digits_190_001,037652ea013cee7a5ea0facf3bd74fd9a556b9948886b2c1e6552fcfd6d0de70,f934d340129aef372553e141e809442751b98c585e6b70cac06da4706d578899
m8_3_01,m8_3_01.jpg,3,m8,3,3/m8_3_01.jpg,batches/digits_190_001/processed_simple/3/m8_3_01.pgm,batches/digits_190_001/processed_full/3/m8_3_01.pgm,batches/digits_190_001/fixed_input/simple/3/m8_3_01.txt,batches/digits_190_001/fixed_input/full/3/m8_3_01.txt,1,19887,146,53,52,327,426,digits_190_001,f6a3b60e46270fb843e0ca30b12cbe3de89e7fcf8eb036c696ea1ba46652ad20,f934d340129aef372553e141e809442751b98c585e6b70cac06da4706d578899
m8_4_01,m8_4_01.jpg,4,m8,4,4/m8_4_01.jpg,batches/digits_190_001/processed_simple/4/m8_4_01.pgm,batches/digits_190_001/processed_full/4/m8_4_01.pgm,batches/digits_190_001/fixed_input/simple/4/m8_4_01.txt,batches/digits_190_001/fixed_input/full/4/m8_4_01.txt,1,15042,156,38,38,302,440,digits_190_001,05b551846db990a53f9ad488b7b85d442460d83e4bc897c85a02b8d4cad593ae,f934d340129aef372553e141e809442751b98c585e6b70cac06da4706d578899
m8_5_01,m8_5_01.jpg,5,m8,5,5/m8_5_01.jpg,batches/digits_190_001/processed_simple/5/m8_5_01.pgm,batches/digits_190_001/processed_full/5/m8_5_01.pgm,batches/digits_190_001/fixed_input/simple/5/m8_5_01.txt,batches/digits_190_001/fixed_input/full/5/m8_5_01.txt,1,19997,142,46,46,332,434,digits_190_001,d9279be161ffd2bdb2e9248ead6485da199ac20598e943473533bbed139cea1d,f934d340129aef372553e141e809442751b98c585e6b70cac06da4706d578899
m8_6_01,m8_6_01.jpg,6,m8,6,6/m8_6_01.jpg,batches/digits_190_001/processed_simple/6/m8_6_01.pgm,batches/digits_190_001/processed_full/6/m8_6_01.pgm,batches/digits_190_001/fixed_input/simple/6/m8_6_01.txt,batches/digits_190_001/fixed_input/full/6/m8_6_01.txt,1,18880,147,47,46,240,432,digits_190_001,e3ca0061ab5773fbe36a477354868a0086149d610e3f13575dd4e30b1e260b2a,f934d340129aef372553e141e809442751b98c585e6b70cac06da4706d578899
m8_7_01,m8_7_01.jpg,7,m8,7,7/m8_7_01.jpg,batches/digits_190_001/processed_simple/7/m8_7_01.pgm,batches/digits_190_001/processed_full/7/m8_7_01.pgm,batches/digits_190_001/fixed_input/simple/7/m8_7_01.txt,batches/digits_190_001/fixed_input/full/7/m8_7_01.txt,1,15546,142,43,43,321,435,digits_190_001,00938da7c775f1c5450b9d86f14a28462f8baf2e45c7a25feb1cd3572f18f9ab,f934d340129aef372553e141e809442751b98c585e6b70cac06da4706d578899
m8_8_01,m8_8_01.jpg,8,m8,8,8/m8_8_01.jpg,batches/digits_190_001/processed_simple/8/m8_8_01.pgm,batches/digits_190_001/processed_full/8/m8_8_01.pgm,batches/digits_190_001/fixed_input/simple/8/m8_8_01.txt,batches/digits_190_001/fixed_input/full/8/m8_8_01.txt,1,23441,145,45,44,231,435,digits_190_001,07921f94835f27983d31d16d1a6ed38e7a209d00c2cf2092de3263a429c3b4c1,f934d340129aef372553e141e809442751b98c585e6b70cac06da4706d578899
m8_9_01,m8_9_01.jpg,9,m8,9,9/m8_9_01.jpg,batches/digits_190_001/processed_simple/9/m8_9_01.pgm,batches/digits_190_001/processed_full/9/m8_9_01.pgm,batches/digits_190_001/fixed_input/simple/9/m8_9_01.txt,batches/digits_190_001/fixed_input/full/9/m8_9_01.txt,1,17461,143,39,39,210,440,digits_190_001,db0548a49e691bab92077454f9005531662f74c384bb89a1dc34f0348e58c1d5,f934d340129aef372553e141e809442751b98c585e6b70cac06da4706d578899
m8_0_02,m8_0_02.png,0,m8,0,0/m8_0_02.png,batches/digits_190_001/processed_simple/0/m8_0_02.pgm,batches/digits_190_001/processed_full/0/m8_0_02.pgm,batches/digits_190_001/fixed_input/simple/0/m8_0_02.txt,batches/digits_190_001/fixed_input/full/0/m8_0_02.txt,1,3718,118,125,60,214,208,digits_190_001,b896310de3a98421ef1e4d815a4559cf86f54416bc810d6b797e0a4082c42aae,f934d340129aef372553e141e809442751b98c585e6b70cac06da4706d578899
m8_0_03,m8_0_03.png,0,m8,0,0/m8_0_03.png,batches/digits_190_001/processed_simple/0/m8_0_03.pgm,batches/digits_190_001/processed_full/0/m8_0_03.pgm,batches/digits_190_001/fixed_input/simple/0/m8_0_03.txt,batches/digits_190_001/fixed_input/full/0/m8_0_03.txt,1,3302,114,129,63,210,203,digits_190_001,b1480baab4473f05e027a3320f3ef48386eba419ee856dcc1d9a56402d064079,f934d340129aef372553e141e809442751b98c585e6b70cac06da4706d578899
m8_0_04,m8_0_04.png,0,m8,0,0/m8_0_04.png,batches/digits_190_001/processed_simple/0/m8_0_04.pgm,batches/digits_190_001/processed_full/0/m8_0_04.pgm,batches/digits_190_001/fixed_input/simple/0/m8_0_04.txt,batches/digits_190_001/fixed_input/full/0/m8_0_04.txt,1,4111,117,122,61,214,214,digits_190_001,6633cb7cec598961fcf9be0449233fbac36d14ab09f8564cc3f87d4b94e91014,f934d340129aef372553e141e809442751b98c585e6b70cac06da4706d578899
m8_0_05,m8_0_05.png,0,m8,0,0/m8_0_05.png,batches/digits_190_001/processed_simple/0/m8_0_05.pgm,batches/digits_190_001/processed_full/0/m8_0_05.pgm,batches/digits_190_001/fixed_input/simple/0/m8_0_05.txt,batches/digits_190_001/fixed_input/full/0/m8_0_05.txt,1,3835,116,121,69,212,203,digits_190_001,3ced3bae0b846c72f45a443966f23a74d6dc3cde990497d7012498d3dd44980b,f934d340129aef372553e141e809442751b98c585e6b70cac06da4706d578899
m8_1_02,m8_1_02.png,1,m8,1,1/m8_1_02.png,batches/digits_190_001/processed_simple/1/m8_1_02.pgm,batches/digits_190_001/processed_full/1/m8_1_02.pgm,batches/digits_190_001/fixed_input/simple/1/m8_1_02.txt,batches/digits_190_001/fixed_input/full/1/m8_1_02.txt,1,1508,111,153,67,189,198,digits_190_001,49c70db66fbe8c69b55607c701601fcdaa2c4dcbe31ffdfd5bbd744fe88e83c4,f934d340129aef372553e141e809442751b98c585e6b70cac06da4706d578899
m8_1_03,m8_1_03.png,1,m8,1,1/m8_1_03.png,batches/digits_190_001/processed_simple/1/m8_1_03.pgm,batches/digits_190_001/processed_full/1/m8_1_03.pgm,batches/digits_190_001/fixed_input/simple/1/m8_1_03.txt,batches/digits_190_001/fixed_input/full/1/m8_1_03.txt,1,2697,113,137,64,201,206,digits_190_001,6fe234b9bea50b6cc4557eca6c2dee6842eaeff6ce6704cef19fa280cde05da1,f934d340129aef372553e141e809442751b98c585e6b70cac06da4706d578899
m8_1_04,m8_1_04.png,1,m8,1,1/m8_1_04.png,batches/digits_190_001/processed_simple/1/m8_1_04.pgm,batches/digits_190_001/processed_full/1/m8_1_04.pgm,batches/digits_190_001/fixed_input/simple/1/m8_1_04.txt,batches/digits_190_001/fixed_input/full/1/m8_1_04.txt,1,2216,114,59,56,185,270,digits_190_001,f336965f77b6abccf0df9375d290470c929499c6735aa13c259e7f35fa6831cf,f934d340129aef372553e141e809442751b98c585e6b70cac06da4706d578899
m8_1_05,m8_1_05.png,1,m8,1,1/m8_1_05.png,batches/digits_190_001/processed_simple/1/m8_1_05.pgm,batches/digits_190_001/processed_full/1/m8_1_05.pgm,batches/digits_190_001/fixed_input/simple/1/m8_1_05.txt,batches/digits_190_001/fixed_input/full/1/m8_1_05.txt,1,1798,112,162,64,182,211,digits_190_001,1145a9d42eef839c219550484f2c0661cbaa476215855e27795af063662455eb,f934d340129aef372553e141e809442751b98c585e6b70cac06da4706d578899
m8_2_02,m8_2_02.png,2,m8,2,2/m8_2_02.png,batches/digits_190_001/processed_simple/2/m8_2_02.pgm,batches/digits_190_001/processed_full/2/m8_2_02.pgm,batches/digits_190_001/fixed_input/simple/2/m8_2_02.txt,batches/digits_190_001/fixed_input/full/2/m8_2_02.txt,1,2849,120,117,76,223,188,digits_190_001,f3456ad094f07e65a431aa2a58eb29650a43d2563aee0682adf298d7b3eefe9c,f934d340129aef372553e141e809442751b98c585e6b70cac06da4706d578899
m8_2_03,m8_2_03.png,2,m8,2,2/m8_2_03.png,batches/digits_190_001/processed_simple/2/m8_2_03.pgm,batches/digits_190_001/processed_full/2/m8_2_03.pgm,batches/digits_190_001/fixed_input/simple/2/m8_2_03.txt,batches/digits_190_001/fixed_input/full/2/m8_2_03.txt,1,3516,116,110,56,225,215,digits_190_001,91cbd782de6c9c2ac9f960d28a6e170a48983bb5c4cf779ac176d17e520c34d4,f934d340129aef372553e141e809442751b98c585e6b70cac06da4706d578899
m8_2_04,m8_2_04.png,2,m8,2,2/m8_2_04.png,batches/digits_190_001/processed_simple/2/m8_2_04.pgm,batches/digits_190_001/processed_full/2/m8_2_04.pgm,batches/digits_190_001/fixed_input/simple/2/m8_2_04.txt,batches/digits_190_001/fixed_input/full/2/m8_2_04.txt,1,3416,117,101,80,234,190,digits_190_001,f794da9649229f52e9249949365b83c0e87b2e61a94f39bb6601e271babb1bf7,f934d340129aef372553e141e809442751b98c585e6b70cac06da4706d578899
m8_2_05,m8_2_05.png,2,m8,2,2/m8_2_05.png,batches/digits_190_001/processed_simple/2/m8_2_05.pgm,batches/digits_190_001/processed_full/2/m8_2_05.pgm,batches/digits_190_001/fixed_input/simple/2/m8_2_05.txt,batches/digits_190_001/fixed_input/full/2/m8_2_05.txt,1,3713,113,112,70,239,192,digits_190_001,6d119bc3d27309d4135c9222ea2aa9308bec9257b3b8a1b963b1bee90c157e08,f934d340129aef372553e141e809442751b98c585e6b70cac06da4706d578899
m8_3_02,m8_3_02.png,3,m8,3,3/m8_3_02.png,batches/digits_190_001/processed_simple/3/m8_3_02.pgm,batches/digits_190_001/processed_full/3/m8_3_02.pgm,batches/digits_190_001/fixed_input/simple/3/m8_3_02.txt,batches/digits_190_001/fixed_input/full/3/m8_3_02.txt,1,4166,121,112,49,212,214,digits_190_001,f1bf0868fec4d55ae98004eb44136c3a4e0e67f8289e8efc682853aa3dd5f50d,f934d340129aef372553e141e809442751b98c585e6b70cac06da4706d578899
m8_3_03,m8_3_03.png,3,m8,3,3/m8_3_03.png,batches/digits_190_001/processed_simple/3/m8_3_03.pgm,batches/digits_190_001/processed_full/3/m8_3_03.pgm,batches/digits_190_001/fixed_input/simple/3/m8_3_03.txt,batches/digits_190_001/fixed_input/full/3/m8_3_03.txt,1,3740,120,115,4,203,219,digits_190_001,4aa9377dca25b9bc0ace29c1d08fd87f863ad32b5063fd97c3c8a61751973dc0,f934d340129aef372553e141e809442751b98c585e6b70cac06da4706d578899
m8_3_04,m8_3_04.png,3,m8,3,3/m8_3_04.png,batches/digits_190_001/processed_simple/3/m8_3_04.pgm,batches/digits_190_001/processed_full/3/m8_3_04.pgm,batches/digits_190_001/fixed_input/simple/3/m8_3_04.txt,batches/digits_190_001/fixed_input/full/3/m8_3_04.txt,1,3734,120,133,49,213,218,digits_190_001,39da2980c517c4ce06ba2286b0089f6fd49c5893806180176da007229d05a22f,f934d340129aef372553e141e809442751b98c585e6b70cac06da4706d578899
m8_3_05,m8_3_05.png,3,m8,3,3/m8_3_05.png,batches/digits_190_001/processed_simple/3/m8_3_05.pgm,batches/digits_190_001/processed_full/3/m8_3_05.pgm,batches/digits_190_001/fixed_input/simple/3/m8_3_05.txt,batches/digits_190_001/fixed_input/full/3/m8_3_05.txt,1,3945,122,116,58,212,208,digits_190_001,505c252bf40c8676462b93a5fd0b55a6704c216b0e6eebd082620094466e71db,f934d340129aef372553e141e809442751b98c585e6b70cac06da4706d578899
m8_4_02,m8_4_02.png,4,m8,4,4/m8_4_02.png,batches/digits_190_001/processed_simple/4/m8_4_02.pgm,batches/digits_190_001/processed_full/4/m8_4_02.pgm,batches/digits_190_001/fixed_input/simple/4/m8_4_02.txt,batches/digits_190_001/fixed_input/full/4/m8_4_02.txt,1,4535,120,92,49,232,234,digits_190_001,36331ac2affee2a72c82a380c30abc28ddec6a7c756a04dcc2d48b15ae4e9990,f934d340129aef372553e141e809442751b98c585e6b70cac06da4706d578899
m8_4_03,m8_4_03.png,4,m8,4,4/m8_4_03.png,batches/digits_190_001/processed_simple/4/m8_4_03.pgm,batches/digits_190_001/processed_full/4/m8_4_03.pgm,batches/digits_190_001/fixed_input/simple/4/m8_4_03.txt,batches/digits_190_001/fixed_input/full/4/m8_4_03.txt,1,4726,124,109,36,225,240,digits_190_001,e4bed4cf1ad1d310c32ba0708d214cef09e90326a4bb44ec8f9e165710047c1c,f934d340129aef372553e141e809442751b98c585e6b70cac06da4706d578899
m8_4_04,m8_4_04.png,4,m8,4,4/m8_4_04.png,batches/digits_190_001/processed_simple/4/m8_4_04.pgm,batches/digits_190_001/processed_full/4/m8_4_04.pgm,batches/digits_190_001/fixed_input/simple/4/m8_4_04.txt,batches/digits_190_001/fixed_input/full/4/m8_4_04.txt,1,4354,119,100,47,232,221,digits_190_001,9d9c8a76ddf4993a5e51e319226b099ad7e76b885b1843aaa2ee511b0c552013,f934d340129aef372553e141e809442751b98c585e6b70cac06da4706d578899
m8_4_05,m8_4_05.png,4,m8,4,4/m8_4_05.png,batches/digits_190_001/processed_simple/4/m8_4_05.pgm,batches/digits_190_001/processed_full/4/m8_4_05.pgm,batches/digits_190_001/fixed_input/simple/4/m8_4_05.txt,batches/digits_190_001/fixed_input/full/4/m8_4_05.txt,1,4459,117,105,44,233,226,digits_190_001,eb12491c19e5971d5448dabd6d0809209bc8d116ca2a700ca24997654047d158,f934d340129aef372553e141e809442751b98c585e6b70cac06da4706d578899
m8_5_02,m8_5_02.png,5,m8,5,5/m8_5_02.png,batches/digits_190_001/processed_simple/5/m8_5_02.pgm,batches/digits_190_001/processed_full/5/m8_5_02.pgm,batches/digits_190_001/fixed_input/simple/5/m8_5_02.txt,batches/digits_190_001/fixed_input/full/5/m8_5_02.txt,1,4016,119,102,55,228,214,digits_190_001,933cab9846562882c114a3d3fab4149fe03b2c747ce2e26118706467e567cdfa,f934d340129aef372553e141e809442751b98c585e6b70cac06da4706d578899
m8_5_03,m8_5_03.png,5,m8,5,5/m8_5_03.png,batches/digits_190_001/processed_simple/5/m8_5_03.pgm,batches/digits_190_001/processed_full/5/m8_5_03.pgm,batches/digits_190_001/fixed_input/simple/5/m8_5_03.txt,batches/digits_190_001/fixed_input/full/5/m8_5_03.txt,1,3711,120,127,59,214,213,digits_190_001,b1174172e78caf69452b0da5a745ff9a4ce684e31970cb9a447ecf887a570660,f934d340129aef372553e141e809442751b98c585e6b70cac06da4706d578899
m8_5_04,m8_5_04.png,5,m8,5,5/m8_5_04.png,batches/digits_190_001/processed_simple/5/m8_5_04.pgm,batches/digits_190_001/processed_full/5/m8_5_04.pgm,batches/digits_190_001/fixed_input/simple/5/m8_5_04.txt,batches/digits_190_001/fixed_input/full/5/m8_5_04.txt,1,3599,119,104,62,237,208,digits_190_001,a252d2164833941ae9f9e2a95b6ef43b6c681139b10ad6145231874076db1e88,f934d340129aef372553e141e809442751b98c585e6b70cac06da4706d578899
m8_5_05,m8_5_05.png,5,m8,5,5/m8_5_05.png,batches/digits_190_001/processed_simple/5/m8_5_05.pgm,batches/digits_190_001/processed_full/5/m8_5_05.pgm,batches/digits_190_001/fixed_input/simple/5/m8_5_05.txt,batches/digits_190_001/fixed_input/full/5/m8_5_05.txt,1,3763,111,98,55,244,205,digits_190_001,c959ea921d2ee70e288933ce0e0728ec72e9145a62b375ab1366f0accfc65db0,f934d340129aef372553e141e809442751b98c585e6b70cac06da4706d578899
m8_6_02,m8_6_02.png,6,m8,6,6/m8_6_02.png,batches/digits_190_001/processed_simple/6/m8_6_02.pgm,batches/digits_190_001/processed_full/6/m8_6_02.pgm,batches/digits_190_001/fixed_input/simple/6/m8_6_02.txt,batches/digits_190_001/fixed_input/full/6/m8_6_02.txt,1,4080,122,124,42,219,223,digits_190_001,3a89460919f2cd67acbd237b229bd5835d67610b25385b9670909dc1ed8c4f90,f934d340129aef372553e141e809442751b98c585e6b70cac06da4706d578899
m8_6_03,m8_6_03.png,6,m8,6,6/m8_6_03.png,batches/digits_190_001/processed_simple/6/m8_6_03.pgm,batches/digits_190_001/processed_full/6/m8_6_03.pgm,batches/digits_190_001/fixed_input/simple/6/m8_6_03.txt,batches/digits_190_001/fixed_input/full/6/m8_6_03.txt,1,4077,123,116,45,223,211,digits_190_001,13e195a4e903485a581cea27c7e20158e39342909703104eb4b23e671bdb26f4,f934d340129aef372553e141e809442751b98c585e6b70cac06da4706d578899
m8_6_04,m8_6_04.png,6,m8,6,6/m8_6_04.png,batches/digits_190_001/processed_simple/6/m8_6_04.pgm,batches/digits_190_001/processed_full/6/m8_6_04.pgm,batches/digits_190_001/fixed_input/simple/6/m8_6_04.txt,batches/digits_190_001/fixed_input/full/6/m8_6_04.txt,1,3617,116,130,52,208,210,digits_190_001,4a6142f01a3bbe2ec8aaf05984b8cb110b4b246e9d1805dcb9e445785174425e,f934d340129aef372553e141e809442751b98c585e6b70cac06da4706d578899
m8_6_05,m8_6_05.png,6,m8,6,6/m8_6_05.png,batches/digits_190_001/processed_simple/6/m8_6_05.pgm,batches/digits_190_001/processed_full/6/m8_6_05.pgm,batches/digits_190_001/fixed_input/simple/6/m8_6_05.txt,batches/digits_190_001/fixed_input/full/6/m8_6_05.txt,1,4011,117,126,39,217,218,digits_190_001,667cc966eb92833271dfec70824aa2fc0fd667b056664ffab068febb7bbdbe34,f934d340129aef372553e141e809442751b98c585e6b70cac06da4706d578899
m8_7_02,m8_7_02.png,7,m8,7,7/m8_7_02.png,batches/digits_190_001/processed_simple/7/m8_7_02.pgm,batches/digits_190_001/processed_full/7/m8_7_02.pgm,batches/digits_190_001/fixed_input/simple/7/m8_7_02.txt,batches/digits_190_001/fixed_input/full/7/m8_7_02.txt,1,2872,114,124,47,206,217,digits_190_001,7cd25702cd353b4d35ad15bca2d7c57a7d0678089e557fe4a40ff7575d77183b,f934d340129aef372553e141e809442751b98c585e6b70cac06da4706d578899
m8_7_03,m8_7_03.png,7,m8,7,7/m8_7_03.png,batches/digits_190_001/processed_simple/7/m8_7_03.pgm,batches/digits_190_001/processed_full/7/m8_7_03.pgm,batches/digits_190_001/fixed_input/simple/7/m8_7_03.txt,batches/digits_190_001/fixed_input/full/7/m8_7_03.txt,1,2858,116,131,48,217,220,digits_190_001,0d483eedea93a882a9dcfb416470ffe542956839ce3b55bb6b5cf7f602ba277f,f934d340129aef372553e141e809442751b98c585e6b70cac06da4706d578899
m8_7_04,m8_7_04.png,7,m8,7,7/m8_7_04.png,batches/digits_190_001/processed_simple/7/m8_7_04.pgm,batches/digits_190_001/processed_full/7/m8_7_04.pgm,batches/digits_190_001/fixed_input/simple/7/m8_7_04.txt,batches/digits_190_001/fixed_input/full/7/m8_7_04.txt,1,3435,116,130,24,211,243,digits_190_001,8946c7706583e5d1d853ae2ccc4b079c87906a3c5af1812092817fb2d09db3fc,f934d340129aef372553e141e809442751b98c585e6b70cac06da4706d578899
m8_7_05,m8_7_05.png,7,m8,7,7/m8_7_05.png,batches/digits_190_001/processed_simple/7/m8_7_05.pgm,batches/digits_190_001/processed_full/7/m8_7_05.pgm,batches/digits_190_001/fixed_input/simple/7/m8_7_05.txt,batches/digits_190_001/fixed_input/full/7/m8_7_05.txt,1,2415,113,129,60,195,212,digits_190_001,d1b6d40457389b173b92dcebf6e704e68a5365d089b23c89a763ee4f345b06a0,f934d340129aef372553e141e809442751b98c585e6b70cac06da4706d578899
m8_8_02,m8_8_02.png,8,m8,8,8/m8_8_02.png,batches/digits_190_001/processed_simple/8/m8_8_02.pgm,batches/digits_190_001/processed_full/8/m8_8_02.pgm,batches/digits_190_001/fixed_input/simple/8/m8_8_02.txt,batches/digits_190_001/fixed_input/full/8/m8_8_02.txt,1,4629,120,128,60,204,206,digits_190_001,342fab383733436420201b281d1a66e9172d59e093205927544319756f2b8b34,f934d340129aef372553e141e809442751b98c585e6b70cac06da4706d578899
m8_8_03,m8_8_03.png,8,m8,8,8/m8_8_03.png,batches/digits_190_001/processed_simple/8/m8_8_03.pgm,batches/digits_190_001/processed_full/8/m8_8_03.pgm,batches/digits_190_001/fixed_input/simple/8/m8_8_03.txt,batches/digits_190_001/fixed_input/full/8/m8_8_03.txt,1,5479,118,125,46,311,212,digits_190_001,00a6a58a022648e2ab373abd1d7a4cbc284237ef2dbfc7db6e97fb9fa499bb8e,f934d340129aef372553e141e809442751b98c585e6b70cac06da4706d578899
m8_8_04,m8_8_04.png,8,m8,8,8/m8_8_04.png,batches/digits_190_001/processed_simple/8/m8_8_04.pgm,batches/digits_190_001/processed_full/8/m8_8_04.pgm,batches/digits_190_001/fixed_input/simple/8/m8_8_04.txt,batches/digits_190_001/fixed_input/full/8/m8_8_04.txt,1,5423,120,120,25,339,217,digits_190_001,2995ba7d488b7f9d53673a1f2234d4c23ca16b0e7ecaae0d53266a1b6452bff5,f934d340129aef372553e141e809442751b98c585e6b70cac06da4706d578899
m8_8_05,m8_8_05.png,8,m8,8,8/m8_8_05.png,batches/digits_190_001/processed_simple/8/m8_8_05.pgm,batches/digits_190_001/processed_full/8/m8_8_05.pgm,batches/digits_190_001/fixed_input/simple/8/m8_8_05.txt,batches/digits_190_001/fixed_input/full/8/m8_8_05.txt,1,5250,115,126,58,215,209,digits_190_001,6b7f947bc5ae1a04488758bf13520a707c40dd6c656c92eaa44ce9de504599cf,f934d340129aef372553e141e809442751b98c585e6b70cac06da4706d578899
m8_9_02,m8_9_02.png,9,m8,9,9/m8_9_02.png,batches/digits_190_001/processed_simple/9/m8_9_02.pgm,batches/digits_190_001/processed_full/9/m8_9_02.pgm,batches/digits_190_001/fixed_input/simple/9/m8_9_02.txt,batches/digits_190_001/fixed_input/full/9/m8_9_02.txt,1,4355,117,136,34,214,235,digits_190_001,8d80b3d6890b280a840f739fbe87e82b062f7bec17ecb19c5c7ed8c26d9ccbce,f934d340129aef372553e141e809442751b98c585e6b70cac06da4706d578899
m8_9_03,m8_9_03.png,9,m8,9,9/m8_9_03.png,batches/digits_190_001/processed_simple/9/m8_9_03.pgm,batches/digits_190_001/processed_full/9/m8_9_03.pgm,batches/digits_190_001/fixed_input/simple/9/m8_9_03.txt,batches/digits_190_001/fixed_input/full/9/m8_9_03.txt,1,5071,114,126,25,202,241,digits_190_001,f6784f4cc08be4831b40a1f92f07fa31a4f88b297beb127783b4e08d8af8421b,f934d340129aef372553e141e809442751b98c585e6b70cac06da4706d578899
m8_9_04,m8_9_04.png,9,m8,9,9/m8_9_04.png,batches/digits_190_001/processed_simple/9/m8_9_04.pgm,batches/digits_190_001/processed_full/9/m8_9_04.pgm,batches/digits_190_001/fixed_input/simple/9/m8_9_04.txt,batches/digits_190_001/fixed_input/full/9/m8_9_04.txt,1,4249,112,132,40,203,221,digits_190_001,cafb72c8dfb7e7148643b67709988bae033f6cfd09136b875fbbf6dddb4532ac,f934d340129aef372553e141e809442751b98c585e6b70cac06da4706d578899
m8_9_05,m8_9_05.png,9,m8,9,9/m8_9_05.png,batches/digits_190_001/processed_simple/9/m8_9_05.pgm,batches/digits_190_001/processed_full/9/m8_9_05.pgm,batches/digits_190_001/fixed_input/simple/9/m8_9_05.txt,batches/digits_190_001/fixed_input/full/9/m8_9_05.txt,1,4714,111,126,34,206,228,digits_190_001,b8ba692152dfee2362717be5882d8dd58c3b620b2f926a00b19f883acc79546c,f934d340129aef372553e141e809442751b98c585e6b70cac06da4706d578899
m5_0_01,m5_0_01.jpg,0,m5,0,0/m5_0_01.jpg,batches/digits_190_001/processed_simple/0/m5_0_01.pgm,batches/digits_190_001/processed_full/0/m5_0_01.pgm,batches/digits_190_001/fixed_input/simple/0/m5_0_01.txt,batches/digits_190_001/fixed_input/full/0/m5_0_01.txt,1,723,104,40,38,75,109,digits_190_001,e9ebc20cd5793295ba28dc851be01a99d4986d0062d5098f4079c9616021b236,f934d340129aef372553e141e809442751b98c585e6b70cac06da4706d578899
m5_0_02,m5_0_02.jpg,0,m5,0,0/m5_0_02.jpg,batches/digits_190_001/processed_simple/0/m5_0_02.pgm,batches/digits_190_001/processed_full/0/m5_0_02.pgm,batches/digits_190_001/fixed_input/simple/0/m5_0_02.txt,batches/digits_190_001/fixed_input/full/0/m5_0_02.txt,1,748,106,40,38,75,109,digits_190_001,e529b65d80b82677a95f9fdc920dfd47908587f8f42fa16bc8f5a2167f65497b,f934d340129aef372553e141e809442751b98c585e6b70cac06da4706d578899
m5_0_03,m5_0_03.jpg,0,m5,0,0/m5_0_03.jpg,batches/digits_190_001/processed_simple/0/m5_0_03.pgm,batches/digits_190_001/processed_full/0/m5_0_03.pgm,batches/digits_190_001/fixed_input/simple/0/m5_0_03.txt,batches/digits_190_001/fixed_input/full/0/m5_0_03.txt,1,624,104,40,38,79,93,digits_190_001,b887b6889ec775396d604298a7c5be8e3ba9f808569ae29ce1e4403a06ae1fd0,f934d340129aef372553e141e809442751b98c585e6b70cac06da4706d578899
m5_0_04,m5_0_04.jpg,0,m5,0,0/m5_0_04.jpg,batches/digits_190_001/processed_simple/0/m5_0_04.pgm,batches/digits_190_001/processed_full/0/m5_0_04.pgm,batches/digits_190_001/fixed_input/simple/0/m5_0_04.txt,batches/digits_190_001/fixed_input/full/0/m5_0_04.txt,1,714,100,40,38,80,94,digits_190_001,7237418c9225ebda225179432eba91b750a9095bc2c57c715a8dd36a93fbe5da,f934d340129aef372553e141e809442751b98c585e6b70cac06da4706d578899
m5_1_01,m5_1_01.jpg,1,m5,1,1/m5_1_01.jpg,batches/digits_190_001/processed_simple/1/m5_1_01.pgm,batches/digits_190_001/processed_full/1/m5_1_01.pgm,batches/digits_190_001/fixed_input/simple/1/m5_1_01.txt,batches/digits_190_001/fixed_input/full/1/m5_1_01.txt,1,161,108,40,38,51,70,digits_190_001,a083bb8045b8e19e08dffdf5c1cbb3b6c50d1345364be71c75db2967b54019a0,f934d340129aef372553e141e809442751b98c585e6b70cac06da4706d578899
m5_1_02,m5_1_02.jpg,1,m5,1,1/m5_1_02.jpg,batches/digits_190_001/processed_simple/1/m5_1_02.pgm,batches/digits_190_001/processed_full/1/m5_1_02.pgm,batches/digits_190_001/fixed_input/simple/1/m5_1_02.txt,batches/digits_190_001/fixed_input/full/1/m5_1_02.txt,1,181,107,40,38,50,75,digits_190_001,ff7cf9d95dac6ddfcba49f10c3bcdaf02802b595e89abff1eb97f24dd777f2b4,f934d340129aef372553e141e809442751b98c585e6b70cac06da4706d578899
m5_1_03,m5_1_03.jpg,1,m5,1,1/m5_1_03.jpg,batches/digits_190_001/processed_simple/1/m5_1_03.pgm,batches/digits_190_001/processed_full/1/m5_1_03.pgm,batches/digits_190_001/fixed_input/simple/1/m5_1_03.txt,batches/digits_190_001/fixed_input/full/1/m5_1_03.txt,1,165,99,40,38,46,76,digits_190_001,c7578e5cc32f6cb6d8db949a905fa55d88e2c573e388621d3a210e47ddd6a5ed,f934d340129aef372553e141e809442751b98c585e6b70cac06da4706d578899
m5_1_04,m5_1_04.jpg,1,m5,1,1/m5_1_04.jpg,batches/digits_190_001/processed_simple/1/m5_1_04.pgm,batches/digits_190_001/processed_full/1/m5_1_04.pgm,batches/digits_190_001/fixed_input/simple/1/m5_1_04.txt,batches/digits_190_001/fixed_input/full/1/m5_1_04.txt,1,223,95,41,38,48,78,digits_190_001,5bcec0003004f1fa258cddb6a1948500f4ef4f19e2d585ade8e011287b4c675b,f934d340129aef372553e141e809442751b98c585e6b70cac06da4706d578899
m5_2_01,m5_2_01.jpg,2,m5,2,2/m5_2_01.jpg,batches/digits_190_001/processed_simple/2/m5_2_01.pgm,batches/digits_190_001/processed_full/2/m5_2_01.pgm,batches/digits_190_001/fixed_input/simple/2/m5_2_01.txt,batches/digits_190_001/fixed_input/full/2/m5_2_01.txt,1,392,99,40,38,66,84,digits_190_001,f48ab0c99db7ef45aff300219cc6a23c7f1ce61ed483363cbfb8ac5317025758,f934d340129aef372553e141e809442751b98c585e6b70cac06da4706d578899
m5_2_02,m5_2_02.jpg,2,m5,2,2/m5_2_02.jpg,batches/digits_190_001/processed_simple/2/m5_2_02.pgm,batches/digits_190_001/processed_full/2/m5_2_02.pgm,batches/digits_190_001/fixed_input/simple/2/m5_2_02.txt,batches/digits_190_001/fixed_input/full/2/m5_2_02.txt,1,478,95,40,38,78,88,digits_190_001,e2234025e0886b9588d0c526f1fafde8ec873cbf12a8a9ca99eb1625e8e8ba9f,f934d340129aef372553e141e809442751b98c585e6b70cac06da4706d578899
m5_2_03,m5_2_03.jpg,2,m5,2,2/m5_2_03.jpg,batches/digits_190_001/processed_simple/2/m5_2_03.pgm,batches/digits_190_001/processed_full/2/m5_2_03.pgm,batches/digits_190_001/fixed_input/simple/2/m5_2_03.txt,batches/digits_190_001/fixed_input/full/2/m5_2_03.txt,1,471,93,40,38,82,101,digits_190_001,f3ab6f7e37f6c165afc71a54d767e5b8240fee50525d685bdca9172c55ea2b38,f934d340129aef372553e141e809442751b98c585e6b70cac06da4706d578899
m5_2_04,m5_2_04.jpg,2,m5,2,2/m5_2_04.jpg,batches/digits_190_001/processed_simple/2/m5_2_04.pgm,batches/digits_190_001/processed_full/2/m5_2_04.pgm,batches/digits_190_001/fixed_input/simple/2/m5_2_04.txt,batches/digits_190_001/fixed_input/full/2/m5_2_04.txt,1,698,91,40,38,81,105,digits_190_001,f4ef14097d00e730df5bc8d987b36ca827bc0e9d1fac8230008382dc46ddae7a,f934d340129aef372553e141e809442751b98c585e6b70cac06da4706d578899
m5_3_01,m5_3_01.jpg,3,m5,3,3/m5_3_01.jpg,batches/digits_190_001/processed_simple/3/m5_3_01.pgm,batches/digits_190_001/processed_full/3/m5_3_01.pgm,batches/digits_190_001/fixed_input/simple/3/m5_3_01.txt,batches/digits_190_001/fixed_input/full/3/m5_3_01.txt,1,631,96,40,38,75,126,digits_190_001,9e4998d2ef99985de99a918900a9c199839f8261c64030cfe1e0ceac9d5d7dd2,f934d340129aef372553e141e809442751b98c585e6b70cac06da4706d578899
m5_3_02,m5_3_02.jpg,3,m5,3,3/m5_3_02.jpg,batches/digits_190_001/processed_simple/3/m5_3_02.pgm,batches/digits_190_001/processed_full/3/m5_3_02.pgm,batches/digits_190_001/fixed_input/simple/3/m5_3_02.txt,batches/digits_190_001/fixed_input/full/3/m5_3_02.txt,1,601,95,40,38,72,120,digits_190_001,9e116f916866b60dc04343f21b4b7e512be1de1188a2dd6b2724b78a18882d91,f934d340129aef372553e141e809442751b98c585e6b70cac06da4706d578899
m5_3_03,m5_3_03.jpg,3,m5,3,3/m5_3_03.jpg,batches/digits_190_001/processed_simple/3/m5_3_03.pgm,batches/digits_190_001/processed_full/3/m5_3_03.pgm,batches/digits_190_001/fixed_input/simple/3/m5_3_03.txt,batches/digits_190_001/fixed_input/full/3/m5_3_03.txt,1,750,91,40,38,81,148,digits_190_001,a80c0a783e7944a5bcc90fcc7eed25cb48558564678c9b0bb7d5b90e74c15249,f934d340129aef372553e141e809442751b98c585e6b70cac06da4706d578899
m5_3_04,m5_3_04.jpg,3,m5,3,3/m5_3_04.jpg,batches/digits_190_001/processed_simple/3/m5_3_04.pgm,batches/digits_190_001/processed_full/3/m5_3_04.pgm,batches/digits_190_001/fixed_input/simple/3/m5_3_04.txt,batches/digits_190_001/fixed_input/full/3/m5_3_04.txt,1,712,90,40,38,81,125,digits_190_001,869a3466bfc6571b849677f9574a1e12122aa38ede7943da2e0bc64de9e2a5b3,f934d340129aef372553e141e809442751b98c585e6b70cac06da4706d578899
m5_4_01,m5_4_01.jpg,4,m5,4,4/m5_4_01.jpg,batches/digits_190_001/processed_simple/4/m5_4_01.pgm,batches/digits_190_001/processed_full/4/m5_4_01.pgm,batches/digits_190_001/fixed_input/simple/4/m5_4_01.txt,batches/digits_190_001/fixed_input/full/4/m5_4_01.txt,1,1044,95,40,38,101,114,digits_190_001,6e1364d7b43865fb8afa34cde458a0bf8afc97fde14439dddee7423087f8de1c,f934d340129aef372553e141e809442751b98c585e6b70cac06da4706d578899
m5_4_02,m5_4_02.jpg,4,m5,4,4/m5_4_02.jpg,batches/digits_190_001/processed_simple/4/m5_4_02.pgm,batches/digits_190_001/processed_full/4/m5_4_02.pgm,batches/digits_190_001/fixed_input/simple/4/m5_4_02.txt,batches/digits_190_001/fixed_input/full/4/m5_4_02.txt,1,827,92,40,38,91,113,digits_190_001,2d82e5dffdd3a41d0fbf76b6b8e305005a7f0fe71f6a95a93bc1f466735ba790,f934d340129aef372553e141e809442751b98c585e6b70cac06da4706d578899
m5_4_03,m5_4_03.jpg,4,m5,4,4/m5_4_03.jpg,batches/digits_190_001/processed_simple/4/m5_4_03.pgm,batches/digits_190_001/processed_full/4/m5_4_03.pgm,batches/digits_190_001/fixed_input/simple/4/m5_4_03.txt,batches/digits_190_001/fixed_input/full/4/m5_4_03.txt,1,1035,90,40,38,98,133,digits_190_001,61d81e5a41b4a033d582209b7246ba93d0da2ee6293bf2a75e852bd12e80b679,f934d340129aef372553e141e809442751b98c585e6b70cac06da4706d578899
m5_4_04,m5_4_04.jpg,4,m5,4,4/m5_4_04.jpg,batches/digits_190_001/processed_simple/4/m5_4_04.pgm,batches/digits_190_001/processed_full/4/m5_4_04.pgm,batches/digits_190_001/fixed_input/simple/4/m5_4_04.txt,batches/digits_190_001/fixed_input/full/4/m5_4_04.txt,1,933,92,40,38,85,115,digits_190_001,68a6a63eba1684c827103a763e1fb85518421e18d450ab9f9216395dc92bb8ed,f934d340129aef372553e141e809442751b98c585e6b70cac06da4706d578899
m5_5_01,m5_5_01.jpg,5,m5,5,5/m5_5_01.jpg,batches/digits_190_001/processed_simple/5/m5_5_01.pgm,batches/digits_190_001/processed_full/5/m5_5_01.pgm,batches/digits_190_001/fixed_input/simple/5/m5_5_01.txt,batches/digits_190_001/fixed_input/full/5/m5_5_01.txt,1,785,94,40,38,93,125,digits_190_001,fad1dd234d5eb06c8af352f61b87706a9e21a067005496391a5d8a2b2a8cc726,f934d340129aef372553e141e809442751b98c585e6b70cac06da4706d578899
m5_5_02,m5_5_02.jpg,5,m5,5,5/m5_5_02.jpg,batches/digits_190_001/processed_simple/5/m5_5_02.pgm,batches/digits_190_001/processed_full/5/m5_5_02.pgm,batches/digits_190_001/fixed_input/simple/5/m5_5_02.txt,batches/digits_190_001/fixed_input/full/5/m5_5_02.txt,1,723,92,40,38,78,126,digits_190_001,963823c7b900d42a53b5bf255312fa97de44cabb1ac5f731bc0d36eed69cc4f6,f934d340129aef372553e141e809442751b98c585e6b70cac06da4706d578899
m5_5_03,m5_5_03.jpg,5,m5,5,5/m5_5_03.jpg,batches/digits_190_001/processed_simple/5/m5_5_03.pgm,batches/digits_190_001/processed_full/5/m5_5_03.pgm,batches/digits_190_001/fixed_input/simple/5/m5_5_03.txt,batches/digits_190_001/fixed_input/full/5/m5_5_03.txt,1,682,90,40,38,82,101,digits_190_001,1bdb14d19b67e93bcb14a9f6388ee384913be48acc741342fd2be56fdab61d6a,f934d340129aef372553e141e809442751b98c585e6b70cac06da4706d578899
m5_5_04,m5_5_04.jpg,5,m5,5,5/m5_5_04.jpg,batches/digits_190_001/processed_simple/5/m5_5_04.pgm,batches/digits_190_001/processed_full/5/m5_5_04.pgm,batches/digits_190_001/fixed_input/simple/5/m5_5_04.txt,batches/digits_190_001/fixed_input/full/5/m5_5_04.txt,1,695,91,40,38,77,116,digits_190_001,af4b8aba3cce7e1eed4c1ee852abc60c8cf8eb44c3973423d30712e5fbad2fd9,f934d340129aef372553e141e809442751b98c585e6b70cac06da4706d578899
m5_6_01,m5_6_01.jpg,6,m5,6,6/m5_6_01.jpg,batches/digits_190_001/processed_simple/6/m5_6_01.pgm,batches/digits_190_001/processed_full/6/m5_6_01.pgm,batches/digits_190_001/fixed_input/simple/6/m5_6_01.txt,batches/digits_190_001/fixed_input/full/6/m5_6_01.txt,1,991,90,40,38,78,139,digits_190_001,44654b8cf6d94b1e1635b0942a27b6524697eef8cb86a573a5a23eaca1bd6756,f934d340129aef372553e141e809442751b98c585e6b70cac06da4706d578899
m5_6_02,m5_6_02.jpg,6,m5,6,6/m5_6_02.jpg,batches/digits_190_001/processed_simple/6/m5_6_02.pgm,batches/digits_190_001/processed_full/6/m5_6_02.pgm,batches/digits_190_001/fixed_input/simple/6/m5_6_02.txt,batches/digits_190_001/fixed_input/full/6/m5_6_02.txt,1,1111,91,32,38,83,139,digits_190_001,a77a0deb43409fd10bac3da6bf49673fdc03ccd443388a512a70a6de488356a5,f934d340129aef372553e141e809442751b98c585e6b70cac06da4706d578899
m5_6_03,m5_6_03.jpg,6,m5,6,6/m5_6_03.jpg,batches/digits_190_001/processed_simple/6/m5_6_03.pgm,batches/digits_190_001/processed_full/6/m5_6_03.pgm,batches/digits_190_001/fixed_input/simple/6/m5_6_03.txt,batches/digits_190_001/fixed_input/full/6/m5_6_03.txt,1,1118,91,40,38,76,151,digits_190_001,ec3469703ea0dcf6e8fff940b2c059a604dea6749c7d2809165c2db2eb19f6d6,f934d340129aef372553e141e809442751b98c585e6b70cac06da4706d578899
m5_6_04,m5_6_04.jpg,6,m5,6,6/m5_6_04.jpg,batches/digits_190_001/processed_simple/6/m5_6_04.pgm,batches/digits_190_001/processed_full/6/m5_6_04.pgm,batches/digits_190_001/fixed_input/simple/6/m5_6_04.txt,batches/digits_190_001/fixed_input/full/6/m5_6_04.txt,1,854,90,16,38,73,127,digits_190_001,5ff2c33413cdfb141450be8258d34845db099197a404b7581b38b0afa6b3d354,f934d340129aef372553e141e809442751b98c585e6b70cac06da4706d578899
m5_7_01,m5_7_01.jpg,7,m5,7,7/m5_7_01.jpg,batches/digits_190_001/processed_simple/7/m5_7_01.pgm,batches/digits_190_001/processed_full/7/m5_7_01.pgm,batches/digits_190_001/fixed_input/simple/7/m5_7_01.txt,batches/digits_190_001/fixed_input/full/7/m5_7_01.txt,1,552,89,41,38,76,108,digits_190_001,2299e73dab3a9c03d6a3d81049f6c23778603d0831f2c64df6e352ce536b783b,f934d340129aef372553e141e809442751b98c585e6b70cac06da4706d578899
m5_7_02,m5_7_02.jpg,7,m5,7,7/m5_7_02.jpg,batches/digits_190_001/processed_simple/7/m5_7_02.pgm,batches/digits_190_001/processed_full/7/m5_7_02.pgm,batches/digits_190_001/fixed_input/simple/7/m5_7_02.txt,batches/digits_190_001/fixed_input/full/7/m5_7_02.txt,1,586,91,41,38,79,107,digits_190_001,3101930cbb8d8f4e8f8a3e6ff72829627a706d1148033fe918483cf8fd619c59,f934d340129aef372553e141e809442751b98c585e6b70cac06da4706d578899
m5_7_03,m5_7_03.jpg,7,m5,7,7/m5_7_03.jpg,batches/digits_190_001/processed_simple/7/m5_7_03.pgm,batches/digits_190_001/processed_full/7/m5_7_03.pgm,batches/digits_190_001/fixed_input/simple/7/m5_7_03.txt,batches/digits_190_001/fixed_input/full/7/m5_7_03.txt,1,555,91,41,38,72,109,digits_190_001,5c3f1d760a44b5aa0a2d1a5890e8f79fb4754c8fd30849d1329ae77ef1168207,f934d340129aef372553e141e809442751b98c585e6b70cac06da4706d578899
m5_7_04,m5_7_04.jpg,7,m5,7,7/m5_7_04.jpg,batches/digits_190_001/processed_simple/7/m5_7_04.pgm,batches/digits_190_001/processed_full/7/m5_7_04.pgm,batches/digits_190_001/fixed_input/simple/7/m5_7_04.txt,batches/digits_190_001/fixed_input/full/7/m5_7_04.txt,1,507,89,40,38,71,109,digits_190_001,e68d4beaf5c7091dd1c18ebe7563ecbd48218e7cb419541500f5c88e474aa771,f934d340129aef372553e141e809442751b98c585e6b70cac06da4706d578899
m5_8_01,m5_8_01.jpg,8,m5,8,8/m5_8_01.jpg,batches/digits_190_001/processed_simple/8/m5_8_01.pgm,batches/digits_190_001/processed_full/8/m5_8_01.pgm,batches/digits_190_001/fixed_input/simple/8/m5_8_01.txt,batches/digits_190_001/fixed_input/full/8/m5_8_01.txt,1,892,85,40,39,74,120,digits_190_001,00014fbe8b8d49c9193619b58e912590e00b71a3208c552bd78c3d69f69f205a,f934d340129aef372553e141e809442751b98c585e6b70cac06da4706d578899
m5_8_02,m5_8_02.jpg,8,m5,8,8/m5_8_02.jpg,batches/digits_190_001/processed_simple/8/m5_8_02.pgm,batches/digits_190_001/processed_full/8/m5_8_02.pgm,batches/digits_190_001/fixed_input/simple/8/m5_8_02.txt,batches/digits_190_001/fixed_input/full/8/m5_8_02.txt,1,974,89,40,38,70,120,digits_190_001,4cc4593f1355a23dadb4c6cb6d899589cb0b6fb2f7c80c7707522a01a9d8142d,f934d340129aef372553e141e809442751b98c585e6b70cac06da4706d578899
m5_8_03,m5_8_03.jpg,8,m5,8,8/m5_8_03.jpg,batches/digits_190_001/processed_simple/8/m5_8_03.pgm,batches/digits_190_001/processed_full/8/m5_8_03.pgm,batches/digits_190_001/fixed_input/simple/8/m5_8_03.txt,batches/digits_190_001/fixed_input/full/8/m5_8_03.txt,1,801,92,40,38,69,108,digits_190_001,a0e6a4480d760ed1bd3d46b0011e5c504ae4f813364e54d2948b566a2676ce59,f934d340129aef372553e141e809442751b98c585e6b70cac06da4706d578899
m5_8_04,m5_8_04.jpg,8,m5,8,8/m5_8_04.jpg,batches/digits_190_001/processed_simple/8/m5_8_04.pgm,batches/digits_190_001/processed_full/8/m5_8_04.pgm,batches/digits_190_001/fixed_input/simple/8/m5_8_04.txt,batches/digits_190_001/fixed_input/full/8/m5_8_04.txt,1,920,90,40,38,77,112,digits_190_001,fd03ae1d42d4313998e34b86fa4af3fd8f23289e86e6f89458eb14020d64ca58,f934d340129aef372553e141e809442751b98c585e6b70cac06da4706d578899
m5_9_01,m5_9_01.jpg,9,m5,9,9/m5_9_01.jpg,batches/digits_190_001/processed_simple/9/m5_9_01.pgm,batches/digits_190_001/processed_full/9/m5_9_01.pgm,batches/digits_190_001/fixed_input/simple/9/m5_9_01.txt,batches/digits_190_001/fixed_input/full/9/m5_9_01.txt,1,1177,82,41,38,77,154,digits_190_001,63e6aa3fc0bf63b020297f713793b26e2ac23457cb70e575b0aba70b4fb2b239,f934d340129aef372553e141e809442751b98c585e6b70cac06da4706d578899
m5_9_02,m5_9_02.jpg,9,m5,9,9/m5_9_02.jpg,batches/digits_190_001/processed_simple/9/m5_9_02.pgm,batches/digits_190_001/processed_full/9/m5_9_02.pgm,batches/digits_190_001/fixed_input/simple/9/m5_9_02.txt,batches/digits_190_001/fixed_input/full/9/m5_9_02.txt,1,961,88,40,39,76,141,digits_190_001,75e222533f426ed012f9bb1857bc493ba7aa5a3b44f34ba7b57a55c95faf5d15,f934d340129aef372553e141e809442751b98c585e6b70cac06da4706d578899
m5_9_03,m5_9_03.jpg,9,m5,9,9/m5_9_03.jpg,batches/digits_190_001/processed_simple/9/m5_9_03.pgm,batches/digits_190_001/processed_full/9/m5_9_03.pgm,batches/digits_190_001/fixed_input/simple/9/m5_9_03.txt,batches/digits_190_001/fixed_input/full/9/m5_9_03.txt,1,1182,92,40,39,78,155,digits_190_001,8512cc3768f83161f30d223a64e4f9db1f8e46ceb1a5327e2c0f7ba73cbfb8ad,f934d340129aef372553e141e809442751b98c585e6b70cac06da4706d578899
m5_9_04,m5_9_04.jpg,9,m5,9,9/m5_9_04.jpg,batches/digits_190_001/processed_simple/9/m5_9_04.pgm,batches/digits_190_001/processed_full/9/m5_9_04.pgm,batches/digits_190_001/fixed_input/simple/9/m5_9_04.txt,batches/digits_190_001/fixed_input/full/9/m5_9_04.txt,1,1304,92,40,38,81,161,digits_190_001,1b0c19f4605c8af80e4b39d3ccf059ebccf90684cb51104a40920447faebefaf,f934d340129aef372553e141e809442751b98c585e6b70cac06da4706d578899
m4_0_01,m4_0_01.jpg,0,m4,0,0/m4_0_01.jpg,batches/member4_050_002/processed_simple/0/m4_0_01.pgm,batches/member4_050_002/processed_full/0/m4_0_01.pgm,batches/member4_050_002/fixed_input/simple/0/m4_0_01.txt,batches/member4_050_002/fixed_input/full/0/m4_0_01.txt,1,4844,100,62,73,175,280,member4_050_002,0fd9c2dda6ef81cab30de5ff106855c773b377b20eeada6ba467eb6de44114d7,f934d340129aef372553e141e809442751b98c585e6b70cac06da4706d578899
m4_0_02,m4_0_02.jpg,0,m4,0,0/m4_0_02.jpg,batches/member4_050_002/processed_simple/0/m4_0_02.pgm,batches/member4_050_002/processed_full/0/m4_0_02.pgm,batches/member4_050_002/fixed_input/simple/0/m4_0_02.txt,batches/member4_050_002/fixed_input/full/0/m4_0_02.txt,1,9411,92,66,43,248,277,member4_050_002,7ab6794d4248e8a7fe76374cddf6d132775ae2066b0548e59a9dbd2a1b0e7bc9,f934d340129aef372553e141e809442751b98c585e6b70cac06da4706d578899
m4_0_03,m4_0_03.jpg,0,m4,0,0/m4_0_03.jpg,batches/member4_050_002/processed_simple/0/m4_0_03.pgm,batches/member4_050_002/processed_full/0/m4_0_03.pgm,batches/member4_050_002/fixed_input/simple/0/m4_0_03.txt,batches/member4_050_002/fixed_input/full/0/m4_0_03.txt,1,6934,103,46,29,186,262,member4_050_002,b0aa3ddb924cb514530fcf391a188d5ee9a4f332dec9df10360dc213e3c1837b,f934d340129aef372553e141e809442751b98c585e6b70cac06da4706d578899
m4_0_04,m4_0_04.jpg,0,m4,0,0/m4_0_04.jpg,batches/member4_050_002/processed_simple/0/m4_0_04.pgm,batches/member4_050_002/processed_full/0/m4_0_04.pgm,batches/member4_050_002/fixed_input/simple/0/m4_0_04.txt,batches/member4_050_002/fixed_input/full/0/m4_0_04.txt,1,11039,103,139,38,380,385,member4_050_002,d19f91961f64e0b51c4dadf785b1a0a01e0b9817718d23983f21a0036100f4fd,f934d340129aef372553e141e809442751b98c585e6b70cac06da4706d578899
m4_0_05,m4_0_05.jpg,0,m4,0,0/m4_0_05.jpg,batches/member4_050_002/processed_simple/0/m4_0_05.pgm,batches/member4_050_002/processed_full/0/m4_0_05.pgm,batches/member4_050_002/fixed_input/simple/0/m4_0_05.txt,batches/member4_050_002/fixed_input/full/0/m4_0_05.txt,1,6496,103,108,100,241,291,member4_050_002,91af9c33886326c0ca03422e62c337ffdfc537f5f70747f714c81cba24883d21,f934d340129aef372553e141e809442751b98c585e6b70cac06da4706d578899
m4_1_01,m4_1_01.jpg,1,m4,1,1/m4_1_01.jpg,batches/member4_050_002/processed_simple/1/m4_1_01.pgm,batches/member4_050_002/processed_full/1/m4_1_01.pgm,batches/member4_050_002/fixed_input/simple/1/m4_1_01.txt,batches/member4_050_002/fixed_input/full/1/m4_1_01.txt,1,2888,98,0,131,176,377,member4_050_002,25395bf1041b5097b34f57c428a122d03ee0659bb6a114c5bf14b1f92dbf7d4c,f934d340129aef372553e141e809442751b98c585e6b70cac06da4706d578899
m4_1_02,m4_1_02.jpg,1,m4,1,1/m4_1_02.jpg,batches/member4_050_002/processed_simple/1/m4_1_02.pgm,batches/member4_050_002/processed_full/1/m4_1_02.pgm,batches/member4_050_002/fixed_input/simple/1/m4_1_02.txt,batches/member4_050_002/fixed_input/full/1/m4_1_02.txt,1,60784,68,0,74,240,478,member4_050_002,f63183ad1cfdb91738a299102e4901dfadc1e73e510479104ba9aecf0ac72045,f934d340129aef372553e141e809442751b98c585e6b70cac06da4706d578899
m4_1_03,m4_1_03.jpg,1,m4,1,1/m4_1_03.jpg,batches/member4_050_002/processed_simple/1/m4_1_03.pgm,batches/member4_050_002/processed_full/1/m4_1_03.pgm,batches/member4_050_002/fixed_input/simple/1/m4_1_03.txt,batches/member4_050_002/fixed_input/full/1/m4_1_03.txt,1,5264,98,0,87,236,479,member4_050_002,c69ef8d05e5331cb9c94b15a1d1c812e6755a3f508309aab4954c0cb35919b93,f934d340129aef372553e141e809442751b98c585e6b70cac06da4706d578899
m4_1_04,m4_1_04.jpg,1,m4,1,1/m4_1_04.jpg,batches/member4_050_002/processed_simple/1/m4_1_04.pgm,batches/member4_050_002/processed_full/1/m4_1_04.pgm,batches/member4_050_002/fixed_input/simple/1/m4_1_04.txt,batches/member4_050_002/fixed_input/full/1/m4_1_04.txt,1,11268,111,47,23,222,402,member4_050_002,9d4693211f07c9d4aefe165f99c70f1b4ecde3f978ef27e5069ed5276824a2aa,f934d340129aef372553e141e809442751b98c585e6b70cac06da4706d578899
m4_1_05,m4_1_05.jpg,1,m4,1,1/m4_1_05.jpg,batches/member4_050_002/processed_simple/1/m4_1_05.pgm,batches/member4_050_002/processed_full/1/m4_1_05.pgm,batches/member4_050_002/fixed_input/simple/1/m4_1_05.txt,batches/member4_050_002/fixed_input/full/1/m4_1_05.txt,1,4577,114,135,90,193,401,member4_050_002,b23ab4d305df01a877cdf896229aab41a75b27a070ca4b1ac9d24a2202ef0b17,f934d340129aef372553e141e809442751b98c585e6b70cac06da4706d578899
m4_2_01,m4_2_01.jpg,2,m4,2,2/m4_2_01.jpg,batches/member4_050_002/processed_simple/2/m4_2_01.pgm,batches/member4_050_002/processed_full/2/m4_2_01.pgm,batches/member4_050_002/fixed_input/simple/2/m4_2_01.txt,batches/member4_050_002/fixed_input/full/2/m4_2_01.txt,1,8685,109,48,47,262,405,member4_050_002,70329498adbbca88d6fc4d29055b366f2ec4605b01e76949d6c5a67594d4749a,f934d340129aef372553e141e809442751b98c585e6b70cac06da4706d578899
m4_2_02,m4_2_02.jpg,2,m4,2,2/m4_2_02.jpg,batches/member4_050_002/processed_simple/2/m4_2_02.pgm,batches/member4_050_002/processed_full/2/m4_2_02.pgm,batches/member4_050_002/fixed_input/simple/2/m4_2_02.txt,batches/member4_050_002/fixed_input/full/2/m4_2_02.txt,1,8940,113,38,53,256,408,member4_050_002,144853af165aa1791adcbfcb1699404676c81c250d986c878ef451ffd2ec855f,f934d340129aef372553e141e809442751b98c585e6b70cac06da4706d578899
m4_2_03,m4_2_03.jpg,2,m4,2,2/m4_2_03.jpg,batches/member4_050_002/processed_simple/2/m4_2_03.pgm,batches/member4_050_002/processed_full/2/m4_2_03.pgm,batches/member4_050_002/fixed_input/simple/2/m4_2_03.txt,batches/member4_050_002/fixed_input/full/2/m4_2_03.txt,1,4259,96,0,102,237,318,member4_050_002,bb10733a05878bef5f862b3c980074ddac1155d3e5ddc42ebfeeedfb04b7be56,f934d340129aef372553e141e809442751b98c585e6b70cac06da4706d578899
m4_2_04,m4_2_04.jpg,2,m4,2,2/m4_2_04.jpg,batches/member4_050_002/processed_simple/2/m4_2_04.pgm,batches/member4_050_002/processed_full/2/m4_2_04.pgm,batches/member4_050_002/fixed_input/simple/2/m4_2_04.txt,batches/member4_050_002/fixed_input/full/2/m4_2_04.txt,1,3853,102,23,17,105,262,member4_050_002,dff9c18ece56cc8aee517af88a980a5577f77279c08b2f191f76e95a433570e5,f934d340129aef372553e141e809442751b98c585e6b70cac06da4706d578899
m4_2_05,m4_2_05.jpg,2,m4,2,2/m4_2_05.jpg,batches/member4_050_002/processed_simple/2/m4_2_05.pgm,batches/member4_050_002/processed_full/2/m4_2_05.pgm,batches/member4_050_002/fixed_input/simple/2/m4_2_05.txt,batches/member4_050_002/fixed_input/full/2/m4_2_05.txt,1,4164,105,47,128,184,324,member4_050_002,cc95d5b6fff1779b67c1bd975271078d6686730e6ccb8994e72b4cca40a665a8,f934d340129aef372553e141e809442751b98c585e6b70cac06da4706d578899
m4_3_01,m4_3_01.jpg,3,m4,3,3/m4_3_01.jpg,batches/member4_050_002/processed_simple/3/m4_3_01.pgm,batches/member4_050_002/processed_full/3/m4_3_01.pgm,batches/member4_050_002/fixed_input/simple/3/m4_3_01.txt,batches/member4_050_002/fixed_input/full/3/m4_3_01.txt,1,4506,82,76,86,210,455,member4_050_002,df94d405dd058a8c8e039ed90003cc8ed280469daf97f0927c235ac0f43d57f3,f934d340129aef372553e141e809442751b98c585e6b70cac06da4706d578899
m4_3_02,m4_3_02.jpg,3,m4,3,3/m4_3_02.jpg,batches/member4_050_002/processed_simple/3/m4_3_02.pgm,batches/member4_050_002/processed_full/3/m4_3_02.pgm,batches/member4_050_002/fixed_input/simple/3/m4_3_02.txt,batches/member4_050_002/fixed_input/full/3/m4_3_02.txt,1,4362,93,175,105,297,370,member4_050_002,8a7a644dff7ce0303d81f8247d1763319ed7b03e6917b543b8629aee9e8f83c4,f934d340129aef372553e141e809442751b98c585e6b70cac06da4706d578899
m4_3_03,m4_3_03.jpg,3,m4,3,3/m4_3_03.jpg,batches/member4_050_002/processed_simple/3/m4_3_03.pgm,batches/member4_050_002/processed_full/3/m4_3_03.pgm,batches/member4_050_002/fixed_input/simple/3/m4_3_03.txt,batches/member4_050_002/fixed_input/full/3/m4_3_03.txt,1,9000,92,115,101,267,420,member4_050_002,f249d88a35931e81db46dc69db8b5382efa27754a99677ec072266052127e629,f934d340129aef372553e141e809442751b98c585e6b70cac06da4706d578899
m4_3_04,m4_3_04.jpg,3,m4,3,3/m4_3_04.jpg,batches/member4_050_002/processed_simple/3/m4_3_04.pgm,batches/member4_050_002/processed_full/3/m4_3_04.pgm,batches/member4_050_002/fixed_input/simple/3/m4_3_04.txt,batches/member4_050_002/fixed_input/full/3/m4_3_04.txt,1,6165,95,63,114,244,338,member4_050_002,06056260d630564bee6a3c477b919cc6bc5bb3029bf954fdbb64029113d482d6,f934d340129aef372553e141e809442751b98c585e6b70cac06da4706d578899
m4_3_05,m4_3_05.jpg,3,m4,3,3/m4_3_05.jpg,batches/member4_050_002/processed_simple/3/m4_3_05.pgm,batches/member4_050_002/processed_full/3/m4_3_05.pgm,batches/member4_050_002/fixed_input/simple/3/m4_3_05.txt,batches/member4_050_002/fixed_input/full/3/m4_3_05.txt,1,5637,95,113,100,230,435,member4_050_002,cbdb078030aa3ba5490900f724a6d54ad796bac3dd84ebb08bfaaeccc4ab3b5d,f934d340129aef372553e141e809442751b98c585e6b70cac06da4706d578899
m4_4_01,m4_4_01.jpg,4,m4,4,4/m4_4_01.jpg,batches/member4_050_002/processed_simple/4/m4_4_01.pgm,batches/member4_050_002/processed_full/4/m4_4_01.pgm,batches/member4_050_002/fixed_input/simple/4/m4_4_01.txt,batches/member4_050_002/fixed_input/full/4/m4_4_01.txt,1,13898,86,2,107,300,479,member4_050_002,bf79e6a4b1f16aa785d66ba8f17c399b3d7c96e94eccdde53f8920daba9a6849,f934d340129aef372553e141e809442751b98c585e6b70cac06da4706d578899
m4_4_02,m4_4_02.jpg,4,m4,4,4/m4_4_02.jpg,batches/member4_050_002/processed_simple/4/m4_4_02.pgm,batches/member4_050_002/processed_full/4/m4_4_02.pgm,batches/member4_050_002/fixed_input/simple/4/m4_4_02.txt,batches/member4_050_002/fixed_input/full/4/m4_4_02.txt,1,7124,100,84,74,270,431,member4_050_002,0cbf7d9a33485fa049ee45999ecaddcf93518206cffd202185eb3fd7b73e0cfd,f934d340129aef372553e141e809442751b98c585e6b70cac06da4706d578899
m4_4_03,m4_4_03.jpg,4,m4,4,4/m4_4_03.jpg,batches/member4_050_002/processed_simple/4/m4_4_03.pgm,batches/member4_050_002/processed_full/4/m4_4_03.pgm,batches/member4_050_002/fixed_input/simple/4/m4_4_03.txt,batches/member4_050_002/fixed_input/full/4/m4_4_03.txt,1,5053,104,135,90,237,395,member4_050_002,6dbbc639650a1592bb64d29860060b095c861059d85e7b541fd15bbb1ae071df,f934d340129aef372553e141e809442751b98c585e6b70cac06da4706d578899
m4_4_04,m4_4_04.jpg,4,m4,4,4/m4_4_04.jpg,batches/member4_050_002/processed_simple/4/m4_4_04.pgm,batches/member4_050_002/processed_full/4/m4_4_04.pgm,batches/member4_050_002/fixed_input/simple/4/m4_4_04.txt,batches/member4_050_002/fixed_input/full/4/m4_4_04.txt,1,7531,108,193,72,342,382,member4_050_002,803127512b0cedcfa8d4bf0f88f162f33742cbb2e46eb368536647d0d07fabca,f934d340129aef372553e141e809442751b98c585e6b70cac06da4706d578899
m4_4_05,m4_4_05.jpg,4,m4,4,4/m4_4_05.jpg,batches/member4_050_002/processed_simple/4/m4_4_05.pgm,batches/member4_050_002/processed_full/4/m4_4_05.pgm,batches/member4_050_002/fixed_input/simple/4/m4_4_05.txt,batches/member4_050_002/fixed_input/full/4/m4_4_05.txt,1,7258,109,79,112,237,370,member4_050_002,ae5b0523172af4041eba7aaec7776bc3f774521d3e26775f242b338064efcb4c,f934d340129aef372553e141e809442751b98c585e6b70cac06da4706d578899
m4_5_01,m4_5_01.jpg,5,m4,5,5/m4_5_01.jpg,batches/member4_050_002/processed_simple/5/m4_5_01.pgm,batches/member4_050_002/processed_full/5/m4_5_01.pgm,batches/member4_050_002/fixed_input/simple/5/m4_5_01.txt,batches/member4_050_002/fixed_input/full/5/m4_5_01.txt,1,23534,61,82,143,349,479,member4_050_002,98d2b2304f1f7919debec968c44b677dc789c489abca77401a8389c3c9e72788,f934d340129aef372553e141e809442751b98c585e6b70cac06da4706d578899
m4_5_02,m4_5_02.jpg,5,m4,5,5/m4_5_02.jpg,batches/member4_050_002/processed_simple/5/m4_5_02.pgm,batches/member4_050_002/processed_full/5/m4_5_02.pgm,batches/member4_050_002/fixed_input/simple/5/m4_5_02.txt,batches/member4_050_002/fixed_input/full/5/m4_5_02.txt,1,5454,81,69,128,231,379,member4_050_002,09761411ff268a91ef046b538fc9104c1b2504f55bfbfd0089fdbbbb690f81d7,f934d340129aef372553e141e809442751b98c585e6b70cac06da4706d578899
m4_5_03,m4_5_03.jpg,5,m4,5,5/m4_5_03.jpg,batches/member4_050_002/processed_simple/5/m4_5_03.pgm,batches/member4_050_002/processed_full/5/m4_5_03.pgm,batches/member4_050_002/fixed_input/simple/5/m4_5_03.txt,batches/member4_050_002/fixed_input/full/5/m4_5_03.txt,1,6579,90,121,88,302,357,member4_050_002,62f474d0722a8800a56067bc1c076093d7e820a01fb849512e963d33e2e6dc5a,f934d340129aef372553e141e809442751b98c585e6b70cac06da4706d578899
m4_5_04,m4_5_04.jpg,5,m4,5,5/m4_5_04.jpg,batches/member4_050_002/processed_simple/5/m4_5_04.pgm,batches/member4_050_002/processed_full/5/m4_5_04.pgm,batches/member4_050_002/fixed_input/simple/5/m4_5_04.txt,batches/member4_050_002/fixed_input/full/5/m4_5_04.txt,1,5596,93,128,122,257,305,member4_050_002,f7044e54e182c9e4bf1937a1e6d9df35d49d301063c8bb169fea14d57eecc56d,f934d340129aef372553e141e809442751b98c585e6b70cac06da4706d578899
m4_5_05,m4_5_05.jpg,5,m4,5,5/m4_5_05.jpg,batches/member4_050_002/processed_simple/5/m4_5_05.pgm,batches/member4_050_002/processed_full/5/m4_5_05.pgm,batches/member4_050_002/fixed_input/simple/5/m4_5_05.txt,batches/member4_050_002/fixed_input/full/5/m4_5_05.txt,1,6212,95,56,73,191,325,member4_050_002,c848bf816ee8e17f2e7dc5a4dcf4a87a48c8bd770cf40427f36a3c9db88bc333,f934d340129aef372553e141e809442751b98c585e6b70cac06da4706d578899
m4_6_01,m4_6_01.jpg,6,m4,6,6/m4_6_01.jpg,batches/member4_050_002/processed_simple/6/m4_6_01.pgm,batches/member4_050_002/processed_full/6/m4_6_01.pgm,batches/member4_050_002/fixed_input/simple/6/m4_6_01.txt,batches/member4_050_002/fixed_input/full/6/m4_6_01.txt,1,6204,87,72,32,243,357,member4_050_002,819166ad7462f6d970509dc70aab5a513ff9a442b50a0c67c9cdcff58f4a0ad6,f934d340129aef372553e141e809442751b98c585e6b70cac06da4706d578899
m4_6_02,m4_6_02.jpg,6,m4,6,6/m4_6_02.jpg,batches/member4_050_002/processed_simple/6/m4_6_02.pgm,batches/member4_050_002/processed_full/6/m4_6_02.pgm,batches/member4_050_002/fixed_input/simple/6/m4_6_02.txt,batches/member4_050_002/fixed_input/full/6/m4_6_02.txt,1,3610,91,58,100,150,280,member4_050_002,2050bd8bb648121fc47a199a0674a1136fc1d07d171a92e1bd6a6c710dda383a,f934d340129aef372553e141e809442751b98c585e6b70cac06da4706d578899
m4_6_03,m4_6_03.jpg,6,m4,6,6/m4_6_03.jpg,batches/member4_050_002/processed_simple/6/m4_6_03.pgm,batches/member4_050_002/processed_full/6/m4_6_03.pgm,batches/member4_050_002/fixed_input/simple/6/m4_6_03.txt,batches/member4_050_002/fixed_input/full/6/m4_6_03.txt,1,3567,91,85,52,185,203,member4_050_002,4dafc961ec3a421063c2e6b023eab3b043897193ec6065e686915f99fb78d684,f934d340129aef372553e141e809442751b98c585e6b70cac06da4706d578899
m4_6_04,m4_6_04.jpg,6,m4,6,6/m4_6_04.jpg,batches/member4_050_002/processed_simple/6/m4_6_04.pgm,batches/member4_050_002/processed_full/6/m4_6_04.pgm,batches/member4_050_002/fixed_input/simple/6/m4_6_04.txt,batches/member4_050_002/fixed_input/full/6/m4_6_04.txt,1,3639,98,162,118,286,336,member4_050_002,b8e3c7a64edf65b0ca3500c48a4b2daf261becf49f8022ba82b8db85a9e24270,f934d340129aef372553e141e809442751b98c585e6b70cac06da4706d578899
m4_6_05,m4_6_05.jpg,6,m4,6,6/m4_6_05.jpg,batches/member4_050_002/processed_simple/6/m4_6_05.pgm,batches/member4_050_002/processed_full/6/m4_6_05.pgm,batches/member4_050_002/fixed_input/simple/6/m4_6_05.txt,batches/member4_050_002/fixed_input/full/6/m4_6_05.txt,1,2309,102,90,64,156,208,member4_050_002,b97038823dcc39d75a9311e1387eadae856283f4c237f80f0642ba08cf2dc4fe,f934d340129aef372553e141e809442751b98c585e6b70cac06da4706d578899
m4_7_01,m4_7_01.jpg,7,m4,7,7/m4_7_01.jpg,batches/member4_050_002/processed_simple/7/m4_7_01.pgm,batches/member4_050_002/processed_full/7/m4_7_01.pgm,batches/member4_050_002/fixed_input/simple/7/m4_7_01.txt,batches/member4_050_002/fixed_input/full/7/m4_7_01.txt,1,2952,102,118,110,229,328,member4_050_002,4866fb96fce47311e7eb0edb168b2b43ab01d8b2ee8739da93edb2e131924a71,f934d340129aef372553e141e809442751b98c585e6b70cac06da4706d578899
m4_7_02,m4_7_02.jpg,7,m4,7,7/m4_7_02.jpg,batches/member4_050_002/processed_simple/7/m4_7_02.pgm,batches/member4_050_002/processed_full/7/m4_7_02.pgm,batches/member4_050_002/fixed_input/simple/7/m4_7_02.txt,batches/member4_050_002/fixed_input/full/7/m4_7_02.txt,1,5019,88,53,80,175,393,member4_050_002,7111039ced3deadd7caad1e4e76a782f806abd746747ad7098c29aac17fb89b3,f934d340129aef372553e141e809442751b98c585e6b70cac06da4706d578899
m4_7_03,m4_7_03.jpg,7,m4,7,7/m4_7_03.jpg,batches/member4_050_002/processed_simple/7/m4_7_03.pgm,batches/member4_050_002/processed_full/7/m4_7_03.pgm,batches/member4_050_002/fixed_input/simple/7/m4_7_03.txt,batches/member4_050_002/fixed_input/full/7/m4_7_03.txt,1,3443,93,56,78,137,399,member4_050_002,95b478f72a14c99bca25e4fe40566ab7768ed08377400cbdf3c88eda844aa580,f934d340129aef372553e141e809442751b98c585e6b70cac06da4706d578899
m4_7_04,m4_7_04.jpg,7,m4,7,7/m4_7_04.jpg,batches/member4_050_002/processed_simple/7/m4_7_04.pgm,batches/member4_050_002/processed_full/7/m4_7_04.pgm,batches/member4_050_002/fixed_input/simple/7/m4_7_04.txt,batches/member4_050_002/fixed_input/full/7/m4_7_04.txt,1,3710,94,78,103,177,370,member4_050_002,a445757454a07e3509b0aa212ace9b87ca5c2b0bad148059cc72c91dc9aaa1df,f934d340129aef372553e141e809442751b98c585e6b70cac06da4706d578899
m4_7_05,m4_7_05.jpg,7,m4,7,7/m4_7_05.jpg,batches/member4_050_002/processed_simple/7/m4_7_05.pgm,batches/member4_050_002/processed_full/7/m4_7_05.pgm,batches/member4_050_002/fixed_input/simple/7/m4_7_05.txt,batches/member4_050_002/fixed_input/full/7/m4_7_05.txt,1,4467,97,43,68,220,404,member4_050_002,676327a8541030e87c75d2c9a64150f763438f8ea7af1009bf8d4fde08fe93a3,f934d340129aef372553e141e809442751b98c585e6b70cac06da4706d578899
m4_8_01,m4_8_01.jpg,8,m4,8,8/m4_8_01.jpg,batches/member4_050_002/processed_simple/8/m4_8_01.pgm,batches/member4_050_002/processed_full/8/m4_8_01.pgm,batches/member4_050_002/fixed_input/simple/8/m4_8_01.txt,batches/member4_050_002/fixed_input/full/8/m4_8_01.txt,1,1433,93,26,56,87,193,member4_050_002,c0aed338e1a4672495aa26a68f88310657a5dcca020fdda879981bd9daeecd67,f934d340129aef372553e141e809442751b98c585e6b70cac06da4706d578899
m4_8_02,m4_8_02.jpg,8,m4,8,8/m4_8_02.jpg,batches/member4_050_002/processed_simple/8/m4_8_02.pgm,batches/member4_050_002/processed_full/8/m4_8_02.pgm,batches/member4_050_002/fixed_input/simple/8/m4_8_02.txt,batches/member4_050_002/fixed_input/full/8/m4_8_02.txt,1,5378,92,114,134,254,406,member4_050_002,a6307379b599565653d22b802713df99204fb98edfbaf93cbaa82ceffd94dddb,f934d340129aef372553e141e809442751b98c585e6b70cac06da4706d578899
m4_8_03,m4_8_03.jpg,8,m4,8,8/m4_8_03.jpg,batches/member4_050_002/processed_simple/8/m4_8_03.pgm,batches/member4_050_002/processed_full/8/m4_8_03.pgm,batches/member4_050_002/fixed_input/simple/8/m4_8_03.txt,batches/member4_050_002/fixed_input/full/8/m4_8_03.txt,1,6238,93,81,130,188,394,member4_050_002,46a7dcad4793def8e653fbb76b06bb55004354797fb2e0085b69d676956c9f5b,f934d340129aef372553e141e809442751b98c585e6b70cac06da4706d578899
m4_8_04,m4_8_04.jpg,8,m4,8,8/m4_8_04.jpg,batches/member4_050_002/processed_simple/8/m4_8_04.pgm,batches/member4_050_002/processed_full/8/m4_8_04.pgm,batches/member4_050_002/fixed_input/simple/8/m4_8_04.txt,batches/member4_050_002/fixed_input/full/8/m4_8_04.txt,1,12742,92,160,112,425,412,member4_050_002,72560660f4a9362461b5cc90a465486b809c0b2eacd5a074470473195e72852d,f934d340129aef372553e141e809442751b98c585e6b70cac06da4706d578899
m4_8_05,m4_8_05.jpg,8,m4,8,8/m4_8_05.jpg,batches/member4_050_002/processed_simple/8/m4_8_05.pgm,batches/member4_050_002/processed_full/8/m4_8_05.pgm,batches/member4_050_002/fixed_input/simple/8/m4_8_05.txt,batches/member4_050_002/fixed_input/full/8/m4_8_05.txt,1,3661,94,122,237,211,426,member4_050_002,374812fdbafc6f57904143091d73304ca8f83bb45e3591b3347d89531a9aad12,f934d340129aef372553e141e809442751b98c585e6b70cac06da4706d578899
m4_9_01,m4_9_01.jpg,9,m4,9,9/m4_9_01.jpg,batches/member4_050_002/processed_simple/9/m4_9_01.pgm,batches/member4_050_002/processed_full/9/m4_9_01.pgm,batches/member4_050_002/fixed_input/simple/9/m4_9_01.txt,batches/member4_050_002/fixed_input/full/9/m4_9_01.txt,1,4667,89,20,71,131,428,member4_050_002,3b378895de99806c95335612b2e4f6b3c5e1511def6a6b1b559d40ec134b1123,f934d340129aef372553e141e809442751b98c585e6b70cac06da4706d578899
m4_9_02,m4_9_02.jpg,9,m4,9,9/m4_9_02.jpg,batches/member4_050_002/processed_simple/9/m4_9_02.pgm,batches/member4_050_002/processed_full/9/m4_9_02.pgm,batches/member4_050_002/fixed_input/simple/9/m4_9_02.txt,batches/member4_050_002/fixed_input/full/9/m4_9_02.txt,1,3629,89,45,141,125,428,member4_050_002,e6f6d9641541c790ec707cd51d89844bf74c270859d3eb31b4461a65aad2b313,f934d340129aef372553e141e809442751b98c585e6b70cac06da4706d578899
m4_9_03,m4_9_03.jpg,9,m4,9,9/m4_9_03.jpg,batches/member4_050_002/processed_simple/9/m4_9_03.pgm,batches/member4_050_002/processed_full/9/m4_9_03.pgm,batches/member4_050_002/fixed_input/simple/9/m4_9_03.txt,batches/member4_050_002/fixed_input/full/9/m4_9_03.txt,1,4510,94,47,82,234,402,member4_050_002,c0c73a12102795782bdc1ea32081fbc262103caa08cb2f7bc8b118055ddc5851,f934d340129aef372553e141e809442751b98c585e6b70cac06da4706d578899
m4_9_04,m4_9_04.jpg,9,m4,9,9/m4_9_04.jpg,batches/member4_050_002/processed_simple/9/m4_9_04.pgm,batches/member4_050_002/processed_full/9/m4_9_04.pgm,batches/member4_050_002/fixed_input/simple/9/m4_9_04.txt,batches/member4_050_002/fixed_input/full/9/m4_9_04.txt,1,5768,90,101,116,213,378,member4_050_002,09255ba96cf01fc34442cb289d1f0812b6a80162646d03332e369602a7050061,f934d340129aef372553e141e809442751b98c585e6b70cac06da4706d578899
m4_9_05,m4_9_05.jpg,9,m4,9,9/m4_9_05.jpg,batches/member4_050_002/processed_simple/9/m4_9_05.pgm,batches/member4_050_002/processed_full/9/m4_9_05.pgm,batches/member4_050_002/fixed_input/simple/9/m4_9_05.txt,batches/member4_050_002/fixed_input/full/9/m4_9_05.txt,1,3620,93,76,166,190,370,member4_050_002,e95cb4fa9bd00793adc6b69c4339bdc5ab0c3c522b2ebcc65083e3d352b5424a,f934d340129aef372553e141e809442751b98c585e6b70cac06da4706d578899
m3_0_01,m3_0_01.png,0,m3,0,0/m3_0_01.png,batches/members3_7_100_003/processed_simple/0/m3_0_01.pgm,batches/members3_7_100_003/processed_full/0/m3_0_01.pgm,batches/members3_7_100_003/fixed_input/simple/0/m3_0_01.txt,batches/members3_7_100_003/fixed_input/full/0/m3_0_01.txt,1,6075,127,68,56,288,424,members3_7_100_003,799e51a32c003cfb1b942b03939290f053f8bf7610844f1853e496780c1a353f,f934d340129aef372553e141e809442751b98c585e6b70cac06da4706d578899
m3_0_02,m3_0_02.png,0,m3,0,0/m3_0_02.png,batches/members3_7_100_003/processed_simple/0/m3_0_02.pgm,batches/members3_7_100_003/processed_full/0/m3_0_02.pgm,batches/members3_7_100_003/fixed_input/simple/0/m3_0_02.txt,batches/members3_7_100_003/fixed_input/full/0/m3_0_02.txt,1,5039,127,94,113,279,406,members3_7_100_003,1d57cb279485025513d583c902df4745cd9dbcf4df949d8c2da7270980f01f5d,f934d340129aef372553e141e809442751b98c585e6b70cac06da4706d578899
m3_0_03,m3_0_03.png,0,m3,0,0/m3_0_03.png,batches/members3_7_100_003/processed_simple/0/m3_0_03.pgm,batches/members3_7_100_003/processed_full/0/m3_0_03.pgm,batches/members3_7_100_003/fixed_input/simple/0/m3_0_03.txt,batches/members3_7_100_003/fixed_input/full/0/m3_0_03.txt,1,4493,127,92,110,246,384,members3_7_100_003,f8e04d0b4a06712fa83f1dc0f1b3c4b9e7f1a1c902fc6af08aae5b540176e04d,f934d340129aef372553e141e809442751b98c585e6b70cac06da4706d578899
m3_0_04,m3_0_04.png,0,m3,0,0/m3_0_04.png,batches/members3_7_100_003/processed_simple/0/m3_0_04.pgm,batches/members3_7_100_003/processed_full/0/m3_0_04.pgm,batches/members3_7_100_003/fixed_input/simple/0/m3_0_04.txt,batches/members3_7_100_003/fixed_input/full/0/m3_0_04.txt,1,5066,127,76,104,252,403,members3_7_100_003,fef59f928321d0d152eb5b28f31ec05d9974a57be9fd9e2fd6c9f4d63b98a844,f934d340129aef372553e141e809442751b98c585e6b70cac06da4706d578899
m3_0_05,m3_0_05.png,0,m3,0,0/m3_0_05.png,batches/members3_7_100_003/processed_simple/0/m3_0_05.pgm,batches/members3_7_100_003/processed_full/0/m3_0_05.pgm,batches/members3_7_100_003/fixed_input/simple/0/m3_0_05.txt,batches/members3_7_100_003/fixed_input/full/0/m3_0_05.txt,1,4556,127,104,103,257,385,members3_7_100_003,9aa3e7a78896ab08e45052fdbc27e0298f2c237f64e6beaba78097a00d72d469,f934d340129aef372553e141e809442751b98c585e6b70cac06da4706d578899
m3_1_01,m3_1_01.png,1,m3,1,1/m3_1_01.png,batches/members3_7_100_003/processed_simple/1/m3_1_01.pgm,batches/members3_7_100_003/processed_full/1/m3_1_01.pgm,batches/members3_7_100_003/fixed_input/simple/1/m3_1_01.txt,batches/members3_7_100_003/fixed_input/full/1/m3_1_01.txt,1,1538,127,167,135,179,367,members3_7_100_003,70faa58bcde2e2578795e13c820beb843a26a35e6674c05ebda3d19a3616e9db,f934d340129aef372553e141e809442751b98c585e6b70cac06da4706d578899
m3_1_02,m3_1_02.png,1,m3,1,1/m3_1_02.png,batches/members3_7_100_003/processed_simple/1/m3_1_02.pgm,batches/members3_7_100_003/processed_full/1/m3_1_02.pgm,batches/members3_7_100_003/fixed_input/simple/1/m3_1_02.txt,batches/members3_7_100_003/fixed_input/full/1/m3_1_02.txt,1,1660,127,169,139,186,384,members3_7_100_003,7c320f8d9ffb0fb097302a4c6f17d75bfe3694e0f6e8313fafe94e8e6d7967ea,f934d340129aef372553e141e809442751b98c585e6b70cac06da4706d578899
m3_1_03,m3_1_03.png,1,m3,1,1/m3_1_03.png,batches/members3_7_100_003/processed_simple/1/m3_1_03.pgm,batches/members3_7_100_003/processed_full/1/m3_1_03.pgm,batches/members3_7_100_003/fixed_input/simple/1/m3_1_03.txt,batches/members3_7_100_003/fixed_input/full/1/m3_1_03.txt,1,1651,127,181,111,200,358,members3_7_100_003,0f0da97be4dfc95b411ab4ab92a1d0b0edb9b59ef4c0492889f95a2ba1a2101c,f934d340129aef372553e141e809442751b98c585e6b70cac06da4706d578899
m3_1_04,m3_1_04.png,1,m3,1,1/m3_1_04.png,batches/members3_7_100_003/processed_simple/1/m3_1_04.pgm,batches/members3_7_100_003/processed_full/1/m3_1_04.pgm,batches/members3_7_100_003/fixed_input/simple/1/m3_1_04.txt,batches/members3_7_100_003/fixed_input/full/1/m3_1_04.txt,1,1649,127,196,116,211,362,members3_7_100_003,290eb3ececdbd48d54e71fbf91003bfc40641e93c173b515a7f4f6a3bd962c4a,f934d340129aef372553e141e809442751b98c585e6b70cac06da4706d578899
m3_1_05,m3_1_05.png,1,m3,1,1/m3_1_05.png,batches/members3_7_100_003/processed_simple/1/m3_1_05.pgm,batches/members3_7_100_003/processed_full/1/m3_1_05.pgm,batches/members3_7_100_003/fixed_input/simple/1/m3_1_05.txt,batches/members3_7_100_003/fixed_input/full/1/m3_1_05.txt,1,1736,127,182,112,199,372,members3_7_100_003,9126c5d4084842bb0c01227ace3b65de112b73b26b58f3142f5662fbeca1ecc6,f934d340129aef372553e141e809442751b98c585e6b70cac06da4706d578899
m3_2_01,m3_2_01.png,2,m3,2,2/m3_2_01.png,batches/members3_7_100_003/processed_simple/2/m3_2_01.pgm,batches/members3_7_100_003/processed_full/2/m3_2_01.pgm,batches/members3_7_100_003/fixed_input/simple/2/m3_2_01.txt,batches/members3_7_100_003/fixed_input/full/2/m3_2_01.txt,1,5239,127,92,83,312,407,members3_7_100_003,3bdcf74b8b0388001cf893084ebd10f18b3fee479d2b220321de834e17541ece,f934d340129aef372553e141e809442751b98c585e6b70cac06da4706d578899
m3_2_02,m3_2_02.png,2,m3,2,2/m3_2_02.png,batches/members3_7_100_003/processed_simple/2/m3_2_02.pgm,batches/members3_7_100_003/processed_full/2/m3_2_02.pgm,batches/members3_7_100_003/fixed_input/simple/2/m3_2_02.txt,batches/members3_7_100_003/fixed_input/full/2/m3_2_02.txt,1,5239,127,92,83,312,407,members3_7_100_003,3bdcf74b8b0388001cf893084ebd10f18b3fee479d2b220321de834e17541ece,f934d340129aef372553e141e809442751b98c585e6b70cac06da4706d578899
m3_2_03,m3_2_03.png,2,m3,2,2/m3_2_03.png,batches/members3_7_100_003/processed_simple/2/m3_2_03.pgm,batches/members3_7_100_003/processed_full/2/m3_2_03.pgm,batches/members3_7_100_003/fixed_input/simple/2/m3_2_03.txt,batches/members3_7_100_003/fixed_input/full/2/m3_2_03.txt,1,4820,127,84,94,304,419,members3_7_100_003,6ccce8ca80f8e91f0b95dae7eb8bec29d61bd933300a01dff89e0f4e0d6095b9,f934d340129aef372553e141e809442751b98c585e6b70cac06da4706d578899
m3_2_04,m3_2_04.png,2,m3,2,2/m3_2_04.png,batches/members3_7_100_003/processed_simple/2/m3_2_04.pgm,batches/members3_7_100_003/processed_full/2/m3_2_04.pgm,batches/members3_7_100_003/fixed_input/simple/2/m3_2_04.txt,batches/members3_7_100_003/fixed_input/full/2/m3_2_04.txt,1,4657,127,99,86,308,413,members3_7_100_003,edb816236632b1713ac37ac0b2e37ffe51f9527027677fed737429e04f0abc93,f934d340129aef372553e141e809442751b98c585e6b70cac06da4706d578899
m3_2_05,m3_2_05.png,2,m3,2,2/m3_2_05.png,batches/members3_7_100_003/processed_simple/2/m3_2_05.pgm,batches/members3_7_100_003/processed_full/2/m3_2_05.pgm,batches/members3_7_100_003/fixed_input/simple/2/m3_2_05.txt,batches/members3_7_100_003/fixed_input/full/2/m3_2_05.txt,1,4833,127,118,104,353,405,members3_7_100_003,88c4181f877ae3a564f5ed6da44939e9e115af2067caf4a5c2d78dcae2c5bdcb,f934d340129aef372553e141e809442751b98c585e6b70cac06da4706d578899
m3_3_01,m3_3_01.png,3,m3,3,3/m3_3_01.png,batches/members3_7_100_003/processed_simple/3/m3_3_01.pgm,batches/members3_7_100_003/processed_full/3/m3_3_01.pgm,batches/members3_7_100_003/fixed_input/simple/3/m3_3_01.txt,batches/members3_7_100_003/fixed_input/full/3/m3_3_01.txt,1,5369,127,72,66,261,396,members3_7_100_003,1f9236da2bb45cc506c1862080a6ba85dd025aeb922ea8c5a6672c6153501c18,f934d340129aef372553e141e809442751b98c585e6b70cac06da4706d578899
m3_3_02,m3_3_02.png,3,m3,3,3/m3_3_02.png,batches/members3_7_100_003/processed_simple/3/m3_3_02.pgm,batches/members3_7_100_003/processed_full/3/m3_3_02.pgm,batches/members3_7_100_003/fixed_input/simple/3/m3_3_02.txt,batches/members3_7_100_003/fixed_input/full/3/m3_3_02.txt,1,5776,127,97,49,290,383,members3_7_100_003,e835d5f07c0e7df9d875db18f4978de8b645a054752b88c2e4f0b77afe96ec67,f934d340129aef372553e141e809442751b98c585e6b70cac06da4706d578899
m3_3_03,m3_3_03.png,3,m3,3,3/m3_3_03.png,batches/members3_7_100_003/processed_simple/3/m3_3_03.pgm,batches/members3_7_100_003/processed_full/3/m3_3_03.pgm,batches/members3_7_100_003/fixed_input/simple/3/m3_3_03.txt,batches/members3_7_100_003/fixed_input/full/3/m3_3_03.txt,1,5884,127,58,56,281,388,members3_7_100_003,7fbfab7740d11db06803cadf7ce8bc0f996e05e193f5235cbe513674b85287ea,f934d340129aef372553e141e809442751b98c585e6b70cac06da4706d578899
m3_3_04,m3_3_04.png,3,m3,3,3/m3_3_04.png,batches/members3_7_100_003/processed_simple/3/m3_3_04.pgm,batches/members3_7_100_003/processed_full/3/m3_3_04.pgm,batches/members3_7_100_003/fixed_input/simple/3/m3_3_04.txt,batches/members3_7_100_003/fixed_input/full/3/m3_3_04.txt,1,5961,127,76,61,283,393,members3_7_100_003,f378ec3c599a28ffd9e8b7ee90957c520aa469138b609f61fc1ccf458104269a,f934d340129aef372553e141e809442751b98c585e6b70cac06da4706d578899
m3_3_05,m3_3_05.png,3,m3,3,3/m3_3_05.png,batches/members3_7_100_003/processed_simple/3/m3_3_05.pgm,batches/members3_7_100_003/processed_full/3/m3_3_05.pgm,batches/members3_7_100_003/fixed_input/simple/3/m3_3_05.txt,batches/members3_7_100_003/fixed_input/full/3/m3_3_05.txt,1,6658,127,84,55,322,405,members3_7_100_003,40d103fc6aafb47eb527a8e30ed428414949c85bb830f067ac46a289f9d63e4f,f934d340129aef372553e141e809442751b98c585e6b70cac06da4706d578899
m3_4_01,m3_4_01.png,4,m3,4,4/m3_4_01.png,batches/members3_7_100_003/processed_simple/4/m3_4_01.pgm,batches/members3_7_100_003/processed_full/4/m3_4_01.pgm,batches/members3_7_100_003/fixed_input/simple/4/m3_4_01.txt,batches/members3_7_100_003/fixed_input/full/4/m3_4_01.txt,1,5257,127,68,52,294,400,members3_7_100_003,428026b8057cb5b7e7e679b463a9232f154876cd80ea0d16e5220e2d8737ccb2,f934d340129aef372553e141e809442751b98c585e6b70cac06da4706d578899
m3_4_02,m3_4_02.png,4,m3,4,4/m3_4_02.png,batches/members3_7_100_003/processed_simple/4/m3_4_02.pgm,batches/members3_7_100_003/processed_full/4/m3_4_02.pgm,batches/members3_7_100_003/fixed_input/simple/4/m3_4_02.txt,batches/members3_7_100_003/fixed_input/full/4/m3_4_02.txt,1,5431,127,60,86,293,446,members3_7_100_003,4373e94e39af1ab57936c6edbbbf6da16d79fbbb8a196f35a96431ce6447da93,f934d340129aef372553e141e809442751b98c585e6b70cac06da4706d578899
m3_4_03,m3_4_03.png,4,m3,4,4/m3_4_03.png,batches/members3_7_100_003/processed_simple/4/m3_4_03.pgm,batches/members3_7_100_003/processed_full/4/m3_4_03.pgm,batches/members3_7_100_003/fixed_input/simple/4/m3_4_03.txt,batches/members3_7_100_003/fixed_input/full/4/m3_4_03.txt,1,5605,127,56,80,309,455,members3_7_100_003,722d0a9d4719bad09d41bf7e34729d770fd1aad4194fa7cb9f42732dfecc1b88,f934d340129aef372553e141e809442751b98c585e6b70cac06da4706d578899
m3_4_04,m3_4_04.png,4,m3,4,4/m3_4_04.png,batches/members3_7_100_003/processed_simple/4/m3_4_04.pgm,batches/members3_7_100_003/processed_full/4/m3_4_04.pgm,batches/members3_7_100_003/fixed_input/simple/4/m3_4_04.txt,batches/members3_7_100_003/fixed_input/full/4/m3_4_04.txt,1,6130,127,65,55,328,461,members3_7_100_003,8c80c4beeccff25600d569a158c52819c3b42d8b2ab5c335a294f341aa4c5731,f934d340129aef372553e141e809442751b98c585e6b70cac06da4706d578899
m3_4_05,m3_4_05.png,4,m3,4,4/m3_4_05.png,batches/members3_7_100_003/processed_simple/4/m3_4_05.pgm,batches/members3_7_100_003/processed_full/4/m3_4_05.pgm,batches/members3_7_100_003/fixed_input/simple/4/m3_4_05.txt,batches/members3_7_100_003/fixed_input/full/4/m3_4_05.txt,1,5540,127,70,67,315,458,members3_7_100_003,0e5158d803d5ba484f115f1a744df104a47a5a02acc9a5c7b694e5c04813eed9,f934d340129aef372553e141e809442751b98c585e6b70cac06da4706d578899
m3_5_01,m3_5_01.png,5,m3,5,5/m3_5_01.png,batches/members3_7_100_003/processed_simple/5/m3_5_01.pgm,batches/members3_7_100_003/processed_full/5/m3_5_01.pgm,batches/members3_7_100_003/fixed_input/simple/5/m3_5_01.txt,batches/members3_7_100_003/fixed_input/full/5/m3_5_01.txt,1,4157,127,87,131,287,394,members3_7_100_003,b8f54c4270454b69cfbeaa197790cc7f328ab3a92690edb94d1a5f213f3b1d32,f934d340129aef372553e141e809442751b98c585e6b70cac06da4706d578899
m3_5_02,m3_5_02.png,5,m3,5,5/m3_5_02.png,batches/members3_7_100_003/processed_simple/5/m3_5_02.pgm,batches/members3_7_100_003/processed_full/5/m3_5_02.pgm,batches/members3_7_100_003/fixed_input/simple/5/m3_5_02.txt,batches/members3_7_100_003/fixed_input/full/5/m3_5_02.txt,1,4379,127,111,95,316,372,members3_7_100_003,56dc7c717db3a73a7116c6003dd6a7d675ed7daa94bd3d2c7f03111ece6713b2,f934d340129aef372553e141e809442751b98c585e6b70cac06da4706d578899
m3_5_03,m3_5_03.png,5,m3,5,5/m3_5_03.png,batches/members3_7_100_003/processed_simple/5/m3_5_03.pgm,batches/members3_7_100_003/processed_full/5/m3_5_03.pgm,batches/members3_7_100_003/fixed_input/simple/5/m3_5_03.txt,batches/members3_7_100_003/fixed_input/full/5/m3_5_03.txt,1,5136,127,82,90,307,402,members3_7_100_003,e3857f05ac585a9aa0853e7658b2216a2a63d7325d23d7313941afe257fd8b53,f934d340129aef372553e141e809442751b98c585e6b70cac06da4706d578899
m3_5_04,m3_5_04.png,5,m3,5,5/m3_5_04.png,batches/members3_7_100_003/processed_simple/5/m3_5_04.pgm,batches/members3_7_100_003/processed_full/5/m3_5_04.pgm,batches/members3_7_100_003/fixed_input/simple/5/m3_5_04.txt,batches/members3_7_100_003/fixed_input/full/5/m3_5_04.txt,1,5665,127,75,75,316,431,members3_7_100_003,83bd909dd94ab6e192620bab76955f900450a619736868bf5088527c2fe525f6,f934d340129aef372553e141e809442751b98c585e6b70cac06da4706d578899
m3_5_05,m3_5_05.png,5,m3,5,5/m3_5_05.png,batches/members3_7_100_003/processed_simple/5/m3_5_05.pgm,batches/members3_7_100_003/processed_full/5/m3_5_05.pgm,batches/members3_7_100_003/fixed_input/simple/5/m3_5_05.txt,batches/members3_7_100_003/fixed_input/full/5/m3_5_05.txt,1,6047,127,100,60,337,407,members3_7_100_003,a2bd41fa57499225e6de5d4608495805bc1d666c560fff6b5187c8d24b6b9e1f,f934d340129aef372553e141e809442751b98c585e6b70cac06da4706d578899
m3_6_01,m3_6_01.png,6,m3,6,6/m3_6_01.png,batches/members3_7_100_003/processed_simple/6/m3_6_01.pgm,batches/members3_7_100_003/processed_full/6/m3_6_01.pgm,batches/members3_7_100_003/fixed_input/simple/6/m3_6_01.txt,batches/members3_7_100_003/fixed_input/full/6/m3_6_01.txt,1,5806,127,94,49,279,435,members3_7_100_003,1793bb8a701d38d402c2d32817e1f8f7b9c22d26293e6522ebf1c5a8e136c488,f934d340129aef372553e141e809442751b98c585e6b70cac06da4706d578899
m3_6_02,m3_6_02.png,6,m3,6,6/m3_6_02.png,batches/members3_7_100_003/processed_simple/6/m3_6_02.pgm,batches/members3_7_100_003/processed_full/6/m3_6_02.pgm,batches/members3_7_100_003/fixed_input/simple/6/m3_6_02.txt,batches/members3_7_100_003/fixed_input/full/6/m3_6_02.txt,1,5882,127,91,30,285,416,members3_7_100_003,6a21d85cb2b13d2991afb59693e480e450ce4fdcb7b90086c79df964f97c0a73,f934d340129aef372553e141e809442751b98c585e6b70cac06da4706d578899
m3_6_03,m3_6_03.png,6,m3,6,6/m3_6_03.png,batches/members3_7_100_003/processed_simple/6/m3_6_03.pgm,batches/members3_7_100_003/processed_full/6/m3_6_03.pgm,batches/members3_7_100_003/fixed_input/simple/6/m3_6_03.txt,batches/members3_7_100_003/fixed_input/full/6/m3_6_03.txt,1,5415,127,102,52,290,426,members3_7_100_003,5329f781b8110c6d6728c59cc070c2d3a988fca8eb2edee1209575a3524a106d,f934d340129aef372553e141e809442751b98c585e6b70cac06da4706d578899
m3_6_04,m3_6_04.png,6,m3,6,6/m3_6_04.png,batches/members3_7_100_003/processed_simple/6/m3_6_04.pgm,batches/members3_7_100_003/processed_full/6/m3_6_04.pgm,batches/members3_7_100_003/fixed_input/simple/6/m3_6_04.txt,batches/members3_7_100_003/fixed_input/full/6/m3_6_04.txt,1,5423,127,106,48,298,400,members3_7_100_003,9de83011d522b1e87b7f1dbe37a36465492315a1592c9892ac327527ed2380a0,f934d340129aef372553e141e809442751b98c585e6b70cac06da4706d578899
m3_6_05,m3_6_05.png,6,m3,6,6/m3_6_05.png,batches/members3_7_100_003/processed_simple/6/m3_6_05.pgm,batches/members3_7_100_003/processed_full/6/m3_6_05.pgm,batches/members3_7_100_003/fixed_input/simple/6/m3_6_05.txt,batches/members3_7_100_003/fixed_input/full/6/m3_6_05.txt,1,5656,127,102,54,301,415,members3_7_100_003,fb431ef3da6fad6260f76050582a8ce85b91cf8a2e9de7b4fa34f303b60b1700,f934d340129aef372553e141e809442751b98c585e6b70cac06da4706d578899
m3_7_01,m3_7_01.png,7,m3,7,7/m3_7_01.png,batches/members3_7_100_003/processed_simple/7/m3_7_01.pgm,batches/members3_7_100_003/processed_full/7/m3_7_01.pgm,batches/members3_7_100_003/fixed_input/simple/7/m3_7_01.txt,batches/members3_7_100_003/fixed_input/full/7/m3_7_01.txt,1,3815,127,87,108,305,424,members3_7_100_003,4b53cfc421f9e0446db11613586de27d394b4489d88e6feca99dab9998940c1b,f934d340129aef372553e141e809442751b98c585e6b70cac06da4706d578899
m3_7_02,m3_7_02.png,7,m3,7,7/m3_7_02.png,batches/members3_7_100_003/processed_simple/7/m3_7_02.pgm,batches/members3_7_100_003/processed_full/7/m3_7_02.pgm,batches/members3_7_100_003/fixed_input/simple/7/m3_7_02.txt,batches/members3_7_100_003/fixed_input/full/7/m3_7_02.txt,1,3926,127,116,104,341,420,members3_7_100_003,8043a9da49d422206c51dea866eb8bee2fb99d4bbf2de25a84136ffddfc8852b,f934d340129aef372553e141e809442751b98c585e6b70cac06da4706d578899
m3_7_03,m3_7_03.png,7,m3,7,7/m3_7_03.png,batches/members3_7_100_003/processed_simple/7/m3_7_03.pgm,batches/members3_7_100_003/processed_full/7/m3_7_03.pgm,batches/members3_7_100_003/fixed_input/simple/7/m3_7_03.txt,batches/members3_7_100_003/fixed_input/full/7/m3_7_03.txt,1,3907,127,100,119,325,437,members3_7_100_003,7f5e0c3d5a452e969627a910612b38e689493bee00547aac61cb9fad77500219,f934d340129aef372553e141e809442751b98c585e6b70cac06da4706d578899
m3_7_04,m3_7_04.png,7,m3,7,7/m3_7_04.png,batches/members3_7_100_003/processed_simple/7/m3_7_04.pgm,batches/members3_7_100_003/processed_full/7/m3_7_04.pgm,batches/members3_7_100_003/fixed_input/simple/7/m3_7_04.txt,batches/members3_7_100_003/fixed_input/full/7/m3_7_04.txt,1,3992,127,85,121,310,447,members3_7_100_003,514fad7dc23ee7f9b14e40704ab49a7c76e626c236ef9e71f51fd954c1f0322f,f934d340129aef372553e141e809442751b98c585e6b70cac06da4706d578899
m3_7_05,m3_7_05.png,7,m3,7,7/m3_7_05.png,batches/members3_7_100_003/processed_simple/7/m3_7_05.pgm,batches/members3_7_100_003/processed_full/7/m3_7_05.pgm,batches/members3_7_100_003/fixed_input/simple/7/m3_7_05.txt,batches/members3_7_100_003/fixed_input/full/7/m3_7_05.txt,1,3522,127,110,137,313,448,members3_7_100_003,60a82399d835ba0780c09be8463e911f06d949c1358787bf95e72f8e1f6e62d2,f934d340129aef372553e141e809442751b98c585e6b70cac06da4706d578899
m3_8_01,m3_8_01.png,8,m3,8,8/m3_8_01.png,batches/members3_7_100_003/processed_simple/8/m3_8_01.pgm,batches/members3_7_100_003/processed_full/8/m3_8_01.pgm,batches/members3_7_100_003/fixed_input/simple/8/m3_8_01.txt,batches/members3_7_100_003/fixed_input/full/8/m3_8_01.txt,1,6496,127,82,70,291,424,members3_7_100_003,6c6859f0394364085366bcff5c65c8c301477b919642fa3c81f1d9edc528b38a,f934d340129aef372553e141e809442751b98c585e6b70cac06da4706d578899
m3_8_02,m3_8_02.png,8,m3,8,8/m3_8_02.png,batches/members3_7_100_003/processed_simple/8/m3_8_02.pgm,batches/members3_7_100_003/processed_full/8/m3_8_02.pgm,batches/members3_7_100_003/fixed_input/simple/8/m3_8_02.txt,batches/members3_7_100_003/fixed_input/full/8/m3_8_02.txt,1,6308,127,114,71,318,410,members3_7_100_003,5ecd9c08fd051f717cca56aabed2d12a8421fc1f9d0045b9309a3c40be458693,f934d340129aef372553e141e809442751b98c585e6b70cac06da4706d578899
m3_8_03,m3_8_03.png,8,m3,8,8/m3_8_03.png,batches/members3_7_100_003/processed_simple/8/m3_8_03.pgm,batches/members3_7_100_003/processed_full/8/m3_8_03.pgm,batches/members3_7_100_003/fixed_input/simple/8/m3_8_03.txt,batches/members3_7_100_003/fixed_input/full/8/m3_8_03.txt,1,7436,127,59,44,300,439,members3_7_100_003,d86765960cefd5e2a33489b936aad88ba12d9b9a37a5cf34471d9761aa046550,f934d340129aef372553e141e809442751b98c585e6b70cac06da4706d578899
m3_8_04,m3_8_04.png,8,m3,8,8/m3_8_04.png,batches/members3_7_100_003/processed_simple/8/m3_8_04.pgm,batches/members3_7_100_003/processed_full/8/m3_8_04.pgm,batches/members3_7_100_003/fixed_input/simple/8/m3_8_04.txt,batches/members3_7_100_003/fixed_input/full/8/m3_8_04.txt,1,7263,127,66,62,284,441,members3_7_100_003,e8a44c2a8b09fbdbdecbc8122099fbdb095bd5a3833d1d764444df1cad2eb5d2,f934d340129aef372553e141e809442751b98c585e6b70cac06da4706d578899
m3_8_05,m3_8_05.png,8,m3,8,8/m3_8_05.png,batches/members3_7_100_003/processed_simple/8/m3_8_05.pgm,batches/members3_7_100_003/processed_full/8/m3_8_05.pgm,batches/members3_7_100_003/fixed_input/simple/8/m3_8_05.txt,batches/members3_7_100_003/fixed_input/full/8/m3_8_05.txt,1,7298,127,83,60,317,436,members3_7_100_003,0767f7f4e1067d67b005dc9f342c18ca702f6021fcdeab0d2287c6486a0d0703,f934d340129aef372553e141e809442751b98c585e6b70cac06da4706d578899
m3_9_01,m3_9_01.png,9,m3,9,9/m3_9_01.png,batches/members3_7_100_003/processed_simple/9/m3_9_01.pgm,batches/members3_7_100_003/processed_full/9/m3_9_01.pgm,batches/members3_7_100_003/fixed_input/simple/9/m3_9_01.txt,batches/members3_7_100_003/fixed_input/full/9/m3_9_01.txt,1,6635,127,65,60,278,446,members3_7_100_003,f925bec890fe4367b029158d248b6cbdda142501043d12147b65bc181f697ada,f934d340129aef372553e141e809442751b98c585e6b70cac06da4706d578899
m3_9_02,m3_9_02.png,9,m3,9,9/m3_9_02.png,batches/members3_7_100_003/processed_simple/9/m3_9_02.pgm,batches/members3_7_100_003/processed_full/9/m3_9_02.pgm,batches/members3_7_100_003/fixed_input/simple/9/m3_9_02.txt,batches/members3_7_100_003/fixed_input/full/9/m3_9_02.txt,1,6018,127,86,62,273,423,members3_7_100_003,77bbcd710d16d3fa85733c128e0d1fdd257c094778916f112721e4685b4d013d,f934d340129aef372553e141e809442751b98c585e6b70cac06da4706d578899
m3_9_03,m3_9_03.png,9,m3,9,9/m3_9_03.png,batches/members3_7_100_003/processed_simple/9/m3_9_03.pgm,batches/members3_7_100_003/processed_full/9/m3_9_03.pgm,batches/members3_7_100_003/fixed_input/simple/9/m3_9_03.txt,batches/members3_7_100_003/fixed_input/full/9/m3_9_03.txt,1,6279,127,86,63,283,458,members3_7_100_003,c129cf460afd6af9d26ab129857f51f6aab159af58c3c8783fb142f3e41afcf8,f934d340129aef372553e141e809442751b98c585e6b70cac06da4706d578899
m3_9_04,m3_9_04.png,9,m3,9,9/m3_9_04.png,batches/members3_7_100_003/processed_simple/9/m3_9_04.pgm,batches/members3_7_100_003/processed_full/9/m3_9_04.pgm,batches/members3_7_100_003/fixed_input/simple/9/m3_9_04.txt,batches/members3_7_100_003/fixed_input/full/9/m3_9_04.txt,1,5563,127,77,77,263,416,members3_7_100_003,0d7c6251c97d2c747e8926dce24f37a0c22a958f84ea26bc4cdf0531d749b431,f934d340129aef372553e141e809442751b98c585e6b70cac06da4706d578899
m3_9_05,m3_9_05.png,9,m3,9,9/m3_9_05.png,batches/members3_7_100_003/processed_simple/9/m3_9_05.pgm,batches/members3_7_100_003/processed_full/9/m3_9_05.pgm,batches/members3_7_100_003/fixed_input/simple/9/m3_9_05.txt,batches/members3_7_100_003/fixed_input/full/9/m3_9_05.txt,1,5895,127,88,55,277,443,members3_7_100_003,a092ed80bb4e2c29eb7d56354bb5bf0f2fe696e3394e9e847c6027fc67b00b70,f934d340129aef372553e141e809442751b98c585e6b70cac06da4706d578899
m7_0_01,m7_0_01.png,0,m7,0,0/m7_0_01.png,batches/members3_7_100_003/processed_simple/0/m7_0_01.pgm,batches/members3_7_100_003/processed_full/0/m7_0_01.pgm,batches/members3_7_100_003/fixed_input/simple/0/m7_0_01.txt,batches/members3_7_100_003/fixed_input/full/0/m7_0_01.txt,1,6140,188,102,75,377,405,members3_7_100_003,4633643d5efcc898c8a2dc452b4a465f73e8c266d845a90f0fa96e29c1101648,f934d340129aef372553e141e809442751b98c585e6b70cac06da4706d578899
m7_0_02,m7_0_02.png,0,m7,0,0/m7_0_02.png,batches/members3_7_100_003/processed_simple/0/m7_0_02.pgm,batches/members3_7_100_003/processed_full/0/m7_0_02.pgm,batches/members3_7_100_003/fixed_input/simple/0/m7_0_02.txt,batches/members3_7_100_003/fixed_input/full/0/m7_0_02.txt,1,5438,188,119,81,360,398,members3_7_100_003,f2af7348671bbf4b08b253e1675c6235c5aa141c3de3f2a97a08b429547a7dce,f934d340129aef372553e141e809442751b98c585e6b70cac06da4706d578899
m7_0_03,m7_0_03.png,0,m7,0,0/m7_0_03.png,batches/members3_7_100_003/processed_simple/0/m7_0_03.pgm,batches/members3_7_100_003/processed_full/0/m7_0_03.pgm,batches/members3_7_100_003/fixed_input/simple/0/m7_0_03.txt,batches/members3_7_100_003/fixed_input/full/0/m7_0_03.txt,1,4845,188,127,105,352,374,members3_7_100_003,aeedd26d63135b79ffd4129ad565694b5e9a6e735c71d6f0e81234fad798bea5,f934d340129aef372553e141e809442751b98c585e6b70cac06da4706d578899
m7_0_04,m7_0_04.png,0,m7,0,0/m7_0_04.png,batches/members3_7_100_003/processed_simple/0/m7_0_04.pgm,batches/members3_7_100_003/processed_full/0/m7_0_04.pgm,batches/members3_7_100_003/fixed_input/simple/0/m7_0_04.txt,batches/members3_7_100_003/fixed_input/full/0/m7_0_04.txt,1,5315,186,111,89,367,390,members3_7_100_003,9d98ca9a8392d015027912b7bb495c9b8965b4d9cf2f4f6ef09d890c10914582,f934d340129aef372553e141e809442751b98c585e6b70cac06da4706d578899
m7_0_05,m7_0_05.png,0,m7,0,0/m7_0_05.png,batches/members3_7_100_003/processed_simple/0/m7_0_05.pgm,batches/members3_7_100_003/processed_full/0/m7_0_05.pgm,batches/members3_7_100_003/fixed_input/simple/0/m7_0_05.txt,batches/members3_7_100_003/fixed_input/full/0/m7_0_05.txt,1,5367,188,132,85,347,394,members3_7_100_003,78efb977c1d11514c568bb79393ebc26b72494d0e1db8163b5f91d9645e8b1f1,f934d340129aef372553e141e809442751b98c585e6b70cac06da4706d578899
m7_1_01,m7_1_01.png,1,m7,1,1/m7_1_01.png,batches/members3_7_100_003/processed_simple/1/m7_1_01.pgm,batches/members3_7_100_003/processed_full/1/m7_1_01.pgm,batches/members3_7_100_003/fixed_input/simple/1/m7_1_01.txt,batches/members3_7_100_003/fixed_input/full/1/m7_1_01.txt,1,1477,187,213,125,266,354,members3_7_100_003,43c2b47bc6bc5d4f8ad75a9aa8b37dd0b395d838a7d343e6f3dda700b4d1f555,f934d340129aef372553e141e809442751b98c585e6b70cac06da4706d578899
m7_1_02,m7_1_02.png,1,m7,1,1/m7_1_02.png,batches/members3_7_100_003/processed_simple/1/m7_1_02.pgm,batches/members3_7_100_003/processed_full/1/m7_1_02.pgm,batches/members3_7_100_003/fixed_input/simple/1/m7_1_02.txt,batches/members3_7_100_003/fixed_input/full/1/m7_1_02.txt,1,1308,187,217,142,263,336,members3_7_100_003,1ab43c78adc5a12503d0c38d8dd23938a8ff762330a8635a130c299192bd903d,f934d340129aef372553e141e809442751b98c585e6b70cac06da4706d578899
m7_1_03,m7_1_03.png,1,m7,1,1/m7_1_03.png,batches/members3_7_100_003/processed_simple/1/m7_1_03.pgm,batches/members3_7_100_003/processed_full/1/m7_1_03.pgm,batches/members3_7_100_003/fixed_input/simple/1/m7_1_03.txt,batches/members3_7_100_003/fixed_input/full/1/m7_1_03.txt,1,1418,186,201,132,277,347,members3_7_100_003,e3aeb9a2f4e30963957b609338693375407dfc952a51d661f18a0c86b0dc9b36,f934d340129aef372553e141e809442751b98c585e6b70cac06da4706d578899
m7_1_04,m7_1_04.png,1,m7,1,1/m7_1_04.png,batches/members3_7_100_003/processed_simple/1/m7_1_04.pgm,batches/members3_7_100_003/processed_full/1/m7_1_04.pgm,batches/members3_7_100_003/fixed_input/simple/1/m7_1_04.txt,batches/members3_7_100_003/fixed_input/full/1/m7_1_04.txt,1,1815,187,186,113,294,367,members3_7_100_003,118120756525af1c8a13c04da708e6ef95cb209364b4078772d01fed80e17585,f934d340129aef372553e141e809442751b98c585e6b70cac06da4706d578899
m7_1_05,m7_1_05.png,1,m7,1,1/m7_1_05.png,batches/members3_7_100_003/processed_simple/1/m7_1_05.pgm,batches/members3_7_100_003/processed_full/1/m7_1_05.pgm,batches/members3_7_100_003/fixed_input/simple/1/m7_1_05.txt,batches/members3_7_100_003/fixed_input/full/1/m7_1_05.txt,1,1327,188,206,133,273,346,members3_7_100_003,0586636a0d7ce902cf5b6df01d7b27e9e5f4f0366c621e445bb9b7383ad3abfc,f934d340129aef372553e141e809442751b98c585e6b70cac06da4706d578899
m7_2_01,m7_2_01.png,2,m7,2,2/m7_2_01.png,batches/members3_7_100_003/processed_simple/2/m7_2_01.pgm,batches/members3_7_100_003/processed_full/2/m7_2_01.pgm,batches/members3_7_100_003/fixed_input/simple/2/m7_2_01.txt,batches/members3_7_100_003/fixed_input/full/2/m7_2_01.txt,1,4971,187,112,114,368,365,members3_7_100_003,e40ed9029c3562e51ba913cd567a3bf1bccef9b97b7201f470f2ec9a206993fe,f934d340129aef372553e141e809442751b98c585e6b70cac06da4706d578899
m7_2_02,m7_2_02.png,2,m7,2,2/m7_2_02.png,batches/members3_7_100_003/processed_simple/2/m7_2_02.pgm,batches/members3_7_100_003/processed_full/2/m7_2_02.pgm,batches/members3_7_100_003/fixed_input/simple/2/m7_2_02.txt,batches/members3_7_100_003/fixed_input/full/2/m7_2_02.txt,1,4979,187,140,93,339,386,members3_7_100_003,b19d3b77a30e3dcff0f35f21b3a580e0591fba406759927c865ef3a8ec8514b2,f934d340129aef372553e141e809442751b98c585e6b70cac06da4706d578899
m7_2_03,m7_2_03.png,2,m7,2,2/m7_2_03.png,batches/members3_7_100_003/processed_simple/2/m7_2_03.pgm,batches/members3_7_100_003/processed_full/2/m7_2_03.pgm,batches/members3_7_100_003/fixed_input/simple/2/m7_2_03.txt,batches/members3_7_100_003/fixed_input/full/2/m7_2_03.txt,1,5095,188,120,102,359,378,members3_7_100_003,3da34334620b06c31b117c895785ded78561df967aee108008b6eb799fb41d41,f934d340129aef372553e141e809442751b98c585e6b70cac06da4706d578899
m7_2_04,m7_2_04.png,2,m7,2,2/m7_2_04.png,batches/members3_7_100_003/processed_simple/2/m7_2_04.pgm,batches/members3_7_100_003/processed_full/2/m7_2_04.pgm,batches/members3_7_100_003/fixed_input/simple/2/m7_2_04.txt,batches/members3_7_100_003/fixed_input/full/2/m7_2_04.txt,1,5100,187,131,82,348,397,members3_7_100_003,9845ee83fc502458e0b451916ba8797fdc2a49c42786d21c4fa99e72eb716c0d,f934d340129aef372553e141e809442751b98c585e6b70cac06da4706d578899
m7_2_05,m7_2_05.png,2,m7,2,2/m7_2_05.png,batches/members3_7_100_003/processed_simple/2/m7_2_05.pgm,batches/members3_7_100_003/processed_full/2/m7_2_05.pgm,batches/members3_7_100_003/fixed_input/simple/2/m7_2_05.txt,batches/members3_7_100_003/fixed_input/full/2/m7_2_05.txt,1,3887,186,123,115,356,365,members3_7_100_003,9395aed5bbdb96984d4bf2cc654e2fae66f96869a8f6f4fa1963d448d0197ca8,f934d340129aef372553e141e809442751b98c585e6b70cac06da4706d578899
m7_3_01,m7_3_01.png,3,m7,3,3/m7_3_01.png,batches/members3_7_100_003/processed_simple/3/m7_3_01.pgm,batches/members3_7_100_003/processed_full/3/m7_3_01.pgm,batches/members3_7_100_003/fixed_input/simple/3/m7_3_01.txt,batches/members3_7_100_003/fixed_input/full/3/m7_3_01.txt,1,6147,187,137,50,342,429,members3_7_100_003,466e2877f4bf903b92b75c6b2400ed00e07864ee8a018b97ff673cc76038fa95,f934d340129aef372553e141e809442751b98c585e6b70cac06da4706d578899
m7_3_02,m7_3_02.png,3,m7,3,3/m7_3_02.png,batches/members3_7_100_003/processed_simple/3/m7_3_02.pgm,batches/members3_7_100_003/processed_full/3/m7_3_02.pgm,batches/members3_7_100_003/fixed_input/simple/3/m7_3_02.txt,batches/members3_7_100_003/fixed_input/full/3/m7_3_02.txt,1,4676,188,148,91,332,388,members3_7_100_003,a335e50e38ae6c45f961f45ba5e04fd47be980ce807ac4c603e4fb7cd7e788cd,f934d340129aef372553e141e809442751b98c585e6b70cac06da4706d578899
m7_3_03,m7_3_03.png,3,m7,3,3/m7_3_03.png,batches/members3_7_100_003/processed_simple/3/m7_3_03.pgm,batches/members3_7_100_003/processed_full/3/m7_3_03.pgm,batches/members3_7_100_003/fixed_input/simple/3/m7_3_03.txt,batches/members3_7_100_003/fixed_input/full/3/m7_3_03.txt,1,4348,188,159,103,321,377,members3_7_100_003,f5b4adaf9a1464667d33e4717e56bc0161367dce985c61fcbbc891a4a37cd493,f934d340129aef372553e141e809442751b98c585e6b70cac06da4706d578899
m7_3_04,m7_3_04.png,3,m7,3,3/m7_3_04.png,batches/members3_7_100_003/processed_simple/3/m7_3_04.pgm,batches/members3_7_100_003/processed_full/3/m7_3_04.pgm,batches/members3_7_100_003/fixed_input/simple/3/m7_3_04.txt,batches/members3_7_100_003/fixed_input/full/3/m7_3_04.txt,1,3779,187,151,104,328,375,members3_7_100_003,d54db2f355753c29f8ec9047543c22e08226cef5034088359e9290f0932305c7,f934d340129aef372553e141e809442751b98c585e6b70cac06da4706d578899
m7_3_05,m7_3_05.png,3,m7,3,3/m7_3_05.png,batches/members3_7_100_003/processed_simple/3/m7_3_05.pgm,batches/members3_7_100_003/processed_full/3/m7_3_05.pgm,batches/members3_7_100_003/fixed_input/simple/3/m7_3_05.txt,batches/members3_7_100_003/fixed_input/full/3/m7_3_05.txt,1,4093,188,143,100,337,379,members3_7_100_003,84ff3c44f35eb2045cf3d6a8d8f741a5e8998d03bb449af2a6774f2c4e047a48,f934d340129aef372553e141e809442751b98c585e6b70cac06da4706d578899
m7_4_01,m7_4_01.png,4,m7,4,4/m7_4_01.png,batches/members3_7_100_003/processed_simple/4/m7_4_01.pgm,batches/members3_7_100_003/processed_full/4/m7_4_01.pgm,batches/members3_7_100_003/fixed_input/simple/4/m7_4_01.txt,batches/members3_7_100_003/fixed_input/full/4/m7_4_01.txt,1,3023,187,166,109,314,371,members3_7_100_003,353ab02cb3ef34318f49d013a66986b30068f66dceba2cc8b2b934140ed1168e,f934d340129aef372553e141e809442751b98c585e6b70cac06da4706d578899
m7_4_02,m7_4_02.png,4,m7,4,4/m7_4_02.png,batches/members3_7_100_003/processed_simple/4/m7_4_02.pgm,batches/members3_7_100_003/processed_full/4/m7_4_02.pgm,batches/members3_7_100_003/fixed_input/simple/4/m7_4_02.txt,batches/members3_7_100_003/fixed_input/full/4/m7_4_02.txt,1,3576,188,147,103,332,376,members3_7_100_003,4582e570001d670783f071119a1c49afc31cd842b09c73d15937dbeb3ff47d0e,f934d340129aef372553e141e809442751b98c585e6b70cac06da4706d578899
m7_4_03,m7_4_03.png,4,m7,4,4/m7_4_03.png,batches/members3_7_100_003/processed_simple/4/m7_4_03.pgm,batches/members3_7_100_003/processed_full/4/m7_4_03.pgm,batches/members3_7_100_003/fixed_input/simple/4/m7_4_03.txt,batches/members3_7_100_003/fixed_input/full/4/m7_4_03.txt,1,3781,187,150,83,329,396,members3_7_100_003,3bd1f9505e3a0c37edb129e4777b86376755b4ded74faddc3a40abd8ec524732,f934d340129aef372553e141e809442751b98c585e6b70cac06da4706d578899
m7_4_04,m7_4_04.png,4,m7,4,4/m7_4_04.png,batches/members3_7_100_003/processed_simple/4/m7_4_04.pgm,batches/members3_7_100_003/processed_full/4/m7_4_04.pgm,batches/members3_7_100_003/fixed_input/simple/4/m7_4_04.txt,batches/members3_7_100_003/fixed_input/full/4/m7_4_04.txt,1,3018,187,146,118,333,362,members3_7_100_003,30b7c252cbb795502d551eeae2a42ec8e5845791b59e2507cd64aa64370cc8f3,f934d340129aef372553e141e809442751b98c585e6b70cac06da4706d578899
m7_4_05,m7_4_05.png,4,m7,4,4/m7_4_05.png,batches/members3_7_100_003/processed_simple/4/m7_4_05.pgm,batches/members3_7_100_003/processed_full/4/m7_4_05.pgm,batches/members3_7_100_003/fixed_input/simple/4/m7_4_05.txt,batches/members3_7_100_003/fixed_input/full/4/m7_4_05.txt,1,3256,186,133,117,347,362,members3_7_100_003,9820d18a89ce4a63086eff2664d88fcb8e6ccc9d1961eb82b5ccbba4b36c2e2a,f934d340129aef372553e141e809442751b98c585e6b70cac06da4706d578899
m7_5_01,m7_5_01.png,5,m7,5,5/m7_5_01.png,batches/members3_7_100_003/processed_simple/5/m7_5_01.pgm,batches/members3_7_100_003/processed_full/5/m7_5_01.pgm,batches/members3_7_100_003/fixed_input/simple/5/m7_5_01.txt,batches/members3_7_100_003/fixed_input/full/5/m7_5_01.txt,1,4102,186,133,104,346,376,members3_7_100_003,9cb1e295bf23559ddc43ed0b30d5fcfbcb36658ad0130cdd213e7dabb2536234,f934d340129aef372553e141e809442751b98c585e6b70cac06da4706d578899
m7_5_02,m7_5_02.png,5,m7,5,5/m7_5_02.png,batches/members3_7_100_003/processed_simple/5/m7_5_02.pgm,batches/members3_7_100_003/processed_full/5/m7_5_02.pgm,batches/members3_7_100_003/fixed_input/simple/5/m7_5_02.txt,batches/members3_7_100_003/fixed_input/full/5/m7_5_02.txt,1,3839,187,113,121,366,358,members3_7_100_003,3b421025a8a156c08219f37bc146a1fadb44c36fdd8b17b6e5a80ee52371c48f,f934d340129aef372553e141e809442751b98c585e6b70cac06da4706d578899
m7_5_03,m7_5_03.png,5,m7,5,5/m7_5_03.png,batches/members3_7_100_003/processed_simple/5/m7_5_03.pgm,batches/members3_7_100_003/processed_full/5/m7_5_03.pgm,batches/members3_7_100_003/fixed_input/simple/5/m7_5_03.txt,batches/members3_7_100_003/fixed_input/full/5/m7_5_03.txt,1,3665,186,127,108,352,372,members3_7_100_003,16a0206193cf0d4b865fb30c0a898c13a51e6458c66060244f644416ca0f1200,f934d340129aef372553e141e809442751b98c585e6b70cac06da4706d578899
m7_5_04,m7_5_04.png,5,m7,5,5/m7_5_04.png,batches/members3_7_100_003/processed_simple/5/m7_5_04.pgm,batches/members3_7_100_003/processed_full/5/m7_5_04.pgm,batches/members3_7_100_003/fixed_input/simple/5/m7_5_04.txt,batches/members3_7_100_003/fixed_input/full/5/m7_5_04.txt,1,3326,187,132,101,347,379,members3_7_100_003,e71f40a6e17286340d0e1e33a5dc625e128f91a757a04d5d7edb8f7b6a6cf519,f934d340129aef372553e141e809442751b98c585e6b70cac06da4706d578899
m7_5_05,m7_5_05.png,5,m7,5,5/m7_5_05.png,batches/members3_7_100_003/processed_simple/5/m7_5_05.pgm,batches/members3_7_100_003/processed_full/5/m7_5_05.pgm,batches/members3_7_100_003/fixed_input/simple/5/m7_5_05.txt,batches/members3_7_100_003/fixed_input/full/5/m7_5_05.txt,1,3020,186,137,111,342,368,members3_7_100_003,7c56c25a009044c586e54c756d051c2bb874385c5c7e920bbef5f08aa2f75dfe,f934d340129aef372553e141e809442751b98c585e6b70cac06da4706d578899
m7_6_01,m7_6_01.png,6,m7,6,6/m7_6_01.png,batches/members3_7_100_003/processed_simple/6/m7_6_01.pgm,batches/members3_7_100_003/processed_full/6/m7_6_01.pgm,batches/members3_7_100_003/fixed_input/simple/6/m7_6_01.txt,batches/members3_7_100_003/fixed_input/full/6/m7_6_01.txt,1,3390,187,182,98,298,381,members3_7_100_003,f0d774f38f1d81f982705c07bbd2128ce04a8f6bbf9abf52062000ac0813791e,f934d340129aef372553e141e809442751b98c585e6b70cac06da4706d578899
m7_6_02,m7_6_02.png,6,m7,6,6/m7_6_02.png,batches/members3_7_100_003/processed_simple/6/m7_6_02.pgm,batches/members3_7_100_003/processed_full/6/m7_6_02.pgm,batches/members3_7_100_003/fixed_input/simple/6/m7_6_02.txt,batches/members3_7_100_003/fixed_input/full/6/m7_6_02.txt,1,2857,187,183,124,297,355,members3_7_100_003,f9ec3d51f02ade4979447430b0188e5ba64e97b2e6bd5f2d135567592bc4e190,f934d340129aef372553e141e809442751b98c585e6b70cac06da4706d578899
m7_6_03,m7_6_03.png,6,m7,6,6/m7_6_03.png,batches/members3_7_100_003/processed_simple/6/m7_6_03.pgm,batches/members3_7_100_003/processed_full/6/m7_6_03.pgm,batches/members3_7_100_003/fixed_input/simple/6/m7_6_03.txt,batches/members3_7_100_003/fixed_input/full/6/m7_6_03.txt,1,3931,187,168,77,311,402,members3_7_100_003,d8380fa6d102af8b9e5e94b7def15bcee02f1e43d72143ad8dc0fef8ac63d0b5,f934d340129aef372553e141e809442751b98c585e6b70cac06da4706d578899
m7_6_04,m7_6_04.png,6,m7,6,6/m7_6_04.png,batches/members3_7_100_003/processed_simple/6/m7_6_04.pgm,batches/members3_7_100_003/processed_full/6/m7_6_04.pgm,batches/members3_7_100_003/fixed_input/simple/6/m7_6_04.txt,batches/members3_7_100_003/fixed_input/full/6/m7_6_04.txt,1,3724,187,165,76,315,403,members3_7_100_003,1c81ae54fb3dc38d337d98ae84e77b2a5a9cf85fc2b030421c272062e8309580,f934d340129aef372553e141e809442751b98c585e6b70cac06da4706d578899
m7_6_05,m7_6_05.png,6,m7,6,6/m7_6_05.png,batches/members3_7_100_003/processed_simple/6/m7_6_05.pgm,batches/members3_7_100_003/processed_full/6/m7_6_05.pgm,batches/members3_7_100_003/fixed_input/simple/6/m7_6_05.txt,batches/members3_7_100_003/fixed_input/full/6/m7_6_05.txt,1,3014,187,177,110,302,369,members3_7_100_003,cfae763b2acc604d6ac344e86aa430c292922f87b2992d4cf744d5e84717ccc3,f934d340129aef372553e141e809442751b98c585e6b70cac06da4706d578899
m7_7_01,m7_7_01.png,7,m7,7,7/m7_7_01.png,batches/members3_7_100_003/processed_simple/7/m7_7_01.pgm,batches/members3_7_100_003/processed_full/7/m7_7_01.pgm,batches/members3_7_100_003/fixed_input/simple/7/m7_7_01.txt,batches/members3_7_100_003/fixed_input/full/7/m7_7_01.txt,1,1968,188,177,137,302,342,members3_7_100_003,23a848349fcb3bc04f6d4196a58aee48e4d9dc3bff5494cb3cb9fe5bf5c4df58,f934d340129aef372553e141e809442751b98c585e6b70cac06da4706d578899
m7_7_02,m7_7_02.png,7,m7,7,7/m7_7_02.png,batches/members3_7_100_003/processed_simple/7/m7_7_02.pgm,batches/members3_7_100_003/processed_full/7/m7_7_02.pgm,batches/members3_7_100_003/fixed_input/simple/7/m7_7_02.txt,batches/members3_7_100_003/fixed_input/full/7/m7_7_02.txt,1,2043,186,158,152,321,328,members3_7_100_003,2965a2b949cb0b5483d6ca6a86eb473f04f0003c863d28fb2ee81be6e4d140d4,f934d340129aef372553e141e809442751b98c585e6b70cac06da4706d578899
m7_7_03,m7_7_03.png,7,m7,7,7/m7_7_03.png,batches/members3_7_100_003/processed_simple/7/m7_7_03.pgm,batches/members3_7_100_003/processed_full/7/m7_7_03.pgm,batches/members3_7_100_003/fixed_input/simple/7/m7_7_03.txt,batches/members3_7_100_003/fixed_input/full/7/m7_7_03.txt,1,2142,186,158,140,321,340,members3_7_100_003,f1166f320aded7eb55f2f74ffacfd57c258f66bfb2a7bf3d4d5fded1f751b5cc,f934d340129aef372553e141e809442751b98c585e6b70cac06da4706d578899
m7_7_04,m7_7_04.png,7,m7,7,7/m7_7_04.png,batches/members3_7_100_003/processed_simple/7/m7_7_04.pgm,batches/members3_7_100_003/processed_full/7/m7_7_04.pgm,batches/members3_7_100_003/fixed_input/simple/7/m7_7_04.txt,batches/members3_7_100_003/fixed_input/full/7/m7_7_04.txt,1,2707,187,135,132,345,347,members3_7_100_003,6916072acd1697dfceed3e75465858c0f6e702dd0877349f4cfb6b538ba898f7,f934d340129aef372553e141e809442751b98c585e6b70cac06da4706d578899
m7_7_05,m7_7_05.png,7,m7,7,7/m7_7_05.png,batches/members3_7_100_003/processed_simple/7/m7_7_05.pgm,batches/members3_7_100_003/processed_full/7/m7_7_05.pgm,batches/members3_7_100_003/fixed_input/simple/7/m7_7_05.txt,batches/members3_7_100_003/fixed_input/full/7/m7_7_05.txt,1,2868,188,149,115,330,364,members3_7_100_003,a3aa6c9342ef1d13dd0f12e46ac9ce7d38311fc2e00a6fa9c31b165c26dddb12,f934d340129aef372553e141e809442751b98c585e6b70cac06da4706d578899
m7_8_01,m7_8_01.png,8,m7,8,8/m7_8_01.png,batches/members3_7_100_003/processed_simple/8/m7_8_01.pgm,batches/members3_7_100_003/processed_full/8/m7_8_01.pgm,batches/members3_7_100_003/fixed_input/simple/8/m7_8_01.txt,batches/members3_7_100_003/fixed_input/full/8/m7_8_01.txt,1,4740,188,151,107,328,373,members3_7_100_003,9fe138daec4eb89722d454ba6e1aae13e0285b48616875e56ff9799eef4dec5f,f934d340129aef372553e141e809442751b98c585e6b70cac06da4706d578899
m7_8_02,m7_8_02.png,8,m7,8,8/m7_8_02.png,batches/members3_7_100_003/processed_simple/8/m7_8_02.pgm,batches/members3_7_100_003/processed_full/8/m7_8_02.pgm,batches/members3_7_100_003/fixed_input/simple/8/m7_8_02.txt,batches/members3_7_100_003/fixed_input/full/8/m7_8_02.txt,1,3916,188,169,128,310,351,members3_7_100_003,b254562d2f447b7a2414cab4ba9bbc77d2da1b61c9858458903cb3a9ed233ab7,f934d340129aef372553e141e809442751b98c585e6b70cac06da4706d578899
m7_8_03,m7_8_03.png,8,m7,8,8/m7_8_03.png,batches/members3_7_100_003/processed_simple/8/m7_8_03.pgm,batches/members3_7_100_003/processed_full/8/m7_8_03.pgm,batches/members3_7_100_003/fixed_input/simple/8/m7_8_03.txt,batches/members3_7_100_003/fixed_input/full/8/m7_8_03.txt,1,3747,186,164,145,315,334,members3_7_100_003,eef178c74040b36675bbaf08caedb578558dbdad45efd13c108487e2fe635d6f,f934d340129aef372553e141e809442751b98c585e6b70cac06da4706d578899
m7_8_04,m7_8_04.png,8,m7,8,8/m7_8_04.png,batches/members3_7_100_003/processed_simple/8/m7_8_04.pgm,batches/members3_7_100_003/processed_full/8/m7_8_04.pgm,batches/members3_7_100_003/fixed_input/simple/8/m7_8_04.txt,batches/members3_7_100_003/fixed_input/full/8/m7_8_04.txt,1,4076,188,162,131,316,348,members3_7_100_003,e9f21ca52465b0f63fa1751568f050803c8e17494a6e402f6daf1282f6496cd5,f934d340129aef372553e141e809442751b98c585e6b70cac06da4706d578899
m7_8_05,m7_8_05.png,8,m7,8,8/m7_8_05.png,batches/members3_7_100_003/processed_simple/8/m7_8_05.pgm,batches/members3_7_100_003/processed_full/8/m7_8_05.pgm,batches/members3_7_100_003/fixed_input/simple/8/m7_8_05.txt,batches/members3_7_100_003/fixed_input/full/8/m7_8_05.txt,1,4148,187,163,131,317,348,members3_7_100_003,b652fd7767e83c41171777abfa61a3c10a8186204bdace2612c5236aa852e916,f934d340129aef372553e141e809442751b98c585e6b70cac06da4706d578899
m7_9_01,m7_9_01.png,9,m7,9,9/m7_9_01.png,batches/members3_7_100_003/processed_simple/9/m7_9_01.pgm,batches/members3_7_100_003/processed_full/9/m7_9_01.pgm,batches/members3_7_100_003/fixed_input/simple/9/m7_9_01.txt,batches/members3_7_100_003/fixed_input/full/9/m7_9_01.txt,1,2633,187,182,114,297,366,members3_7_100_003,08e0ed91b8fd99986d326f1ee31783a912ba17d5d9820c73c1cc913bfe221ea7,f934d340129aef372553e141e809442751b98c585e6b70cac06da4706d578899
m7_9_02,m7_9_02.png,9,m7,9,9/m7_9_02.png,batches/members3_7_100_003/processed_simple/9/m7_9_02.pgm,batches/members3_7_100_003/processed_full/9/m7_9_02.pgm,batches/members3_7_100_003/fixed_input/simple/9/m7_9_02.txt,batches/members3_7_100_003/fixed_input/full/9/m7_9_02.txt,1,3557,187,182,79,298,401,members3_7_100_003,19f735c2e6925530610c9ae0c3e26abaafbd8f63b3161314978d2a166f86b370,f934d340129aef372553e141e809442751b98c585e6b70cac06da4706d578899
m7_9_03,m7_9_03.png,9,m7,9,9/m7_9_03.png,batches/members3_7_100_003/processed_simple/9/m7_9_03.pgm,batches/members3_7_100_003/processed_full/9/m7_9_03.pgm,batches/members3_7_100_003/fixed_input/simple/9/m7_9_03.txt,batches/members3_7_100_003/fixed_input/full/9/m7_9_03.txt,1,3268,186,185,99,294,381,members3_7_100_003,d1b51374dd582b24fef6e964d139e9daa69fb623cd7e031659a2b0af958cfd4e,f934d340129aef372553e141e809442751b98c585e6b70cac06da4706d578899
m7_9_04,m7_9_04.png,9,m7,9,9/m7_9_04.png,batches/members3_7_100_003/processed_simple/9/m7_9_04.pgm,batches/members3_7_100_003/processed_full/9/m7_9_04.pgm,batches/members3_7_100_003/fixed_input/simple/9/m7_9_04.txt,batches/members3_7_100_003/fixed_input/full/9/m7_9_04.txt,1,3069,187,178,100,301,380,members3_7_100_003,6c356f04e8560320dbc943d8347a82a0ea3c27773babbff05f3c60e970d582f2,f934d340129aef372553e141e809442751b98c585e6b70cac06da4706d578899
m7_9_05,m7_9_05.png,9,m7,9,9/m7_9_05.png,batches/members3_7_100_003/processed_simple/9/m7_9_05.pgm,batches/members3_7_100_003/processed_full/9/m7_9_05.pgm,batches/members3_7_100_003/fixed_input/simple/9/m7_9_05.txt,batches/members3_7_100_003/fixed_input/full/9/m7_9_05.txt,1,2665,188,175,126,304,354,members3_7_100_003,1bc6148618c355d31cc6394b8b2428f80882c61ff7606b108346fdd510d5b4f8,f934d340129aef372553e141e809442751b98c585e6b70cac06da4706d578899
