index,label,pred,raw_logit0,raw_logit1,raw_logit2,raw_logit3,raw_logit4,raw_logit5,raw_logit6,raw_logit7,raw_logit8,raw_logit9
0,7,7,-171,-7,-9,22,-112,-150,-418,298,-148,15
1,2,2,64,71,288,-105,-224,-270,-125,-34,-31,-269
2,1,1,-77,247,-107,-245,72,-105,-107,-11,-117,-161
3,0,0,217,-126,-51,-143,-115,-57,7,-63,-150,-104
4,4,4,-105,-6,-95,-202,230,-88,-128,2,-118,-17
5,1,1,-93,294,-140,-278,73,-152,-159,-4,-124,-160
6,4,4,-218,76,-193,-249,281,-33,-163,19,-66,-68
7,9,9,-152,-69,-37,5,17,32,-207,-46,-44,161
8,5,5,-94,-189,-164,-112,-143,252,79,-120,-17,41
9,9,9,-71,-236,-124,-2,62,-119,-255,67,19,215
10,0,0,241,-124,-49,-129,-208,-43,-112,61,-195,-48
11,6,6,58,-207,-207,-133,-96,40,257,-157,25,-137
12,9,9,-140,-100,-112,-76,98,-59,-273,84,-46,186
13,0,0,141,-102,-144,-124,-158,-23,-119,99,-151,-38
14,1,1,-113,230,-111,-192,52,-78,-143,-46,-80,-85
15,5,5,-172,45,-155,88,-106,163,-115,42,-121,-57
16,9,9,-136,-129,-93,-46,54,-82,-269,134,-51,176
17,7,7,-172,-27,16,29,-185,-98,-436,317,-236,-5
18,3,3,-158,-62,-85,212,-111,21,-222,66,-68,22
19,4,4,-135,68,-76,-207,241,-88,-148,65,-171,-159
20,9,9,-150,-58,-90,-57,78,-97,-347,110,-140,159
21,6,6,-9,-149,-185,-150,-44,133,240,-176,-83,-135
22,6,6,22,-198,-245,-126,-35,76,242,-97,-73,-129
23,5,5,-96,-161,-182,-54,-157,286,43,-111,-64,3
24,4,4,-61,-19,-55,-162,168,-29,-70,8,-110,-21
25,0,0,204,-239,-111,-121,-98,-78,-17,3,-105,-32
26,7,7,-83,11,27,-24,-57,-144,-253,192,-103,7
27,4,4,-160,11,-44,-230,350,-108,-217,-21,-132,-58
28,0,0,212,-78,-11,-63,-185,-69,-163,40,-168,-125
29,1,1,-150,205,-77,-152,70,-91,-193,9,-64,-52
30,3,3,-226,-77,-114,327,-201,18,-344,91,-139,15
31,1,1,-152,183,-73,-194,97,-85,-191,-8,-66,0
32,3,3,-339,69,-112,363,-217,35,-292,61,-70,-89
33,4,4,47,-13,11,-289,206,-145,-41,-37,-128,-221
34,7,7,-154,-2,36,18,-171,-251,-503,349,-107,-13
35,2,2,-47,56,317,-19,-224,-263,-268,97,-77,-170
36,7,7,-164,24,95,61,-187,-171,-403,255,-125,-30
37,1,1,-138,233,-94,-237,96,-87,-182,-32,-67,-40
38,2,2,36,4,294,-35,-230,-248,-145,20,-53,-179
39,1,1,-48,265,-166,-279,50,-85,-105,-73,-94,-149
40,1,1,-50,130,-52,-149,26,-53,-85,-1,-53,-48
41,7,7,-103,80,131,-20,-86,-173,-291,216,-161,-108
42,4,4,-206,128,-237,-315,292,-64,-153,24,-186,-130
43,2,2,-69,105,257,-172,32,-181,-40,-52,-60,-395
44,3,3,-212,-17,-31,235,-134,9,-214,93,-154,-86
45,5,5,-46,-84,-197,-47,-219,246,-37,18,-95,-56
46,1,1,-177,220,-80,-64,-7,-55,-210,-11,-31,-67
47,2,2,-2,12,208,-51,-42,-135,-71,-2,-93,-192
48,4,4,-250,53,-179,-233,366,-64,-245,-25,-81,-50
49,4,4,-97,-47,-97,-212,241,-67,-83,74,-216,-108
50,6,6,16,-81,-256,-134,25,77,222,-212,-108,-164
51,3,3,-243,2,-48,369,-231,-73,-415,145,-145,-51
52,5,5,-65,-168,-219,-71,-134,267,79,-114,-50,-25
53,5,5,-121,-31,-226,42,-81,179,-82,48,-143,16
54,6,6,25,-225,-272,-177,-98,96,288,-132,1,-138
55,0,0,124,63,-103,-285,-145,-47,-151,100,-211,-134
56,4,4,-183,57,-112,-281,362,-122,-188,53,-183,-200
57,1,1,-73,231,-97,-232,63,-132,-137,2,-94,-110
58,9,9,-146,-134,-38,-44,139,-80,-277,88,-93,179
59,5,5,-83,-57,-251,-65,-50,164,-32,53,-47,-17
60,7,7,-188,4,-30,30,-166,-50,-316,292,-215,-27
61,8,9,-28,-219,34,66,-78,-92,-149,-52,92,98
62,9,9,-69,-105,-94,-66,-50,77,-83,13,0,80
63,3,3,-202,4,89,178,-130,-146,-366,159,-91,-47
64,7,7,-189,-5,89,47,-49,-242,-432,362,-143,-83
65,4,4,-151,45,-56,-124,165,-39,-175,-7,-101,13
66,6,6,52,-185,-230,-98,-23,50,212,-122,-101,-81
67,4,4,-154,-72,-90,-118,226,-20,-89,6,-96,-36
68,3,3,-331,-2,-50,426,-233,-88,-422,109,-55,-34
69,0,0,193,-118,-48,-163,-98,-27,-67,-21,-229,38
70,7,7,-151,-75,-54,40,-137,-48,-351,276,-207,34
71,0,0,317,-209,-66,-126,-226,-79,-32,-50,-169,-53
72,2,2,3,32,250,-17,-161,-194,-346,150,-200,-128
73,9,9,-87,-66,-46,-55,1,-167,-351,87,-3,157
74,1,1,-83,255,-116,-281,93,-61,-117,-76,-94,-112
75,7,7,-192,-16,-13,33,-12,-101,-250,259,-106,-30
76,3,3,-294,19,-100,292,-113,-4,-289,71,-101,-2
77,2,2,-14,28,158,10,-130,-167,-238,94,-107,-68
78,9,9,-114,-20,-94,-86,79,-113,-251,34,-45,152
79,7,7,-19,-58,-3,-49,-37,-214,-333,261,-72,-17
80,7,7,-73,44,-123,-208,-40,-50,-213,211,-146,-5
81,6,6,-65,-105,-256,-91,-56,111,228,-163,-81,-119
82,2,2,-69,107,396,-25,-198,-267,-301,103,-164,-311
83,7,7,-121,38,-77,-119,-14,-144,-291,285,-135,-25
84,8,8,-64,-186,-234,48,-37,54,-36,-44,177,22
85,4,4,-256,80,-261,-256,342,-32,-164,67,-188,-205
86,7,7,-145,16,-32,9,-72,-185,-379,258,-99,30
87,3,3,-290,76,-3,216,-101,-61,-288,200,-203,-147
88,6,6,17,-160,-176,-116,-45,63,283,-176,-70,-209
89,1,1,-105,265,-158,-214,56,-94,-104,-30,-123,-192
90,3,3,-207,-42,-129,320,-201,3,-336,8,-32,49
91,6,6,-14,-170,-209,-98,-49,110,302,-237,-59,-192
92,9,9,-108,-43,-109,-38,73,-82,-202,37,-28,112
93,3,3,-251,-67,-145,338,-153,37,-349,49,-122,18
94,1,1,-121,267,-136,-223,73,-44,-111,-123,-37,-130
95,4,4,-63,-71,-200,-238,235,-58,-38,-23,-123,-69
96,1,1,-145,155,-62,-99,38,-64,-203,2,-40,12
97,7,7,-157,-9,79,-29,-50,-202,-266,293,-31,-156
98,6,6,81,-109,-130,-204,-85,70,183,-163,-71,-76
99,9,9,-136,-187,-40,2,70,-91,-300,74,-66,231
100,6,6,26,-135,-128,-99,-42,37,216,-147,-8,-132
101,0,0,193,-117,-170,-111,-238,67,10,-8,-117,-103
102,5,5,-161,-46,-190,66,-237,296,-178,-24,-115,35
103,4,4,-159,3,-23,-165,314,-103,-166,35,-163,-177
104,9,9,-65,-148,-112,-74,-32,75,-129,23,-105,154
105,9,9,-166,-161,-35,4,34,-8,-271,27,-15,196
106,2,2,51,-23,363,-97,-181,-279,-266,93,-115,-180
107,1,1,-51,289,-141,-355,78,-152,-81,-55,-105,-228
108,9,9,-161,-110,-85,-67,46,-12,-277,42,-37,218
109,4,4,-45,-23,-76,-240,247,-83,-60,-8,-158,-82
110,8,8,-82,-129,-111,-8,-76,-32,-117,-129,244,37
111,7,7,-86,78,-6,-44,-129,-214,-366,192,-47,20
112,3,3,-268,6,-98,338,-166,-23,-303,91,-129,-43
113,9,9,-140,-145,-65,8,23,-68,-291,15,10,235
114,7,7,-164,12,102,68,-95,-148,-291,235,-129,-83
115,4,4,-88,-4,-120,-193,136,-45,-52,-20,-114,22
116,4,4,-221,78,-182,-169,255,-31,-144,-60,-67,-12
117,4,4,-202,25,-40,-144,302,-133,-195,79,-180,-185
118,9,9,-71,-90,-69,-90,52,-70,-182,51,-36,151
119,2,2,-34,34,232,-43,-153,-252,-231,135,-62,-143
120,5,5,-204,-110,-234,97,-255,338,-152,-73,-77,56
121,4,4,-62,-50,-206,-211,187,-85,51,-69,-57,-148
122,7,7,-160,33,36,-7,-123,-118,-328,262,-146,-29
123,6,6,5,-140,-236,-122,-13,85,288,-211,-73,-177
124,7,7,-262,67,-160,-148,110,-81,-245,285,-204,-97
125,9,9,-117,-74,-43,-52,58,-34,-192,-28,-29,182
126,0,0,213,-162,-91,-84,-145,-60,-34,-8,-176,16
127,5,5,-190,-118,-242,6,-167,347,-41,-131,-14,34
128,8,8,-90,-189,-24,36,-201,-1,-150,-43,296,43
129,5,5,-145,-140,-240,14,-181,325,-59,-105,-92,63
130,6,6,-11,-257,-273,-69,-57,126,324,-231,-67,-128
131,6,6,72,-295,-223,-161,-91,77,380,-307,2,-154
132,5,5,-181,-21,-299,120,-237,311,-82,-89,-125,-14
133,7,7,-211,20,104,81,-79,-287,-501,380,-190,-73
134,8,8,-152,-58,-71,60,-140,-60,-244,-67,229,86
135,1,1,-75,282,-139,-274,73,-92,-123,-62,-95,-156
136,0,0,173,-37,-61,-176,-191,-7,-84,73,-157,-106
137,1,1,-67,313,-112,-372,111,-167,-144,-52,-148,-201
138,6,6,48,-176,-234,-92,-30,58,277,-182,-114,-184
139,4,4,-96,-36,-163,-151,183,-159,-129,2,-51,-8
140,6,6,50,-47,-127,-171,-7,11,204,-204,-42,-180
141,7,7,-188,0,-44,18,-94,-86,-330,245,-121,36
142,3,3,-159,-39,45,245,-239,-118,-295,61,-14,-4
143,1,1,-52,260,-92,-310,71,-99,-111,-29,-128,-160
144,7,7,-171,31,100,30,-11,-208,-347,281,-164,-79
145,1,1,-123,199,-92,-217,120,-64,-141,-48,-63,-52
146,8,8,-48,-214,-95,86,-137,-73,-102,-92,273,62
147,2,2,-56,42,359,-27,-127,-262,-206,21,-71,-255
148,0,0,220,-87,-41,-155,-192,-34,-36,-19,-154,-111
149,2,2,-30,-25,136,-14,-87,-37,-64,15,-5,-88
150,9,9,-195,-145,-61,-32,31,17,-245,21,-6,199
151,9,9,-32,-260,-26,33,-31,-51,-198,-57,55,212
152,5,5,-90,-135,-179,-205,-119,255,6,-48,1,19
153,5,5,-78,-41,-167,4,-156,222,-36,-63,-58,-4
154,1,1,-143,192,-89,-224,93,-80,-169,-1,-110,-15
155,5,5,-252,-148,-279,67,-108,367,-47,-107,-88,36
156,6,6,10,-109,-106,-152,-9,54,205,-103,-102,-207
157,0,0,143,-46,-65,-163,-155,8,-114,97,-215,-63
158,3,3,-9,28,23,89,-190,23,-180,46,-212,-105
159,4,4,-92,5,-50,-159,183,-34,-63,-39,-102,-33
160,4,4,-131,139,-205,-291,206,-8,-66,-67,-84,-149
161,6,6,12,-192,-210,-45,-8,84,271,-219,-109,-177
162,5,5,-134,-95,-280,-31,-240,390,-79,-100,-115,25
163,4,4,-183,-9,-111,-227,291,-73,-137,113,-203,-150
164,6,6,-5,-89,-166,-138,-5,45,225,-134,-90,-206
165,5,5,-185,-43,-307,70,-180,332,-136,34,-217,13
166,4,4,-67,8,-105,-318,245,-74,-84,-19,-154,-40
167,5,5,-64,-93,-102,70,-85,101,3,4,-127,-106
168,1,1,-97,245,-94,-215,76,-73,-127,-65,-59,-107
169,4,4,-129,60,-79,-265,267,-94,-176,69,-201,-128
170,4,4,-149,41,-58,-200,291,-63,-165,-43,-90,-75
171,7,7,-83,-25,89,25,-127,-247,-389,217,-39,-4
172,2,2,-146,113,269,124,-380,-250,-402,147,-44,-209
173,3,3,-193,32,-86,255,-193,23,-273,87,-104,-58
174,2,2,-32,21,310,-41,-173,-219,-188,63,-33,-183
175,7,7,-48,20,-3,-11,-70,-105,-195,99,-16,30
176,1,1,-36,172,-74,-192,53,-60,-69,-32,-70,-96
177,8,8,19,-107,-95,-70,-74,-69,-30,-59,130,-16
178,1,1,-106,252,-120,-248,94,-100,-137,-40,-99,-110
179,8,8,-101,-39,125,46,-216,-138,-160,-25,210,-55
180,1,1,-113,219,-115,-245,98,-91,-141,-28,-103,-60
181,8,8,-98,-115,26,12,-294,-10,-30,-97,247,-62
182,5,5,-104,-84,-262,-21,-146,253,44,-143,-3,-32
183,0,0,270,-200,-25,-167,-172,-115,-19,-24,-164,-22
184,8,3,-18,-113,54,127,-165,-136,-133,-8,116,-72
185,9,9,-120,-152,-130,-94,98,-50,-104,-21,-52,205
186,2,2,-5,4,395,73,-408,-436,-309,85,0,-235
187,5,5,-174,-82,-179,91,-189,273,-108,-48,-74,16
188,0,0,205,-90,-143,-229,-269,41,-76,94,-126,-160
189,1,1,-114,157,-98,-126,73,-29,-115,-61,-30,-41
190,1,1,-69,278,-100,-272,50,-185,-191,-3,-130,-157
191,1,1,-149,190,-73,-125,48,-55,-185,-12,-41,-38
192,0,0,203,-5,41,-263,-41,-244,-101,-14,-177,-168
193,9,7,-94,-86,1,-32,-31,-37,-185,95,5,81
194,0,0,152,-51,-36,-160,-195,-22,-171,147,-188,-98
195,3,3,-169,40,42,116,-55,-29,-136,50,-27,-82
196,1,1,-41,283,-113,-300,46,-60,-93,-101,-99,-190
197,6,6,19,-207,-271,-173,-5,114,339,-308,-53,-183
198,4,4,-155,61,-145,-252,289,-75,-174,-13,-103,-56
199,2,2,-125,81,322,120,-292,-351,-339,134,-52,-232
200,3,3,-99,-37,40,280,-196,-103,-292,72,-90,-113
201,6,6,53,-198,-250,-140,-38,42,312,-187,-125,-155
202,1,1,-96,306,-85,-301,71,-202,-164,4,-107,-191
203,1,1,-105,166,-93,-190,86,-55,-115,-27,-60,-31
204,1,1,-80,254,-114,-222,62,-116,-116,-7,-108,-163
205,3,3,-270,28,-76,277,-168,10,-275,91,-126,-32
206,9,9,-130,-143,-100,-65,-17,43,-215,-16,42,198
207,5,5,-103,-21,-193,62,-164,196,-119,55,-114,-32
208,2,2,-57,95,394,-74,-172,-222,-201,64,-134,-332
209,9,9,-247,-88,-130,-56,164,-10,-328,43,-112,211
210,4,4,-155,48,-123,-239,208,-134,-194,156,-158,-88
211,5,5,-50,-109,-234,-4,-92,181,-26,-27,-4,15
212,9,9,-140,-129,-119,-18,20,8,-253,99,-109,186
213,3,3,-236,-45,-53,258,-166,-55,-342,127,-74,19
214,9,9,-161,-47,-67,-68,101,-101,-315,26,18,182
215,0,0,199,-93,-72,-159,-211,-71,-97,45,-122,-88
216,3,3,-333,22,-42,383,-259,-72,-470,159,-167,-35
217,6,6,48,-147,-192,-248,-105,143,220,-214,-6,-163
218,5,5,-115,-97,-284,-56,-78,235,-75,37,-57,2
219,5,5,-20,-109,-233,-35,-158,215,-42,8,-124,-9
220,7,7,-93,3,-56,-130,-48,-125,-288,272,-143,11
221,2,2,31,-23,291,-45,-185,-129,-200,58,-123,-173
222,2,2,49,2,315,-60,-137,-258,-208,51,-110,-213
223,7,7,-118,-13,62,14,-106,-228,-442,285,-138,16
224,1,1,-63,199,-53,-219,70,-123,-94,0,-82,-146
225,2,2,-109,-24,239,115,-316,-243,-352,130,20,-87
226,8,8,-101,2,-137,-8,-79,16,-41,-102,191,-91
227,4,4,-82,22,-31,-176,205,-53,-95,-26,-123,-45
228,1,1,-75,277,-92,-306,94,-149,-128,-20,-122,-176
229,7,7,-114,31,39,11,-99,-150,-335,207,-117,3
230,3,3,-106,-48,-49,198,-141,40,-120,10,-161,-84
231,3,3,-233,22,-114,246,-113,-53,-309,59,-38,33
232,8,5,-114,-93,2,-69,-272,164,1,-88,149,-73
233,8,8,-73,-154,-41,100,-107,-145,-294,93,128,106
234,7,7,-160,55,32,33,-137,-176,-417,244,-106,-5
235,9,9,-52,-122,-41,-25,2,-43,-205,98,-73,118
236,2,2,-37,35,294,-9,-200,-214,-244,119,-128,-183
237,2,2,-17,97,294,-90,-79,-232,-170,34,-133,-271
238,4,4,-159,-4,-99,-235,316,-76,-158,71,-220,-130
239,1,1,-123,212,-99,-233,101,-80,-146,-31,-84,-47
240,5,5,-212,-34,-239,53,-125,297,-76,-74,-123,35
241,9,9,-73,-108,-61,22,-44,24,-216,7,-54,140
242,8,8,47,-214,-117,-182,-86,-90,-15,-101,176,-17
243,7,7,-239,3,62,24,-56,-129,-342,314,-121,-91
244,2,2,-36,38,199,-76,-78,-175,-149,111,-69,-161
245,3,3,-79,6,68,146,-113,-68,-205,88,-178,-111
246,0,0,247,-165,-140,-106,-207,-15,-10,0,-188,-10
247,4,4,-1,62,151,-349,188,-185,-14,-77,-158,-349
248,4,4,-141,3,-201,-279,306,-96,-161,68,-210,-121
249,2,2,-47,55,240,-6,-161,-228,-195,93,-82,-175
250,4,4,-176,42,-71,-219,284,-99,-262,-24,-113,18
251,1,1,-62,161,-71,-173,82,-56,-86,-49,-42,-70
252,9,9,-165,-94,-105,-78,85,-22,-281,5,-77,246
253,5,5,-123,-61,-168,5,-145,252,-70,-21,-101,11
254,7,7,-193,40,67,62,-171,-189,-461,281,-157,-2
255,7,7,-165,68,88,-28,-148,-192,-416,274,-118,-25
256,2,2,-89,113,281,27,-232,-338,-300,157,-71,-217
257,8,8,21,7,-74,-96,-113,-60,26,-137,77,-138
258,2,2,-49,52,292,42,-156,-182,-256,91,-223,-241
259,6,6,60,-147,-293,-94,-108,125,126,-23,-52,-122
260,8,8,-80,-93,86,56,-169,-109,-157,6,177,-26
261,5,5,-145,-37,-253,-47,-158,274,-107,-43,-43,21
262,7,7,-198,10,-34,-17,-93,-115,-345,273,-126,37
263,7,7,-154,64,39,-35,-103,-179,-384,274,-136,-9
264,9,9,-205,12,-72,-73,99,-56,-285,-27,16,167
265,1,1,-127,244,-115,-179,42,-88,-158,-28,-52,-98
266,8,0,146,-211,-102,-47,-171,-49,-38,-39,67,-47
267,1,1,-133,237,-148,-259,114,-65,-143,-63,-113,-70
268,8,2,-114,-71,102,44,-213,28,-138,19,98,-69
269,0,0,202,-149,-59,-135,-131,-32,-19,-1,-188,-15
270,3,3,-284,9,-236,339,-164,99,-233,23,-64,-28
271,0,0,203,-83,-84,-153,-148,-23,-77,22,-246,-55
272,1,1,-127,223,-114,-241,95,-78,-152,-27,-78,-50
273,9,9,-172,-168,-62,73,-50,-102,-369,86,57,212
274,9,9,-166,-126,-50,150,-79,-107,-355,93,-54,179
275,4,4,-178,29,-156,-257,290,-82,-189,-8,-129,21
276,1,1,-63,287,-122,-316,91,-115,-127,-48,-134,-166
277,8,8,-28,-152,-25,11,-139,-68,-70,-4,199,2
278,2,2,-21,13,345,-127,-218,-240,-176,105,-49,-213
279,1,1,-126,196,-90,-226,108,-90,-149,-14,-89,-41
280,2,2,-4,10,270,61,-241,-340,-221,40,0,-205
281,9,9,-93,-196,-144,-35,91,-89,-188,-31,-8,250
282,7,7,-154,94,59,64,-121,-188,-327,198,-83,-59
283,5,5,-97,-91,-227,-49,-111,245,-25,-45,-24,17
284,9,9,-56,-122,-76,-67,26,-21,-203,74,-124,155
285,2,2,-26,45,308,-43,-179,-167,-136,51,-123,-244
286,6,6,-47,-89,-209,-149,-63,137,244,-270,-10,-188
287,4,4,-169,-61,-73,-76,235,-94,-185,98,-114,-40
288,1,1,-56,253,-221,-319,78,-44,-56,-84,-116,-175
289,5,5,-161,37,-147,33,-80,199,-91,-29,-116,-18
290,8,8,-102,-142,-200,-83,8,98,4,-109,121,59
291,2,2,-79,111,283,61,-261,-292,-246,50,-18,-233
292,9,9,-6,-93,-73,-97,28,-37,-174,37,-85,123
293,2,2,-52,14,255,56,-143,-161,-219,54,-116,-171
294,0,0,159,-28,-92,-151,-222,31,-87,77,-142,-130
295,4,4,-174,25,-71,-231,307,-120,-236,65,-158,-67
296,0,0,275,-162,-33,-150,-132,-111,-52,-65,-193,-38
297,0,0,170,-133,-134,-174,-136,20,-39,62,-195,-8
298,2,2,-80,37,288,128,-217,-295,-295,82,-62,-187
299,8,8,-103,-83,-91,-7,-151,-9,-191,-49,205,90
300,4,4,-15,36,36,-191,176,-147,-37,-38,-134,-192
301,7,7,-212,22,112,54,-53,-199,-328,314,-161,-115
302,1,1,-109,216,-101,-199,87,-62,-117,-66,-43,-78
303,2,2,-18,-19,214,-19,-171,-124,-121,51,-40,-121
304,4,4,-188,66,-100,-240,330,-134,-214,94,-170,-151
305,0,0,193,-119,-122,-144,-236,19,-27,69,-142,-59
306,2,2,-22,60,347,-32,-206,-320,-229,67,-61,-225
307,7,7,-264,75,66,119,-118,-194,-406,272,-121,-71
308,4,4,-184,182,-274,-287,289,-84,-144,49,-134,-282
309,3,3,-213,57,-106,268,-138,23,-175,39,-118,-106
310,3,3,-294,47,-49,294,-125,-64,-330,106,-122,-27
311,0,0,279,-212,-122,-99,-171,-31,-40,-35,-174,-25
312,0,0,256,-193,-53,-149,-180,-88,-84,-4,-148,-48
313,3,3,-319,111,-134,264,-82,47,-176,90,-175,-232
314,1,1,-142,234,-156,-231,105,-48,-138,-67,-82,-71
315,9,9,-122,-215,-67,53,-26,-45,-281,62,-31,214
316,6,6,7,-80,-205,-202,-1,103,199,-197,-85,-128
317,5,5,-213,-57,-283,115,-126,271,-78,31,-88,-62
318,2,2,15,-50,258,61,-191,-165,-235,90,-160,-193
319,5,5,-164,-79,-240,11,-94,287,-19,1,-163,-40
320,9,9,-107,68,-111,-88,-35,-39,-231,21,-4,109
321,2,7,-77,59,127,34,-272,-251,-338,173,1,-74
322,9,9,-192,-62,-120,-33,72,-4,-287,-16,-32,230
323,3,3,-265,-24,-111,354,-187,-16,-320,54,-48,2
324,0,0,77,-14,-129,-121,-103,24,-1,8,-78,-94
325,4,4,-109,-1,-212,-209,228,-113,-56,-70,-69,-51
326,2,2,-1,146,163,-283,17,-99,27,-176,-88,-341
327,0,0,188,-151,-68,-159,-72,-177,-135,9,-147,-10
328,7,7,-141,43,24,32,-60,-136,-258,211,-82,-51
329,1,1,-113,243,-136,-244,107,-85,-127,-54,-115,-109
330,1,1,-126,225,-138,-245,110,-67,-127,-42,-113,-79
331,2,2,-44,72,223,-32,-238,-229,-216,105,-25,-182
332,1,1,-102,252,-122,-256,88,-112,-143,-33,-120,-99
333,5,5,-113,-68,-135,-23,-211,235,-124,-60,-24,47
334,3,3,-256,13,-52,320,-193,-75,-386,86,-86,8
335,3,3,-206,55,-11,233,-168,-121,-305,73,-40,-15
336,9,9,-103,-116,-31,-88,127,-35,-251,49,-83,165
337,7,7,-123,-27,41,54,-195,-106,-409,222,-181,30
338,8,7,-31,-112,-17,59,-125,-78,-204,93,91,-50
339,6,6,-15,-124,-96,-123,-97,101,203,-231,-10,-88
340,5,5,-105,-21,-200,65,-55,140,17,-110,-199,-114
341,6,6,-2,-39,-140,-72,-9,46,91,-27,-92,-87
342,1,1,-82,239,-133,-259,81,-74,-112,-50,-90,-104
343,3,3,-272,41,-177,357,-188,74,-260,45,-126,-69
344,8,8,-87,-81,-116,41,-127,86,29,-94,137,-108
345,1,1,-139,225,-141,-233,110,-102,-181,-42,-89,-36
346,0,0,190,-15,-53,-217,-145,-95,-117,26,-164,-135
347,5,5,-150,-182,-247,4,-161,293,29,-168,29,35
348,1,1,-54,253,-135,-279,84,-64,-61,-81,-109,-194
349,3,3,-268,-15,-7,273,-224,-107,-409,74,-1,67
350,1,1,-189,228,-111,-160,91,-79,-224,-37,-60,-33
351,5,5,-167,-98,-224,36,-209,334,-102,-64,-96,35
352,5,5,-48,-66,-280,89,-168,166,-98,99,-145,-80
353,6,6,113,-302,-236,-124,-39,42,336,-258,-74,-128
354,1,1,-121,309,-84,-306,99,-196,-157,-17,-82,-207
355,8,8,-33,-47,-228,-187,-112,74,18,-78,112,-45
356,5,5,-144,-152,-267,12,-186,342,-71,-28,-137,21
357,1,1,-95,144,-79,-152,69,-62,-107,-6,-67,-34
358,7,7,-175,96,-76,-48,14,-96,-239,135,-62,13
359,9,4,-139,5,-95,-108,137,-107,-259,43,14,65
360,4,4,-173,-25,-45,-105,227,-115,-165,149,-144,-155
361,6,6,20,-195,-201,-127,-67,86,313,-197,-72,-204
362,2,2,-56,-23,181,68,-262,-247,-373,169,-36,-37
363,2,2,-3,96,258,-134,-137,-168,-78,-8,-115,-264
364,5,5,-136,-97,-163,7,-213,302,-83,-63,-75,17
365,0,0,132,12,-90,-208,-136,-67,-110,53,-163,-83
366,6,6,100,-185,-131,-113,1,-4,170,-145,-88,-88
367,5,5,-119,-52,-79,-40,-125,203,-102,33,-87,-10
368,6,6,0,-98,-157,-164,-28,95,220,-201,-45,-139
369,3,3,-221,-25,-97,255,-181,30,-336,93,-80,11
370,7,7,-173,29,99,32,-195,-210,-481,318,-154,-24
371,2,2,21,76,349,-64,-176,-311,-225,75,-174,-276
372,0,0,169,-110,-153,-83,-186,35,-14,44,-154,-59
373,8,8,-13,-115,25,-23,-167,-86,-86,-23,199,-27
374,8,8,-87,-104,79,77,-170,-105,-142,-21,196,-6
375,5,5,-120,-126,-194,-84,-171,318,19,-140,-31,14
376,4,4,-150,39,-57,-198,227,-98,-230,27,-141,24
377,1,1,-66,218,-101,-251,62,-87,-115,-15,-103,-105
378,1,1,-79,203,-98,-209,62,-85,-95,-41,-67,-88
379,4,4,-161,69,-81,-274,338,-123,-227,3,-148,-102
380,0,0,163,-92,-121,-77,-120,-61,-8,12,-151,-28
381,3,3,-112,10,14,208,-216,-48,-278,88,-124,-37
382,3,3,-328,36,-72,389,-226,-28,-361,106,-110,-65
383,7,7,-139,4,23,22,-183,-90,-375,211,-111,18
384,6,6,11,-176,-218,-90,-78,86,301,-223,-117,-158
385,1,1,-50,210,-102,-227,58,-91,-84,-31,-79,-121
386,6,6,77,-126,-203,-158,-105,130,169,-97,-138,-157
387,2,2,-45,81,239,-38,-183,-127,-179,55,-121,-163
388,1,1,-94,297,-78,-311,74,-173,-146,-9,-101,-186
389,9,9,-178,-44,-167,-120,94,-24,-277,85,-57,170
390,2,2,38,-2,288,-33,-123,-199,-247,68,-211,-154
391,8,8,0,-109,49,-30,-105,-80,-60,-31,159,-64
392,6,6,0,-175,-170,-128,-22,81,309,-228,-60,-184
393,1,1,-80,221,-112,-270,83,-76,-114,-34,-124,-96
394,9,9,-102,-78,-46,-57,51,-82,-246,80,-42,162
395,5,5,-169,-67,-237,74,-196,317,-103,-35,-121,17
396,2,2,-4,53,369,-142,-21,-330,-189,76,-181,-385
397,5,5,-164,-1,-222,89,-163,239,-72,-82,-95,3
398,4,4,-119,92,-80,-271,266,-114,-148,65,-161,-217
399,4,4,-103,-46,-84,-199,279,-58,-84,-11,-186,-107
400,2,2,39,-43,189,-31,-42,-247,-288,112,-163,-105
401,8,8,-121,-21,48,57,-205,-88,-188,16,154,-6
402,3,3,-219,43,-3,277,-184,-18,-284,115,-125,-93
403,8,8,-64,-29,31,-17,-103,-15,-133,45,55,-14
404,2,2,-77,55,221,14,-224,-259,-280,166,-34,-140
405,4,4,-155,-116,-66,-185,299,-38,-192,38,-171,63
406,5,5,-29,-202,-334,-25,-139,217,-89,69,-197,59
407,0,0,193,-97,-152,-92,-174,-19,-96,35,-161,-56
408,3,3,-69,-20,-34,267,-254,-66,-248,13,-90,-80
409,1,1,-133,191,-201,-233,63,1,-117,-76,-42,-20
410,7,7,-159,19,-32,-57,-70,-150,-313,278,-120,23
411,7,7,-74,79,38,-14,-150,-187,-311,166,-44,-11
412,5,3,-247,-76,-348,287,-227,258,-275,22,-99,17
413,7,7,-137,-50,-44,-47,-46,-159,-365,327,-162,42
414,9,9,-147,-58,-73,-43,30,-22,-249,16,-20,189
415,7,7,-127,12,-68,-141,3,-106,-268,287,-154,-7
416,1,1,-62,291,-132,-308,81,-77,-93,-70,-129,-194
417,9,4,-163,13,-106,-79,109,-96,-273,105,-58,95
418,2,2,-12,26,343,-77,-131,-269,-209,121,-137,-282
419,1,1,-127,198,-103,-225,113,-74,-134,-28,-82,-55
420,4,4,-36,-71,-38,-78,130,-133,-119,13,-19,18
421,2,2,-2,-12,224,-34,-174,-208,-258,132,-66,-94
422,9,9,-184,-80,-59,5,70,-123,-350,110,15,168
423,2,2,-42,85,290,-18,-162,-198,-277,128,-218,-215
424,0,0,221,-120,-82,-129,-189,-35,-80,69,-207,-46
425,4,4,-110,63,-72,-364,318,-67,-41,-8,-236,-320
426,9,9,-112,-100,-87,-53,72,-96,-290,74,-31,178
427,1,1,-115,201,-96,-208,96,-76,-137,-35,-56,-48
428,4,4,-81,73,-106,-239,253,-86,-102,18,-111,-182
429,8,8,-95,-166,3,18,-140,-17,-148,2,226,44
430,1,1,-41,273,-131,-297,67,-81,-77,-67,-118,-191
431,8,2,-76,-65,130,-37,-226,-17,-116,41,112,-65
432,4,4,-106,-11,5,-194,185,15,-33,-62,-105,-140
433,5,5,-152,-91,-286,35,-60,249,-10,19,-35,-83
434,9,9,-152,-91,-39,53,15,-86,-310,78,-44,152
435,8,8,-79,-92,-60,-5,-135,-36,-195,-7,129,124
436,8,8,-3,-75,-48,-46,-98,-98,-112,9,129,2
437,3,3,-297,-30,-200,452,-207,42,-281,7,-16,-55
438,7,7,-70,1,15,-42,-68,-144,-318,205,-129,34
439,6,6,45,-98,-217,-181,-43,114,197,-161,-106,-132
440,0,0,238,-183,-200,-99,-232,6,-64,70,-141,-95
441,0,0,205,-72,-76,-194,-95,-90,-41,-38,-159,-111
442,3,3,-351,7,-152,354,-179,77,-298,115,-211,-67
443,0,0,107,-3,-60,-140,-125,-9,-22,-4,-81,-88
444,2,2,-166,33,262,137,-354,-289,-371,168,50,-158
445,6,0,117,-183,-116,-97,-6,-9,78,-64,-125,-36
446,6,6,12,-244,-232,-55,-134,136,238,-220,21,-80
447,4,4,-81,-1,-117,-227,203,-124,-171,12,-200,22
448,9,9,-117,-153,-147,78,-4,3,-276,-11,-24,178
449,3,3,-175,-1,-212,213,-221,207,-173,24,-146,-77
450,3,3,-286,-15,-234,251,-96,165,-254,-24,-124,9
451,3,3,-314,-32,-7,396,-241,-79,-464,145,-99,-31
452,2,2,-61,107,290,-55,-191,-214,-185,58,-68,-211
453,3,3,-190,-4,-89,348,-201,-77,-287,48,-66,-21
454,9,9,-116,-139,-54,-53,93,-49,-262,76,-93,190
455,1,1,-82,306,-106,-281,66,-168,-172,-5,-155,-180
456,2,2,-39,100,179,-61,-130,-191,-192,97,-51,-130
457,6,6,21,-119,-250,-170,-101,162,211,-152,-57,-190
458,8,8,-70,-166,-56,104,-162,-97,-171,-61,271,57
459,0,0,183,-116,-119,-63,-145,-6,-58,10,-146,-8
460,5,5,-84,-101,-218,-67,-48,177,-58,-13,7,38
461,6,6,-18,-120,-235,-110,-17,74,269,-150,-87,-259
462,6,5,3,-198,-257,-53,-156,176,169,-73,-96,-96
463,6,6,35,-215,-298,-110,-99,111,329,-215,-136,-150
464,3,3,-260,-94,-97,280,-213,-68,-497,158,-23,90
465,8,8,-87,-96,-28,38,-123,-79,-217,35,189,60
466,8,8,-58,-42,0,-110,-31,-168,-197,-12,159,18
467,2,2,-80,104,303,49,-346,-297,-361,154,-111,-191
468,7,7,-234,-46,16,129,-122,-199,-505,272,-68,39
469,5,5,-134,-80,-167,78,-245,241,-118,-90,-34,30
470,8,8,-126,-60,5,84,-200,-77,-174,-21,227,-18
471,9,9,-60,-97,-84,-9,-38,-33,-216,58,-31,129
472,6,6,-11,-134,-237,-141,-1,74,230,-90,-121,-155
473,1,1,-79,163,-61,-159,64,-70,-111,-16,-48,-53
474,8,8,-20,-127,-17,20,-109,-84,-74,-94,199,-18
475,4,4,-199,-77,-148,-129,231,-33,-185,161,-247,-23
476,1,1,-68,247,-82,-240,33,-92,-136,-23,-85,-128
477,2,2,-117,88,266,91,-241,-228,-281,87,-56,-184
478,5,5,-112,-115,-115,-13,-121,197,93,-142,0,-105
479,9,9,-89,-80,-88,-4,19,-1,-241,58,-86,133
480,1,1,-82,254,-124,-228,51,-102,-87,-26,-91,-172
481,9,9,-126,-81,-88,-55,27,-56,-279,83,-30,165
482,7,7,-181,27,41,-11,-157,-116,-411,328,-252,-39
483,5,5,-53,-46,-218,-55,-64,135,-22,76,-65,-62
484,4,4,-131,16,-93,-260,272,-65,-122,29,-136,-86
485,0,0,166,-64,-45,-144,-147,-26,-95,36,-200,-42
486,8,8,-151,-33,40,43,-92,-119,-122,34,190,-76
487,9,9,-70,-141,-97,-35,24,40,-144,10,-88,151
488,9,9,-41,-148,-50,10,-4,-150,-283,127,-5,137
489,1,1,-69,232,-107,-236,64,-107,-113,-9,-106,-128
490,0,0,115,-45,21,-222,94,-159,-6,-47,-149,-139
491,5,5,-164,-140,-192,22,-135,295,-43,-58,-146,33
492,2,2,-108,-4,239,77,-282,-159,-214,57,44,-148
493,3,3,-376,48,-67,515,-312,-123,-473,111,-77,-69
494,7,7,-192,-22,-11,29,-126,-181,-463,345,-163,21
495,8,0,181,-181,33,-147,-1,-132,8,-162,-55,-68
496,9,9,-139,-105,-70,-62,70,-24,-234,16,-47,215
497,4,4,-162,97,-201,-225,193,-38,-152,-33,-43,6
498,0,0,96,-73,-142,-176,-126,-86,-107,65,-62,-16
499,6,6,12,-56,-95,-176,32,3,179,-191,-2,-146
500,3,3,-236,-9,-100,366,-236,-59,-410,96,-162,6
501,9,9,-101,-191,-17,-1,26,-114,-306,70,-76,241
502,5,5,-77,-137,-123,21,-120,200,16,-100,-80,-58
503,2,2,4,-14,427,-23,-264,-281,-286,101,-144,-257
504,1,1,-94,176,-99,-209,82,-66,-108,-25,-92,-50
505,3,3,-301,-29,-25,391,-289,-127,-457,54,37,31
506,1,1,-62,254,-98,-321,79,-122,-87,-29,-103,-192
507,3,3,-259,33,-106,309,-135,32,-214,48,-67,-96
508,6,6,60,-162,-123,-214,-158,127,227,-235,40,-157
509,5,5,-155,-28,-164,32,-173,260,-131,-24,-92,24
510,7,7,-190,-47,20,91,-92,-211,-458,301,-95,16
511,4,4,-158,140,-220,-244,165,-71,-177,-29,-28,-11
512,2,2,-14,33,309,-13,-215,-286,-245,88,-70,-170
513,2,2,-1,16,315,-5,-101,-202,-210,40,-207,-243
514,6,6,11,-148,-340,-190,9,42,273,-99,-120,-241
515,3,3,-325,47,19,268,-177,-72,-337,98,-32,-33
516,2,2,6,12,290,-137,1,-180,-77,-24,-100,-306
517,6,6,35,-116,-224,-181,25,41,278,-220,-91,-185
518,5,5,-82,-78,-167,-14,-179,258,-50,-68,-46,2
519,4,4,-240,139,-167,-195,252,-116,-256,11,-74,-23
520,8,8,-105,83,-156,-148,48,-71,-135,-83,105,1
521,9,9,-189,-42,-109,-46,84,-23,-269,-40,-23,223
522,7,7,-246,-4,39,87,-40,-145,-365,242,-141,16
523,1,1,-180,310,-84,-268,90,-187,-200,31,-73,-219
524,3,3,-234,98,-29,224,-95,-20,-174,82,-122,-194
525,0,0,249,-177,-90,-132,-200,-20,-13,-5,-144,-43
526,3,3,-207,2,-199,305,-183,48,-297,-1,-79,47
527,8,8,34,-201,-17,30,-261,23,-142,17,123,-50
528,3,3,-258,39,43,283,-251,-7,-262,110,-45,-157
529,1,1,-103,238,-131,-233,84,-57,-113,-59,-83,-102
530,9,9,-174,-43,-62,-91,81,-34,-243,-25,-13,203
531,3,3,-151,-2,-20,228,-140,-19,-163,47,-119,-88
532,4,4,-26,-3,-62,-201,160,-76,-99,-23,-163,11
533,4,4,-63,34,-111,-349,275,-81,-56,34,-275,-216
534,6,6,-9,-140,-181,-117,-35,85,292,-268,-31,-217
535,4,4,-111,-23,-47,-140,256,-176,-150,47,-85,-138
536,2,2,-44,83,176,-12,-180,-188,-201,92,-49,-121
537,1,1,-48,278,-115,-306,66,-90,-83,-63,-129,-192
538,8,8,-6,7,-82,-110,-39,-91,-81,-71,111,-26
539,2,2,14,21,309,-61,-28,-304,-241,96,-223,-308
540,5,5,-193,-28,-141,31,-238,264,-205,0,-86,38
541,4,4,-157,30,-187,-253,269,-76,-144,90,-218,-136
542,8,8,-93,-75,-31,-49,14,27,-67,1,61,44
543,8,2,-79,-16,55,28,-91,-37,-134,55,20,-13
544,4,4,-135,180,-189,-384,241,-96,-132,113,-218,-307
545,0,0,93,-102,-32,-101,-67,-115,-186,75,-113,50
546,0,0,249,-162,-126,-85,-171,-25,-24,-31,-165,-27
547,2,2,-167,30,226,115,-304,-246,-351,158,61,-148
548,3,3,-301,-16,-81,320,-147,45,-255,126,-210,-102
549,2,2,47,16,320,-77,-170,-194,-307,110,-249,-175
550,7,7,-117,-70,2,42,-29,-130,-274,197,-52,41
551,7,7,-227,45,-28,84,-95,-164,-379,200,-82,21
552,0,0,154,-140,-201,-122,-194,70,14,-46,-91,-53
553,8,8,-189,-49,-94,12,-50,66,107,-125,122,-264
554,7,7,-115,32,-74,-159,68,-80,-182,224,-78,-132
555,4,4,-87,19,-136,-179,219,-89,-109,-13,-115,-56
556,4,4,-180,-80,-80,-117,311,-128,-158,28,-148,-93
557,7,7,-160,70,61,-33,-117,-216,-388,244,-58,8
558,9,9,-175,-60,-168,-65,90,-70,-327,49,16,222
559,6,6,37,-223,-189,-171,34,-34,231,-64,-138,-167
560,9,9,-69,-122,-46,0,36,-118,-234,58,-26,147
561,0,0,168,-136,-43,-105,-110,-58,-82,31,-193,40
562,9,9,-79,-123,-17,19,-10,-69,-166,46,3,133
563,8,8,-59,-87,41,15,-93,-95,-118,-36,176,10
564,0,0,153,-61,-86,-100,-152,1,-91,58,-165,-35
565,4,4,-202,33,-89,-197,281,-116,-257,97,-129,-8
566,6,6,-9,-91,-151,-117,23,42,195,-162,-58,-143
567,0,0,156,-42,-28,-115,-180,9,-85,43,-141,-69
568,6,6,8,-135,-308,-131,-43,106,288,-270,-42,-195
569,3,3,-184,68,59,143,-69,-43,-141,53,-33,-205
570,5,5,-93,-34,-169,2,-203,254,-99,-37,-30,-23
571,4,4,-103,-31,-24,-170,216,-87,-193,41,-144,40
572,8,8,-67,-93,25,64,-116,-86,-169,-21,137,36
573,3,3,-234,48,-44,318,-211,-39,-356,106,-218,-66
574,3,3,-198,-54,-117,352,-216,-8,-314,38,-64,-2
575,9,9,-202,-73,-159,-90,89,-15,-349,13,-18,257
576,3,3,-287,-9,-150,458,-262,13,-307,64,-91,-102
577,3,3,-330,-38,-114,396,-216,-43,-360,63,8,30
578,3,3,-234,30,28,247,-245,-134,-400,156,-44,-40
579,7,7,-91,-59,-131,-51,-14,-89,-270,234,-70,47
580,8,8,-96,-80,-92,0,-155,-83,-250,-47,228,102
581,0,0,225,-161,-164,-145,-189,49,36,-22,-150,-41
582,8,2,-104,91,179,21,-106,-240,-204,69,40,-175
583,2,7,-126,-3,198,54,-194,-252,-329,241,-26,-127
584,1,1,-172,233,-122,-232,102,-59,-192,-40,-118,-33
585,7,7,-215,74,86,24,-169,-211,-478,340,-193,-43
586,0,0,175,-80,-95,-97,-147,11,7,-43,-132,-65
587,6,6,59,-141,-147,-122,-43,62,217,-158,-116,-203
588,5,5,-127,-88,-283,50,-151,248,-104,63,-174,25
589,4,4,-155,78,-59,-206,240,-74,-151,1,-108,-91
590,3,3,-357,54,-133,458,-198,-63,-410,75,-87,-38
591,8,0,83,-15,26,-44,-198,-64,-49,-42,-2,-167
592,0,0,228,-166,-72,-115,-149,-66,-86,-39,-148,-1
593,9,9,-152,-88,-172,-25,47,-69,-286,54,61,202
594,6,6,-6,-78,-193,-197,12,92,253,-224,-88,-209
595,3,3,-285,61,-37,310,-90,-47,-220,102,-98,-162
596,8,8,-66,-118,99,-9,-211,-59,-144,39,140,-10
597,0,0,149,-153,-14,-147,12,-26,44,-100,-144,-43
598,9,9,-174,-86,-90,-29,73,-105,-336,71,15,218
599,9,9,-142,-135,-55,-48,34,-34,-313,83,-76,213
600,6,6,-26,-130,-165,-80,-59,87,259,-210,-58,-166
601,8,8,-80,4,-72,-157,-30,-102,-125,15,123,-27
602,6,6,23,-270,-185,-159,-78,41,374,-220,-14,-197
603,8,8,-132,-63,-32,4,-144,69,-55,-20,110,-12
604,5,5,-160,-138,-205,-57,-195,365,-47,-106,-12,21
605,7,7,-199,-14,-58,59,-47,-130,-379,186,-62,78
606,8,8,-43,-112,-3,-11,-32,-54,-58,-108,180,-52
607,6,6,6,-145,-237,-113,-26,73,295,-208,-68,-224
608,0,0,208,-111,-42,-127,-163,-76,-109,75,-226,-8
609,2,2,-71,18,255,36,-304,-245,-306,144,-4,-123
610,4,4,-34,68,-38,-394,292,-160,-63,-82,-167,-187
611,0,7,81,-98,-241,-135,-95,-48,-112,219,-258,-75
612,2,2,-37,3,265,45,-143,-138,-177,39,-123,-209
613,2,2,-47,5,110,24,-167,-209,-231,88,60,-34
614,3,3,-217,5,-44,231,-136,-104,-333,113,-90,17
615,1,1,-105,359,-70,-358,101,-210,-149,-44,-115,-269
616,9,9,-127,-135,-77,18,13,10,-230,26,-54,174
617,7,7,-172,-32,151,24,-111,-255,-410,380,-178,-104
618,5,5,-95,-106,-202,2,-190,279,-102,-12,-195,47
619,1,1,-139,191,-58,-35,-81,-22,-159,-11,-23,-148
620,0,0,177,-61,-38,-118,-149,-55,-56,30,-151,-131
621,8,8,-39,-101,-15,-33,-109,-40,-67,-99,195,14
622,4,4,-79,29,-120,-311,303,-101,-75,-80,-167,-92
623,6,6,28,-150,-144,-204,23,50,330,-299,-120,-264
624,2,2,-43,91,154,-26,-189,-270,-254,99,18,-109
625,6,6,-24,-154,-112,-213,142,-57,196,-139,-86,-170
626,7,7,-177,-1,36,61,-167,-267,-543,341,-132,18
627,9,9,-48,-128,-68,-54,26,-89,-155,22,7,158
628,3,3,-302,-34,-23,228,-140,-46,-375,90,25,57
629,2,2,57,-86,164,-43,28,-189,-126,19,-168,-128
630,9,9,-100,-126,-83,-80,-19,79,-145,18,-84,146
631,8,8,-135,-54,19,74,-112,-139,-200,57,185,-34
632,2,2,18,-49,345,-15,-235,-215,-171,46,-120,-230
633,2,2,-52,82,333,-59,-174,-193,-150,16,-73,-275
634,9,9,-182,-163,-50,27,52,-75,-347,81,-47,233
635,2,2,-34,85,254,-70,-100,-228,-86,4,-99,-300
636,7,7,-132,-66,-101,-32,-57,-57,-251,268,-141,40
637,3,3,-134,-7,-25,259,-183,-48,-220,69,-60,-73
638,5,5,-24,-100,-296,-57,-158,218,-24,63,-45,-70
639,9,9,-62,-43,-103,-110,53,-99,-249,26,-84,152
640,1,1,-165,237,-144,-152,67,-47,-174,-52,-78,-82
641,8,8,-40,-193,-37,24,-112,-46,-35,-89,238,-26
642,0,0,168,-141,-20,-188,17,-77,23,-44,-184,-112
643,2,2,-86,126,344,14,-262,-301,-373,178,-167,-229
644,0,0,249,-181,-46,-131,-217,-42,-53,5,-120,-78
645,5,5,-206,-89,-225,89,-119,276,-47,-58,-161,-33
646,2,2,50,49,175,-278,56,-153,59,-160,-71,-308
647,1,1,-184,232,-112,-208,90,-92,-219,-6,-86,-22
648,3,3,-343,-15,-118,433,-181,-34,-373,66,-41,-3
649,7,7,-145,13,69,22,-164,-151,-384,245,-106,0
650,6,6,-2,-111,-243,-125,-25,117,221,-195,-92,-122
651,7,7,-184,29,-36,-85,-42,-183,-388,322,-140,31
652,1,1,-109,235,-122,-248,86,-96,-147,-49,-57,-58
653,2,2,-23,64,228,-24,-156,-203,-190,78,-82,-160
654,5,5,-9,-14,-130,-17,-169,122,-76,76,-108,-83
655,8,8,-167,-4,66,130,-184,-169,-228,45,220,-128
656,0,0,199,-66,-135,-162,-225,20,-76,93,-206,-98
657,3,3,-329,37,-85,402,-264,-20,-440,90,-131,-17
658,7,7,-54,22,-118,-214,43,-126,-260,243,-208,-42
659,2,7,-68,88,21,13,-107,-166,-264,107,-28,-17
660,4,4,-58,57,-61,-340,285,-81,-95,-20,-176,-161
661,0,0,186,-31,-116,-233,-131,-8,41,-105,-191,-144
662,9,9,-185,-130,-72,53,35,-23,-291,6,-13,214
663,1,1,-105,226,-141,-243,92,-75,-125,-56,-78,-73
664,8,8,-131,-103,-28,-74,-122,43,-87,-59,221,38
665,6,6,5,-214,-305,-152,-43,99,331,-142,-70,-233
666,7,7,-65,48,-47,-68,-64,-134,-262,180,-65,17
667,7,7,-47,38,43,-20,-136,-114,-199,118,-13,-23
668,4,4,-138,17,-59,-176,257,-45,-90,12,-144,-164
669,3,3,-261,26,-46,282,-216,-44,-310,82,-46,-24
670,4,4,-189,127,-175,-198,232,-141,-249,79,-136,-97
671,9,9,-103,-189,-42,40,64,-85,-180,26,-77,175
672,1,1,-61,281,-116,-277,61,-116,-120,-37,-115,-168
673,9,9,7,-285,-149,-39,53,-82,-130,-1,-4,168
674,5,5,-223,-21,-168,161,-98,170,-74,16,-246,-139
675,1,1,-80,217,-135,-231,79,-66,-99,-62,-65,-91
676,7,7,-80,-59,57,-2,-142,-260,-430,326,-73,-17
677,3,3,-25,-69,-24,279,-224,-91,-272,17,-103,-50
678,9,9,-85,-101,-79,-94,54,-32,-187,84,-140,153
679,7,7,-148,43,78,-14,-193,-161,-420,262,-117,-23
680,6,6,35,-205,-102,-171,-66,54,340,-246,-72,-225
681,9,9,-168,-89,-4,26,30,-57,-290,89,-63,142
682,1,1,-131,212,-111,-250,116,-70,-136,-37,-121,-55
683,3,3,-238,22,-122,231,-120,43,-233,58,-136,-13
684,7,7,-193,61,76,114,-121,-76,-270,136,-115,-58
685,8,8,-102,-88,30,3,-124,-135,-232,78,113,64
686,3,3,-290,19,-41,353,-238,-73,-431,119,-138,-6
687,3,3,-302,49,1,324,-213,-124,-362,93,-12,-34
688,6,6,0,-132,-168,-176,-57,115,250,-241,-18,-195
689,7,7,-48,66,-83,-173,31,-64,-159,111,-131,-15
690,2,2,-120,29,308,107,-291,-322,-343,144,1,-172
691,8,7,-143,-98,65,-12,-99,-27,-47,88,76,-78
692,5,5,-51,-72,-249,-108,-133,194,-49,7,-12,3
693,8,8,-83,-81,-172,-61,-58,29,-53,-117,174,24
694,5,5,-168,10,-413,-123,-20,286,-88,-89,-18,-5
695,1,1,-80,271,-108,-258,61,-139,-156,3,-129,-139
696,1,1,-106,115,-89,-85,-24,-38,-151,6,19,33
697,4,4,-138,-20,29,-204,304,-64,-139,-69,-129,-114
698,4,4,-236,-1,-144,-120,204,-79,-221,121,-75,23
699,3,3,-292,-13,-118,240,-105,27,-317,103,-83,27
700,1,1,-158,234,-86,-160,60,-94,-219,-18,-37,-39
701,0,0,200,-175,24,-99,-15,-204,-171,-29,-184,16
702,7,7,-116,13,38,-13,-101,-214,-391,267,-121,2
703,7,7,-267,29,55,106,-99,-170,-400,312,-177,-51
704,0,0,208,-67,54,-165,-84,-194,-88,-11,-147,-102
705,7,7,-182,41,13,-30,-41,-223,-401,288,-125,31
706,9,9,-117,-124,-56,-28,-3,-24,-255,66,-37,180
707,4,4,-159,-9,-79,-152,221,-73,-209,25,-77,60
708,4,4,-150,54,-118,-265,250,-28,-101,-25,-122,-72
709,8,8,-106,-113,-43,28,-155,-103,-202,-85,300,69
710,5,5,-130,-127,-267,25,-191,353,-93,-51,-35,-37
711,5,5,-63,-78,-189,69,-218,243,-104,-4,-120,-16
712,4,4,-112,-4,-5,-219,233,-72,-192,-48,-181,56
713,0,0,175,-70,-55,-81,-170,-50,-77,38,-156,-33
714,8,8,-67,-117,-47,50,-185,62,-96,-5,133,-32
715,2,2,-107,-26,328,211,-465,-335,-405,150,17,-190
716,1,1,-66,170,-51,-134,-74,-123,-197,80,-33,-60
717,0,0,101,-76,-9,-137,-43,-8,14,9,-140,-107
718,8,8,-41,-136,20,-12,-164,-84,-74,-87,233,14
719,4,4,-241,11,-109,-147,287,-180,-267,171,-162,-99
720,5,5,-146,-26,-120,29,-128,115,60,-39,31,-226
721,0,0,205,-118,-27,-91,-130,-82,-81,-1,-187,20
722,4,4,-154,-48,-74,-230,295,-82,-164,102,-222,-76
723,0,0,79,-26,-199,-122,-21,33,16,-1,-205,-108
724,6,6,1,-113,-136,-70,-54,58,227,-164,-71,-164
725,1,1,-61,228,-119,-229,58,-78,-92,-38,-94,-131
726,7,7,-81,19,-29,-134,14,-8,-120,131,-178,-26
727,3,3,-231,34,-53,312,-244,-125,-346,61,1,-1
728,2,2,-77,-19,261,128,-388,-352,-346,141,67,-127
729,6,6,37,-141,-137,-203,-45,79,300,-247,-37,-277
730,7,7,-42,-55,-180,-161,-82,3,-128,255,-165,-35
731,2,2,-51,39,349,1,-178,-196,-272,126,-183,-237
732,6,6,21,-218,-268,-118,-73,83,279,-121,-118,-113
733,9,9,-157,-159,-60,25,1,-16,-283,19,27,211
734,3,3,-337,54,-104,349,-159,15,-310,93,-154,-70
735,1,1,-125,213,-108,-193,87,-55,-128,-54,-58,-68
736,4,4,-86,-4,-108,-284,297,-96,-92,-2,-203,-154
737,6,6,137,-203,-189,-172,-56,27,195,-106,-283,-80
738,2,2,-83,-15,272,143,-441,-278,-324,69,65,-143
739,5,5,-103,-91,-215,-8,-167,281,8,-33,-182,-79
740,4,7,-164,55,-46,-123,86,-90,-275,104,-94,69
741,2,2,-32,-38,179,58,-315,-261,-315,153,29,-70
742,0,0,237,-179,-80,-206,-218,-36,-29,16,-108,-71
743,6,6,3,-138,-260,-115,9,95,269,-262,-80,-157
744,2,2,33,20,283,-58,-75,-223,-245,59,-172,-150
745,1,1,-104,336,-115,-311,61,-197,-195,19,-142,-195
746,7,7,-159,53,-28,-92,-10,-168,-346,234,-109,56
747,3,3,-195,-25,-85,304,-302,-40,-391,51,-44,51
748,4,4,-143,-10,4,-152,240,-78,-206,0,-144,24
749,1,1,-46,173,-100,-219,58,-66,-71,-19,-74,-103
750,0,0,212,-151,-90,-84,-126,-56,-29,-45,-142,-22
751,5,5,-116,-184,-261,28,-209,337,-71,-41,-123,51
752,4,4,-118,114,-159,-417,362,-149,-201,18,-220,-119
753,3,3,-346,54,14,382,-162,-114,-418,161,-162,-90
754,1,1,-67,260,-107,-264,68,-108,-122,-22,-121,-151
755,1,1,-115,197,-81,-206,95,-74,-143,-36,-49,-42
756,7,7,-107,-1,105,-22,-196,-190,-423,281,-145,-27
757,4,4,-170,75,-140,-248,306,-90,-170,-21,-97,-78
758,9,9,-109,-129,-93,-32,61,-94,-242,73,9,182
759,9,9,-118,-123,-32,58,-27,-60,-266,65,-31,135
760,4,4,-104,24,-74,-124,168,-113,-182,3,-102,30
761,8,8,65,-44,-166,-132,-186,-38,-34,-93,93,-47
762,4,4,-71,-128,-159,-187,219,-55,-59,-1,-181,28
763,0,0,206,-132,-45,-112,-167,-33,-100,12,-225,29
764,2,2,4,-68,329,2,-179,-288,-254,138,-118,-192
765,4,4,-148,98,-190,-297,267,-70,-127,-3,-131,-102
766,5,5,-143,-104,-271,27,-226,354,-92,-55,-104,28
767,1,1,-71,271,-45,-303,71,-191,-156,15,-122,-172
768,1,1,-69,257,-148,-277,89,-49,-78,-80,-111,-157
769,6,6,58,-138,-199,-218,-60,120,256,-214,-99,-165
770,4,4,-128,106,-146,-447,411,-223,-264,14,-158,-121
771,7,7,-71,-21,-72,-175,-88,-117,-275,321,-147,-18
772,1,1,-149,200,-90,-207,81,-93,-194,3,-74,-6
773,9,9,-150,-73,-50,3,50,-86,-281,57,-2,172
774,4,4,-156,10,-43,-129,190,-66,-209,9,-73,66
775,2,2,-48,4,358,71,-342,-319,-263,127,-69,-233
776,4,4,-179,4,-104,-212,241,21,-51,29,-210,-192
777,1,1,-144,257,-129,-177,51,-86,-214,-38,-59,-74
778,5,5,-106,-124,-214,-40,-173,277,28,-112,-77,20
779,5,5,-38,-136,-261,-113,-156,239,3,-65,-10,21
780,3,3,-183,15,-97,206,-156,10,-270,174,-219,-102
781,8,8,-41,-69,-45,45,-170,46,-58,-43,93,-10
782,3,3,-313,95,-35,389,-198,-73,-365,127,-149,-135
783,1,1,-82,202,-104,-220,78,-70,-102,-40,-70,-76
784,4,4,-184,129,-115,-211,222,-118,-139,118,-212,-269
785,5,5,-142,-40,-241,92,-184,256,-133,42,-147,-13
786,6,6,45,-66,-230,-122,-33,123,138,-142,-125,-104
787,8,8,-171,-217,-26,214,-245,-83,-223,-10,234,75
788,9,9,-146,-99,-61,-19,80,-67,-276,52,-14,172
789,4,4,-63,57,-78,-210,176,-82,-92,-13,-131,-83
790,1,1,-50,233,-169,-244,36,-43,-74,-78,-87,-144
791,5,5,-216,-114,-145,-7,-39,241,-148,-35,-112,119
792,3,3,-230,-45,-56,441,-318,-127,-458,79,-45,14
793,8,8,-76,-151,95,61,-272,-104,-69,-35,265,-85
794,0,0,254,-131,-28,-186,-154,-155,-51,-29,-149,-96
795,3,3,-140,7,-54,177,-85,23,-139,14,-140,-48
796,2,2,-20,37,384,-47,-134,-231,-235,91,-183,-316
797,5,5,-38,-38,-142,-99,-181,162,-58,-34,29,-12
798,1,1,-161,247,-113,-164,73,-80,-198,-29,-59,-78
799,2,2,-61,131,421,-41,-188,-306,-312,123,-200,-327
800,8,8,7,-151,-59,-20,-31,-37,-49,-52,94,-11
801,3,3,-352,58,-96,380,-181,24,-274,139,-213,-186
802,4,4,-159,125,-196,-376,271,-132,-224,139,-194,-156
803,4,4,-70,-7,-44,-287,331,-164,-145,-34,-154,-118
804,0,0,174,-130,-75,-89,-118,-37,-76,8,-180,43
805,8,8,-87,-138,-104,5,-121,-29,-190,-67,246,97
806,8,8,-128,-113,44,80,-152,-76,-75,-23,248,-68
807,3,3,-312,14,-156,403,-186,-16,-318,45,-62,-20
808,3,3,-235,20,-73,289,-157,-42,-375,88,-174,8
809,1,1,-36,178,-71,-190,36,-66,-79,-25,-60,-92
810,7,7,-148,33,99,61,-80,-210,-376,275,-186,-71
811,3,3,-196,-40,-78,332,-226,-92,-401,53,-67,52
812,5,5,-213,-83,-268,26,-177,360,-110,5,-197,38
813,9,9,-69,-216,-132,7,-48,-130,-248,105,131,159
814,6,6,25,-139,-166,-193,7,67,315,-282,-81,-214
815,3,3,-169,12,-46,256,-179,-64,-359,68,-138,4
816,2,2,-117,88,258,136,-377,-336,-413,156,-33,-163
817,6,6,110,-137,-192,-224,-2,21,227,-148,-220,-160
818,1,1,-48,257,-136,-223,12,-46,-60,-110,-53,-175
819,3,3,-272,39,-66,347,-163,-41,-334,101,-168,-49
820,6,6,58,-240,-157,-141,-85,58,359,-271,-27,-226
821,0,0,220,-126,-80,-106,-186,-33,-33,5,-165,-32
822,7,7,-107,-86,-86,-27,-120,-54,-305,309,-192,31
823,2,2,6,-11,260,-37,-145,-251,-182,27,-34,-166
824,1,1,-46,246,-111,-304,100,-92,-76,-55,-123,-178
825,7,7,-174,6,-12,-49,-51,-236,-413,357,-143,15
826,1,1,-77,252,-141,-259,89,-68,-92,-66,-96,-140
827,4,4,-139,38,-117,-173,209,-62,-131,21,-42,-74
828,2,2,-100,-17,242,140,-336,-238,-280,90,52,-133
829,4,4,-55,83,-43,-285,192,-218,-169,-24,-36,-129
830,2,2,-21,61,192,-117,-3,-150,-148,45,-67,-190
831,1,1,-103,216,-124,-231,77,-120,-176,-24,-95,-39
832,7,7,-206,24,17,41,-15,-165,-316,270,-95,-44
833,9,9,-170,-75,-117,-93,89,-26,-304,103,-138,191
834,6,6,-6,30,-152,-204,42,9,215,-271,-50,-286
835,1,1,-68,241,-103,-241,58,-104,-115,-7,-116,-145
836,1,1,-69,290,-59,-309,75,-191,-163,1,-122,-178
837,2,2,-30,69,270,-39,-225,-272,-196,73,-9,-173
838,4,4,-132,-29,-23,-196,272,-85,-165,70,-168,-84
839,8,4,8,-95,-115,-27,49,-67,-82,-110,41,-19
840,1,1,-74,320,-95,-358,91,-201,-184,-11,-151,-192
841,7,7,-97,-79,-39,-69,35,-106,-197,257,-144,-5
842,7,7,-98,31,60,17,-113,-163,-320,194,-97,-15
843,4,4,-171,29,-106,-257,336,-78,-131,3,-168,-167
844,8,7,-83,-43,5,-1,-107,-14,-60,96,26,-49
845,0,0,176,-158,6,-94,-70,-145,-153,-7,-127,14
846,7,7,30,-105,-37,-54,-97,-110,-294,193,-143,35
847,3,3,-295,16,-50,391,-226,-76,-362,80,-36,-38
848,1,1,-76,295,-141,-340,71,-124,-86,-58,-100,-213
849,3,3,-241,37,-72,379,-287,-114,-408,74,-111,-4
850,1,1,-66,269,-96,-277,55,-108,-131,-33,-105,-150
851,0,0,225,-43,-88,-226,-165,-83,-43,-47,-184,-130
852,7,7,-131,12,15,5,-93,-114,-318,202,-104,29
853,7,7,-144,-1,23,41,-178,-232,-436,244,-18,23
854,0,0,174,-145,-94,-58,-125,-80,-108,37,-130,3
855,3,3,-333,18,-27,389,-247,-92,-382,82,-21,-35
856,5,5,-52,-67,-273,-50,-112,203,-35,38,-42,-38
857,5,5,-197,-35,-246,45,-155,275,-128,-128,-71,54
858,2,2,62,4,301,-99,-85,-326,-190,41,-101,-228
859,7,7,-95,60,-94,-172,17,-97,-237,199,-112,1
860,6,6,25,-185,-209,-96,-86,80,303,-230,-63,-166
861,6,6,45,-99,-195,-104,-36,68,197,-170,-89,-93
862,9,9,-126,-102,-61,-108,80,-37,-261,73,-59,171
863,2,2,24,-58,255,-42,-95,-240,-125,27,-56,-204
864,8,8,-63,-192,-40,81,-143,3,-138,-61,233,18
865,3,3,-307,37,-72,303,-194,10,-364,140,-201,-49
866,5,5,-119,-123,-157,-89,-144,258,-11,-33,-38,0
867,2,2,-33,37,277,37,-354,-283,-278,94,-24,-145
868,2,2,23,-38,225,-40,-96,-156,-116,14,-98,-139
869,5,5,-193,-98,-314,61,-230,382,-158,-83,-23,45
870,6,6,46,-128,-166,-171,-117,97,239,-248,30,-187
871,0,0,230,-155,-52,-151,-105,-202,-89,-3,-117,-63
872,8,8,-103,-93,37,52,-145,-132,-246,66,154,44
873,2,2,-40,94,355,-43,-214,-286,-329,147,-174,-227
874,9,9,-71,-38,-153,-121,62,-102,-213,33,-87,102
875,2,2,12,-48,355,-56,-238,-265,-268,136,-105,-215
876,8,3,-312,-13,6,224,-210,4,-198,80,151,-176
877,8,8,-8,-182,-81,-17,-95,2,18,8,102,-37
878,8,8,-58,-193,-27,140,-244,-40,-192,-1,151,48
879,8,8,-37,-127,-102,-99,-119,44,52,-112,206,-77
880,7,7,-109,-3,82,5,-118,-187,-395,267,-135,-30
881,4,4,-257,19,-131,-157,244,-21,-287,31,-109,98
882,9,9,-80,-39,-126,-9,9,-108,-178,62,19,80
883,3,3,-122,20,-42,128,-105,48,-168,56,-133,-33
884,0,0,163,-85,-55,-106,-146,-25,-77,79,-166,-62
885,6,6,31,-104,-144,-207,-26,69,257,-197,-90,-222
886,6,6,-20,-124,-312,-103,-61,108,257,-178,-91,-119
887,3,3,-186,-15,-136,307,-184,4,-299,-2,-53,13
888,2,2,-41,37,372,-13,-199,-300,-289,139,-143,-258
889,1,1,-112,230,-127,-236,89,-77,-126,-34,-99,-88
890,3,3,-241,31,-189,271,-133,113,-186,20,-126,-50
891,2,2,-33,63,335,-10,-257,-311,-226,60,-32,-224
892,2,2,-40,20,400,-114,-247,-246,-172,100,-60,-268
893,9,9,-119,-148,-25,3,25,-105,-319,106,-40,191
894,3,3,-20,-49,11,212,-248,-47,-209,15,-52,-143
895,0,0,153,-50,-120,-163,-167,6,72,-111,-38,-160
896,0,0,170,-124,54,-165,24,-197,57,-132,-122,-124
897,5,5,-103,-104,-151,-64,-172,283,-17,-68,-64,4
898,7,7,-228,49,127,69,-145,-233,-340,294,-56,-129
899,8,8,-95,-166,-19,69,-221,18,-78,-24,251,-65
900,1,1,-184,117,-118,49,-21,-11,-155,6,-100,-66
901,4,4,-237,8,-84,-130,251,-109,-226,151,-174,-83
902,4,4,-241,121,-126,-190,170,-84,-254,108,-130,-12
903,6,6,54,-192,-257,-109,-53,113,243,-204,-106,-58
904,0,0,156,-85,-117,-131,-233,30,-111,142,-188,-50
905,2,2,-9,50,338,-57,-215,-173,-221,69,-178,-224
906,9,9,-92,-116,-83,-58,33,-30,-203,102,-86,141
907,1,1,-87,258,-63,-252,67,-167,-155,27,-135,-157
908,4,4,-176,124,-120,-253,302,-127,-197,54,-164,-186
909,7,7,-114,-3,-22,-2,-67,-63,-199,176,-96,13
910,4,4,-212,76,-162,-231,329,-135,-259,95,-164,-120
911,7,7,-182,16,46,74,-226,-257,-550,334,-122,-6
912,3,3,-297,-24,-196,423,-250,14,-397,20,-28,46
913,9,9,-88,-132,-94,-67,26,9,-195,55,-126,188
914,8,8,-96,-43,-128,-57,-16,-31,-126,-127,194,45
915,8,8,-19,-21,-59,-73,-125,29,17,-123,98,-63
916,4,4,-10,-94,47,-138,163,-132,-91,87,-153,-195
917,7,7,-171,5,9,-17,-87,-152,-373,281,-137,31
918,1,1,-92,159,-101,-178,78,-51,-95,-36,-55,-39
919,2,2,-11,64,288,-29,-181,-224,-203,73,-123,-208
920,1,1,-83,217,-95,-228,69,-113,-134,0,-116,-90
921,2,2,22,-13,380,-54,-100,-295,-218,88,-207,-319
922,2,2,-100,57,243,75,-288,-278,-362,167,-40,-130
923,3,3,-274,-16,-47,451,-329,-109,-496,92,-84,-2
924,2,7,-178,46,154,124,-253,-272,-453,251,-53,-81
925,3,3,-378,57,-82,375,-203,-21,-393,147,-119,-65
926,2,2,116,-92,161,-138,-83,-139,-32,-50,-22,-105
927,3,3,-247,45,-101,391,-242,-67,-329,70,-119,-68
928,9,9,-121,-104,18,-19,20,-33,-265,54,-43,135
929,1,1,-75,207,-80,-225,68,-108,-114,-8,-86,-94
930,7,7,-165,15,72,-2,-44,-203,-248,249,-49,-101
931,4,4,-130,17,-48,-159,178,-42,-132,-3,-89,14
932,0,0,174,-156,-97,-79,-120,-74,-107,68,-185,23
933,3,3,-287,64,-77,307,-122,-54,-322,116,-136,-58
934,5,5,-143,-153,-214,-125,-169,328,-43,-72,-55,69
935,5,5,-205,-80,-305,122,-122,285,-120,55,-95,-38
936,8,5,-5,-115,-160,-99,-133,136,70,-112,101,-79
937,6,6,14,-211,-214,-166,-55,103,314,-138,-133,-215
938,3,3,-213,-28,-244,240,-157,196,-183,-51,-41,29
939,2,2,76,-37,262,-87,-208,-253,-229,95,-90,-100
940,6,6,26,-262,-113,-162,-149,104,296,-257,68,-130
941,7,7,-171,-11,39,0,-142,-169,-433,321,-181,16
942,6,6,24,-130,-206,-116,-29,90,260,-203,-116,-173
943,6,6,15,-122,-192,-156,28,69,221,-226,-71,-133
944,3,3,-160,52,-42,211,-200,-40,-218,8,14,-44
945,2,2,-106,68,273,189,-363,-331,-399,134,-56,-171
946,7,7,-176,80,76,-2,-116,-217,-419,276,-112,-19
947,8,9,-64,-89,-92,-80,22,-68,-236,-1,-6,173
948,1,1,-120,207,-100,-225,105,-75,-135,-35,-74,-57
949,1,1,-105,217,-124,-204,97,-55,-116,-81,-55,-83
950,7,7,-190,-10,87,88,-108,-265,-430,305,-104,-42
951,5,5,-183,-77,-222,-79,-35,175,-153,140,-189,17
952,6,6,18,-110,-155,-111,6,45,150,-51,-122,-117
953,4,4,-137,111,-129,-261,268,-107,-178,33,-179,-137
954,9,9,-200,-34,-103,-41,68,-16,-287,-15,-37,216
955,5,5,-127,-126,-225,45,-124,250,9,-72,-179,-27
956,1,1,-111,120,-57,-7,-30,55,-38,-86,-158,-176
957,3,3,-103,-64,-160,229,-135,41,-176,-26,-52,36
958,3,3,-33,2,36,125,-163,-89,-252,93,-158,-91
959,4,4,-202,51,-78,-88,159,-16,-193,-21,-43,34
960,7,7,-170,12,-60,0,-46,-77,-279,199,-31,21
961,8,8,-61,-170,-66,74,-123,-91,-170,-70,248,77
962,9,7,-115,-96,-80,-8,16,-112,-310,145,16,138
963,1,1,-73,193,-100,-215,63,-83,-104,-10,-94,-90
964,1,1,-74,205,-68,-201,68,-122,-108,8,-100,-131
965,6,0,90,8,-183,-248,-91,34,58,-1,-178,-240
966,9,9,-123,-146,-131,12,-22,-80,-288,77,89,191
967,1,1,-61,247,-107,-293,92,-95,-101,-47,-116,-141
968,4,4,-133,127,-141,-322,280,-73,-102,-41,-170,-146
969,4,4,-113,-29,-95,-78,122,-55,-123,104,-70,-16
970,5,5,-110,-130,-129,-72,-166,252,31,-134,-27,35
971,4,4,-141,92,-86,-232,254,-76,-125,56,-180,-239
972,0,0,247,-165,-54,-120,-207,-89,-60,-15,-130,-35
973,6,6,51,-205,-208,-181,-53,58,330,-211,-25,-196
974,2,2,-43,36,385,76,-391,-349,-295,74,-50,-217
975,2,2,82,-130,237,-19,-248,-159,-166,81,-102,-167
976,3,3,-156,-38,-19,247,-208,-116,-283,-1,46,39
977,1,1,-37,272,-74,-360,104,-138,-120,-70,-210,-189
978,5,5,-159,-52,-165,45,-238,279,-179,-44,-73,41
979,1,1,-132,248,-90,-164,40,-96,-189,-18,-48,-84
980,2,2,8,35,284,-70,-98,-197,-161,58,-129,-224
981,0,0,227,-166,-68,-123,-138,-76,-38,-32,-119,-26
982,3,3,-203,-14,34,310,-313,-189,-379,49,52,-10
983,8,8,-87,-50,-82,-70,29,-113,-141,-129,193,33
984,1,1,-97,188,-113,-209,86,-60,-102,-41,-69,-59
985,2,2,-152,46,330,180,-436,-350,-374,127,42,-203
986,6,6,34,-239,-212,-150,-76,96,337,-315,12,-148
987,7,7,-141,-42,-167,-52,-6,5,-187,218,-73,12
988,1,1,-105,164,-59,-145,58,-76,-147,1,-45,-28
989,6,6,19,-154,-136,-98,-45,38,214,-121,-38,-114
990,2,2,-60,83,213,-104,39,-289,-278,188,-191,-250
991,3,3,-327,-46,-134,415,-322,39,-370,44,36,-16
992,9,7,-104,-96,3,-108,18,-95,-262,155,-29,86
993,0,0,193,-42,-82,-188,-174,-63,-112,51,-176,-114
994,1,1,-177,237,-78,-90,-20,-42,-198,-13,-31,-100
995,2,2,99,-13,204,-65,-46,-137,-178,-31,-270,-149
996,2,2,-69,49,308,56,-223,-268,-208,58,-64,-238
997,0,0,253,-153,-77,-151,-136,-84,-58,-32,-162,-79
998,8,8,-16,-142,-93,65,-106,26,-57,20,86,-43
999,9,7,-66,-101,-51,-81,63,-63,-192,128,-104,102
1000,9,9,-98,-116,-106,13,53,-35,-244,18,-140,137
1001,0,0,167,-52,-69,-167,-133,-25,-57,15,-216,-82
1002,2,7,-155,48,184,139,-304,-307,-397,192,19,-114
1003,5,5,-162,-92,-291,171,-204,294,-133,-85,-79,17
1004,1,1,-148,227,-99,-193,85,-74,-189,-25,-48,-51
1005,9,9,-208,-69,-79,49,29,-104,-361,67,1,194
1006,7,7,-148,2,-53,-68,-33,-97,-304,223,-113,64
1007,8,8,-59,-88,-58,-37,-31,-40,-156,-44,127,93
1008,1,1,-89,248,-133,-238,101,-58,-101,-97,-59,-120
1009,0,0,205,-120,-84,-101,-175,-14,11,-22,-134,-51
1010,4,4,-219,22,-174,-217,269,-135,-245,203,-152,-100
1011,1,1,-62,288,-104,-284,69,-58,-84,-103,-89,-193
1012,7,7,-269,80,47,89,-36,-126,-334,204,-115,-58
1013,9,9,-165,-37,-82,-68,95,-52,-292,-3,-94,208
1014,6,5,22,-86,-35,-67,-54,66,8,-31,-30,-15
1015,4,4,-195,101,-116,-175,243,-111,-223,27,-112,-37
1016,2,2,-9,108,255,-68,-76,-197,-202,47,-169,-215
1017,6,6,9,-163,-103,-148,-30,60,184,-51,-124,-115
1018,8,8,-109,-146,26,91,-187,-39,-118,-29,224,-16
1019,1,1,-132,313,-163,-321,77,-138,-133,-12,-97,-201
1020,3,3,-310,37,-19,299,-223,-66,-340,113,-52,-29
1021,7,7,-90,-95,-54,-28,-86,-99,-262,242,-6,18
1022,5,5,-129,-198,-244,-36,-136,277,-82,-46,-56,101
1023,4,4,-42,-15,-152,-280,220,-39,-84,91,-263,-150
1024,4,4,-161,151,-211,-289,263,-122,-166,-6,-75,-142
1025,1,1,-84,289,-135,-314,99,-116,-104,-39,-130,-198
1026,8,8,-33,-138,-129,-28,-134,83,31,-61,106,11
1027,1,1,-71,257,-105,-308,74,-127,-152,-16,-135,-116
1028,3,3,-208,31,-67,292,-144,-20,-292,109,-185,-65
1029,8,8,-77,-97,-124,41,-105,-64,-176,-46,201,83
1030,1,1,-68,240,-109,-286,79,-102,-118,-23,-124,-128
1031,2,2,-60,100,365,-89,-56,-228,-187,60,-135,-360
1032,5,5,-43,-162,-95,-154,-177,180,55,-99,61,26
1033,8,1,-91,215,-71,-371,166,-205,-248,-57,-56,-102
1034,0,0,125,-54,-57,-199,-67,-154,-193,54,-155,18
1035,6,6,42,-200,-141,-140,0,25,215,-100,-155,-102
1036,2,2,-102,57,246,145,-412,-316,-368,116,-1,-146
1037,1,1,-55,237,-71,-239,33,-97,-115,-24,-79,-142
1038,1,1,-55,204,-75,-209,54,-67,-100,-30,-63,-95
1039,7,1,-104,90,6,3,-43,-4,-66,-3,-18,-85
1040,1,1,-40,196,-79,-218,47,-41,-65,-55,-75,-126
1041,5,5,-122,-127,-218,-34,-189,317,10,-131,-49,-2
1042,3,3,-259,21,-114,324,-211,48,-318,77,-159,-37
1043,4,4,-201,88,-168,-228,242,-54,-151,84,-153,-133
1044,6,6,15,-7,-171,-258,57,-4,129,-205,-29,-106
1045,9,9,-239,114,-119,-163,129,-73,-354,-4,-70,156
1046,5,5,-160,-51,-222,32,-126,268,-79,-87,-84,62
1047,0,0,177,-100,-4,-125,-34,-50,-47,-57,-196,-29
1048,9,9,-57,-158,-31,-18,15,-10,-143,-11,-62,161
1049,2,2,23,-25,309,-24,-85,-188,-143,36,-207,-288
1050,2,2,23,-51,155,-22,-5,-162,-153,71,-158,-107
1051,4,4,-139,-74,-76,-116,182,-137,-188,127,-101,27
1052,8,8,-40,-249,-183,103,-89,54,-108,-57,171,112
1053,2,2,-12,55,335,-26,-109,-202,-243,65,-216,-274
1054,1,1,-47,216,-113,-262,58,-62,-76,-51,-86,-139
1055,7,7,-107,-5,-114,-161,12,-118,-252,244,-132,32
1056,2,2,-60,10,251,104,-295,-282,-306,138,-31,-146
1057,4,4,-98,35,-130,-268,301,-130,-126,-71,-118,-64
1058,9,9,-74,-117,-32,-3,6,-102,-241,78,5,131
1059,4,4,-120,-46,-109,-279,303,-120,-183,21,-166,13
1060,4,4,-139,-68,-89,-136,279,-134,-144,87,-212,-135
1061,0,0,155,-101,-196,-119,-198,99,26,1,-100,-117
1062,3,3,-269,9,-27,159,-110,-97,-399,152,-27,41
1063,9,9,-38,-120,-98,-66,55,-73,-198,55,-105,108
1064,2,2,-117,78,320,111,-302,-251,-282,87,-89,-225
1065,2,2,-89,42,331,129,-384,-341,-297,66,32,-206
1066,3,3,-237,8,-47,288,-244,-139,-393,84,-29,33
1067,3,3,-265,-56,-167,356,-189,25,-270,-8,43,31
1068,8,4,-75,81,-195,-148,99,-12,-82,-26,-13,-80
1069,3,3,-247,-48,-162,345,-141,8,-343,49,-106,49
1070,5,5,-107,-65,-227,63,-203,268,-94,5,-146,4
1071,7,7,-111,-36,-78,-79,-1,-74,-260,212,-131,71
1072,3,3,-222,-86,-215,222,-104,93,-282,27,-39,99
1073,5,5,-225,-100,-291,189,-169,296,-187,-3,-78,23
1074,8,8,-147,-86,80,136,-225,-119,-220,63,159,-35
1075,1,1,-65,180,-98,-200,61,-67,-87,-22,-70,-79
1076,2,2,-109,47,246,166,-354,-264,-396,148,-64,-145
1077,4,4,-167,77,-89,-243,261,-72,-188,31,-136,-60
1078,4,4,-15,-5,-8,-214,227,-108,-89,-20,-177,-103
1079,6,6,51,-125,-237,-141,40,19,216,-170,-126,-129
1080,4,4,-135,30,-70,-129,183,-37,-114,19,-103,-64
1081,9,9,-156,-13,-68,-15,-30,7,-220,64,-16,105
1082,5,5,-120,-45,-251,22,-156,246,-41,-138,-39,8
1083,1,1,-114,186,-72,-149,64,-77,-139,-22,-39,-46
1084,0,0,234,-99,-105,-130,-164,1,-34,-24,-186,-79
1085,6,6,20,-85,-154,-97,-18,63,196,-158,-70,-140
1086,9,9,-133,-174,-17,-6,26,-19,-223,20,1,173
1087,5,5,-180,-65,-229,18,-219,310,-136,-78,22,17
1088,9,9,-108,-115,-123,-6,53,-60,-225,77,-16,163
1089,5,5,-110,-91,-260,35,-132,265,-45,2,-182,0
1090,9,9,-15,-74,-64,-90,14,-59,-155,65,-59,91
1091,7,7,-179,29,163,19,-86,-197,-281,281,-104,-166
1092,3,3,-267,32,2,231,-61,-71,-242,153,-169,-132
1093,8,8,-33,-140,79,89,-245,-193,-141,-37,218,-39
1094,0,0,175,-77,-84,-209,-182,-10,-69,44,-175,-96
1095,3,3,-324,69,-57,289,-166,-9,-386,144,-223,-44
1096,7,7,-109,-82,-206,-209,-42,-35,-334,382,-214,35
1097,1,1,-30,200,-121,-230,63,-46,-44,-69,-88,-144
1098,3,3,-211,-28,-129,235,-105,46,-243,40,-110,19
1099,6,6,22,-51,-87,-158,46,15,190,-167,-105,-237
1100,7,7,-141,-8,-91,-48,-44,-115,-314,278,-88,19
1101,8,3,-74,-149,-51,138,-178,28,-15,-80,125,-42
1102,5,5,-89,-242,-259,-59,-207,353,24,-74,-95,27
1103,9,9,-145,-115,-61,7,-29,31,-222,34,-16,149
1104,7,7,-171,10,-8,48,-156,-140,-432,249,-119,30
1105,9,9,-114,-184,-81,-16,95,-88,-256,63,-32,209
1106,6,6,23,-169,-210,-183,-33,72,323,-198,-99,-238
1107,9,9,-17,-236,-191,110,-45,6,-179,-55,-45,170
1108,6,6,-10,-119,-201,-123,-49,143,196,-151,-101,-112
1109,3,3,-257,83,-16,336,-162,-103,-336,148,-145,-125
1110,7,7,-133,-22,31,-5,-131,-132,-377,284,-176,10
1111,4,4,-163,38,-119,-207,308,-142,-215,30,-111,-56
1112,4,4,86,-83,-68,-209,128,-94,93,-112,-284,-219
1113,5,5,-92,-177,-217,-74,-184,318,20,-81,-71,1
1114,3,3,-138,-37,111,217,-295,-144,-278,32,83,-85
1115,5,5,-123,-109,-191,0,-168,276,-80,-66,-71,56
1116,4,4,-111,-7,-25,-170,228,-59,-118,8,-87,-66
1117,7,7,-121,26,59,23,-196,-244,-448,259,-54,-6
1118,8,8,-168,-58,122,118,-213,-142,-243,75,162,-48
1119,7,7,-67,47,160,-126,-108,-233,-312,220,-20,-178
1120,8,8,-40,4,-129,-91,-77,-37,-70,-74,149,-21
1121,0,0,214,-106,-58,-206,-60,-48,48,-144,-210,-114
1122,7,7,-103,-4,27,-24,-110,-55,-254,182,-134,-2
1123,6,6,47,-180,-233,-136,-57,92,277,-181,-73,-171
1124,8,5,-16,-38,-22,-95,-113,46,-81,10,36,6
1125,8,8,-184,-44,-93,23,27,-72,-248,62,134,100
1126,7,7,-51,-58,-5,-71,-52,-193,-333,272,-110,43
1127,3,3,-251,-91,-102,329,-220,-89,-421,63,75,96
1128,3,3,-117,-36,57,174,-197,-58,-317,166,-147,-58
1129,1,1,-90,318,-115,-273,41,-137,-143,-19,-139,-218
1130,9,9,-111,-192,-67,-48,90,-47,-253,22,-80,247
1131,5,5,-128,-162,-233,-80,-121,312,68,-47,-44,-60
1132,2,2,31,36,403,-87,-199,-295,-207,47,-134,-277
1133,7,7,-98,49,69,-24,-112,-212,-382,236,-108,-7
1134,3,3,-376,9,-138,460,-210,-40,-432,109,-120,-27
1135,5,5,-96,-88,-312,-107,-134,288,-30,-74,-36,27
1136,1,1,-47,260,-188,-280,37,-84,-96,-64,-91,-157
1137,1,1,-87,169,-94,-182,79,-39,-85,-40,-65,-70
1138,2,2,-21,94,141,-35,-39,-115,-134,42,-153,-161
1139,1,1,-65,280,-129,-297,81,-111,-123,-62,-138,-164
1140,4,4,-153,32,-73,-225,259,-75,-142,38,-143,-86
1141,7,7,-198,55,72,9,-164,-229,-514,344,-165,-20
1142,4,4,-67,87,-126,-371,298,-138,-113,-71,-166,-83
1143,7,7,-194,52,133,43,-113,-284,-406,355,-118,-146
1144,5,5,-165,-84,-287,76,-174,312,-124,15,-173,34
1145,4,4,-169,-14,-61,-38,205,-112,-201,133,-196,-123
1146,5,5,-132,-28,-167,2,-131,235,-100,-14,-126,32
1147,4,4,-161,-10,-150,-175,193,-75,-150,155,-145,-53
1148,0,0,235,-182,-58,-109,-118,-89,-60,-74,-151,-24
1149,8,8,-88,-114,-7,66,-166,-113,-209,23,227,35
1150,3,3,-253,-2,-119,276,-119,25,-319,85,-166,10
1151,6,6,-20,2,-115,-146,19,51,169,-189,-66,-212
1152,9,9,-153,-143,-136,-10,35,8,-277,111,-98,186
1153,6,6,88,-167,-130,-230,-148,92,229,-239,21,-139
1154,0,7,100,-2,-102,-167,-141,-66,-214,233,-234,-86
1155,2,2,12,42,247,-86,-111,-183,-156,66,-95,-166
1156,7,7,-83,-19,-87,26,-83,-10,-178,162,-17,-32
1157,4,4,-64,-68,-17,-186,210,-94,-79,11,-110,-82
1158,4,4,-87,-109,-104,-245,293,-76,-57,39,-192,-122
1159,4,4,-9,12,-60,-275,197,-137,-63,-49,-113,-128
1160,4,4,-69,-41,-48,-193,222,-35,-44,-79,-135,-21
1161,6,6,7,-147,-280,-79,-21,127,239,-213,-114,-122
1162,6,6,14,-258,-193,-165,-50,55,350,-169,-61,-209
1163,4,4,-148,123,-192,-280,284,-116,-145,103,-129,-293
1164,7,7,-120,-7,-132,-189,-41,-110,-321,416,-192,-81
1165,9,9,-131,-73,-50,-54,51,-50,-269,60,-20,157
1166,3,3,-42,63,-58,98,-156,16,-167,-22,-81,-59
1167,4,4,-178,104,-151,-262,320,-147,-219,85,-154,-173
1168,5,5,-119,-81,-227,-13,-115,251,-74,-32,-35,20
1169,5,5,-10,-115,-336,-82,-171,240,-28,-43,6,-11
1170,8,8,-99,-149,-136,-24,-90,33,-27,25,250,-83
1171,7,7,-211,45,-55,-41,-32,-138,-344,278,-119,22
1172,3,3,-411,73,-132,415,-149,0,-337,126,-133,-107
1173,7,7,-52,3,-113,-140,-41,-145,-262,188,-25,28
1174,2,2,-29,62,429,31,-316,-423,-268,63,-62,-309
1175,7,7,-140,37,-72,-89,-16,-117,-328,251,-96,31
1176,0,0,182,29,-109,-239,-114,-84,-119,16,-191,-147
1177,2,2,-75,69,262,101,-359,-300,-364,145,-71,-159
1178,4,4,72,-101,-73,-154,128,-179,-58,-38,-117,-67
1179,1,1,-89,200,-83,-209,84,-55,-101,-65,-55,-68
1180,1,1,-143,251,-152,-212,94,-67,-158,-72,-60,-81
1181,6,6,-70,107,-175,-189,63,-6,131,-157,-87,-299
1182,6,5,-40,-147,-193,-78,-212,230,105,-151,6,-55
1183,9,9,-92,-227,-103,22,9,-99,-263,39,56,225
1184,2,2,-26,109,246,-121,-106,-181,-128,16,-66,-248
1185,8,8,-35,-150,-13,19,-126,-41,-50,-71,176,25
1186,7,7,-169,4,-139,-107,-33,-62,-237,345,-177,-61
1187,2,2,-89,64,255,89,-251,-211,-223,17,-13,-170
1188,0,0,220,-74,-95,-208,-192,-83,-41,-23,-136,-112
1189,1,1,-35,216,-81,-232,45,-68,-79,-41,-76,-128
1190,5,5,-100,3,-170,36,-248,249,-84,-66,-114,-38
1191,0,0,141,-125,24,-125,-21,-56,1,-24,-168,-77
1192,9,7,-144,8,-72,-122,16,-9,-185,150,-104,38
1193,1,1,-86,240,-115,-273,77,-78,-115,-35,-142,-119
1194,7,7,-130,-46,20,45,-25,-208,-365,224,-61,51
1195,0,0,208,-43,-113,-203,-159,-90,-104,-2,-146,-96
1196,6,6,-7,-112,-248,-191,43,65,311,-302,-45,-253
1197,0,0,182,-63,-84,-196,-109,-72,-19,-31,-206,-118
1198,8,5,-199,3,-37,-19,-46,66,-74,66,53,-96
1199,6,6,63,-169,-257,-121,-37,118,232,-159,-137,-124
1200,8,1,-3,40,-130,-93,-41,-6,-49,-61,31,-59
1201,1,1,-94,218,-111,-269,71,-97,-160,-17,-104,-62
1202,8,8,-31,-157,55,-82,-208,90,18,-59,123,-61
1203,0,0,250,-213,-62,-104,-137,-69,-35,-78,-132,-28
1204,3,3,-249,26,90,278,-319,-108,-403,109,-5,-72
1205,3,3,-379,-2,-124,436,-217,-14,-428,96,-128,-2
1206,7,7,-84,2,131,7,-182,-330,-428,218,-23,-22
1207,2,2,-32,49,272,-26,-124,-160,-176,45,-122,-192
1208,3,3,-118,-63,-84,199,-127,-23,-174,1,25,26
1209,6,6,-72,-36,-139,-53,-69,84,177,-150,-25,-260
1210,2,2,-45,115,346,-14,-161,-248,-284,112,-226,-296
1211,1,1,-113,364,-116,-372,98,-222,-184,11,-164,-256
1212,6,6,51,-111,-173,-155,-33,52,192,-174,-43,-125
1213,1,1,-114,255,-125,-267,100,-117,-161,-31,-130,-89
1214,1,1,-45,253,-176,-303,69,-100,-92,-76,-118,-155
1215,3,3,-264,43,-7,306,-195,-73,-301,101,-59,-77
1216,7,7,-30,-14,-31,-63,-51,-61,-179,144,-74,22
1217,9,9,-169,69,-113,-84,2,-70,-312,75,-92,129
1218,0,0,225,-141,-88,-79,-176,-38,25,-69,-111,-47
1219,8,8,38,-131,33,2,-221,-53,-16,-59,113,-68
1220,0,0,179,-108,-79,-74,-170,-41,-84,67,-139,-28
1221,5,5,-150,-143,-197,28,-167,298,-44,-110,-33,43
1222,4,4,-141,43,-102,-207,294,-101,-157,41,-131,-142
1223,0,0,190,-110,-72,-130,-131,-19,-61,-23,-217,33
1224,2,2,17,29,157,-142,35,-81,-15,-61,-86,-233
1225,8,8,-140,-114,-90,75,-162,12,-128,-64,248,11
1226,7,2,-127,81,154,69,-136,-105,-158,121,-149,-213
1227,2,2,-77,121,253,27,-192,-189,-258,76,-132,-192
1228,9,9,-175,-205,-149,159,-86,23,-340,12,-22,213
1229,8,3,-140,-41,31,134,-223,-95,-216,46,123,-12
1230,4,4,-225,1,-28,-109,251,-51,-202,29,-127,-67
1231,0,0,199,-91,-38,-130,-145,-45,-123,23,-205,-32
1232,9,4,-23,31,-100,-217,97,-60,-68,-72,-90,23
1233,5,5,-163,-37,-209,-2,-85,268,9,-99,-179,-29
1234,8,8,21,-96,36,-172,-71,-11,31,-91,116,-125
1235,5,5,-106,-48,-177,-15,-165,224,-29,-90,-90,32
1236,1,1,-159,177,-92,-147,70,-82,-178,7,-76,-11
1237,2,2,-21,84,309,-68,-236,-287,-173,26,-8,-224
1238,1,1,-105,237,-117,-238,79,-96,-134,-34,-109,-87
1239,3,3,-215,-19,-283,278,-170,173,-187,-21,-77,-7
1240,1,1,-63,254,-213,-317,60,-47,-62,-88,-124,-186
1241,7,7,-76,84,-9,-152,-18,-134,-252,168,-65,-85
1242,4,4,-64,2,-78,-142,118,-33,-59,-29,-88,31
1243,5,5,-185,-103,-164,-60,-77,278,59,-173,-33,-55
1244,7,7,-163,74,55,-40,-121,-170,-392,264,-128,-19
1245,2,2,-4,-5,371,-34,-173,-229,-185,47,-111,-260
1246,0,0,153,-101,-139,-41,-195,34,-22,-7,-58,-84
1247,9,7,6,-5,-35,10,-102,29,-211,53,-193,-5
1248,8,5,-40,-40,-52,56,-152,67,-38,-32,32,-57
1249,8,8,-85,-111,-71,35,-77,-42,-136,-37,218,34
1250,6,6,-1,2,-194,-193,48,46,177,-170,-134,-196
1251,2,2,-22,124,166,-3,-46,-167,-180,24,-188,-224
1252,5,5,-165,24,-180,65,-110,185,-105,41,-133,-21
1253,4,4,-30,-160,-157,-254,200,-62,-2,27,-177,-61
1254,1,1,-83,209,-105,-213,69,-78,-116,-35,-66,-75
1255,9,9,-173,-50,-118,-37,65,-42,-269,26,-3,196
1256,2,2,-64,55,136,5,-232,-130,-374,132,-152,-23
1257,1,1,-87,260,-113,-287,79,-98,-84,-31,-110,-191
1258,5,5,-103,-68,-178,-61,-183,241,-59,-125,11,57
1259,8,8,-67,-106,23,-53,-161,86,-104,-7,116,-3
1260,7,7,-106,85,1,-71,-66,-110,-231,121,-41,4
1261,0,0,259,-180,-65,-165,-207,-42,-19,-29,-140,-77
1262,2,2,-44,56,252,-19,-144,-146,-154,55,-109,-194
1263,4,4,-70,-49,-144,-165,148,4,-13,31,-213,-57
1264,4,4,-185,24,-148,-206,241,-28,-103,-57,-94,20
1265,3,3,-280,51,46,266,-198,-69,-321,122,-62,-87
1266,6,6,-26,-81,-272,-174,53,66,171,-53,-169,-146
1267,8,8,-47,-178,62,45,-126,-105,-177,1,203,63
1268,8,8,-49,-159,-3,55,-209,-66,-127,-58,243,41
1269,2,2,22,-57,147,-24,-34,-115,-65,-6,-71,-126
1270,4,4,-151,1,-77,-164,210,-117,-231,117,-138,24
1271,0,0,221,-134,-92,-112,-135,-34,-9,-30,-203,-1
1272,5,5,-87,-165,-153,-21,-114,218,1,-10,-10,0
1273,0,0,204,-172,-140,-142,-178,47,19,-61,-136,-75
1274,4,4,-8,48,-97,-192,107,-24,27,-74,-89,-98
1275,4,4,-131,27,-4,-141,208,-82,-148,40,-139,-91
1276,7,7,-194,10,70,32,-30,-172,-301,315,-183,-89
1277,9,9,-71,-159,-76,-34,-8,27,-147,27,-44,144
1278,3,3,-343,51,-145,423,-242,-10,-347,80,-95,-55
1279,4,4,-46,-78,-122,-89,101,-158,-93,48,-5,-16
1280,1,1,-66,235,-94,-249,66,-97,-105,-20,-112,-140
1281,5,5,5,-113,-237,-166,-216,200,-54,142,-146,-76
1282,9,9,-119,-142,-33,-13,25,-120,-289,55,40,200
1283,7,7,-186,32,91,26,-87,-129,-257,253,-92,-121
1284,3,3,-322,7,-162,386,-208,21,-314,49,-54,-4
1285,5,5,-121,-90,-287,-37,-95,275,-21,-39,-107,1
1286,8,8,-98,-79,-104,-48,-77,-3,-33,-129,203,22
1287,8,8,-20,-103,-27,7,-87,-61,-83,-32,155,-25
1288,0,0,162,-9,-59,-277,-5,-151,-67,-40,-210,-143
1289,5,5,-91,-121,-199,-34,-109,238,-4,-47,-3,9
1290,3,3,-194,35,-177,136,-85,132,-148,-20,-125,2
1291,3,3,-247,55,-86,281,-110,-20,-194,110,-125,-179
1292,6,6,16,-172,-193,-114,-155,130,207,-131,-17,-113
1293,6,6,-51,-112,-54,-128,-21,72,219,-127,-21,-284
1294,0,0,237,-165,-43,-127,-193,-73,-85,2,-131,-43
1295,1,1,-76,278,-112,-286,88,-127,-121,-19,-131,-181
1296,6,6,-58,-19,-80,-224,26,46,190,-214,17,-216
1297,0,0,243,-134,-63,-123,-240,-25,-92,27,-149,-62
1298,3,3,-200,40,18,224,-174,-31,-242,107,-64,-112
1299,5,7,-56,47,-67,-102,-189,31,-326,244,-314,-20
1300,4,4,-53,-63,-65,-170,202,-59,-68,58,-182,-105
1301,4,4,-163,17,-115,-208,228,-10,-106,-85,-117,28
1302,1,1,-190,230,-111,-184,85,-94,-241,-9,-70,-13
1303,2,2,15,-3,325,-51,-187,-242,-291,124,-118,-195
1304,9,9,-149,-174,-76,4,50,-45,-283,1,17,248
1305,1,1,-58,330,-116,-413,113,-170,-102,-61,-147,-270
1306,4,4,-132,49,-100,-268,247,-32,-86,-1,-141,-121
1307,6,6,54,-119,-200,-133,-24,84,203,-143,-142,-104
1308,9,9,-81,-157,-48,-41,45,-57,-267,81,-141,208
1309,9,9,-107,-158,-68,-26,48,-54,-240,42,-29,204
1310,3,3,-172,3,-91,173,-169,14,-315,89,-113,46
1311,9,9,-119,-119,-90,-12,63,-42,-217,51,-16,164
1312,8,8,37,-224,-50,34,-119,-117,-13,-89,185,2
1313,4,4,-178,64,-122,-207,276,-90,-161,81,-141,-151
1314,4,4,-48,7,-136,-303,290,4,-23,-50,-223,-217
1315,3,3,-262,35,-143,274,-114,81,-139,20,-106,-133
1316,1,1,-60,274,-102,-303,84,-124,-123,-38,-124,-163
1317,3,3,-232,-46,-102,312,-203,-9,-243,-4,34,20
1318,1,1,-95,323,-116,-311,59,-201,-214,28,-136,-171
1319,8,3,73,-135,-68,102,-260,35,-157,55,-58,-71
1320,8,8,-48,-20,-54,-19,-62,-85,-104,-62,147,7
1321,7,7,-179,56,36,-14,-71,-212,-405,288,-156,-1
1322,9,9,-109,-157,-51,-15,41,-55,-247,76,0,155
1323,4,4,-140,89,-127,-298,288,-56,-118,19,-193,-187
1324,8,8,-102,-34,-74,-122,0,-146,-227,29,128,69
1325,8,8,-15,-191,-7,70,-60,-96,-24,-124,155,1
1326,7,7,-121,80,66,-41,-99,-226,-345,182,-51,-35
1327,9,9,-163,-108,-70,53,43,-34,-226,26,-27,177
1328,7,7,-49,-73,-59,-23,-50,-82,-252,202,-50,27
1329,1,1,-40,239,-84,-261,51,-70,-86,-57,-84,-155
1330,4,4,-251,186,-188,-279,310,-141,-265,78,-196,-161
1331,5,5,-118,-56,-121,52,-163,191,-103,-62,-34,19
1332,6,6,39,-238,-240,-121,-59,32,326,-177,-7,-189
1333,0,0,281,-173,-112,-129,-192,-40,-53,-16,-198,-40
1334,5,5,-124,-87,-197,-2,-138,266,-99,-6,-127,40
1335,2,2,-93,153,330,-1,-212,-263,-227,67,-123,-289
1336,2,2,-61,139,324,-30,-180,-328,-302,149,-154,-247
1337,2,2,71,83,150,-161,-22,-144,-28,-100,-189,-308
1338,1,1,-154,203,-90,-172,69,-127,-223,20,-54,0
1339,5,5,-162,-11,-240,59,-150,248,-126,37,-192,21
1340,5,5,-90,-114,-176,-136,-184,293,33,-133,-20,19
1341,2,2,-51,69,318,8,-167,-235,-283,90,-163,-194
1342,4,4,-142,10,-116,-238,262,-59,-124,43,-164,-66
1343,9,9,-155,-69,-66,-74,116,-84,-285,75,-8,169
1344,6,6,30,-34,-236,-217,2,84,187,-200,-114,-145
1345,2,2,-96,88,302,-68,-108,-116,-133,56,-92,-310
1346,7,7,-177,15,-107,-59,-11,-74,-268,232,-81,45
1347,7,7,-124,27,-78,-178,75,-139,-312,237,-169,30
1348,2,2,109,-91,145,-61,-4,-106,-69,-133,-217,-120
1349,2,2,-109,67,187,36,-200,-196,-261,162,-50,-144
1350,1,1,-103,235,-119,-249,98,-89,-130,-39,-103,-96
1351,1,1,-68,301,-175,-289,74,-111,-91,-80,-128,-215
1352,2,2,102,-102,359,-59,-204,-258,-280,72,-138,-178
1353,8,8,-139,-78,-32,129,-190,-66,-216,-31,196,60
1354,3,3,-186,8,-51,317,-201,-64,-264,52,-46,-40
1355,7,7,-57,20,-113,-148,29,-31,-112,79,-87,5
1356,2,2,5,34,211,-61,-102,-197,-146,60,-50,-132
1357,4,4,-11,1,-63,-149,97,-26,-93,35,-112,-8
1358,1,1,-79,236,-84,-206,46,-119,-125,-2,-88,-123
1359,7,7,-126,2,53,16,-170,-166,-423,258,-130,0
1360,1,1,-135,183,-83,-162,66,-87,-174,1,-70,-15
1361,7,7,-133,42,-40,12,-143,-126,-361,232,-94,0
1362,6,6,-26,-150,-249,-116,-41,93,249,-68,-101,-236
1363,7,7,-60,19,20,-85,6,-58,-127,175,-131,-107
1364,8,7,-23,-63,51,42,-26,-102,-121,66,-11,-27
1365,2,2,-114,176,201,66,-214,-104,-297,76,-218,-217
1366,7,7,-188,39,-67,-54,-24,-86,-263,275,-161,-36
1367,3,3,-346,20,-93,431,-197,-60,-436,108,-111,-21
1368,1,1,-40,177,-62,-194,64,-70,-79,-30,-62,-96
1369,7,7,-187,-18,10,36,-159,-113,-413,306,-211,0
1370,5,5,-130,-104,-218,-53,-158,316,-28,-96,-62,33
1371,8,8,-110,-105,121,92,-307,-113,-180,-9,219,-50
1372,2,2,-72,34,262,118,-264,-289,-254,97,-60,-173
1373,6,6,0,-160,-227,-103,-23,99,299,-216,-113,-182
1374,2,2,40,23,264,-88,-31,-192,-144,12,-118,-205
1375,2,2,5,45,269,36,-281,-312,-241,39,-18,-152
1376,5,5,-169,-142,-324,12,-226,401,-100,-96,-67,54
1377,6,6,-29,-164,-224,-86,-54,133,227,-178,-31,-131
1378,5,5,-63,-64,-86,-121,-102,161,134,-151,13,-147
1379,0,0,177,-137,-75,-120,-138,-60,-135,44,-163,-21
1380,9,9,19,-125,-69,-76,33,-33,-60,-56,-44,115
1381,2,2,-152,3,359,250,-438,-369,-424,143,4,-216
1382,4,4,-88,-73,-159,-204,237,-43,-31,68,-211,-145
1383,3,3,-205,74,-102,273,-165,26,-187,21,-107,-110
1384,3,3,-204,21,-30,234,-179,-67,-293,68,-12,4
1385,9,9,-105,-70,-14,17,3,-116,-288,55,27,135
1386,7,7,-57,-65,-64,-62,-27,-196,-344,293,-56,25
1387,6,6,2,-125,-151,-106,8,42,254,-184,-112,-211
1388,6,6,43,-201,-203,-115,-166,91,245,-149,-67,-91
1389,8,8,-86,-201,-135,79,-135,18,-81,-108,290,24
1390,0,0,182,-188,-83,-127,-87,-147,-160,64,-190,50
1391,4,4,-147,-14,-93,-174,246,-65,-177,69,-150,-22
1392,1,1,-92,167,-72,-185,88,-77,-109,-14,-83,-61
1393,5,3,-79,28,-74,92,-125,68,-98,70,-202,-103
1394,8,8,-28,-184,-14,42,-173,-44,-50,-26,172,22
1395,2,2,-18,-24,224,54,-166,-209,-208,90,-64,-146
1396,9,9,-28,-74,-105,-104,21,-74,-173,52,-92,104
1397,1,1,-144,222,-127,-215,114,-92,-170,-41,-74,-50
1398,8,8,-32,-96,49,21,-210,-57,-113,-8,174,-16
1399,0,0,178,-77,-100,-70,-159,-21,-38,-13,-125,-46
1400,6,6,-7,-165,-293,-182,-5,130,305,-282,-90,-150
1401,7,7,-84,-10,-74,-110,-56,-75,-279,237,-120,31
1402,2,2,-80,88,253,19,-222,-230,-341,213,-190,-198
1403,1,1,-78,281,-144,-263,7,-124,-38,-59,-63,-247
1404,0,0,122,61,-123,-286,-18,-139,-113,-24,-172,-125
1405,5,5,-80,-94,-199,-59,-147,257,38,-121,-20,-46
1406,5,5,-98,-30,-176,-28,-201,256,-104,-55,-9,-10
1407,2,2,-35,-2,403,0,-228,-265,-249,85,-123,-264
1408,0,0,234,-193,47,-172,14,-173,-60,-70,-213,-48
1409,2,2,-37,68,147,-38,-164,-197,-238,128,-55,-86
1410,2,2,8,4,244,-65,-64,-183,-92,37,-106,-227
1411,0,0,158,-122,-96,-119,-176,-20,-55,2,-40,-48
1412,2,2,-59,98,234,-40,-140,-222,-214,108,-70,-175
1413,4,4,-171,88,-130,-226,246,-89,-200,-58,-89,4
1414,9,0,41,-19,-44,-130,-18,-9,-71,17,-123,-3
1415,8,8,-60,-63,36,-87,-112,44,54,-11,109,-179
1416,0,0,230,-60,-29,-203,-189,-79,-84,25,-193,-148
1417,9,9,-188,-161,-84,-5,14,47,-272,49,-69,197
1418,9,9,-220,-114,-48,95,5,-82,-324,82,-31,188
1419,4,4,-190,-53,-100,-143,276,-166,-229,187,-182,-104
1420,6,6,58,-220,-221,-95,-46,99,270,-199,-102,-139
1421,5,5,-69,-162,-208,-42,-125,249,12,-40,-34,-9
1422,4,4,-54,-105,-36,-186,249,-97,-152,3,-186,48
1423,9,9,-96,-171,-101,-16,74,-58,-243,101,-67,163
1424,1,1,-51,264,-141,-296,57,-61,-88,-71,-92,-154
1425,8,8,-14,-114,-209,-86,44,-78,76,-131,103,-74
1426,3,3,-373,44,-104,362,-189,-13,-395,102,-75,-18
1427,4,4,-93,-85,-83,-120,128,-86,-107,109,-84,-14
1428,9,9,-206,-112,-102,-56,94,-27,-335,-7,-9,262
1429,9,9,-19,-113,-78,-99,57,-67,-75,-55,-28,125
1430,1,1,-122,225,-99,-206,97,-77,-146,-56,-65,-68
1431,2,2,-63,5,198,77,-369,-256,-369,157,-28,-87
1432,2,2,1,19,315,63,-375,-364,-268,66,4,-213
1433,8,8,-92,87,-108,-10,-83,-58,-159,-28,93,-31
1434,1,1,-94,231,-152,-248,75,-86,-125,-58,-53,-77
1435,9,9,-92,-115,-20,-72,16,-25,-250,86,-43,125
1436,6,6,49,-55,-258,-238,-104,106,207,-254,10,-198
1437,4,4,-192,83,-39,-117,146,-67,-183,69,-92,-51
1438,0,0,108,-46,-99,-126,-127,45,-13,17,-177,-73
1439,9,9,-171,11,-143,-96,95,-58,-263,-10,-61,195
1440,4,4,-33,-79,-90,-100,108,-66,6,-55,-29,-5
1441,8,2,-51,-88,118,56,-155,-166,-234,80,85,16
1442,3,3,-373,45,-61,430,-209,-82,-432,158,-153,-87
1443,8,8,-94,-154,-64,22,-136,-37,-142,-84,278,74
1444,6,6,17,-111,-285,-153,11,16,81,66,-286,-122
1445,0,0,179,-113,-20,-111,-164,-59,-133,105,-154,-82
1446,2,2,29,-18,347,71,-352,-410,-281,62,-11,-202
1447,5,5,-19,-149,-174,-176,-127,206,92,-56,-83,-34
1448,1,1,-81,267,-112,-277,74,-136,-151,-4,-146,-136
1449,9,9,-107,-137,-70,-16,15,-31,-255,49,-38,192
1450,6,6,23,-189,-239,-132,-13,41,255,-112,-138,-117
1451,2,2,4,-38,289,-17,-142,-170,-126,38,-109,-237
1452,9,9,-113,-118,-123,-51,57,-31,-237,13,-45,214
1453,4,4,-135,36,5,-177,198,-105,-237,-16,-109,63
1454,0,0,176,-32,-102,-201,-132,-121,-37,-43,-68,-123
1455,9,9,-60,-49,-67,-86,66,-63,-165,36,-90,101
1456,6,6,43,-70,-227,-211,45,41,213,-142,-180,-202
1457,0,0,260,-130,-126,-109,-233,2,-55,-3,-155,-103
1458,6,5,-6,-110,-250,-67,-164,131,117,-68,-203,-24
1459,2,2,-116,85,250,98,-204,-155,-277,85,-122,-187
1460,5,5,-118,-66,-106,-8,-152,212,-44,-87,-23,22
1461,4,4,-94,-29,10,-257,315,-138,-171,86,-182,-170
1462,2,2,30,-42,242,-40,-51,-239,-235,88,-121,-117
1463,3,3,-120,-38,-57,260,-291,-68,-452,69,-113,70
1464,8,3,-92,-46,-30,135,-208,-6,-142,30,71,-26
1465,4,4,-37,35,5,-144,164,-111,-48,-10,-111,-150
1466,5,5,-4,-40,-228,55,-224,171,-105,73,-156,-72
1467,5,5,-90,-152,-234,17,-144,245,-78,37,-123,11
1468,0,0,154,-118,9,-105,-64,-68,-53,-17,-197,34
1469,3,3,-112,-25,-9,174,-124,2,-67,-23,-165,-138
1470,8,8,-91,-172,-86,101,-146,33,-161,-19,185,30
1471,5,5,-118,-93,-212,-44,-127,276,-29,-67,-46,25
1472,3,3,-125,16,-93,198,-125,10,-148,-1,-34,-25
1473,5,5,-27,-96,-301,-167,-204,277,5,-16,-21,-51
1474,8,8,-88,-28,-86,-39,-27,-135,-198,-34,162,59
1475,6,6,66,17,-187,-269,33,41,168,-227,-164,-187
1476,5,5,-39,-70,-187,44,-196,220,-75,4,-191,-51
1477,7,7,-53,-33,-40,-69,4,-55,-138,176,-92,-34
1478,6,6,-4,0,-159,-204,41,31,219,-243,-58,-247
1479,3,3,-304,0,-128,411,-268,-34,-460,57,-88,48
1480,3,3,-324,28,-102,398,-237,-24,-385,87,-112,-28
1481,9,9,-115,-119,-44,7,37,-40,-219,33,-37,179
1482,6,6,26,-88,-120,-102,-91,80,188,-174,-41,-144
1483,1,1,-108,222,-82,-200,64,-71,-150,-28,-58,-71
1484,1,1,-46,202,-104,-222,57,-63,-71,-40,-83,-124
1485,2,2,8,33,313,-51,-164,-195,-241,87,-166,-199
1486,9,9,-202,-88,-38,106,-53,-60,-275,42,40,146
1487,0,0,233,-95,-104,-96,-210,-27,-49,-44,-219,-29
1488,4,4,-80,-96,-168,-189,183,-121,-57,99,-90,-124
1489,3,3,-330,21,-126,411,-212,37,-310,111,-136,-99
1490,3,3,-251,36,-86,320,-277,42,-196,39,-49,-161
1491,6,6,27,-204,-235,-134,-70,105,327,-205,-139,-182
1492,9,9,-96,-107,-58,-16,-23,9,-229,64,-69,151
1493,5,5,-114,-102,-187,-49,-184,290,-65,-99,-11,41
1494,7,7,-39,-29,-93,-139,-86,-33,-265,261,-144,-6
1495,3,3,-133,6,9,182,-157,-6,-218,58,-186,-65
1496,7,7,-60,1,20,-114,-138,-111,-277,244,-93,-18
1497,7,7,-92,-92,-55,-28,-65,-103,-291,275,-150,55
1498,7,7,-136,-56,-169,-101,7,-87,-282,304,-94,36
1499,8,8,-70,-108,-43,66,-228,1,-60,14,184,-67
1500,7,7,-169,107,-6,-5,-31,-200,-306,168,-99,-6
1501,9,9,-38,-138,37,45,-34,-125,-205,36,-34,110
1502,8,8,-34,-112,-106,5,-136,107,56,-143,108,-76
1503,3,3,-209,26,-56,192,-93,-31,-297,77,-123,28
1504,0,0,181,-68,-33,-134,-180,-31,-146,102,-207,-65
1505,7,7,-110,34,55,0,-157,-178,-358,209,-63,0
1506,2,2,-63,57,361,28,-234,-331,-309,95,-56,-224
1507,7,7,-97,43,43,7,-132,-192,-364,218,-94,-6
1508,9,9,-149,-157,-117,7,59,-62,-209,73,-2,164
1509,4,4,-196,1,-40,-149,209,-154,-275,164,-162,-15
1510,5,5,-145,-84,-263,49,-120,258,-84,14,-165,46
1511,4,4,-215,48,-138,-191,282,-147,-200,90,-48,-142
1512,9,9,-120,-92,-43,-93,23,35,-198,-67,-59,207
1513,3,3,-253,72,-94,232,-112,12,-265,70,-118,-25
1514,2,2,-71,4,269,147,-428,-333,-333,80,56,-146
1515,1,1,-53,289,-141,-306,65,-108,-138,-53,-123,-158
1516,4,4,-98,47,-109,-182,171,-70,-81,-20,-116,-55
1517,0,0,228,-171,-58,-129,-176,-76,-81,28,-158,-39
1518,2,2,-52,105,355,-92,-199,-329,-250,139,-99,-268
1519,3,3,-175,-21,-46,330,-239,-43,-353,80,-139,-36
1520,7,7,-47,-74,-9,-34,-72,-110,-263,213,-32,2
1521,5,5,-164,-67,-188,-14,-174,309,-105,-53,-103,43
1522,7,7,-121,38,-58,-115,-4,-39,-228,92,-36,75
1523,8,5,-135,-43,-92,-13,-200,110,106,-120,81,-164
1524,8,8,-98,-120,-77,48,-161,2,-182,9,179,29
1525,5,5,52,-25,-171,-33,-183,120,-57,57,-126,-94
1526,0,0,145,-149,-55,-30,-109,-65,-111,9,-46,14
1527,1,1,-165,155,-46,-7,-43,77,-59,-74,-193,-219
1528,1,1,-32,250,-99,-277,67,-66,-56,-92,-92,-185
1529,4,4,-51,-195,-43,-162,264,-148,-39,-88,-58,-39
1530,8,7,-108,-71,-90,17,-138,-66,-283,215,33,33
1531,3,3,-252,32,-220,232,-137,174,-165,16,-158,-37
1532,9,9,-67,-154,-35,11,-7,-144,-267,74,55,146
1533,0,0,172,-44,-69,-227,-114,-71,-46,36,-264,-147
1534,0,0,217,-68,32,-256,-24,-183,-44,-62,-226,-149
1535,0,0,196,-63,-76,-172,-221,10,-120,96,-180,-99
1536,6,6,-3,-168,-168,-91,-135,108,230,-156,-84,-102
1537,6,6,77,-73,-152,-199,-33,13,255,-252,-55,-245
1538,2,2,-18,43,230,-60,-31,-218,-160,61,-94,-193
1539,3,3,-281,22,-62,307,-201,-2,-359,125,-189,-44
1540,7,7,-70,-14,-30,-52,-47,-60,-208,191,-128,15
1541,8,8,0,-90,-92,-72,-135,-26,-11,-98,162,-24
1542,4,4,-166,51,-59,-215,282,-89,-152,31,-161,-153
1543,7,7,-111,-87,-7,13,26,-113,-270,217,-125,40
1544,7,7,-210,39,4,9,-84,-179,-403,331,-164,-22
1545,9,9,-203,-150,-118,53,5,10,-356,92,-112,236
1546,2,2,-41,40,286,21,-217,-150,-171,21,-77,-221
1547,4,4,-173,66,-247,-185,217,4,-103,-26,-119,-59
1548,1,1,-99,187,-51,-167,29,-92,-169,17,-65,-41
1549,4,4,-37,62,-24,-369,281,-109,29,-119,-176,-297
1550,5,5,-100,-89,-223,-58,-172,280,-59,-53,-9,3
1551,2,2,-35,-11,183,-99,-220,-180,-163,76,81,-100
1552,4,4,-119,-3,-59,-179,224,-73,-156,50,-150,-36
1553,9,9,-100,-136,-116,54,-21,62,-220,-56,-46,145
1554,9,9,-202,65,-87,-99,35,-82,-338,100,-29,123
1555,1,1,-59,264,-91,-311,89,-135,-130,-19,-129,-156
1556,8,8,9,-205,38,41,-231,-157,-152,8,237,7
1557,4,4,-69,10,-98,-232,268,-125,-90,-72,-130,-48
1558,0,0,182,-100,-85,-145,-218,-4,-78,64,-139,-103
1559,9,9,-62,-59,-45,2,-51,47,-169,16,-102,82
1560,8,8,-23,-204,-100,-35,-127,-24,-15,-181,248,37
1561,4,4,-38,6,-77,-190,199,-14,-68,-9,-174,-105
1562,8,8,59,-123,-27,-27,-201,-13,-77,36,78,-67
1563,7,7,-70,28,-47,-100,-51,-111,-271,219,-112,6
1564,7,7,-124,53,13,-29,-66,-166,-351,242,-121,-2
1565,0,0,197,-149,-35,-177,-127,-86,-45,26,-202,-63
1566,7,7,-91,53,-81,-157,13,-27,-170,138,-120,12
1567,8,8,-134,-140,-103,171,-175,-77,-261,38,197,70
1568,8,8,-55,-126,-69,46,-207,49,-92,-89,189,-3
1569,6,6,9,-97,-89,-114,56,27,98,-18,-151,-137
1570,0,0,91,-60,-52,-219,86,-141,40,-56,-202,-156
1571,4,4,-138,-13,-39,-149,191,-36,-163,25,-107,29
1572,8,8,-43,-167,-62,45,-133,-86,-193,-32,201,101
1573,8,8,-8,-127,-11,-25,-112,-72,-23,-114,190,-11
1574,2,2,-11,-12,306,20,-174,-279,-200,38,-78,-186
1575,4,4,-89,44,-30,-291,334,-201,-233,18,-183,-88
1576,7,7,-124,36,91,-16,-148,-184,-422,270,-162,-19
1577,6,6,13,-147,-164,-161,-24,57,304,-203,-100,-251
1578,6,6,-35,-162,-148,-81,-30,61,270,-196,-30,-168
1579,6,6,68,-86,-203,-274,-114,110,228,-176,-57,-214
1580,4,4,-123,91,-104,-198,227,-88,-138,54,-129,-167
1581,7,7,-197,-56,51,86,-70,-169,-405,206,-67,48
1582,1,1,-51,251,-175,-267,71,-55,-59,-68,-115,-182
1583,8,8,-56,-92,-84,89,-134,14,-86,-63,129,40
1584,8,8,-27,-100,-4,-59,-6,-97,-113,-59,133,39
1585,2,2,-45,49,322,-1,-166,-224,-289,124,-169,-226
1586,3,3,-197,-42,-39,268,-193,-29,-357,72,-126,17
1587,6,6,-22,-118,-228,-110,-18,140,217,-183,-76,-186
1588,3,3,-329,96,-84,372,-196,-30,-368,125,-191,-87
1589,0,0,243,-174,-63,-136,-157,-59,-63,2,-232,38
1590,0,0,201,-48,-102,-218,-186,-97,-73,-10,-120,-91
1591,3,3,-251,-41,-90,345,-228,-91,-306,-2,96,23
1592,7,7,-147,56,19,5,-170,-209,-407,295,-80,-46
1593,6,6,3,-32,-70,-96,2,34,140,-139,-63,-149
1594,9,9,-129,-100,-131,-87,138,-84,-215,55,-51,154
1595,7,7,-89,-18,86,25,-174,-155,-376,216,-139,6
1596,9,9,-107,-55,-55,-69,63,-58,-197,48,-52,147
1597,9,7,-80,-32,-81,-96,27,-107,-241,150,-17,70
1598,5,5,-108,-79,-196,5,-216,307,-93,-75,-57,14
1599,4,4,-162,-22,-7,-196,311,-92,-200,27,-178,-61
1600,3,3,-251,-54,-228,335,-212,154,-237,-17,-52,14
1601,3,7,-153,-5,64,181,-149,-103,-294,213,-134,-122
1602,6,6,36,-93,-217,-236,22,63,272,-265,-102,-182
1603,1,1,-133,271,-163,-204,87,-37,-123,-106,-56,-121
1604,2,2,5,25,318,77,-269,-350,-290,85,-83,-224
1605,3,3,-293,45,-144,320,-194,-18,-373,54,-98,44
1606,7,7,-143,-7,-98,-124,10,-135,-351,292,-71,43
1607,3,3,-273,82,-132,137,-25,43,-204,19,-61,-42
1608,3,3,-341,46,-180,382,-181,53,-326,78,-170,-51
1609,2,2,103,-147,157,-67,69,-174,-101,-26,-236,-123
1610,0,0,203,-90,-141,-108,-214,7,-152,115,-228,-47
1611,3,3,-112,23,-143,132,-148,120,-93,-7,-84,-54
1612,3,3,-177,-53,-151,326,-280,83,-339,47,-134,-3
1613,8,8,-64,-141,24,80,-199,-56,-118,-21,194,-5
1614,4,4,-10,-123,-23,-173,161,-88,-32,-50,-89,-10
1615,3,3,-288,42,-70,327,-155,-9,-319,113,-145,-66
1616,6,6,102,-169,-177,-129,-135,41,197,-152,-94,-33
1617,3,3,-288,86,3,248,-133,-87,-348,172,-130,-91
1618,5,5,-344,-37,-412,112,-46,265,-296,38,-45,87
1619,0,0,138,-9,-64,-168,-161,10,-44,44,-144,-96
1620,2,2,-12,-9,350,93,-263,-318,-222,46,-106,-288
1621,0,6,138,-152,-263,-123,-63,71,159,-109,-186,-69
1622,9,9,-114,-140,-74,-31,28,-32,-246,35,-24,201
1623,0,0,158,-108,-58,-70,-134,-72,-129,73,-139,-8
1624,7,7,-178,20,-63,-58,-53,-84,-314,237,-121,45
1625,4,4,-83,14,-66,-189,222,-32,-100,49,-178,-165
1626,6,6,-33,-103,-244,-50,-28,131,178,-137,-79,-160
1627,9,9,82,-245,26,32,-11,-157,-145,-46,-1,116
1628,3,3,-242,6,-187,331,-168,81,-213,9,-113,-44
1629,5,5,-185,-116,-216,-25,-141,344,-41,-112,-38,44
1630,1,1,-46,235,-99,-294,90,-84,-82,-55,-110,-150
1631,9,9,-173,-58,-71,-92,63,-53,-323,112,-83,177
1632,6,6,28,-177,-216,-172,-20,76,312,-226,-131,-190
1633,1,1,-58,296,-102,-320,85,-115,-114,-50,-136,-195
1634,4,4,-175,137,-192,-199,168,-92,-209,53,-58,-23
1635,5,5,-110,-88,-207,-42,-145,267,50,-153,-31,-35
1636,4,4,-125,100,-31,-183,262,-215,-208,95,-164,-233
1637,5,5,-189,-113,-399,114,-79,281,77,-123,-182,-112
1638,0,0,209,-62,-58,-246,-17,-215,-106,-49,-177,-114
1639,5,5,-123,-113,-183,0,-127,261,-30,-59,-74,30
1640,9,9,-67,-133,-60,-84,27,-44,-186,117,-129,138
1641,5,5,-29,-159,-218,-29,-129,205,63,-54,-24,-20
1642,2,2,7,-22,193,-124,-23,-125,-22,-70,-35,-153
1643,1,1,-51,256,-125,-316,94,-68,-71,-93,-127,-159
1644,2,2,-39,33,200,63,-234,-274,-236,82,15,-126
1645,9,9,-55,-146,-54,-52,28,-40,-199,34,-81,183
1646,1,1,-129,343,-154,-334,79,-180,-146,-33,-89,-218
1647,9,9,-72,-76,-83,-76,51,-57,-196,36,-63,153
1648,9,9,-119,-72,-75,-35,13,-23,-242,64,-35,158
1649,4,4,-157,103,-173,-267,274,-143,-192,130,-226,-197
1650,0,0,194,-78,35,-164,-147,-83,-85,21,-117,-100
1651,8,8,-76,-97,-51,17,-91,-79,-143,-94,209,65
1652,4,4,-81,-44,-41,-180,204,-23,-86,-22,-121,5
1653,5,5,-157,-95,-213,57,-160,281,-145,9,-144,52
1654,2,2,-124,40,140,105,-164,-79,-206,95,-105,-125
1655,9,9,-58,-162,-52,-48,38,-25,-165,57,-75,152
1656,2,2,-44,123,342,-108,-205,-196,-187,60,-115,-281
1657,1,1,-61,216,-129,-225,81,-53,-70,-60,-83,-132
1658,2,2,-47,92,216,-72,-180,-176,-188,95,-57,-139
1659,1,1,-77,254,-115,-269,48,-113,-136,-1,-126,-126
1660,7,7,-94,35,42,-23,-123,-196,-335,242,-90,-29
1661,3,3,-336,60,6,361,-271,-55,-425,129,-137,-75
1662,6,6,24,-102,-161,-177,18,48,272,-223,-70,-214
1663,8,8,-124,-152,10,92,-244,-7,-218,13,199,48
1664,8,8,-7,-70,-20,-62,-160,-22,-7,-105,148,-36
1665,4,4,-185,79,-87,-186,247,-40,-168,-36,-89,-81
1666,9,9,-104,-148,-30,56,-23,-88,-231,9,31,185
1667,1,1,-107,214,-157,-197,54,-91,-158,-66,-6,-44
1668,9,9,-170,-91,-76,-9,67,-80,-311,53,2,198
1669,8,8,-87,-146,-67,105,-124,-22,-183,-12,161,84
1670,5,5,-82,-46,-153,53,-214,225,-145,-39,-69,10
1671,7,7,-189,54,-48,25,-86,-70,-270,208,-133,-5
1672,5,5,-184,-89,-266,-6,-157,297,-184,-56,-38,95
1673,1,1,-143,180,-94,-160,32,-127,-258,38,-89,47
1674,1,1,-90,231,-64,-210,50,-90,-145,-16,-72,-88
1675,8,8,-147,-97,-97,47,-98,-75,-190,-98,303,38
1676,6,6,52,-149,-208,-155,-73,95,251,-202,-31,-176
1677,5,5,-170,-98,-207,2,-197,311,-122,-93,6,43
1678,2,7,60,26,13,-170,-49,-65,-132,121,-180,-87
1679,4,4,-244,53,-124,-226,339,-158,-258,116,-147,-115
1680,4,4,-172,82,-124,-179,274,-112,-189,11,-97,-101
1681,3,7,-170,-61,-26,126,-185,-113,-454,214,-110,80
1682,2,2,39,-1,225,-8,-85,-174,-244,45,-221,-117
1683,3,3,-297,18,-31,385,-275,-94,-427,130,-103,-42
1684,5,5,-122,-44,-254,-73,-151,244,-68,-102,-27,55
1685,6,6,17,-185,-195,-132,-21,77,319,-236,-83,-213
1686,8,5,-53,-24,-81,23,-119,67,11,-73,58,-92
1687,8,8,-78,61,-199,-130,-90,-32,-210,-50,125,74
1688,6,6,-24,-32,-234,-187,36,86,236,-252,-89,-220
1689,2,2,45,6,217,-83,-70,-186,-136,39,-93,-147
1690,3,3,-101,-25,-106,203,-209,57,-225,9,-121,6
1691,1,1,-150,218,-90,-95,-1,-8,-125,-57,-57,-139
1692,0,0,225,-133,-3,-172,-197,-71,-42,28,-182,-41
1693,5,5,-172,-93,-189,66,-179,296,-103,-96,-74,38
1694,8,8,-13,-107,45,74,-206,-91,-63,-40,114,-48
1695,9,9,-134,-5,-152,-66,18,-65,-283,90,-33,141
1696,2,2,33,72,174,-71,-81,-156,-123,8,-116,-152
1697,9,9,-92,-185,-117,-40,85,-72,-184,35,-10,188
1698,6,6,-6,-167,-131,-91,-61,58,242,-138,-16,-144
1699,7,7,-197,36,71,17,-178,-188,-485,343,-203,-22
1700,0,0,193,-112,-136,-106,-221,2,-50,68,-143,-67
1701,4,4,-148,63,-101,-184,156,-14,-129,30,-120,-2
1702,8,8,-30,-80,-128,-66,-251,102,-35,-56,158,-49
1703,7,7,-91,-12,-10,40,-104,-135,-307,165,-52,41
1704,1,1,-76,228,-112,-261,72,-84,-115,-24,-102,-107
1705,7,7,-124,30,-37,-70,-22,-129,-292,228,-108,32
1706,4,4,-283,95,-170,-176,299,-103,-242,72,-86,-109
1707,1,1,-129,196,-85,-162,88,-69,-151,-51,-29,-49
1708,0,0,243,-114,-75,-126,-227,-42,-69,32,-239,-28
1709,9,3,-116,4,-79,74,-43,40,-123,13,-36,43
1710,7,7,-152,28,-68,-75,-17,-110,-307,221,-120,65
1711,2,2,-85,11,280,145,-384,-320,-347,145,5,-168
1712,0,0,171,-182,18,-118,-89,-185,-207,114,-207,67
1713,0,0,203,-112,-85,-97,-175,-48,-99,55,-181,-33
1714,9,9,-120,-149,-92,-44,5,0,-249,34,-30,207
1715,1,1,-74,210,-75,-212,62,-80,-115,-27,-76,-86
1716,7,7,-91,91,-31,-57,-52,-155,-256,138,-53,7
1717,8,0,77,-116,-153,7,-133,27,-68,47,3,-51
1718,7,7,-262,24,182,98,-20,-196,-393,269,-180,-122
1719,8,8,-86,-91,-51,15,-104,-104,-170,-54,254,42
1720,4,4,-171,-32,-165,-184,267,-110,-126,135,-225,-159
1721,7,7,-148,28,-124,-148,104,-102,-276,116,-68,88
1722,2,2,-100,48,254,-5,-64,-131,-117,77,-102,-309
1723,0,0,254,-216,-129,-102,-168,-31,-43,-50,-150,10
1724,4,4,-127,-73,-36,-174,241,-173,-214,118,-175,-1
1725,6,6,-44,-3,-169,-180,21,64,170,-225,-21,-164
1726,0,0,220,-120,-39,-108,-135,-66,-58,-45,-224,7
1727,3,3,-295,-14,-187,293,-177,-56,-480,114,-29,99
1728,1,1,-146,222,-103,-237,101,-88,-171,-12,-100,-43
1729,1,1,-58,292,-111,-397,112,-161,-148,-54,-144,-172
1730,3,3,-124,59,-79,142,-186,44,-187,22,-84,-19
1731,3,3,-333,45,-83,379,-189,-15,-369,107,-79,-63
1732,9,9,-115,-130,-105,78,-2,-8,-249,-8,-14,172
1733,6,6,31,-203,-228,-119,-99,33,265,-147,22,-140
1734,7,7,-68,-121,-146,-164,-72,-113,-303,391,-203,26
1735,4,4,-88,22,-12,-191,212,-52,-134,9,-117,-75
1736,1,1,-111,195,-106,-221,100,-78,-127,-33,-70,-48
1737,5,1,-40,67,-14,-9,-84,41,-60,15,-136,-112
1738,3,3,-358,77,-100,339,-147,-44,-371,123,-147,-46
1739,0,0,227,-123,-48,-139,-171,-55,-50,-39,-133,-70
1740,8,0,38,-97,-102,-88,-49,12,19,-66,29,-123
1741,7,7,-116,40,-65,-10,-183,-141,-359,209,-12,28
1742,3,3,-203,-13,-45,374,-244,-65,-281,58,-88,-90
1743,9,9,-87,-126,-112,-86,57,-46,-225,108,-69,154
1744,6,6,-14,-133,-111,-110,-40,50,274,-206,-30,-219
1745,9,9,-101,-113,-98,-63,73,-96,-260,81,-48,179
1746,3,3,-226,89,0,234,-134,-19,-210,75,-187,-152
1747,5,5,-65,-17,-382,-69,-126,201,-47,58,-67,-91
1748,0,0,160,-188,-52,-173,-16,-113,-67,13,-131,-64
1749,2,2,3,-112,282,74,-381,-313,-306,132,57,-89
1750,7,7,-144,-11,14,28,-32,-105,-206,209,-82,-30
1751,4,4,-158,53,68,-81,151,-66,-136,6,-153,-134
1752,5,5,-151,-68,-178,-7,-119,269,-77,-12,-152,26
1753,1,1,-119,210,-106,-200,100,-66,-132,-51,-51,-69
1754,7,7,-117,142,220,-17,-83,-292,-305,221,-156,-218
1755,5,5,-42,-79,-120,-68,-148,217,-7,-36,-133,-44
1756,8,8,-114,-97,-104,-5,-145,71,-118,-75,181,78
1757,0,0,194,-96,-78,-140,-165,-43,-82,-4,-132,-67
1758,8,8,-128,-139,41,131,-258,14,-176,5,153,-35
1759,8,8,7,-89,-60,-158,10,-17,26,-78,46,-51
1760,1,1,-104,256,-150,-276,75,-74,-154,-67,-66,-77
1761,5,5,-196,-63,-142,-48,-43,200,-124,-21,-74,83
1762,0,0,145,-25,-70,-135,-231,31,-110,113,-176,-114
1763,3,3,-254,-35,-137,286,-156,65,-259,42,-97,14
1764,0,0,248,-200,-53,-185,-117,-41,37,-90,-187,-54
1765,3,3,-261,62,-68,266,-117,-10,-248,117,-77,-104
1766,1,1,-127,299,-149,-276,71,-118,-107,-39,-87,-198
1767,4,4,-106,-36,14,-144,206,-62,-148,25,-162,-2
1768,0,0,179,-18,-87,-208,-168,-58,-26,-24,-103,-131
1769,3,3,-251,42,93,294,-181,-165,-374,119,-78,-77
1770,7,7,-159,3,-72,20,-131,-129,-402,256,-66,30
1771,2,2,-78,68,325,12,-343,-294,-300,127,-24,-187
1772,7,7,-128,9,-62,-87,-36,-71,-151,320,-200,-163
1773,1,1,-9,180,-162,-259,28,-23,29,-116,-78,-193
1774,8,5,-20,-47,-80,-90,-131,88,-64,-40,45,-34
1775,0,0,134,-91,-88,-57,-127,-21,-83,67,-102,-24
1776,7,7,-113,5,31,-22,-145,-126,-358,233,-123,6
1777,0,0,208,-130,-44,-94,-147,-44,-15,-21,-138,-49
1778,4,4,-23,-22,-114,-176,139,-1,-17,12,-159,-87
1779,3,3,-286,91,-5,340,-328,-65,-411,70,-96,-68
1780,1,1,-40,227,-102,-265,72,-76,-77,-42,-109,-154
1781,9,9,27,-132,-85,-137,51,-79,-47,-84,-80,109
1782,8,8,-111,-182,-1,3,-140,-19,-194,86,139,57
1783,7,7,-137,17,-43,-109,38,-166,-332,228,-127,59
1784,7,7,-171,45,17,-7,-100,-164,-393,284,-162,-16
1785,1,1,-168,252,-100,-178,57,-43,-200,-63,-51,-65
1786,4,4,-95,17,-79,-178,226,-85,-128,52,-90,-104
1787,9,9,-125,-164,-74,-57,67,-36,-258,81,-92,205
1788,9,9,-156,-98,-100,-43,73,-32,-261,2,-23,220
1789,3,3,-144,60,-96,202,-176,32,-216,37,-139,-43
1790,2,7,59,-87,33,-23,-38,-156,-162,90,1,-35
1791,1,1,-49,246,-144,-280,69,-93,-96,-53,-95,-140
1792,7,7,-235,10,86,64,-45,-230,-396,355,-175,-80
1793,9,9,-194,-147,-22,-12,121,-77,-353,83,-123,236
1794,0,0,148,-66,-14,-175,-133,-38,-9,-5,-153,-89
1795,2,2,12,34,374,-83,-176,-216,-167,39,-148,-271
1796,0,0,213,-157,-66,-108,-70,-48,13,-92,-144,6
1797,3,3,-175,11,-195,284,-181,116,-207,0,-127,-47
1798,3,3,-319,56,-188,334,-158,92,-243,48,-127,-90
1799,7,7,-203,47,27,6,-87,-196,-427,310,-167,-3
1800,6,6,26,-191,71,-126,-13,-94,198,-160,-39,-197
1801,9,9,-134,-219,19,43,54,-38,-276,-3,-47,210
1802,2,2,-78,26,249,83,-194,-275,-311,115,-49,-122
1803,3,3,-269,-12,-61,306,-235,3,-431,104,-183,24
1804,3,3,-391,44,-69,472,-274,-144,-542,127,-56,-11
1805,7,7,-97,-23,-18,-65,-55,-120,-296,252,-130,33
1806,7,7,-120,7,26,-16,-117,-163,-387,258,-132,15
1807,0,0,223,-125,-46,-125,-129,-62,-91,6,-238,16
1808,0,0,219,-181,107,-197,78,-207,-39,-110,-196,-77
1809,7,7,-100,74,15,-35,-81,-140,-287,165,-88,9
1810,5,5,-133,-38,-228,31,-158,266,-96,-5,-169,31
1811,2,2,15,-28,323,-31,-160,-264,-322,152,-136,-174
1812,9,9,-94,-83,-51,-46,17,-53,-230,82,-66,151
1813,8,8,17,-169,51,-71,-35,-2,-40,-58,87,-35
1814,7,7,-140,64,-130,-99,-18,-50,-213,153,-40,-7
1815,4,4,-137,-5,-63,-210,265,-38,-120,-7,-142,-58
1816,4,4,-139,24,-109,-227,270,-90,-204,29,-96,-9
1817,2,2,-28,44,260,21,-198,-236,-172,38,-42,-192
1818,6,6,26,-174,-276,-138,-27,130,241,-192,-123,-93
1819,6,6,98,-135,-146,-220,-57,75,207,-131,-148,-196
1820,1,1,-126,363,-131,-377,97,-183,-147,-31,-124,-248
1821,9,9,-115,-127,-7,-5,-2,-31,-257,62,-24,150
1822,6,6,3,-50,-159,-75,-76,102,141,-116,-125,-141
1823,8,8,-27,-90,9,-65,-9,-68,49,-97,82,-50
1824,2,2,-88,36,295,89,-427,-297,-347,118,14,-159
1825,9,9,-167,-8,-116,-133,124,-31,-289,-26,-69,191
1826,0,0,193,-158,-48,-87,-134,-107,-118,23,-159,18
1827,8,8,-122,-159,-18,148,-247,-72,-117,-133,296,-12
1828,3,3,-187,72,-1,172,-165,-50,-297,154,-166,-70
1829,1,1,-116,179,-87,-203,77,-87,-160,-3,-113,-17
1830,1,1,-61,235,-103,-239,58,-89,-101,-25,-99,-139
1831,6,6,39,-237,-171,-116,-98,90,281,-236,-2,-93
1832,3,3,-328,73,-91,308,-169,10,-341,135,-198,-88
1833,5,5,-163,-37,-166,69,-190,247,-152,-10,-111,35
1834,1,1,-81,280,-139,-297,81,-115,-144,-37,-132,-132
1835,1,1,-60,193,-72,-194,65,-62,-86,-42,-69,-97
1836,1,1,-69,241,-106,-264,66,-104,-123,-27,-97,-112
1837,3,3,-287,68,-82,266,-149,47,-285,88,-164,-53
1838,1,1,-77,318,57,-272,53,-280,-257,24,-166,-205
1839,2,2,-67,9,175,99,-344,-254,-329,117,19,-86
1840,3,3,-194,22,-161,335,-216,77,-227,8,-132,-71
1841,0,0,150,-179,-170,-28,-171,65,2,-68,-36,-52
1842,2,2,-75,3,246,111,-270,-259,-223,27,67,-155
1843,0,0,176,-192,-3,-70,-63,-83,-99,7,-202,-31
1844,1,1,-92,237,-95,-237,52,-127,-178,8,-108,-81
1845,3,3,-298,-91,-100,404,-272,-36,-412,55,-15,69
1846,5,5,-102,-24,-112,59,-170,178,-92,-45,-19,-4
1847,5,5,37,-186,-300,-24,-249,234,26,4,-60,-81
1848,7,7,-155,16,-8,37,-85,-228,-450,273,-110,35
1849,4,4,-110,-10,-80,-114,189,-93,-132,12,-46,-16
1850,8,8,-84,-77,41,68,-186,-90,-219,65,103,37
1851,9,9,-202,-47,-114,-26,96,-71,-324,59,-27,200
1852,6,6,43,-118,-257,-131,-58,136,236,-207,-146,-182
1853,9,9,-35,-134,-84,-120,70,-82,-182,57,-81,138
1854,6,6,15,-186,-287,-121,-63,87,270,-115,-36,-197
1855,8,8,-52,-76,23,20,-64,-18,-65,-19,106,8
1856,3,3,-239,6,103,215,-194,-85,-323,129,-57,-66
1857,6,6,-21,-119,-96,-152,-27,95,237,-118,-124,-257
1858,6,6,-10,-169,-154,-174,-42,77,344,-277,-24,-215
1859,8,7,-184,-44,31,-6,-46,-178,-267,203,128,-109
1860,5,5,-131,-74,-191,-15,-92,241,-52,-17,-141,39
1861,1,1,-173,239,-86,-150,28,-102,-247,18,-44,-31
1862,4,4,-144,23,-47,-106,176,-33,-114,3,-64,-42
1863,2,2,-86,7,324,25,-254,-184,-203,66,-25,-185
1864,4,4,-179,129,-150,-292,316,-95,-183,11,-132,-142
1865,4,4,-72,66,7,-217,205,-150,-127,-7,-183,-118
1866,5,5,-176,-24,-190,51,-194,281,-92,-55,-96,-4
1867,1,1,-79,245,-135,-282,79,-72,-111,-44,-109,-119
1868,1,1,-158,229,-52,-145,75,-163,-149,13,-53,-169
1869,9,9,-143,-74,-68,-44,59,-16,-244,-26,-39,210
1870,0,0,231,-169,-87,-102,-184,-33,-70,-24,-67,-58
1871,2,2,-46,6,203,119,-300,-272,-244,59,32,-174
1872,4,4,-258,130,-121,-217,336,-105,-241,18,-147,-168
1873,9,9,-175,-111,-47,9,67,-69,-292,26,-36,222
1874,5,5,-88,-117,-156,-15,-130,219,10,-77,-75,28
1875,7,7,-182,58,68,2,-147,-185,-444,328,-204,-39
1876,1,1,-75,272,-114,-279,67,-114,-139,-26,-130,-136
1877,8,8,-44,-58,-159,-22,-94,13,-87,-66,144,54
1878,8,3,-149,-9,32,161,-210,-72,-151,69,17,-106
1879,5,5,-169,-76,-150,-3,-142,270,-26,-75,-19,-25
1880,6,4,38,56,-160,-294,90,-113,20,50,-253,-277
1881,9,9,-175,-74,-118,-83,109,-88,-339,79,-36,223
1882,8,8,-113,-176,-10,112,-173,-34,-194,68,163,30
1883,7,7,-73,-29,-99,-108,-27,-75,-194,216,-144,38
1884,1,1,-38,267,-176,-307,56,-78,-83,-90,-106,-172
1885,1,1,-121,299,-235,-360,87,-90,-65,-72,-58,-248
1886,6,6,-9,-56,-164,-176,20,44,252,-231,-36,-267
1887,7,7,-129,22,-193,-152,-24,-24,-191,262,-121,-35
1888,6,6,-40,26,-83,-146,27,52,146,-204,-26,-235
1889,3,3,-244,72,-169,327,-178,49,-227,35,-133,-83
1890,2,2,-10,53,368,-45,-171,-263,-244,86,-164,-265
1891,2,2,26,11,327,-48,-186,-209,-231,66,-183,-192
1892,0,0,234,-100,-84,-100,-206,-40,-105,0,-203,-4
1893,8,8,-115,-134,82,170,-309,-124,-135,-17,238,-84
1894,9,9,-123,-91,-125,-127,9,53,-165,18,-18,151
1895,2,2,23,-61,251,21,-52,-154,-166,-2,-205,-178
1896,5,5,-169,-114,-200,33,-144,261,-97,31,-101,29
1897,1,1,-67,252,-105,-245,50,-105,-126,-17,-112,-133
1898,0,0,151,-102,-152,-99,-177,28,57,-8,-92,-81
1899,8,7,-126,21,106,75,-207,-98,-170,115,34,-106
1900,1,1,-47,294,-72,-403,142,-195,-84,-66,-172,-328
1901,9,4,-137,-10,-99,-149,153,-8,-76,-14,-32,8
1902,5,5,-126,-36,-171,-27,-138,220,-84,52,-138,-22
1903,7,7,-90,-18,86,-11,-34,-132,-155,208,-86,-105
1904,9,9,-173,-23,-96,-50,75,-89,-307,48,-20,196
1905,6,6,0,-159,-243,-155,-6,98,352,-281,-85,-249
1906,9,9,-86,-84,-83,-68,19,-52,-218,44,3,163
1907,0,0,118,16,-85,-182,-156,-27,-116,100,-165,-104
1908,6,6,25,-37,-126,-197,40,28,166,-176,-83,-137
1909,1,1,-80,186,-98,-175,0,-168,-277,47,-97,-25
1910,5,5,-162,-82,-185,-7,-134,270,-52,-49,-121,47
1911,5,5,39,-138,-142,-139,-203,174,66,-29,23,-86
1912,8,8,-50,-6,-176,-134,-117,16,-54,-81,162,-42
1913,3,3,-62,-62,-14,189,-198,-36,-181,12,-14,-56
1914,8,8,-84,-158,-207,-13,-128,70,0,-86,269,-37
1915,2,2,-39,14,282,26,-311,-315,-375,202,-69,-143
1916,6,6,12,-94,-236,-222,8,86,310,-303,-68,-259
1917,5,5,-158,-111,-169,29,-233,302,-72,-84,-43,16
1918,0,0,161,-92,-85,-148,-106,-94,-93,1,-135,-39
1919,7,7,-234,73,10,20,-116,-199,-473,334,-166,-15
1920,4,4,-77,-7,-3,-144,186,-70,-126,8,-111,-18
1921,6,6,73,-224,-215,-112,-56,-9,342,-250,-18,-183
1922,1,1,-58,262,-121,-262,62,-94,-93,-42,-115,-178
1923,3,3,-259,30,-108,354,-221,-3,-332,69,-126,-27
1924,4,4,-150,-17,-72,-178,166,2,-59,-25,-48,-5
1925,7,7,-191,44,16,-8,-71,-208,-410,313,-148,2
1926,3,3,-257,27,-95,279,-115,28,-183,88,-102,-135
1927,2,2,-94,87,265,23,-218,-240,-267,141,-101,-195
1928,3,3,-285,12,-97,306,-192,45,-264,79,-26,-57
1929,4,4,-117,50,-95,-233,249,-67,-153,-6,-197,-68
1930,2,2,13,17,292,-118,9,-210,-75,-32,-134,-315
1931,5,5,-152,-5,-186,28,-96,216,-13,-61,-173,-56
1932,2,2,-65,84,370,7,-218,-275,-311,155,-189,-262
1933,7,7,-191,35,162,102,-139,-226,-355,273,-99,-120
1934,1,1,-134,223,-74,-170,59,-108,-188,-1,-61,-58
1935,7,7,-159,-11,-61,-7,-71,-77,-318,222,-110,64
1936,2,2,38,-3,353,-60,-264,-182,-127,-9,-106,-246
1937,6,6,-12,-105,-166,-180,-21,76,285,-302,-3,-227
1938,4,4,-7,3,-58,-182,119,-49,-46,51,-183,-110
1939,1,1,-82,257,-108,-232,70,-76,-120,-65,-50,-122
1940,5,5,-40,-82,-320,-192,-93,205,25,46,13,-93
1941,7,7,-14,-61,48,-22,-12,-112,-163,101,-39,-17
1942,8,8,-44,-59,18,-3,-59,-60,-61,-30,132,-20
1943,6,6,-25,-26,-197,-189,22,63,226,-244,-20,-239
1944,0,0,221,-193,-37,-131,-68,-57,-38,-59,-235,41
1945,1,1,-71,305,-82,-306,75,-167,-136,-32,-140,-220
1946,8,8,-95,-95,19,4,-149,-13,-119,6,182,2
1947,2,2,-12,26,371,-41,-222,-222,-247,108,-183,-245
1948,5,5,-66,-25,-57,-47,-48,124,-2,6,14,-104
1949,7,7,-48,23,26,-75,-8,-202,-329,234,-148,-38
1950,7,7,-154,-25,-39,-5,-102,-83,-315,244,-141,50
1951,6,6,3,-98,-174,-138,56,40,230,-196,-121,-155
1952,9,9,-162,-40,-93,70,-7,-11,-257,50,-62,107
1953,3,3,-277,-6,-108,322,-153,-10,-350,45,-97,38
1954,5,5,-46,-124,-134,-131,-189,204,-28,2,-41,21
1955,8,8,-62,-89,77,21,-90,-105,-63,-110,153,-48
1956,4,4,-8,13,1,-292,212,-129,-155,13,-188,-42
1957,2,2,-7,52,352,-142,-49,-276,-135,6,-105,-348
1958,4,4,-161,71,-133,-323,297,-87,-130,54,-249,-157
1959,0,0,188,-14,-104,-187,-163,-11,-22,-8,-173,-156
1960,8,8,-44,-149,-59,-77,-202,58,17,-101,210,-9
1961,8,8,-86,-10,0,-58,28,-104,-145,-62,137,-7
1962,3,3,-325,13,-123,391,-289,5,-385,77,-17,-26
1963,4,4,-131,-11,-66,-106,176,-42,-134,-13,-70,46
1964,9,9,-177,-66,-56,-33,88,-101,-314,73,-15,180
1965,2,2,-13,48,131,-25,-39,-100,-141,51,-140,-100
1966,7,7,-138,-88,-120,-15,-60,-87,-314,308,-144,56
1967,5,5,-140,-125,-202,-10,-137,301,-75,-39,-153,48
1968,8,1,-64,119,-115,-164,-33,-22,-134,-27,24,-15
1969,6,6,86,-186,-173,-74,-53,46,190,-159,-42,-70
1970,5,5,-144,-155,-248,29,-204,332,-121,-25,-112,67
1971,6,6,10,-232,-234,-119,-63,115,341,-294,-14,-176
1972,0,0,241,-137,-77,-139,-141,-99,-75,-50,-137,-58
1973,8,5,-87,-170,-133,81,-208,150,-22,-92,133,-56
1974,6,6,12,-201,-201,-156,-53,80,354,-290,-20,-192
1975,7,7,-124,-19,-91,-62,14,-134,-313,215,-55,87
1976,3,3,-214,-12,-114,300,-200,60,-248,50,-155,-48
1977,6,6,19,-147,-238,-142,-82,117,212,-90,-40,-187
1978,4,4,-227,22,-186,-157,237,-41,-174,83,-140,-41
1979,9,9,-27,-154,-55,-24,20,-30,-112,-6,-27,149
1980,4,4,-110,95,-109,-277,285,-90,-115,1,-148,-183
1981,6,6,-10,-83,-155,-132,20,19,138,-137,-12,-35
1982,6,6,41,-153,-125,-173,-135,112,191,-161,53,-145
1983,3,3,-256,19,-3,385,-303,-146,-372,80,2,-78
1984,2,2,69,25,206,-123,-172,-111,-169,2,-199,-101
1985,4,4,-108,-1,-36,-190,238,-44,-96,22,-132,-109
1986,1,1,-143,222,-97,-205,82,-102,-192,-16,-57,-28
1987,0,0,193,-257,17,-96,-20,-145,-114,-33,-190,106
1988,1,1,-112,227,-80,-197,60,-100,-111,-39,-76,-87
1989,4,4,-8,11,-62,-255,167,-50,6,-166,-156,-4
1990,6,6,36,-57,-155,-196,29,12,170,-137,-236,-163
1991,2,2,-5,56,355,-84,-189,-213,-226,118,-190,-279
1992,9,9,-84,-146,-95,-37,9,-83,-228,59,55,163
1993,1,1,-123,304,-90,-323,79,-215,-191,-35,-38,-185
1994,1,1,-134,210,-91,-214,93,-103,-154,-25,-82,-38
1995,0,0,213,-139,-117,-56,-185,-89,-119,62,-161,-13
1996,6,6,4,-177,-150,-107,-110,113,235,-225,-8,-94
1997,3,3,-237,18,-100,324,-193,-93,-372,58,-57,36
1998,9,9,-117,-82,-25,-126,138,-45,-229,8,-89,177
1999,5,5,-136,-61,-204,95,-218,268,-148,5,-128,12
2000,6,6,-21,-139,-99,-108,-6,35,241,-199,24,-163
2001,5,5,5,-163,-193,-114,-232,207,-34,39,16,-26
2002,6,6,13,-142,-208,-45,-21,78,211,-151,-77,-117
2003,5,5,-142,-107,-177,-1,-114,248,18,-115,-44,-10
2004,8,8,-89,-110,-36,103,-135,-9,-167,17,115,40
2005,4,4,-33,-93,-17,-214,251,-177,-125,-17,-52,-65
2006,6,6,82,-200,-248,-174,-62,94,293,-232,-108,-131
2007,4,4,-166,49,-77,-242,310,-88,-153,15,-131,-130
2008,3,3,-325,11,-88,317,-156,11,-332,91,-91,-18
2009,9,9,48,-144,-72,32,-89,-83,-73,-6,0,62
2010,1,1,-87,190,-80,-189,100,-48,-96,-65,-44,-85
2011,3,3,-213,13,-45,258,-227,-56,-310,73,2,-2
2012,4,4,-175,114,-125,-272,327,-111,-212,33,-133,-172
2013,1,1,-115,197,-100,-202,112,-51,-117,-61,-48,-66
2014,9,9,-147,-104,-23,-18,74,-80,-289,51,-36,185
2015,1,1,-118,270,-91,-249,75,-89,-163,-45,-69,-94
2016,7,7,-149,50,198,-42,-100,-237,-311,266,-78,-223
2017,1,1,-104,221,-122,-268,84,-84,-156,-37,-136,-46
2018,1,1,-75,102,-22,-92,-51,-125,-214,65,-49,-27
2019,9,9,-80,-62,-123,-125,65,-5,-160,31,-99,129
2020,3,3,-299,-18,-136,329,-153,31,-313,56,-84,23
2021,5,5,-171,-154,-251,21,-139,311,-86,-84,-41,88
2022,4,4,-157,94,-130,-184,227,-39,-99,-9,-106,-144
2023,0,0,124,-41,-82,-80,-194,56,-125,66,-168,-40
2024,7,7,-87,34,-73,-147,-7,-47,-241,152,-79,45
2025,3,3,-154,8,-52,202,-142,8,-119,32,-49,-121
2026,6,6,-33,-169,-251,-80,23,109,305,-229,-145,-197
2027,1,1,-59,186,-134,-217,64,-32,-59,-71,-47,-94
2028,7,7,-107,86,-64,-113,1,-84,-226,102,-24,-25
2029,5,5,-30,-86,-208,-224,-209,208,-5,80,-87,-66
2030,5,5,-131,-114,-145,-17,-169,263,-6,-144,10,12
2031,3,3,-364,35,-52,437,-271,-77,-444,119,-94,-44
2032,3,3,-318,34,-72,331,-188,-24,-362,124,-138,-31
2033,0,7,47,15,-61,-259,68,-240,-254,235,-183,-166
2034,1,1,-129,193,-97,-169,71,-72,-148,-15,-60,-42
2035,5,3,-218,-106,-142,243,-148,144,-181,63,-204,-64
2036,7,7,-127,-11,-83,-133,-20,-92,-290,275,-151,49
2037,5,5,-136,-101,-323,43,-125,242,-102,94,-185,10
2038,8,8,-55,-14,-23,14,-158,-111,-179,-14,148,42
2039,6,6,-27,-153,-245,-46,-89,77,227,-122,-17,-133
2040,5,5,-68,-131,-140,-48,-67,201,80,-96,-19,-92
2041,1,1,-150,203,-84,-191,76,-99,-182,16,-94,-36
2042,0,0,185,-134,-96,-191,-157,-88,-119,38,-130,-25
2043,4,4,-127,121,-157,-278,188,-110,-62,-107,-26,-97
2044,2,7,-44,-67,169,-18,-273,-147,-367,222,-24,-83
2045,3,3,-303,-29,-219,409,-266,128,-306,21,-75,-18
2046,4,4,-173,75,-150,-252,298,-56,-155,28,-123,-128
2047,6,6,17,-139,-163,-155,-116,93,236,-188,-67,-132
2048,7,7,-175,-8,-21,-50,-32,-115,-322,288,-172,2
2049,9,9,-100,-20,-53,-101,99,-38,-154,-25,-46,127
2050,8,8,-16,-110,-97,36,-74,-126,-181,-56,171,71
2051,1,1,-54,271,-88,-334,93,-154,-121,-25,-130,-174
2052,8,4,-52,-51,-36,-90,109,-96,-42,-94,36,-13
2053,4,4,-191,7,-99,-150,228,-85,-212,41,-102,71
2054,9,9,-51,-188,-95,-6,37,-29,-177,64,-122,129
2055,2,2,-88,74,259,27,-205,-226,-316,162,-116,-162
2056,8,8,-7,-294,-166,127,-207,-11,-81,-124,249,86
2057,6,6,-17,-125,-281,-216,35,22,196,-8,-122,-214
2058,2,2,-126,77,279,88,-358,-355,-428,217,-23,-171
2059,7,7,-133,51,-9,-12,-49,-116,-273,175,-82,21
2060,0,0,232,-232,-157,-75,-182,28,59,-72,-88,-93
2061,0,0,196,-83,-101,-135,-163,10,-38,-15,-174,-89
2062,6,6,3,-175,-230,-103,-60,87,295,-183,-35,-234
2063,7,7,-45,39,58,-18,-13,-81,-96,77,-61,-85
2064,5,5,-159,-96,-158,-14,-165,288,-26,-111,-7,1
2065,8,8,-80,-130,-43,88,-122,-22,-72,-84,212,-36
2066,6,6,101,-69,-209,-245,-88,82,182,-134,-128,-193
2067,0,0,196,-33,1,-220,-90,-171,-49,-33,-142,-161
2068,9,9,-104,-193,-91,-116,113,29,-156,-5,-124,214
2069,3,3,-185,42,-114,294,-171,39,-229,27,-136,-73
2070,7,7,-12,53,-109,-268,26,-81,-159,54,-166,18
2071,1,1,-155,169,-73,-160,71,-93,-213,13,-53,25
2072,3,3,-269,5,-78,327,-161,-35,-315,52,-24,0
2073,5,5,66,-123,-267,-82,-244,196,62,-29,-76,-112
2074,4,4,-208,-19,-249,-150,226,-20,-82,64,-107,-124
2075,3,3,-335,61,-75,410,-214,-77,-350,111,-69,-88
2076,3,3,-318,58,-51,334,-190,-70,-381,112,-94,-28
2077,5,5,-132,-34,-207,52,-208,277,-128,-2,-187,22
2078,5,5,-112,-171,-352,-4,-148,362,-17,-102,-79,30
2079,6,6,11,-28,-188,-170,24,61,202,-223,-92,-191
2080,3,3,-350,-20,-183,401,-254,11,-484,95,-10,52
2081,0,0,232,-41,-24,-243,-142,-142,-38,-53,-172,-152
2082,2,2,-28,76,193,-48,-166,-179,-161,78,-45,-148
2083,3,3,-339,71,-83,364,-206,-43,-417,143,-198,-45
2084,4,4,-212,-94,-101,-171,232,-22,-120,58,-140,38
2085,2,2,-88,37,253,95,-408,-281,-300,97,30,-143
2086,3,3,-328,-41,-72,339,-209,-57,-448,82,-1,84
2087,0,0,268,-192,-66,-177,-97,-123,-37,-83,-169,-69
2088,9,9,-145,-143,-69,-46,59,-5,-229,26,-64,209
2089,9,9,-224,-13,-92,-89,118,-23,-304,-4,-84,217
2090,4,4,-170,121,-113,-170,151,-82,-196,45,-183,-32
2091,7,7,-161,-17,-33,-12,-137,-64,-260,317,-212,-49
2092,2,2,-36,39,346,12,-266,-311,-259,102,-80,-208
2093,8,1,-19,161,24,-193,61,-212,-177,17,-92,-135
2094,4,4,-189,90,-148,-218,268,-108,-236,32,-104,-34
2095,7,7,-220,45,137,84,-135,-232,-480,319,-168,-63
2096,0,0,229,-148,-68,-130,-136,-64,-125,5,-230,12
2097,6,6,12,-145,-220,-137,-45,101,250,-179,-66,-111
2098,2,2,115,-82,144,-85,-147,-88,-162,46,-124,-52
2099,8,8,-208,-51,-120,75,-126,76,-75,34,107,-41
2100,5,5,-170,-31,-158,39,-211,262,-134,-38,-98,30
2101,2,2,-100,48,353,137,-354,-366,-368,162,-72,-238
2102,8,8,-36,-68,1,-88,-132,-13,-46,0,170,-66
2103,5,5,-167,-89,-208,-11,-191,305,-75,-107,14,33
2104,7,7,-61,-11,11,-57,-155,-90,-335,243,-172,26
2105,3,3,-259,-15,-241,335,-153,59,-314,-2,-25,45
2106,0,0,172,-139,-85,-78,-93,-158,-175,54,-135,-14
2107,8,8,68,-198,-69,21,-187,-22,-93,15,74,-16
2108,2,2,-18,-34,322,148,-477,-370,-351,106,12,-173
2109,3,2,-91,0,73,14,-54,-3,-101,28,-10,-50
2110,2,2,-70,27,258,66,-269,-283,-244,80,52,-206
2111,8,8,-116,-129,3,118,-285,-44,-122,-22,258,-63
2112,2,2,-33,56,311,-52,-134,-217,-177,59,-78,-245
2113,5,5,-227,4,-172,110,-182,257,-78,-119,-46,-45
2114,5,5,-157,-74,-230,27,-149,305,-90,-71,-132,58
2115,7,7,-132,-88,-241,-227,-19,-63,-297,417,-220,8
2116,6,6,39,-97,-198,-262,-73,116,228,-249,-2,-202
2117,4,4,-77,-12,-100,-230,231,-35,-36,17,-156,-159
2118,6,7,11,-13,-166,-149,29,-70,-11,65,-136,-128
2119,8,8,-113,13,-139,-116,88,-100,-144,-149,173,6
2120,4,4,-102,35,-42,-257,319,-123,-143,22,-201,-168
2121,8,5,-112,-15,-216,-158,-96,108,-16,-124,93,26
2122,2,2,-34,91,308,-80,-172,-189,-225,118,-175,-235
2123,7,7,-77,7,-12,-16,-30,-177,-322,184,-85,32
2124,4,4,-128,95,-98,-365,377,-206,-213,21,-169,-208
2125,5,5,-142,-54,-161,-116,-32,173,-44,2,-84,38
2126,2,2,-99,78,350,73,-252,-288,-270,91,-83,-245
2127,0,0,229,-54,-80,-213,-133,-61,17,-77,-162,-171
2128,3,3,-216,12,-97,285,-212,-51,-383,56,-93,60
2129,9,7,-34,-112,90,-59,10,-121,-178,99,-61,-40
2130,4,4,-182,7,-206,-203,229,-97,-249,22,-59,110
2131,6,6,34,-59,-169,-128,-6,67,138,-137,-64,-94
2132,7,7,-165,27,-84,-35,-37,-120,-319,248,-76,36
2133,2,2,-22,25,323,32,-363,-273,-194,37,-33,-193
2134,5,5,-65,-110,-179,-65,-69,194,5,0,-35,-21
2135,6,1,-60,156,-93,-199,19,-39,2,-73,-22,-156
2136,1,1,-194,247,-109,-179,90,-82,-228,-47,-61,-34
2137,1,1,-56,237,-113,-292,88,-101,-104,-31,-112,-140
2138,2,2,-76,-5,221,129,-365,-306,-343,110,55,-106
2139,3,3,-402,51,-176,435,-158,3,-371,81,-84,-39
2140,6,6,-22,-163,-339,-157,-5,94,256,-41,-145,-234
2141,7,7,-235,55,-12,0,-84,-177,-426,311,-138,18
2142,8,8,-40,-181,-39,60,-158,-38,39,-138,207,-41
2143,7,7,-99,25,107,14,-197,-252,-416,253,-77,-27
2144,6,6,34,-123,-282,-184,-12,91,232,-99,-171,-204
2145,4,4,37,-206,19,-216,192,-180,44,-96,-36,-189
2146,8,8,-55,-161,-11,67,-151,-121,-175,-65,265,56
2147,9,9,-150,-59,-70,-82,102,-86,-299,62,-47,173
2148,4,4,-51,-81,19,-157,176,-54,-128,-68,-118,91
2149,8,8,-57,-100,-31,26,-151,-133,-221,38,172,88
2150,6,6,-38,-100,-180,-168,18,89,246,-206,-32,-205
2151,3,3,-284,77,-135,314,-171,75,-174,28,-125,-184
2152,8,8,-27,-57,-114,-69,-168,-14,-84,-57,175,-12
2153,3,3,-277,-74,-192,325,-145,114,-212,76,-195,-72
2154,1,1,-80,299,-121,-295,76,-148,-147,-20,-138,-171
2155,0,0,197,-127,-4,-186,-35,-99,63,-126,-134,-91
2156,6,6,74,-204,-274,-143,-34,119,277,-205,-138,-145
2157,2,2,-105,106,314,9,-212,-310,-268,124,-39,-235
2158,2,2,-13,71,363,-102,-185,-284,-278,147,-148,-249
2159,5,5,-103,-63,-180,-12,-194,268,-76,-43,-1,-26
2160,6,6,-3,-75,-82,-124,-7,42,210,-176,-57,-222
2161,9,9,-166,-136,-66,-77,159,-45,-278,85,-121,181
2162,5,5,-90,-191,-286,105,-137,239,-66,-55,-65,36
2163,8,8,-80,-113,-38,54,-150,-78,-96,-84,276,-33
2164,1,1,-103,204,-115,-219,85,-85,-126,-28,-80,-61
2165,4,4,-174,72,-162,-387,414,-172,-243,16,-163,-80
2166,1,1,-183,228,-118,-151,63,-62,-229,-43,-50,-20
2167,7,7,-110,-31,-48,-37,-39,-145,-334,277,-92,33
2168,8,8,-94,-44,98,49,-138,-106,-105,-11,140,-65
2169,4,4,-169,-1,-57,-138,208,-77,-180,84,-134,-36
2170,6,6,13,-222,-108,-252,-58,80,354,-201,-31,-286
2171,1,1,-139,192,-87,-186,97,-69,-159,-19,-60,-39
2172,8,8,-110,-93,-172,-19,-54,-35,-69,-144,297,-30
2173,4,4,-206,122,-222,-343,340,-69,-167,19,-159,-150
2174,3,3,-186,10,-84,183,-142,88,-197,59,-182,-60
2175,1,1,-74,169,-77,-161,54,-93,-105,8,-91,-74
2176,2,2,15,5,234,-57,-25,-170,-100,0,-142,-219
2177,8,8,-44,-45,90,23,-170,-113,-52,22,125,-140
2178,0,0,194,-171,-3,-171,-70,-215,-146,39,-139,-1
2179,8,3,-163,-65,59,165,-296,-76,-263,5,161,-7
2180,5,5,-189,-23,-206,117,-172,266,-176,14,-198,20
2181,9,9,-72,-150,-60,-66,57,-55,-226,73,-100,185
2182,1,1,-246,269,85,105,-242,-113,-359,164,-148,-221
2183,4,4,-51,-105,-31,-139,223,-144,-39,-22,-114,-127
2184,2,2,-62,111,337,-24,-130,-315,-225,60,-99,-308
2185,0,0,75,45,-65,-172,-104,14,-6,-4,-76,-129
2186,2,2,80,-77,150,-76,-67,-132,-159,78,-119,-85
2187,7,7,-195,46,23,14,-114,-238,-490,352,-156,-16
2188,0,0,177,-123,-149,-110,-273,77,0,-4,-61,-146
2189,9,1,-101,140,-160,-234,52,-103,-228,8,-21,20
2190,0,0,192,2,-25,-246,-156,-67,-82,33,-208,-169
2191,2,2,-98,-7,286,132,-360,-313,-338,148,45,-163
2192,5,5,-36,-10,-176,16,-186,199,-52,-32,-132,-30
2193,7,7,-124,-36,72,2,-166,-202,-451,314,-78,-31
2194,6,6,44,-95,-202,-172,-41,102,213,-207,-100,-131
2195,7,7,-39,-100,6,-17,-81,-129,-221,191,-3,18
2196,9,9,-109,-103,-124,-48,28,20,-200,-26,-45,205
2197,4,4,-78,51,-52,-202,242,-112,-89,-3,-138,-153
2198,2,2,-11,89,222,-112,-51,-220,-217,115,-116,-173
2199,6,6,38,-122,-124,-219,-23,59,257,-258,-29,-211
2200,2,2,55,36,246,-131,22,-282,-41,-67,-175,-334
2201,4,4,-170,-19,-7,-93,259,-128,-223,93,-129,-87
2202,4,4,-99,93,-61,-237,250,-160,-176,85,-145,-190
2203,8,8,-112,-140,-27,144,-187,-41,-121,-84,215,21
2204,0,0,117,32,-164,-189,-129,-20,-99,57,-132,-102
2205,4,4,-55,5,-116,-213,202,-125,-107,55,-117,-99
2206,4,4,-113,48,-50,-163,215,-66,-115,37,-114,-142
2207,5,5,-145,-150,-167,-81,-135,305,-38,-119,-4,66
2208,8,8,-74,-52,-59,13,-190,-34,-155,-61,208,34
2209,0,0,233,-101,25,-210,-117,-134,-49,-47,-159,-130
2210,6,6,7,-110,-160,-89,9,61,195,-131,-91,-117
2211,8,8,-56,-135,-56,11,-185,-50,-96,-82,273,-1
2212,9,9,-137,-129,-90,-55,84,-99,-280,74,31,198
2213,8,8,-138,-120,12,89,-176,-69,-201,-30,254,46
2214,5,5,-99,2,-245,66,-196,244,-100,20,-188,-25
2215,6,6,75,-147,-148,-163,-132,85,180,-173,-60,-27
2216,9,9,-117,-103,-60,-132,139,-51,-200,-26,-89,204
2217,0,0,230,-118,-30,-146,-162,-60,-16,-30,-164,-50
2218,4,4,-227,58,-149,-220,299,-70,-235,26,-124,5
2219,8,8,-56,-141,36,2,-142,-81,-104,-3,214,7
2220,7,7,-143,-55,-67,-11,-72,-108,-331,274,-140,59
2221,1,1,-77,266,-158,-365,57,-88,-81,-46,-83,-186
2222,3,3,-186,38,-74,159,-137,41,-169,129,-248,-174
2223,4,4,-183,109,-221,-294,291,-74,-158,69,-168,-177
2224,5,5,-17,-100,-196,9,-106,149,-26,10,-115,-3
2225,8,8,-71,-156,-8,45,15,-71,-115,-56,130,82
2226,0,0,246,-143,-56,-152,-159,-49,35,-111,-141,-92
2227,9,9,-89,-106,-28,-28,56,-41,-187,39,-53,151
2228,1,1,-50,206,-127,-232,67,-82,-66,-34,-85,-144
2229,3,3,-264,-21,-21,370,-303,-107,-442,73,-26,36
2230,3,3,-354,43,-115,395,-169,-29,-372,66,-59,-21
2231,6,6,12,-199,-193,-108,-81,85,321,-222,-54,-194
2232,9,9,-36,-84,-100,-168,84,-90,-149,-12,-107,143
2233,8,8,-75,-218,-80,-40,-83,13,66,-40,215,-29
2234,7,7,-113,44,119,-9,-151,-268,-457,297,-141,-37
2235,1,1,-116,318,-72,-314,91,-191,-156,-4,-116,-219
2236,0,0,173,-92,-70,-94,-121,-37,-29,-27,-132,-52
2237,5,5,-44,-176,-212,-71,-261,289,50,-129,-13,-13
2238,7,7,-175,48,72,41,-164,-257,-516,332,-161,-28
2239,1,1,-40,229,-125,-266,64,-81,-75,-45,-100,-150
2240,7,7,-160,-11,-20,-26,-99,-118,-335,281,-140,35
2241,5,5,-61,-144,-249,-70,-78,247,22,-60,-34,5
2242,2,2,-81,27,318,101,-366,-355,-312,130,13,-184
2243,7,7,-141,-8,-103,-43,-35,-28,-226,183,-84,57
2244,9,9,-80,-63,-132,-99,61,-51,-207,-10,-98,175
2245,1,1,-23,141,-62,-164,48,-58,-52,-25,-68,-93
2246,8,8,-87,-98,-129,-98,-139,75,18,-153,190,19
2247,5,5,-127,-67,-281,52,-164,291,-61,-25,-107,-25
2248,2,2,-100,37,276,65,-204,-279,-369,237,-164,-201
2249,4,4,-153,4,-16,-232,372,-115,-165,-48,-181,-147
2250,9,9,-56,-90,-141,-115,80,-47,-123,-4,-106,115
2251,4,4,-125,22,-69,-249,202,-94,-112,110,-176,-131
2252,7,7,-154,65,-12,18,-84,-161,-358,222,-111,5
2253,2,2,-85,18,238,81,-214,-172,-269,38,-30,-117
2254,2,2,-19,6,268,-56,-122,-147,-169,80,-80,-184
2255,3,3,-154,23,-87,207,-174,-34,-268,40,-44,13
2256,4,4,-93,-76,-159,-243,269,-54,-97,88,-292,-98
2257,9,9,-166,-98,-51,-8,40,-33,-271,62,-36,182
2258,1,1,-54,294,3,-346,96,-214,-164,-8,-184,-228
2259,9,9,-138,-123,-71,-5,31,-43,-262,84,-78,191
2260,2,2,23,38,281,-100,-80,-187,-141,32,-103,-228
2261,1,1,-79,332,-72,-336,74,-204,-175,0,-163,-224
2262,7,7,-131,17,-38,35,-112,-110,-325,179,-60,38
2263,9,9,-103,-170,-115,-100,76,-65,-295,138,-156,230
2264,4,4,-137,27,-45,-231,281,-42,-105,-52,-178,-133
2265,4,4,-153,-21,-34,-195,296,-76,-167,37,-158,-80
2266,1,1,-148,175,-17,-14,-26,44,-112,-50,-206,-215
2267,6,6,60,-209,-247,-132,-59,76,289,-196,-38,-162
2268,7,7,-107,-63,-166,-130,71,-146,-330,293,-167,52
2269,2,2,-69,81,188,71,-284,-240,-263,83,-24,-120
2270,7,7,-140,11,7,40,-154,-167,-407,252,-98,3
2271,8,8,-6,-95,27,12,-137,-105,-115,-61,156,3
2272,8,0,114,-216,-106,54,-176,-38,-100,39,46,-18
2273,1,1,-88,223,-55,-219,65,-156,-145,25,-101,-127
2274,9,9,-118,-112,-108,-32,62,-34,-241,8,-4,200
2275,7,7,-164,47,29,12,-89,-171,-381,252,-138,3
2276,1,1,-93,147,-156,-204,60,-3,-93,-67,-31,-17
2277,1,1,-81,170,-138,-153,44,-56,-70,-12,-57,-101
2278,7,7,-128,-66,-29,6,-103,-96,-318,270,-143,29
2279,5,5,-132,3,-183,88,-159,209,-164,35,-154,7
2280,3,3,-78,-7,-122,75,-62,67,-123,29,-122,14
2281,3,3,-321,84,-27,337,-178,-67,-343,141,-149,-103
2282,5,5,-184,-49,-256,80,-131,277,-79,-92,-110,42
2283,1,1,-85,243,-78,-241,65,-159,-179,4,-106,-94
2284,3,3,-283,35,-172,332,-199,56,-262,39,-34,-38
2285,7,7,-93,-26,-26,5,-47,-37,-193,205,-141,-35
2286,6,6,23,-117,-312,-144,18,71,237,-129,-130,-158
2287,1,1,-148,227,-106,-194,85,-86,-177,-31,-53,-50
2288,3,3,-128,25,-71,239,-192,14,-222,41,-114,-56
2289,8,8,-35,-108,48,10,-143,-110,-91,-11,187,-12
2290,7,7,-58,20,-40,-80,-75,-74,-242,186,-72,8
2291,5,5,-125,-14,-163,78,-238,218,-240,44,-140,36
2292,9,9,-82,-201,-173,98,-32,50,-223,-58,-34,191
2293,9,0,44,-145,-112,-91,29,-65,1,18,-209,16
2294,0,0,147,-62,-117,-134,-227,61,-45,79,-150,-70
2295,0,0,237,-119,-55,-121,-192,-49,-9,-32,-167,-45
2296,2,2,-52,114,300,-11,-170,-322,-267,118,-129,-219
2297,8,8,-73,-116,-72,34,-127,-36,-65,-89,218,27
2298,8,0,78,-50,-170,-132,-65,-33,-44,-89,6,-38
2299,2,2,-53,-101,217,-5,-350,-204,-314,195,81,-75
2300,3,3,-303,72,57,303,-246,-3,-295,136,-85,-206
2301,7,7,-129,17,23,14,-163,-172,-413,260,-105,3
2302,1,1,-109,249,-67,-195,45,-224,-249,69,-113,-99
2303,3,3,-396,61,-104,410,-180,-16,-382,131,-185,-71
2304,0,0,265,-221,-134,-124,-155,-51,-65,24,-222,25
2305,3,3,-212,-57,-113,329,-159,-85,-365,75,-8,13
2306,4,4,-168,98,-140,-230,275,-91,-165,54,-124,-160
2307,4,4,-146,59,-94,-211,259,-96,-178,43,-179,-80
2308,3,3,-93,-80,-125,259,-301,126,-279,38,-118,-51
2309,8,8,-46,-109,-84,-39,-89,59,8,-93,87,31
2310,9,9,-139,-44,-45,-67,52,-68,-252,34,-50,181
2311,2,2,-31,34,318,-93,-110,-283,-191,140,-127,-278
2312,3,3,-214,-16,-74,270,-144,48,-169,50,-53,-87
2313,9,9,-119,-92,-65,4,7,-1,-212,41,-43,151
2314,7,7,-89,-42,12,-9,-47,-200,-385,211,-42,59
2315,1,1,-100,200,-88,-218,79,-85,-124,-17,-98,-66
2316,1,1,-139,220,-89,-223,87,-111,-187,0,-91,-40
2317,7,7,-173,72,61,15,-176,-144,-417,271,-201,-22
2318,0,0,191,-121,-103,-181,-180,-44,-18,68,-202,-105
2319,4,4,-26,-112,-58,-192,213,-177,-65,37,-130,-90
2320,9,9,-158,25,-68,-75,59,-36,-254,-11,-14,138
2321,6,6,41,-199,-180,-104,-51,40,303,-213,-38,-220
2322,5,5,-114,-109,-184,34,-171,247,-64,-70,-68,43
2323,9,9,-150,-103,-71,-20,41,-29,-263,14,-33,220
2324,1,1,-102,228,-127,-267,75,-81,-154,-37,-99,-60
2325,7,7,-122,95,109,62,-126,-93,-215,153,-145,-162
2326,0,5,107,-6,-250,-163,-213,114,-27,36,-77,-165
2327,2,2,-126,35,218,142,-395,-301,-369,142,37,-121
2328,0,0,180,-129,-102,-139,-168,-45,-23,-4,-42,-65
2329,0,0,200,-120,188,-95,-39,-283,-231,9,-182,-61
2330,4,4,-119,-12,-125,-239,255,-41,-109,6,-145,-40
2331,6,6,19,-89,-103,-152,-41,58,231,-173,-101,-223
2332,7,7,-109,-15,-21,-28,-77,-87,-272,210,-116,42
2333,0,0,105,-81,-12,-118,-115,-59,-113,85,-124,-12
2334,7,7,-116,-3,-28,-67,34,-175,-284,215,-56,-2
2335,1,1,-130,241,-114,-242,83,-96,-178,-35,-67,-43
2336,4,4,-163,65,-137,-253,333,-123,-186,-6,-140,-87
2337,6,6,26,-285,-199,-181,-61,76,344,-186,-8,-186
2338,4,4,-218,17,-36,-57,204,-148,-259,133,-134,-59
2339,5,5,-70,-71,-128,-21,-131,165,-82,3,51,-22
2340,4,4,-208,14,-120,-259,422,-149,-243,37,-188,-127
2341,9,9,-14,-165,-121,-97,33,-44,-155,82,-150,156
2342,9,9,-148,-102,-67,0,23,-50,-251,68,-3,180
2343,1,1,-88,181,-48,-176,-49,-125,-224,95,-83,-52
2344,7,7,-203,42,-81,-48,-44,-125,-308,269,-101,19
2345,9,9,-101,-107,-70,12,15,-71,-252,107,1,127
2346,5,5,-153,-187,-215,-43,-223,385,-24,-108,-56,29
2347,3,3,-314,53,-45,317,-129,-27,-304,118,-125,-75
2348,3,3,-310,9,-53,292,-158,-33,-326,100,-70,-11
2349,8,8,-84,-218,-59,91,-156,-49,-175,-70,301,82
2350,2,2,-40,52,304,-44,-125,-171,-123,-4,-93,-271
2351,3,3,-66,6,71,145,-108,-66,-146,32,-230,-181
2352,6,6,2,-178,-128,-164,-60,75,276,-138,-37,-209
2353,2,2,-12,33,368,86,-276,-403,-289,96,-116,-285
2354,2,2,-31,44,319,-3,-236,-307,-246,74,-26,-218
2355,1,1,-66,269,-173,-230,57,-78,-65,-100,-113,-208
2356,1,1,-136,244,-124,-229,101,-51,-138,-74,-54,-76
2357,1,1,-76,272,-95,-296,84,-131,-144,-18,-135,-145
2358,1,1,-125,155,-130,-62,45,-6,-62,-57,-148,-161
2359,1,1,-59,250,-101,-290,51,-103,-135,-22,-103,-116
2360,6,6,25,-145,-179,-81,-46,82,221,-132,-100,-142
2361,9,9,-82,-97,-68,-96,102,-87,-168,36,-89,132
2362,8,8,-96,98,-99,-120,-60,-123,-177,-76,145,-10
2363,4,4,-238,115,-276,-322,334,-105,-250,178,-192,-197
2364,3,3,-260,32,-108,288,-178,42,-290,89,-168,-34
2365,7,7,-121,-15,-116,-108,21,-60,-221,252,-119,-38
2366,1,1,-87,249,-87,-263,65,-150,-202,9,-146,-90
2367,6,6,50,-6,-151,-265,42,37,211,-235,-126,-215
2368,4,4,-159,50,-30,-183,286,-115,-171,73,-161,-189
2369,5,5,-144,-9,-183,67,-92,100,-64,45,-45,-83
2370,0,0,182,-147,-106,-101,-78,-33,-16,-14,-174,28
2371,4,4,-144,-143,24,-47,284,-182,-279,-18,-61,86
2372,7,7,-61,-75,-39,-77,-108,-121,-283,251,-101,61
2373,4,4,-136,95,-123,-279,309,-113,-160,44,-148,-178
2374,2,2,-61,27,153,26,-244,-173,-228,101,7,-86
2375,4,4,-176,-67,30,-85,239,-64,-132,71,-217,-129
2376,0,0,284,-162,-49,-223,-217,-108,-9,-77,-89,-155
2377,7,7,-172,34,-42,16,-37,-220,-444,231,-91,63
2378,0,0,184,-152,-159,-32,-197,24,26,-42,-104,-36
2379,1,1,-70,298,-105,-293,63,-123,-144,-37,-128,-157
2380,9,7,60,-125,-146,-150,-33,-12,-168,108,-238,103
2381,8,3,-91,-51,-23,98,-131,-152,-282,94,75,67
2382,8,2,-75,-85,180,106,-250,-216,-231,66,137,-64
2383,6,6,-15,-132,-224,-171,21,98,301,-230,-131,-186
2384,0,0,114,-16,9,-94,-136,-63,-178,88,-184,-25
2385,0,0,221,-177,-74,-221,-43,-154,-72,4,-173,-77
2386,4,4,-180,155,-100,-294,240,-154,-232,169,-250,-202
2387,9,1,-179,143,-68,-116,36,-70,-260,38,-34,55
2388,6,6,-28,-47,-151,-93,11,63,192,-150,-87,-246
2389,8,8,-39,-211,24,101,-173,-92,-94,-74,239,23
2390,2,2,-87,81,264,71,-355,-326,-337,139,-4,-168
2391,2,2,-47,90,312,-54,-157,-263,-211,68,-78,-245
2392,3,3,-127,-29,-14,228,-239,-53,-350,98,-149,-2
2393,8,8,-109,-110,-67,138,30,-56,-131,-64,148,-30
2394,4,4,-122,-72,22,-98,225,-58,-145,11,-90,-12
2395,8,0,129,-197,16,-96,-34,-126,25,-112,26,-103
2396,2,2,87,-18,281,-129,-84,-157,-128,-39,-154,-146
2397,2,2,-93,-10,207,79,-371,-209,-334,131,25,-96
2398,1,1,-127,236,-171,-171,43,-34,-179,-97,-37,-63
2399,7,7,-166,45,55,-12,-131,-184,-415,298,-180,-15
2400,5,5,-97,-35,-147,-18,-94,153,-94,69,-138,10
2401,4,4,-146,25,-131,-265,326,-99,-169,19,-158,-89
2402,4,4,-182,73,-154,-271,278,-36,-144,-20,-144,-74
2403,0,0,188,-159,-175,-79,-174,46,-13,-6,-135,-54
2404,4,4,8,-3,-10,-252,235,-78,-54,-130,-202,-40
2405,3,3,-54,43,76,132,-179,-99,-306,102,-201,-84
2406,9,4,-93,92,-96,-202,101,-120,-208,-1,-53,40
2407,7,7,-202,13,-42,-34,-70,-148,-352,312,-153,18
2408,3,3,-74,-111,-196,126,-52,25,-176,21,-69,96
2409,1,1,-100,265,-14,-242,53,-230,-248,55,-139,-110
2410,0,0,155,-5,-42,-177,-189,-40,-151,123,-178,-148
2411,1,1,-39,246,-83,-274,57,-77,-80,-62,-90,-166
2412,2,2,-73,110,283,-69,-141,-195,-166,55,-55,-249
2413,5,5,-119,-19,-268,38,-169,249,-140,77,-214,-9
2414,9,4,-65,-31,-88,-154,92,-97,-164,53,-87,54
2415,2,2,47,30,298,-84,-80,-262,-154,18,-115,-257
2416,1,1,-68,221,-157,-200,64,-38,-65,-65,-72,-137
2417,0,0,90,-115,-106,-129,49,-144,52,-50,-127,-96
2418,1,1,-84,269,-123,-276,81,-135,-111,-18,-104,-176
2419,8,8,-114,-121,-27,130,-163,-48,-79,-34,187,-40
2420,9,9,-37,-183,-8,14,-18,-122,-219,34,2,185
2421,1,1,-167,201,-81,-206,99,-100,-222,-2,-76,8
2422,6,6,-19,-61,-201,-177,30,27,94,-33,-100,-77
2423,8,8,-85,-135,53,101,-175,-117,-225,37,161,49
2424,3,3,-230,19,-124,283,-188,54,-263,57,-141,-27
2425,8,3,-104,-61,-69,187,-187,-65,-148,11,109,-13
2426,9,4,-126,-15,-59,-65,106,-87,-221,83,-61,77
2427,3,3,-311,31,-49,378,-233,-61,-307,67,-14,-73
2428,6,6,29,-188,-202,-175,-61,96,354,-292,-31,-224
2429,2,2,-15,73,192,-27,-180,-209,-159,42,-30,-137
2430,8,8,-55,-86,10,32,-52,-68,-38,-62,160,-43
2431,3,3,-156,-51,54,300,-179,-77,-324,96,-239,-114
2432,2,2,-55,90,247,-36,-187,-208,-217,116,-87,-175
2433,2,2,-68,130,172,-75,-123,-111,-191,18,-50,-118
2434,1,1,-202,256,-78,-79,-48,-101,-266,51,-59,-48
2435,0,0,213,-109,-71,-89,-154,-56,-24,-47,-135,-52
2436,4,4,-83,-114,-101,-145,219,-43,-94,109,-277,-80
2437,2,2,-75,102,240,-128,-69,-184,-109,64,-74,-294
2438,9,9,-144,-25,-87,-111,56,-41,-273,92,-83,152
2439,2,2,-50,136,390,5,-275,-381,-315,113,-113,-320
2440,4,4,-201,30,-136,-210,325,-119,-211,41,-127,-72
2441,3,3,-196,-6,-14,212,-210,-53,-333,61,-50,35
2442,7,7,-145,-27,57,-4,-110,-190,-411,347,-184,-42
2443,9,9,-149,-83,-52,-25,63,-91,-305,93,-26,167
2444,1,1,-94,174,-94,-201,87,-52,-99,-40,-78,-52
2445,5,5,-116,-128,-220,-123,-86,226,-34,-10,22,17
2446,2,2,-19,56,428,-58,-278,-334,-208,51,-91,-273
2447,4,4,-95,12,-65,-184,167,-81,-167,40,-142,40
2448,9,9,-130,-90,-69,-12,50,-124,-299,97,32,153
2449,0,0,121,13,-93,-217,-155,-4,-28,5,-107,-112
2450,3,3,-236,60,-75,230,-119,37,-203,64,-140,-80
2451,8,8,-197,-91,-13,159,-205,-92,-272,23,214,41
2452,5,5,-185,-121,-293,71,-169,352,-108,-17,-169,37
2453,3,3,-251,-6,-55,293,-160,-99,-375,97,-64,26
2454,6,5,32,-89,-214,-58,-193,165,38,-9,-100,-74
2455,0,0,139,-101,48,-201,-30,-114,72,-110,-153,-141
2456,9,9,-156,-73,-99,-14,67,-71,-291,73,-24,185
2457,4,4,-179,61,-221,-212,191,-51,-138,30,-78,-35
2458,6,6,-8,-172,-179,-115,-25,87,318,-237,-71,-208
2459,2,2,-84,14,268,-86,-217,-177,-181,145,-6,-166
2460,5,5,-199,-170,-215,-38,-57,303,37,-176,-47,69
2461,0,0,165,-54,-45,-206,-173,-53,-114,98,-202,-119
2462,2,0,223,-266,52,-144,6,-126,44,-211,-42,-17
2463,7,7,-66,44,-8,-91,-40,-131,-247,178,-89,10
2464,4,4,-113,-104,-172,-226,249,5,-88,62,-300,-4
2465,6,6,25,-193,-220,-139,-66,100,349,-258,-108,-213
2466,6,6,-25,-126,-29,-77,-22,35,183,-123,-12,-147
2467,8,8,-58,-160,-64,67,-118,-80,-171,-50,234,91
2468,6,6,22,-173,-154,-103,-50,63,279,-188,-86,-190
2469,6,6,38,-28,-222,-201,36,23,191,-157,-142,-176
2470,8,8,-101,-162,102,103,-220,-121,-227,51,176,12
2471,6,6,-19,-110,-112,-130,-36,68,278,-220,-72,-251
2472,9,9,-95,-30,-115,-76,65,-84,-218,38,-32,133
2473,1,1,-71,270,-166,-258,62,-19,-115,-102,-94,-153
2474,7,7,-86,85,57,-58,-100,-292,-437,302,-137,-58
2475,2,2,-108,74,251,94,-346,-292,-283,91,49,-175
2476,5,5,-6,-93,-207,48,-188,165,-28,-39,-105,-5
2477,9,9,-108,-160,-100,-113,116,-30,-223,-11,-65,238
2478,9,9,-201,-105,-117,-70,96,-16,-333,38,-41,232
2479,0,7,81,-88,-23,-103,-53,-109,-147,96,-137,30
2480,7,7,-75,75,53,-67,-36,-171,-308,176,-143,-21
2481,2,2,-46,15,295,148,-370,-337,-299,105,-49,-195
2482,7,7,-188,32,-7,-27,-57,-212,-405,306,-118,31
2483,6,6,-35,-146,-115,-141,-27,79,284,-216,-19,-185
2484,7,7,-186,48,-135,-73,13,-60,-237,186,-83,31
2485,0,0,192,-138,-128,-69,-157,-31,-34,21,-143,-18
2486,6,6,18,-171,-154,-139,-41,62,320,-214,-97,-234
2487,5,5,-128,-96,-237,-71,-113,260,-82,-32,-40,42
2488,2,7,2,48,3,-194,34,-86,-115,92,-128,-83
2489,4,4,-105,-114,-71,-193,226,-103,-181,111,-242,51
2490,7,7,-113,55,-75,-87,3,-95,-231,161,-89,24
2491,2,2,-29,51,242,2,-114,-184,-231,101,-179,-199
2492,0,0,157,-149,-75,-160,-35,-208,-151,56,-112,-33
2493,9,9,-131,-162,-138,29,27,24,-218,-19,-35,204
2494,9,9,-122,-122,-23,-13,55,-57,-271,69,-41,167
2495,2,2,-58,37,330,23,-185,-267,-267,57,-57,-199
2496,2,2,-212,117,271,122,-288,-189,-348,124,-13,-194
2497,9,9,-111,-174,-210,-72,10,81,-170,-4,-20,202
2498,4,4,-198,-31,-106,-175,252,-23,-140,1,-90,22
2499,4,4,-184,-12,-45,-176,313,-68,-180,12,-152,-78
2500,2,2,-49,20,205,63,-242,-186,-201,74,-36,-123
2501,3,3,-248,-12,-104,365,-219,-4,-369,74,-136,-19
2502,3,3,-193,4,-75,334,-239,-69,-327,60,-58,-14
2503,2,2,1,36,360,-66,-94,-252,-233,77,-153,-282
2504,1,1,-124,154,-69,-143,72,-51,-139,-30,-34,-10
2505,7,7,-128,-33,-124,-181,-5,-152,-302,374,-153,-1
2506,0,0,226,-189,-72,-144,-77,-22,6,-92,-211,-30
2507,7,7,-164,51,56,94,-113,-203,-363,228,-99,-50
2508,6,6,-6,-86,-117,-33,-19,60,131,-81,-83,-73
2509,4,4,-105,-4,-118,-153,221,-57,-78,-15,-75,-64
2510,1,1,-103,244,-108,-236,68,-119,-96,-23,-62,-166
2511,3,3,-324,96,-72,327,-127,-61,-280,135,-121,-140
2512,8,8,18,-154,-64,41,-155,10,-71,-53,88,23
2513,7,7,-125,6,132,-70,-105,-225,-270,286,-57,-135
2514,4,4,-131,61,-140,-205,161,-24,-134,-50,-99,47
2515,5,5,-63,-254,-215,-143,-168,292,144,-173,0,18
2516,9,9,-23,-163,34,3,-50,-146,-196,19,2,152
2517,2,2,-55,-7,305,171,-295,-335,-251,69,-65,-245
2518,5,5,-112,-149,-252,-24,-138,310,-30,-62,-145,59
2519,1,1,-82,183,-99,-192,72,-94,-115,-11,-86,-68
2520,8,8,-55,-55,-90,14,-108,-24,-59,-115,161,-3
2521,7,7,-25,-71,-78,-122,44,-200,-343,276,-180,12
2522,3,3,-293,28,-128,327,-141,30,-228,79,-112,-98
2523,7,7,-117,78,-68,-152,38,-64,-155,186,-118,-100
2524,1,1,-89,248,-99,-203,57,-120,-131,17,-133,-162
2525,5,5,-183,-86,-274,88,-137,285,-79,-113,-93,38
2526,5,5,-125,-42,-200,94,-179,237,-108,-71,-111,29
2527,0,0,188,-134,-75,-131,-50,-8,-30,-61,-229,-4
2528,9,9,-15,-117,-77,-116,55,-57,-96,-69,-50,152
2529,1,1,-66,288,-154,-322,101,-109,-109,-70,-147,-179
2530,4,4,-125,33,-121,-236,270,-57,-111,-63,-131,-24
2531,0,0,208,-109,-159,-125,-227,63,-29,-3,-142,-85
2532,6,6,-13,6,-59,-76,8,30,95,-110,-28,-123
2533,3,3,-182,47,-61,183,-177,27,-228,53,-79,-41
2534,3,3,-259,-1,-276,307,-183,160,-187,32,-116,-73
2535,6,6,23,-142,-356,-176,-53,61,221,-85,-43,-175
2536,0,0,199,-226,-65,-120,-46,-119,-108,-25,-151,28
2537,4,4,-152,101,-133,-212,233,-71,-128,-5,-102,-81
2538,9,9,-158,-163,-115,37,31,-82,-317,65,23,231
2539,7,7,-132,-19,39,53,-28,-171,-285,217,-96,-3
2540,5,5,-87,-63,-246,6,-107,212,-83,55,-195,8
2541,1,1,-124,232,-116,-263,108,-77,-144,-41,-115,-69
2542,6,6,75,-141,-178,-161,-83,45,214,-148,-100,-68
2543,8,8,-50,-83,-40,-35,-112,-50,-134,-72,205,1
2544,9,9,-45,-142,-70,-13,-5,-29,-167,77,-52,113
2545,5,5,-134,-80,-217,69,-214,294,-152,-28,-49,15
2546,5,5,-18,-163,-249,-146,-165,254,76,-77,-6,-37
2547,7,7,-141,-3,187,70,-146,-256,-387,315,-149,-122
2548,9,9,-149,-64,-150,-100,122,-74,-306,70,-159,182
2549,3,3,-258,-26,-69,371,-242,-163,-464,63,18,73
2550,8,8,51,-164,-57,-47,-226,-14,-24,-30,159,-49
2551,3,3,-226,-71,-163,297,-263,57,-266,-23,85,32
2552,8,8,-102,-94,-34,98,-170,-84,-207,18,177,56
2553,1,1,-92,237,-151,-226,73,-65,-95,-45,-114,-128
2554,5,5,-191,-142,-291,17,-120,348,-38,-68,-70,28
2555,3,3,-295,14,-126,354,-202,37,-356,109,-238,-53
2556,5,5,-148,-83,-216,93,-266,306,-111,-11,-92,-30
2557,0,0,237,-108,-56,-173,-162,-49,-32,-35,-163,-134
2558,5,5,-137,-60,-262,24,-199,328,-67,-141,-62,35
2559,5,5,-170,17,-249,72,-126,256,-102,-78,-130,39
2560,3,3,-97,54,-123,137,-92,59,-57,-68,-118,-113
2561,8,8,-68,-137,-84,31,-90,-86,-158,-50,220,96
2562,6,6,46,-114,-169,-241,34,57,261,-235,-110,-201
2563,7,7,-150,45,60,-25,-101,-181,-382,298,-157,-42
2564,7,7,-103,49,-34,-24,-79,-207,-362,208,-75,39
2565,7,7,-196,26,18,7,-123,-157,-390,334,-186,-33
2566,3,3,-232,-8,-35,316,-258,-141,-354,50,40,15
2567,7,7,-188,41,-13,-12,-59,-177,-397,279,-145,27
2568,0,0,192,-120,-118,-57,-164,0,-38,4,-163,-25
2569,5,5,-101,-85,-236,17,-120,216,-99,55,-161,32
2570,9,9,-148,-109,-51,-61,2,-56,-215,67,26,153
2571,0,0,116,-29,-58,-111,-116,-19,-44,8,-72,-69
2572,2,2,32,80,280,-109,-60,-250,-224,42,-147,-221
2573,5,5,-189,46,-249,-48,-151,186,-201,-53,17,66
2574,5,5,1,-52,-169,5,-162,122,-64,80,-96,-51
2575,3,3,-270,-27,-66,389,-294,-83,-414,41,3,39
2576,1,1,-87,138,-62,-143,52,-80,-118,11,-64,-24
2577,7,7,-109,51,-53,-76,-35,-101,-265,202,-78,13
2578,7,7,-80,86,126,-49,-117,-244,-373,225,-144,-71
2579,8,8,-109,-146,8,98,-169,-159,-235,-18,274,56
2580,6,6,9,-93,-145,-176,-39,85,245,-182,-43,-232
2581,5,5,-165,-98,-268,-19,-94,276,-119,-49,-58,82
2582,9,7,-67,-40,-72,-31,-57,-3,-247,136,-219,16
2583,3,3,-279,5,-82,315,-172,-39,-316,57,5,11
2584,8,8,-27,-198,-53,-1,-207,41,45,-151,207,-28
2585,9,9,-141,-114,-39,-24,76,-89,-290,103,-63,178
2586,5,5,-171,-146,-345,101,-190,349,-40,-73,-113,10
2587,3,3,-134,-22,-141,257,-202,53,-204,15,-47,-12
2588,7,7,-102,-66,-157,-77,-78,-39,-220,313,-199,7
2589,9,9,26,-217,-148,-85,-92,4,-187,116,-194,133
2590,1,1,-57,285,-133,-312,69,-109,-145,-50,-138,-147
2591,7,7,-144,37,17,5,-141,-154,-383,248,-106,0
2592,0,0,209,-94,25,-180,-69,-214,-129,34,-200,-88
2593,0,0,140,-136,-91,-96,-91,-85,-125,-12,-111,36
2594,3,3,-328,59,-141,340,-148,39,-227,96,-173,-158
2595,7,7,-179,-21,-69,-63,-47,-149,-345,326,-139,48
2596,2,2,-66,135,268,-130,-106,-281,-273,185,-166,-263
2597,5,3,-140,-12,-46,127,-206,121,-181,2,-45,-27
2598,8,1,-143,115,-42,-115,-43,-143,-147,26,58,-97
2599,1,1,-61,268,-94,-260,29,-101,-138,-39,-72,-143
2600,8,8,-111,-57,-134,38,-71,-42,-94,-99,259,-29
2601,6,6,59,-163,-114,-147,-116,59,227,-151,-37,-102
2602,2,2,-47,133,337,-89,-184,-263,-279,135,-168,-244
2603,9,9,-152,-131,-82,-12,49,-71,-288,77,37,193
2604,5,5,-135,16,-187,67,-122,202,-107,11,-170,9
2605,7,7,-134,5,-112,-64,-30,-42,-194,228,-112,1
2606,5,5,-143,-90,-212,-6,-152,302,-80,-33,-174,41
2607,7,7,-143,135,94,-166,50,-228,-255,186,-91,-244
2608,8,8,-35,-28,-91,-87,-69,-17,-95,-53,120,45
2609,6,6,3,-97,-139,-122,-74,111,136,-6,-125,-243
2610,2,2,-124,-29,259,169,-403,-299,-349,123,78,-127
2611,5,5,-96,-110,-193,29,-133,210,-36,-56,-25,6
2612,1,1,-130,236,-130,-130,40,-64,-160,-63,-36,-93
2613,4,4,-173,105,-117,-293,337,-160,-216,102,-197,-239
2614,8,8,-81,-146,-7,8,-135,-109,-135,-106,319,5
2615,4,4,-168,80,-134,-241,332,-111,-170,18,-141,-156
2616,5,5,-125,-7,-117,33,-125,193,-37,-77,-81,-32
2617,8,8,-38,-50,-13,-28,-120,-41,-126,13,107,39
2618,3,3,-316,-19,-298,389,-213,202,-229,5,-140,-44
2619,0,0,136,-19,-58,-241,-65,-169,-170,66,-202,-56
2620,6,6,21,-195,-266,-174,-19,112,349,-333,-39,-221
2621,2,2,50,-17,307,-71,-44,-221,-114,-17,-185,-285
2622,7,7,-129,-13,10,-15,5,-135,-223,240,-99,-27
2623,3,3,-361,29,-110,333,-179,66,-277,143,-182,-106
2624,3,3,-205,37,-85,248,-241,-62,-302,26,-6,20
2625,2,2,-56,106,323,-48,-240,-301,-281,150,-115,-218
2626,1,1,-59,262,-168,-292,91,-39,-61,-109,-107,-169
2627,0,0,152,-159,-241,-101,-249,108,-49,71,-81,-109
2628,7,7,-135,36,127,50,-88,-213,-324,249,-136,-83
2629,3,3,-180,-46,-179,288,-209,85,-220,-34,-1,22
2630,4,4,-218,-36,-168,-75,209,-42,-164,91,-154,-13
2631,0,0,130,-91,-119,-188,-43,22,66,-81,-197,-81
2632,3,3,-289,3,-55,295,-195,6,-357,109,-52,-17
2633,9,9,-89,-197,-129,0,-8,21,-226,20,-60,205
2634,3,3,-298,47,-127,328,-161,-45,-397,86,-149,24
2635,2,2,-97,73,260,-39,-121,-100,-133,62,-70,-241
2636,8,8,2,-126,-90,-26,-148,46,-81,52,87,-50
2637,9,9,-125,-170,12,11,81,-82,-284,43,-75,200
2638,0,0,232,-170,-147,-107,-143,-11,29,-45,-178,-22
2639,3,3,-258,-27,-191,319,-145,74,-240,-8,-49,25
2640,8,8,-55,-111,-47,15,-98,-80,-115,-60,206,49
2641,0,0,196,-155,-195,-167,-233,72,10,83,-154,-130
2642,7,7,-76,100,-107,-256,31,-100,-228,200,-174,-52
2643,6,6,-20,-49,-153,-203,75,21,226,-225,-34,-215
2644,5,5,-117,-114,-209,-1,-169,297,-64,-80,-85,42
2645,4,4,-142,53,-110,-133,184,-53,-123,22,-63,-67
2646,7,7,-168,51,-2,18,-138,-138,-390,257,-124,-8
2647,3,3,-233,10,-54,304,-197,-27,-318,98,-142,-50
2648,9,7,-33,-105,-161,-1,-70,61,-173,108,-148,36
2649,0,0,252,-297,-47,-88,-56,-164,-38,-108,-59,9
2650,8,8,-59,-60,-22,-5,-64,-28,-67,-40,137,12
2651,6,6,43,-89,-268,-168,-75,114,219,-185,-54,-218
2652,2,2,-92,96,315,3,-352,-248,-254,116,-70,-216
2653,5,5,-146,-79,-289,43,-206,350,-107,-28,-67,-33
2654,6,1,-18,201,-98,-195,20,-42,2,-160,-69,-207
2655,1,1,-99,279,-124,-268,85,-147,-128,-17,-104,-170
2656,0,7,133,-96,-185,-136,-217,42,-101,169,-189,-69
2657,0,0,225,-154,-73,-62,-144,-41,-65,-48,-142,-19
2658,4,4,-70,47,-145,-260,235,-34,-27,-122,-83,-97
2659,4,4,-139,110,-215,-226,164,-34,-122,18,-53,-84
2660,0,0,144,-50,-48,-91,-159,-29,-117,93,-141,-48
2661,1,1,-70,274,-132,-261,65,-120,-115,-26,-108,-168
2662,2,2,65,-9,331,-168,-80,-203,-36,-113,-99,-281
2663,3,3,-236,21,-145,352,-295,22,-334,22,-63,3
2664,2,2,-21,71,348,69,-167,-360,-246,52,-176,-319
2665,7,7,-109,31,171,29,-155,-196,-276,220,-92,-106
2666,7,7,-224,32,-19,78,-65,-119,-340,252,-148,-18
2667,8,8,-76,-171,-79,-59,-218,142,-10,-95,203,-1
2668,5,5,-29,-165,-277,-86,-144,224,-12,49,-150,18
2669,2,2,-21,109,354,-95,-146,-268,-257,99,-171,-258
2670,5,5,-8,-48,-186,-4,-244,191,-94,80,-113,-81
2671,7,7,-111,-32,68,26,-151,-197,-376,221,-25,6
2672,6,6,18,-32,-222,-231,-21,62,159,-100,-161,-116
2673,9,9,-190,-43,-64,3,26,-21,-268,-14,-18,193
2674,1,1,-124,197,-76,-177,75,-79,-160,-22,-56,-32
2675,4,4,-151,-13,-86,-252,351,-79,-131,49,-181,-189
2676,1,1,-70,227,-82,-207,48,-130,-122,6,-81,-127
2677,6,6,-8,-153,-225,-172,19,102,334,-268,-85,-245
2678,4,4,-184,103,-72,-164,168,-95,-201,82,-110,-61
2679,2,2,24,-7,433,-91,-242,-299,-204,73,-119,-287
2680,4,4,-169,-7,-45,-145,286,-83,-154,-14,-122,-69
2681,3,3,-291,-2,-68,300,-111,-2,-283,86,-120,-42
2682,5,5,-179,-143,-262,51,-133,325,-69,-33,-153,25
2683,4,4,-170,40,-163,-233,262,-61,-132,-49,-73,1
2684,3,3,-34,-45,-15,149,-168,-47,-238,52,-90,30
2685,9,9,-227,-31,-93,-49,71,-40,-348,10,-19,220
2686,5,5,-25,-117,-227,40,-244,238,-59,27,-41,-76
2687,0,0,168,-78,-112,-112,-192,4,-87,97,-158,-62
2688,1,1,-120,242,-106,-212,77,-63,-137,-54,-66,-90
2689,5,5,-68,7,-77,25,-59,97,-48,8,-97,-8
2690,3,3,-232,-29,-77,271,-159,-22,-255,13,29,34
2691,8,8,-74,-103,-61,95,-140,-4,-98,-95,166,29
2692,9,9,-127,-72,-36,-17,54,-79,-260,95,-30,126
2693,1,1,-65,298,-174,-298,79,-87,-96,-76,-127,-196
2694,9,9,-38,-81,-65,-40,-21,1,-147,19,-43,114
2695,7,7,-140,-13,5,-5,-33,-33,-170,227,-225,-71
2696,9,9,-19,-130,-45,-18,2,-83,-152,11,-13,141
2697,5,5,-87,-35,-67,-36,-136,170,-69,-46,-28,7
2698,5,5,-116,-31,-252,-19,-86,197,-95,-73,0,59
2699,2,2,2,34,139,-106,-18,-93,-29,-33,-18,-150
2700,7,7,-143,24,54,-7,-155,-132,-379,265,-149,6
2701,4,4,-145,84,-98,-255,272,-116,-218,71,-174,-119
2702,6,6,20,-114,-273,-191,28,46,213,-49,-240,-239
2703,0,0,152,-68,-154,-56,-102,13,-44,-6,-153,-49
2704,1,1,-66,212,-62,-200,24,-76,-120,-7,-60,-98
2705,1,1,-99,200,-157,-119,-16,-8,-134,-101,-27,-100
2706,1,1,-85,175,-87,-144,42,-38,-82,-53,-30,-79
2707,0,0,232,-149,-45,-175,-191,-44,-10,-21,-106,-94
2708,4,4,-180,50,-30,-169,207,-2,-104,-32,-95,-90
2709,4,4,-139,44,-7,-202,251,-77,-134,-19,-159,-93
2710,7,7,-139,23,53,25,-148,-106,-323,195,-94,0
2711,6,6,-24,-181,-280,-70,-39,93,259,-63,-145,-219
2712,3,3,-288,89,-75,312,-168,-59,-366,95,-126,-34
2713,0,0,145,-85,-141,-185,-113,-78,-71,-34,-46,-67
2714,0,0,215,-160,-69,-126,-123,-115,-24,-30,-136,-33
2715,4,4,-209,89,-54,-179,264,-161,-293,138,-205,-101
2716,3,3,-143,-41,-5,309,-215,-134,-364,85,-98,-13
2717,0,0,238,-142,-23,-97,-159,-73,-106,28,-178,-43
2718,6,6,49,-7,-249,-321,107,-28,217,-212,-189,-251
2719,1,1,-43,273,-168,-401,105,-85,-37,-92,-131,-234
2720,9,4,-144,60,-143,-210,168,-112,-266,70,-126,66
2721,6,6,-25,-115,27,-175,-49,60,148,-108,48,-164
2722,1,1,-104,213,-99,-179,71,-45,-117,-57,-51,-87
2723,3,3,-310,104,9,315,-173,-124,-354,164,-119,-113
2724,8,8,-53,-38,-36,-37,-146,56,4,-96,104,-60
2725,1,1,-102,307,-91,-278,88,-171,-143,-5,-123,-212
2726,2,2,4,41,271,-44,-126,-213,-195,66,-138,-189
2727,5,5,-123,-126,-309,-33,-158,346,-2,-72,-137,19
2728,6,6,5,-205,-337,-195,18,29,311,-112,-122,-233
2729,2,2,-45,54,305,-21,-137,-222,-200,87,-128,-233
2730,7,7,-119,59,34,-123,103,-96,-157,151,-114,-186
2731,3,3,-326,15,-96,336,-154,47,-272,134,-220,-110
2732,6,6,-68,-15,-114,-70,13,89,130,-177,-47,-162
2733,0,0,229,-31,-70,-242,-201,-92,-99,18,-170,-166
2734,1,1,-84,296,-155,-289,20,-122,-72,-76,-75,-229
2735,9,7,-38,-92,-29,-42,-5,-102,-202,130,-73,87
2736,7,7,-51,-52,44,-28,-82,-143,-277,232,-91,-26
2737,6,6,41,-87,-235,-185,-9,50,245,-148,-130,-215
2738,6,6,45,-165,-300,-121,-81,104,296,-193,-106,-224
2739,8,8,-55,19,-106,-93,-47,-91,-68,-77,135,-49
2740,9,9,-136,23,-68,-85,40,-118,-343,102,-148,120
2741,2,2,33,95,300,-146,-72,-263,-180,47,-160,-273
2742,9,7,13,-127,-35,-3,-38,-37,-174,93,-80,55
2743,5,5,-50,-67,-133,-98,-72,117,24,-113,40,28
2744,8,8,-70,-126,-26,51,-110,-119,-172,-10,213,55
2745,3,3,-347,66,57,409,-338,-117,-410,145,-86,-142
2746,1,1,-106,308,-105,-310,75,-178,-162,-7,-107,-170
2747,0,0,203,-168,-186,-80,-178,-2,-58,58,-143,-83
2748,0,0,142,-59,-30,-86,-133,-12,-66,46,-134,-46
2749,7,7,-183,-60,-138,-38,-48,-45,-301,332,-221,33
2750,6,6,77,-86,-239,-255,-118,104,198,-214,-47,-148
2751,6,6,85,-66,-185,-209,-51,67,196,-130,-155,-269
2752,2,2,21,-33,294,-19,-80,-247,-108,-8,-141,-269
2753,1,1,-121,323,-168,-349,72,-155,-94,-43,-73,-259
2754,6,6,89,-105,-141,-220,49,-71,106,-33,-231,-183
2755,9,9,-146,-43,-71,-82,98,-105,-282,110,-1,129
2756,3,3,-109,33,-76,198,-163,54,-178,16,-161,-71
2757,1,1,-88,239,-118,-231,84,-49,-100,-75,-73,-113
2758,8,0,110,-227,-104,51,-220,13,-99,-14,53,-1
2759,6,6,-2,-158,-169,-100,-28,66,287,-179,-94,-211
2760,9,9,-85,11,-117,-135,79,-72,-188,10,-96,83
2761,0,0,226,-207,-27,-185,-31,-96,57,-140,-186,-53
2762,6,6,55,-110,-207,-147,-33,77,223,-198,-85,-145
2763,0,0,217,-116,-77,-111,-201,2,-74,23,-138,-73
2764,0,0,200,-81,-42,-207,-167,-99,-100,50,-156,-105
2765,0,0,249,-210,-39,-112,-159,-99,-76,-5,-118,-24
2766,6,6,28,-104,-113,-90,-49,55,183,-134,-34,-133
2767,3,3,-247,49,-30,294,-182,-104,-384,99,-120,-1
2768,5,5,-179,-67,-215,39,-246,341,-165,-77,-69,49
2769,9,7,-49,-96,-153,-130,14,-87,-202,110,1,94
2770,3,3,-184,-50,-111,193,-108,48,-130,142,-172,-130
2771,4,4,-142,55,-98,-160,155,-88,-211,14,-84,77
2772,5,5,-74,-13,-298,-82,-61,183,1,-9,-63,-46
2773,5,5,-173,-95,-283,84,-225,356,-110,-69,-83,22
2774,8,8,-200,-85,81,27,-305,51,-121,-43,261,-64
2775,5,5,-103,-54,-203,20,-180,214,22,-162,-57,-21
2776,3,3,-253,5,2,335,-278,-179,-362,52,67,-9
2777,0,0,182,-20,-37,-201,-101,-113,12,-47,-154,-154
2778,4,4,-14,48,-71,-252,210,-68,-35,-41,-182,-149
2779,0,0,207,-107,-82,-84,-179,-74,-95,37,-158,-43
2780,2,2,-72,-31,200,125,-150,-140,-320,158,-181,-165
2781,9,9,-131,-91,-62,-94,67,-83,-300,152,-84,154
2782,6,6,49,-130,-287,-108,-52,100,226,-218,-71,-102
2783,8,8,-81,-81,30,-37,-186,-28,-110,-32,176,31
2784,2,2,32,108,290,-182,-72,-258,-216,99,-184,-239
2785,3,3,-327,-8,-154,412,-257,20,-368,84,-74,-17
2786,1,1,-42,170,-64,-178,49,-52,-71,-31,-63,-90
2787,2,2,-22,30,372,-17,-154,-206,-240,82,-171,-288
2788,1,1,-40,210,-98,-224,40,-82,-74,-33,-79,-133
2789,1,1,-134,368,-91,-341,91,-207,-178,-22,-106,-233
2790,5,5,-175,-118,-262,11,-251,376,-170,-28,-23,12
2791,6,6,74,-231,-332,-141,-63,37,365,-252,-41,-183
2792,9,9,-122,-113,-82,16,33,-50,-250,39,5,172
2793,8,8,-28,-49,-12,-25,-49,-79,-62,-20,116,-1
2794,0,0,110,-28,-57,-120,-113,-15,-65,63,-124,-56
2795,6,6,12,-184,-165,-105,-105,84,322,-250,-62,-211
2796,6,6,20,-25,-197,-172,15,63,132,-119,-132,-144
2797,5,5,-68,-150,-254,-65,-162,222,-65,97,-157,-3
2798,5,5,-142,-179,-192,-77,-162,321,6,-133,-49,75
2799,3,3,-301,68,-30,335,-195,-93,-394,156,-186,-81
2800,8,8,-102,-217,-29,-18,-141,-4,-4,-119,274,34
2801,6,6,73,-217,-219,-157,-28,-14,320,-203,-95,-159
2802,2,2,125,-104,330,-85,-230,-200,-224,46,-129,-174
2803,1,1,-147,234,-101,-181,99,-87,-183,-46,-48,-71
2804,4,4,-161,40,-83,-198,219,-74,-171,87,-180,-60
2805,5,5,-56,-151,-159,-59,-123,226,26,-92,11,-6
2806,4,4,-102,41,-38,-194,240,-96,-138,45,-170,-150
2807,3,3,-224,27,-65,375,-243,-92,-373,73,-81,-47
2808,7,7,-108,49,-106,-179,42,-80,-237,216,-116,-19
2809,8,8,-64,-134,-108,42,-130,-1,-89,-104,215,55
2810,5,5,-41,-3,-92,84,-184,124,-173,17,-164,-60
2811,0,0,167,-145,-55,-127,-41,-30,-60,-27,-179,40
2812,9,9,-52,-72,-73,-109,81,-67,-148,-79,-51,158
2813,3,3,-201,83,-93,246,-142,6,-245,55,-152,-54
2814,5,5,-81,-59,-137,-30,-203,236,7,-66,-7,-82
2815,1,1,-153,241,-103,-151,28,-47,-187,-52,-27,-60
2816,1,1,-63,267,-115,-319,100,-113,-70,-56,-114,-216
2817,0,0,235,-241,-41,-129,-40,-127,-12,-119,-107,-21
2818,4,4,-73,-83,-192,-185,171,-158,-93,19,-17,-21
2819,4,4,-187,98,-151,-241,299,-100,-181,45,-174,-145
2820,7,7,-233,53,127,45,-95,-232,-398,335,-139,-114
2821,0,0,175,-82,-58,-147,-81,-34,-19,-40,-223,-82
2822,1,1,-137,248,-92,-205,49,-106,-203,-12,-50,-53
2823,7,7,-125,14,-28,28,-5,-11,-109,107,-49,-49
2824,0,0,191,-71,-72,-122,-188,-34,-110,51,-150,-81
2825,1,1,-114,238,-119,-191,71,-38,-113,-96,-44,-106
2826,6,6,-14,-230,-108,-100,-111,45,300,-186,18,-150
2827,1,1,-100,167,-91,-194,73,-68,-119,-14,-86,-27
2828,4,4,-98,-27,-78,-243,295,-178,-196,-20,-120,13
2829,5,5,-180,-45,-174,-35,-83,241,-64,-35,-106,37
2830,6,6,31,-165,-249,-152,-62,113,220,-58,-101,-235
2831,6,6,6,-246,-231,-134,-69,150,290,-259,-39,-79
2832,5,5,-217,-152,-321,125,-170,358,-97,-68,-155,42
2833,7,7,-110,-32,-67,-92,-57,-95,-268,326,-205,-18
2834,8,8,-29,-121,-66,92,-87,-54,-117,7,106,-52
2835,4,4,-82,30,-50,-287,276,-73,-126,23,-197,-140
2836,4,7,-248,23,96,59,109,-198,-339,144,-90,-46
2837,7,7,-180,-13,-16,36,-76,-212,-478,324,-137,38
2838,2,2,-30,10,275,46,-319,-303,-203,41,46,-183
2839,5,5,-105,-77,-45,-50,-252,219,-76,-57,-13,-7
2840,3,3,-306,52,-38,339,-195,-38,-315,98,-93,-78
2841,7,7,-170,59,97,53,-105,-192,-348,281,-150,-99
2842,0,0,248,-135,-120,-56,-198,-28,-134,38,-221,-31
2843,7,7,-94,-22,77,48,-77,-317,-481,269,-99,13
2844,7,7,-196,46,-11,0,-78,-230,-455,345,-137,0
2845,9,9,-96,-157,-11,14,49,-112,-301,99,-73,151
2846,6,6,18,-132,-184,-153,-71,102,291,-255,-65,-187
2847,4,4,-65,-26,-34,-221,178,-58,-147,-21,-159,61
2848,2,2,-70,40,222,55,-209,-304,-296,97,11,-121
2849,8,8,-107,-66,-216,-38,-7,9,-7,-135,210,-53
2850,5,5,-84,6,-187,58,-138,184,-105,-7,-217,-10
2851,7,7,-77,2,-61,-152,8,-94,-244,210,-156,24
2852,8,8,-106,8,-21,-100,-47,-77,-116,-108,194,6
2853,3,3,-285,1,-36,332,-172,-110,-381,73,-2,17
2854,9,4,-108,-39,-194,-133,117,-101,-238,70,-45,109
2855,5,5,-82,-80,-397,-110,-148,297,-33,-73,2,-5
2856,8,8,-54,-105,-32,11,-55,-114,-146,-60,226,30
2857,9,9,-41,-169,-37,6,31,-80,-202,43,-33,166
2858,9,9,-169,-92,-117,-43,99,-41,-280,-2,5,227
2859,8,8,-54,-86,-137,-138,-93,64,112,-201,179,-95
2860,6,6,37,-220,-173,-161,-201,156,251,-189,-3,-118
2861,2,2,-65,90,222,44,-223,-216,-284,122,-136,-148
2862,8,1,-49,88,-132,-151,-25,-25,-108,-45,33,-15
2863,9,4,-188,21,-197,-192,133,49,-184,-29,-94,120
2864,2,2,-112,20,334,165,-372,-331,-425,180,-64,-195
2865,3,3,-282,-15,-133,343,-183,11,-315,76,-90,3
2866,6,6,-28,-40,-139,-135,25,45,177,-154,-64,-156
2867,1,1,-58,143,-69,-150,54,-46,-63,-23,-60,-72
2868,1,1,-81,254,-131,-233,84,-51,-93,-86,-76,-134
2869,8,8,-102,-40,40,-187,-69,-21,-112,-42,228,-18
2870,9,9,-84,-165,11,38,1,-90,-253,43,-18,161
2871,3,3,-219,-40,-114,274,-113,3,-281,39,-39,25
2872,4,4,-153,19,-86,-206,224,-73,-141,62,-88,-83
2873,0,0,176,-74,-105,-140,-168,-23,-6,0,-153,-109
2874,7,7,-164,-1,70,4,-163,-163,-459,330,-219,-28
2875,9,9,-125,-53,-92,-86,108,-86,-255,37,-116,158
2876,6,6,-12,-196,-236,-88,-94,125,281,-214,-29,-146
2877,4,4,-58,-115,41,-89,129,-109,-53,9,-55,-69
2878,1,1,-62,280,-128,-263,49,-52,-105,-105,-83,-174
2879,4,4,-27,-17,-41,-249,204,-136,-112,54,-130,-85
2880,1,1,-68,295,-137,-306,56,-123,-142,-22,-134,-161
2881,3,3,-249,9,-131,318,-131,-22,-237,0,22,-16
2882,4,7,-175,41,-113,-128,141,-45,-126,175,-179,-176
2883,9,9,-88,-242,-185,9,37,-35,-230,22,2,242
2884,3,3,-275,44,-150,268,-110,56,-248,33,-67,-12
2885,1,1,-70,146,-33,-159,8,-111,-139,48,-55,-48
2886,4,4,-179,72,-125,-271,313,-80,-229,11,-187,-76
2887,7,7,-155,35,6,14,-87,-157,-366,248,-126,8
2888,7,7,-63,48,47,-45,-158,-231,-361,246,-60,-31
2889,4,4,-96,-126,-79,-192,266,-118,-165,58,-186,16
2890,7,7,-128,12,108,-37,-173,-147,-404,285,-180,-48
2891,2,2,-34,4,272,101,-197,-306,-298,103,-83,-164
2892,9,9,-142,-181,-17,26,67,-95,-272,32,-29,224
2893,3,3,-233,47,-119,326,-219,62,-274,65,-176,-110
2894,0,0,176,-167,-250,-53,-193,80,74,-49,-108,-52
2895,8,8,-61,-160,25,71,-235,-98,-171,-64,284,12
2896,8,0,161,-180,-128,27,-268,-1,-107,39,-19,-73
2897,8,8,-65,-46,-22,-94,9,-129,-126,-64,160,21
2898,4,4,-200,105,-146,-281,266,-87,-219,61,-158,-42
2899,0,0,220,-136,-92,-104,-176,-22,-82,51,-203,-15
2900,4,4,-26,-60,26,-228,245,-61,-77,-71,-177,-58
2901,4,4,-148,18,-74,-132,153,-36,-94,-26,-68,7
2902,1,1,-151,254,-112,-160,67,-59,-175,-71,-40,-92
2903,5,5,-147,-89,-214,-4,-230,328,-56,-96,-96,33
2904,2,2,-37,73,304,-34,-127,-224,-229,83,-152,-239
2905,8,8,-104,-35,8,85,-162,-48,-130,6,123,-4
2906,3,3,-322,24,-165,310,-105,39,-297,98,-171,-26
2907,4,4,-90,-69,-17,-130,182,-38,-137,-5,-106,75
2908,9,9,-115,-218,-86,5,64,-40,-222,-61,-14,282
2909,5,5,-213,-53,-218,81,-127,274,-92,-9,-138,11
2910,2,2,-119,137,256,15,-204,-237,-394,233,-202,-206
2911,8,2,-56,49,84,-10,-117,-227,-222,22,74,-52
2912,1,1,-95,189,-91,-209,87,-87,-120,-12,-102,-67
2913,5,5,-156,-105,-206,21,-105,255,-65,-25,-143,58
2914,3,3,-358,32,-75,346,-232,-30,-388,113,-35,-18
2915,7,7,-265,122,-49,32,-115,-186,-449,237,-44,12
2916,9,9,-192,5,-125,-81,104,-68,-309,39,-58,190
2917,4,4,-202,26,-13,-102,207,-26,-169,-45,-100,-30
2918,2,2,-4,19,395,-53,-123,-248,-203,40,-146,-313
2919,5,5,-93,-66,-74,-53,-37,158,9,-65,-19,1
2920,6,6,21,-110,-153,-90,-9,64,165,-85,-81,-108
2921,3,3,62,-111,60,127,-212,-95,-179,12,-45,-96
2922,5,5,-127,-48,-270,41,-294,371,-141,-40,-106,-29
2923,9,9,-131,-69,-75,-24,50,-81,-263,58,-3,175
2924,3,3,-250,45,-129,271,-161,48,-202,53,-105,-58
2925,5,5,-3,-72,-259,-83,-96,149,20,34,-87,-77
2926,9,9,-160,-82,-106,-91,115,-21,-187,-36,-47,208
2927,3,2,-201,69,189,143,-224,-50,-253,121,-68,-211
2928,1,1,-67,307,-83,-348,97,-163,-145,-24,-149,-195
2929,9,9,-143,-134,-67,-12,-21,47,-230,83,-92,153
2930,5,5,-71,49,-295,-142,-15,73,-26,35,-44,-68
2931,3,3,-194,-3,-51,252,-190,-83,-383,52,-65,58
2932,0,0,178,-127,-65,-96,-94,-40,23,-68,-152,17
2933,6,6,38,-132,-201,-108,-61,83,232,-200,-38,-143
2934,9,9,-124,-110,-49,-30,1,-46,-280,88,-53,176
2935,8,8,-81,-133,-71,16,-127,-51,-189,-25,235,74
2936,4,4,-222,-40,-87,-156,275,-67,-206,89,-192,-9
2937,0,0,176,-26,-146,-211,-149,-94,-125,29,-126,-96
2938,4,4,-17,-14,-124,-249,173,-72,-35,-25,-213,-66
2939,9,7,1,-66,-117,-40,-77,29,-100,94,-99,-9
2940,2,2,-72,136,242,-22,-177,-230,-171,31,-37,-245
2941,9,9,-122,-155,-114,-44,-39,77,-205,23,-33,175
2942,0,0,248,-135,-103,-136,-210,5,-43,12,-171,-76
2943,1,1,-29,162,-78,-176,40,-32,-16,-73,-79,-139
2944,0,0,132,-76,28,-116,-219,-50,-144,102,-63,-89
2945,3,3,-132,-85,-21,154,-112,-32,-290,91,-133,46
2946,1,1,-107,322,-200,-443,77,-131,-94,-58,-76,-255
2947,6,6,-30,-115,-188,-123,19,84,283,-246,-73,-217
2948,5,5,-75,-43,-110,-14,-205,221,-104,-2,-80,-12
2949,8,8,-50,-60,-122,-60,-117,17,-85,-64,154,49
2950,1,1,-78,281,-112,-247,49,-108,-122,-33,-91,-162
2951,5,5,-196,-111,-291,41,-153,349,-29,-134,-125,32
2952,3,3,-254,18,-268,316,-173,169,-173,-40,-70,-73
2953,3,3,-280,20,-137,282,-195,101,-254,55,-42,-62
2954,0,0,213,-63,60,-235,22,-270,-48,-80,-173,-166
2955,3,3,-253,-83,-158,343,-63,7,-278,-26,16,29
2956,5,5,-121,-29,-152,41,-157,213,-62,-84,-62,0
2957,5,5,-76,-2,-260,-47,-91,181,-13,-10,-83,-62
2958,9,9,-78,-110,-119,-29,41,-60,-213,9,-26,183
2959,2,2,-203,79,217,147,-230,-114,-306,137,-72,-184
2960,8,8,-117,-121,-113,60,-125,-80,-237,-27,245,139
2961,7,7,-140,-22,102,40,-96,-196,-413,248,-122,11
2962,0,0,218,-87,-60,-193,-178,-44,-51,-13,-181,-110
2963,4,4,-101,-94,-56,-157,266,-140,-160,92,-214,-85
2964,9,9,-90,12,-71,-172,109,-78,-195,8,-105,119
2965,1,1,-83,247,-82,-248,72,-132,-150,-5,-124,-114
2966,9,9,-79,-68,-71,-112,54,-16,-144,4,-39,147
2967,7,7,-247,89,34,5,-135,-227,-502,387,-193,-56
2968,7,7,-70,4,48,-16,-117,-114,-318,183,-142,14
2969,5,5,-58,-11,-192,-65,-45,142,13,-19,-44,-62
2970,5,7,-7,9,-116,4,-146,74,-90,80,-140,-32
2971,2,2,-11,18,322,-3,-213,-348,-278,131,-80,-182
2972,0,0,262,-242,77,-199,58,-177,7,-176,-226,-56
2973,9,9,-147,-155,-41,13,62,-51,-265,62,-32,182
2974,1,1,-51,283,-111,-336,105,-118,-102,-54,-137,-194
2975,8,8,8,-141,18,44,-123,-127,-159,41,119,26
2976,6,6,15,-157,-267,-112,-51,137,175,-93,-71,-97
2977,2,2,-27,36,306,132,-374,-378,-380,133,-38,-226
2978,3,3,-272,-45,-139,384,-247,-4,-425,60,-84,40
2979,9,7,-14,20,-55,-184,55,-111,-169,69,-140,22
2980,6,6,12,-164,-158,-163,-76,102,278,-140,-82,-247
2981,2,2,33,-95,251,-14,-109,-202,-117,-21,-82,-157
2982,1,1,-82,228,-119,-209,65,-80,-103,-52,-54,-108
2983,9,9,-165,-95,-72,-14,45,-46,-283,37,-17,207
2984,1,1,-116,218,-96,-241,89,-85,-142,-10,-134,-76
2985,3,3,-286,39,-50,239,-119,-29,-322,117,-143,-13
2986,5,5,-101,-127,-199,-49,-82,219,148,-112,-113,-155
2987,5,5,-166,-50,-241,61,-144,262,-77,-93,-46,38
2988,0,7,102,-58,-96,-149,-173,-26,-107,133,-104,-72
2989,3,3,-248,23,-70,270,-102,-74,-296,106,-103,-41
2990,8,8,-27,-186,33,14,-186,-18,-175,10,159,60
2991,3,3,-241,40,-85,264,-163,38,-252,81,-138,-59
2992,3,3,-277,22,-127,326,-167,23,-303,45,-132,-20
2993,7,7,-53,-33,67,-18,-126,-212,-335,226,-64,3
2994,6,6,-17,-54,-121,-109,-4,61,194,-166,-69,-198
2995,6,5,20,-80,-243,-163,-143,158,97,-135,14,-69
2996,0,0,251,-114,-91,-121,-283,-14,-34,2,-186,-67
2997,1,1,-101,227,-96,-246,68,-91,-145,-10,-121,-78
2998,4,4,-129,-14,-20,-128,201,-62,-198,14,-58,40
2999,0,0,202,-168,-219,-75,-254,61,15,21,-96,-98
3000,6,6,-23,-71,-152,-167,-21,73,248,-229,-5,-226
3001,9,9,-27,-128,-49,-39,-85,-73,-156,15,54,145
3002,8,8,-63,-115,-69,46,-84,-61,-124,-76,203,66
3003,1,1,-181,238,-140,-247,126,-78,-208,-38,-98,-26
3004,2,2,-21,87,338,-143,-98,-254,-164,2,-24,-281
3005,9,1,-120,85,-189,-177,39,36,-103,-50,-50,53
3006,9,9,-112,-147,-99,-35,55,-23,-250,11,-44,212
3007,5,5,-143,-106,-174,-52,-123,257,-51,-91,-28,46
3008,9,9,-139,-151,-121,13,-18,-29,-292,49,38,218
3009,7,7,-136,27,-44,17,-119,-171,-403,247,-105,28
3010,3,3,-214,-20,-59,254,-170,-21,-274,68,1,7
3011,7,7,-27,-50,-108,-70,-129,-36,-150,278,-194,-69
3012,8,9,-94,-45,-157,-38,62,-68,-218,35,14,73
3013,0,0,200,-115,-106,-111,-165,27,-63,-29,-161,-30
3014,1,1,-58,203,-113,-212,73,-44,-56,-71,-63,-120
3015,3,3,-361,30,-103,410,-201,-38,-424,97,-55,-12
3016,0,0,146,-145,-142,-25,-124,22,-63,33,-130,-40
3017,4,4,-158,100,-106,-233,255,-92,-182,45,-180,-129
3018,6,6,30,-133,-184,-161,17,46,295,-268,-44,-223
3019,1,1,-73,208,-96,-234,72,-105,-103,-12,-93,-109
3020,0,0,193,-77,-66,-100,-176,-32,-39,14,-171,-35
3021,2,2,12,-3,306,-11,-265,-225,-248,116,-126,-170
3022,5,5,-82,-196,-265,5,-136,277,1,-38,-74,13
3023,8,5,-48,-184,-57,-102,-308,206,73,-116,128,-86
3024,4,4,-150,-73,-32,-120,238,-169,-180,110,-68,-93
3025,4,4,-173,60,-100,-265,322,-61,-163,-43,-151,-98
3026,1,1,-107,301,-16,-262,62,-234,-245,39,-136,-153
3027,1,1,-42,236,-96,-289,74,-91,-83,-51,-113,-150
3028,5,5,-90,-141,-229,16,-155,285,-93,-49,-64,45
3029,4,4,-155,93,-142,-251,242,-96,-226,72,-157,-65
3030,6,6,62,-56,-156,-117,-66,76,108,-104,-60,-100
3031,6,6,-23,-150,-189,-101,-28,78,238,-93,-146,-167
3032,0,0,278,-156,-53,-125,-230,-86,-78,-23,-109,-127
3033,6,6,0,-87,-286,-155,6,81,184,-81,-128,-155
3034,9,9,-63,-137,-91,-64,39,-68,-227,50,-29,193
3035,2,2,-58,11,255,3,-65,-156,-98,-10,-68,-209
3036,6,6,42,-136,-218,-130,0,48,268,-208,-63,-158
3037,2,2,6,69,318,-18,-136,-215,-315,88,-305,-227
3038,7,7,-82,79,-170,-229,-16,-27,-204,189,-153,-26
3039,1,1,-106,134,-65,-138,64,-63,-134,-4,-50,1
3040,7,7,-127,18,10,-30,-52,-139,-337,214,-127,35
3041,9,9,-169,-100,-44,52,16,-84,-336,72,-24,172
3042,4,4,-75,38,-214,-331,280,-114,-26,-77,-122,-161
3043,0,0,218,-102,-43,-114,-207,-2,-69,3,-176,-32
3044,0,0,213,-142,-120,-118,-156,-64,-95,55,-218,2
3045,3,3,-248,16,-89,373,-268,-91,-435,96,-129,12
3046,8,8,-91,-139,14,132,-148,-99,-130,-13,204,10
3047,2,2,-32,23,313,112,-347,-365,-336,103,-51,-166
3048,2,2,78,-52,292,-88,-118,-231,-146,29,-115,-211
3049,3,3,-314,60,-50,318,-188,-35,-385,137,-208,-63
3050,1,1,-60,271,-117,-327,86,-87,-106,-62,-111,-160
3051,6,6,15,-147,-226,-189,25,67,303,-289,-53,-196
3052,0,0,253,-155,-68,-123,-171,-42,-37,-47,-143,-63
3053,5,5,-147,-147,-204,-31,-179,334,-22,-106,-69,38
3054,7,7,-26,-64,-8,-55,-54,-154,-236,171,-48,50
3055,7,7,-124,-8,-91,56,-196,-142,-348,192,35,39
3056,9,9,-130,-147,-104,-8,26,-38,-295,100,-39,186
3057,2,2,41,2,342,-103,-69,-254,-233,106,-239,-293
3058,6,6,90,-206,-232,-156,-82,104,233,-134,-67,-178
3059,7,7,-140,36,-52,-112,-9,-47,-217,166,-130,35
3060,9,7,-63,3,-14,-26,-20,-24,-147,64,-82,32
3061,7,7,-120,-32,103,85,-164,-222,-363,257,-94,-36
3062,8,3,-92,-2,-31,75,-236,45,-55,-4,48,-148
3063,6,6,69,-98,-223,-196,-51,52,236,-186,-53,-214
3064,8,8,-66,-125,-76,38,-136,25,-83,-96,193,31
3065,8,8,-54,8,-105,-23,4,-12,-70,-61,68,8
3066,4,4,-98,74,-143,-246,268,-126,-128,-5,-110,-122
3067,6,6,16,-114,-171,-175,-32,107,199,-94,-62,-200
3068,8,8,-114,-79,5,49,-110,-177,-257,33,197,58
3069,4,4,-12,-170,-69,-140,166,-43,-34,13,-169,15
3070,1,1,-135,229,-116,-267,114,-92,-165,-20,-114,-51
3071,2,2,31,-24,324,-43,-48,-244,-144,22,-222,-299
3072,8,8,-124,-71,-23,0,-168,-49,-136,4,216,4
3073,1,2,-89,150,231,-21,-178,-213,-301,151,-193,-175
3074,3,3,-380,46,-71,438,-234,-74,-436,132,-105,-55
3075,9,9,-124,-135,-21,-11,-28,-15,-289,76,-50,172
3076,4,4,-202,119,-170,-328,356,-134,-245,110,-226,-197
3077,0,0,134,-66,-9,-103,-128,-68,-113,73,-161,-13
3078,3,3,-164,23,-20,141,-121,-6,-138,20,-5,-27
3079,7,7,-173,31,27,12,-108,-222,-461,327,-148,-6
3080,3,3,-305,11,-86,362,-196,-30,-370,91,-79,-9
3081,2,2,-101,140,363,-22,-211,-306,-341,137,-106,-265
3082,3,3,-262,30,15,293,-168,-65,-382,153,-215,-77
3083,3,3,-254,54,-84,318,-171,-9,-281,74,-160,-90
3084,7,7,-62,-2,-72,-122,-39,-72,-233,229,-148,6
3085,3,3,-299,35,-56,348,-201,-98,-361,82,11,-21
3086,4,4,-212,102,-155,-199,230,-54,-197,57,-125,-58
3087,0,0,167,-128,-103,-144,-157,-65,-146,95,-151,-33
3088,6,6,54,-169,-185,-100,-72,69,233,-185,-56,-74
3089,2,2,-32,31,209,78,-320,-231,-243,63,-21,-121
3090,0,0,151,-38,-70,-187,-171,-49,-133,136,-199,-88
3091,8,8,59,-141,-69,-66,-207,4,-22,-50,119,-31
3092,1,1,-107,286,-37,-273,67,-235,-253,61,-167,-140
3093,5,5,-180,0,-221,56,-86,221,-66,19,-179,-43
3094,3,3,-174,34,-23,227,-125,-77,-253,67,-66,-28
3095,5,5,-34,-170,-197,-131,-152,256,41,-102,-24,32
3096,4,4,-150,114,-157,-279,321,-98,-123,57,-145,-312
3097,1,1,-130,314,-139,-293,84,-176,-177,17,-110,-173
3098,7,7,-78,-23,-91,-115,-81,-76,-312,255,-106,36
3099,1,1,-123,342,-110,-371,81,-144,-134,-29,-101,-231
3100,5,5,-165,-12,-158,132,-240,226,-183,21,-91,-27
3101,7,7,-70,-76,-137,-111,7,-133,-320,325,-133,0
3102,5,5,-114,-8,-149,8,-113,177,-80,-4,-195,-43
3103,7,7,-122,34,-63,-60,-28,-59,-217,169,-76,30
3104,3,3,-248,24,-119,299,-212,14,-299,56,-86,-11
3105,2,2,2,-7,320,-50,-80,-209,-143,37,-133,-261
3106,2,2,57,18,225,-7,-215,-307,-177,1,-31,-204
3107,7,7,-132,-78,-271,-143,-23,-1,-242,343,-159,-17
3108,3,3,-160,-6,-190,196,-213,152,-152,-28,-18,-37
3109,7,7,-145,62,17,-14,-101,-124,-286,151,-27,22
3110,3,3,-131,74,-65,181,-156,48,-171,18,-189,-95
3111,7,7,-25,-14,1,-73,18,-218,-317,197,-106,3
3112,8,3,-92,-140,-53,115,-124,-5,-162,-3,101,34
3113,5,5,-127,-91,-132,-29,-95,231,-52,-51,-27,29
3114,4,4,26,20,-51,-278,134,-51,46,-125,-134,-109
3115,5,5,-94,10,-78,-96,-63,98,-140,70,-127,-8
3116,2,2,-115,83,341,86,-274,-281,-247,31,-39,-238
3117,5,5,-65,-111,-218,-60,-24,136,-27,35,-148,2
3118,6,6,29,-208,-265,-89,-93,116,299,-221,-73,-167
3119,5,5,-146,-171,-281,1,-219,373,-100,-88,-100,83
3120,3,3,-126,-16,38,304,-209,-161,-383,92,-130,-40
3121,6,6,43,-17,-179,-264,79,-42,120,-55,-247,-226
3122,7,7,-79,-20,117,-1,-78,-65,-146,149,-110,-87
3123,4,4,-141,50,-116,-227,252,-60,-125,63,-180,-143
3124,1,1,-167,227,-106,-141,34,-37,-201,-50,-52,-46
3125,7,7,-147,45,67,16,-152,-260,-511,337,-175,-39
3126,1,1,-43,245,-114,-327,87,-63,-63,-97,-118,-174
3127,5,5,-132,-114,-190,-43,-77,239,-23,-34,-105,45
3128,2,2,-49,60,260,43,-225,-264,-234,71,-27,-178
3129,3,3,-130,58,185,193,-387,-181,-331,56,-18,-134
3130,6,6,128,-80,-142,-198,-100,47,156,-115,-149,-203
3131,3,3,-311,49,-96,297,-140,58,-230,89,-184,-100
3132,1,1,-154,260,96,42,-216,-150,-274,84,-111,-189
3133,4,4,-189,-37,-237,-198,249,-36,-121,-10,-80,22
3134,2,2,51,-23,321,-69,-229,-205,-194,78,-163,-201
3135,6,6,30,-97,-108,-204,-4,44,265,-239,-57,-213
3136,7,7,-176,45,-27,-48,19,-106,-258,203,-66,-21
3137,4,4,-172,80,-190,-310,302,-53,-90,39,-157,-220
3138,3,3,-57,12,-94,167,-148,45,-149,20,-130,-82
3139,8,8,-11,-167,-37,-28,-175,-42,-42,-132,254,-45
3140,0,0,176,27,-27,-283,-52,-197,-144,22,-223,-134
3141,6,6,57,-179,-197,-140,-70,93,275,-224,-46,-152
3142,2,2,-139,89,323,113,-280,-255,-295,110,-108,-239
3143,1,1,-155,204,-82,-151,54,-105,-218,1,-44,-3
3144,6,6,12,-268,-238,-88,-71,80,298,-127,-34,-173
3145,5,5,-118,-181,-91,-110,-40,228,-59,-4,-24,24
3146,3,3,-191,-22,-70,178,-94,31,-198,37,-1,5
3147,9,9,-71,-203,-72,-48,58,24,-111,-97,-51,218
3148,1,1,-61,219,-114,-244,65,-104,-115,-20,-100,-105
3149,9,9,-180,-98,-131,-17,84,-71,-315,75,-23,224
3150,3,3,-272,-38,-112,337,-218,5,-303,12,44,28
3151,2,2,-42,43,161,-1,-155,-192,-177,87,-8,-108
3152,1,1,-126,190,-96,-189,49,-86,-176,14,-62,-6
3153,8,8,3,-85,13,-36,-120,-60,-79,16,116,-57
3154,4,4,-5,-93,-72,-260,209,-88,-53,28,-202,-78
3155,4,4,-186,96,-195,-229,289,-77,-189,-6,-102,-70
3156,6,6,10,-162,-146,-138,-24,62,294,-254,-6,-192
3157,5,7,-43,-36,-168,57,-146,89,-128,115,-149,-28
3158,8,8,-33,-137,132,69,-193,-162,-110,-17,167,-72
3159,6,6,54,-114,-217,-191,-1,57,288,-280,-90,-199
3160,9,9,-168,-131,-163,-92,87,79,-44,-22,-50,139
3161,7,7,-45,-38,0,-25,-38,-190,-299,215,-87,24
3162,7,7,-206,40,28,-5,-100,-189,-432,330,-176,-16
3163,8,8,-67,-28,-128,-38,-115,6,-125,-117,167,30
3164,6,6,-58,-92,-238,-36,-44,73,243,-156,-90,-210
3165,9,9,-136,-175,-87,-15,61,-45,-291,37,-24,233
3166,7,7,-81,37,111,-117,-44,-223,-224,158,-5,-144
3167,3,3,-99,-31,46,131,-87,-40,-155,53,-155,-67
3168,9,9,-176,-169,-76,-5,89,-64,-285,-16,-32,274
3169,4,4,-145,43,-141,-305,329,-106,-202,6,-153,-29
3170,0,0,173,-107,-155,-109,-226,22,-111,129,-184,-38
3171,5,5,-65,-87,-153,-1,-181,207,-27,-57,-71,11
3172,4,4,-113,-98,-26,-109,188,-115,-191,33,-39,93
3173,6,6,-41,-41,-28,-122,-27,41,216,-224,-27,-272
3174,4,4,-195,22,-206,-300,339,-117,-173,126,-252,-160
3175,1,1,-186,238,-102,-215,108,-88,-211,-30,-87,-36
3176,2,2,-48,72,209,-12,-239,-110,-273,104,-141,-119
3177,3,3,-291,-1,-77,321,-195,-23,-359,99,-105,4
3178,0,0,261,-195,-165,-110,-195,-6,-19,15,-208,-8
3179,0,0,275,-177,-116,-97,-190,-36,-46,-30,-180,-44
3180,2,2,-87,9,336,127,-432,-337,-331,89,58,-190
3181,6,6,38,-176,-218,-90,-79,127,199,-104,-100,-182
3182,6,6,64,-216,-161,-223,1,42,281,-147,-158,-169
3183,5,5,-10,-199,-269,-126,-207,274,92,-84,-40,-37
3184,7,7,-144,-45,25,45,-44,-99,-242,223,-132,-7
3185,0,0,156,-101,-1,-125,-112,-72,-54,19,-156,-52
3186,8,8,-14,-84,34,-35,-71,-68,-94,-5,123,-26
3187,6,6,-18,-195,-259,-57,-27,94,296,-228,-47,-162
3188,4,4,-111,74,-68,-287,330,-147,-176,22,-150,-171
3189,7,7,-86,-94,17,2,-39,-3,-100,136,-143,-48
3190,9,9,-158,-106,-31,-41,111,-41,-244,-44,-41,213
3191,0,0,182,-50,-15,-166,-135,-95,-53,-11,-126,-113
3192,7,7,-204,44,70,60,-219,-154,-469,283,-143,-17
3193,3,3,-257,4,6,267,-166,-176,-386,73,34,26
3194,4,4,-144,95,-134,-219,252,-114,-164,72,-151,-162
3195,2,2,-30,49,340,71,-308,-368,-289,91,-45,-247
3196,1,1,-64,159,-67,-136,43,-98,-103,17,-67,-87
3197,8,8,-102,-19,-130,-110,-11,-153,-199,-86,230,36
3198,8,8,-211,-80,22,85,-181,-13,-97,-46,292,-130
3199,5,5,-85,-148,-131,-107,-134,276,10,-82,-56,21
3200,9,9,-102,-190,-76,-21,77,-48,-232,2,-90,242
3201,2,2,-7,1,319,-112,-90,-175,-63,-125,-40,-263
3202,7,7,-183,-48,-76,42,-55,-56,-266,257,-41,-17
3203,1,1,-67,183,-73,-201,62,-93,-98,0,-97,-96
3204,8,8,-38,-140,-7,25,-95,-88,-129,7,170,39
3205,8,8,-2,-75,-93,-30,-163,49,5,-65,114,-54
3206,8,3,-90,-54,-100,114,-2,-77,-169,-49,105,-18
3207,2,2,15,35,224,-17,-150,-303,-179,28,-43,-195
3208,7,7,-214,57,21,75,-55,-164,-355,234,-121,-17
3209,6,6,39,-180,-251,-169,-44,118,301,-251,-88,-146
3210,0,0,188,-12,18,-264,21,-212,-82,-43,-247,-170
3211,1,1,-63,273,-29,-329,48,-188,-141,-5,-125,-193
3212,2,2,-78,108,273,2,-140,-197,-223,58,-82,-206
3213,7,7,-79,46,-63,-28,-46,-66,-203,89,-44,53
3214,1,1,-107,327,-72,-333,88,-206,-164,-15,-101,-217
3215,0,0,292,-206,-20,-171,-193,-88,-29,-56,-146,-74
3216,8,8,-168,16,33,108,-186,-109,-233,62,122,-34
3217,3,3,-289,34,-123,402,-216,-9,-322,85,-148,-62
3218,6,6,9,-133,-163,-218,7,129,216,-201,-83,-169
3219,0,0,148,-42,-8,-181,-34,-98,-39,-11,-258,-121
3220,5,5,-181,-100,-246,55,-206,348,-121,-113,-72,50
3221,3,3,-167,-26,-113,319,-177,-50,-296,31,-67,21
3222,6,6,-33,-113,52,-65,-140,-12,142,-70,9,-175
3223,2,2,-6,97,420,-89,-161,-355,-285,94,-145,-300
3224,8,8,5,-88,-141,-119,-108,-3,-19,-116,116,8
3225,7,7,-74,50,-44,-82,-3,-69,-166,57,-18,51
3226,0,0,251,-175,-153,-91,-197,-6,-27,-16,-147,-44
3227,1,1,-30,207,-124,-240,75,-44,-37,-82,-90,-155
3228,4,4,-108,132,-222,-377,277,-96,-114,-3,-198,-189
3229,2,2,-16,37,363,30,-340,-310,-220,53,-40,-282
3230,1,1,-156,229,-123,-186,94,-78,-174,-53,-61,-58
3231,1,1,-126,252,-140,-206,76,-56,-154,-75,-51,-90
3232,4,4,-123,-69,-18,-88,221,-61,-167,8,-96,17
3233,4,4,-209,95,-107,-262,299,-81,-211,43,-139,-96
3234,4,4,-107,-72,-42,-233,290,-71,-120,96,-247,-146
3235,4,4,-163,42,-136,-235,186,36,-97,3,-134,-36
3236,7,7,-155,61,37,-40,-126,-94,-308,199,-105,-21
3237,1,1,-124,181,-86,-158,64,-93,-173,-7,-55,-10
3238,6,6,-22,-89,-160,-154,-39,115,198,-123,-49,-172
3239,2,2,-54,119,263,-15,-102,-223,-161,38,-165,-311
3240,9,9,-155,-70,-103,36,75,-18,-245,-6,-48,162
3241,9,9,-183,-132,-70,18,50,-44,-291,31,-23,233
3242,0,0,230,-166,-28,-112,-138,-65,-88,6,-273,19
3243,0,0,121,55,-89,-226,-92,-72,-52,-20,-128,-119
3244,1,1,-44,273,-137,-343,73,-96,-79,-58,-122,-188
3245,8,8,-30,51,-108,-120,-50,-79,-89,-95,108,-46
3246,8,0,30,-13,-109,-73,-133,-19,-136,-6,28,-3
3247,4,4,-157,73,-95,-214,262,-106,-184,51,-156,-97
3248,3,3,-329,17,-102,344,-174,-12,-347,74,-70,-2
3249,4,4,-209,69,-199,-220,318,-100,-199,52,-105,-113
3250,2,2,-47,121,215,-165,-13,-173,-4,-88,-124,-404
3251,0,0,155,-193,-74,-146,-28,-62,-94,19,-215,76
3252,6,6,1,-30,-184,-162,-5,69,208,-201,-90,-259
3253,1,1,-42,258,-136,-303,79,-73,-68,-64,-120,-185
3254,6,6,54,-106,-261,-229,-127,123,188,-178,-53,-102
3255,1,1,-87,258,-102,-211,49,-111,-129,-4,-154,-173
3256,2,2,-56,85,398,46,-331,-378,-370,159,-120,-268
3257,2,2,-28,45,381,-98,-207,-294,-258,150,-120,-256
3258,2,2,-10,45,312,44,-261,-332,-263,81,-64,-213
3259,1,1,-160,217,-91,-169,53,-87,-225,10,-47,-17
3260,2,2,-21,-34,275,53,-300,-252,-245,85,-31,-120
3261,3,3,-263,-103,-107,319,-174,-7,-407,153,-179,22
3262,7,7,-158,36,-31,9,-50,-2,-193,140,-74,-24
3263,8,8,-48,-196,-102,19,-83,-108,-252,134,139,85
3264,1,1,-49,283,-134,-297,44,-108,-136,-76,-107,-155
3265,0,0,220,-138,-77,-118,-216,-44,-103,65,-126,-61
3266,0,0,130,-73,-162,-170,-212,60,-9,61,-100,-165
3267,2,2,-172,100,326,45,-329,-269,-379,223,-42,-212
3268,1,1,-53,233,-83,-235,60,-65,-89,-57,-68,-133
3269,6,6,52,-124,-244,-137,-53,34,168,-87,-16,-123
3270,6,6,4,-92,-332,-105,-17,63,211,-84,-107,-231
3271,0,0,223,-170,-49,-125,-164,-62,-62,6,-131,-18
3272,1,1,-55,303,-102,-381,94,-165,-123,-36,-124,-210
3273,6,6,25,-196,-192,-158,-89,130,309,-260,-58,-160
3274,2,2,1,52,307,-105,-75,-237,-143,66,-146,-282
3275,5,5,-152,-15,-224,-9,-63,182,-48,83,-168,-63
3276,1,1,-41,212,-84,-248,54,-74,-89,-30,-95,-126
3277,7,7,-114,34,-106,-92,-18,-49,-228,138,-25,10
3278,4,4,-86,-36,-115,-222,207,-49,-87,71,-236,-71
3279,8,8,-30,-190,22,65,-242,-73,-114,-53,252,2
3280,2,2,-44,76,215,-21,-248,-244,-240,121,-46,-136
3281,1,1,-87,200,-110,-222,70,-68,-101,-28,-104,-78
3282,4,4,-96,-37,-50,-161,209,-69,-167,85,-163,-11
3283,3,3,-256,25,-107,326,-180,-17,-285,75,-94,-42
3284,8,8,12,-102,32,-10,-229,-162,-181,122,140,-63
3285,3,3,-232,-68,-50,300,-154,-50,-343,135,-147,-18
3286,9,9,-113,-78,-106,-93,65,-15,-214,30,-44,170
3287,9,9,-56,-162,-76,-75,73,-50,-213,81,-133,187
3288,4,4,4,-71,-28,-203,166,-69,-86,-59,-180,43
3289,8,9,-136,-133,-148,78,-37,-75,-321,112,70,139
3290,3,3,-294,-24,-64,406,-262,-56,-466,119,-71,-4
3291,4,4,-95,46,-89,-310,287,-91,-165,-80,-188,-12
3292,7,7,-101,31,-170,-255,0,-69,-238,254,-120,1
3293,2,2,-95,88,369,29,-263,-286,-212,32,-80,-259
3294,7,7,-96,-41,74,-11,-9,-163,-235,253,-156,-63
3295,5,5,-59,-168,-207,-54,-176,251,-23,15,-118,32
3296,7,7,-111,-23,172,-2,-167,-226,-455,342,-195,-88
3297,0,0,172,-141,-90,-115,-107,-61,-14,13,-127,-39
3298,4,4,-148,92,-3,-228,305,-159,-187,35,-205,-202
3299,3,3,-198,22,-56,236,-188,-19,-301,86,-107,-7
3300,3,3,-195,83,11,250,-129,-49,-222,78,-194,-157
3301,2,2,14,65,351,-97,-209,-259,-143,24,-101,-278
3302,6,6,-12,-123,-100,-108,-9,55,180,-109,-55,-90
3303,7,7,-96,-23,-99,-138,8,-65,-245,217,-124,41
3304,6,6,52,-56,-148,-186,20,44,203,-183,-176,-205
3305,0,0,125,20,-64,-199,-129,-3,13,-21,-122,-153
3306,0,0,252,-147,-23,-118,-149,-66,-123,-10,-219,-15
3307,6,6,5,-196,-270,-175,10,51,287,-121,-113,-159
3308,7,7,-38,-99,-35,-37,-46,-148,-292,247,-51,34
3309,7,7,-151,50,-37,-9,-85,-164,-374,259,-107,6
3310,0,0,218,-113,-50,-148,-198,-16,-76,16,-179,-37
3311,5,5,-134,-143,-290,-18,-112,308,-2,-60,-9,-2
3312,5,5,-153,-63,-218,45,-151,264,-144,14,-144,48
3313,8,8,-60,-172,-44,62,-223,-7,-103,-84,245,36
3314,1,1,-80,266,-122,-273,73,-94,-121,-36,-140,-147
3315,0,0,252,-127,-110,-124,-308,38,-25,-5,-126,-122
3316,7,7,-33,-115,-60,-108,-23,-78,-85,201,-82,-64
3317,0,0,140,-66,-180,-141,-158,20,-8,58,-202,-88
3318,2,2,-90,60,296,41,-226,-255,-211,87,-64,-233
3319,8,8,-145,-120,-1,107,-163,-49,-231,28,181,64
3320,1,1,-90,262,-140,-230,71,-104,-110,-19,-118,-166
3321,5,5,-81,-68,-60,-37,-295,254,-85,-63,35,-63
3322,0,0,153,-18,-54,-141,-202,14,-165,100,-224,-44
3323,8,8,51,-246,-70,62,-191,-21,-34,-127,165,-32
3324,8,8,-105,-109,-137,75,-192,30,-101,-55,217,31
3325,0,0,253,-211,-96,-139,-201,-47,-66,-10,-119,-26
3326,3,3,-161,23,-63,233,-196,29,-237,83,-136,-90
3327,2,2,-39,67,367,30,-346,-359,-309,129,-89,-234
3328,7,7,-138,-62,-44,-19,-60,-128,-297,304,-134,31
3329,7,7,-104,10,164,-18,-98,-268,-275,257,-69,-143
3330,2,2,15,-55,215,31,-189,-137,-248,78,-102,-94
3331,6,6,39,-247,-116,-197,-121,100,323,-285,29,-149
3332,4,4,-177,22,-64,-134,278,-100,-196,26,-115,-87
3333,7,7,-198,-12,23,-16,84,-120,-301,185,-142,40
3334,5,5,-121,-108,-194,3,-159,250,-94,3,-72,32
3335,5,5,-81,-50,-100,46,-84,143,-16,-40,-81,-44
3336,5,5,-179,-72,-320,-93,35,144,-168,110,-59,40
3337,2,2,-32,123,288,-237,-46,-344,-223,160,-170,-357
3338,9,9,-150,-159,-64,-25,59,-39,-238,24,-11,229
3339,2,2,-69,72,211,-30,-181,-182,-190,111,-41,-145
3340,8,8,-76,-159,-60,-33,-257,69,-45,-115,244,28
3341,4,4,-92,41,-50,-204,275,-238,-217,-5,-97,-99
3342,6,5,-35,-179,-276,-88,-46,197,177,-189,-88,-45
3343,8,8,-55,-91,54,40,-180,-137,-132,-29,191,5
3344,6,6,-1,-61,-173,-195,47,18,153,-181,-41,-88
3345,5,5,-197,18,-218,111,-145,216,-154,84,-191,-35
3346,0,0,244,-141,-40,-137,-216,-61,-91,0,-90,-86
3347,0,0,188,-156,-162,-87,-184,48,12,2,-149,-19
3348,8,8,-93,-172,59,88,-287,-24,-152,-20,231,-25
3349,7,7,-183,8,106,122,-157,-243,-443,298,-135,-57
3350,6,6,63,-45,-150,-234,18,21,178,-143,-162,-169
3351,1,1,-100,273,-46,-257,66,-164,-135,-9,-75,-188
3352,7,7,-251,34,74,52,-34,-302,-439,425,-174,-118
3353,1,1,-132,247,-107,-212,89,-80,-166,-61,-42,-67
3354,1,1,-101,255,-115,-277,101,-116,-158,-41,-117,-100
3355,2,2,-13,83,431,-133,-125,-318,-203,39,-104,-364
3356,7,7,-171,21,2,7,-135,-89,-323,242,-153,13
3357,4,4,-85,-127,-86,-209,271,-32,-86,37,-243,-64
3358,0,0,169,-98,-98,-185,-164,-134,-72,-13,-19,-91
3359,0,0,189,-147,-173,-155,-226,60,-74,89,-166,-68
3360,7,7,-114,7,-56,-109,-5,-95,-269,231,-138,43
3361,7,7,45,-121,32,-91,-182,-120,-281,247,-111,-1
3362,6,6,-13,-189,-264,-132,-26,115,365,-272,-99,-221
3363,3,3,-232,21,-131,306,-186,15,-303,51,-146,-13
3364,8,8,-82,-142,112,162,-310,-75,-122,-12,195,-131
3365,6,6,26,76,-122,-235,-16,-9,98,-111,-63,-180
3366,4,4,-150,91,-106,-244,289,-94,-165,55,-182,-189
3367,2,2,-18,-59,365,136,-270,-356,-232,34,-42,-263
3368,0,0,212,-137,-139,-164,-231,21,-61,104,-199,-92
3369,9,9,-175,92,-126,-143,16,-35,-279,26,-26,142
3370,4,4,-142,-32,-98,-219,283,-86,-152,60,-178,-21
3371,0,0,253,-168,-79,-113,-191,-39,-37,-23,-162,-32
3372,5,5,-211,-32,-198,29,-124,300,-124,-22,-239,34
3373,7,7,-71,-84,-63,-65,-4,-109,-191,231,-124,31
3374,8,8,-82,-124,20,120,-179,-140,-188,-48,238,19
3375,2,2,-105,104,146,112,-123,-161,-194,49,-83,-208
3376,7,7,-121,85,-124,-232,39,-78,-265,147,-98,42
3377,4,4,-64,-89,-135,-174,193,-21,47,-89,-153,-68
3378,7,7,-128,-30,-193,-132,10,-22,-197,230,-85,17
3379,1,1,-153,231,-111,-212,105,-94,-181,-27,-68,-55
3380,1,1,-59,220,-116,-286,87,-76,-93,-33,-103,-128
3381,3,3,-304,-21,36,311,-184,-64,-332,66,-15,-39
3382,6,6,47,-209,-234,-189,-16,93,362,-288,-69,-231
3383,6,6,61,-161,-257,-172,-49,55,258,-226,-16,-164
3384,2,1,38,72,-6,-98,-106,-33,34,-79,-71,-229
3385,9,9,-112,-161,-21,-21,72,-81,-270,75,-86,198
3386,1,1,-80,266,-94,-249,62,-140,-137,9,-122,-161
3387,9,9,-158,-58,-95,-60,51,-16,-266,-5,-34,215
3388,4,4,-104,-77,-91,-188,217,-57,-70,-14,-147,29
3389,8,8,-108,-41,-50,-15,-91,-134,-267,-36,234,56
3390,3,3,-317,54,-112,329,-152,42,-290,97,-202,-87
3391,6,6,-5,-165,-251,-183,-9,116,334,-278,-102,-198
3392,9,9,-145,-164,-184,-171,3,136,-106,-41,-26,193
3393,5,5,-73,-60,-172,27,-170,225,-56,-76,-65,18
3394,9,9,-39,-163,-24,4,-15,-50,-257,87,-129,160
3395,6,6,2,-172,-231,-118,-62,122,312,-243,-95,-187
3396,2,2,-114,24,306,23,-200,-242,-231,50,82,-186
3397,4,4,-140,-57,-142,-277,312,-36,-53,48,-250,-151
3398,6,6,-9,-91,-223,-196,34,60,300,-285,-29,-278
3399,7,7,-45,-87,-197,-149,-97,18,-208,311,-197,-24
3400,7,7,-185,25,29,9,-122,-170,-427,304,-177,-2
3401,0,0,175,-167,-35,-115,-72,-81,-48,7,-143,19
3402,6,6,-31,-115,-258,-148,3,118,276,-284,-71,-183
3403,6,6,22,-121,-157,-178,47,12,305,-273,-130,-276
3404,9,9,-11,-132,-76,-33,-23,-52,-76,13,-18,127
3405,4,4,-71,-15,-45,-176,163,-111,-151,56,-131,-6
3406,8,8,-87,-165,-34,108,-120,-144,-297,73,150,113
3407,3,3,-324,11,-115,352,-167,-9,-356,108,-137,-26
3408,5,5,-182,-77,-274,74,-187,339,-109,-7,-212,7
3409,3,3,-156,-27,7,343,-206,-137,-363,65,-61,-45
3410,4,4,-112,-15,-133,-208,170,-40,-162,91,-220,35
3411,9,7,-126,-100,-161,-57,73,-100,-258,142,1,130
3412,0,0,154,-165,-24,-50,-115,-150,-106,4,-42,35
3413,0,0,231,-75,-73,-239,-180,-103,-50,-28,-144,-142
3414,5,5,-83,9,-180,59,-196,205,-75,-59,-95,-25
3415,2,2,-11,23,236,-20,-134,-224,-217,103,-93,-153
3416,5,5,-105,-107,-129,-51,-165,254,-49,-83,-73,49
3417,0,0,165,-97,-90,-83,-160,-58,-139,102,-159,-18
3418,7,7,-178,83,-33,-32,-79,-113,-329,202,-86,18
3419,1,1,-65,221,-101,-227,87,-63,-87,-65,-68,-115
3420,1,1,-89,257,-100,-237,54,-154,-166,26,-112,-130
3421,1,1,-74,228,-107,-226,69,-101,-103,-15,-98,-138
3422,6,0,171,-206,-123,-113,-15,39,104,-172,-184,-55
3423,7,7,-48,-27,-13,-63,-28,-188,-329,231,-114,30
3424,6,6,39,-105,-250,-183,-27,120,263,-212,-148,-228
3425,7,7,-115,-24,62,29,-164,-101,-382,232,-196,-8
3426,9,9,-142,-183,-138,-101,60,51,-175,4,-17,216
3427,6,6,71,-95,-215,-217,-80,96,210,-163,-79,-180
3428,6,6,-10,-65,-104,-142,29,35,225,-205,-37,-230
3429,4,4,-141,24,-101,-203,227,-99,-187,74,-142,-19
3430,1,1,-129,161,-66,-180,75,-85,-167,7,-83,8
3431,4,4,-186,88,-142,-368,327,-124,-218,208,-283,-271
3432,3,3,-170,-21,-36,195,-134,37,-240,80,-190,-40
3433,1,1,-93,310,-134,-288,76,-146,-126,-27,-122,-199
3434,1,1,-39,235,-136,-301,66,-64,-64,-63,-100,-157
3435,2,2,19,34,270,-94,-81,-165,-153,49,-124,-212
3436,2,2,2,9,131,1,-124,-100,-101,29,-65,-84
3437,4,4,-298,96,-102,-128,253,-121,-360,-2,-62,76
3438,1,1,-61,246,-72,-280,74,-127,-134,-8,-121,-137
3439,0,0,147,-80,-116,-144,-197,-32,-136,129,-129,-83
3440,8,8,-32,-138,-91,30,-115,2,-3,-69,183,-49
3441,7,7,-110,-24,104,9,-166,-213,-433,302,-68,-61
3442,6,6,-8,-110,-275,-195,-8,152,235,-219,-99,-144
3443,3,3,-350,84,-75,329,-98,-38,-239,145,-176,-198
3444,4,4,-102,-31,-211,-195,226,-127,-50,7,-65,-158
3445,0,0,235,-103,-125,-136,-234,-3,-146,112,-215,-67
3446,0,0,157,-81,-15,-106,-114,-63,-132,91,-215,-23
3447,6,6,48,-222,-202,-198,47,6,277,-131,-151,-212
3448,3,3,-110,22,56,224,-156,-197,-343,112,-160,-49
3449,3,3,-221,-35,-124,350,-239,-14,-345,53,-72,24
3450,0,0,152,-4,-149,-262,-124,-49,-10,-79,-117,-136
3451,7,7,-112,-3,9,18,-107,-4,-256,125,-162,15
3452,1,1,-54,264,-82,-367,86,-148,-134,-25,-126,-161
3453,7,7,-83,53,5,-28,-153,-150,-318,190,-45,-2
3454,1,1,-127,229,-110,-218,99,-83,-149,-47,-67,-71
3455,1,1,-163,251,-110,-237,102,-96,-195,-35,-83,-48
3456,3,3,-171,-40,-88,239,-219,53,-264,79,-28,-24
3457,1,1,-2,188,-152,-304,59,-18,49,-165,-136,-226
3458,0,0,144,-144,-110,-81,-55,-70,-116,28,-179,9
3459,9,9,-110,-159,-60,-60,61,-58,-314,87,-145,245
3460,9,9,-54,-93,-103,-37,24,-4,-54,-16,-54,113
3461,7,7,-155,-44,-92,-11,-65,-135,-379,281,-47,49
3462,5,5,-116,-115,-212,-39,-185,315,-49,-100,-28,29
3463,4,4,-194,73,-192,-333,401,-97,-184,1,-159,-121
3464,1,1,-148,230,-106,-150,58,-64,-185,-51,-31,-53
3465,4,4,-246,61,-195,-164,244,-59,-190,81,-108,-69
3466,8,8,-15,-78,-53,-58,-114,43,18,-69,107,-35
3467,9,9,-108,-186,-103,18,41,-94,-285,30,51,215
3468,5,5,-137,-154,-198,-85,-156,298,1,-73,-110,66
3469,3,3,-247,-8,10,336,-279,-80,-325,97,-14,-80
3470,5,5,-162,-115,-281,-32,-181,376,-4,-170,-90,47
3471,1,1,-79,311,-100,-321,77,-222,-184,2,-133,-190
3472,9,9,-140,-117,-57,-42,35,-67,-256,78,-53,208
3473,8,8,-37,-158,17,16,-171,-15,-143,-21,179,1
3474,2,7,-53,90,104,-92,11,-157,-224,113,-95,-71
3475,3,3,-152,-37,2,167,-179,-169,-407,155,-54,50
3476,3,3,-213,-28,-35,206,-123,-54,-244,15,39,51
3477,9,9,-104,-208,-199,-20,92,-96,-284,59,13,227
3478,9,9,-142,-151,-30,-82,118,-23,-225,1,-62,206
3479,0,0,193,-62,-44,-119,-220,-21,-91,47,-193,-46
3480,1,1,-85,293,-148,-281,82,-128,-160,-35,-160,-158
3481,0,0,230,-67,-48,-186,-176,-47,-58,-11,-193,-133
3482,2,2,-4,82,293,-84,-113,-237,-180,33,-121,-233
3483,9,9,-67,-133,-25,-73,33,-72,-249,98,-165,179
3484,3,3,-344,29,-110,399,-233,39,-323,94,-46,-90
3485,9,9,-129,-135,-36,-40,-16,9,-250,43,-28,174
3486,3,3,-289,56,-65,330,-170,-19,-355,122,-167,-66
3487,3,3,-237,-18,-49,379,-238,-68,-381,124,-174,-71
3488,6,6,76,-208,-109,-221,20,52,292,-246,-82,-204
3489,2,2,-124,157,282,-48,-129,-242,-172,28,3,-320
3490,4,4,-235,63,-68,-93,162,-56,-262,2,-22,67
3491,9,9,-115,-80,-12,-42,63,-86,-255,100,-60,138
3492,8,0,107,-171,-81,-52,-163,-39,0,-68,67,-47
3493,3,3,-294,59,-166,386,-187,-14,-293,58,-102,-51
3494,7,7,-81,53,75,-19,-148,-269,-384,243,-57,-26
3495,4,4,-177,84,-97,-218,247,-59,-143,-1,-147,-105
3496,0,0,169,-72,-53,-68,-171,-6,-28,-29,-90,-74
3497,4,4,-48,-62,-91,-168,185,-3,-45,8,-189,-49
3498,7,7,-60,20,-92,-127,-76,-23,-181,202,-129,-9
3499,8,8,-46,-151,-62,46,-127,-82,-126,-82,227,80
3500,4,4,-125,-52,-124,-216,267,-25,-89,77,-254,-112
3501,9,9,-117,-152,-72,19,19,-33,-261,44,-14,192
3502,8,8,-82,-218,-103,61,-179,30,-48,-107,265,28
3503,9,1,-154,138,-47,-102,-4,-42,-225,24,-5,25
3504,9,9,-112,-119,-90,19,39,-94,-288,41,-44,192
3505,7,7,-186,51,-36,-15,-87,-103,-315,242,-124,1
3506,5,5,-163,-23,-292,2,-63,243,101,-146,-167,-157
3507,9,9,-102,-193,-37,-14,94,-93,-239,-1,-20,235
3508,2,2,-30,90,330,-28,-223,-251,-287,103,-159,-214
3509,8,8,-37,-179,-53,55,-278,54,-52,3,137,-47
3510,2,2,8,67,256,-11,-303,-313,-258,84,-29,-164
3511,2,2,4,37,272,-61,-173,-230,-313,158,-159,-166
3512,0,0,181,-131,-77,-142,-198,-49,-129,77,-102,-36
3513,2,2,-36,103,361,-96,-205,-243,-258,99,-150,-254
3514,2,2,-77,-17,327,107,-454,-295,-343,126,30,-171
3515,3,3,-245,7,-126,368,-253,-54,-466,63,-166,49
3516,8,8,-97,-98,-53,58,-72,12,-113,-45,108,68
3517,4,4,-188,-100,-60,-124,331,-87,-135,27,-165,-122
3518,6,6,-13,-130,-131,-156,-18,86,244,-219,-9,-167
3519,8,8,-64,-87,-58,4,-121,14,15,-84,169,-48
3520,6,4,-55,-186,33,-132,110,-75,47,-38,-9,-161
3521,8,8,-54,-213,28,77,-296,11,-39,-104,253,-85
3522,2,2,-95,162,287,-18,-201,-234,-216,78,-119,-271
3523,4,4,-66,49,-123,-347,267,-98,-115,-47,-197,-36
3524,6,6,29,-220,-190,-135,-34,19,289,-131,-123,-170
3525,7,7,-166,-9,151,28,-245,-245,-496,334,-56,-92
3526,9,9,-74,-160,-82,-59,57,-79,-213,-18,-45,235
3527,3,3,-259,37,-183,318,-161,65,-279,17,-114,-3
3528,3,3,-281,49,-99,373,-186,-31,-314,78,-103,-69
3529,9,9,-90,-68,-97,-131,99,-89,-215,70,-65,143
3530,4,4,-67,67,-133,-266,215,-59,-100,15,-194,-140
3531,3,3,-255,-27,-190,365,-215,58,-266,13,-39,-6
3532,1,1,-75,199,-62,-168,48,-67,-101,-32,-57,-93
3533,4,4,-52,-48,-64,-133,117,-19,-102,-32,-108,81
3534,4,4,-19,-71,-91,-207,129,-115,-57,-5,2,-57
3535,7,7,-110,-47,-99,-138,-60,-102,-248,357,-191,-23
3536,0,0,187,-140,-169,-25,-133,-7,-46,-62,-97,-10
3537,5,5,-200,-19,-289,6,-223,310,-155,-126,-2,71
3538,9,9,-185,-79,-115,-39,71,-54,-339,7,-29,250
3539,6,6,3,-155,-232,-48,-138,84,221,-176,-57,-73
3540,0,0,188,-199,-17,-130,32,-86,-21,-81,-168,-11
3541,4,4,-65,-1,-143,-229,185,-74,-54,84,-158,-178
3542,4,4,-30,-34,66,-317,390,-175,-142,-151,-114,-211
3543,4,4,-58,-12,-23,-144,180,-40,-10,-80,-126,-122
3544,4,4,-90,-62,-111,-144,184,-83,-77,34,-72,-28
3545,6,6,21,-238,-294,-133,-24,85,379,-270,-69,-187
3546,1,1,-59,256,-86,-272,61,-71,-91,-67,-85,-164
3547,2,2,-12,-11,289,-7,-116,-228,-299,159,-213,-196
3548,3,3,-170,-48,-67,313,-188,-59,-348,74,-82,-9
3549,3,3,-165,-49,24,264,-201,-60,-223,114,-60,-139
3550,6,5,68,-164,-245,-130,-182,185,144,-64,-118,-125
3551,4,4,-152,97,-137,-221,270,-132,-206,37,-113,-105
3552,5,5,-60,-15,-223,-45,-59,150,-24,25,-24,-52
3553,9,9,-94,-110,-66,-50,57,-84,-236,66,5,159
3554,6,6,-9,-130,-198,-148,7,91,328,-283,-86,-259
3555,8,8,-23,-258,-36,17,-148,-21,31,-142,244,-7
3556,5,5,-114,-139,-266,-8,-70,237,-12,43,-93,-37
3557,6,6,44,44,-200,-213,-50,7,159,-194,-37,-219
3558,5,5,31,-65,-154,54,-163,119,-85,20,-123,-61
3559,8,5,39,-46,-74,-69,-157,66,7,29,-5,-109
3560,6,6,9,-221,-257,-149,-22,113,374,-271,-94,-209
3561,4,4,-195,123,-140,-186,233,-68,-152,-20,-97,-71
3562,1,1,-81,290,-113,-298,91,-130,-111,-30,-130,-201
3563,8,8,-61,-90,-83,85,-184,60,-61,-39,115,-102
3564,6,6,64,-4,-150,-216,-53,17,154,-126,-79,-228
3565,5,5,-135,-24,-218,32,-236,271,-85,41,-131,-73
3566,2,2,-45,91,327,-39,-261,-292,-226,80,-60,-218
3567,8,8,-2,17,-106,-137,-56,10,-46,-6,33,-63
3568,4,4,-42,77,-118,-273,206,-75,-50,-41,-140,-136
3569,5,5,-143,-88,-303,-16,-176,314,-139,64,-230,32
3570,5,5,-163,-127,-276,45,-140,319,-103,-66,-51,47
3571,4,4,-75,-21,-86,-145,136,19,-2,-58,-78,-18
3572,7,7,-126,-12,-59,8,-69,-107,-311,207,-76,56
3573,7,7,-194,-11,144,59,-98,-238,-381,328,-126,-115
3574,0,7,59,-19,-32,-117,-155,7,-152,141,-122,-57
3575,7,7,-97,-32,-12,-137,-8,-86,-167,174,-11,-113
3576,8,8,-183,-104,5,79,-202,-61,-266,32,223,49
3577,2,2,-66,51,167,50,-255,-198,-214,92,12,-128
3578,2,2,-55,59,161,37,-180,-138,-202,95,-92,-117
3579,3,3,-291,55,-39,372,-216,-68,-456,127,-199,-49
3580,7,7,-90,110,-43,-118,-75,-187,-318,150,-31,-28
3581,0,0,190,-146,-74,-112,-109,-102,-153,18,-160,8
3582,1,1,-112,203,-109,-217,108,-46,-121,-59,-55,-66
3583,8,8,-82,-83,-58,42,-140,-3,-134,2,152,46
3584,0,0,227,-126,-116,-149,-205,3,-93,46,-194,-46
3585,7,7,-204,43,31,56,-174,-131,-393,288,-182,-27
3586,1,1,-123,269,-105,-179,38,-74,-134,-72,-44,-124
3587,9,9,-98,-187,-133,9,54,-104,-277,112,-5,196
3588,8,8,-23,-198,-58,34,-158,-52,-86,-111,253,51
3589,7,7,-110,-2,-39,-60,-77,-104,-264,221,-115,38
3590,5,5,-162,-42,-200,35,-161,266,-118,-80,-71,45
3591,5,5,-151,-107,-145,92,-149,197,-112,6,-35,25
3592,9,9,-95,-100,-10,-28,61,-56,-203,42,-24,135
3593,1,1,-123,358,-121,-378,97,-215,-170,-22,-102,-235
3594,7,7,-166,38,-17,-55,-81,-153,-334,276,-120,7
3595,5,5,-110,-97,-313,-66,-69,241,-38,64,-86,-31
3596,4,4,-176,-55,-107,-145,269,-90,-186,105,-197,-15
3597,9,3,-119,21,-81,79,-33,-16,-244,43,-93,64
3598,1,1,-140,226,-53,-127,20,-13,-152,-71,-24,-118
3599,2,2,-94,59,145,-5,-164,-82,-170,127,-72,-130
3600,2,2,-55,112,206,31,-301,-318,-285,93,10,-161
3601,1,1,-89,177,-177,-196,110,36,4,-168,-92,-167
3602,6,6,31,-247,-206,-144,-47,79,401,-294,-102,-250
3603,6,6,20,-236,-209,-113,-88,76,335,-201,-52,-178
3604,7,7,-35,-47,-192,-145,-53,28,-57,243,-158,-171
3605,1,1,-58,308,-135,-337,76,-123,-86,-73,-121,-237
3606,1,1,-53,145,-91,-199,9,-26,-64,-18,-44,-65
3607,4,4,-219,-36,-90,-116,245,-45,-192,17,-72,43
3608,0,0,288,-205,-83,-131,-211,-78,-66,29,-220,-5
3609,7,7,-122,-16,32,6,-130,-124,-362,230,-127,20
3610,4,4,-178,94,-144,-312,362,-130,-226,24,-130,-130
3611,2,2,-38,124,365,-25,-268,-342,-288,106,-95,-289
3612,4,4,-200,-34,-120,-244,323,-64,-173,76,-189,-48
3613,0,0,168,-101,-83,-119,-150,-22,-68,27,-98,-58
3614,6,6,31,-224,-176,-209,-27,15,279,-132,-32,-144
3615,4,4,-63,-24,-74,-177,217,-116,-84,-56,-96,-19
3616,7,7,-201,31,-78,-53,1,-160,-355,234,-101,89
3617,6,6,6,-40,-118,-160,51,19,187,-149,-108,-229
3618,9,9,-134,-150,-82,17,-34,-107,-283,129,95,152
3619,5,5,-120,-97,-192,82,-202,276,-107,-41,-109,3
3620,3,3,-169,-90,-28,301,-131,-104,-384,140,-163,-16
3621,4,4,-188,-16,-76,-184,302,-97,-202,88,-172,-89
3622,6,6,-6,-161,-289,-91,-53,113,293,-211,-151,-167
3623,5,5,-14,-99,-310,-71,-128,206,10,0,-27,-33
3624,0,0,181,-299,-168,-79,-82,-49,-56,-11,-64,46
3625,1,1,-33,224,-119,-242,47,-80,-73,-53,-86,-148
3626,8,8,-96,-65,35,135,-272,-126,-166,23,160,-35
3627,8,8,-93,-36,-16,-120,47,-150,-133,-14,132,-56
3628,2,2,-24,7,425,-44,-241,-326,-306,116,-88,-246
3629,8,0,105,-153,-95,-47,-152,-39,-27,-54,64,-73
3630,3,3,-371,75,-86,422,-201,-51,-419,142,-160,-79
3631,5,5,-106,-114,-185,-5,-206,287,-104,-36,-84,43
3632,7,7,-173,22,4,-29,-99,-96,-324,270,-159,-8
3633,8,8,-117,-191,-65,130,-203,-58,-202,-66,296,70
3634,0,0,93,-43,-58,-172,15,-165,-162,49,-175,-36
3635,8,8,14,-253,8,-7,-47,-79,67,-214,197,-73
3636,5,5,-88,-148,-182,-21,-181,283,-31,-71,-73,36
3637,7,7,-87,56,1,-69,-34,-218,-354,241,-106,-5
3638,1,1,-58,316,-100,-370,98,-149,-122,-49,-154,-213
3639,1,1,-130,214,-124,-235,103,-86,-153,-22,-100,-50
3640,0,7,83,-68,-22,-74,-138,-27,-138,118,-102,-24
3641,1,1,-143,200,-93,-198,96,-86,-166,-18,-67,-31
3642,3,3,-234,-9,-133,369,-269,-39,-392,25,-65,53
3643,7,7,-175,34,26,40,-156,-243,-504,324,-116,-4
3644,8,8,-84,-47,-134,-9,-6,-53,-145,-85,157,71
3645,5,5,-67,-75,-137,-65,-180,223,-107,-43,-34,33
3646,0,0,186,-61,-98,-160,-99,-31,1,-73,-196,-106
3647,7,7,-261,28,5,110,-102,-130,-387,274,-163,-11
3648,1,1,-88,259,-115,-262,77,-102,-125,-32,-110,-125
3649,1,1,-141,239,-86,-155,19,-73,-166,-14,-56,-77
3650,0,0,179,-104,-55,-156,-113,-123,-132,21,-145,-24
3651,1,1,-169,262,-123,-213,98,-93,-192,-37,-69,-70
3652,1,1,-29,227,-109,-284,83,-63,-52,-82,-105,-165
3653,4,4,-89,8,-39,-145,167,-76,-151,16,-122,15
3654,5,5,-70,-44,-161,-82,-156,187,34,-129,32,-22
3655,2,2,-59,116,307,-56,-244,-232,-214,88,-86,-221
3656,7,7,-282,27,49,79,-40,-148,-388,286,-148,-43
3657,6,6,31,-205,-290,-167,-18,87,336,-162,-159,-224
3658,2,2,-16,135,288,-178,-113,-223,-161,39,-87,-253
3659,3,3,-289,-78,-131,356,-182,31,-346,84,-104,28
3660,0,0,244,-199,-50,-144,-155,-131,-42,13,-150,-29
3661,2,2,-10,27,273,-37,-115,-212,-184,79,-138,-208
3662,8,4,65,-58,-121,-180,116,-124,-68,-118,-56,-72
3663,5,5,-152,-112,-279,-65,-122,286,-106,-26,-77,74
3664,9,9,-50,-107,-69,-69,84,-68,-152,-7,-54,141
3665,6,6,46,-158,-271,-207,20,43,224,-54,-231,-165
3666,9,9,-89,-148,-62,-2,30,-118,-287,104,20,162
3667,7,7,-43,-46,-10,-120,-102,-151,-320,292,-131,9
3668,2,2,12,25,394,-26,-166,-274,-271,78,-217,-299
3669,1,1,-67,239,-103,-246,72,-72,-112,-52,-75,-112
3670,3,3,-369,58,-6,389,-235,-73,-480,167,-148,-74
3671,6,6,-18,-156,-159,-118,-79,82,332,-270,-40,-260
3672,4,4,-84,17,-79,-259,241,-103,-92,-26,-166,-32
3673,1,1,-103,218,-102,-246,96,-115,-160,-22,-109,-58
3674,8,8,-84,-78,-4,-13,-199,92,-133,-17,108,20
3675,2,2,-14,59,342,-21,-151,-210,-244,80,-222,-262
3676,4,4,-157,49,-76,-221,304,-99,-170,52,-174,-153
3677,0,0,237,-141,-175,-91,-261,38,-57,11,-111,-124
3678,5,5,-156,-42,-280,55,-102,262,-56,-20,-160,17
3679,1,1,-81,283,-121,-282,66,-141,-153,-3,-144,-152
3680,0,0,178,-103,-139,-119,-198,41,-42,38,-121,-106
3681,2,7,-173,39,134,188,-233,-168,-397,203,-73,-144
3682,2,2,38,-85,221,0,-62,-168,-120,8,-168,-169
3683,6,6,30,-123,-198,-153,-12,61,264,-182,-84,-183
3684,4,4,-105,-17,-51,-178,232,-76,-159,60,-177,-68
3685,4,4,-16,-60,-26,-165,170,-113,-65,-16,-94,-15
3686,3,3,-263,-27,-62,327,-176,-75,-372,65,-44,38
3687,9,9,-66,-194,-129,-44,-32,-11,-113,-44,16,231
3688,6,6,-36,96,-149,-159,40,33,103,-197,-56,-195
3689,1,1,-79,261,-111,-270,66,-108,-130,-20,-137,-137
3690,6,6,2,-86,-188,-72,-38,127,142,-92,-124,-114
3691,5,5,-128,-100,-203,-37,-215,332,4,-92,-105,-30
3692,7,7,-128,-81,-198,-68,-24,-24,-244,285,-120,38
3693,9,9,-144,-73,-91,-65,63,-38,-260,15,-6,200
3694,2,2,-101,144,287,-97,-157,-211,-153,32,-9,-282
3695,0,0,239,-132,46,-217,-31,-250,-89,-42,-160,-104
3696,2,2,-58,31,203,111,-287,-262,-304,95,-10,-110
3697,6,6,42,-227,-245,-72,-137,124,264,-212,-59,-95
3698,0,0,147,-32,-71,-148,-148,-10,-13,1,-128,-111
3699,1,1,-102,191,-101,-218,86,-88,-132,-25,-80,-40
3700,4,4,-153,75,-135,-219,296,-125,-170,29,-161,-135
3701,3,3,-298,15,-74,337,-173,-50,-350,77,-52,-5
3702,5,5,-121,-31,-126,-9,-52,161,-42,-36,-33,-34
3703,2,2,-87,126,270,-8,-214,-210,-268,127,-126,-202
3704,8,8,-89,-97,-98,-50,-108,-6,-109,-52,259,33
3705,8,8,-204,80,-17,-167,22,6,44,-124,173,-302
3706,0,0,178,-116,5,-148,-191,-118,-180,93,-122,-41
3707,8,8,-44,-115,-52,74,-121,-113,-191,-36,180,83
3708,8,8,-143,-67,133,84,-256,-63,-176,56,137,-69
3709,9,9,-123,-130,-88,-27,31,-19,-254,52,-47,198
3710,0,7,110,-113,-4,-98,-83,-110,-131,111,-162,19
3711,9,9,-179,-110,-165,-60,143,-80,-320,48,-27,222
3712,6,6,71,-230,-249,-94,-80,39,338,-287,-32,-160
3713,7,7,-128,62,66,-60,-96,-110,-242,242,-93,-113
3714,6,6,-12,-177,-199,-147,-37,143,320,-232,-118,-217
3715,3,3,-368,62,-41,367,-199,-90,-451,159,-108,-45
3716,9,9,-211,-118,-148,100,71,-28,-322,-4,-13,195
3717,3,3,-295,-54,-147,327,-97,16,-297,24,-62,47
3718,4,4,-167,25,-119,-120,166,-81,-212,63,-62,67
3719,7,7,-155,18,55,19,-126,-194,-427,286,-129,8
3720,7,7,-260,8,47,95,-93,-140,-402,286,-166,-15
3721,7,7,-160,67,42,-32,-177,-142,-379,229,-77,-4
3722,4,4,-90,-2,-78,-241,243,-92,-151,92,-226,-100
3723,9,9,40,-209,-158,-80,29,-57,-61,-55,-59,143
3724,0,0,190,-121,-134,-186,-72,-32,-49,-37,-198,-60
3725,6,6,-52,-84,-111,-34,-48,78,168,-132,-46,-142
3726,4,4,-110,37,-37,-126,144,-84,-161,11,-128,32
3727,8,7,-114,-192,-74,36,75,-75,-269,150,-51,94
3728,4,4,-165,121,-196,-258,261,-73,-139,-27,-94,-89
3729,2,2,-7,35,326,66,-250,-301,-264,74,-136,-258
3730,7,7,-80,7,-101,-181,-40,-79,-299,276,-132,4
3731,2,2,-10,31,385,-40,-212,-251,-321,123,-166,-234
3732,8,8,-67,103,-104,-212,-40,-48,-82,-124,112,-26
3733,1,1,-104,311,-79,-314,84,-177,-151,6,-139,-220
3734,0,0,201,-103,-133,-126,-241,-4,-99,122,-207,-55
3735,0,0,258,-130,-125,-119,-249,-12,-55,28,-216,-36
3736,7,7,-157,116,33,43,-204,-181,-407,220,-97,-50
3737,8,8,-45,-185,-86,47,-69,-68,-80,-65,226,-11
3738,3,3,-102,5,-68,199,-121,27,-102,-16,-161,-133
3739,3,3,-156,-12,-71,197,-100,30,-123,16,-44,-37
3740,3,3,-291,52,-146,353,-201,54,-301,112,-172,-108
3741,1,1,-175,255,-147,-202,88,-75,-184,-38,-93,-66
3742,3,3,-138,-74,-49,212,-211,-54,-257,7,23,57
3743,7,7,-167,26,9,7,-111,-180,-419,293,-131,-2
3744,6,6,82,-166,-152,-193,-59,110,260,-247,-154,-222
3745,1,1,-93,223,-95,-206,80,-61,-120,-49,-65,-100
3746,3,3,-253,14,-54,253,-226,8,-302,124,-98,-37
3747,1,1,-120,209,-114,-170,79,-60,-145,-58,-43,-65
3748,6,6,40,-2,-113,-209,-24,27,154,-152,-82,-226
3749,6,6,-3,-73,-264,-123,17,60,105,28,-209,-134
3750,5,5,-114,-118,-185,-7,-108,237,-27,-31,-35,17
3751,7,7,-111,41,70,10,-10,-89,-139,124,-46,-107
3752,4,4,-22,-66,-39,-234,250,-186,-130,48,-162,-90
3753,7,7,-130,34,-29,-9,-130,-188,-396,283,-88,-4
3754,5,5,-60,-145,-236,-3,-187,254,55,-93,-115,-43
3755,9,9,-57,-148,24,-50,16,-122,-170,-68,68,160
3756,5,5,-74,-75,-200,25,-117,180,-138,33,-126,50
3757,8,1,-9,1,-19,-49,-61,-49,-48,-34,-12,-74
3758,4,4,-188,16,-105,-169,262,-50,-198,-7,-62,18
3759,9,9,-151,-126,-58,-3,55,-70,-244,35,-30,219
3760,9,9,-108,-130,-104,-64,64,-58,-258,35,-62,213
3761,1,1,-61,150,-43,-134,44,-73,-99,-5,-40,-60
3762,6,6,-68,-18,-95,-15,-33,63,94,-78,-11,-174
3763,5,5,-85,-95,-105,-64,-35,155,-16,-23,6,6
3764,0,0,136,-82,-102,-113,-187,13,-76,92,-115,-49
3765,1,1,-132,240,-126,-241,99,-68,-157,-54,-63,-57
3766,3,3,-181,-12,-165,251,-224,128,-184,-14,-29,-44
3767,7,2,-137,74,215,-13,-207,-170,-282,169,11,-179
3768,0,0,248,-233,-183,-69,-215,30,43,-59,-81,-95
3769,3,3,-258,-69,-188,269,-104,-21,-382,81,-18,105
3770,4,4,-105,-53,-90,-260,277,-155,-155,79,-190,-59
3771,8,8,-80,-113,-35,-65,-60,-6,-40,15,149,13
3772,2,2,-115,85,289,171,-435,-392,-427,194,-42,-212
3773,2,2,-75,31,207,54,-219,-152,-164,37,21,-135
3774,0,0,152,-120,-145,-67,-196,42,-60,38,-93,-49
3775,2,2,-105,61,362,11,-274,-161,-218,76,-90,-270
3776,5,5,-160,-35,-97,-41,-237,262,-73,-113,58,-18
3777,1,1,-71,178,-79,-189,80,-47,-81,-50,-64,-80
3778,5,5,48,-72,-41,-157,-175,118,-9,16,-71,-74
3779,1,1,-152,213,-100,-216,116,-84,-179,-35,-73,-35
3780,4,4,38,13,48,-417,233,-124,86,-191,-163,-322
3781,8,8,-28,-9,-127,-178,-47,-67,-47,-122,156,-27
3782,8,8,-34,-125,120,90,-207,-143,-137,2,175,-71
3783,9,9,-150,-148,-20,-28,89,-76,-265,39,-58,219
3784,1,1,-128,245,-99,-234,75,-96,-192,-20,-75,-58
3785,2,2,-42,140,188,-57,-146,-306,-315,149,-72,-141
3786,1,1,-153,266,-139,-177,73,-62,-166,-72,-50,-97
3787,3,3,-48,-78,38,221,-181,-80,-270,63,-90,-80
3788,5,5,-94,-143,-253,-7,-202,321,-76,-40,-129,48
3789,1,1,-110,268,-165,-213,58,-56,-142,-115,-43,-125
3790,0,0,174,-79,-94,-92,-141,3,-91,6,-223,0
3791,9,9,-32,-112,-62,-60,2,-25,-215,94,-139,137
3792,4,4,-98,14,-24,-235,216,-67,-69,55,-139,-204
3793,4,4,-108,16,-73,-218,210,-24,-103,-40,-140,-27
3794,8,8,-201,-29,13,166,-221,-123,-250,42,189,-8
3795,3,3,-279,22,-6,227,-148,-50,-341,154,-60,-48
3796,2,1,-27,111,56,-57,-159,-178,-196,73,15,-77
3797,5,5,-197,-128,-236,14,-184,334,-115,-68,-97,84
3798,9,9,-182,-39,-81,-143,134,-74,-345,87,-126,191
3799,7,7,-103,-14,116,0,-203,-134,-461,335,-266,-85
3800,6,6,-14,-30,-119,-146,10,50,186,-167,-42,-237
3801,6,6,102,-70,-179,-273,34,-69,173,-109,-198,-220
3802,2,2,-20,38,312,-25,-119,-227,-195,53,-108,-223
3803,0,0,124,-99,-64,-74,-67,-106,-174,35,-149,-19
3804,0,0,145,-102,-120,-138,-71,-79,-78,-17,-94,-3
3805,0,0,218,-96,-86,-163,-183,0,-33,11,-205,-82
3806,5,5,-117,-91,-360,-63,17,122,-46,83,-22,-39
3807,8,8,-96,-104,-47,-61,-139,8,-124,-40,257,32
3808,7,7,-88,42,-13,-111,-123,-90,-252,129,54,-40
3809,1,1,-74,246,-131,-256,88,-97,-81,-37,-108,-175
3810,5,5,-91,-132,-158,-3,-173,232,-25,-97,-55,54
3811,2,7,42,-63,84,-62,39,-165,-181,94,-189,-108
3812,3,3,-267,64,19,310,-114,-139,-368,176,-193,-121
3813,8,8,-104,-197,36,117,-297,-10,-106,-42,261,-47
3814,5,5,-113,-111,-210,-75,-155,294,-27,-79,-34,7
3815,1,1,-61,284,-135,-308,86,-92,-104,-69,-121,-174
3816,8,8,-86,-164,-77,26,-192,60,-41,-71,236,-5
3817,2,2,98,-46,241,-67,29,-272,-114,-60,-108,-219
3818,0,0,113,-123,-147,-118,-28,-4,14,48,-238,-61
3819,4,4,-112,-69,-112,-248,265,-64,-132,113,-299,-64
3820,9,7,41,-138,-6,-76,-27,-96,-239,121,-171,114
3821,9,9,-209,-153,-209,-98,105,80,-100,10,-131,209
3822,6,6,39,-147,-226,-176,-15,60,252,-120,-113,-164
3823,2,2,1,82,295,-58,-80,-250,-272,54,-172,-197
3824,3,3,-282,-29,-90,317,-172,-21,-327,64,-31,27
3825,3,3,-293,-8,-145,395,-175,32,-258,48,-132,-84
3826,5,5,-145,-59,-263,-78,-49,244,-55,20,-20,-21
3827,6,6,19,-159,-226,-112,-23,44,246,-143,-44,-107
3828,4,4,-145,-48,-49,-142,217,-96,-177,117,-163,-2
3829,8,8,-79,-127,113,-89,-145,30,-61,-55,209,-85
3830,0,0,218,-163,-162,-134,-207,1,-88,59,-194,-22
3831,9,9,-115,-37,-91,-119,62,-87,-259,106,-59,119
3832,2,2,0,-83,242,50,-284,-271,-303,151,-9,-66
3833,8,8,-101,58,-44,-71,-73,-105,-201,0,131,21
3834,3,3,-324,40,105,377,-331,-184,-422,126,-28,-113
3835,6,6,47,-202,-271,-155,-28,25,258,-108,-80,-181
3836,7,7,-242,-4,-217,-104,82,-88,-246,378,-199,-109
3837,5,5,-132,-66,-218,-21,-142,268,-121,-62,-79,67
3838,7,7,-206,131,-60,-113,84,-116,-243,144,-83,-80
3839,2,2,-125,44,295,174,-362,-356,-339,97,59,-183
3840,9,9,-10,-179,-66,-43,35,-31,-150,-21,-65,191
3841,4,4,-140,-117,-11,-133,333,-152,-143,17,-149,-121
3842,9,9,-128,-171,-115,-54,62,22,-204,-22,-48,240
3843,1,1,-50,200,-88,-229,72,-77,-81,-36,-92,-119
3844,2,2,-19,20,310,-66,-83,-247,-179,111,-157,-277
3845,8,8,-81,-134,-58,0,-135,-101,-179,-117,312,53
3846,6,4,-21,5,-241,-191,83,-13,72,-15,-148,-170
3847,0,0,178,-100,-63,-143,-153,-10,-50,38,-173,-41
3848,7,7,-137,29,148,5,-51,-317,-360,334,-162,-173
3849,0,0,214,-97,-102,-131,-220,-23,-95,84,-210,-33
3850,9,4,-138,-114,-103,-97,169,-81,-153,-22,-16,144
3851,1,1,-22,147,-54,-166,42,-48,-43,-43,-54,-102
3852,1,1,-95,218,-102,-210,62,-119,-128,11,-82,-113
3853,6,6,75,-130,-48,-91,-104,-3,119,-143,54,-72
3854,7,7,-140,-19,-57,-9,-101,-79,-260,266,-154,9
3855,5,5,8,-11,-352,-183,-94,189,-11,-53,-26,-86
3856,9,9,-236,-31,-101,18,59,-24,-309,87,-72,134
3857,9,9,-145,-46,-114,-80,51,-65,-317,72,-25,189
3858,1,1,-89,241,-97,-228,81,-134,-122,5,-109,-154
3859,9,9,-4,-112,36,-29,9,-91,-100,-4,-36,62
3860,5,5,-132,-67,-199,-19,-93,250,20,-88,-90,-27
3861,9,9,-109,-129,-43,-46,25,-24,-243,21,19,191
3862,2,2,-79,125,217,-1,-196,-164,-322,169,-235,-167
3863,5,5,-127,-95,-163,-120,-167,302,51,-126,-21,-31
3864,0,0,173,-111,-70,-121,-187,-14,-71,10,-102,-46
3865,4,4,-156,61,-106,-287,341,-77,-148,-2,-189,-166
3866,1,1,-164,262,-150,-219,107,-46,-165,-87,-62,-83
3867,0,0,196,-117,-31,-148,-67,-126,28,-77,-215,-43
3868,8,8,-51,-78,-44,8,-120,-104,-168,-55,210,41
3869,9,4,-139,-11,-223,-230,239,-100,-199,-21,-62,68
3870,0,0,159,-155,-52,-123,-140,-118,-94,82,-123,-5
3871,8,8,-7,-128,4,99,-241,-21,-160,-61,114,12
3872,9,9,-113,-189,-82,-6,29,-98,-312,82,-16,228
3873,8,8,-26,-39,-147,-74,-72,-10,-29,-79,142,-49
3874,9,9,-43,-86,-82,-32,28,-56,-157,32,-47,113
3875,4,4,-164,-105,-10,-56,273,-131,-192,58,-170,-54
3876,2,1,-40,105,87,61,-248,-220,-234,84,-26,-150
3877,5,5,-113,-126,-224,49,-108,240,-75,11,-151,4
3878,7,7,-153,50,-46,-53,-51,-103,-296,187,-82,59
3879,9,9,24,-115,-71,-117,2,-44,-158,77,-175,129
3880,8,8,-103,-35,-42,23,-171,15,-44,-73,141,-23
3881,9,9,-57,-110,-64,-56,16,-44,-198,95,-70,127
3882,8,8,-108,-173,-78,68,-232,20,-97,-133,287,33
3883,0,0,229,-109,-77,-133,-141,-55,-88,6,-244,-31
3884,9,9,1,-228,-142,-33,-34,1,-91,14,-71,191
3885,9,9,-35,-171,-67,-59,61,-77,-210,55,-105,204
3886,6,6,5,-221,-212,-87,-67,79,323,-210,-55,-173
3887,8,8,-43,-131,8,47,-194,-54,-83,-27,210,-31
3888,9,9,3,-189,-110,-24,-3,-41,-133,37,-60,155
3889,9,9,-121,-144,-52,32,19,-127,-317,95,27,176
3890,5,5,-207,-101,-351,134,-161,345,-123,-22,-44,-24
3891,9,9,-97,-132,-93,-53,45,-28,-219,42,-46,178
3892,8,8,-189,19,-50,-135,65,-1,-75,-125,191,-97
3893,5,5,-61,-27,-173,33,-43,94,-1,19,-112,-45
3894,1,1,-69,227,-89,-229,50,-110,-132,-11,-79,-100
3895,0,0,172,-69,-42,-133,-109,-108,-100,-12,-134,-38
3896,3,3,-322,-4,-118,350,-210,-5,-353,70,-38,18
3897,3,3,-222,39,-63,244,-182,-70,-304,53,-36,15
3898,5,5,-109,-81,-98,8,-136,197,-117,-2,-50,25
3899,2,2,-66,-32,292,76,-199,-211,-230,102,-59,-164
3900,1,1,-97,255,-103,-285,100,-144,-193,-24,-141,-85
3901,6,6,65,-194,-162,-156,-61,43,257,-165,-8,-151
3902,5,5,-23,-87,-77,-15,-123,153,-10,-40,-158,-78
3903,0,0,285,-146,-38,-176,-186,-75,22,-93,-179,-143
3904,2,2,-112,74,273,64,-328,-293,-349,153,-17,-155
3905,8,8,-117,16,23,42,-118,-38,-140,12,95,-26
3906,1,1,-223,196,77,166,-308,-160,-430,140,-123,-109
3907,5,5,-137,-120,-300,1,-140,314,-43,9,-85,-37
3908,6,6,28,-104,-170,-197,-8,53,290,-288,-42,-259
3909,2,2,-95,31,259,65,-304,-266,-386,212,-72,-140
3910,3,3,-277,24,-66,428,-250,-92,-430,119,-179,-68
3911,0,0,216,-166,68,-157,-36,-181,-25,-84,-136,-35
3912,2,2,50,-3,266,-142,25,-196,-79,-39,-156,-265
3913,2,2,91,-85,237,-74,-17,-227,-141,4,-160,-172
3914,6,6,-14,-141,-145,-75,-32,38,248,-156,-44,-146
3915,4,4,-52,-6,-127,-261,240,-61,-68,-21,-186,-73
3916,3,3,-288,-6,-47,298,-215,-96,-377,40,10,56
3917,5,5,-159,-74,-260,99,-145,263,-87,-31,-143,43
3918,5,5,-111,-72,-125,2,-135,189,-126,-47,5,46
3919,1,1,-133,232,-134,-240,107,-67,-134,-58,-77,-71
3920,7,7,-147,2,-66,-94,-52,-116,-290,305,-138,6
3921,2,2,-52,10,288,13,-138,-238,-216,28,-1,-144
3922,1,1,-57,257,-176,-281,77,-45,-41,-93,-125,-204
3923,6,6,18,-83,-267,-162,-13,75,223,-143,-133,-142
3924,9,9,-146,-133,-38,-26,70,-76,-301,92,-15,174
3925,1,1,-163,372,-109,-343,88,-204,-203,12,-111,-234
3926,9,3,-291,-81,-177,206,1,-13,-379,-3,22,182
3927,9,9,-100,-165,-66,10,32,-117,-290,117,-17,186
3928,5,5,-53,-75,-282,-84,-236,276,-57,48,-155,-59
3929,5,5,-149,-79,-174,3,-202,269,-127,48,-99,0
3930,1,1,-103,248,-115,-272,97,-126,-170,-30,-121,-75
3931,6,6,1,-5,-174,-253,70,50,238,-257,-128,-234
3932,2,2,8,18,308,-76,-152,-213,-265,119,-140,-164
3933,2,2,5,52,371,-96,-80,-266,-201,23,-109,-287
3934,8,8,-177,-133,-50,134,-196,4,-197,-33,243,26
3935,6,6,77,-102,-292,-121,-56,87,219,-168,-153,-145
3936,7,7,-196,40,67,82,-114,-172,-395,271,-164,-49
3937,1,1,-90,172,-119,-191,57,-34,-105,-44,-46,-41
3938,4,4,-200,64,-60,-187,265,-122,-259,51,-146,-28
3939,6,6,82,-155,-139,-172,-47,26,137,-59,-176,-22
3940,0,0,167,-94,-109,-126,-125,19,-59,12,-221,7
3941,4,4,8,20,9,-355,206,-138,45,-107,-128,-307
3942,0,0,123,-93,-167,-129,-118,-20,-30,106,-202,-41
3943,3,3,-231,81,-151,196,-111,94,-120,2,-90,-151
3944,3,3,-222,-25,-96,335,-189,-101,-419,64,-71,71
3945,2,2,22,76,273,-105,-64,-227,-205,73,-197,-226
3946,2,3,-66,43,81,91,-268,-217,-246,82,41,-64
3947,3,3,-306,-8,-120,459,-269,-71,-423,58,-55,3
3948,6,6,15,-149,-151,-134,-79,78,165,-67,-107,-34
3949,8,8,-71,-43,-10,-26,-95,-72,-74,-96,217,-40
3950,9,9,-163,-81,-60,-80,43,-55,-295,112,3,145
3951,8,7,18,-92,0,13,-106,-72,-171,96,-9,13
3952,5,5,-194,-70,-279,92,-180,334,-69,-126,-111,17
3953,3,3,-240,18,-10,337,-170,-120,-297,161,-170,-137
3954,8,8,-53,-147,-10,31,-123,-64,-221,50,141,71
3955,5,5,-102,-89,-203,-75,-228,283,-112,-14,-3,-15
3956,4,4,-241,9,-96,-156,343,-140,-280,47,-136,-30
3957,5,5,-215,-56,-190,53,-133,288,-136,-27,-150,51
3958,2,2,9,-34,310,-26,-213,-190,-206,79,-93,-164
3959,0,0,241,-125,-34,-145,-185,-70,-72,-27,-166,-76
3960,5,5,-148,-145,-280,-44,-85,311,-34,-57,-45,34
3961,6,6,113,-229,-176,-222,-92,101,330,-282,-71,-256
3962,3,3,-199,36,120,194,-91,-77,-121,14,-42,-283
3963,2,2,22,42,311,-43,-78,-229,-211,57,-179,-259
3964,8,8,-85,-161,39,66,-148,-80,-134,-66,227,42
3965,3,3,-296,88,-96,312,-150,13,-252,102,-140,-137
3966,9,9,-164,-190,-76,34,44,-27,-338,39,-86,256
3967,9,9,-7,-86,-78,-59,-3,-44,-103,28,-33,96
3968,5,5,-153,41,-119,57,-88,141,-78,23,-110,-72
3969,7,7,-242,97,37,-22,-155,-181,-461,290,-104,-4
3970,9,4,-138,7,-162,-161,134,-87,-281,41,-72,131
3971,4,4,-53,-75,-102,-145,174,-158,-23,8,-11,-177
3972,6,6,50,-107,-158,-169,-20,42,255,-261,-52,-184
3973,7,7,-219,47,45,13,-125,-228,-495,360,-184,-11
3974,1,1,-52,153,-62,-155,33,-71,-91,0,-56,-69
3975,3,3,-181,-17,101,295,-123,-142,-329,122,-229,-155
3976,7,7,-151,84,-29,-24,-75,-93,-268,137,-38,14
3977,3,3,-285,74,-54,287,-206,-10,-302,104,-121,-85
3978,6,6,89,-125,-232,-181,-77,121,218,-169,-157,-152
3979,6,6,31,-156,-163,-167,-42,55,314,-254,-21,-220
3980,0,0,196,-139,-49,-164,-186,-80,-189,144,-237,2
3981,9,9,-90,-158,-23,16,25,-91,-230,33,-17,194
3982,0,0,230,-167,-213,-115,-268,28,-73,92,-182,-37
3983,1,1,-105,273,-95,-269,78,-162,-132,-7,-83,-170
3984,9,9,-149,18,-141,-89,52,-79,-303,37,-23,166
3985,9,4,-225,19,-183,-187,227,-50,-226,-9,-63,127
3986,2,2,-67,154,250,-33,-200,-217,-236,93,-144,-242
3987,8,8,-25,-9,-144,-103,-96,-15,-124,-90,142,-15
3988,8,0,57,-127,-184,-65,-52,-4,-20,-87,41,16
3989,0,0,168,-20,-131,-226,-79,-61,-4,-61,-188,-137
3990,1,1,-72,234,-81,-305,67,-111,-132,-12,-139,-111
3991,6,6,-4,-85,-237,-131,-23,91,229,-185,-81,-135
3992,9,9,-163,-138,-87,53,24,-50,-303,44,-21,223
3993,7,7,-145,36,57,3,-122,-201,-434,289,-161,-13
3994,5,5,-90,-83,-233,-11,-196,232,-142,28,-8,-5
3995,3,3,-200,-79,-260,300,-206,201,-165,6,-131,-34
3996,4,4,-220,16,-26,-73,213,-126,-224,192,-229,-193
3997,7,7,-24,-47,-57,-114,-96,-2,-137,209,-183,-38
3998,4,4,-54,70,-99,-371,252,-106,-57,-61,-208,-87
3999,9,9,-142,-146,-38,49,37,-58,-276,37,-20,189
4000,9,9,-134,-172,5,-58,49,-11,-222,11,-6,174
4001,4,4,-161,-8,-149,-231,262,-48,-190,98,-123,-28
4002,3,3,-300,-13,-253,417,-182,68,-303,4,-16,-47
4003,6,6,50,-229,-227,-167,-42,84,357,-304,-34,-187
4004,3,3,-279,76,-109,284,-139,14,-235,85,-135,-95
4005,1,1,-109,201,-99,-210,79,-80,-132,-21,-96,-57
4006,1,1,-98,216,-105,-211,69,-120,-154,-12,-91,-69
4007,7,7,-39,-100,-47,2,-22,16,-109,113,-131,-24
4008,6,6,92,-217,-252,-139,-47,71,327,-260,-109,-170
4009,9,9,-224,-19,-86,-108,165,-116,-357,79,-73,193
4010,1,1,-91,205,-87,-220,66,-78,-119,-29,-81,-72
4011,8,8,-30,-155,-21,143,-262,-54,-119,-58,178,-21
4012,4,4,-192,-80,-92,-153,286,-48,-168,52,-153,2
4013,1,1,-194,248,-33,-1,-49,-95,-254,37,-107,-101
4014,1,1,-128,216,-114,-225,93,-96,-164,-18,-99,-49
4015,9,9,-74,-201,-178,42,-12,27,-178,-18,-36,178
4016,9,9,-75,-98,-106,-31,30,-57,-198,32,-33,161
4017,4,4,-119,7,-166,-213,207,-96,-79,-33,-55,-43
4018,3,3,-179,9,-55,183,-241,89,-225,45,-27,-64
4019,6,6,66,-125,-183,-162,-3,38,248,-229,-87,-135
4020,8,8,-28,-202,-103,76,-208,-30,-123,-46,274,20
4021,1,1,-65,257,-125,-270,65,-123,-129,-32,-99,-124
4022,6,6,3,-174,-178,-119,-70,112,257,-251,-14,-127
4023,0,0,169,-82,-160,-106,-186,5,-96,82,-162,-46
4024,4,4,-172,65,-103,-238,317,-123,-219,45,-191,-97
4025,1,1,-145,230,-132,-228,114,-57,-149,-70,-80,-62
4026,3,3,-264,22,-88,335,-259,-65,-397,90,-65,13
4027,7,7,-102,75,-60,-128,25,-83,-218,101,-105,54
4028,7,7,-182,-2,-17,-35,-98,-89,-325,291,-174,7
4029,4,4,-159,103,-168,-218,203,-56,-119,2,-114,-47
4030,9,9,-167,-5,-60,-37,74,-53,-254,54,-21,114
4031,5,5,-121,-31,-208,11,-102,200,-56,8,-131,-12
4032,1,1,-62,291,-156,-316,94,-107,-75,-79,-127,-220
4033,0,0,276,-174,-72,-155,-234,-57,-39,14,-216,-26
4034,0,0,238,-93,-13,-87,-198,-92,-103,7,-148,-121
4035,1,1,-141,248,-104,-226,97,-140,-213,-16,-94,-63
4036,1,1,-129,266,-131,-253,110,-100,-153,-54,-91,-111
4037,6,6,27,-49,-180,-215,-57,60,236,-252,-14,-229
4038,2,2,-61,61,254,60,-285,-282,-276,116,-34,-169
4039,1,1,-63,273,-110,-289,62,-138,-145,-9,-125,-144
4040,9,9,-114,-143,-66,-5,51,-10,-208,20,-49,169
4041,8,8,-106,-164,-23,98,-246,12,-186,36,224,-15
4042,4,4,-107,-22,-70,-287,306,-95,-152,74,-205,-126
4043,0,7,132,-103,-207,-133,-200,47,-73,151,-133,-105
4044,3,3,-200,20,-207,268,-149,90,-194,47,-132,-62
4045,6,6,6,-202,-135,-113,-135,43,277,-210,36,-97
4046,4,4,-84,25,-140,-276,269,-80,-112,-17,-177,-103
4047,9,9,-115,-45,-38,-28,64,-50,-215,60,-10,104
4048,0,0,152,-105,-31,-101,-145,-108,-140,127,-177,7
4049,7,7,-163,-30,-37,-16,-77,-111,-343,285,-139,37
4050,1,1,-86,150,-85,-168,74,-57,-90,-18,-63,-47
4051,6,6,22,-167,-265,-168,-19,62,265,-138,-58,-152
4052,5,5,-202,61,-140,117,-81,132,-137,-8,-147,-33
4053,7,7,-97,41,-97,-125,38,-10,-115,100,-84,-9
4054,5,5,-67,-85,-239,43,-255,292,-68,-111,-99,15
4055,2,2,-100,-3,323,225,-393,-408,-388,124,9,-200
4056,5,5,-156,-119,-287,-54,-56,231,-129,3,-31,85
4057,1,1,-137,236,-98,-236,105,-90,-169,-40,-72,-55
4058,8,8,-67,-183,-39,100,-130,-52,-136,-43,216,51
4059,5,5,-90,-96,-92,-48,-255,240,-41,-66,-39,0
4060,4,4,-88,-7,-80,-188,215,-63,-60,-43,-131,-48
4061,7,7,-95,20,-70,-108,-18,-91,-264,221,-136,17
4062,0,0,178,-97,-74,-138,-127,-102,-158,73,-180,-58
4063,6,5,15,-64,-244,-213,-116,162,117,-132,-63,-102
4064,7,7,-172,-58,-100,-4,-45,-135,-386,299,-98,86
4065,0,0,107,-100,33,-46,-163,-5,-71,13,-87,-39
4066,2,2,-185,136,363,105,-385,-328,-407,162,-52,-237
4067,5,5,-124,-91,-206,81,-187,268,-133,-22,-136,34
4068,8,8,-66,-50,-19,120,-229,-34,-91,-47,138,-73
4069,1,1,-163,239,-136,-234,114,-92,-193,-38,-91,-45
4070,0,0,265,-162,-131,-130,-260,-39,-127,97,-216,-47
4071,4,4,-76,-6,-184,-206,171,-143,-79,30,-75,-57
4072,5,5,-144,-69,-226,35,-127,270,-54,-81,-60,2
4073,7,7,-154,-54,-71,-31,-43,-112,-318,285,-131,65
4074,1,1,-133,194,-80,-218,92,-77,-164,-16,-63,-13
4075,8,0,92,-67,-127,-31,-196,34,9,-4,-6,-174
4076,5,5,-156,-87,-131,-81,-112,217,-76,-66,12,76
4077,1,1,-159,207,-95,-155,76,-76,-191,-37,-40,-25
4078,9,2,52,-54,209,-22,-98,-178,-221,59,-114,-102
4079,0,0,187,-122,-134,-67,-166,-31,-22,12,-120,-37
4080,0,0,135,-37,-67,-157,-201,-3,-59,84,-99,-128
4081,6,6,124,-185,-171,-272,-92,76,325,-259,-84,-271
4082,0,0,157,-100,-176,-96,-186,55,-82,60,-177,-14
4083,7,7,-159,-59,-91,-12,-62,-108,-340,297,-115,63
4084,3,3,-120,-115,-59,242,-178,-19,-306,59,-70,53
4085,1,1,-143,231,-104,-224,95,-97,-171,-28,-72,-48
4086,8,8,15,-187,-52,-8,-245,33,41,63,77,-136
4087,3,3,-203,5,-24,226,-144,-26,-285,112,-71,-33
4088,9,9,-183,-164,-91,-1,113,-64,-288,29,8,240
4089,7,7,-116,-45,-7,5,-89,-207,-365,301,-81,23
4090,0,0,140,-33,-104,-91,-154,-8,-59,-1,-77,-84
4091,0,0,219,-254,-33,-79,-43,-121,-73,-58,-154,92
4092,8,8,-40,50,-287,-176,-52,12,-35,-138,115,-73
4093,9,9,-79,-150,-70,-73,98,4,-188,-27,-184,156
4094,5,5,-170,-72,-195,57,-77,231,-26,-62,-20,-36
4095,9,9,-151,-130,-93,-1,64,-69,-287,45,-2,222
4096,8,8,-102,-128,-79,12,23,-37,-111,-79,180,42
4097,3,3,-258,32,-122,373,-192,-26,-340,78,-126,-68
4098,2,2,-106,43,281,52,-191,-179,-347,108,-81,-138
4099,7,7,-132,0,185,40,-200,-283,-513,360,-172,-102
4100,2,2,-182,78,261,250,-378,-295,-379,111,14,-212
4101,9,9,-186,-71,-132,-79,106,-86,-347,65,-7,228
4102,7,7,-84,-51,-79,-91,-35,-88,-198,262,-164,10
4103,2,2,-130,129,289,16,-167,-242,-268,134,-91,-245
4104,1,1,-68,290,-97,-316,85,-139,-167,-28,-180,-159
4105,1,1,-87,287,-102,-246,54,-147,-161,1,-124,-164
4106,3,3,-269,-31,-75,353,-237,-108,-436,68,-11,61
4107,7,7,-183,73,102,68,-151,-158,-372,248,-148,-87
4108,5,5,-114,-85,-338,-57,-123,268,-62,30,-51,-16
4109,3,3,-209,65,-105,228,-133,33,-216,50,-114,-41
4110,1,1,-88,219,-110,-195,56,-116,-130,7,-83,-107
4111,9,9,-15,-197,-144,-79,8,45,-25,-26,-101,164
4112,8,8,-128,-61,-13,85,-97,-226,-289,128,136,-28
4113,2,2,-80,70,286,5,-130,-216,-201,113,-134,-282
4114,2,2,-99,127,188,30,-162,-210,-291,138,-114,-144
4115,2,2,-16,57,329,-76,-59,-265,-265,107,-177,-256
4116,8,8,-31,-128,-68,24,-106,2,-82,24,64,2
4117,8,2,-63,-73,179,22,-189,-166,-166,20,130,-59
4118,5,5,-135,-59,-153,-20,-126,251,9,-85,-42,-42
4119,7,7,-154,52,-119,-62,-54,-120,-326,244,-39,26
4120,3,3,-147,6,-47,214,-173,-39,-297,108,-125,-16
4121,8,8,-89,-76,-108,26,-31,-49,-102,-80,182,18
4122,9,9,-167,-143,-43,-37,94,-78,-329,110,-119,224
4123,8,3,-120,-13,94,150,-229,-82,-212,14,72,-56
4124,8,8,11,-99,-38,-6,-63,-73,-127,-12,96,22
4125,6,6,49,-159,-211,-160,33,22,221,-165,-208,-138
4126,8,8,31,-90,4,3,-93,-74,-58,-57,83,-17
4127,2,2,-67,93,297,-46,-246,-270,-286,147,-76,-188
4128,3,3,-135,-17,-152,200,-166,74,-221,-18,-109,52
4129,9,9,-62,-105,-86,-15,9,-83,-225,57,11,150
4130,7,7,-211,19,-12,19,-64,-235,-444,358,-142,0
4131,5,5,-141,-7,-248,-91,-152,233,-78,-33,-70,4
4132,6,6,-4,-135,-278,-114,12,89,271,-225,-100,-167
4133,2,2,-36,-1,301,-38,-127,-226,-150,1,-4,-205
4134,9,9,-50,-78,-110,-159,68,-80,-157,18,-80,144
4135,2,2,-11,38,184,-61,-27,-166,-84,22,-81,-187
4136,8,8,-108,-91,59,142,-185,-113,-219,-1,149,-4
4137,8,8,-127,-53,-267,-101,90,40,29,-183,138,-87
4138,1,1,-86,310,-121,-280,58,-165,-185,2,-141,-165
4139,6,6,-14,-221,-140,-181,-38,72,272,-113,-75,-138
4140,8,2,-73,-87,167,-21,-196,-51,-159,87,89,-93
4141,8,8,-22,-139,-121,64,-167,-71,-179,16,169,62
4142,7,7,-32,-19,47,-52,-26,-219,-347,244,-94,-28
4143,9,9,-226,-14,-121,-72,126,-85,-342,53,-60,202
4144,1,1,-142,240,-121,-194,79,-93,-176,-38,-51,-66
4145,8,0,65,-84,-126,-72,-199,26,-142,5,34,-24
4146,0,0,140,-32,-122,-188,-158,25,27,-31,-104,-118
4147,1,1,-75,194,-65,-213,42,-90,-126,23,-124,-93
4148,7,7,-141,50,113,4,-45,-243,-322,297,-154,-103
4149,2,2,20,-2,338,-32,-159,-243,-227,104,-252,-250
4150,0,0,252,-178,-38,-110,-101,-104,-107,-42,-205,16
4151,7,7,-45,-127,-114,-107,-105,-88,-263,352,-226,9
4152,5,5,-103,86,-274,-247,-35,146,-40,-62,-79,-27
4153,1,1,-109,241,-124,-261,105,-84,-131,-67,-71,-84
4154,9,9,-13,-176,-25,-57,35,-70,-143,57,-91,117
4155,0,0,283,-137,-83,-150,-290,-30,-68,50,-211,-74
4156,2,3,-99,45,117,179,-369,-232,-354,79,24,-85
4157,0,0,256,-219,-39,-131,-50,-135,-56,-93,-186,-48
4158,9,9,-102,-151,-62,-90,47,32,-218,42,-142,197
4159,8,7,-124,-61,67,112,-149,-145,-227,121,84,-13
4160,6,6,159,-193,-107,-230,-83,27,262,-235,-113,-220
4161,2,2,15,-6,257,-48,-36,-174,-102,4,-149,-228
4162,3,3,-418,39,-71,447,-330,29,-425,91,-58,-67
4163,9,7,56,-80,-77,-151,-56,-24,-168,90,-181,23
4164,3,3,-317,1,-186,435,-212,32,-313,63,-76,-42
4165,8,1,7,82,-74,-119,-89,-40,-40,-96,67,-130
4166,0,0,203,-16,-115,-246,-207,-44,-68,1,-171,-135
4167,2,2,-100,13,211,32,-257,-199,-249,139,40,-125
4168,1,1,-56,249,-148,-308,70,-21,-52,-110,-109,-173
4169,1,1,-93,290,-118,-304,100,-108,-144,-44,-133,-155
4170,1,1,-93,178,-69,-147,78,-57,-105,-56,-32,-74
4171,1,1,-133,249,-124,-176,28,-49,-187,-57,-35,-72
4172,4,4,-221,108,-217,-281,322,-51,-167,15,-121,-128
4173,2,2,-37,28,225,-40,-83,-171,-136,18,-13,-163
4174,9,9,-173,-29,-152,-144,151,-72,-300,39,-68,191
4175,7,7,-134,71,14,-11,-114,-227,-432,288,-133,-18
4176,2,7,-70,53,108,-44,-38,-84,-142,164,-205,-223
4177,5,5,-116,-243,-190,-88,-124,286,117,-231,9,32
4178,1,1,-41,217,-85,-311,45,-86,-46,-45,-83,-185
4179,1,1,-137,232,-117,-263,117,-85,-154,-35,-98,-60
4180,2,2,25,51,258,-8,-201,-316,-219,26,-39,-224
4181,1,1,-112,246,-133,-245,88,-61,-118,-84,-59,-81
4182,9,9,-148,-128,-38,-40,120,-78,-298,94,-60,176
4183,9,9,-164,-58,-56,16,15,17,-266,44,-119,158
4184,9,9,-153,-56,-101,-89,83,-49,-235,77,-35,161
4185,1,1,-104,267,-148,-307,50,-114,-96,-25,-63,-181
4186,0,0,184,-111,-62,-182,-85,-160,-164,50,-169,-46
4187,2,2,-36,-3,210,-51,-79,-97,-74,33,-30,-168
4188,0,0,151,-157,-79,-115,-107,-88,-158,52,-118,24
4189,2,2,-30,-22,295,10,-219,-215,-255,136,-106,-188
4190,1,1,-143,200,-106,-197,79,-57,-155,-22,-85,-32
4191,1,1,-82,212,-102,-223,75,-79,-102,-25,-105,-106
4192,4,4,-138,-6,-46,-164,247,-83,-133,46,-135,-116
4193,6,4,4,34,-176,-335,160,-65,85,-90,-187,-175
4194,4,4,-146,33,-51,-172,167,-39,-204,-1,-95,66
4195,1,1,-174,203,-103,-205,103,-89,-205,-14,-92,-1
4196,5,5,-138,-72,-191,93,-194,257,-156,19,-150,22
4197,4,4,-99,36,13,-162,180,-43,-98,-72,-79,-71
4198,9,9,-85,-198,-148,-1,35,-24,-183,10,5,211
4199,7,7,-31,41,-56,-124,-14,-31,-118,85,-68,3
4200,7,7,-217,66,44,20,-143,-185,-437,312,-161,-18
4201,1,1,-78,157,-60,-207,43,-61,-143,58,-95,-63
4202,5,5,-51,-92,-180,-57,-203,239,13,-122,-62,13
4203,6,6,-7,-115,-182,-72,0,53,210,-106,-88,-196
4204,2,2,-17,39,346,15,-162,-311,-165,25,-127,-321
4205,2,2,107,-121,127,-137,-177,-223,-45,72,-11,-133
4206,2,2,-21,15,267,-22,-160,-205,-301,164,-165,-177
4207,8,8,-116,28,60,97,-180,-172,-156,-7,158,-114
4208,0,0,214,-194,-14,-83,-87,-139,-74,-3,-182,46
4209,6,6,-4,-116,-227,-136,20,77,282,-248,-57,-234
4210,9,9,-6,-107,-76,-43,5,-24,-101,36,-83,107
4211,6,6,52,-112,-211,-263,-135,123,185,-181,0,-157
4212,1,1,-159,174,-2,35,-98,-80,-296,61,-126,-41
4213,9,9,-144,-140,-81,-51,68,-104,-333,136,-41,195
4214,7,7,-143,25,-147,-183,32,-51,-234,268,-165,-16
4215,7,7,-280,37,16,55,-54,-169,-396,335,-113,-67
4216,1,1,-64,187,-131,-229,9,-52,-97,-7,-64,-85
4217,4,4,-207,-55,-67,-167,293,-59,-210,11,-98,63
4218,8,8,-41,-195,-87,-1,-173,-19,-16,-106,286,-26
4219,5,5,-143,-110,-235,-34,-188,337,-89,-101,-33,52
4220,3,3,-283,21,-129,423,-238,-60,-423,78,-137,-3
4221,4,4,-201,44,-54,-125,217,-49,-197,-30,-93,8
4222,3,3,-114,-83,52,340,-213,-135,-362,99,-115,-82
4223,4,4,-153,-145,-119,-144,188,-19,1,-10,-64,-40
4224,9,7,-100,21,-30,-67,-11,-79,-216,145,-68,37
4225,7,7,-222,46,166,53,-122,-250,-399,346,-139,-141
4226,5,5,-111,-153,-224,-21,-184,316,-56,-58,-118,55
4227,0,0,161,-47,-111,-164,-207,41,-102,102,-195,-101
4228,7,7,-182,61,148,55,-103,-218,-359,305,-161,-143
4229,4,4,-215,-6,-116,-153,294,-89,-194,56,-102,-58
4230,8,8,-17,-162,45,-82,-89,-78,27,-91,204,-59
4231,8,8,-49,-98,21,48,-126,-75,-145,-22,156,40
4232,1,1,-98,161,-86,-171,76,-35,-100,-36,-52,-46
4233,5,5,-139,-114,-287,-63,-144,327,-83,-85,-55,68
4234,3,3,-325,-9,-188,445,-230,36,-318,25,-51,-24
4235,9,9,-102,-146,-51,32,39,-54,-194,1,-5,187
4236,5,5,-199,-146,-244,-10,-117,359,-33,-71,-81,23
4237,9,9,-108,-92,-47,-112,124,-41,-193,-40,-77,201
4238,7,7,-185,-37,61,138,-133,-138,-366,205,-102,-6
4239,6,6,73,-196,-180,-168,-160,125,244,-240,20,-157
4240,9,9,-186,-164,-153,14,56,55,-251,-5,-89,240
4241,0,0,289,-185,-98,-113,-213,-20,-38,-26,-180,-53
4242,3,3,-359,-2,-263,439,-221,83,-351,14,-69,15
4243,6,6,35,-122,-211,-240,-31,112,272,-254,-73,-182
4244,3,3,-270,39,-20,242,-180,-8,-330,157,-165,-72
4245,9,9,-188,-148,-7,45,58,-73,-278,56,-26,183
4246,8,8,-61,-191,53,94,-193,-79,-174,-34,194,55
4247,2,2,-63,94,341,-73,-235,-234,-239,96,-86,-215
4248,2,7,23,20,-74,-174,-97,-12,-60,52,-40,-61
4249,1,1,-73,232,-93,-215,73,-64,-94,-63,-57,-117
4250,2,2,-50,122,280,-46,-180,-223,-301,141,-190,-195
4251,8,8,-27,-89,13,16,-232,-92,-136,1,194,-4
4252,6,6,-51,-81,-236,-137,27,102,307,-290,-108,-288
4253,8,8,-91,-180,48,48,-200,3,-25,-88,226,-45
4254,5,5,-136,-77,-189,13,-123,253,-73,-83,-118,32
4255,5,5,-71,13,-153,60,-142,163,-129,6,-160,-50
4256,3,0,78,-88,43,66,-120,-44,-97,-40,-122,-90
4257,9,9,-78,-168,-63,-18,40,-82,-175,65,-57,171
4258,4,4,-171,115,-159,-296,301,-45,-114,-14,-161,-180
4259,9,4,-95,37,-138,-187,108,5,-96,-23,-115,39
4260,2,2,-63,57,233,32,-284,-215,-311,153,-84,-147
4261,5,5,-110,-121,-146,-27,-179,255,22,-95,-43,-11
4262,1,1,-89,328,-39,-356,78,-226,-180,-6,-133,-224
4263,5,5,-113,-24,-201,72,-189,236,-128,14,-124,11
4264,1,1,-137,205,-94,-202,103,-92,-160,-18,-72,-49
4265,4,1,-118,76,-39,-80,75,-96,-171,41,-103,8
4266,4,4,-229,102,-251,-275,292,-53,-201,16,-147,-30
4267,1,1,-88,306,-138,-294,76,-136,-135,-26,-132,-185
4268,4,4,-155,-37,3,-86,162,20,-55,20,-100,-189
4269,4,4,25,-170,-102,-127,123,-5,89,-39,-155,-102
4270,3,3,-350,23,-82,332,-151,17,-332,105,-59,-62
4271,5,5,-62,-68,-161,30,-95,125,-102,50,-120,12
4272,9,9,-93,-137,-65,-20,-5,31,-166,11,-65,156
4273,1,1,-105,192,-109,-221,91,-71,-119,-22,-99,-59
4274,2,2,-54,82,268,39,-358,-342,-297,97,14,-192
4275,2,2,-106,87,348,-20,-174,-336,-336,83,26,-225
4276,3,3,-221,-58,-188,299,-175,114,-225,1,-82,30
4277,3,3,-99,48,-16,193,-198,-3,-226,53,-154,-86
4278,0,0,241,-124,-152,-103,-234,-2,-77,46,-171,-76
4279,2,2,-142,51,308,43,-117,-198,-241,118,-66,-250
4280,9,9,-198,22,-101,-126,141,-111,-330,42,-75,195
4281,0,0,191,-91,-56,-173,-76,-117,-48,-41,-196,-76
4282,0,0,183,-179,-151,-186,-195,1,-71,83,-87,-58
4283,9,9,-36,-177,-96,-44,-29,-40,-135,77,-49,149
4284,9,5,-178,-44,-120,0,-18,103,-190,52,-154,89
4285,6,6,-10,-149,-277,-88,-3,145,276,-223,-138,-228
4286,0,0,202,-121,-66,-47,-142,-49,-76,-20,-184,7
4287,9,9,15,-174,-115,-91,27,-12,-116,-6,-110,178
4288,3,3,-364,-4,-125,421,-240,-29,-452,102,-75,18
4289,2,7,17,-82,38,-45,-37,-196,-218,139,14,-9
4290,8,8,-105,-106,-48,26,-208,33,-58,-83,240,-24
4291,4,4,-70,-101,-57,-72,159,-32,-100,51,-170,-3
4292,1,1,-39,242,-91,-265,59,-88,-86,-57,-92,-146
4293,9,9,-74,-155,-84,-65,70,-30,-114,6,-89,174
4294,9,7,-88,-151,-175,-38,-31,11,-248,218,-162,88
4295,7,7,-178,57,24,9,-133,-159,-409,273,-125,-5
4296,2,2,28,-9,302,-110,-90,-164,-45,-96,-121,-281
4297,7,7,-115,104,-53,-67,-128,-234,-402,215,-34,13
4298,9,9,-179,-118,-79,-16,-15,58,-268,59,-143,197
4299,9,9,-19,-23,-143,-150,18,-114,-205,65,-86,81
4300,5,5,-4,-166,-365,-61,-133,239,119,-113,-69,-30
4301,9,9,-20,-170,-129,-108,-4,33,-79,37,-101,115
4302,5,5,-131,-56,-299,40,-109,230,-48,-20,-93,-25
4303,1,1,-79,278,-95,-334,64,-128,-102,-35,-95,-189
4304,1,1,-103,204,-101,-221,84,-66,-108,-24,-108,-86
4305,8,8,-12,-202,-17,15,-215,-137,-90,-26,298,-25
4306,3,3,-186,-57,-162,145,-104,9,-288,133,-7,67
4307,5,5,-126,-157,-287,-59,-149,328,-50,-70,-62,49
4308,1,1,-61,238,-129,-258,24,-88,-59,-54,-57,-165
4309,9,9,-73,-96,-108,-101,36,-17,-230,27,-102,170
4310,5,5,-69,-93,-390,-115,-149,284,-11,31,3,-78
4311,3,3,-284,89,-169,239,-130,124,-222,23,-156,-50
4312,5,5,-95,-95,-361,-32,-94,266,-15,-67,-50,23
4313,4,4,-205,81,-118,-165,146,-69,-224,123,-97,6
4314,9,9,-85,-51,-84,-37,32,-105,-240,100,-11,104
4315,5,5,-222,-73,-261,99,-183,278,-13,-112,-40,-21
4316,9,9,-78,-83,-70,-9,20,-39,-193,21,-33,146
4317,3,3,-113,-38,-118,110,-145,22,-299,101,-148,73
4318,1,1,-64,224,-71,-240,73,-121,-88,-13,-92,-167
4319,9,9,-158,-129,-42,-35,102,-46,-262,8,-60,216
4320,0,0,245,-212,8,-160,-43,-235,-57,-73,-135,-22
4321,9,9,-94,-223,-161,62,17,-8,-251,-16,-44,231
4322,7,7,-156,-12,9,-48,-65,-193,-375,330,-170,21
4323,5,5,-110,-39,-143,24,-99,184,-59,-43,-23,-3
4324,4,4,-221,89,-72,-184,273,-108,-232,33,-127,-82
4325,9,9,-201,71,-91,-164,86,-76,-333,95,-146,138
4326,2,2,28,-15,242,-88,-36,-262,-132,56,-142,-239
4327,0,0,178,-93,-95,-65,-237,18,-185,80,-219,-4
4328,1,1,-60,282,-104,-284,77,-82,-106,-68,-97,-170
4329,0,0,179,-163,-95,-97,-80,-32,-47,11,-188,24
4330,5,5,-106,-12,-210,-16,-158,240,-33,-116,-65,31
4331,1,1,-118,172,-83,-154,70,-86,-150,-6,-45,-24
4332,4,4,-99,78,-141,-283,262,-68,-106,-23,-159,-106
4333,9,9,-130,-55,-103,-131,44,23,-269,61,-193,150
4334,3,3,-312,44,-110,338,-186,5,-379,116,-202,-28
4335,3,3,-232,-21,-68,218,-106,-35,-318,62,-37,54
4336,6,6,43,-104,-217,-124,-2,63,235,-197,-113,-166
4337,1,1,-99,230,-124,-185,62,-41,-103,-73,-63,-116
4338,5,5,-181,-42,-233,66,-126,257,-167,45,-240,45
4339,2,2,-81,83,234,54,-289,-287,-321,140,-43,-137
4340,5,5,-107,-58,-220,7,-128,249,-74,-12,-165,36
4341,2,2,-37,32,204,-62,-24,-210,-195,143,-125,-209
4342,2,2,-87,25,273,0,-204,-185,-217,124,-33,-178
4343,0,0,153,-108,-190,-98,-208,68,50,-66,-35,-115
4344,9,9,-22,-87,25,-4,-17,2,-60,-7,-17,37
4345,2,2,3,38,304,-84,-53,-262,-158,-12,-75,-257
4346,6,6,7,-77,-114,-159,-29,75,240,-223,-76,-218
4347,6,6,25,-128,-169,-168,10,51,297,-276,-49,-216
4348,0,0,241,-80,-42,-237,-178,-100,-50,3,-151,-142
4349,1,1,-84,203,-210,-229,99,-15,-78,-113,-122,-108
4350,2,2,-106,45,201,62,-224,-202,-207,70,61,-172
4351,0,0,219,-128,-173,-122,-260,69,-2,6,-126,-101
4352,3,3,-256,-82,-143,341,-150,-3,-356,7,-17,99
4353,0,0,182,-33,-33,-171,-189,-21,-77,64,-182,-118
4354,2,2,-87,115,267,24,-215,-292,-294,167,-122,-221
4355,5,5,-80,-103,-194,-10,-121,205,-41,12,-77,-16
4356,5,5,-159,-103,-262,-9,-65,258,-52,-32,-86,18
4357,7,7,-150,-14,-59,-21,-60,-102,-281,268,-149,18
4358,9,9,-86,-127,-55,15,28,-90,-285,43,-71,167
4359,5,5,-25,-40,-137,-33,-175,146,-112,38,-90,4
4360,5,5,-155,-12,-261,73,-83,170,-180,7,-155,-22
4361,0,0,171,-61,-80,-156,-178,14,-34,44,-167,-116
4362,8,8,-90,-136,-54,29,-142,-18,-88,-103,267,20
4363,9,5,-167,-174,-174,-22,-29,199,-73,-99,-59,177
4364,5,5,-112,-105,-290,4,-77,243,-55,17,-46,-19
4365,0,0,211,-148,-11,-94,-125,-99,-148,12,-197,-13
4366,3,3,-283,-33,-123,384,-206,2,-342,54,-61,7
4367,2,2,-13,135,282,-76,-100,-236,-167,2,-142,-274
4368,5,5,-110,-43,-208,40,-74,154,-68,47,-112,8
4369,9,9,-107,-20,-90,-57,74,-70,-201,32,-49,117
4370,0,0,174,-8,-46,-219,-138,-88,-21,-27,-137,-145
4371,8,8,-95,-31,-150,-78,-76,-73,-207,-105,223,95
4372,8,8,-86,-130,50,125,-213,-154,-207,-24,249,0
4373,4,4,-100,33,-1,-249,266,-114,-149,-11,-169,-88
4374,5,5,18,-117,-162,-5,-163,144,-33,-17,-157,26
4375,8,8,-26,-42,-91,-149,-92,37,31,-129,139,-71
4376,8,3,-133,20,75,113,-142,-123,-190,83,78,-94
4377,4,4,-188,49,-218,-209,252,-40,-127,32,-93,-88
4378,5,5,-123,-60,-210,56,-212,278,-78,-89,-67,3
4379,4,4,-134,-1,-17,-246,295,-102,-222,-8,-177,14
4380,8,5,-112,-84,-136,3,-125,167,16,-94,72,-26
4381,5,5,-131,-117,-288,41,-194,339,-61,-95,-103,28
4382,4,4,-174,46,-79,-233,247,-82,-220,52,-136,28
4383,9,9,-36,-149,-73,-44,0,13,-129,29,-58,131
4384,2,2,-50,143,235,-80,-61,-259,-182,33,-81,-275
4385,2,2,-84,78,314,58,-327,-336,-317,140,-37,-213
4386,1,1,-44,264,-172,-311,44,-56,-87,-83,-89,-152
4387,2,2,-69,107,277,-9,-161,-233,-182,44,-93,-238
4388,6,6,30,-200,-190,-124,-78,118,253,-130,-110,-166
4389,8,8,-45,15,-50,-108,-103,1,-36,-108,135,-42
4390,8,8,-32,-184,-55,58,-245,-132,-185,-3,300,18
4391,7,7,-58,-38,-149,-141,-72,-36,-172,248,-133,-5
4392,0,0,295,-212,-63,-136,-195,-112,-73,20,-242,12
4393,3,3,-84,25,-95,149,-176,96,-149,5,-216,-107
4394,6,6,0,-192,-181,-141,-28,72,293,-168,-117,-154
4395,6,6,15,-198,-289,-120,19,53,253,-99,-83,-182
4396,4,4,-101,29,-184,-230,241,-124,-120,-39,-75,-44
4397,3,3,-311,91,-67,287,-142,2,-238,144,-192,-209
4398,8,8,-116,-107,16,76,-194,-125,-256,49,226,35
4399,8,8,83,-236,-125,45,-158,-93,-27,-34,131,4
4400,7,1,-161,113,-46,-35,-29,-57,-197,103,-46,-14
4401,2,2,-43,46,248,-14,-151,-220,-268,152,-135,-173
4402,2,2,-73,81,325,-38,-287,-237,-275,128,-88,-184
4403,0,0,149,-108,-80,-122,-113,2,-71,-13,-180,58
4404,0,0,238,-120,-107,-119,-232,14,-34,15,-155,-78
4405,9,4,-202,7,-68,-40,113,-67,-251,43,-11,108
4406,3,3,-293,61,-77,420,-307,-75,-466,86,-127,-26
4407,9,9,-61,-173,-113,5,4,-32,-196,2,9,195
4408,9,9,1,-116,-105,-76,-4,-50,-117,91,-110,96
4409,1,1,-49,272,-82,-333,106,-151,-112,-33,-136,-195
4410,9,9,-81,-161,-58,7,22,-119,-235,56,38,165
4411,8,8,-78,-156,-35,28,-142,-21,-130,-52,261,56
4412,6,6,10,-89,-221,-148,37,87,241,-203,-126,-170
4413,6,6,10,-1,-262,-201,58,47,199,-219,-107,-204
4414,4,4,-155,26,-151,-256,275,-46,-141,26,-145,-54
4415,2,2,80,-157,178,20,-57,-231,-219,21,-100,-41
4416,6,6,38,-148,-198,-106,-54,58,229,-152,-27,-113
4417,9,9,-164,-169,-102,10,4,6,-305,-33,-23,280
4418,2,2,0,24,380,-37,-236,-234,-260,100,-182,-241
4419,8,7,-136,34,-168,-6,38,9,-42,53,27,-166
4420,5,5,-130,-82,-294,33,-232,321,-104,51,-166,-17
4421,4,4,-38,-116,-150,-186,172,16,-44,31,-227,-10
4422,5,5,-181,-117,-236,74,-158,289,-143,32,-178,40
4423,7,7,-239,21,-9,48,-55,-148,-364,317,-108,-59
4424,9,4,-145,-36,-56,-90,127,-86,-264,78,-44,127
4425,9,9,-185,-61,-101,-169,179,-33,-269,-32,-97,219
4426,9,9,-98,-74,-137,-70,47,-16,-196,-20,-34,193
4427,2,2,-90,33,168,93,-354,-258,-322,119,37,-89
4428,1,1,-28,214,-107,-246,56,-68,-58,-55,-93,-151
4429,8,5,-25,-147,-146,-92,-270,195,30,-84,102,-46
4430,3,3,-285,24,-104,351,-186,4,-302,78,-98,-40
4431,4,4,-275,120,-136,-164,295,-118,-256,24,-120,-61
4432,0,0,156,-17,-39,-143,-109,-39,-62,1,-152,-91
4433,7,7,-194,30,97,43,2,-164,-250,245,-164,-122
4434,8,8,-106,-95,-20,122,-211,-31,-112,-24,188,-12
4435,3,3,-266,18,-41,238,-181,-64,-355,121,-34,16
4436,9,9,-196,-95,-58,-13,85,-42,-282,-2,-25,226
4437,3,3,-88,67,48,110,-167,-69,-267,96,-162,-78
4438,4,4,-68,-179,-143,-12,130,-32,28,-14,-141,-83
4439,6,6,34,-128,-201,-149,35,21,155,-78,-105,-84
4440,5,5,-184,-72,-219,93,-202,273,-201,28,-125,56
4441,6,6,-26,-121,-313,-142,26,57,171,17,-186,-161
4442,2,2,-60,97,256,35,-121,-248,-214,68,-142,-251
4443,3,3,-105,61,-10,85,-127,-36,-215,72,-102,-25
4444,9,9,-58,-162,-62,-37,71,-49,-130,-30,-18,178
4445,2,2,-77,42,242,2,-117,-94,-124,35,-102,-214
4446,6,6,9,-147,-133,-104,-62,70,255,-167,-79,-165
4447,0,0,229,-130,-42,-138,-174,-48,-65,10,-179,-77
4448,0,0,168,-121,-46,-170,-87,-72,-144,45,-211,28
4449,6,6,44,-158,-204,-142,-66,63,207,-134,23,-125
4450,1,1,-68,219,-92,-222,68,-65,-98,-50,-67,-101
4451,2,2,-32,64,133,11,-189,-173,-162,55,-12,-97
4452,8,8,-91,-35,-17,-35,-48,-29,-74,-44,177,-28
4453,7,7,-122,55,-38,-12,-90,-121,-317,183,-85,30
4454,9,9,-90,-98,-17,-11,7,-80,-245,41,-34,144
4455,8,8,48,-228,-89,1,-104,-116,-41,-65,184,9
4456,2,2,-39,30,314,79,-359,-367,-330,132,-21,-186
4457,0,0,256,-200,-31,-152,-227,-74,-73,30,-121,-72
4458,4,4,-240,23,-113,-137,277,-81,-206,53,-100,-69
4459,7,7,-218,25,69,27,-158,-228,-524,365,-186,1
4460,7,7,-178,14,88,22,-205,-136,-423,273,-152,-14
4461,5,5,-90,-65,-189,-2,-147,225,-92,-8,-62,28
4462,0,0,289,-201,-157,-110,-215,-14,-20,-16,-198,-22
4463,5,5,-146,-114,-129,2,-143,261,-14,-66,-92,6
4464,6,6,7,-175,-244,-131,-30,60,264,-125,-81,-134
4465,4,4,-64,-29,62,-117,179,-81,-124,29,-159,-80
4466,6,6,-17,-78,-257,-100,-28,99,246,-216,-73,-231
4467,7,7,-151,66,-146,-154,43,-84,-293,213,-109,5
4468,4,4,-115,103,-180,-278,291,-106,-117,44,-179,-259
4469,3,3,-193,27,-25,226,-201,-40,-339,77,-116,-2
4470,0,0,225,-128,-126,-150,-218,18,-42,-10,-120,-99
4471,7,7,-184,-19,45,41,-165,-218,-506,355,-153,1
4472,5,5,-122,-97,-211,-10,-154,264,-16,-100,6,4
4473,0,0,169,-32,-48,-172,-181,6,-52,34,-163,-130
4474,7,7,-228,64,90,42,-195,-233,-528,370,-197,-41
4475,4,4,-165,5,-101,-203,255,-48,-84,-59,-88,-48
4476,2,2,-42,84,300,-43,-172,-263,-201,85,-104,-232
4477,0,0,139,18,-112,-208,-117,18,62,-103,-159,-172
4478,8,8,-66,-105,-80,43,-119,-13,-14,-132,206,-41
4479,9,7,-214,44,-70,-75,20,-51,-327,131,-89,92
4480,9,9,-132,-162,-130,-64,-25,51,-236,70,-2,168
4481,4,4,-113,95,-26,-182,205,-149,-163,37,-145,-101
4482,2,2,48,-45,285,13,-206,-168,-288,70,-153,-136
4483,4,4,-169,102,-119,-215,222,-101,-205,37,-78,-37
4484,6,6,67,-182,-230,-140,-21,108,279,-208,-158,-166
4485,7,7,-116,-32,-97,-52,-10,-167,-335,315,-87,-21
4486,8,8,22,-83,-148,-113,-89,-2,15,-81,105,-43
4487,7,7,-160,-40,153,56,-307,-232,-466,284,12,-77
4488,6,6,-20,-129,-121,-137,-63,113,210,-187,-20,-108
4489,9,9,-174,-119,-100,108,34,-54,-306,12,-23,161
4490,4,4,-107,-46,-84,-265,311,-95,-143,-35,-149,6
4491,1,1,-104,197,-72,-123,52,-61,-125,-53,-17,-78
4492,3,3,-212,26,-61,244,-213,9,-278,58,-38,-24
4493,7,7,-131,16,26,14,-125,-177,-400,245,-107,25
4494,3,3,-154,-24,-34,176,-114,21,-227,84,-213,-93
4495,0,0,256,-68,-34,-243,-137,-178,-63,-43,-166,-153
4496,8,8,-70,-77,-42,39,-110,-54,-128,-42,183,49
4497,8,7,-111,-66,-26,84,-126,-57,-192,117,73,18
4498,7,7,-159,56,73,-80,18,-183,-238,243,-81,-202
4499,6,6,79,-209,-266,-128,-75,50,299,-212,-22,-151
4500,9,9,-144,63,-84,-67,24,-22,-196,-10,-7,104
4501,3,3,-239,-4,-29,329,-148,13,-309,77,-213,-85
4502,9,9,-168,-69,-83,-76,102,-65,-294,34,-30,209
4503,2,2,-75,78,211,84,-338,-246,-258,76,-16,-141
4504,2,2,-69,131,177,-21,-120,-142,-252,125,-162,-172
4505,9,7,-212,-76,-172,75,6,82,-216,97,-151,51
4506,2,2,29,-49,253,-26,-105,-261,-306,156,-176,-137
4507,1,1,-114,163,15,-99,-28,-218,-301,86,-72,-42
4508,8,8,-119,-94,25,94,-232,-51,-233,40,157,32
4509,3,3,-242,5,-15,239,-204,-64,-323,64,-3,18
4510,2,2,-65,69,301,-52,-265,-169,-282,124,-105,-176
4511,9,9,-209,-157,-112,141,46,-27,-270,8,-19,195
4512,6,6,12,-55,-113,-210,16,49,264,-271,-69,-258
4513,8,8,-76,-114,-98,-135,-221,122,-19,-97,165,24
4514,4,4,-133,51,-162,-193,222,-109,-197,35,-119,-30
4515,0,0,156,-177,-97,-110,-175,-80,-142,123,-114,-23
4516,1,1,-74,227,-149,-213,78,-48,-69,-69,-85,-140
4517,2,2,-15,60,378,-39,-112,-222,-246,61,-199,-299
4518,8,8,-102,-130,21,107,-224,-69,-121,-20,251,-47
4519,4,4,-157,62,-178,-268,273,-77,-199,32,-116,-44
4520,5,5,-159,-169,-305,-38,-141,312,-137,-71,-19,113
4521,2,2,-95,157,210,17,-176,-180,-361,150,-213,-159
4522,7,7,-212,13,-34,23,-85,-146,-383,251,-88,62
4523,8,8,-87,47,-111,-34,-103,-86,-216,4,114,5
4524,1,1,-60,293,-145,-311,63,-106,-128,-55,-133,-164
4525,1,1,-122,239,-137,-264,100,-67,-137,-59,-85,-64
4526,3,3,-197,-25,-53,260,-195,-47,-341,37,-43,66
4527,0,0,175,-137,-63,-137,-193,-29,-57,35,-97,-34
4528,3,3,-222,2,-229,350,-281,147,-256,-19,-75,-49
4529,5,5,-120,-101,-259,-9,-131,285,-36,-55,-54,5
4530,7,7,-114,-2,-38,-20,-73,-52,-193,204,-105,-4
4531,0,0,173,-75,-92,-93,-184,3,-60,51,-138,-65
4532,3,3,-349,72,-125,320,-165,39,-365,124,-145,-42
4533,1,1,-76,172,-96,-190,76,-55,-81,-36,-66,-76
4534,9,9,-88,-197,-93,15,9,-111,-253,77,7,225
4535,3,3,-292,-95,-172,385,-226,41,-408,52,-44,80
4536,6,5,7,-154,-250,-75,-238,226,72,-69,-51,-49
4537,3,3,-279,41,-99,391,-258,-143,-451,82,-87,25
4538,1,1,-188,231,-93,-133,61,-95,-231,-12,-51,-42
4539,7,7,-163,1,-59,-43,-15,-195,-360,308,-76,24
4540,7,7,-115,-51,51,-11,-145,-253,-416,257,14,15
4541,3,3,-405,-70,-178,438,-226,46,-455,104,-44,32
4542,0,0,263,-194,-75,-129,-163,-67,-13,-70,-135,-38
4543,8,3,-229,-7,16,165,-236,-61,-231,55,153,-45
4544,4,4,-142,61,-148,-299,318,-86,-113,-29,-183,-106
4545,8,8,-74,-77,0,39,-134,-128,-179,7,193,39
4546,2,2,-54,16,266,18,-262,-233,-196,66,12,-145
4547,6,6,59,-133,-7,-204,15,-12,185,-156,-51,-175
4548,5,5,-83,41,-170,-6,-81,146,14,-9,-112,-195
4549,2,2,-44,123,332,-132,-180,-252,-258,155,-153,-258
4550,9,9,-154,-138,-38,-53,72,-61,-308,70,-41,212
4551,7,7,-114,90,-192,-218,63,6,-105,132,-90,-127
4552,3,3,-201,-83,-162,323,-148,25,-315,68,-113,14
4553,9,9,-146,-203,-67,44,5,-40,-321,78,-44,209
4554,0,0,260,-231,-53,-114,-112,-101,-99,36,-286,25
4555,9,9,-212,-104,-114,-24,102,13,-282,-14,-30,214
4556,9,9,-130,-25,-94,-91,67,-12,-197,-10,-16,169
4557,6,6,45,-158,-247,-154,-13,51,294,-209,-69,-210
4558,4,4,-67,-75,-167,-232,232,-122,-27,-30,-134,-52
4559,2,2,-15,43,406,-33,-209,-340,-321,128,-142,-266
4560,9,9,-67,-173,-69,-6,-22,-22,-89,-8,-25,176
4561,7,7,-51,-41,-61,-74,-25,-73,-207,188,-82,28
4562,2,2,34,-69,355,-64,-190,-280,-320,141,-117,-164
4563,1,1,-69,236,-3,-244,55,-199,-190,51,-167,-148
4564,1,1,-69,281,-201,-296,77,-68,-66,-89,-121,-199
4565,6,6,-24,-52,-178,-126,0,79,224,-223,-57,-206
4566,7,7,-194,42,44,35,-8,-172,-268,261,-106,-94
4567,4,4,-126,-1,-43,-139,177,-67,-188,36,-125,45
4568,7,7,-97,-31,16,-1,-83,-122,-310,215,-117,20
4569,5,5,-111,-61,-201,49,-199,231,-31,-87,-83,-12
4570,9,9,-63,-210,-183,-53,89,-70,-100,-7,21,140
4571,6,0,134,-252,-76,10,-198,-78,112,-116,39,-43
4572,8,8,-19,-209,61,-55,17,-137,-107,-133,218,-7
4573,2,2,-46,30,237,15,-183,-237,-313,189,-131,-153
4574,1,1,-37,258,-133,-281,42,-20,-57,-128,-105,-198
4575,4,4,40,29,26,-228,126,-126,-149,46,-211,-60
4576,4,4,-171,61,-73,-236,300,-116,-237,11,-120,-46
4577,5,5,-97,36,-252,-127,-43,157,-42,28,-61,-76
4578,7,7,-79,51,-59,-118,-65,-53,-230,167,-98,7
4579,6,6,-17,-132,-89,-163,-34,74,240,-226,19,-146
4580,1,1,-106,306,-150,-267,56,-159,-182,13,-125,-168
4581,3,3,-333,10,-133,482,-247,-51,-372,87,-107,-72
4582,2,2,-20,53,222,-108,-57,-164,-98,-39,-4,-180
4583,5,5,-87,39,-258,-175,-44,192,-47,-46,-55,-41
4584,9,9,-38,-162,-48,-35,49,-129,-189,56,-46,159
4585,9,9,-75,-179,-56,-53,92,2,-51,-81,-74,158
4586,3,3,-162,-30,-64,219,-143,-11,-316,47,-94,45
4587,6,6,-14,-164,-207,-139,-48,95,336,-263,-65,-217
4588,1,1,-142,231,-82,-164,58,-84,-178,-30,-48,-63
4589,1,1,-66,263,-84,-311,95,-164,-123,-18,-111,-175
4590,4,4,-138,71,-134,-251,273,-69,-144,-7,-163,-83
4591,6,6,-53,-192,-220,-78,42,85,336,-260,-118,-264
4592,9,9,-110,-197,-19,-66,150,-117,-304,54,-101,235
4593,7,7,-135,32,31,8,-166,-131,-364,266,-197,-10
4594,2,2,-85,48,210,29,-203,-195,-346,196,-119,-116
4595,1,1,-130,218,-126,-159,47,-114,-185,-44,-30,-45
4596,5,5,-156,-102,-185,-7,-230,288,-103,-83,-72,74
4597,1,1,-83,229,-80,-253,80,-143,-149,12,-123,-107
4598,4,4,-146,27,-51,-208,235,-83,-199,-6,-129,22
4599,6,6,0,-73,-123,-122,13,43,226,-239,-50,-197
4600,3,3,-328,-52,-91,465,-272,-59,-489,93,-88,21
4601,8,7,-193,22,-115,69,85,-119,-193,109,77,-157
4602,1,1,-75,303,-89,-359,105,-152,-130,-34,-154,-198
4603,1,1,-157,221,-111,-219,100,-98,-207,-19,-93,-17
4604,0,0,175,-236,-141,-106,-31,-27,57,-47,-170,-64
4605,3,3,-224,-15,-91,306,-218,-39,-321,38,-32,-1
4606,1,1,-98,280,-87,-270,78,-170,-147,5,-109,-171
4607,6,6,54,-5,-190,-225,13,15,209,-217,-80,-246
4608,8,8,-6,-175,-80,26,-87,-50,45,-147,190,-102
4609,4,4,-126,96,-211,-227,213,-73,-107,51,-89,-180
4610,9,9,-131,-111,-93,-31,35,-73,-288,81,11,179
4611,0,0,282,-199,-81,-124,-161,-55,-6,-49,-179,-33
4612,7,7,-165,-4,-71,-32,-36,-119,-320,261,-103,53
4613,3,3,-316,53,-53,353,-191,-79,-411,150,-192,-73
4614,0,0,188,-167,-147,-82,-85,11,9,-32,-160,-41
4615,2,2,52,-36,256,-157,83,-206,-36,-81,-160,-318
4616,9,9,-121,-123,-49,16,34,-42,-206,60,-52,155
4617,0,0,189,-129,-91,-134,-102,-9,-24,-3,-220,1
4618,6,6,47,-176,-150,-128,-65,26,272,-195,-15,-132
4619,6,6,65,-164,-233,-169,-140,118,186,-190,48,-86
4620,6,6,106,9,-14,-246,-5,-16,134,-228,-149,-253
4621,3,3,-387,71,-96,465,-214,-56,-399,161,-185,-128
4622,6,6,18,-162,-149,-96,-84,87,201,-103,-54,-157
4623,7,7,-127,-26,-61,-71,-53,-112,-277,305,-157,7
4624,7,7,-144,19,63,8,-138,-154,-390,255,-161,-2
4625,2,2,-82,73,217,58,-259,-261,-334,154,-51,-128
4626,8,8,-46,-127,57,35,-105,-127,-105,-67,189,-20
4627,6,6,63,-114,-260,-200,-36,121,234,-203,-182,-117
4628,0,0,210,-100,-91,-120,-202,-42,-63,64,-163,-70
4629,8,8,-65,-161,28,55,-162,-42,-146,-13,220,27
4630,3,3,-168,47,-59,162,-82,19,-121,48,-73,-76
4631,0,0,306,-249,-55,-127,-192,-93,-48,-62,-155,-10
4632,2,2,-8,8,261,-7,-129,-266,-130,8,-88,-252
4633,9,9,-90,-82,-65,-99,33,-10,-179,89,-78,116
4634,8,8,-160,4,-143,-11,16,-14,-167,-58,174,27
4635,3,3,-106,29,-88,199,-237,91,-223,26,-174,-70
4636,2,2,-79,111,372,-47,-165,-287,-231,56,-56,-297
4637,5,5,-139,-76,-150,17,-209,264,-130,-31,-53,31
4638,3,3,-302,47,-143,365,-191,36,-301,104,-171,-104
4639,8,9,-82,-78,-12,38,-123,-6,-231,34,40,83
4640,8,8,-63,-30,16,23,-227,-38,-175,-24,119,10
4641,0,0,178,-119,-127,-45,-160,16,-4,-36,-99,-34
4642,0,0,151,-58,-79,-119,-174,14,-24,16,-102,-80
4643,1,1,-168,229,-173,-164,75,-51,-209,-71,-76,-41
4644,9,9,-68,-113,-141,-55,24,-46,-215,29,-21,187
4645,5,5,-89,-118,-210,-51,-270,317,-106,-80,-25,38
4646,1,1,-46,154,-74,-179,39,-53,-75,-16,-65,-72
4647,3,3,-332,10,-107,290,-167,12,-360,131,-98,5
4648,9,9,-147,-95,-105,-15,70,-68,-283,75,-20,179
4649,6,6,16,-111,-208,-161,9,70,290,-262,-79,-207
4650,0,0,222,-127,-67,-121,-145,-32,-30,-38,-207,9
4651,1,1,-127,233,-134,-265,114,-78,-142,-37,-106,-71
4652,4,4,-82,27,-7,-221,236,-86,-127,22,-138,-133
4653,1,1,-88,223,-98,-233,65,-97,-129,-8,-124,-101
4654,7,7,-107,-66,-22,-58,30,-149,-213,295,-159,-41
4655,1,1,-72,198,-124,-214,90,-33,-68,-86,-56,-96
4656,2,2,-109,61,347,-30,-109,-163,-165,71,-75,-332
4657,3,3,-194,-8,60,326,-331,-165,-352,59,22,-56
4658,7,7,-123,0,114,-24,-55,-197,-255,270,-91,-136
4659,9,9,-156,-127,-66,-23,68,-6,-241,83,-109,168
4660,7,7,-254,12,21,67,-14,-127,-344,230,-142,9
4661,4,4,-142,44,-102,-243,304,-73,-127,-33,-130,-128
4662,9,9,-235,-69,-140,-97,160,-15,-318,78,-118,184
4663,9,9,-116,-133,-59,-11,64,-65,-257,37,-25,177
4664,3,3,-335,46,-110,318,-134,-41,-343,85,-76,-7
4665,9,9,-168,-54,-53,-9,49,-40,-248,1,19,167
4666,2,2,-120,72,181,118,-273,-218,-308,124,-23,-137
4667,8,8,-112,-192,16,69,-179,-67,-176,-58,332,-10
4668,2,2,-5,92,179,-134,42,-178,-173,25,-147,-179
4669,7,7,-105,3,-86,-117,-18,-84,-268,268,-119,0
4670,1,1,-67,272,-101,-322,98,-134,-132,-24,-130,-162
4671,8,3,-122,-120,-81,224,-244,8,-222,-7,49,20
4672,0,0,215,-16,-52,-267,-150,-87,-38,-15,-209,-176
4673,9,9,-131,-183,-62,-10,28,-105,-228,68,40,185
4674,1,1,-70,247,-59,-219,60,-112,-74,-35,-125,-206
4675,0,0,164,-86,-83,-142,-201,-2,-97,72,-138,-68
4676,1,1,-84,165,-83,-175,56,-59,-94,-8,-78,-62
4677,7,7,-157,89,92,3,-197,-261,-491,336,-147,-81
4678,7,7,-151,25,24,-17,-129,-166,-377,323,-158,-36
4679,9,9,-99,-153,-133,-18,-19,45,-215,100,-107,149
4680,6,6,46,-220,-160,-154,-55,55,336,-231,-56,-198
4681,9,9,-8,-187,-78,-86,65,-54,-123,40,-127,147
4682,9,9,-169,-96,-54,27,-10,-25,-279,56,11,167
4683,9,9,-124,-147,-73,11,49,-43,-217,53,-31,173
4684,2,2,17,-16,258,-72,-152,-201,-145,64,-58,-170
4685,1,1,-150,215,-109,-222,104,-60,-158,-47,-62,-36
4686,6,6,57,-169,-291,-110,-63,27,253,-151,-22,-127
4687,1,1,-61,218,-111,-241,54,-80,-101,-13,-98,-126
4688,3,3,-312,25,-173,393,-171,7,-316,71,-89,-43
4689,5,5,-125,-80,-217,-27,-153,281,60,-141,-99,-69
4690,7,7,-39,29,83,-39,-79,-81,-309,160,-214,-20
4691,1,1,-31,313,-99,-398,112,-156,-100,-66,-160,-244
4692,9,9,-61,-108,-66,-30,-43,37,-202,68,-156,101
4693,7,7,-63,-28,-106,-120,-74,-41,-161,240,-156,-5
4694,6,6,17,-160,-268,-124,-37,96,282,-258,-48,-149
4695,4,4,-223,55,-210,-237,317,-97,-262,33,-109,15
4696,5,5,-76,29,-146,25,-165,154,-122,58,-187,-29
4697,7,7,-162,-10,77,8,-176,-183,-464,345,-218,-15
4698,6,6,59,-200,-289,-157,31,67,294,-243,-127,-126
4699,6,1,15,82,-101,-169,-25,1,81,-123,-34,-166
4700,9,9,-138,-112,-62,-37,30,-68,-298,68,8,199
4701,9,9,-147,-126,-30,18,14,-88,-301,95,0,176
4702,6,6,22,-161,-91,-126,-106,68,160,-170,26,-11
4703,3,3,-270,80,-122,287,-146,48,-230,73,-149,-122
4704,6,6,13,-125,-238,-156,16,105,245,-200,-127,-169
4705,2,2,-51,34,346,-3,-262,-259,-184,52,-38,-235
4706,9,9,-56,-194,-105,-79,94,-94,-196,38,-47,189
4707,8,8,-114,-106,-18,56,-91,-108,-204,-44,208,88
4708,1,1,-76,281,-134,-289,91,-88,-104,-62,-119,-170
4709,2,2,22,49,357,-3,-191,-367,-219,43,-121,-288
4710,2,2,-145,42,308,204,-433,-317,-391,88,46,-189
4711,5,5,-127,-17,-129,-56,-178,222,-125,-38,-26,32
4712,5,5,-120,-174,-196,-53,-79,212,-118,-58,-31,132
4713,2,2,-92,58,247,125,-200,-223,-162,30,-135,-309
4714,3,3,-215,11,-77,312,-211,-39,-387,85,-176,-4
4715,7,7,-151,36,51,-7,-153,-140,-416,279,-176,-2
4716,2,2,-140,20,257,20,-161,-218,-229,21,98,-121
4717,1,1,-89,277,-136,-300,85,-136,-119,-30,-95,-167
4718,0,0,203,-112,-99,-155,-231,-25,-45,47,-110,-90
4719,1,1,-43,153,-81,-183,63,-78,-68,-15,-69,-90
4720,0,0,181,-41,24,-126,-184,-67,-176,101,-194,-112
4721,4,4,-99,6,-34,-156,194,-21,-76,-51,-99,-51
4722,5,5,-58,-53,-113,38,-98,143,-38,7,-80,-46
4723,2,2,-124,29,185,137,-281,-136,-369,106,-70,-85
4724,8,0,144,-312,-1,7,-84,-131,-43,-124,122,-6
4725,2,2,-70,96,309,-58,-187,-203,-258,138,-128,-226
4726,8,8,-62,20,-99,-65,-141,2,-109,-87,147,11
4727,3,3,-343,15,-63,341,-215,-41,-379,117,-37,-10
4728,5,5,-146,-86,-186,60,-123,243,-45,-6,-103,-57
4729,1,1,-127,243,-159,-243,109,-72,-145,-75,-52,-70
4730,7,7,-190,16,-25,-4,-76,-133,-334,296,-171,-2
4731,8,8,-78,-27,9,21,-236,-51,-220,43,68,19
4732,1,1,-97,322,-124,-297,60,-184,-172,0,-115,-180
4733,1,1,-58,252,-147,-367,65,-80,-51,-59,-93,-196
4734,2,2,-56,48,249,42,-214,-276,-231,36,33,-183
4735,9,9,-171,-50,-88,-82,68,7,-255,43,-122,172
4736,7,7,-136,37,164,-32,-89,-241,-417,340,-182,-127
4737,8,8,-85,-127,-54,-68,-141,76,92,-125,166,-56
4738,4,4,-153,64,-88,-228,258,-43,-94,-30,-186,-136
4739,0,0,150,-142,71,-139,27,-126,-15,-65,-146,-57
4740,3,7,-144,66,-69,-31,-53,44,-206,125,-253,-67
4741,0,0,224,-136,-169,-83,-162,-17,23,-43,-156,-50
4742,7,7,-172,-24,18,16,-30,-104,-251,253,-147,-18
4743,8,5,11,-117,-104,63,-226,71,-47,16,27,-70
4744,8,8,-49,-63,43,29,-213,-98,-125,-35,184,-11
4745,4,4,-198,57,22,-141,239,-95,-235,-27,-153,-27
4746,7,7,-164,114,-186,-268,45,-80,-264,316,-208,-152
4747,7,7,-158,-76,-115,4,-59,-99,-346,305,-114,56
4748,8,8,-85,-180,29,56,-265,-86,-227,78,247,24
4749,5,5,-133,-46,-160,-56,-121,246,-50,-92,-56,50
4750,8,8,-135,-120,43,179,-259,-137,-196,-15,242,-47
4751,4,4,33,-31,-42,-175,104,-53,77,-128,-113,-116
4752,9,9,-84,-80,-109,-74,53,-14,-192,20,-84,151
4753,8,8,-84,-115,-118,47,-126,-45,-169,-73,220,108
4754,1,1,-67,297,-109,-286,70,-124,-144,-47,-167,-182
4755,3,3,-261,51,-17,222,-111,-6,-169,58,-54,-134
4756,8,8,-59,-106,5,-46,-57,-92,-123,-35,202,17
4757,0,0,225,-183,-69,-133,-169,-133,-164,100,-204,11
4758,3,3,-300,-20,-64,383,-258,-73,-419,79,3,19
4759,1,1,-131,161,-64,-107,70,-124,-152,38,-71,-67
4760,7,7,-214,88,-26,-49,-76,-134,-367,244,-93,20
4761,9,4,-148,73,-248,-101,82,-53,-211,20,21,48
4762,5,5,-135,-160,-263,-6,-179,350,-64,-96,-113,69
4763,5,5,17,-85,-105,-109,-42,134,65,-105,-199,-84
4764,1,1,-44,218,-116,-272,63,-69,-71,-44,-90,-140
4765,6,6,3,-173,-234,-97,-99,73,218,-91,-27,-78
4766,5,5,-76,-86,-210,53,-235,263,-49,-44,-70,-36
4767,7,7,-73,-107,-83,-51,-106,-69,-284,322,-206,19
4768,4,4,-101,-180,-92,-126,224,-152,-128,105,-176,-12
4769,9,9,-117,-124,-83,6,26,-9,-226,39,-47,176
4770,3,3,-296,4,-113,345,-203,-30,-396,58,-77,52
4771,5,5,-106,-84,-179,-58,-149,225,-74,-87,2,60
4772,4,4,-175,100,-108,-247,285,-115,-205,73,-160,-143
4773,7,7,-192,67,4,51,-130,-234,-479,303,-138,-3
4774,1,1,-116,205,-143,-223,78,-43,-122,-45,-66,-52
4775,2,2,59,21,387,-129,-148,-346,-126,-3,-113,-302
4776,0,0,172,-265,-195,-71,-95,-37,-14,35,-150,5
4777,8,1,-37,70,-217,-125,-41,36,0,-146,39,-77
4778,1,1,-164,213,-81,-189,93,-94,-207,-2,-64,-32
4779,6,6,57,-206,-245,-147,-58,85,276,-156,-142,-95
4780,0,0,182,-74,-45,-148,-136,-62,-26,-19,-106,-96
4781,7,7,-189,9,-50,37,-134,-177,-470,319,-115,18
4782,3,3,-216,-67,-81,286,-202,-39,-395,88,-95,70
4783,4,4,-139,-42,-78,-160,175,-13,-154,-7,-147,101
4784,7,7,-128,-19,-132,-139,-14,-86,-292,310,-114,16
4785,3,3,-261,-65,-76,350,-245,-97,-397,12,91,80
4786,9,9,-93,-179,-44,-2,67,-93,-253,37,-24,201
4787,6,6,-4,-141,-205,-153,3,75,350,-295,-96,-292
4788,0,0,162,-101,-133,-110,-153,31,17,-49,-105,-63
4789,8,8,-81,-147,-92,-46,-254,132,-24,-107,233,-38
4790,6,6,15,-80,-90,-184,-3,23,255,-260,-2,-227
4791,4,4,-187,13,-20,-97,191,-10,-146,-55,-132,-26
4792,8,8,-148,-96,78,13,-263,26,-128,-14,216,-34
4793,7,7,-179,-8,-134,-18,-49,-66,-318,263,-81,26
4794,7,7,-137,42,-129,-192,0,-63,-238,322,-228,-99
4795,9,9,-110,-204,-84,-6,33,-58,-251,37,7,229
4796,3,3,-248,11,-80,268,-150,-56,-329,89,-70,15
4797,8,8,-63,-171,3,99,-243,-52,-174,-63,233,51
4798,6,6,25,-78,-183,-150,-82,99,196,-217,-19,-165
4799,9,9,-77,-109,24,14,0,-108,-227,61,-33,126
4800,7,7,-179,-32,-17,14,-93,-160,-407,323,-169,21
4801,2,2,-24,106,278,-183,-52,-173,-75,-31,-71,-312
4802,3,3,-146,19,-72,159,-118,-1,-207,37,-61,24
4803,4,4,-180,145,-186,-322,335,-111,-201,42,-184,-182
4804,0,0,249,-240,-81,-130,-108,-46,96,-165,-78,-81
4805,2,2,-63,60,280,30,-290,-222,-247,94,-73,-175
4806,1,1,-98,211,-70,-186,57,-68,-124,-26,-62,-84
4807,8,0,104,-12,-117,-55,-157,24,-45,-2,-115,-154
4808,3,3,-173,27,-117,156,-157,54,-231,98,-117,-4
4809,5,5,-161,-164,-407,8,-112,361,-64,-13,-38,-9
4810,5,5,-112,-81,-221,-55,-171,273,-95,-34,-20,13
4811,7,7,-214,7,15,20,-93,-244,-522,386,-177,17
4812,2,2,-4,82,239,-35,-257,-305,-245,80,-23,-176
4813,4,4,-111,-51,-147,-220,250,-88,-72,-79,-45,12
4814,6,6,34,-60,-214,-115,-11,34,86,16,-158,-139
4815,7,7,-121,48,-123,-116,51,-95,-231,168,-85,22
4816,2,2,-66,107,118,30,-71,-88,-128,23,-136,-212
4817,8,8,-182,-96,-9,154,-204,-22,-217,-1,173,27
4818,3,3,-375,57,-52,386,-209,-90,-458,120,-53,-21
4819,0,0,184,-65,-72,-183,-156,-106,-67,16,-124,-92
4820,8,8,-114,-155,-119,80,-200,71,-162,-15,200,62
4821,7,7,-109,-53,-110,-102,-87,-50,-254,337,-208,-16
4822,8,8,-44,-133,-21,14,-69,-49,-82,-68,174,17
4823,9,6,-53,-95,-89,-155,69,-1,98,-155,-30,16
4824,0,0,168,37,-66,-283,-89,-132,-69,-14,-176,-146
4825,8,8,-51,-114,64,16,-64,-111,-160,25,148,27
4826,4,4,-181,28,-35,-66,190,-73,-161,15,-110,-67
4827,4,4,-214,40,-140,-250,299,-72,-225,128,-145,-89
4828,5,5,-226,-20,-172,111,-85,190,-75,31,-124,-87
4829,8,8,-4,-152,-46,59,-297,-6,-112,12,184,-37
4830,5,5,-83,-134,-171,11,-163,230,-57,-63,-81,62
4831,6,6,-16,-163,-308,-135,-68,137,210,-48,-44,-198
4832,6,6,27,-3,-150,-241,57,32,212,-234,-126,-211
4833,3,3,-279,-57,119,388,-315,-93,-361,94,-9,-131
4834,0,0,170,-109,-68,-141,-112,-5,-51,29,-221,8
4835,9,9,-156,-174,-93,-14,-5,-28,-345,114,-4,199
4836,3,3,-238,-40,-137,302,-178,90,-257,46,-116,-5
4837,7,7,-72,74,142,-39,-192,-334,-426,251,-79,-73
4838,6,5,-34,-137,-206,-71,-142,210,144,-139,-35,-121
4839,8,8,-17,-106,9,62,-165,-166,-158,-5,162,-20
4840,9,9,-146,-90,-102,-92,69,19,-201,-37,-19,216
4841,3,3,-253,20,-24,326,-237,-172,-446,112,-39,14
4842,4,4,-199,-50,-116,-211,307,-40,-222,41,-143,49
4843,9,9,-104,-94,-103,-54,57,-25,-199,26,-47,169
4844,5,5,-53,7,-208,4,-163,171,-87,72,-188,-46
4845,8,8,-78,-71,43,13,-175,-119,-172,22,215,13
4846,9,9,-138,-105,-49,-105,153,-68,-220,-1,-33,189
4847,1,1,-113,209,-105,-226,120,-47,-119,-67,-56,-75
4848,2,2,-101,0,248,139,-315,-263,-327,117,36,-140
4849,8,8,-38,-139,-78,-66,-65,-34,-16,-154,202,33
4850,8,8,-56,-99,19,55,-128,-124,-174,-17,191,38
4851,6,6,68,-127,-215,-187,-24,52,239,-213,-61,-153
4852,8,8,-86,-123,-81,-41,-94,76,133,-99,139,-147
4853,1,1,-53,276,-188,-325,73,-62,-83,-79,-131,-172
4854,3,3,-241,-51,-225,393,-176,48,-315,50,-125,-16
4855,7,7,-129,-75,-67,13,-4,-97,-296,224,-108,62
4856,9,9,-120,-144,-56,28,17,-37,-254,82,-36,152
4857,0,0,104,9,-38,-98,-161,-25,-126,95,-131,-113
4858,1,1,-77,256,-106,-259,59,-122,-151,-5,-136,-118
4859,1,1,-67,242,-101,-263,66,-110,-127,-27,-123,-111
4860,4,4,-97,-91,-174,-153,210,-135,-207,65,-58,62
4861,7,7,-66,-28,-72,49,-186,-164,-333,178,31,24
4862,0,7,136,-94,-113,-149,-200,-75,-142,183,-175,-44
4863,8,8,-42,-20,17,22,-55,-113,-176,38,56,23
4864,1,1,-49,144,-59,-162,36,-62,-81,-7,-53,-63
4865,7,7,-136,-87,-108,9,-70,-156,-366,316,-48,64
4866,4,4,-243,76,-109,-192,284,-121,-259,95,-159,-82
4867,5,5,-173,-5,-216,42,-177,299,-118,-27,-198,8
4868,7,7,-99,-9,46,2,-137,-206,-418,252,-81,8
4869,1,1,-106,251,-140,-276,94,-74,-155,-60,-104,-88
4870,2,2,-33,42,386,-83,-178,-233,-167,7,-33,-274
4871,1,1,-85,157,-79,-172,67,-56,-95,-14,-75,-51
4872,1,1,-74,259,-117,-291,83,-125,-98,-28,-105,-171
4873,3,3,-356,41,-30,347,-299,-116,-531,142,-64,35
4874,9,0,99,-106,-104,-115,-60,30,-25,-36,-205,48
4875,6,6,67,-209,-249,-150,-10,35,344,-283,-27,-191
4876,2,2,-25,-4,213,-57,49,-142,-57,-24,-96,-264
4877,1,1,-91,218,-133,-227,92,-49,-95,-60,-84,-100
4878,2,2,-20,17,285,-93,-103,-181,-150,65,-44,-237
4879,8,6,-62,-86,-166,-82,-31,37,122,-139,64,-65
4880,0,0,116,-153,-128,-72,-158,44,-16,-44,-33,-17
4881,7,7,-69,-76,-24,-24,-71,-177,-339,263,-17,29
4882,6,6,31,-198,-202,-6,-245,98,195,-191,9,-99
4883,6,6,39,-150,-204,-146,-46,100,204,-90,-85,-162
4884,9,9,-177,-97,-84,-62,114,-53,-309,24,-21,225
4885,3,3,-285,-25,-133,339,-169,-33,-360,34,-3,54
4886,7,7,-114,120,19,-40,-164,-258,-371,220,-34,-38
4887,0,0,149,-29,-29,-135,-222,-24,-134,138,-155,-130
4888,5,7,-47,-70,-181,-58,-108,98,-23,122,-76,-70
4889,2,2,-91,74,328,77,-268,-309,-283,89,-25,-239
4890,8,6,14,-214,-27,-57,-6,-17,149,-218,100,-130
4891,0,0,210,-126,-27,-93,-126,-85,-17,-40,-150,-22
4892,5,5,-168,-131,-247,-3,-163,345,-54,-105,-94,59
4893,4,4,-143,19,-25,-136,189,-49,-188,6,-56,23
4894,3,3,-267,-43,-251,318,-189,79,-360,16,-49,87
4895,8,8,-64,-177,31,60,-173,-25,-96,-118,210,8
4896,4,4,-63,-23,-4,-119,182,-57,-104,-12,-154,-39
4897,6,6,26,-115,-216,-236,24,102,272,-228,-129,-208
4898,6,6,4,-46,-241,-226,44,69,261,-252,-107,-244
4899,2,2,10,-1,217,-63,-75,-197,-147,22,-15,-128
4900,7,7,-143,100,-42,-67,-99,-123,-324,275,-95,-73
4901,9,9,-122,-110,-61,1,31,-80,-261,75,22,162
4902,5,5,-185,-63,-189,68,-190,286,-154,-70,-113,57
4903,1,1,-138,251,-141,-179,80,-39,-139,-59,-95,-126
4904,3,3,-187,-34,-161,363,-305,-20,-373,-18,-40,56
4905,2,2,-116,42,243,92,-329,-218,-340,135,-24,-133
4906,4,4,-177,128,-195,-392,342,-138,-228,67,-168,-149
4907,3,3,-171,-54,-65,182,-153,16,-292,101,-118,39
4908,6,6,-4,-188,-189,-96,-88,84,304,-252,0,-171
4909,1,1,-119,186,-107,-160,98,-38,-114,-79,-37,-64
4910,9,9,-125,-125,-104,-98,78,8,-221,13,-96,221
4911,4,4,-23,-30,-95,-265,194,-65,-62,-91,-159,32
4912,4,4,-187,119,-187,-359,351,-117,-227,76,-235,-169
4913,7,7,-156,18,45,-12,-130,-160,-405,294,-145,0
4914,6,6,39,-238,-214,-117,-106,57,300,-186,-6,-101
4915,5,5,-114,-98,-187,12,-192,216,24,-133,-40,17
4916,4,4,-165,117,-150,-317,312,-72,-147,21,-141,-189
4917,1,1,-58,234,-74,-274,86,-121,-107,-23,-113,-145
4918,9,4,-15,-16,-47,-151,71,-87,-142,3,-119,63
4919,9,9,-183,-95,-117,-80,82,28,-297,-35,-99,266
4920,2,2,-38,0,394,-3,-242,-271,-289,100,-92,-225
4921,7,7,-89,64,68,-17,-105,-204,-354,192,-86,-10
4922,8,8,-126,-36,-8,15,-132,32,-64,-11,118,-39
4923,0,0,168,-150,9,-93,-49,-54,-42,-90,-118,17
4924,1,1,-119,200,-33,-135,-7,-66,-93,-56,-31,-110
4925,3,3,-302,19,-138,381,-171,-1,-320,74,-124,-47
4926,6,6,-21,-170,-242,-61,-27,99,271,-204,-66,-150
4927,1,1,-90,227,-102,-255,77,-119,-152,-15,-88,-71
4928,3,3,-285,30,-20,320,-198,-102,-373,139,-111,-61
4929,4,4,-29,10,-61,-141,132,-28,-25,-46,-67,-36
4930,1,1,-89,201,-92,-161,72,-59,-90,-70,-25,-91
4931,1,1,-89,224,-123,-248,65,-97,-144,-28,-88,-64
4932,1,1,-95,286,-103,-287,77,-153,-129,-10,-109,-182
4933,5,5,-91,-141,-195,-73,-216,300,-7,-156,7,42
4934,6,6,18,-199,-268,-65,-93,162,223,-169,-93,-131
4935,0,0,217,-130,-60,-155,-146,-92,-33,-47,-107,-57
4936,7,7,-67,-42,61,-28,-102,-261,-405,291,-69,-2
4937,0,0,213,-158,60,-73,-171,-177,-226,107,-187,20
4938,7,7,-199,78,33,-11,-101,-209,-404,281,-118,0
4939,2,2,-85,58,229,53,-334,-241,-324,173,-73,-152
4940,3,3,-275,55,-109,354,-209,-17,-337,97,-94,-56
4941,2,2,46,-26,306,69,-191,-341,-203,31,-113,-278
4942,5,5,-77,32,-165,-4,-114,156,-87,2,-154,18
4943,2,7,-63,-52,105,19,-195,-65,-156,112,61,-80
4944,2,2,-104,97,288,126,-233,-245,-312,94,-136,-219
4945,9,9,-183,-137,-81,20,49,-26,-268,-16,15,229
4946,4,4,-165,141,-50,-242,308,-247,-275,84,-184,-182
4947,9,9,-143,-123,-66,-17,59,-110,-309,62,33,207
4948,8,8,-45,-92,-3,-29,-31,-67,-84,-49,165,20
4949,1,1,-114,244,-155,-237,99,-71,-122,-54,-81,-99
4950,2,2,-3,-12,145,1,-104,-102,-183,94,-87,-94
4951,1,1,-132,241,-84,-206,58,-158,-181,34,-75,-106
4952,6,6,72,-189,-189,-173,-170,116,222,-187,15,-103
4953,1,1,-147,236,-114,-242,113,-90,-162,-30,-89,-72
4954,2,2,-138,77,268,148,-453,-318,-434,157,-11,-163
4955,7,7,-164,-16,0,-3,-121,-103,-329,281,-172,9
4956,8,8,-68,-94,-136,-142,108,-40,-10,-123,115,-14
4957,0,0,213,-138,-94,-112,-104,-30,-15,-56,-201,8
4958,0,0,273,-174,-59,-159,-184,-113,0,-83,-90,-85
4959,0,7,135,-36,-52,-196,-246,11,-104,145,-139,-160
4960,8,8,-32,-205,-180,-16,-111,-5,96,-162,266,-105
4961,2,2,-54,25,304,45,-293,-320,-267,84,24,-182
4962,2,2,21,61,364,-70,-160,-312,-187,32,-144,-271
4963,9,9,-104,-99,-98,-39,41,-14,-206,85,-105,118
4964,2,2,-17,27,250,33,-210,-283,-190,56,-42,-174
4965,2,2,10,-21,383,53,-362,-426,-301,86,-7,-206
4966,7,7,-179,24,-89,48,-16,-73,-241,133,-41,20
4967,9,9,-84,-150,-20,1,22,-54,-140,0,-20,162
4968,9,7,-43,-156,-61,-94,24,-84,-302,175,-182,175
4969,2,2,-43,16,197,59,-321,-200,-304,126,-56,-101
4970,7,7,-151,45,41,-26,-69,-184,-374,260,-140,9
4971,5,5,-137,-52,-181,54,-163,240,-84,-28,-134,12
4972,1,1,-89,234,-131,-244,67,-91,-115,-7,-125,-125
4973,3,3,-321,17,-124,420,-224,-21,-349,70,-29,-39
4974,4,4,-54,-38,21,-171,244,-146,-167,30,-156,-69
4975,9,9,-99,-218,-64,31,26,-100,-257,48,16,200
4976,4,4,-150,41,-70,-180,226,-106,-207,59,-110,-25
4977,1,1,-44,236,-100,-263,52,-65,-87,-51,-84,-136
4978,8,8,-140,28,-46,11,-125,-65,-278,68,76,64
4979,5,5,-130,-95,-319,22,-127,260,-111,57,-212,57
4980,6,6,54,-114,-214,-178,-11,41,274,-201,-88,-199
4981,2,2,-29,30,372,103,-389,-404,-370,148,-68,-254
4982,8,8,-1,-183,9,100,-150,-89,-131,-42,173,-4
4983,3,3,-388,18,-54,454,-220,-60,-478,153,-193,-69
4984,1,1,-109,214,-101,-201,83,-79,-149,-47,-46,-55
4985,2,2,-117,87,290,46,-113,-188,-160,77,-151,-331
4986,8,8,-169,-63,-84,85,-180,31,-25,-57,192,-82
4987,4,4,-27,45,-44,-264,215,-90,-47,-26,-211,-116
4988,9,9,-128,-127,-113,-21,24,-62,-305,77,-24,204
4989,9,9,-97,-116,-85,-51,3,-66,-275,122,22,141
4990,3,3,-127,-5,78,148,-167,-155,-247,59,51,-27
4991,7,7,-168,18,2,-20,-69,-148,-362,272,-148,11
4992,0,0,269,-183,-161,-109,-224,-11,7,-14,-178,-35
4993,7,7,-109,-23,-57,-32,-32,-85,-249,204,-95,52
4994,7,7,-101,-36,-31,-76,-118,-53,-239,280,-176,-17
4995,2,2,-6,18,265,35,-305,-229,-166,41,-55,-201
4996,3,3,-218,36,-63,293,-197,5,-294,99,-210,-64
4997,2,2,19,-58,222,113,-227,-282,-196,25,-15,-184
4998,4,4,-143,36,-142,-239,252,-63,-118,40,-138,-94
4999,0,0,258,-117,-183,-173,-310,58,-47,83,-185,-145
5000,3,3,-267,26,-66,344,-180,-38,-274,64,-41,-74
5001,9,9,-171,-178,-106,-10,74,-62,-266,44,35,219
5002,9,9,-115,-242,-132,-1,74,-71,-255,-10,30,285
5003,8,8,-145,-103,-25,114,-109,-137,-212,8,226,16
5004,4,4,-155,12,-119,-278,384,-163,-219,35,-154,-105
5005,1,1,-105,323,-112,-319,74,-186,-183,21,-138,-195
5006,0,0,206,12,-2,-270,29,-232,1,-85,-223,-252
5007,6,6,39,-183,-216,-174,35,80,334,-267,-167,-231
5008,0,0,243,-117,29,-211,-2,-253,-58,-89,-177,-116
5009,9,9,-74,-162,-152,-105,58,15,-134,32,-49,164
5010,6,6,-10,-174,-242,-167,38,100,354,-296,-130,-233
5011,8,8,-18,-54,-140,-84,-74,19,-42,-62,82,6
5012,6,6,17,-110,-278,-189,42,56,314,-215,-142,-251
5013,1,1,-44,312,-104,-407,121,-148,-111,-62,-157,-229
5014,1,1,-86,325,-101,-308,60,-184,-179,9,-144,-191
5015,9,9,-135,-203,-101,22,10,-50,-220,25,52,202
5016,8,8,-62,-200,-31,84,-123,-86,-92,-76,261,20
5017,9,9,-108,-236,-107,-18,76,-63,-209,33,-47,254
5018,2,2,-11,59,371,-46,-87,-288,-220,90,-222,-349
5019,3,3,-288,39,-69,349,-204,-43,-394,92,-134,-24
5020,5,5,-173,-84,-281,-2,-156,338,-36,-142,-50,20
5021,5,5,-204,-93,-237,58,-158,335,-89,-120,-100,46
5022,9,9,-120,-193,-93,-52,60,-33,-223,9,-32,254
5023,4,4,-118,25,-59,-248,318,-129,-149,63,-189,-209
5024,2,2,-31,32,404,81,-305,-371,-316,95,-126,-248
5025,1,1,-106,346,-82,-339,85,-224,-190,14,-151,-229
5026,9,9,-161,-131,-143,-37,147,-92,-311,38,-15,218
5027,4,4,-159,91,-81,-193,259,-127,-181,55,-142,-140
5028,3,3,-342,28,-120,372,-214,-61,-452,74,-7,38
5029,9,9,-115,-193,-83,-14,78,-108,-302,78,11,213
5030,6,6,0,-120,-154,-159,71,57,288,-249,-153,-274
5031,0,0,270,-75,27,-244,-50,-261,-84,-50,-212,-168
5032,4,4,-140,60,-110,-225,316,-168,-219,55,-165,-139
5033,0,0,248,-37,-3,-264,-40,-264,-128,-23,-201,-163
5034,6,6,1,-189,-202,-132,22,64,348,-280,-69,-221
5035,0,0,255,-242,-83,-120,-50,-59,11,-122,-183,-46
5036,1,1,-102,345,-112,-322,83,-205,-184,-12,-134,-217
5037,2,2,-7,130,315,-111,-123,-232,-226,43,-112,-246
5038,3,3,-170,13,17,289,-207,-17,-248,73,-162,-143
5039,4,4,-108,41,-117,-287,356,-172,-180,7,-171,-135
5040,7,7,-80,43,-58,-84,0,-129,-266,171,-98,20
5041,8,8,-74,-129,-130,9,-186,26,-113,-53,236,24
5042,9,9,-60,-201,-97,20,12,-30,-225,52,-63,172
5043,0,0,226,-166,-47,-143,-57,-91,-56,-44,-179,-37
5044,1,1,-105,326,-131,-284,78,-176,-166,-6,-144,-207
5045,2,2,-68,156,441,-29,-287,-352,-378,126,-163,-301
5046,3,3,-137,-23,11,234,-118,-3,-201,50,-172,-136
5047,4,4,-168,63,-65,-163,256,-183,-256,99,-174,-79
5048,7,7,-127,78,7,-37,-60,-193,-377,222,-107,-2
5049,8,8,-99,-124,-74,-111,-189,75,-51,-98,234,30
5050,9,9,-78,-194,-83,9,30,-110,-293,88,-19,190
5051,0,0,237,-148,51,-206,-17,-197,-105,-66,-140,-44
5052,1,1,-95,305,-56,-291,84,-224,-193,23,-138,-194
5053,2,2,-36,118,304,-82,-98,-189,-204,47,-117,-261
5054,3,3,-180,1,-77,239,-130,-11,-293,103,-81,-51
5055,4,4,-44,32,-64,-259,273,-134,-84,7,-181,-235
5056,5,5,-63,-63,-260,-47,-83,216,24,-35,-58,-57
5057,6,6,66,-201,-220,-58,-18,51,271,-237,-117,-159
5058,7,7,-152,91,38,22,-91,-223,-407,246,-131,-37
5059,8,8,-131,-93,-95,-32,-167,30,-190,-81,225,112
5060,9,9,-84,-206,-185,-92,-8,83,-113,19,-43,166
5061,8,8,-99,-80,-29,18,-210,24,-95,-80,206,10
5062,3,3,-371,56,-98,320,-151,-24,-397,107,-79,-19
5063,4,4,-136,81,-72,-210,242,-132,-182,54,-173,-98
5064,7,7,-146,55,-31,-8,-61,-154,-349,225,-122,12
5065,8,8,-85,-41,22,-145,-192,6,-40,-72,181,-20
5066,6,6,42,-200,-215,-50,-12,57,255,-201,-103,-130
5067,3,3,-46,-83,132,152,-128,-108,-160,48,-86,-144
5068,4,4,-113,111,-164,-215,135,-78,-90,24,-128,-80
5069,0,0,264,-154,15,-166,-77,-217,-110,-19,-195,-83
5070,9,9,-59,-227,-92,-53,116,-118,-216,12,-64,226
5071,7,7,-89,-53,-86,-56,-14,-121,-317,269,-123,44
5072,1,1,-94,342,-97,-330,69,-209,-182,1,-155,-218
5073,9,9,-112,-177,-129,5,42,-49,-269,44,-5,216
5074,3,3,-362,113,-138,256,-164,10,-394,133,-117,-28
5075,8,8,-67,-95,-67,-69,-140,3,-85,-79,191,71
5076,4,4,-156,70,-130,-259,344,-157,-219,46,-167,-134
5077,7,7,-148,18,-68,-24,-30,-115,-319,220,-103,45
5078,3,3,-115,-20,22,185,-116,-15,-199,70,-104,-94
5079,0,0,230,-18,23,-280,-71,-249,-141,34,-187,-175
5080,9,9,-85,-214,-109,14,5,-41,-215,16,13,216
5081,1,1,-70,299,-109,-364,113,-162,-134,-31,-144,-193
5082,4,4,-220,53,-167,-200,363,-131,-215,63,-147,-173
5083,5,5,-93,-70,-344,11,-93,234,29,-25,-62,-77
5084,4,4,-204,82,-74,-156,276,-205,-297,109,-192,-72
5085,6,6,44,-214,-295,-64,-37,112,289,-216,-104,-165
5086,2,2,116,-46,171,-244,61,-151,-49,-137,-71,-109
5087,0,0,225,-78,-94,-232,-162,-108,-101,37,-154,-124
5088,6,6,151,-288,-190,-107,-53,31,253,-231,-73,-120
5089,2,2,13,37,276,-61,-69,-205,-205,-12,-105,-160
5090,1,1,-48,308,-55,-426,131,-213,-149,-50,-161,-238
5091,1,1,-59,321,-94,-411,122,-227,-177,-42,-148,-216
5092,1,1,-68,320,-38,-347,88,-257,-229,6,-169,-201
5093,1,1,-82,312,-86,-353,78,-229,-206,18,-152,-199
5094,7,7,-70,-1,-66,-102,-19,-96,-266,259,-150,-23
5095,2,2,-2,113,380,-76,-135,-304,-336,86,-185,-282
5096,4,4,-119,51,-140,-225,269,-92,-140,61,-148,-169
5097,7,7,-71,-73,-176,-124,-12,-35,-215,258,-170,20
5098,5,5,-80,-94,-301,-66,-167,292,-12,-76,0,-23
5099,2,2,-68,126,274,-51,-86,-236,-310,74,-79,-187
5100,9,9,-41,-167,-161,-134,78,-49,-129,-25,-82,176
5101,4,4,-120,39,-140,-210,273,-116,-173,31,-123,-90
5102,5,5,-140,-128,-324,-25,-91,301,-31,-27,-34,3
5103,8,8,-93,-171,-101,-7,-104,50,-104,-43,191,89
5104,4,4,-116,2,-186,-232,303,-133,-156,67,-137,-152
5105,2,2,20,94,253,-102,-1,-185,-188,-5,-168,-245
5106,9,9,-85,-192,-127,-40,88,-91,-245,52,-11,204
5107,7,7,-91,13,-84,-105,14,-135,-287,238,-119,7
5108,0,0,232,-147,-7,-115,-100,-149,-85,-46,-109,-60
5109,0,0,237,-123,8,-195,-91,-216,-102,-9,-151,-81
5110,7,7,-102,36,-26,-61,-20,-195,-370,245,-113,19
5111,5,5,-68,-85,-187,31,-87,169,23,-9,-107,-80
5112,1,1,-127,373,-128,-385,103,-202,-157,-37,-119,-249
5113,1,1,-79,326,-63,-367,96,-239,-191,5,-145,-209
5114,7,7,-77,-55,-86,-44,-20,-57,-245,181,-112,78
5115,6,6,76,-220,-244,-105,-17,62,292,-235,-78,-148
5116,6,6,-4,-130,-217,-86,44,52,264,-201,-164,-231
5117,6,6,105,-251,-280,-38,-67,17,291,-261,-19,-109
5118,8,8,-117,-42,-63,-61,-191,32,-117,-126,196,8
5119,2,2,-153,98,332,67,-242,-315,-344,95,14,-203
5120,2,2,-69,93,364,-47,-187,-234,-266,66,-83,-244
5121,7,7,-86,90,-103,-190,17,-83,-199,189,-180,-82
5122,7,7,-60,4,-10,-64,-12,-201,-351,226,-115,21
5123,4,4,-102,25,-133,-243,299,-145,-140,60,-113,-197
5124,0,0,256,-165,-22,-195,-82,-176,-59,-43,-165,-76
5125,2,2,-13,158,268,-119,-44,-179,-216,24,-168,-254
5126,4,4,-97,71,-165,-223,232,-104,-125,32,-161,-149
5127,2,2,-88,181,314,-83,-154,-236,-322,170,-175,-311
5128,1,1,-82,318,-81,-348,106,-183,-148,-19,-145,-215
5129,8,8,-86,-151,-81,-26,-184,91,-68,-58,218,5
5130,9,9,-64,-134,-119,-38,14,-50,-186,32,7,174
5131,6,6,29,-189,-237,-119,-28,99,320,-245,-85,-225
5132,1,1,-84,363,-33,-378,88,-264,-209,-7,-146,-251
5133,0,0,264,-58,23,-252,-114,-221,-87,-18,-179,-180
5134,5,5,-11,-89,-231,-78,-94,185,9,-3,-57,-49
5135,9,9,-55,-157,-136,-56,82,-41,-145,29,-45,147
5136,6,6,114,-238,-215,-54,-79,6,277,-262,5,-144
5137,9,9,-79,-134,-101,-32,19,-14,-205,34,-69,173
5138,8,8,-84,-46,-256,-164,-86,109,-64,-64,132,9
5139,0,0,210,-101,35,-222,-57,-242,-142,49,-184,-86
5140,3,3,-37,-120,11,142,-65,-4,-108,-1,-103,-73
5141,0,0,224,-66,-34,-205,-125,-173,-127,21,-136,-111
5142,8,8,-156,-69,-33,3,-125,6,-224,-25,196,54
5143,3,3,-244,62,-7,323,-180,-26,-304,117,-200,-141
5144,9,9,-79,-143,-125,-61,25,-12,-187,17,-44,188
5145,6,6,131,-277,-225,-118,-42,65,261,-220,-91,-105
5146,3,3,-256,-38,-93,246,-101,-27,-357,77,-73,55
5147,0,0,194,-119,-143,-175,-124,-42,-66,21,-129,-79
5148,1,1,-73,316,-136,-370,114,-118,-77,-76,-145,-255
5149,2,2,-68,21,349,143,-343,-372,-341,122,-44,-215
5150,3,3,-443,39,-81,439,-228,-49,-537,186,-130,-52
5151,4,4,-182,28,-66,-195,264,-110,-191,84,-147,-87
5152,5,5,-230,-48,-301,212,-198,298,-128,-2,-95,-57
5153,6,6,49,-184,-243,-174,-9,19,337,-228,-42,-203
5154,7,7,-104,-29,38,24,-156,-206,-421,262,-110,25
5155,0,0,199,-198,45,-123,15,-164,-87,-61,-157,-9
5156,1,1,-75,276,-158,-297,99,-94,-95,-53,-136,-187
5157,2,2,-28,42,306,70,-399,-340,-313,74,10,-180
5158,3,3,-249,-8,-96,373,-234,35,-346,97,-179,-75
5159,4,4,-119,-5,-58,-114,151,-103,-239,80,-100,55
5160,5,5,-188,-77,-261,93,-191,323,-46,-95,-78,-28
5161,6,6,27,-162,-198,-143,-4,37,269,-147,-101,-178
5162,7,7,-86,29,38,-70,-32,-121,-274,188,-144,-2
5163,8,8,-130,-90,51,-36,-161,0,-73,8,201,-33
5164,9,9,-65,-134,-55,-29,38,-45,-199,63,-89,125
5165,0,0,118,-95,-100,-68,-38,-22,-26,-20,-84,-53
5166,1,1,-117,323,-99,-343,97,-193,-154,-15,-102,-218
5167,2,2,-81,18,288,150,-251,-289,-274,70,-20,-211
5168,3,3,-370,-24,-93,356,-202,-13,-471,127,-19,13
5169,4,4,-114,105,-101,-275,230,-130,-163,97,-170,-183
5170,5,5,-118,-126,-240,65,-146,275,-27,-56,-60,-10
5171,6,6,33,-132,-186,-194,2,57,272,-192,-107,-176
5172,7,7,-50,-59,-50,-82,-38,-33,-201,182,-159,39
5173,8,5,-132,-103,-89,-103,-129,155,109,-134,140,-88
5174,5,5,-196,-101,-272,29,-62,289,-64,-52,-54,30
5175,4,4,-142,66,-91,-283,290,-100,-208,39,-156,-92
5176,8,8,-121,-51,-76,-45,82,-96,-36,-49,164,-123
5177,7,7,-65,-30,-46,-119,-31,-142,-311,268,-129,26
5178,4,4,-140,75,-107,-271,297,-83,-167,40,-198,-160
5179,7,7,-164,-58,-80,-44,-84,-99,-311,336,-178,33
5180,7,7,-111,-20,1,-47,-104,-77,-300,246,-187,6
5181,3,3,-391,70,-106,397,-208,-37,-416,127,-61,-66
5182,9,9,-93,-137,-53,3,47,-36,-200,55,-63,142
5183,8,8,-146,-18,-121,-84,127,-62,-81,-60,152,-71
5184,8,8,-195,-4,-60,61,-68,-40,-134,44,144,-58
5185,3,3,-352,25,-121,339,-183,33,-343,74,-15,-16
5186,1,1,-70,292,-103,-342,107,-132,-132,-35,-155,-179
5187,5,5,-158,-31,-201,106,-162,235,-74,-44,-95,-25
5188,8,8,-154,-58,-129,33,-82,27,19,-81,179,-135
5189,2,2,-86,43,311,108,-273,-319,-255,59,19,-239
5190,7,7,-90,-9,53,-7,-133,-200,-390,257,-89,-4
5191,4,4,-114,-79,-80,-187,247,-155,-215,128,-171,1
5192,2,2,-80,49,260,107,-258,-288,-335,129,-59,-139
5193,1,1,-93,266,-90,-253,73,-148,-138,21,-132,-177
5194,5,5,-201,-94,-216,94,-22,218,-31,-41,-92,-40
5195,4,4,-36,3,-84,-294,256,-75,-102,-21,-213,-59
5196,5,5,-196,-104,-260,91,-158,326,-51,-96,-61,-5
5197,5,5,-206,-79,-255,116,-168,316,-81,-90,-68,-1
5198,8,8,-116,-41,-78,-59,-41,-78,-18,-79,197,-70
5199,6,6,47,-105,-89,-159,24,-3,98,-34,-179,-93
5200,4,4,-128,75,-104,-291,254,-83,-148,16,-143,-83
5201,4,7,-14,-72,-140,-198,82,-50,-122,114,-221,38
5202,4,4,-86,-73,-93,-190,225,-33,-111,45,-196,-15
5203,1,1,-118,149,-52,-123,1,-115,-215,59,-56,15
5204,8,8,-126,-19,50,-18,-142,-17,-55,9,133,-65
5205,7,7,-115,-33,89,-4,-207,-167,-411,251,-58,-15
5206,5,5,-134,-52,-231,108,-197,255,-88,-31,-156,7
5207,5,5,-255,-33,-215,184,-143,261,-113,-35,-109,-45
5208,1,1,-62,303,-141,-343,101,-101,-72,-83,-153,-229
5209,8,6,-148,-59,-104,-77,-66,113,136,-121,112,-200
5210,9,9,-62,-156,-121,34,-2,6,-120,65,-15,92
5211,1,1,-81,268,-109,-263,53,-133,-154,7,-121,-138
5212,3,3,-374,-17,-104,385,-178,-79,-477,53,25,76
5213,6,6,28,-85,-179,-183,39,29,230,-168,-123,-192
5214,3,3,-398,45,-43,367,-235,-88,-502,154,-53,-17
5215,3,3,-374,83,-36,354,-179,-72,-392,158,-88,-91
5216,2,2,-91,105,350,118,-228,-356,-345,108,-147,-262
5217,2,2,-86,17,231,94,-315,-272,-289,103,64,-138
5218,6,6,37,-102,-175,-193,27,23,195,-93,-153,-160
5219,9,9,-95,-167,-54,12,27,-107,-252,57,43,171
5220,9,9,-67,-149,-108,21,41,-52,-210,39,-40,140
5221,6,6,125,-173,-121,-189,2,-20,144,-86,-221,-78
5222,5,5,-154,-143,-271,40,-121,306,-73,-74,-74,65
5223,5,5,-129,-118,-225,10,-111,279,3,-65,-38,-18
5224,3,3,-387,32,-103,370,-156,-27,-426,111,-34,-29
5225,3,3,-357,26,-24,360,-216,-46,-438,140,-63,-65
5226,8,8,-108,-177,-65,8,-104,18,27,-107,253,-51
5227,1,1,-52,314,-135,-389,110,-114,-94,-84,-149,-226
5228,6,6,49,-53,-113,-181,6,13,168,-116,-129,-192
5229,5,5,-181,-53,-277,101,-183,297,-82,-120,-53,12
5230,6,6,23,-159,-207,-112,-59,74,288,-209,-104,-151
5231,8,8,-161,29,-181,-100,52,14,-49,-74,112,-69
5232,1,1,-50,292,-78,-357,103,-158,-112,-34,-143,-218
5233,9,9,-113,-167,-58,7,56,-82,-264,46,15,188
5234,7,7,-110,47,59,-35,-120,-190,-385,263,-136,-26
5235,6,6,73,-150,-115,-206,2,9,253,-169,-128,-199
5236,8,8,-133,-62,-200,-12,-17,69,35,-118,162,-107
5237,3,3,-294,36,-23,262,-153,-136,-429,147,-52,-6
5238,7,7,-114,-39,46,22,-145,-130,-399,266,-168,-5
5239,4,4,-135,46,-60,-204,234,-101,-171,86,-131,-103
5240,7,7,-95,-3,-2,-61,-49,-76,-240,183,-120,25
5241,0,0,188,-158,-50,-105,-65,-85,-25,-71,-143,16
5242,9,9,-107,-172,-96,50,-4,-39,-257,91,-15,159
5243,0,0,146,-121,-22,-145,23,-74,-58,-32,-184,-18
5244,0,0,119,-147,8,-96,27,-58,-102,-45,-159,61
5245,3,3,-337,17,-93,312,-174,-90,-456,133,-53,39
5246,7,7,-63,45,117,-26,-138,-257,-349,199,-64,-46
5247,9,9,-89,-133,-78,-9,48,-90,-235,60,-13,157
5248,3,3,-282,-48,-130,343,-155,4,-352,51,-56,38
5249,0,0,165,-140,-42,-111,20,-137,-26,-71,-169,-39
5250,2,2,-10,32,200,66,-110,-208,-218,57,-103,-167
5251,0,0,136,-88,-14,-183,8,-64,-36,-7,-203,-64
5252,1,1,-127,319,-108,-300,76,-151,-128,-10,-119,-224
5253,0,0,229,-24,70,-286,-21,-285,-87,-43,-196,-191
5254,1,1,-68,324,-77,-356,92,-187,-132,-25,-140,-248
5255,0,0,214,31,42,-322,17,-251,-21,-100,-186,-233
5256,4,4,-130,-47,-75,-223,327,-164,-184,51,-135,-69
5257,0,0,202,30,33,-326,-18,-268,-81,-33,-175,-201
5258,1,1,-111,370,-79,-372,107,-248,-191,-11,-133,-257
5259,0,0,227,-133,12,-198,-75,-143,12,-74,-162,-93
5260,4,4,-85,-23,-42,-145,228,-200,-184,12,-32,-32
5261,7,7,-57,2,130,20,-130,-238,-371,205,-105,-33
5262,9,9,-109,-112,-86,-36,58,-6,-195,62,-68,135
5263,6,6,44,-121,-173,-194,-8,47,260,-179,-150,-197
5264,2,2,-70,-7,271,160,-317,-287,-352,125,-51,-139
5265,6,6,15,-128,-84,-153,47,-19,203,-156,-60,-156
5266,2,2,-68,25,287,102,-261,-287,-253,68,-7,-189
5267,2,2,-61,-4,317,100,-232,-320,-285,84,-13,-181
5268,9,9,-116,-163,-26,27,-32,-147,-357,148,21,151
5269,9,9,-116,-160,-97,-34,49,-69,-251,44,7,207
5270,0,0,239,-150,-101,-130,-148,-46,-113,-37,-166,-40
5271,1,1,-54,281,-149,-381,116,-129,-118,-68,-138,-170
5272,2,2,-90,108,359,12,-168,-305,-289,105,-125,-288
5273,3,3,-252,8,-145,411,-237,-30,-348,53,-82,-25
5274,4,4,-151,77,-111,-283,330,-133,-198,70,-165,-162
5275,5,5,-188,-99,-246,22,-176,350,-121,-66,-154,76
5276,6,6,14,-208,-215,-125,-42,89,355,-266,-77,-201
5277,7,7,-146,24,52,12,-138,-241,-482,325,-160,-11
5278,8,8,6,-197,-81,-3,-177,-130,-209,124,176,46
5279,9,9,-148,-123,-122,-68,51,-29,-308,96,-75,210
5280,0,0,279,-201,-50,-172,-187,-78,-27,-66,-135,-72
5281,1,1,-70,336,-76,-403,112,-214,-158,-35,-154,-240
5282,2,2,-41,70,386,5,-137,-272,-299,104,-223,-319
5283,3,3,-291,29,-155,383,-182,1,-298,76,-69,-59
5284,4,4,-136,-20,-229,-212,268,-37,-60,30,-205,-152
5285,5,5,-158,-108,-319,70,-193,343,-96,-59,-176,65
5286,6,6,-4,-174,-226,-146,16,99,344,-291,-95,-228
5287,7,7,-131,-54,-4,-22,-108,-174,-412,343,-180,28
5288,8,8,53,-214,-112,-55,-150,-147,-124,60,163,15
5289,9,9,-142,-153,-68,23,2,-44,-321,86,-29,189
5290,0,0,249,-174,-32,-169,-141,-139,-60,-54,-104,-45
5291,1,1,-97,332,-84,-323,91,-222,-190,-2,-161,-214
5292,2,2,-36,9,351,22,-192,-248,-280,124,-169,-245
5293,3,3,-185,8,-109,351,-228,25,-277,48,-142,-75
5294,4,4,-118,-77,-171,-208,282,-74,-61,66,-191,-156
5295,5,5,-141,-108,-273,8,-201,357,-80,-86,-142,48
5296,6,6,-8,-155,-222,-156,-10,94,336,-310,-33,-249
5297,7,7,-156,-56,27,27,-120,-197,-449,351,-160,14
5298,8,8,73,-198,-106,-89,-144,-137,-73,-18,175,-7
5299,9,9,-145,-87,-95,-53,17,-41,-330,122,-110,178
5300,8,8,-41,-29,-115,-52,-85,-59,-117,-99,166,42
5301,0,0,199,-60,-63,-253,-152,-70,-87,16,-182,-114
5302,5,5,-162,-49,-221,17,-212,343,-110,-71,-152,23
5303,6,6,0,-104,-217,-166,16,87,322,-279,-117,-278
5304,6,6,-19,-98,-212,-138,7,78,309,-281,-79,-289
5305,0,0,251,-176,-84,-166,-196,-80,-71,-15,-104,-52
5306,8,8,-50,33,-225,-157,-64,-11,-102,-42,101,-7
5307,0,0,269,-131,-84,-213,-233,-66,-49,-35,-142,-108
5308,2,2,87,-99,350,-77,-59,-301,-223,78,-238,-270
5309,3,3,-289,19,-69,349,-176,0,-384,128,-192,-57
5310,7,7,-142,-6,92,19,-158,-212,-496,336,-221,-14
5311,9,7,-99,-131,-57,-39,-13,-46,-317,160,-144,123
5312,4,4,-112,48,-178,-235,268,-130,-171,95,-161,-172
5313,7,7,-189,-20,12,7,-123,-229,-515,383,-171,30
5314,1,1,-97,332,-85,-360,90,-172,-142,-30,-147,-226
5315,9,9,-82,-195,-123,16,10,-32,-223,41,-25,182
5316,1,1,-87,343,-71,-376,83,-217,-185,-9,-145,-213
5317,7,7,-154,-8,82,19,-178,-192,-499,340,-224,-13
5318,1,1,-82,342,-116,-388,116,-170,-132,-49,-162,-245
5319,4,4,-104,4,-228,-195,240,-39,-43,45,-211,-238
5320,0,0,265,-128,-77,-168,-202,-101,-139,-3,-143,-83
5321,0,0,209,-103,-116,-159,-196,-14,-98,36,-150,-76
5322,4,4,-97,62,-65,-203,241,-96,-143,30,-206,-140
5323,1,1,-90,321,-38,-340,81,-251,-221,50,-171,-215
5324,7,7,-129,8,83,22,-160,-202,-468,298,-196,-16
5325,5,5,-179,-137,-263,56,-188,350,-105,-91,-132,79
5326,7,7,-196,-1,34,52,-154,-230,-528,346,-169,24
5327,1,1,-97,341,-52,-338,80,-249,-234,24,-163,-202
5328,3,3,-216,-35,-75,360,-236,-101,-445,48,-56,58
5329,3,3,-167,-19,-139,295,-168,80,-239,14,-147,-38
5330,3,3,-261,33,-108,339,-202,10,-341,77,-124,-33
5331,1,1,23,193,-147,-340,109,-82,18,-136,-164,-214
5332,6,6,17,-227,-216,-97,-32,67,350,-286,-24,-205
5333,9,9,-93,-245,-84,47,-5,-17,-281,32,-57,217
5334,7,7,-157,-12,92,20,-174,-188,-486,335,-202,-27
5335,4,4,-80,21,-191,-212,189,-29,-48,9,-147,-122
5336,3,3,-202,-53,-87,341,-223,-45,-365,47,5,18
5337,0,0,282,-187,-113,-103,-207,-44,-78,-2,-197,-25
5338,2,2,-53,70,330,-60,-91,-308,-296,109,-82,-246
5339,5,5,-141,-65,-207,54,-228,298,-178,-9,-151,45
5340,2,2,-14,24,381,-30,-137,-253,-226,68,-157,-300
5341,6,6,2,-128,-270,-93,-86,101,294,-255,-64,-240
5342,0,0,216,-230,-61,-77,-107,-95,-89,-61,-153,24
5343,8,8,-28,34,-152,-124,-77,-63,-156,-2,79,4
5344,9,9,-126,-155,-77,32,14,-57,-290,77,-38,191
5345,4,4,-81,54,-89,-230,231,-75,-128,16,-198,-128
5346,3,3,-303,49,-105,379,-201,-13,-347,89,-110,-58
5347,5,5,-127,-66,-184,23,-246,312,-125,-10,-123,-3
5348,4,4,-50,-39,-151,-191,165,-9,2,7,-173,-111
5349,8,8,-22,-8,-127,-106,-47,-85,-101,-35,120,-39
5350,1,1,-74,321,-42,-350,89,-230,-197,11,-176,-205
5351,5,5,-192,-91,-224,107,-231,344,-167,-28,-151,20
5352,9,9,-139,-189,-87,14,42,-33,-299,63,-44,210
5353,0,0,267,-190,-79,-167,-190,-99,-26,-61,-115,-61
5354,6,6,41,-143,-195,-224,1,88,339,-298,-117,-234
5355,4,4,-69,-19,-128,-242,261,-130,-150,51,-170,-80
5356,3,3,-328,-12,-113,374,-187,-38,-432,73,-9,39
5357,6,6,2,-114,-225,-167,53,66,294,-238,-108,-258
5358,3,3,-200,-66,-159,279,-132,91,-260,33,-103,17
5359,3,3,-351,23,-89,339,-138,-30,-409,107,-98,2
5360,8,8,-37,38,-207,-96,-71,-20,-131,8,42,-2
5361,1,1,-69,342,-77,-410,126,-207,-150,-38,-171,-256
5362,4,4,-103,33,-97,-221,274,-92,-124,66,-215,-190
5363,7,7,-98,5,-89,-136,9,-134,-306,275,-151,16
5364,5,5,-129,-157,-262,-30,-204,346,-29,-97,-126,65
5365,7,7,-111,-61,-96,-100,-7,-127,-299,308,-136,42
5366,2,2,-76,73,356,43,-177,-239,-305,117,-187,-273
5367,2,2,47,-33,309,-35,-155,-216,-288,93,-198,-150
5368,0,0,254,-187,-100,-114,-207,-52,-76,-30,-105,-42
5369,0,0,287,-195,-142,-88,-231,-20,-59,-26,-156,-49
5370,1,1,-79,293,-137,-279,68,-98,-125,-49,-141,-166
5371,7,7,-89,3,-50,-107,-41,-130,-316,276,-150,10
5372,7,7,-70,7,26,-46,-78,-219,-367,277,-122,-11
5373,9,9,-131,-205,-98,2,76,-39,-275,42,-57,234
5374,5,5,-201,-108,-242,65,-178,335,-174,-18,-129,58
5375,9,9,-139,-127,-104,-27,56,-59,-297,44,-3,211
5376,8,8,-56,-152,-151,44,-121,-86,-196,-67,236,119
5377,9,9,-136,-179,-53,-43,68,-94,-348,148,-88,207
5378,6,6,20,-139,-198,-186,56,63,318,-297,-120,-231
5379,8,8,-10,-50,-179,-138,-58,-124,-140,2,110,28
5380,8,8,-5,-55,-126,4,-154,-74,-149,16,124,18
5381,2,2,38,-28,353,-28,-88,-273,-268,90,-228,-269
5382,3,3,-290,78,-50,286,-186,2,-347,161,-237,-93
5383,6,6,10,-145,-253,-115,-44,109,285,-220,-96,-204
5384,1,1,-62,274,-128,-335,107,-103,-114,-67,-137,-159
5385,2,2,-1,49,392,-31,-143,-262,-249,81,-231,-335
5386,9,9,-175,-111,-63,9,72,-112,-335,125,-30,178
5387,8,8,-60,13,-205,-106,-84,-67,-170,-77,167,72
5388,9,9,-136,-132,-65,-19,27,-59,-308,80,-24,186
5389,5,5,-97,-53,-170,10,-224,278,-128,-19,-150,17
5390,2,2,73,-41,306,-90,-56,-255,-186,44,-177,-229
5391,6,6,38,-81,-146,-212,-14,61,238,-213,-80,-175
5392,2,2,42,-13,285,-11,-106,-217,-245,66,-234,-190
5393,4,4,-105,37,-144,-216,263,-78,-88,51,-152,-220
5394,8,8,-35,47,-195,-193,-24,-114,-164,-28,82,7
5395,4,4,-82,41,-199,-203,173,-14,-25,32,-190,-198
5396,6,6,33,-56,-161,-224,20,34,265,-288,-58,-226
5397,5,5,-116,8,-234,76,-242,262,-159,-14,-171,17
5398,0,0,204,-96,-60,-212,-212,-67,-93,61,-161,-117
5399,1,1,-87,305,-87,-327,98,-179,-162,-4,-146,-183
5400,5,5,-75,-163,-261,-68,-143,290,-4,-25,-114,2
5401,6,6,33,28,-152,-142,-29,33,108,-107,-111,-247
5402,7,7,-190,58,9,15,-120,-183,-438,306,-160,-20
5403,8,8,-47,-130,-45,44,-31,-81,-119,-1,151,28
5404,9,9,-96,-179,-92,2,-32,4,-210,9,11,195
5405,0,0,195,-180,-193,-155,-272,56,-58,82,-56,-114
5406,1,1,-90,278,-40,-269,72,-193,-170,39,-146,-201
5407,2,2,-128,150,380,-17,-303,-251,-391,197,-144,-288
5408,3,3,-202,-55,-48,327,-179,-74,-400,136,-122,-33
5409,4,4,-61,16,-202,-247,242,-131,-7,42,-118,-315
5410,5,5,15,-142,-218,-166,-177,243,46,-22,-99,-79
5411,6,6,59,-222,-233,-100,-54,30,351,-258,-81,-199
5412,7,7,-153,-51,-90,-29,-14,-145,-344,307,-109,60
5413,8,8,-15,-73,-10,-7,-79,-59,-94,-44,115,31
5414,9,9,-102,-98,-83,-4,12,-59,-245,61,-11,158
5415,0,0,210,-95,2,-146,-186,-78,-95,26,-218,-15
5416,1,1,-102,280,-140,-216,60,-126,-129,-19,-119,-179
5417,2,2,-97,86,284,43,-240,-219,-326,136,-124,-163
5418,3,3,-201,-72,-24,356,-198,-152,-389,57,10,35
5419,4,4,-98,24,-90,-271,297,-114,-106,33,-130,-195
5420,5,5,-23,-142,-237,-38,-113,195,-16,46,-132,-60
5421,6,6,24,-182,-255,-64,13,45,290,-209,-96,-173
5422,7,7,-108,-65,-99,-77,-74,-50,-264,332,-211,-7
5423,8,8,-49,-65,-30,11,-49,-68,-146,-11,107,40
5424,9,9,-119,-98,-80,-29,79,-92,-268,77,-32,169
5425,7,7,-138,-22,-121,-112,-3,-58,-261,304,-136,-11
5426,4,4,-54,-30,-41,-266,301,-117,-77,-4,-156,-190
5427,2,2,-167,127,256,90,-272,-263,-386,163,-47,-171
5428,0,0,209,-137,-162,-160,-150,21,-12,8,-147,-104
5429,9,9,-77,-136,-54,24,9,-118,-256,69,-12,160
5430,0,0,224,-197,-151,-200,-214,40,15,4,-105,-78
5431,1,1,-93,312,-66,-285,65,-213,-200,35,-175,-197
5432,5,5,-57,-161,-242,-41,-198,300,40,-98,-112,-39
5433,8,8,-69,-80,-66,7,-143,-92,-155,-88,252,42
5434,8,8,-58,-53,-28,-3,-107,-68,-86,-63,200,-7
5435,0,0,190,-18,-50,-225,-214,-35,-108,77,-187,-153
5436,2,2,-84,97,397,13,-230,-249,-305,107,-171,-300
5437,7,7,-149,-51,-56,-24,-9,-168,-368,306,-138,59
5438,8,8,-32,-174,-11,75,-130,-88,-114,-70,226,20
5439,4,4,-59,11,6,-267,297,-139,-103,46,-212,-258
5440,4,4,-118,11,-95,-177,279,-115,-166,-5,-113,-59
5441,6,6,38,-204,-182,-128,-46,46,322,-222,-69,-169
5442,1,1,-76,313,-81,-361,97,-183,-135,-22,-135,-223
5443,0,0,216,-187,-118,-170,-115,-3,43,-35,-150,-100
5444,4,4,-71,24,-66,-279,306,-91,-67,-30,-153,-225
5445,5,5,-50,-184,-254,-79,-97,254,13,8,-148,-29
5446,3,3,-329,-25,-116,394,-153,11,-319,94,-150,-47
5447,9,9,-82,-81,-120,-58,49,-43,-213,33,-47,156
5448,4,4,-73,-24,-99,-234,289,-122,-110,5,-139,-107
5449,2,2,-143,25,225,144,-254,-230,-379,98,2,-93
5450,0,7,98,-102,-152,-76,-144,33,-123,147,-201,-77
5451,5,5,-149,-142,-215,-57,-176,355,-34,-121,-56,47
5452,0,0,234,-154,-147,-148,-136,26,-3,-27,-187,-37
5453,1,1,-80,275,-141,-272,81,-106,-103,-35,-126,-177
5454,3,3,-219,-119,-186,348,-129,64,-292,44,-113,-7
5455,2,2,-35,22,448,37,-367,-372,-284,73,-55,-278
5456,9,9,-152,-127,-53,-26,95,-73,-279,66,-49,202
5457,1,1,-22,196,-78,-302,40,-95,-60,-77,-34,-153
5458,6,6,48,-204,-248,-134,-36,24,318,-189,-92,-167
5459,0,0,181,-213,-87,-102,8,-59,-17,-68,-128,-8
5460,1,1,-106,304,-108,-277,73,-190,-198,34,-144,-170
5461,1,1,-90,342,-96,-357,89,-208,-165,-17,-140,-227
5462,8,8,-90,-101,9,59,-201,-11,-142,-23,165,-7
5463,0,0,219,-76,-137,-199,-153,-28,-17,5,-196,-181
5464,4,4,-93,-26,-64,-300,292,-125,-98,85,-128,-260
5465,7,7,-175,-43,-52,-48,-49,-156,-358,352,-180,34
5466,7,7,-144,-42,-57,-16,-45,-152,-372,281,-115,73
5467,6,6,39,-243,-278,-91,-16,75,362,-262,-120,-204
5468,3,3,-199,-39,-58,332,-185,-18,-262,85,-100,-66
5469,6,6,94,-263,-246,-88,-91,13,321,-245,36,-167
5470,0,0,182,-146,-110,-157,-114,7,-21,23,-149,-109
5471,7,7,-132,79,16,-15,-120,-224,-427,296,-137,-36
5472,3,3,-162,-92,-85,398,-215,-81,-348,62,-61,-23
5473,5,5,-103,-170,-247,-23,-214,343,10,-67,-123,-21
5474,4,4,-70,-13,-58,-269,328,-119,-128,74,-243,-267
5475,2,2,-97,92,425,37,-257,-351,-262,98,-111,-340
5476,4,4,-89,16,-135,-281,333,-122,-102,64,-180,-296
5477,1,1,-108,308,-95,-280,80,-189,-173,9,-132,-184
5478,8,8,-77,-116,-35,88,-146,-91,-154,-52,229,31
5479,3,3,-294,-2,-129,399,-211,6,-353,128,-201,-70
5480,5,5,-86,-116,-186,-91,-161,280,68,-112,-59,-66
5481,6,6,33,-155,-185,-103,-46,30,298,-196,-121,-209
5482,7,7,-122,-41,2,-20,-71,-235,-432,327,-126,47
5483,0,0,210,-42,-30,-246,-123,-180,-60,8,-181,-146
5484,6,6,31,-197,-234,-123,-33,57,353,-246,-99,-207
5485,7,7,-209,57,59,4,-134,-194,-458,344,-215,-43
5486,1,1,-92,355,-65,-388,90,-217,-176,-20,-135,-235
5487,2,2,-102,159,391,3,-245,-319,-361,123,-148,-290
5488,5,5,-145,-25,-163,-15,-194,304,-78,-53,-158,-24
5489,8,8,-66,-115,-49,30,-170,-89,-177,-71,268,51
5490,1,1,-112,345,-119,-338,78,-212,-197,13,-143,-200
5491,9,9,-107,-206,-71,6,80,-87,-255,15,-11,234
5492,3,3,-242,-34,-51,399,-202,-86,-346,79,-25,-61
5493,8,8,-185,-104,-60,157,-226,-31,-248,32,228,3
5494,2,2,-100,38,385,112,-345,-334,-320,95,-2,-247
5495,8,8,-141,-76,-17,111,-253,-15,-263,71,114,9
5496,7,7,-167,72,-80,-42,-49,-134,-343,259,-100,-4
5497,6,6,46,-221,-142,-197,-10,31,378,-283,-84,-242
5498,7,7,-205,38,-26,18,-97,-247,-505,385,-155,-15
5499,1,1,-138,333,-146,-308,100,-198,-201,31,-140,-194
5500,4,4,-163,92,-120,-320,363,-126,-143,77,-174,-366
5501,6,6,50,-236,-229,-85,-60,19,371,-273,-47,-226
5502,2,2,-160,101,367,50,-287,-208,-227,71,-27,-292
5503,9,9,-49,-228,-75,61,-18,-97,-267,53,-16,199
5504,3,3,-81,-144,-61,282,-131,-73,-259,64,-96,-20
5505,0,0,178,-70,-131,-124,-204,31,-26,13,-132,-106
5506,1,1,-147,242,-97,-194,72,-95,-186,-28,-52,-57
5507,2,2,21,94,322,-101,-145,-307,-183,35,-110,-252
5508,3,3,-344,54,-101,392,-222,-22,-442,150,-253,-62
5509,4,4,-150,12,-77,-250,317,-51,-176,25,-212,-92
5510,5,5,-245,-9,-306,140,-221,359,-171,10,-199,-21
5511,6,6,13,-145,-185,-125,-22,76,311,-251,-94,-251
5512,7,7,-120,-1,-123,-144,-39,-108,-332,295,-87,37
5513,0,0,256,-158,-119,-107,-191,-6,-27,-43,-163,-58
5514,1,1,-185,234,-101,-227,102,-97,-222,-13,-96,-15
5515,2,2,14,26,373,-34,-273,-333,-199,32,-55,-232
5516,3,3,-185,-2,-93,317,-211,-10,-342,90,-186,-44
5517,4,4,-160,28,-126,-251,280,-68,-150,111,-252,-137
5518,5,5,-207,-17,-319,71,-156,337,-126,-4,-230,35
5519,0,0,159,-39,-165,-144,-172,44,21,-49,-152,-133
5520,1,1,-159,252,-136,-225,106,-61,-166,-64,-81,-80
5521,2,2,43,78,388,-105,-247,-337,-178,-1,-76,-311
5522,8,8,24,-215,-6,18,-212,5,-126,-10,151,2
5523,9,9,-131,-110,-23,-2,-5,-70,-267,105,2,140
5524,1,1,-145,238,-115,-256,116,-98,-176,-30,-104,-52
5525,4,4,-59,-65,-40,-218,236,-97,-39,-53,-127,-42
5526,0,0,194,14,-100,-262,-200,-33,-88,31,-172,-161
5527,9,9,-23,-91,-72,-117,46,-64,-172,50,-85,116
5528,5,5,-75,-122,-292,-35,-186,289,-62,0,-156,29
5529,0,0,150,-29,-106,-204,-181,-22,-122,94,-163,-109
5530,8,8,34,-174,-96,22,-240,5,-85,-28,173,-38
5531,0,0,269,-198,-8,-191,-170,-120,-38,-26,-119,-81
5532,7,7,-138,76,-166,-205,47,-75,-243,188,-103,-4
5533,7,7,-98,-40,-157,-146,-38,-102,-311,280,-53,51
5534,1,1,-79,250,-109,-257,71,-84,-118,-58,-102,-116
5535,1,1,-148,227,-101,-251,100,-103,-200,-12,-112,-21
5536,2,2,-102,70,283,111,-391,-330,-359,120,18,-163
5537,9,9,-28,-119,-76,-83,39,-64,-200,33,-60,158
5538,3,3,-423,37,-103,533,-303,-72,-447,95,-6,-74
5539,6,6,39,-98,-227,-196,-24,-11,265,-176,-40,-202
5540,7,7,-138,-1,24,-16,-104,-174,-397,280,-142,26
5541,2,2,-99,25,351,175,-487,-399,-389,120,38,-204
5542,3,3,-292,-37,-66,357,-223,-70,-450,198,-161,-42
5543,8,8,15,-204,-30,65,-178,-57,-53,-79,174,-27
5544,1,1,-117,230,-140,-252,108,-85,-150,-65,-106,-66
5545,2,2,-11,-3,379,94,-258,-414,-301,99,-98,-228
5546,9,9,-34,-77,-105,-182,69,-92,-189,30,-97,147
5547,8,8,69,-208,-18,55,-175,-82,-127,-5,122,-21
5548,8,8,6,-143,76,7,-173,-78,-20,-74,174,-136
5549,7,7,-118,-31,-62,-104,-67,-161,-367,324,-108,45
5550,1,1,-137,249,-142,-245,105,-50,-142,-67,-97,-89
5551,7,7,-137,-40,-126,-126,-29,-122,-353,330,-119,60
5552,1,1,-109,244,-111,-259,99,-107,-175,-45,-144,-86
5553,1,1,-146,262,-137,-252,106,-66,-159,-63,-93,-89
5554,0,0,209,-106,-151,-115,-238,20,-95,84,-160,-91
5555,3,3,-412,69,-131,477,-256,-44,-446,169,-168,-104
5556,4,4,12,-44,18,-239,214,-141,-117,12,-216,-49
5557,2,2,-62,27,368,145,-418,-411,-343,85,11,-235
5558,6,6,53,-276,-342,-116,-68,51,362,-208,-11,-163
5559,4,4,-29,-46,-59,-237,214,-79,-87,-32,-201,18
5560,7,7,-119,9,-179,-212,19,-114,-328,283,-84,31
5561,4,4,-18,-41,-15,-274,241,-127,-138,23,-225,-30
5562,2,2,-46,-78,306,130,-328,-355,-291,-7,147,-146
5563,7,7,-196,64,75,23,-123,-267,-508,360,-199,-51
5564,4,4,-26,-74,81,-194,199,-139,-96,7,-117,-129
5565,9,9,-164,-104,-83,-58,78,-84,-331,99,-12,202
5566,1,1,-58,271,-125,-298,58,-62,-103,-69,-99,-163
5567,0,0,177,-99,-135,-145,-192,-6,-63,29,-130,-61
5568,6,6,49,-218,-303,-133,-72,84,344,-224,-77,-208
5569,8,8,38,-225,39,43,-168,-54,-167,-35,159,7
5570,5,5,-55,-227,-247,-71,-179,304,32,-97,-128,67
5571,5,5,-171,-92,-272,-8,-110,327,-77,-29,-188,43
5572,5,5,-102,-127,-291,-24,-184,317,-23,-67,-199,61
5573,3,3,-303,-58,-303,424,-249,216,-250,12,-137,-51
5574,5,5,-139,-57,-230,-8,-183,313,-26,-82,-162,1
5575,9,9,-144,-158,-74,-6,36,-101,-359,113,9,214
5576,7,7,-193,13,40,47,-142,-267,-546,372,-169,-3
5577,4,4,-18,-29,-13,-253,218,-100,-21,-76,-139,-71
5578,8,8,6,-120,-102,-92,-86,-64,-93,-88,164,25
5579,5,5,-118,-174,-207,-55,-185,313,34,-139,-50,35
5580,9,9,-107,-146,-77,-82,59,-75,-288,91,-54,198
5581,6,6,44,-171,-279,-108,-80,75,306,-251,-25,-207
5582,9,9,-118,-87,-65,-80,56,-90,-295,95,-46,174
5583,3,3,-328,-6,-252,397,-277,134,-339,29,-50,-1
5584,0,0,219,-138,-157,-73,-223,9,-91,30,-108,-99
5585,3,3,-345,19,-152,470,-295,-30,-418,69,-66,-27
5586,8,0,111,-131,2,-159,-104,-65,-30,-60,39,-67
5587,9,9,-155,-158,-89,-6,39,-78,-345,81,12,227
5588,1,1,-28,275,-125,-299,53,-55,-52,-120,-98,-207
5589,8,8,-19,-147,-9,32,-163,-123,-112,-97,254,12
5590,1,1,-79,252,-124,-260,87,-94,-140,-62,-120,-116
5591,6,6,52,-163,-277,-170,-17,87,329,-279,-85,-195
5592,0,0,255,-129,-76,-154,-216,-26,-57,0,-171,-87
5593,0,0,219,-230,-29,-129,-140,-17,114,-187,-78,-79
5594,1,1,-118,259,-107,-230,69,-52,-158,-74,-40,-96
5595,2,2,10,11,255,7,-33,-245,-184,10,-163,-204
5596,3,3,-176,7,-120,259,-171,-6,-309,33,-94,22
5597,4,4,-198,70,-57,-208,289,-112,-169,13,-126,-106
5598,5,5,-142,-110,-308,-12,-153,347,-12,-79,21,-49
5599,6,6,-8,-156,-133,-103,-76,81,279,-210,-58,-185
5600,7,7,-110,89,-89,-247,72,-95,-252,125,-149,34
5601,8,4,-101,96,-86,-64,122,-105,-105,-18,10,-165
5602,9,9,-155,-105,-115,-50,63,-63,-318,94,-4,195
5603,0,0,189,-152,-209,-143,-183,59,28,19,-171,-10
5604,1,1,-173,246,-124,-220,93,-82,-201,-32,-105,-42
5605,2,2,-21,-16,393,67,-250,-373,-324,107,-62,-226
5606,3,3,-309,8,-115,391,-190,-51,-444,81,-136,30
5607,4,4,-180,86,-69,-247,279,-109,-151,48,-169,-142
5608,5,5,-87,-87,-173,44,-118,203,-33,-4,-70,-24
5609,6,6,41,-261,-254,-130,-101,101,354,-207,-110,-162
5610,7,7,-78,-17,-143,-196,-63,-83,-236,310,-161,-15
5611,8,8,-87,25,-209,-26,38,3,-36,-91,69,-72
5612,9,9,-142,-117,-76,-20,37,-50,-294,86,1,175
5613,0,0,169,-151,-153,-118,-107,54,41,-90,-124,14
5614,1,1,-135,274,-132,-229,89,-79,-173,-76,-42,-83
5615,2,2,19,-63,345,63,-276,-389,-286,64,32,-182
5616,3,3,-148,4,-21,303,-220,-72,-346,54,-100,-49
5617,4,4,-211,79,-96,-192,227,-77,-201,91,-122,-58
5618,5,5,-184,-56,-147,4,-177,304,-73,-68,-58,-10
5619,6,6,8,-144,-151,-156,-29,86,264,-148,-127,-202
5620,7,7,-84,32,-129,-237,-7,-107,-278,264,-134,2
5621,8,8,-149,-30,-189,72,11,-27,-84,-96,215,-91
5622,9,9,-191,-38,-100,-102,128,-36,-271,28,-60,198
5623,3,3,-4,2,-27,144,-205,19,-239,38,-157,-94
5624,5,5,-158,-142,-245,-3,-212,367,-66,-97,2,7
5625,3,3,-281,41,-127,353,-186,4,-374,80,-173,-30
5626,2,2,-76,-29,279,116,-289,-325,-307,99,78,-141
5627,9,9,-189,-92,-90,-34,68,-46,-310,25,-18,231
5628,3,3,-116,34,-3,259,-193,-32,-291,58,-162,-114
5629,2,2,-48,-24,369,78,-294,-364,-310,96,15,-184
5630,1,1,-199,216,-103,-208,95,-122,-268,14,-91,31
5631,4,4,-159,88,-21,-208,269,-134,-129,23,-150,-186
5632,5,5,-165,-131,-299,44,-195,370,-72,-117,-104,40
5633,5,5,-91,-90,-287,-74,-193,326,-7,-99,-12,-39
5634,2,3,36,-133,133,139,-160,-225,-262,64,5,-50
5635,3,3,-353,2,-243,424,-204,66,-339,35,-23,-2
5636,2,2,-38,-6,248,107,-127,-251,-266,85,-120,-163
5637,1,1,-105,255,-109,-236,84,-78,-145,-47,-70,-104
5638,3,3,-254,61,-112,321,-187,51,-254,69,-163,-99
5639,9,9,-175,-78,-103,-25,0,27,-249,93,-85,153
5640,7,7,-85,-30,-84,-111,-59,-100,-249,247,-111,46
5641,2,2,-35,12,264,69,-77,-288,-255,51,-80,-200
5642,1,1,-38,247,-179,-341,51,-20,-66,-67,-83,-192
5643,2,2,-57,18,303,84,-146,-306,-234,44,-33,-241
5644,8,8,-102,-75,-290,10,19,47,-21,-108,187,-97
5645,9,9,-171,-126,-98,-16,71,-61,-327,66,-75,227
5646,1,1,-47,243,-108,-262,60,-52,-60,-78,-103,-174
5647,8,8,-118,-45,-221,31,5,28,23,-114,164,-161
5648,8,8,-132,23,-205,-85,44,-41,-130,-80,200,-37
5649,7,7,-73,88,-104,-307,60,-121,-264,178,-205,-11
5650,8,8,-118,-136,-259,9,-89,87,18,-110,266,-81
5651,1,1,-147,233,-125,-244,94,-101,-198,-24,-92,-22
5652,0,0,268,-158,-31,-127,-170,-57,-34,-77,-171,-97
5653,0,0,264,-296,-65,-101,-173,-52,39,-114,-75,4
5654,7,7,-16,31,9,-85,-108,-145,-228,141,-4,-12
5655,7,7,-30,-7,61,15,-235,-225,-289,178,40,-26
5656,8,8,-178,1,-201,71,17,7,-112,-108,180,-68
5657,7,7,-97,-15,-96,-118,-62,-86,-312,290,-113,23
5658,5,5,-159,-93,-240,16,-111,281,-69,-17,-91,22
5659,0,0,287,-168,-69,-147,-217,-40,-19,-54,-161,-92
5660,6,6,-1,-140,-114,-133,-83,82,311,-276,-67,-249
5661,1,1,-61,263,-121,-257,44,-96,-108,-59,-86,-145
5662,5,5,-52,-87,-248,15,-214,290,-48,-101,-139,3
5663,7,7,-82,40,-116,-231,16,-110,-273,222,-156,15
5664,4,4,-118,68,-54,-238,275,-128,-111,51,-175,-219
5665,6,6,10,-116,-195,-164,1,86,303,-281,-84,-224
5666,1,1,-63,276,-140,-308,75,-109,-129,-41,-137,-152
5667,2,2,53,-26,269,-29,-80,-252,-191,41,-109,-214
5668,5,5,-126,-181,-265,-60,-231,381,-60,-130,-32,64
5669,0,0,248,-156,-189,-158,-293,93,-37,54,-157,-104
5670,7,7,-127,0,-159,-179,6,-86,-268,299,-130,15
5671,9,9,-130,-134,-135,-14,53,-46,-242,1,-24,238
5672,9,9,-159,-156,-87,-64,117,-61,-281,85,-97,214
5673,0,0,244,-132,-82,-137,-206,12,-69,-25,-172,-54
5674,3,3,-90,-57,-123,327,-239,34,-268,2,-110,-50
5675,8,8,-138,95,-226,-39,52,20,-27,-135,104,-193
5676,4,4,-73,18,-34,-115,131,-82,-34,56,-79,-196
5677,4,4,-90,97,65,-217,210,-122,-43,-65,-144,-309
5678,8,5,-74,38,-141,35,-79,72,2,-84,22,-147
5679,1,1,-131,230,-116,-256,100,-87,-162,-28,-100,-48
5680,8,8,-179,-100,-161,144,-83,11,-221,-18,164,74
5681,6,6,-48,-87,-185,-120,-26,86,298,-247,-82,-304
5682,5,5,-117,-150,-230,-111,-206,347,-25,-131,-31,66
5683,9,9,-189,-111,-129,-33,45,49,-209,40,-37,177
5684,0,0,286,-159,-117,-119,-216,-15,-21,-41,-184,-57
5685,0,0,220,-122,-134,-135,-297,65,-20,15,-106,-140
5686,0,0,294,-163,-143,-142,-316,20,-29,24,-177,-98
5687,3,3,-172,-11,-131,303,-212,8,-308,35,-92,11
5688,7,7,-97,38,-109,-213,12,-100,-289,230,-130,29
5689,1,1,-113,230,-120,-260,92,-72,-144,-40,-98,-65
5690,6,6,-29,-102,-166,-109,-32,94,242,-133,-90,-239
5691,4,4,-110,68,10,-218,235,-120,-120,27,-125,-169
5692,2,2,-14,33,377,-10,-200,-357,-302,82,-60,-221
5693,6,6,-13,-147,-157,-104,-58,81,297,-244,-53,-233
5694,6,6,19,-185,-192,-147,-75,78,318,-208,-49,-178
5695,0,0,234,-151,-69,-146,-252,11,-24,-19,-98,-103
5696,4,4,-115,60,-15,-187,212,-49,-68,-37,-154,-151
5697,5,5,-167,-48,-210,-12,-132,284,-119,-64,-84,61
5698,4,4,-161,110,-78,-259,258,-74,-121,26,-156,-168
5699,1,1,-151,229,-100,-194,85,-110,-211,-22,-42,-26
5700,3,3,-304,70,-111,284,-151,-90,-400,82,-52,32
5701,8,8,-87,-31,-91,29,28,-62,-69,-89,180,-114
5702,6,6,28,-104,-173,-134,-32,76,227,-149,-138,-172
5703,3,3,-171,-3,-164,306,-228,67,-255,27,-84,-28
5704,9,9,-197,-108,-59,13,35,-12,-316,50,-57,205
5705,9,9,-174,-91,-91,-32,57,-16,-270,14,-17,208
5706,5,5,-162,-59,-155,-9,-193,274,-121,-49,14,-5
5707,9,9,-121,-177,-56,9,10,-48,-265,40,6,207
5708,3,3,-274,1,-219,368,-234,41,-391,59,-137,37
5709,7,7,-76,43,-96,-192,32,-122,-246,166,-98,22
5710,8,8,-115,-4,-162,42,-53,-11,-85,-125,177,-32
5711,5,5,-188,0,-206,-19,-202,315,-162,-51,-93,35
5712,6,6,17,-107,-118,-144,-31,51,248,-179,-91,-203
5713,4,4,-130,50,-67,-280,312,-64,-117,2,-201,-173
5714,7,7,-108,49,-94,-235,62,-143,-307,207,-124,32
5715,6,6,-38,-87,-168,-81,-52,83,240,-206,-55,-209
5716,2,2,-16,18,399,48,-265,-418,-329,109,-67,-237
5717,2,2,-24,-104,318,104,-361,-323,-279,46,117,-127
5718,0,0,208,-178,-88,-93,-218,23,-13,-57,-61,-72
5719,9,9,-57,-131,-98,-89,18,34,-126,71,-79,99
5720,4,4,-191,110,-20,-130,193,-118,-155,51,-125,-141
5721,0,0,198,-99,-45,-171,-182,-56,-97,45,-157,-79
5722,1,1,-67,271,-124,-315,114,-101,-98,-69,-124,-173
5723,2,2,-64,58,323,-3,-176,-279,-270,97,-52,-208
5724,3,3,-293,37,-94,381,-211,-138,-449,92,-101,39
5725,4,4,-157,-9,-49,-198,256,-190,-236,220,-227,-142
5726,5,5,-105,-99,-178,8,-133,242,-81,-50,-90,61
5727,6,6,86,-71,-117,-252,3,15,215,-177,-170,-208
5728,7,7,-154,48,-178,-163,53,-48,-163,256,-147,-128
5729,8,8,-56,-118,-53,-27,-154,-27,-85,-69,207,68
5730,9,7,-42,-118,-43,-24,-26,-99,-247,115,-20,114
5731,0,0,129,-47,-40,-88,-108,-54,-148,46,-190,-35
5732,1,1,-81,254,-81,-285,101,-151,-155,-13,-118,-127
5733,2,2,-119,94,378,-39,-287,-189,-269,94,-40,-252
5734,3,2,-66,31,73,-2,-80,2,-125,68,-61,-87
5735,5,5,-163,12,-110,35,-43,145,-38,-53,-99,-55
5736,6,6,9,-155,12,-39,-32,-57,125,-76,-103,-167
5737,0,7,93,-93,-2,-114,-56,-192,-256,142,-217,26
5738,1,1,-65,298,-132,-388,105,-125,-120,-49,-142,-195
5739,2,2,-95,87,369,7,-193,-287,-321,146,-120,-279
5740,3,3,-278,52,-67,266,-194,-12,-368,140,-145,-34
5741,4,4,-176,73,-129,-262,315,-93,-185,69,-153,-148
5742,5,5,-230,-2,-146,82,-152,264,-172,19,-197,-5
5743,6,6,-24,-88,3,-85,-16,-14,207,-198,-115,-286
5744,8,8,-101,-108,-68,-100,-122,-7,-42,-132,254,27
5745,7,1,-107,145,-72,-77,-85,-149,-299,144,-65,-2
5746,1,1,-41,307,-79,-403,94,-161,-118,-42,-139,-238
5747,3,3,-352,18,-14,417,-264,-115,-476,145,-102,-36
5748,2,2,-102,121,291,-78,-96,-230,-180,56,-35,-327
5749,8,6,-101,-107,31,-178,-96,47,91,5,42,-172
5750,0,0,144,-100,49,-216,41,-314,-211,73,-185,-67
5751,7,7,-171,-34,-84,8,-43,-173,-416,325,-117,49
5752,5,3,-133,-6,17,104,-142,98,-163,7,-231,-93
5753,9,9,-77,-252,-137,-51,-15,63,-117,-23,-24,202
5754,9,9,-29,-162,-97,-61,62,-47,-128,26,-74,141
5755,6,6,9,-167,-137,-150,-33,34,348,-266,-58,-263
5756,0,0,187,-186,69,-122,91,-239,-66,-100,-237,-43
5757,9,7,30,-227,-136,-42,-34,-110,-172,124,-75,90
5758,4,4,-163,43,-144,-220,353,-168,-188,15,-100,-155
5759,1,1,-61,277,-41,-304,83,-186,-138,10,-144,-217
5760,3,3,-141,-39,23,315,-253,-151,-420,119,-99,-39
5761,2,2,-70,75,338,-73,-128,-189,-116,13,-140,-371
5762,1,1,-59,282,-80,-351,111,-144,-112,-52,-155,-191
5763,2,2,-30,1,337,-56,-159,-191,-76,-5,-96,-325
5764,3,3,-323,-14,-93,369,-240,-5,-408,139,-118,-32
5765,8,8,-41,-125,-3,-85,-83,-95,-40,-29,230,-86
5766,3,3,-291,-17,-98,395,-222,-124,-452,59,-16,68
5767,2,2,-97,84,440,-31,-252,-278,-279,98,-82,-308
5768,6,6,38,-122,-127,-183,-9,20,275,-201,-157,-246
5769,5,5,-56,-130,-153,-58,-138,215,31,-110,-27,29
5770,6,6,5,-43,-130,-210,25,28,222,-181,-125,-250
5771,8,8,-82,-121,91,-104,-120,-58,11,-12,157,-92
5772,2,2,-39,100,299,-26,-159,-171,-203,60,-181,-243
5773,7,7,-195,15,-37,-10,-101,-81,-311,254,-123,21
5774,4,4,-186,83,-85,-227,317,-132,-235,32,-163,-112
5775,8,8,-108,-105,-40,-63,-116,-31,-78,13,216,-12
5776,1,1,-83,295,-104,-279,72,-140,-143,-4,-146,-189
5777,8,8,-211,-57,41,-37,-186,42,-66,72,199,-142
5778,0,0,158,-49,46,-203,69,-203,-133,10,-281,-133
5779,5,5,-218,-63,-204,34,-182,342,-148,-45,-133,37
5780,3,3,-188,-22,49,294,-227,-122,-377,140,-122,-70
5781,9,9,-71,-190,-73,22,20,-64,-259,52,-52,183
5782,4,4,-121,-120,15,-128,259,-145,-190,63,-117,-16
5783,1,1,-54,273,-116,-308,91,-96,-97,-71,-116,-174
5784,9,9,-66,-149,-62,-79,64,-11,-161,45,-164,162
5785,2,2,-116,66,334,117,-220,-236,-228,66,-136,-298
5786,1,1,-61,277,-90,-318,90,-121,-119,-37,-138,-174
5787,9,9,-27,-187,-141,-64,-35,58,-76,10,-49,123
5788,6,6,6,-186,-212,-123,-18,87,339,-248,-107,-209
5789,7,7,-186,11,-7,-12,-86,-153,-384,329,-177,-21
5790,9,9,-105,-175,-34,14,-11,-42,-294,87,-57,165
5791,0,0,232,-214,-25,-134,49,-158,1,-167,-212,-4
5792,4,4,-88,-20,-192,-249,282,-101,-30,-25,-105,-193
5793,6,6,-16,-110,-228,-136,24,80,286,-209,-137,-222
5794,1,1,-103,314,-96,-250,56,-189,-181,18,-124,-188
5795,7,7,-172,1,-38,13,-55,-202,-428,311,-122,36
5796,3,3,-364,40,-93,441,-216,-78,-448,123,-171,-33
5797,8,8,-276,147,-242,-58,127,-6,-116,-142,162,-205
5798,7,7,-180,48,11,1,-93,-147,-387,270,-162,-2
5799,2,2,-124,154,390,3,-257,-298,-370,207,-190,-330
5800,9,9,-83,-158,-55,-107,78,-79,-229,128,-185,180
5801,6,6,118,-203,-180,-80,-34,-21,218,-185,-38,-148
5802,5,5,-126,-61,-147,73,-176,213,-159,-43,-53,48
5803,8,8,-194,30,30,-98,11,-28,26,-73,135,-307
5804,3,3,-272,-75,-165,456,-264,-49,-424,76,-91,34
5805,9,9,-90,-224,-84,14,33,-69,-288,55,-65,216
5806,0,0,211,-122,46,-183,13,-196,-25,-107,-223,-91
5807,5,5,-157,-46,-154,28,-166,249,-149,-31,-77,46
5808,7,7,-150,20,-21,-16,-55,-174,-372,267,-131,22
5809,1,1,-96,308,-74,-318,79,-175,-147,-8,-114,-200
5810,6,6,-51,-147,-95,-61,8,39,267,-220,-46,-246
5811,1,1,-93,336,-91,-336,96,-197,-154,-17,-144,-229
5812,0,0,249,-20,8,-272,-71,-167,-90,-37,-268,-197
5813,9,9,-104,-194,-137,18,25,-41,-259,35,5,215
5814,3,3,-100,30,26,202,-129,-57,-235,46,-229,-114
5815,3,3,-251,80,-25,351,-225,-102,-376,128,-198,-96
5816,4,4,-117,-60,-113,-237,355,-117,-122,36,-220,-167
5817,4,4,-145,36,-70,-278,389,-156,-183,-1,-195,-186
5818,0,0,249,-2,9,-255,-111,-151,-41,-61,-249,-225
5819,6,6,15,-120,-220,-135,20,82,265,-235,-115,-173
5820,2,2,-88,55,343,12,-250,-259,-324,163,-113,-221
5821,5,5,-155,-30,-296,106,-143,249,-32,-113,-88,-25
5822,4,4,-138,12,-68,-269,351,-155,-182,28,-154,-133
5823,2,2,-28,59,289,-23,-188,-249,-286,127,-124,-188
5824,3,3,-329,-17,-18,305,-210,-63,-409,94,9,21
5825,4,4,-94,-121,-4,-203,261,-175,-174,88,-162,-43
5826,6,6,1,-172,-140,-125,-37,57,286,-154,-87,-222
5827,0,0,155,-110,-34,-97,-37,-88,-74,-46,-173,-15
5828,0,0,114,-65,-163,-62,-70,20,-16,-54,-253,2
5829,2,2,-87,99,321,-49,-133,-144,-129,7,-90,-327
5830,0,0,215,-149,-34,-50,-84,-70,-89,-48,-171,-11
5831,1,1,-28,257,-126,-273,30,-33,-35,-128,-84,-218
5832,4,4,-43,-63,7,-252,262,-55,-65,-7,-187,-119
5833,5,5,-114,-102,-253,21,-143,251,-166,42,-169,61
5834,6,6,-37,-169,-216,-97,-39,125,341,-271,-116,-249
5835,7,7,-59,-27,-14,-70,-21,-119,-227,225,-73,-26
5836,8,8,-113,-74,-172,-121,-76,19,-164,-81,215,89
5837,9,9,-158,-79,-82,-32,86,-84,-295,99,6,162
5838,0,0,207,-110,-28,-180,-94,-81,-44,-7,-150,-99
5839,1,1,-91,339,-128,-365,55,-179,-136,-32,-101,-236
5840,2,2,62,-35,259,11,-151,-244,-176,-17,-73,-169
5841,3,3,-77,-88,-64,166,-92,38,-123,10,-122,-16
5842,4,4,-95,-11,-70,-160,182,-87,-186,125,-145,-34
5843,5,5,-5,-68,-212,-30,-173,217,-85,0,-211,40
5844,6,6,28,-198,-89,-137,-94,-13,351,-280,41,-233
5845,7,7,-20,-64,-8,-132,-12,-171,-164,230,-83,-78
5846,8,8,-132,-182,-58,-113,-99,25,-62,-117,333,33
5847,0,0,131,22,-48,-244,35,-238,-249,110,-221,-119
5848,1,1,-74,304,-139,-315,66,-135,-159,-24,-134,-162
5849,2,2,-29,8,263,103,-201,-318,-282,83,-53,-198
5850,3,3,-447,73,-150,425,-189,26,-440,163,-196,-62
5851,4,4,8,2,-1,-297,209,-129,-116,0,-228,-49
5852,5,5,-150,-62,-255,58,-204,326,-88,-72,-173,21
5853,6,6,-8,-99,-179,-173,56,45,303,-287,-96,-263
5854,7,7,-55,-17,-55,-134,68,-105,-164,204,-126,-56
5855,8,8,-62,-41,-120,-104,-130,40,-62,-62,148,5
5856,9,9,-141,-174,-85,-13,74,-75,-283,81,-28,218
5857,8,8,-127,-166,11,120,-141,-92,-212,-100,240,69
5858,7,7,-47,-53,-99,-96,-1,-86,-160,207,-60,-42
5859,1,1,-111,244,-115,-204,76,-81,-136,-58,-51,-94
5860,3,3,-384,48,-174,393,-174,73,-353,94,-147,-47
5861,7,7,-46,-17,48,-103,-28,-158,-214,228,-87,-55
5862,5,5,-112,-17,-227,29,-198,282,-126,6,-213,8
5863,2,2,-38,-20,350,104,-346,-385,-293,65,54,-206
5864,8,8,-86,-152,88,108,-225,-174,-210,-16,266,5
5865,0,0,225,-146,-25,-156,-129,-106,-122,3,-155,-49
5866,7,7,-96,-14,-90,-145,62,-142,-258,295,-136,-65
5867,5,5,-67,-24,-219,1,-196,258,-125,31,-235,-3
5868,9,9,-154,-139,-133,-125,42,28,-200,17,8,213
5869,9,9,-149,-162,-89,-48,38,30,-202,-8,-42,223
5870,0,0,99,52,-52,-294,-36,-103,-141,54,-214,-92
5871,9,9,-94,-211,-178,-96,40,34,-107,-1,-46,215
5872,1,1,-56,248,-116,-294,69,-86,-107,-47,-99,-128
5873,1,1,-40,213,-88,-247,55,-73,-84,-35,-93,-134
5874,5,5,-85,-16,-209,29,-201,264,-76,-52,-150,-11
5875,8,8,-62,-106,-21,3,-135,-132,-166,-101,255,54
5876,8,8,-161,-42,108,73,-190,-174,-300,54,187,10
5877,6,0,127,-94,-175,-234,-42,57,117,-120,-204,-146
5878,3,3,-203,-21,-123,297,-155,35,-238,21,-72,1
5879,2,2,-34,54,353,20,-237,-337,-244,74,-76,-274
5880,1,1,-138,220,-94,-200,70,-100,-172,0,-74,-47
5881,8,8,-117,-118,41,77,-201,-100,-200,-2,238,10
5882,3,3,-348,0,-107,352,-88,-24,-362,19,-27,40
5883,2,2,1,-17,354,73,-273,-358,-311,92,-98,-187
5884,6,6,15,-182,-219,-46,-90,69,287,-208,-96,-175
5885,5,5,-130,15,-155,47,-153,206,-157,-7,-158,32
5886,6,6,-27,-75,-103,-154,32,38,281,-270,-59,-313
5887,7,7,49,-50,-124,-194,-160,-4,-160,261,-221,-37
5888,4,4,95,-40,-47,-262,132,-71,-61,-59,-204,-51
5889,1,1,-159,231,-123,-239,111,-82,-169,-29,-95,-49
5890,0,0,153,42,-102,-237,-173,6,-20,-12,-162,-171
5891,5,5,-21,-56,-176,16,-70,125,62,-80,-148,-95
5892,3,3,-237,50,-64,281,-140,-9,-288,82,-156,-51
5893,1,1,-66,243,-112,-241,88,-60,-87,-73,-74,-137
5894,9,9,-206,-127,-53,18,73,-77,-342,98,-36,208
5895,2,2,4,97,285,-64,-93,-277,-184,12,-96,-263
5896,1,1,-127,230,-98,-227,91,-88,-161,-29,-65,-57
5897,9,9,-34,-139,-89,-47,29,-60,-169,67,-71,162
5898,6,6,-5,-173,-172,-142,-22,97,338,-267,-79,-245
5899,0,0,226,-103,-11,-204,-120,-66,-9,-52,-224,-111
5900,4,4,-97,-33,-34,-231,296,-60,-130,26,-188,-121
5901,6,6,31,-86,-105,-167,42,5,242,-233,-65,-213
5902,1,1,-64,259,-124,-273,72,-87,-102,-41,-113,-158
5903,7,7,-84,17,-108,-167,58,-93,-218,186,-115,0
5904,3,3,-386,35,-111,326,-165,-5,-401,141,-58,-24
5905,8,8,-112,-67,-24,104,-79,-84,-166,-18,180,12
5906,7,7,-65,-11,-15,-90,63,-166,-211,208,-103,-54
5907,2,2,-41,14,209,47,-183,-286,-291,91,13,-116
5908,9,9,-123,-147,-98,-49,17,16,-208,15,-5,198
5909,6,6,60,-144,-124,-182,-8,37,292,-260,-64,-246
5910,5,5,-114,3,-196,-48,-79,219,-86,-13,-192,34
5911,8,8,-75,-133,-39,51,-117,-50,-140,-2,210,21
5912,3,3,-111,-37,-97,266,-174,47,-222,48,-143,-55
5913,5,5,30,-32,-145,-26,-70,99,-3,-29,-128,-47
5914,7,7,-84,-21,-138,-180,67,-72,-176,214,-90,-31
5915,1,1,-73,237,-120,-241,88,-80,-96,-48,-94,-137
5916,6,6,22,-64,-65,-159,24,13,195,-176,-83,-196
5917,1,1,-124,228,-134,-251,98,-78,-144,-40,-83,-55
5918,0,0,217,-157,-44,-130,-145,-61,-45,-66,-102,-80
5919,9,9,-92,-137,-109,-86,63,-82,-265,45,-28,222
5920,6,6,-1,-31,-121,-209,47,29,267,-287,-74,-276
5921,2,2,-77,155,251,-55,-159,-296,-285,143,-74,-203
5922,5,5,-46,11,-215,37,-152,171,-114,47,-211,-16
5923,4,4,-62,16,-16,-278,249,-89,-107,-5,-150,-73
5924,2,2,-33,113,325,-77,-174,-285,-206,54,-65,-238
5925,3,3,-341,30,-107,328,-122,-1,-346,122,-169,-34
5926,4,4,-85,-75,-57,-227,218,-66,-138,25,-122,41
5927,4,4,-61,-30,-15,-241,262,-84,-119,40,-193,-112
5928,6,6,-6,-131,-117,-140,-28,75,285,-221,-81,-231
5929,0,0,231,-118,-103,-132,-216,-17,-48,41,-160,-111
5930,0,0,266,-191,-87,-116,-147,-81,-62,-46,-168,-18
5931,2,2,-32,97,364,-65,-161,-320,-190,26,-70,-296
5932,0,0,230,-113,-152,-70,-161,-7,-58,-37,-196,-46
5933,1,1,-167,250,-105,-214,110,-80,-189,-57,-47,-61
5934,2,2,26,92,218,-107,-152,-122,-137,9,-170,-202
5935,3,3,-144,28,-140,169,-144,7,-292,20,-95,68
5936,4,4,-160,-20,-27,-165,238,-89,-230,84,-132,17
5937,5,3,-243,-13,-171,175,-131,159,-259,18,-164,54
5938,6,6,47,-144,-209,-179,-3,82,262,-157,-198,-213
5939,7,7,-173,55,-26,-33,-102,-61,-272,198,-90,8
5940,8,8,22,-258,11,90,-184,-84,-33,-137,225,-14
5941,9,9,-145,-193,-66,48,37,-38,-295,12,4,237
5942,0,0,180,-151,-55,-103,-37,-23,-68,-46,-218,35
5943,1,1,-141,254,-142,-198,86,-27,-139,-103,-58,-106
5944,2,2,7,39,256,-147,-168,-164,-120,70,-65,-197
5945,3,3,-215,-17,-128,297,-216,-35,-351,0,-13,90
5946,4,4,-217,38,-62,-171,295,-86,-245,49,-136,-50
5947,5,5,-173,-121,-306,70,-171,345,-129,-44,-126,79
5948,6,6,3,-133,-194,-145,1,70,298,-203,-164,-241
5949,7,7,-175,33,-44,-37,-89,-68,-267,243,-113,-13
5950,8,8,-29,-107,-23,43,-137,-38,-56,-89,148,-35
5951,9,9,-185,-75,-92,-37,74,-6,-281,6,-43,212
5952,0,0,192,-112,-136,-79,-146,-2,-82,11,-196,-14
5953,1,1,-155,223,-93,-157,75,-71,-179,-39,-40,-60
5954,2,2,-40,76,326,-23,-188,-163,-245,74,-194,-236
5955,3,3,-130,-116,-78,229,-102,-27,-272,-25,27,95
5956,4,4,-190,-32,-10,-160,273,-56,-176,24,-117,-43
5957,5,5,-150,-112,-219,57,-186,288,-144,-52,-79,77
5958,6,6,2,-131,-179,-162,-19,90,287,-156,-166,-281
5959,7,7,-165,27,-27,-30,-99,-63,-270,222,-114,6
5960,8,8,50,-268,-13,51,-210,-40,-61,-94,186,22
5961,9,9,-197,-22,-63,-7,14,-40,-298,117,-64,121
5962,8,8,24,-261,69,82,-223,-67,-32,-97,205,-51
5963,6,6,-17,-46,-172,-156,-36,94,269,-260,-98,-319
5964,5,5,-157,-60,-228,125,-186,261,-181,5,-169,42
5965,0,0,207,-144,-174,-106,-191,28,-19,50,-196,-50
5966,6,6,2,-157,-166,-117,-80,97,318,-236,-88,-267
5967,8,8,9,-176,48,51,-146,-68,-26,-113,169,-47
5968,9,9,-148,-147,-35,11,58,-3,-219,-11,-47,198
5969,4,4,-200,-16,-43,-128,226,36,-123,-4,-122,-77
5970,1,1,-119,214,-106,-201,114,-47,-119,-86,-43,-82
5971,9,9,-202,-93,-113,-11,70,-20,-308,12,-8,225
5972,5,3,-210,-67,-235,242,-170,198,-224,-39,-68,64
5973,3,9,-110,-141,-175,148,-72,45,-204,-64,-7,161
5974,0,0,173,-85,-61,-137,-140,-10,-84,35,-203,-44
5975,4,4,-250,13,-72,-119,209,-21,-215,43,-86,34
5976,8,8,-18,-119,72,94,-246,-69,-87,-29,125,-59
5977,9,9,-208,-175,-128,17,97,-18,-326,26,-15,266
5978,1,1,-159,217,-79,-106,25,-79,-203,-10,-35,-50
5979,4,4,-210,2,6,-124,241,-87,-211,72,-118,-61
5980,0,0,201,-168,-168,-58,-143,25,-9,-59,-121,-16
5981,5,5,-180,-131,-195,171,-167,197,-279,-21,-98,136
5982,5,5,-249,12,-218,200,-182,242,-202,5,-167,2
5983,2,2,-25,101,147,-45,-148,-52,-188,49,-170,-140
5984,1,1,-150,209,-75,-123,34,-76,-201,-9,-29,-37
5985,5,5,-172,-106,-237,155,-212,256,-152,-40,-46,41
5986,4,4,-208,0,-19,-112,210,-50,-205,54,-83,-15
5987,0,0,161,-154,-202,-101,-138,29,-27,46,-192,4
5988,7,7,-122,33,-26,-28,-108,-57,-238,194,-98,0
5989,6,6,-30,0,-214,-154,-2,109,218,-271,-97,-266
5990,0,0,254,-167,-155,-119,-200,-4,-17,19,-178,-95
5991,1,1,-157,242,-119,-220,111,-83,-180,-48,-63,-62
5992,7,7,-146,19,-29,-18,-85,-71,-237,220,-110,-9
5993,0,0,259,-192,-169,-136,-198,5,18,9,-201,-61
5994,6,6,37,-152,-181,-165,-9,72,316,-250,-126,-232
5995,8,8,-27,-238,2,110,-245,-59,-134,-72,245,36
5996,9,9,55,-224,-28,-75,74,-42,-61,-72,-69,113
5997,5,5,-139,-93,-160,144,-189,174,-226,-41,-42,89
5998,1,1,-122,153,-57,-123,75,-69,-142,-17,-23,-36
5999,7,7,-131,-2,-30,-2,-86,-66,-240,205,-123,22
6000,9,9,-103,-95,-61,-28,39,-30,-218,41,-33,155
6001,8,8,-9,-169,-144,-29,-183,12,-37,-105,208,24
6002,6,6,-20,-42,-221,-113,-4,92,210,-196,-129,-233
6003,0,0,175,-140,-179,-55,-177,35,-5,0,-119,-83
6004,8,8,-25,-164,-29,57,-83,-19,-61,-58,98,22
6005,1,1,-108,191,-79,-151,63,-27,-118,-47,-36,-76
6006,7,7,-188,100,46,-18,-139,-127,-329,221,-86,-49
6007,7,7,-140,25,-42,-40,-95,-59,-239,230,-122,-9
6008,1,1,-176,217,-97,-150,82,-74,-205,-43,-39,-32
6009,3,3,-132,-47,-156,191,-158,35,-246,-6,-67,96
6010,2,2,-40,8,315,-85,-162,-152,-54,0,-56,-271
6011,3,9,-3,-76,-95,49,-96,8,-213,18,-117,76
6012,1,1,-137,238,-90,-196,98,-82,-164,-57,-43,-77
6013,4,4,-146,-13,7,-161,269,-67,-173,10,-181,-85
6014,2,2,-15,63,329,-108,-173,-166,-123,32,-146,-271
6015,0,0,184,-79,-153,-72,-174,9,-32,-5,-183,-64
6016,0,0,249,-143,-173,-116,-243,57,1,-14,-163,-93
6017,7,7,-235,82,87,22,-157,-249,-529,376,-204,-49
6018,8,8,-11,-220,59,65,-221,-87,-127,-69,231,23
6019,4,4,-228,40,-59,-101,167,-53,-233,95,-92,14
6020,6,6,-11,-76,-107,-146,-1,87,203,-166,-101,-181
6021,4,4,-239,39,-45,-111,209,-35,-222,-9,-52,31
6022,9,9,-155,-71,-32,13,43,-1,-202,1,-38,145
6023,3,3,-171,2,-126,157,-84,25,-236,-35,-46,97
6024,8,8,-75,-146,41,170,-209,-123,-192,-9,172,10
6025,4,4,-227,-28,18,-57,232,-89,-215,118,-181,-101
6026,7,7,-179,89,9,16,-143,-45,-263,159,-64,-38
6027,2,2,-39,89,239,-67,-181,-124,-87,-6,-64,-249
6028,5,5,-217,26,-296,209,-213,256,-182,-26,-115,-25
6029,6,6,-68,-67,-179,-61,-59,109,225,-193,-94,-268
6030,3,3,-74,-15,-71,202,-175,-71,-290,18,-77,52
6031,6,6,-20,-54,-224,-121,-31,97,226,-189,-103,-252
6032,9,9,-173,-122,-73,15,76,-25,-252,-9,-12,207
6033,6,6,4,-63,-206,-160,-8,94,246,-256,-95,-220
6034,3,3,-182,-43,-99,269,-167,-38,-372,2,-74,103
6035,2,0,100,56,79,-189,-75,-84,-119,67,-200,-144
6036,2,2,8,-12,321,-60,-130,-191,-110,23,-105,-250
6037,4,4,-199,-37,-57,-140,204,10,-179,33,-60,57
6038,6,6,-32,-128,-62,-133,-59,84,268,-175,-58,-290
6039,9,9,-146,-85,-78,-48,62,-16,-248,-9,-28,211
6040,0,0,147,-61,-123,-123,-180,56,-48,52,-146,-96
6041,2,2,-10,-6,259,-122,-130,-141,6,-51,-46,-252
6042,5,3,-195,-158,-197,241,-181,146,-284,-4,-21,121
6043,5,5,-146,-141,-302,166,-234,301,-136,-77,-79,47
6044,1,1,-139,245,-116,-222,114,-54,-152,-81,-51,-87
6045,3,3,-39,-65,-82,133,-173,-50,-204,-11,-41,74
6046,3,3,-231,24,-113,297,-212,-41,-292,21,-39,21
6047,9,9,-185,-148,-84,52,48,-28,-298,17,-11,223
6048,7,7,-199,88,25,-30,-143,-125,-381,255,-122,-23
6049,8,8,-51,-154,27,99,-209,-95,-164,-53,207,25
6050,7,7,-180,45,20,3,-144,-79,-316,239,-137,-20
6051,2,2,6,16,311,-101,-136,-216,-100,25,-47,-228
6052,2,2,-50,69,237,-42,-143,-126,-83,2,-87,-227
6053,5,5,-145,-142,-196,127,-80,176,-163,-14,-42,71
6054,7,7,-187,48,-28,8,-137,-61,-337,202,-113,37
6055,9,9,-133,-130,-79,3,47,-13,-226,7,-12,190
6056,8,3,-99,-134,14,146,-244,1,-153,-28,132,-27
6057,2,2,33,41,247,-157,-105,-147,-92,12,-134,-199
6058,1,1,-117,250,-111,-222,89,-62,-134,-71,-49,-97
6059,3,3,-44,-12,-19,90,-108,-37,-192,23,-48,25
6060,1,1,-157,258,-132,-232,128,-57,-152,-86,-67,-90
6061,3,3,-161,29,-99,243,-192,-33,-314,41,-119,28
6062,0,0,272,-253,-70,-126,-107,-96,-36,-79,-112,-29
6063,1,1,-51,254,-174,-251,70,-48,-84,-105,-132,-186
6064,2,2,-69,45,356,152,-336,-389,-291,49,-21,-270
6065,3,3,-121,-41,-93,247,-223,-7,-195,61,32,-116
6066,4,4,-192,10,-97,-219,333,-111,-170,111,-217,-188
6067,5,5,-145,-182,-308,9,-200,373,-88,-103,-100,96
6068,6,6,49,-283,-226,-185,-66,60,396,-221,-94,-202
6069,7,7,-206,23,-110,-101,8,-161,-380,346,-106,18
6070,8,8,64,-255,-73,-14,-153,-55,50,-170,210,-54
6071,9,9,-69,-232,-66,40,28,-44,-287,21,-73,196
6072,0,0,239,-214,7,-139,8,-82,-5,-140,-243,-58
6073,1,1,-84,254,-192,-265,97,-40,-93,-79,-150,-159
6074,2,2,-4,-7,440,88,-433,-444,-295,49,17,-274
6075,3,3,-281,-71,-290,355,-168,150,-223,75,-168,-86
6076,4,4,-180,-56,-97,-185,281,-71,-160,100,-226,-72
6077,5,5,-128,-191,-296,-66,-216,398,13,-166,31,4
6078,6,6,28,-202,-201,-159,-37,80,374,-272,-111,-252
6079,7,7,-161,28,-24,-94,-29,-177,-367,304,-142,24
6080,8,8,41,-305,40,17,-231,-48,36,-138,226,-56
6081,9,9,-17,-228,-64,-6,32,-19,-238,-1,-110,183
6082,0,0,220,-217,-22,-105,-13,-67,-41,-96,-149,2
6083,1,1,-30,265,-136,-290,30,-50,-65,-128,-75,-191
6084,2,2,-125,49,351,183,-418,-346,-320,65,33,-239
6085,3,3,-256,4,-227,388,-199,45,-292,56,-27,-80
6086,4,4,-175,-18,-123,-191,269,-79,-149,147,-228,-152
6087,5,5,-88,-168,-301,53,-130,277,14,-20,-73,-52
6088,6,6,-13,-227,-282,-31,-33,91,335,-254,-121,-190
6089,7,7,-131,-39,-52,-43,-29,-201,-384,315,-73,40
6090,8,8,69,-269,-39,40,-219,-21,-4,-113,186,-66
6091,9,9,55,-250,-121,-53,-32,12,-167,19,-98,143
6092,1,1,-111,276,-119,-263,97,-105,-165,-55,-104,-121
6093,2,2,-21,-10,280,66,-286,-303,-205,8,77,-196
6094,6,6,56,-205,-248,-135,-49,79,364,-286,-88,-251
6095,5,5,-115,-200,-298,-13,-91,318,24,-80,-111,18
6096,3,3,-348,13,-236,438,-197,72,-325,28,-54,-71
6097,0,0,234,-176,-142,-114,-170,18,1,-43,-102,-99
6098,7,7,-165,37,-57,-74,-54,-128,-341,260,-83,37
6099,0,0,242,-190,-58,-133,-101,-57,-54,-46,-126,-55
6100,4,4,-157,-100,-67,-159,298,-117,-142,142,-243,-142
6101,1,1,-48,219,-195,-288,79,41,-8,-138,-107,-207
6102,4,4,-108,-15,-83,-316,343,-103,-108,72,-279,-238
6103,3,3,-375,27,-240,464,-199,81,-308,45,-89,-91
6104,6,6,45,-253,-267,-86,-107,81,359,-250,-58,-196
6105,7,7,-207,-8,-147,-55,-6,-119,-362,301,-52,61
6106,2,2,-46,100,398,49,-279,-378,-313,87,-122,-299
6107,3,3,-396,31,-214,460,-231,75,-330,51,-54,-80
6108,1,1,-52,316,-136,-407,112,-140,-94,-91,-127,-243
6109,2,2,-20,80,266,-55,-134,-154,-163,58,-136,-217
6110,1,1,-48,263,-154,-318,81,-82,-98,-110,-101,-158
6111,2,2,-31,23,295,39,-352,-348,-264,86,52,-178
6112,9,9,2,-284,-124,-33,-6,-3,-203,36,-85,173
6113,6,6,122,-305,-274,-67,-77,31,325,-283,-3,-126
6114,0,0,285,-244,-91,-117,-123,-84,-6,-112,-121,-31
6115,1,1,-68,273,-176,-274,61,-105,-161,-44,-126,-148
6116,3,3,-341,9,-243,405,-203,75,-328,49,-60,-28
6117,0,0,268,-286,-21,-93,-82,-105,-65,-121,-123,46
6118,2,2,-96,101,365,109,-367,-323,-308,69,-75,-263
6119,7,7,-109,-54,-80,-46,-32,-162,-339,303,-64,36
6120,5,5,-60,-241,-254,-59,-87,275,81,-103,-59,11
6121,7,7,-183,-10,-122,-100,18,-111,-322,349,-176,-2
6122,6,6,6,-222,-274,-81,-60,107,355,-273,-90,-204
6123,2,2,-79,80,372,126,-325,-398,-333,94,-73,-262
6124,9,9,27,-215,-43,-66,-31,-46,-235,109,-153,131
6125,1,1,-128,256,-144,-254,104,-70,-144,-69,-83,-92
6126,9,9,-6,-259,-96,-44,-27,21,-200,16,-101,184
6127,0,0,241,-143,-178,-113,-244,41,-42,15,-138,-127
6128,6,6,41,-202,-208,-173,-65,80,361,-245,-71,-263
6129,0,0,240,-125,-133,-187,-268,44,-75,62,-168,-111
6130,6,6,53,-242,-269,-118,-62,85,354,-247,-71,-198
6131,0,0,273,-234,-102,-169,-168,-58,73,-105,-92,-67
6132,2,2,-37,38,414,56,-374,-416,-288,69,-2,-264
6133,0,0,279,-204,-146,-105,-196,-14,4,-73,-135,-86
6134,6,6,1,-201,-267,-69,-27,107,315,-247,-83,-212
6135,1,1,-35,297,-114,-380,100,-107,-76,-105,-134,-230
6136,5,5,-143,-117,-337,36,-108,288,-45,44,-106,-54
6137,8,8,7,-293,30,49,-143,-109,-12,-192,254,10
6138,4,4,-158,39,-143,-355,390,-64,-106,23,-234,-252
6139,3,3,-294,102,-54,393,-295,-79,-339,87,-23,-151
6140,0,0,196,-159,-105,-203,-62,-43,-9,0,-177,-114
6141,1,1,-61,294,-146,-321,87,-96,-125,-64,-128,-173
6142,5,5,-108,-159,-311,-46,-67,296,39,-41,-67,-33
6143,4,4,-141,12,-145,-306,379,-96,-129,78,-243,-255
6144,4,4,-65,-25,-96,-315,312,-109,-96,81,-289,-228
6145,8,8,12,-191,-163,-52,-190,23,-28,-115,195,27
6146,5,5,-120,-210,-320,-41,-192,375,34,-153,30,0
6147,7,7,-193,48,-92,-96,-6,-142,-337,302,-120,6
6148,5,5,-168,-182,-373,26,-94,356,-26,-74,-77,52
6149,7,7,-120,19,-109,-110,2,-133,-318,259,-85,15
6150,8,8,-16,-274,75,36,-234,-79,9,-177,289,-63
6151,3,3,-412,49,-215,475,-210,50,-338,63,-70,-97
6152,4,4,-173,33,-122,-310,375,-85,-167,58,-235,-178
6153,8,8,-26,-244,82,130,-327,-64,-112,-98,216,-40
6154,8,8,57,-270,-91,59,-271,46,-7,-113,174,-36
6155,5,5,-151,-150,-282,-29,-140,362,20,-122,-82,-12
6156,2,2,5,75,426,-53,-215,-330,-231,52,-165,-338
6157,9,9,56,-281,-85,-41,-38,-20,-159,-4,-70,141
6158,7,7,-223,60,-88,-20,-53,-136,-382,269,-87,31
6159,1,1,-51,287,-120,-324,79,-93,-107,-76,-132,-180
6160,3,3,-400,11,-61,449,-312,-45,-421,84,63,-76
6161,8,8,116,-335,8,89,-157,-152,-82,-117,160,40
6162,1,1,-69,240,-145,-273,87,-49,-82,-75,-132,-152
6163,0,0,233,-209,-67,-165,-60,-35,59,-115,-138,-81
6164,7,7,-188,30,-68,-87,-19,-158,-364,318,-129,19
6165,5,5,-100,-103,-274,35,-221,321,-77,-37,-135,11
6166,9,9,-22,-233,-145,13,42,-34,-219,5,-102,165
6167,6,6,-6,-224,-224,-94,-15,78,368,-264,-121,-243
6168,9,9,-16,-236,-136,-11,64,-64,-215,12,-56,154
6169,4,4,-120,-38,-147,-363,388,-126,-115,23,-216,-143
6170,7,7,-123,24,-58,-66,-38,-128,-317,234,-100,30
6171,7,7,-127,-30,-33,-27,-54,-176,-375,290,-103,46
6172,9,9,89,-251,-67,-87,-62,19,-68,-67,-65,115
6173,9,9,47,-209,-53,-67,28,-133,-175,43,-35,68
6174,3,3,-373,56,-252,431,-238,152,-239,18,-84,-166
6175,4,4,-139,8,-144,-300,354,-100,-139,94,-225,-214
6176,4,4,-161,-66,-50,-182,307,-94,-123,102,-215,-168
6177,3,3,-374,28,-202,470,-262,76,-359,79,-95,-100
6178,8,8,48,-271,74,79,-239,-95,-41,-159,208,-54
6179,6,6,7,-229,-240,-86,-65,144,285,-212,-68,-169
6180,2,2,-103,155,322,68,-256,-266,-308,96,-160,-277
6181,0,0,149,-116,-171,-136,-57,-22,-131,7,-176,-23
6182,1,1,-79,302,-131,-315,72,-116,-145,-35,-151,-166
6183,2,2,-11,75,365,-55,-133,-262,-203,28,-141,-287
6184,3,3,-311,-39,-107,391,-164,-79,-430,92,-32,25
6185,4,4,-196,108,-214,-294,376,-130,-205,46,-122,-193
6186,5,5,-190,-62,-244,9,-206,334,-131,-118,-45,68
6187,6,6,19,-156,-204,-186,9,55,328,-228,-136,-243
6188,7,7,-69,-59,-80,-112,23,-158,-302,257,-83,35
6189,8,8,-75,-95,-88,-76,-39,-60,-43,-169,245,-31
6190,9,9,-87,-205,-119,12,8,-37,-243,32,5,214
6191,0,0,200,-172,-74,-152,-85,-109,-135,39,-131,-15
6192,1,1,-74,293,-173,-314,91,-76,-79,-76,-131,-208
6193,2,2,-31,77,320,-19,-135,-224,-218,36,-150,-247
6194,3,3,-327,-38,-126,355,-105,3,-383,100,-120,14
6195,4,4,-208,14,-129,-216,378,-138,-218,27,-111,-100
6196,5,5,-82,-146,-248,-27,-153,296,-22,-92,-98,26
6197,6,6,17,-209,-175,-162,-33,57,372,-268,-28,-242
6198,7,7,-109,27,-127,-200,23,-99,-273,276,-141,-16
6199,8,8,-99,-170,-49,95,-174,-41,-111,-74,309,-25
6200,9,9,-153,-176,-71,1,57,-42,-291,61,-25,214
6201,0,0,257,-152,-29,-134,-114,-114,-51,-79,-172,-63
6202,1,1,-51,303,-112,-355,103,-126,-107,-58,-151,-211
6203,2,2,-87,109,346,20,-198,-329,-400,158,-115,-222
6204,3,3,-128,-108,-90,310,-206,-51,-367,50,-23,37
6205,4,4,-182,34,-174,-250,363,-145,-216,16,-82,-92
6206,5,5,-118,-136,-260,52,-197,323,-81,-55,-147,36
6207,6,6,-20,-220,-200,-73,-12,69,343,-264,-58,-216
6208,7,7,-75,4,-37,-70,-48,-157,-312,225,-82,27
6209,8,8,-104,-120,-82,-44,-77,-82,-174,-114,294,81
6210,9,9,-33,-235,-133,-3,-12,-67,-198,80,-9,178
6211,0,0,275,-106,-68,-203,-165,-82,-25,-48,-198,-165
6212,8,8,-111,-130,-72,39,-118,-72,-184,-56,287,64
6213,3,3,-369,8,-237,418,-243,92,-342,47,-77,-10
6214,9,9,-123,-71,-154,-79,82,-41,-246,41,-16,172
6215,5,5,-67,-92,-212,-27,-123,241,-62,-40,-185,24
6216,5,5,-133,-93,-239,6,-201,343,-60,-82,-147,9
6217,2,2,-52,30,343,6,-201,-280,-251,73,-37,-219
6218,6,6,26,-160,-221,-158,-19,66,295,-184,-139,-183
6219,8,8,-81,-65,-69,-22,-103,-67,-127,-103,245,25
6220,4,4,-144,23,-108,-278,359,-105,-175,-1,-154,-100
6221,9,9,-128,-137,-121,17,31,-73,-273,49,33,208
6222,1,1,-75,282,-99,-320,93,-126,-128,-27,-169,-177
6223,7,7,-121,17,-120,-179,26,-126,-314,284,-127,18
6224,1,1,-78,283,-139,-288,75,-136,-142,-18,-127,-154
6225,2,2,-65,77,296,7,-93,-246,-236,75,-118,-249
6226,3,3,-337,57,-45,368,-175,-81,-452,168,-205,-66
6227,5,5,-208,-109,-382,120,-94,265,-185,-8,-79,59
6228,9,9,-200,-142,-56,24,31,-86,-348,147,-31,188
6229,6,6,-22,-158,-204,-118,12,75,307,-209,-152,-237
6230,9,9,-144,-195,-129,4,39,-14,-274,42,-10,232
6231,1,1,-86,284,-125,-266,66,-134,-149,-9,-110,-160
6232,1,1,-73,293,-137,-308,56,-127,-154,-23,-118,-146
6233,1,1,-50,261,-124,-355,102,-136,-121,-43,-127,-157
6234,2,2,-118,122,329,47,-209,-229,-294,62,-62,-237
6235,9,9,-153,-148,-107,-6,60,-72,-326,107,-28,209
6236,5,5,-97,-137,-275,-89,-155,299,-61,-28,-82,32
6237,6,6,9,-154,-162,-215,-1,61,317,-214,-88,-231
6238,8,8,-47,-151,-60,6,-165,10,5,-102,242,-65
6239,1,1,-103,321,-83,-348,70,-187,-174,1,-113,-193
6240,2,2,-66,126,349,-23,-144,-286,-346,95,-133,-237
6241,0,0,265,-33,-34,-229,-122,-116,-73,-60,-251,-185
6242,7,7,-107,-2,-121,-188,37,-74,-254,259,-194,11
6243,7,7,-165,14,-230,-230,43,-12,-227,312,-211,-59
6244,5,5,-130,-115,-309,24,-146,293,-102,40,-169,13
6245,8,8,-84,-94,-130,-47,-74,-49,-146,-88,247,42
6246,2,2,-58,66,390,-20,-139,-259,-242,43,-124,-307
6247,9,9,-117,-188,-81,12,22,-99,-314,98,25,202
6248,8,8,-98,-142,-51,18,-153,-75,-196,-79,299,77
6249,9,9,-90,-193,-43,24,-15,-127,-310,73,53,189
6250,0,0,220,-84,-141,-139,-133,-1,-24,-68,-229,-111
6251,4,4,-134,55,-88,-260,296,-101,-191,66,-182,-142
6252,6,6,-6,-168,-226,-146,2,89,315,-208,-120,-190
6253,7,7,-99,-1,-33,-89,-27,-154,-328,249,-92,40
6254,1,1,-96,296,-147,-308,88,-139,-128,-26,-118,-178
6255,3,3,-246,-48,-83,363,-179,-35,-386,51,-60,18
6256,4,4,-171,53,-163,-227,287,-71,-175,83,-188,-157
6257,5,5,-120,-186,-263,-22,-173,352,-40,-71,-127,52
6258,6,6,-21,-179,-181,-98,-8,63,327,-252,-55,-237
6259,0,0,264,-147,-138,-103,-185,-25,-49,-34,-199,-18
6260,3,3,-272,-42,-97,309,-119,-80,-440,71,-27,72
6261,6,6,-5,-152,-228,-155,13,79,336,-235,-120,-239
6262,8,8,-74,-151,-133,57,-123,-3,-129,-59,241,32
6263,7,7,-110,-1,-11,-67,-52,-177,-400,317,-207,3
6264,0,0,200,-222,-2,-99,-15,-193,-124,-37,-167,59
6265,4,4,-127,45,-152,-239,292,-165,-212,65,-95,-102
6266,2,2,-84,28,319,8,-150,-185,-213,-15,-18,-182
6267,7,7,-94,35,-49,-111,-6,-155,-297,243,-115,-1
6268,4,4,-146,24,-152,-261,344,-135,-211,35,-152,-92
6269,7,7,-137,-22,-176,-205,75,-133,-332,337,-148,16
6270,5,5,-114,-196,-305,-10,-137,323,-40,-53,-114,59
6271,4,4,-186,41,-155,-233,324,-119,-234,33,-72,-43
6272,3,3,-318,37,-126,391,-197,-77,-404,69,-38,7
6273,4,4,-40,-43,-103,-192,234,-174,-156,82,-184,-107
6274,2,2,-29,90,372,-54,-189,-272,-309,90,-126,-238
6275,8,8,-78,-122,-25,12,-115,-124,-192,-47,276,30
6276,1,1,-87,316,-123,-359,90,-145,-108,-51,-119,-227
6277,5,5,-101,-85,-210,16,-198,296,-60,-62,-139,2
6278,1,1,-92,303,-46,-308,76,-190,-174,16,-174,-200
6279,2,2,-43,86,343,-29,-108,-259,-212,68,-126,-293
6280,0,0,253,-187,-51,-135,-154,-80,-51,-41,-140,-44
6281,2,2,-93,47,357,8,-183,-232,-248,63,-39,-226
6282,5,5,-120,-89,-243,-63,-175,331,-16,-106,-60,4
6283,6,6,45,-126,-168,-207,47,55,287,-258,-175,-203
6284,4,4,-112,40,-134,-236,290,-111,-145,25,-143,-129
6285,3,3,-260,-31,-83,409,-237,-51,-405,147,-157,-72
6286,0,0,196,-149,-57,-161,0,-170,-125,-29,-182,-10
6287,0,0,163,-90,-86,-169,-24,-154,-192,55,-187,-41
6288,0,0,212,-180,-58,-125,-62,-118,-92,-46,-150,-9
6289,3,3,-319,-16,-149,417,-233,-13,-440,81,-75,21
6290,3,3,-308,16,-41,365,-181,-71,-428,163,-139,-72
6291,5,5,-68,-130,-290,-9,-192,297,-31,-15,-146,-18
6292,7,7,-86,-25,-14,-45,-31,-206,-388,287,-128,31
6293,0,0,240,-140,-36,-157,-89,-133,-96,-55,-206,-43
6294,6,6,-16,-122,-99,-178,-28,34,289,-213,-8,-241
6295,4,4,-175,113,-196,-280,324,-113,-194,61,-148,-181
6296,8,8,-106,-163,-111,-40,-146,-1,-113,-120,302,77
6297,8,8,-165,-95,-43,97,-143,-55,-118,-3,252,-92
6298,6,6,-4,-75,-192,-175,30,69,284,-232,-143,-282
6299,3,3,-359,31,-126,404,-187,19,-434,95,-192,-5
6300,4,4,-171,-18,-99,-202,324,-129,-243,61,-138,-21
6301,6,6,69,-216,-288,-107,-36,31,331,-233,-83,-153
6302,9,9,-111,-237,-112,14,31,-115,-301,74,60,232
6303,9,9,-142,-188,-103,-5,50,-85,-332,136,2,202
6304,8,8,-38,-90,-154,-70,-140,21,-22,-134,183,-6
6305,2,2,40,-11,308,-96,-114,-214,-203,46,-101,-187
6306,7,7,-135,-14,-30,15,-60,-236,-440,280,-91,56
6307,7,7,-169,-9,-33,17,-70,-230,-475,336,-127,42
6308,1,1,-116,280,-134,-222,60,-175,-202,22,-105,-137
6309,0,0,246,-197,-140,-93,-189,11,-19,-57,-98,-62
6310,1,1,-81,297,-83,-278,64,-157,-183,-11,-166,-170
6311,2,2,-5,-9,335,-4,-128,-188,-195,29,-151,-245
6312,3,3,-363,-39,-27,376,-270,-41,-448,59,43,32
6313,4,4,-155,27,-116,-321,377,-97,-143,100,-283,-273
6314,5,5,-87,-77,-241,-12,-270,320,17,-134,-89,-67
6315,6,6,18,-202,-291,-112,6,84,334,-231,-113,-179
6316,7,7,-185,19,69,20,-172,-178,-455,321,-207,-11
6317,8,8,-142,-47,7,38,-65,-168,-259,-12,206,60
6318,9,9,-120,-203,-110,2,37,-69,-269,18,10,256
6319,0,0,288,-166,-84,-171,-235,-7,36,-91,-145,-105
6320,1,1,-89,299,-92,-312,100,-183,-169,-15,-150,-166
6321,2,2,41,-6,417,-74,-185,-223,-176,16,-192,-343
6322,3,3,-362,41,-58,374,-138,-34,-366,120,-202,-60
6323,4,4,-144,-11,-34,-190,276,-110,-155,87,-143,-151
6324,5,5,-101,-66,-179,-68,-124,245,97,-180,-133,-22
6325,6,6,27,-178,-239,-145,-12,42,326,-204,-76,-212
6326,7,7,-203,36,35,7,-169,-127,-425,327,-231,-24
6327,8,8,-139,-23,27,-125,-32,-106,-171,-95,254,-15
6328,0,0,270,-140,-1,-186,-176,-102,-9,-58,-143,-138
6329,1,1,-51,286,-97,-354,113,-132,-112,-51,-140,-197
6330,2,2,17,42,344,-44,-162,-200,-216,24,-197,-245
6331,3,3,-187,-8,24,305,-143,-38,-261,70,-245,-144
6332,4,4,-164,-47,-67,-230,332,-128,-182,107,-242,-112
6333,5,5,-127,-107,-271,-25,-212,345,28,-174,-82,2
6334,6,6,-8,-168,-261,-84,-13,67,298,-202,-66,-172
6335,7,7,-140,-28,-39,-43,-93,-117,-307,326,-193,-2
6336,8,8,-43,-99,45,-37,-85,-147,-137,-41,205,5
6337,2,2,-14,64,335,-55,-98,-234,-185,58,-164,-288
6338,1,1,-89,184,-96,-202,80,-79,-109,-20,-88,-67
6339,7,7,-175,-4,-38,-25,-57,-114,-322,279,-135,24
6340,2,2,27,-11,325,-59,-75,-195,-129,-14,-176,-280
6341,5,5,-66,-62,-145,-8,-221,237,-50,-84,-83,-15
6342,0,0,283,-176,-60,-158,-209,-26,9,-74,-139,-93
6343,8,8,-65,-127,-2,48,-135,-93,-153,-74,214,40
6344,0,0,238,-192,-30,-167,-54,-81,1,-101,-215,-46
6345,2,2,13,55,283,-14,-172,-174,-259,47,-240,-192
6346,7,7,-139,-22,-75,-75,-47,-84,-273,281,-141,27
6347,8,8,-18,-101,-69,-41,-27,-24,56,-168,72,-55
6348,8,8,-86,-172,52,30,-248,1,-52,-116,242,-32
6349,3,3,-287,37,-53,405,-245,-101,-440,100,-116,-26
6350,6,6,20,-212,-203,-75,-53,56,307,-216,-47,-151
6351,0,0,247,-209,29,-174,-62,-161,78,-147,-156,-63
6352,2,2,65,-29,299,-56,-86,-188,-191,5,-259,-193
6353,7,7,-127,-44,-92,-87,-55,-99,-234,321,-165,-11
6354,6,6,48,-217,-239,-93,-64,55,297,-206,-40,-148
6355,6,6,14,-185,-146,-144,-46,55,345,-279,-14,-244
6356,1,1,-75,222,-78,-245,36,-121,-176,0,-112,-71
6357,2,2,15,12,363,-52,-139,-183,-170,6,-157,-277
6358,8,8,-150,-78,7,47,-94,-67,-116,-44,276,-129
6359,8,8,-114,-51,118,95,-286,-117,-171,-78,204,-46
6360,7,7,-151,-47,-162,-115,-37,-88,-249,381,-211,-26
6361,7,7,-168,14,32,-46,-83,-198,-400,347,-174,-13
6362,4,4,-112,20,-102,-244,283,-70,-127,64,-242,-181
6363,7,7,-116,-62,-123,-138,-34,-102,-252,355,-201,5
6364,7,7,-136,-59,-79,-57,-66,-101,-288,317,-168,34
6365,3,3,-331,50,-46,397,-265,-53,-435,101,-129,-45
6366,7,7,-123,-54,-80,-44,-83,-62,-268,271,-158,44
6367,4,4,-183,-4,-19,-142,276,-61,-122,32,-169,-181
6368,5,5,-121,-103,-260,8,-143,291,-63,-46,-64,8
6369,4,4,-145,4,26,-205,303,-140,-148,85,-189,-245
6370,3,3,-161,27,22,290,-324,-82,-289,53,-82,-98
6371,3,3,-357,3,-12,410,-320,-61,-427,62,12,-31
6372,8,8,-99,-127,-45,85,-142,-55,-176,-63,232,27
6373,4,4,-128,-29,24,-216,274,-83,-69,59,-155,-323
6374,1,1,-63,273,-139,-335,97,-85,-100,-69,-132,-163
6375,1,1,-111,249,-84,-232,71,-105,-159,-36,-61,-86
6376,9,9,-148,-41,-147,-133,78,25,-228,-15,-73,186
6377,7,7,-107,12,-97,-122,-29,-47,-223,224,-127,20
6378,4,4,-186,11,-11,-189,290,-141,-177,154,-238,-222
6379,3,3,-321,14,-47,351,-269,-47,-333,33,17,-21
6380,7,7,-60,-35,-39,-84,-133,-71,-250,251,-149,18
6381,3,3,-240,44,-14,296,-260,-53,-396,119,-185,-47
6382,3,3,-278,-11,-71,385,-278,-74,-471,88,-108,40
6383,0,0,221,-59,-43,-201,-242,-4,-45,19,-170,-163
6384,2,2,-6,-41,295,11,-131,-135,-118,-34,-165,-243
6385,5,5,-77,-36,-155,-61,-176,259,3,-94,-213,-51
6386,5,5,-110,-79,-248,30,-170,290,-58,-39,-142,3
6387,6,6,35,-183,-246,-116,-18,29,314,-215,-66,-178
6388,6,6,47,-201,-223,-129,-20,65,273,-167,-58,-195
6389,3,3,-331,33,-80,408,-177,-44,-417,154,-193,-77
6390,5,5,-44,-85,-173,5,-150,212,-54,-32,-129,4
6391,2,2,129,-152,150,-57,-28,-141,-39,-58,-169,-121
6392,5,5,-50,-152,-153,-77,-107,228,29,-101,-34,-6
6393,9,9,-149,2,-68,-136,144,-65,-222,-12,-101,158
6394,9,9,-157,-177,-85,28,34,-27,-297,-4,-16,244
6395,8,8,11,-203,49,70,-215,-98,-108,-80,189,30
6396,4,4,-126,8,-29,-182,274,-132,-126,51,-122,-185
6397,1,1,-105,223,-105,-245,92,-85,-131,-32,-114,-81
6398,0,0,166,-93,-101,-144,-173,35,-80,79,-140,-111
6399,6,6,-19,-131,-229,-126,-5,69,262,-139,-116,-195
6400,0,0,115,-71,-36,-205,102,-186,-69,-9,-248,-116
6401,9,9,-107,-27,-96,-92,56,-69,-258,65,-40,135
6402,6,6,30,-191,-314,-71,-9,61,299,-193,-72,-197
6403,8,8,-58,-70,-59,-87,-137,0,23,-40,188,-130
6404,8,8,-115,-93,63,-27,-109,-104,-152,-40,228,3
6405,5,5,-145,-71,-217,-24,-175,311,16,-132,-94,-16
6406,6,6,21,-202,-184,-133,-67,67,303,-213,19,-199
6407,1,1,-65,268,-119,-293,62,-131,-153,-16,-141,-127
6408,1,1,-101,222,-106,-215,82,-60,-127,-55,-56,-77
6409,9,9,-158,-155,-29,3,32,-16,-226,-33,-15,226
6410,8,8,-39,-203,-28,41,-133,-76,-70,-163,242,49
6411,9,9,-101,-51,-74,-94,80,-55,-232,48,-79,144
6412,2,2,47,9,360,-70,-220,-165,-180,-14,-231,-261
6413,3,3,-244,18,-33,387,-263,-100,-480,112,-193,-28
6414,5,5,-153,-136,-287,6,-137,349,-41,-125,-23,30
6415,5,5,-138,-102,-303,17,-206,357,-37,-103,-47,-20
6416,9,9,-54,-104,-75,-20,-39,48,-164,-26,-89,135
6417,4,4,-118,31,-58,-186,245,-101,-105,66,-134,-209
6418,2,2,-134,64,260,-2,-65,-78,-136,61,-80,-283
6419,1,1,-110,241,-73,-233,70,-131,-187,6,-136,-84
6420,9,9,-109,-26,-116,-142,74,2,-201,-8,-92,155
6421,3,3,-133,31,76,231,-228,-104,-282,88,-162,-109
6422,9,9,-133,-85,-38,-31,30,-42,-282,49,-54,179
6423,2,2,12,20,362,-70,-116,-183,-148,0,-175,-314
6424,0,0,269,-220,9,-185,-158,-139,84,-124,-91,-94
6425,6,6,44,-175,-223,-111,-64,-4,252,-154,17,-210
6426,0,0,205,-186,24,-147,-45,-91,30,-103,-211,-46
6427,4,4,-149,65,-105,-257,311,-120,-169,87,-214,-198
6428,0,0,194,-166,26,-148,-52,-108,20,-76,-185,-66
6429,0,0,211,-142,-63,-127,-171,-79,-86,0,-103,-54
6430,1,1,-65,337,-67,-359,92,-202,-149,-23,-150,-249
6431,2,2,-41,34,314,17,-128,-267,-279,60,-105,-193
6432,3,3,-302,20,-52,333,-177,-133,-431,79,6,43
6433,4,4,-82,54,-60,-269,303,-113,-93,1,-189,-220
6434,7,7,-97,114,-204,-275,85,-102,-203,196,-159,-121
6435,8,8,-30,-140,-17,28,-110,-158,-163,-14,207,29
6436,9,9,-124,-171,-80,29,43,-129,-326,78,37,210
6437,0,0,175,-139,-82,-147,-116,-54,-111,14,-137,-20
6438,1,1,-104,336,-86,-348,86,-192,-156,-9,-130,-233
6439,2,2,-132,72,367,64,-251,-308,-360,74,-5,-195
6440,3,3,-353,20,-140,431,-203,-45,-467,86,-101,13
6441,7,7,-105,72,-169,-233,54,-104,-244,243,-183,-63
6442,8,8,-56,-148,-45,9,-98,-119,-174,-52,235,74
6443,9,9,-134,-153,-109,-78,97,-89,-291,102,-53,219
6444,0,0,216,-152,1,-197,-55,-131,-49,-65,-212,-35
6445,1,1,-84,351,-41,-374,83,-240,-191,-7,-129,-243
6446,2,2,-100,76,237,44,-140,-240,-297,98,-53,-147
6447,3,3,-259,-8,-100,356,-185,-47,-421,103,-141,6
6448,4,4,-73,85,-64,-324,304,-175,-166,57,-196,-204
6449,7,7,-124,84,-171,-223,105,-153,-279,239,-141,-55
6450,8,8,-165,69,-49,-150,55,-166,-260,-90,189,22
6451,9,9,-142,-198,-152,-31,91,-48,-286,100,-54,224
6452,7,7,-116,34,-222,-234,81,-52,-178,220,-155,-75
6453,3,3,-240,-4,-111,337,-198,12,-333,54,-119,-20
6454,0,0,212,-21,1,-274,-47,-246,-144,17,-223,-135
6455,3,3,-366,26,-117,385,-144,-3,-385,130,-179,-53
6456,1,1,-78,310,-68,-332,93,-192,-155,-7,-137,-210
6457,8,8,-82,-116,-42,-3,-57,-156,-215,-12,198,86
6458,7,7,-69,130,-161,-249,47,-128,-225,204,-167,-127
6459,6,6,4,-192,-190,-88,21,59,313,-275,-57,-233
6460,4,4,-154,142,-207,-230,331,-120,-133,-19,-173,-261
6461,0,0,211,-124,-8,-197,-2,-165,-54,-64,-261,-71
6462,2,2,-120,80,353,49,-268,-270,-287,69,-22,-234
6463,6,6,-5,-175,-174,-75,6,73,290,-254,-85,-225
6464,8,8,-73,-156,56,49,-142,-170,-230,30,223,47
6465,3,3,-196,10,-102,367,-267,35,-329,74,-160,-93
6466,2,2,-104,92,366,57,-300,-298,-376,121,-87,-231
6467,8,8,-105,-65,-65,-61,-64,-94,-227,-18,213,86
6468,1,1,-68,305,7,-348,88,-251,-198,16,-165,-231
6469,2,2,-116,138,336,13,-196,-290,-334,105,-76,-235
6470,0,0,211,-71,-19,-236,-6,-210,-148,-20,-198,-106
6471,7,7,-113,83,-169,-180,31,-48,-177,180,-139,-83
6472,1,1,-101,340,-101,-380,102,-196,-139,-35,-110,-249
6473,0,0,235,-56,7,-270,-31,-198,-110,-43,-229,-148
6474,4,4,-68,59,-104,-181,196,-74,-41,15,-159,-216
6475,4,4,-49,14,-72,-288,321,-181,-160,58,-199,-212
6476,5,5,-138,-134,-252,-76,-128,335,2,-82,-63,5
6477,8,8,-63,-138,-70,7,-103,-152,-200,-28,253,58
6478,0,0,192,-25,-22,-216,-27,-161,-121,-2,-239,-120
6479,6,6,-17,-164,-211,-144,27,105,321,-237,-95,-271
6480,2,2,49,63,301,-146,3,-293,-151,4,-124,-298
6481,3,3,-335,-21,-118,343,-83,-54,-437,113,-100,31
6482,1,1,-101,336,-128,-344,86,-173,-150,-31,-124,-212
6483,5,5,-155,-171,-305,7,-107,340,-17,-94,-128,50
6484,1,1,-70,300,-80,-333,94,-171,-128,-26,-136,-217
6485,8,8,4,-63,-55,-91,-133,-103,-79,-107,167,-7
6486,5,5,-174,-96,-218,-8,-66,264,-56,-42,-112,41
6487,9,9,-72,-200,-95,-45,87,-84,-232,22,-61,225
6488,4,4,-65,82,-90,-252,245,-143,-135,66,-176,-211
6489,0,0,219,-85,6,-205,-58,-215,-142,7,-217,-86
6490,7,7,-126,49,-192,-196,87,-111,-247,252,-108,-80
6491,5,5,-129,-181,-231,-17,-78,275,-16,-32,-154,42
6492,8,8,-6,-149,28,33,-126,-184,-141,-29,208,-2
6493,8,8,-61,-73,-23,-29,-45,-136,-175,-72,194,38
6494,3,3,-236,-4,-70,332,-186,-13,-354,92,-148,-42
6495,8,8,-21,-88,-82,-82,6,-131,-174,46,90,9
6496,9,9,-81,-140,-71,-33,71,-118,-286,70,-72,173
6497,2,2,-68,75,327,-19,-144,-284,-289,38,-21,-208
6498,6,6,-51,-183,-227,-52,21,121,316,-273,-116,-277
6499,2,2,-111,96,300,34,-158,-260,-316,50,-8,-201
6500,5,5,-150,-113,-238,-112,-80,310,-11,-48,-68,3
6501,3,3,-291,-11,-86,350,-165,5,-369,125,-174,-55
6502,1,1,-80,344,-36,-380,91,-253,-201,-1,-151,-235
6503,7,7,-138,52,-218,-195,72,-76,-226,235,-150,-55
6504,3,3,-365,114,-41,367,-272,-151,-529,146,-123,-15
6505,9,9,60,-176,-13,-144,77,-207,-168,18,-96,101
6506,1,1,-123,354,-68,-330,90,-204,-169,-14,-133,-239
6507,9,9,-39,-253,-59,-1,5,-101,-159,3,-27,215
6508,9,9,-144,-142,-92,-1,46,-57,-308,57,-2,209
6509,6,6,-21,-205,-226,-99,-3,88,366,-294,-76,-258
6510,0,0,266,-97,78,-209,-101,-218,-56,-59,-189,-140
6511,3,3,-106,-79,-180,281,-211,91,-230,-5,-64,-17
6512,9,9,-30,-257,-125,-28,72,-90,-147,-30,-8,236
6513,2,2,-70,105,299,-48,-120,-185,-271,18,-68,-172
6514,8,8,-96,-92,-3,-35,-30,-162,-219,-37,227,49
6515,1,1,-76,334,-49,-359,79,-228,-173,-11,-127,-232
6516,4,4,-167,107,-137,-274,341,-123,-172,60,-178,-261
6517,3,3,-73,-31,-33,168,-101,44,-180,-7,-198,-96
6518,5,5,-149,-133,-234,-130,-65,302,23,-94,-52,32
6519,2,2,-60,39,348,0,-188,-263,-233,29,-29,-222
6520,9,9,-102,-188,-75,-9,69,-74,-235,6,-33,230
6521,2,2,-150,113,398,55,-303,-319,-379,118,-32,-243
6522,5,5,-152,-104,-309,-76,-63,293,2,-3,-64,-29
6523,8,8,-12,-97,-50,-12,-15,-162,-176,-4,84,51
6524,9,9,-106,-210,-115,24,23,-60,-295,56,18,215
6525,5,5,-184,-111,-223,-73,-132,350,-26,-99,-44,15
6526,0,0,179,-152,-128,-101,-115,10,32,-32,-103,-42
6527,1,1,-81,326,-18,-324,72,-258,-230,46,-183,-223
6528,2,2,-79,139,268,-112,7,-249,-126,-13,-91,-385
6529,4,4,-89,-134,-21,-134,249,-111,-75,25,-158,-128
6530,5,5,-112,-98,-228,-29,-67,231,-16,-8,-43,-29
6531,6,6,45,-181,-86,-103,-63,-16,237,-163,12,-102
6532,0,7,95,-43,-158,-106,-237,93,-174,185,-239,-72
6533,1,1,-77,261,-93,-291,95,-128,-120,-26,-131,-152
6534,2,2,-55,94,387,-84,-218,-230,-241,119,-158,-303
6535,3,3,-350,-58,-140,320,-130,20,-402,123,-77,37
6536,4,4,-154,54,-61,-193,288,-102,-148,27,-124,-167
6537,5,5,-145,-153,-154,-62,-140,290,41,-149,-3,18
6538,6,6,-67,-103,-31,6,-46,14,152,-83,-79,-222
6539,7,7,-88,-59,-44,-16,-76,-71,-276,229,-148,41
6540,1,1,-132,189,-101,-189,81,-75,-146,-13,-88,-28
6541,2,2,-2,82,328,-79,-127,-207,-176,53,-189,-291
6542,3,3,-297,10,-133,245,-136,68,-278,143,-198,-46
6543,4,4,-180,18,124,-72,176,-161,-156,94,-139,-259
6544,5,5,-209,-37,-262,46,-96,293,-57,-92,-142,31
6545,1,1,-59,267,-121,-357,136,-136,-122,-68,-157,-168
6546,0,0,108,-150,-90,-104,-42,-11,-57,23,-104,28
6547,4,4,-58,-85,-170,-195,236,-138,-52,17,-93,-140
6548,5,5,-109,-10,-169,39,-185,226,-74,-32,-155,-41
6549,6,6,34,-113,-67,-142,-28,11,174,-94,-182,-164
6550,6,6,-12,-137,-150,-173,15,46,333,-274,-29,-261
6551,3,3,-336,41,-77,349,-136,-40,-331,124,-151,-65
6552,4,4,-27,-16,-77,-137,176,-167,-80,34,-102,-155
6553,4,4,-135,-95,-38,-89,171,-40,-18,-14,-108,-94
6554,2,2,-38,4,232,-49,-160,-111,-110,37,-42,-163
6555,8,7,-38,-187,-62,48,-80,-84,-250,120,53,108
6556,1,1,-113,234,-94,-208,83,-173,-183,31,-129,-104
6557,0,0,178,-109,88,-38,-154,-173,-85,-33,-91,-113
6558,6,6,-37,-11,-34,-13,-14,16,65,-73,-73,-139
6559,4,7,-226,-1,120,16,71,-97,-157,163,-158,-226
6560,9,5,-72,9,-94,-122,10,62,-75,-39,-40,38
6561,7,7,-88,14,-15,16,-91,-50,-218,109,-64,24
6562,2,2,-20,6,271,-66,-115,-178,-78,25,-105,-244
6563,3,3,-263,21,-31,261,-113,-49,-303,135,-171,-58
6564,3,3,-167,-3,-34,142,-103,2,-241,83,-130,6
6565,9,9,-155,-151,-78,10,47,-11,-277,101,-102,158
6566,2,2,-11,34,238,-75,4,-204,-100,-21,-144,-299
6567,0,0,185,-179,8,-133,-40,-90,-42,-31,-151,-7
6568,9,9,-124,-60,-17,2,-12,-13,-178,47,-27,91
6569,3,3,-157,12,62,104,-108,7,-154,41,-40,-52
6570,3,3,-217,-12,-65,174,-78,-8,-260,78,-90,46
6571,9,9,-66,-32,-74,17,-36,24,-126,38,-59,63
6572,1,1,-83,56,-30,-20,-33,-7,-60,46,-25,-41
6573,5,5,-199,-24,-128,101,-198,264,-140,-37,-125,-19
6574,2,2,10,-81,217,-83,-52,-150,40,-71,-52,-259
6575,3,3,-214,-20,-30,189,-113,26,-233,128,-190,-53
6576,7,1,-84,149,-51,-105,3,-101,-141,65,-101,-75
6577,7,7,-108,34,20,-47,-118,-134,-271,189,-35,-13
6578,8,8,-119,-82,-109,60,-143,62,-56,-103,129,37
6579,4,4,-165,-3,32,-46,178,-113,-153,83,-134,-136
6580,0,0,197,-112,-70,-118,-198,-32,-131,115,-208,-25
6581,2,2,-78,119,331,8,-169,-227,-251,123,-210,-299
6582,4,4,-81,63,-139,-335,318,-147,-116,-46,-134,-151
6583,0,0,215,-154,-123,-94,-184,-12,-14,-12,-118,-78
6584,2,2,-46,25,249,29,-140,-198,-255,137,-184,-174
6585,4,4,-145,45,-114,-229,311,-68,-113,12,-172,-192
6586,7,7,-152,35,16,-2,-54,-184,-376,247,-124,18
6587,8,8,-61,-67,-108,-27,-103,-87,-178,-54,198,87
6588,0,0,160,3,-44,-198,-121,-130,-189,91,-207,-108
6589,7,7,-144,63,143,14,-153,-230,-464,300,-220,-84
6590,0,7,127,-57,-88,-154,-239,72,-159,149,-172,-88
6591,6,6,-7,-167,-81,-94,-70,50,233,-119,-44,-173
6592,9,4,-49,-48,-102,-95,68,-1,-61,-10,-62,65
6593,3,3,-249,-28,-32,216,-104,-35,-317,113,-98,25
6594,2,2,-49,79,382,-29,-122,-271,-249,124,-206,-334
6595,8,8,-162,-71,-118,90,-12,-109,-252,-3,163,86
6596,6,6,-65,-106,-53,-4,-65,45,169,-126,-23,-152
6597,0,7,-20,-45,35,6,-135,-90,-324,164,-157,17
6598,5,5,-20,-54,-105,85,-111,107,-30,-42,-172,-90
6599,7,7,-88,17,-89,-25,-37,-50,-211,89,-55,68
6600,5,5,-192,-34,-43,27,-89,197,-54,-26,-68,-59
6601,1,1,-60,317,-42,-372,98,-197,-171,-18,-162,-198
6602,0,7,141,-80,-23,-160,-241,-35,-233,214,-174,-109
6603,8,7,-4,-167,-133,-18,-74,-60,-208,188,25,25
6604,1,1,-54,253,-105,-291,80,-96,-86,-51,-103,-175
6605,6,6,-24,-6,-159,-86,2,78,120,-107,-122,-141
6606,7,7,-102,-20,-95,-80,-2,-61,-221,255,-122,-5
6607,2,2,42,-15,221,-130,-2,-205,-117,14,-103,-190
6608,9,5,-57,-116,-203,-80,-2,119,-15,-27,-57,83
6609,7,7,-127,37,-56,-23,-34,-98,-277,145,-64,50
6610,9,9,-60,-156,-127,-51,-24,100,-38,-28,-47,106
6611,5,5,-52,-35,-151,-44,-40,130,-2,-1,-56,-46
6612,8,8,-77,-140,-8,100,-209,-115,-196,-7,213,60
6613,6,6,-37,-110,-23,-38,-42,8,125,-24,-104,-191
6614,2,2,28,10,209,-101,-150,-146,-270,170,-187,-152
6615,6,6,-39,-35,-120,-110,6,27,148,-59,-129,-216
6616,2,2,45,6,394,-64,-130,-299,-246,81,-211,-303
6617,8,2,-81,-57,144,139,-239,-270,-261,84,113,-49
6618,1,1,-59,184,-47,-205,55,-102,-77,-7,-83,-124
6619,7,7,-97,9,-86,-235,87,-159,-341,276,-227,29
6620,5,5,-124,-61,-196,-12,-41,192,-82,43,-88,-8
6621,0,7,50,-37,-46,-109,-72,-69,-237,144,-187,-13
6622,1,1,-109,214,-84,-175,66,-159,-172,31,-92,-88
6623,1,1,-64,159,-79,-171,33,-49,-68,-9,-64,-95
6624,3,3,-280,8,-127,276,-124,78,-234,79,-137,-43
6625,8,3,-130,65,40,70,-82,-117,-140,64,10,-92
6626,4,4,-155,64,-41,-144,228,-127,-214,43,-162,-84
6627,9,9,-83,-92,-107,-71,46,46,-66,-13,-49,98
6628,1,1,-73,162,-88,-183,24,-67,-133,-4,-80,-22
6629,8,8,-161,-53,80,96,-335,-5,-212,33,160,-67
6630,6,6,-23,-162,-136,-117,-45,75,305,-189,-97,-233
6631,8,8,11,-113,-37,-26,-67,-71,-82,-48,120,41
6632,9,5,-91,-23,-94,-63,-14,65,-72,24,-61,52
6633,0,0,267,-96,31,-234,-110,-236,-81,-52,-171,-138
6634,1,1,-105,289,-119,-267,81,-143,-137,3,-129,-185
6635,2,2,-115,71,298,46,-196,-260,-285,89,-9,-188
6636,3,3,-142,-33,-57,181,-239,26,-322,101,-104,-6
6637,4,4,-66,77,-58,-248,230,-60,-79,-25,-179,-147
6638,5,5,-119,-139,-170,-28,-83,239,-23,-38,-127,39
6639,6,6,27,-156,-205,-155,-1,65,305,-265,-44,-195
6640,7,7,-117,-60,-32,-11,-48,-164,-370,251,-97,86
6641,8,5,-21,-153,-158,-156,-109,137,60,-104,118,-46
6642,9,9,-101,-71,-136,-130,35,52,-140,30,-88,128
6643,0,0,101,62,-52,-291,35,-140,-74,-16,-175,-155
6644,1,1,-102,262,-76,-270,79,-149,-128,-8,-88,-169
6645,2,2,-113,27,210,82,-136,-213,-243,64,-1,-99
6646,3,3,-121,-53,-70,304,-241,-68,-337,43,-50,13
6647,4,4,-124,66,-131,-226,277,-62,-113,13,-153,-177
6648,7,7,-144,-13,36,53,-132,-198,-449,270,-124,16
6649,8,8,-41,-167,-81,-43,-137,-7,-44,-106,238,27
6650,9,9,-82,-162,-102,-18,44,-82,-230,66,15,174
6651,0,1,-16,91,-60,-177,2,-52,-24,-33,-63,-137
6652,1,1,-134,334,-64,-301,96,-215,-184,-11,-88,-221
6653,7,7,-130,-41,-29,18,-82,-175,-417,262,-76,63
6654,8,8,-144,-136,-33,-87,-54,31,-30,-131,239,23
6655,9,9,-83,-210,-82,44,23,-136,-286,57,35,216
6656,9,9,-91,-177,-68,26,33,-114,-259,30,7,202
6657,8,8,-33,-46,-126,-185,-123,72,-20,-60,131,-58
6658,9,9,-107,-186,-130,-8,66,-70,-253,53,-18,215
6659,8,8,0,-73,-131,-119,-67,-26,-69,-49,118,7
6660,4,4,-116,47,-127,-216,281,-123,-148,26,-128,-150
6661,1,1,-163,344,-84,-347,109,-247,-219,-11,-51,-244
6662,7,7,-34,-75,113,-25,-236,-75,-400,234,-171,-23
6663,7,7,-185,-3,6,70,-159,-179,-498,292,-139,25
6664,3,3,-176,22,5,260,-217,-43,-310,107,-104,-67
6665,3,3,-350,70,-53,399,-303,-39,-494,118,-116,-26
6666,7,7,-107,-60,-76,-5,-29,-114,-329,215,-79,88
6667,6,6,71,-119,-153,-256,-40,83,268,-239,-80,-240
6668,6,6,70,-171,-106,-174,-28,59,247,-237,-21,-170
6669,6,6,58,-172,-135,-140,-26,66,240,-229,-28,-132
6670,1,1,-122,317,-115,-331,96,-176,-139,-22,-91,-212
6671,9,9,-97,-172,-115,7,43,-83,-240,24,13,212
6672,0,0,206,-154,39,-164,35,-220,-110,-55,-160,-39
6673,1,1,-137,310,-153,-338,91,-156,-127,-39,-53,-207
6674,7,7,-95,-60,-92,-41,-18,-105,-301,244,-107,69
6675,6,6,14,-196,-186,-46,-49,71,282,-249,-27,-183
6676,3,3,-260,15,-44,323,-172,-68,-378,159,-117,-63
6677,2,2,-66,89,232,-11,-105,-112,-157,41,-91,-197
6678,1,1,-108,317,-109,-317,81,-196,-176,16,-122,-191
6679,7,7,-184,25,-49,37,-124,-138,-424,247,-85,22
6680,1,1,-137,312,-162,-294,88,-159,-151,-3,-93,-187
6681,3,3,-77,-72,51,191,-165,-76,-270,103,-152,-55
6682,9,9,-67,-167,-114,-35,45,-43,-177,-3,-16,203
6683,1,1,-129,342,-158,-355,89,-174,-139,-30,-95,-228
6684,7,7,-108,-49,14,35,-141,-164,-403,232,-84,46
6685,6,6,6,-137,-111,-147,19,35,289,-263,-30,-248
6686,8,8,-52,-14,-56,-40,-68,-73,-102,-62,144,-6
6687,4,4,-113,49,-71,-173,244,-126,-144,21,-114,-137
6688,1,1,-162,358,1,-331,126,-247,-210,-15,-81,-320
6689,4,4,-81,75,-85,-206,207,-93,-80,27,-109,-223
6690,3,3,-283,6,-76,355,-193,-66,-398,110,-63,-9
6691,6,6,108,-212,-104,-142,-110,62,225,-240,14,-132
6692,9,9,-81,-214,-127,-10,45,-48,-216,54,-3,198
6693,6,6,62,-169,-125,-157,-10,43,250,-255,-23,-139
6694,1,1,-196,328,-35,-246,101,-216,-219,14,-58,-251
6695,4,4,-51,70,-110,-256,221,-76,-63,-31,-150,-131
6696,4,4,-120,62,-95,-230,281,-91,-127,34,-150,-178
6697,7,7,-164,17,32,49,-150,-181,-459,257,-138,23
6698,2,2,13,60,319,-83,-124,-231,-249,69,-144,-211
6699,4,4,-110,108,-102,-338,327,-181,-207,40,-156,-163
6700,4,4,-68,33,-163,-162,165,-18,-6,-11,-114,-176
6701,0,0,230,-187,-47,-159,-144,-170,-111,17,-100,-31
6702,1,1,-89,321,-121,-280,62,-154,-140,-31,-146,-224
6703,2,2,-18,84,412,-25,-206,-378,-317,115,-161,-310
6704,3,3,-212,-68,6,341,-216,-117,-418,145,-81,-33
6705,4,4,-140,13,-115,-281,346,-97,-148,-10,-254,-99
6706,5,5,-51,-113,-56,58,-138,150,-73,-48,-172,-53
6707,6,6,20,-158,-201,-144,37,49,304,-265,-162,-246
6708,7,7,-55,-19,38,-30,-70,-285,-392,235,-40,4
6709,8,8,-18,-195,-254,-116,-94,117,45,-109,170,-25
6710,9,9,6,-276,-163,1,12,-99,-134,-3,19,213
6711,0,0,232,-153,-112,-145,-119,-114,-140,37,-153,-65
6712,1,1,-52,313,-121,-433,135,-192,-144,-64,-151,-214
6713,2,2,-56,64,406,6,-223,-346,-362,159,-149,-270
6714,3,3,-307,-62,-101,432,-235,-29,-464,125,-147,-7
6715,4,4,-120,-69,-179,-251,331,-128,-78,-29,-130,-79
6716,5,5,-43,-103,-196,-10,-69,157,65,-25,-86,-101
6717,6,6,4,-249,-237,-138,-7,103,383,-285,-110,-220
6718,9,9,-18,-300,-244,-124,12,18,-38,-30,48,142
6719,0,0,262,-138,23,-202,-61,-249,-30,-65,-145,-131
6720,1,1,-55,320,-46,-414,134,-224,-164,-39,-182,-236
6721,2,2,-55,12,260,-81,-45,-157,-91,37,-21,-264
6722,3,3,-32,-101,54,203,-124,-77,-245,57,-179,-91
6723,4,4,-13,-95,-134,-164,198,-135,-15,14,-111,-157
6724,7,7,-49,-27,-82,-84,4,-193,-340,252,-70,-2
6725,8,9,35,-134,-89,-109,45,-94,-56,-98,22,57
6726,1,1,-87,339,-90,-336,62,-190,-166,-8,-151,-226
6727,3,3,-360,14,-99,459,-239,-80,-465,101,-51,-11
6728,5,5,-64,-121,-228,-19,-199,271,-84,50,-168,-40
6729,1,1,-91,332,-90,-377,96,-172,-143,-32,-136,-223
6730,7,7,-112,54,-111,-138,39,-124,-321,214,-138,-13
6731,7,7,-127,60,-9,-23,-46,-222,-402,253,-112,4
6732,2,2,-94,84,282,30,-97,-234,-215,111,-126,-247
6733,1,1,-97,359,-77,-388,100,-226,-174,-39,-125,-254
6734,4,4,-95,-3,-158,-218,245,-113,-103,77,-140,-201
6735,8,8,-48,-95,-259,-101,-45,42,-95,-20,83,42
6736,3,3,-213,-110,-129,418,-211,-10,-345,60,-42,-14
6737,4,4,-66,-39,-147,-261,271,-167,-56,-18,-62,-208
6738,4,4,-89,8,-134,-229,300,-109,-87,53,-134,-259
6739,3,3,-169,-56,29,249,-197,-167,-427,175,-69,-12
6740,9,9,-1,-205,-70,-107,100,-152,-188,41,-76,158
6741,7,7,-65,19,-117,-137,48,-148,-305,228,-142,-56
6742,4,4,-99,-65,-14,-192,325,-178,-154,54,-250,-143
6743,1,1,-152,348,-38,-267,70,-277,-267,60,-144,-232
6744,2,2,-136,103,264,-84,-62,-182,-152,78,-27,-324
6745,3,3,-214,-16,-109,270,-133,15,-334,69,-151,-20
6746,5,5,-56,-89,-146,-96,15,122,50,-4,-98,-78
6747,9,9,-30,-206,-188,-28,46,-123,-195,44,28,148
6748,1,1,-134,370,-180,-405,94,-170,-123,-59,-81,-263
6749,6,6,97,-239,-135,-222,-211,78,285,-216,55,-160
6750,0,0,247,-274,39,-126,38,-203,-127,-77,-220,38
6751,1,1,-115,362,-50,-343,89,-251,-218,44,-190,-258
6752,0,0,204,-131,-70,-198,-59,-177,-133,8,-172,-38
6753,0,0,214,-231,-48,-157,-47,-89,31,-112,-147,16
6754,2,2,-115,152,427,-20,-215,-286,-313,129,-131,-356
6755,8,9,-39,-66,-98,-14,19,-168,-283,49,-2,70
6756,7,7,-68,46,-6,-96,0,-178,-348,156,-86,12
6757,1,1,-129,368,-166,-365,92,-182,-144,-41,-115,-252
6758,1,1,-89,355,-55,-367,96,-237,-190,-12,-159,-269
6759,4,4,-66,-34,-33,-216,253,-164,-135,20,-110,-136
6760,0,0,209,-227,-43,-116,-15,-122,-31,-104,-156,42
6761,4,4,10,-105,-87,-185,211,-193,-111,-18,-123,-51
6762,7,7,-131,48,154,40,-169,-360,-514,323,-105,-74
6763,3,3,-165,-104,-68,316,-151,3,-278,45,-99,-10
6764,6,6,-50,-163,-277,-173,76,140,308,-281,-126,-186
6765,8,4,-38,1,-173,-171,87,-10,-21,-54,-27,-67
6766,0,0,231,-133,-89,-182,-63,-133,-98,-57,-186,-49
6767,3,3,-305,-12,-38,408,-219,-82,-455,195,-165,-94
6768,7,7,-165,42,121,9,-178,-241,-453,249,-30,-49
6769,4,4,-87,-28,-110,-265,222,-166,-86,-87,27,-84
6770,0,0,279,-170,-66,-159,-171,-98,-12,-62,-144,-93
6771,6,6,50,-173,-125,-117,54,-8,246,-237,-193,-256
6772,9,9,-22,-195,-169,-98,83,-96,-167,5,-90,182
6773,2,2,-3,36,418,15,-214,-348,-321,116,-214,-309
6774,6,6,67,-246,-129,-238,23,37,355,-301,-83,-243
6775,5,5,-119,-53,-162,-21,-71,188,-88,-29,-36,29
6776,8,8,-78,-218,-92,-111,-96,27,29,-144,247,66
6777,6,6,80,-302,-199,-149,-92,76,370,-286,-5,-178
6778,9,9,-55,-240,-149,-20,20,-95,-214,24,59,220
6779,0,0,267,-129,-36,-219,-47,-191,-78,-59,-193,-129
6780,4,4,-58,-74,-133,-133,195,-156,-112,2,-55,-67
6781,0,0,233,-162,-17,-149,7,-203,-51,-94,-197,-76
6782,6,6,82,-264,-248,-102,-60,96,301,-291,-39,-125
6783,1,1,24,111,-152,-295,54,-58,108,-165,-132,-280
6784,9,9,-12,-319,-164,-50,61,-86,-93,-53,63,205
6785,2,2,-47,6,263,-96,-11,-109,-72,5,-57,-289
6786,0,0,273,-124,18,-225,-109,-182,-41,-67,-180,-147
6787,9,9,-76,-6,-218,-184,53,-68,-213,23,-91,117
6788,5,5,-137,-46,-241,9,-24,175,-13,22,-69,-49
6789,1,1,-114,354,-112,-378,97,-187,-147,-33,-122,-236
6790,3,3,-102,-92,30,226,-145,-72,-255,77,-85,-21
6791,7,7,-70,15,-18,-99,-28,-161,-336,160,-47,41
6792,6,6,41,-214,-174,-183,8,92,350,-301,-103,-252
6793,9,9,-62,-131,-186,-82,52,-68,-198,22,-47,151
6794,3,3,-300,1,-45,412,-249,-85,-474,184,-136,-75
6795,0,0,208,-82,-80,-223,-50,-119,-97,-11,-238,-91
6796,2,2,45,18,248,-88,-47,-157,-157,52,-191,-206
6797,2,2,-74,102,305,58,-209,-273,-367,130,-165,-209
6798,0,0,226,-120,-125,-86,-191,-38,-117,45,-211,-23
6799,1,1,-76,279,-124,-290,80,-113,-130,-40,-108,-142
6800,2,2,1,90,286,-33,-214,-220,-148,1,-112,-260
6801,3,3,-183,62,-56,239,-192,64,-236,73,-227,-118
6802,4,4,-148,8,-111,-331,361,-88,-129,82,-224,-221
6803,5,5,-135,-46,-243,43,-148,286,-108,-39,-232,57
6804,6,6,-4,-172,-159,-117,-70,74,333,-251,-51,-265
6805,7,7,-184,36,76,-11,-138,-220,-465,340,-174,-11
6806,8,8,-105,16,84,25,-161,-62,-166,-10,103,-36
6807,9,9,-210,-46,-117,-37,109,-77,-349,82,-23,198
6808,0,0,162,-91,-99,-90,-151,33,-92,15,-179,-4
6809,1,1,-111,181,-74,-203,75,-97,-160,13,-124,-34
6810,2,2,-23,88,343,-76,-245,-222,-145,28,-99,-272
6811,3,3,-340,64,-104,311,-178,65,-323,114,-212,-62
6812,4,4,-153,49,-28,-245,332,-118,-155,55,-242,-239
6813,5,5,-178,-38,-273,9,-128,285,2,-135,-135,28
6814,6,6,-19,-158,-126,-136,-40,86,285,-177,-84,-218
6815,7,7,-188,-11,0,-1,-111,-152,-415,318,-159,33
6816,8,8,-56,-132,-6,57,-197,-6,-93,-39,204,-27
6817,9,9,-168,-114,-115,-44,75,-54,-272,79,37,189
6818,0,0,153,-85,-88,-42,-212,6,-94,81,-122,-148
6819,1,1,-65,282,-132,-310,91,-84,-98,-65,-135,-181
6820,2,2,-79,120,349,-32,-275,-269,-255,116,-117,-252
6821,3,3,-242,38,-39,283,-166,32,-291,94,-244,-84
6822,4,4,-95,49,-71,-236,260,-92,-141,100,-254,-253
6823,5,5,-170,-63,-164,46,-117,256,-85,-83,-102,41
6824,6,6,14,-181,-168,-84,-73,77,287,-214,-82,-169
6825,7,7,-196,66,22,-7,-92,-198,-423,322,-162,-25
6826,8,8,-80,-152,91,148,-211,-175,-258,30,164,33
6827,9,9,-221,-2,-106,-94,103,-46,-309,92,-49,162
6828,2,2,-55,62,317,29,-259,-258,-224,55,-72,-194
6829,1,1,-74,253,-103,-273,60,-99,-136,-21,-98,-117
6830,7,7,-129,-40,24,-17,-176,-122,-399,286,-143,34
6831,2,2,-92,112,260,52,-344,-287,-296,109,-21,-191
6832,5,5,-191,-70,-236,79,-235,322,-182,-25,-163,76
6833,0,0,262,-192,-109,-80,-205,-92,-138,65,-203,6
6834,8,8,-132,-153,8,131,-250,-79,-232,-38,235,75
6835,0,0,245,-175,-132,-99,-152,-60,-124,90,-286,-8
6836,2,2,22,118,288,-119,-137,-202,-117,-37,-154,-324
6837,7,7,-119,23,57,-29,-96,-206,-399,273,-144,9
6838,8,8,-107,-108,91,127,-267,-156,-221,8,218,-10
6839,8,8,-118,-88,89,146,-296,-127,-205,40,179,-52
6840,3,3,-182,71,48,214,-150,-36,-270,97,-254,-139
6841,0,0,227,-105,38,-124,-182,-96,-190,113,-271,-98
6842,6,6,24,-163,-211,-87,-65,89,247,-173,-67,-131
6843,0,0,196,-124,-147,-128,-205,61,-54,64,-179,-73
6844,2,2,-27,78,243,24,-255,-194,-208,34,-83,-181
6845,7,7,-170,23,65,16,-152,-197,-458,307,-156,9
6846,6,6,-3,-151,-153,-121,-39,71,284,-198,-59,-211
6847,6,6,-14,-146,-116,-121,25,52,196,-102,-122,-134
6848,1,1,-114,231,-94,-236,80,-97,-148,-11,-114,-87
6849,2,2,-53,74,330,7,-339,-267,-215,45,-40,-199
6850,8,8,-61,-200,44,97,-203,-106,-144,-47,258,17
6851,8,2,-50,12,131,18,-155,-162,-190,-2,96,-39
6852,7,7,-161,62,0,-78,-47,-171,-356,262,-132,19
6853,7,7,-227,74,105,17,-169,-246,-533,370,-215,-41
6854,4,4,-157,28,-127,-263,315,-74,-138,77,-165,-182
6855,7,7,-97,-45,-100,-134,-31,-91,-216,324,-180,-27
6856,7,7,-159,61,8,-54,-42,-179,-367,283,-153,-16
6857,3,3,-330,78,-101,341,-207,20,-358,104,-176,-58
6858,7,7,-152,-27,-92,-90,-38,-91,-289,303,-151,33
6859,4,4,-178,77,-94,-270,343,-140,-199,99,-211,-198
6860,5,5,-152,-68,-248,71,-162,301,-108,-48,-150,50
6861,4,4,-164,94,-124,-333,356,-128,-159,78,-229,-242
6862,3,3,-321,45,-97,321,-183,3,-383,109,-189,-9
6863,3,3,-285,67,-105,318,-199,8,-345,92,-186,-27
6864,8,8,-96,-91,48,111,-227,-112,-205,5,195,-6
6865,4,4,-152,-26,-72,-214,313,-64,-135,74,-242,-161
6866,5,5,-131,-68,-346,40,-165,337,-35,-71,-205,19
6867,4,4,-122,23,-77,-185,237,-104,-146,44,-127,-64
6868,1,1,-75,301,-112,-348,112,-126,-119,-51,-158,-193
6869,1,1,-123,231,-102,-254,107,-103,-163,-26,-114,-65
6870,9,9,-158,-102,-84,-85,50,-30,-213,70,17,166
6871,7,7,-176,-8,58,18,-166,-181,-466,324,-160,19
6872,4,4,5,44,-64,-319,209,-94,-75,-2,-242,-124
6873,3,3,-308,58,-31,351,-211,-57,-396,132,-209,-67
6874,7,7,-201,32,51,-2,-120,-225,-486,366,-175,-13
6875,3,3,-374,66,-52,441,-221,-100,-487,151,-196,-65
6876,3,3,-280,80,-55,289,-174,-6,-336,110,-238,-74
6877,0,0,167,-71,-71,-152,-142,-22,-129,82,-259,-29
6878,2,2,6,148,231,-141,-99,-166,-76,-92,-120,-329
6879,5,5,-167,-62,-230,30,-235,334,-110,-88,-125,50
6880,5,5,-197,-109,-201,65,-252,322,-163,-55,-103,71
6881,6,6,43,-204,-207,-121,-94,66,331,-240,-43,-205
6882,3,3,-274,23,-76,299,-200,-10,-385,95,-178,6
6883,1,1,10,149,-14,-235,40,-60,36,-134,-74,-214
6884,5,5,-154,-93,-223,18,-158,309,-62,-91,-83,43
6885,2,2,15,84,266,-77,-111,-235,-106,-31,-118,-272
6886,5,5,-129,-9,-238,82,-127,220,-63,-27,-187,-8
6887,9,9,-193,-162,-92,3,27,7,-295,12,28,233
6888,9,9,-156,-76,-97,-110,88,0,-250,44,-85,191
6889,8,8,-56,-127,82,103,-181,-208,-196,19,173,16
6890,4,4,-181,33,-36,-235,338,-114,-176,87,-230,-208
6891,1,1,-124,217,-107,-241,106,-88,-146,-23,-105,-62
6892,0,0,229,-116,-75,-133,-197,-3,-69,51,-216,-67
6893,6,6,14,-190,-236,-115,-103,146,227,-94,-79,-176
6894,0,0,128,-62,57,-42,-248,-82,-225,122,-122,-133
6895,9,7,-241,73,-81,-124,60,-86,-367,142,-93,123
6896,6,6,-3,-195,-241,-108,-53,96,322,-193,-74,-201
6897,8,8,-61,-132,128,54,-207,-163,-208,71,161,-12
6898,8,2,-72,-69,113,40,-155,-162,-247,82,110,13
6899,5,5,-204,-40,-179,26,-118,258,-55,-97,-14,13
6900,6,6,-26,-126,-166,-50,-75,103,219,-169,-63,-163
6901,1,1,-77,231,-115,-240,72,-92,-107,-30,-95,-112
6902,1,1,-135,199,-90,-217,92,-86,-162,-6,-111,-35
6903,9,9,-185,-107,-174,-24,74,13,-307,13,-54,247
6904,8,8,-38,-118,66,81,-131,-141,-154,-23,146,16
6905,9,9,-159,-41,-125,-132,60,25,-186,36,-38,148
6906,2,2,64,-19,208,-160,-33,-147,22,-82,-105,-274
6907,3,3,-297,26,-116,324,-199,25,-388,63,-143,28
6908,5,5,-151,-111,-233,-3,-158,325,-57,-118,-66,54
6909,5,5,-143,-121,-135,-64,-115,248,-59,-90,44,53
6910,9,9,-191,-41,-114,-52,73,2,-258,-6,-20,193
6911,4,4,-149,-61,-36,-257,336,-87,-125,94,-244,-177
6912,2,2,-24,47,245,-46,-127,-157,-102,37,-97,-217
6913,1,1,-46,242,-107,-270,65,-79,-93,-45,-96,-138
6914,9,9,-191,52,-86,-156,93,-26,-276,27,-48,148
6915,4,4,-141,17,-37,-233,320,-98,-148,30,-218,-169
6916,9,9,-139,-111,-41,-67,113,-80,-277,75,-37,177
6917,1,1,-78,238,-138,-268,87,-59,-98,-67,-98,-115
6918,3,3,-293,69,-102,290,-193,6,-377,104,-201,-9
6919,9,9,-205,54,-112,-127,95,-53,-294,53,-73,157
6920,2,2,-26,96,323,-61,-255,-237,-163,34,-76,-230
6921,0,0,241,-152,-28,-114,-167,-72,-120,41,-197,-23
6922,6,6,-8,-130,-185,-56,-42,93,211,-165,-53,-129
6923,0,0,201,-107,-13,-126,-191,-59,-121,66,-139,-102
6924,4,4,-143,43,-16,-185,252,-113,-158,74,-153,-153
6925,0,0,162,-72,-23,-127,-211,-46,-142,121,-124,-128
6926,6,6,-24,-87,-96,-123,44,37,161,-120,-77,-122
6927,0,0,203,-72,-76,-200,-159,-97,-127,45,-181,-92
6928,1,1,-64,301,-106,-346,110,-143,-130,-54,-149,-189
6929,2,2,-68,104,359,-85,-143,-206,-232,24,-54,-259
6930,3,3,-280,-18,-30,370,-205,-70,-407,165,-176,-76
6931,4,4,-152,96,-166,-265,290,-126,-211,66,-161,-129
6932,5,5,-135,-126,-252,-20,-207,358,36,-115,-81,-91
6933,6,6,-2,-176,-243,-135,-15,94,345,-238,-119,-213
6934,7,7,-115,7,-105,-141,21,-120,-271,272,-117,-6
6935,8,8,-90,-119,-151,-34,-95,-105,-196,-99,327,65
6936,9,9,-131,-125,-70,-52,5,-13,-249,51,21,174
6937,0,0,245,-206,6,-154,-83,-161,-48,-87,-128,-11
6938,1,1,-84,295,-136,-295,76,-107,-131,-35,-149,-171
6939,2,2,17,96,286,-204,-39,-136,-120,-62,-73,-261
6940,3,3,-164,-37,38,217,-93,-38,-268,87,-217,-88
6941,4,4,-204,90,-166,-267,362,-149,-249,59,-163,-115
6942,5,5,-162,-151,-367,68,-177,372,-40,-76,-83,8
6943,6,6,60,-144,-142,-148,37,-10,235,-216,-228,-225
6944,7,7,-59,-72,-142,-120,-38,-21,-226,219,-171,51
6945,8,8,-37,-77,-175,-166,13,-110,-155,25,91,1
6946,9,9,-69,-102,-101,-66,77,-86,-200,19,-77,153
6947,0,0,246,-187,-12,-72,-133,-164,-139,-32,-182,17
6948,1,1,-72,305,-163,-332,101,-100,-97,-70,-141,-206
6949,2,2,-73,112,393,5,-183,-299,-303,40,-112,-281
6950,3,3,-254,-47,-1,274,-146,-97,-440,189,-161,-36
6951,4,4,-164,85,-130,-235,297,-151,-238,71,-166,-105
6952,5,5,-84,-145,-194,43,-116,223,-5,-31,-147,-55
6953,6,6,48,-202,-262,-89,5,71,305,-236,-131,-185
6954,7,7,-95,31,93,0,-121,-237,-389,233,-88,-22
6955,8,8,-35,-83,-146,-124,-45,-106,-117,-99,208,27
6956,9,9,-100,-218,-113,13,64,-95,-259,62,11,212
6957,3,3,-241,-64,-53,376,-181,-87,-397,25,-31,41
6958,8,8,-88,-58,-167,-28,-3,-99,-191,-40,192,19
6959,0,0,194,-106,-56,-184,-130,-75,-76,-14,-204,-65
6960,7,7,-160,11,-39,-44,-48,-170,-389,305,-114,29
6961,1,1,-83,291,-130,-264,45,-149,-182,-3,-135,-142
6962,0,0,238,-144,-28,-217,-83,-35,36,-138,-217,-104
6963,7,7,-125,-24,-58,-77,-17,-133,-337,294,-127,30
6964,5,5,-64,-87,-167,27,-212,264,-39,-90,-149,-58
6965,5,5,-171,-116,-350,-58,-143,387,-62,-93,-91,44
6966,6,6,-3,-161,-215,-121,22,93,299,-223,-143,-189
6967,9,9,-78,-80,-162,-71,15,-52,-215,63,-44,158
6968,0,0,206,-170,-80,-168,-94,-140,-55,-49,-94,-25
6969,1,1,-72,331,-87,-395,116,-192,-137,-30,-147,-250
6970,0,0,211,-78,8,-138,-117,-199,-149,30,-176,-123
6971,0,0,218,-96,67,-196,-175,-125,-46,14,-152,-191
6972,8,8,-104,-113,22,55,-197,-179,-188,69,251,-34
6973,3,3,-286,14,-9,377,-197,-49,-382,156,-246,-116
6974,4,4,-202,102,-175,-241,335,-134,-218,64,-169,-155
6975,3,3,-144,-90,-31,290,-135,-22,-266,84,-170,-73
6976,1,1,-83,310,-74,-327,90,-178,-142,-13,-133,-215
6977,5,5,-143,-134,-341,29,-177,333,-120,18,-121,12
6978,0,0,196,-100,-83,-203,-121,-107,-91,-25,-166,-50
6979,0,0,242,-150,-63,-171,-236,-19,-4,8,-128,-142
6980,9,9,-161,-80,-138,-74,101,-76,-335,62,-66,220
6981,5,5,-71,-87,-148,17,-215,246,-45,-46,-166,-67
6982,3,3,-375,0,-133,446,-184,-22,-423,109,-156,-23
6983,4,4,-160,104,-199,-234,255,-69,-171,6,-156,-78
6984,9,9,-105,-91,-125,-103,95,-94,-271,33,-107,204
6985,3,3,-239,-30,-9,408,-224,-90,-420,114,-126,-72
6986,7,7,-95,65,10,-91,-16,-191,-326,234,-123,-17
6987,6,6,-22,-154,-197,-139,14,90,344,-301,-100,-266
6988,9,9,-88,-148,-125,-27,28,-96,-317,38,-27,222
6989,2,2,1,19,325,-131,-54,-190,-108,-71,-59,-250
6990,4,4,-210,30,-95,-116,235,-103,-269,72,-160,32
6991,5,5,-206,-164,-321,86,-145,357,2,-81,-157,-28
6992,7,7,-104,-64,-175,-107,-19,-39,-261,288,-144,39
6993,2,2,-24,22,369,-66,-94,-249,-165,-78,-38,-270
6994,6,6,58,-176,-151,-137,-11,71,269,-227,-176,-255
6995,4,4,-164,80,-157,-272,337,-115,-164,32,-162,-205
6996,9,9,-81,-110,-62,-45,57,-114,-244,85,-27,145
6997,4,4,-190,89,-170,-224,257,-101,-231,30,-135,6
6998,9,9,-60,-171,-94,-41,26,-83,-218,52,-11,182
6999,4,4,-142,63,-143,-213,250,-82,-148,24,-169,-72
7000,1,1,-57,259,-84,-298,83,-125,-104,-26,-130,-181
7001,2,2,6,38,275,-144,-6,-179,-95,-38,-92,-252
7002,2,2,18,-2,311,-65,-117,-250,-159,-28,-7,-181
7003,5,5,-104,-92,-231,15,-158,270,-75,-42,-126,21
7004,8,8,-94,-119,-89,42,-153,-34,-156,-74,240,75
7005,1,1,-88,290,-104,-320,86,-128,-133,-11,-158,-180
7006,3,3,-404,23,-102,430,-216,-26,-477,147,-136,-43
7007,2,2,8,30,375,-96,-95,-273,-161,-39,-86,-275
7008,9,9,-189,-143,-68,16,68,-41,-268,59,-32,189
7009,4,4,-131,40,-65,-194,316,-168,-209,25,-153,-117
7010,3,3,-351,-21,-76,387,-241,-51,-462,78,-19,42
7011,8,8,-126,-66,-59,8,-22,-135,-194,-22,251,-12
7012,2,2,4,63,332,-101,-83,-273,-219,23,-90,-243
7013,2,2,8,84,339,-94,-77,-249,-203,-12,-128,-250
7014,1,1,-52,299,-98,-337,92,-128,-112,-59,-160,-201
7015,2,2,20,-9,309,-61,-38,-229,-124,-6,-151,-280
7016,8,8,-61,-140,-62,52,-154,-108,-136,-93,291,23
7017,6,6,28,-191,-245,-100,-11,94,288,-205,-122,-172
7018,5,5,-156,-93,-286,-9,-138,342,-35,-121,-138,52
7019,1,1,-62,285,-123,-304,79,-126,-147,-46,-160,-154
7020,6,6,28,-145,-218,-136,-13,91,295,-238,-106,-222
7021,7,7,-136,51,38,1,-78,-255,-449,277,-134,6
7022,2,2,16,24,340,-42,-93,-265,-191,19,-172,-296
7023,1,1,-102,291,-113,-255,64,-181,-206,30,-150,-153
7024,3,3,-230,-19,-15,353,-218,-86,-413,149,-208,-74
7025,9,9,-121,-124,-109,-25,37,-111,-309,103,47,182
7026,3,3,-265,6,-52,361,-222,-30,-406,173,-223,-104
7027,8,8,-95,-161,-89,25,-75,-44,-179,-34,239,80
7028,7,7,-102,-32,-48,-13,-87,-54,-251,200,-109,39
7029,5,5,-119,-154,-275,87,-136,269,-31,-87,-146,26
7030,7,7,-96,74,31,-60,-86,-162,-346,162,-90,25
7031,0,0,198,-27,72,-115,-175,-169,-147,20,-155,-168
7032,7,7,-87,61,-138,-248,9,-95,-271,218,-150,2
7033,4,4,-135,79,-138,-204,229,-73,-131,26,-168,-101
7034,8,8,-130,-75,-17,39,-89,-105,-144,-35,270,-44
7035,8,8,72,-95,-47,-35,-245,-6,-78,-38,89,-63
7036,5,5,-119,-159,-198,-67,-198,342,6,-57,-95,-26
7037,0,0,229,-105,9,-201,-57,-128,-5,-101,-205,-98
7038,6,6,-16,-194,-133,-109,-55,52,321,-193,-57,-221
7039,6,6,10,-166,-206,-157,17,59,332,-278,-45,-215
7040,3,3,-244,-48,-75,346,-159,-29,-370,166,-173,-94
7041,7,7,-152,-13,-17,18,-82,-202,-441,342,-130,-7
7042,6,6,15,-192,-168,-168,-28,72,367,-284,-47,-267
7043,9,9,-40,-90,-98,-60,19,-23,-157,-6,-68,144
7044,9,9,-152,-20,-119,-72,74,-87,-305,49,-98,191
7045,4,4,-165,73,-187,-232,267,-68,-170,2,-131,-60
7046,8,8,-44,-82,-132,-61,-75,-103,-204,-70,165,124
7047,4,4,-186,108,-75,-186,285,-199,-261,49,-188,-89
7048,1,1,-82,320,-62,-352,90,-200,-158,-12,-133,-217
7049,0,0,213,-135,-67,-211,29,-140,44,-183,-198,-108
7050,6,6,72,-213,-238,-155,-5,69,337,-284,-87,-221
7051,6,6,-20,-156,-241,-118,37,112,301,-214,-145,-253
7052,0,0,260,-118,3,-234,-125,-208,-125,23,-199,-128
7053,1,1,-37,303,-162,-370,68,-114,-101,-68,-145,-202
7054,2,2,-27,144,310,-164,-82,-276,-284,169,-191,-282
7055,3,3,-301,-7,-110,390,-268,-64,-430,89,-33,37
7056,4,4,-171,51,-106,-238,323,-101,-169,66,-148,-187
7057,5,5,-89,-125,-366,-58,-88,259,-25,26,-65,-22
7058,6,6,12,-138,-184,-197,-29,80,289,-184,-155,-207
7059,7,7,-139,7,-6,1,-75,-202,-427,286,-129,22
7060,8,8,-74,-125,-70,-34,-133,23,-117,-89,187,100
7061,9,9,-65,-37,-95,-89,33,-81,-218,55,-87,121
7062,0,0,235,-104,-113,-238,-240,-23,54,-62,-122,-176
7063,1,1,-65,299,-123,-315,74,-145,-156,-26,-156,-163
7064,2,2,-126,191,275,-16,-165,-157,-215,34,-86,-282
7065,3,3,-263,6,-87,357,-233,-107,-412,69,-20,25
7066,4,4,-160,71,-182,-309,407,-149,-178,16,-131,-225
7067,5,5,-139,-123,-272,-80,-139,335,-6,-77,-59,-11
7068,6,6,4,-208,-308,-102,-2,123,351,-272,-120,-222
7069,7,7,-64,-69,-56,-61,-15,-154,-343,295,-117,24
7070,8,8,4,-42,-113,-97,-120,-89,-113,-39,142,-3
7071,9,9,-73,-83,-107,-83,90,-99,-232,73,-75,133
7072,0,0,155,-82,-5,-186,-76,-123,-133,76,-238,-59
7073,1,1,-77,308,-130,-282,65,-137,-148,-28,-139,-182
7074,2,2,-78,171,390,-50,-228,-350,-399,222,-219,-297
7075,3,3,-319,7,-117,431,-256,18,-355,70,-77,-82
7076,4,4,-144,55,-119,-271,350,-141,-184,67,-164,-220
7077,5,5,-91,-140,-346,-38,-160,306,-34,-7,-60,-22
7078,6,6,-8,-164,-252,-110,-47,80,342,-224,-112,-239
7079,7,7,-125,-77,-92,3,-47,-72,-335,236,-132,83
7080,8,8,-54,-76,-55,-41,-112,-157,-161,-57,250,11
7081,9,9,-87,-71,-158,-102,75,-63,-234,64,-130,146
7082,7,7,-201,39,40,5,-118,-186,-450,330,-186,-17
7083,4,4,-147,68,-39,-227,300,-148,-187,52,-184,-150
7084,0,0,234,-42,-42,-258,-91,-107,-34,-82,-244,-164
7085,4,4,-219,72,-155,-222,326,-63,-174,65,-170,-176
7086,0,0,266,-88,37,-252,-98,-185,-45,-75,-215,-157
7087,1,1,-89,262,-94,-238,63,-142,-162,13,-139,-145
7088,7,7,-145,-30,7,27,-58,-211,-445,312,-137,30
7089,9,9,-85,-112,-132,-81,94,-58,-210,43,-116,163
7090,5,5,-90,-95,-263,-54,-142,263,-6,-67,-30,0
7091,1,1,-93,344,-75,-340,83,-225,-190,2,-153,-219
7092,4,4,-171,49,-112,-268,386,-145,-190,58,-189,-220
7093,2,2,-72,201,343,-59,-208,-286,-378,193,-249,-303
7094,8,8,-58,-134,-83,16,-115,-74,-252,60,122,105
7095,9,9,-98,-48,-109,-74,79,-84,-230,40,-58,138
7096,4,4,-173,67,-144,-304,403,-122,-150,2,-148,-232
7097,3,3,-169,-41,-43,269,-227,-62,-351,61,-31,13
7098,7,7,-116,-59,-121,-30,-31,-76,-319,265,-130,54
7099,8,8,-65,-85,-126,-80,-173,67,-69,-89,192,36
7100,2,2,-93,162,383,-46,-202,-228,-273,89,-142,-330
7101,4,4,-173,28,-77,-204,307,-110,-201,81,-175,-111
7102,4,4,-151,45,-76,-179,250,-105,-176,36,-110,-75
7103,3,3,-284,-17,-110,373,-299,-5,-375,46,-44,9
7104,3,3,-361,8,12,388,-250,-64,-399,111,-47,-68
7105,6,6,-14,-211,-186,-128,-8,78,357,-238,-114,-230
7106,9,9,-167,-23,-90,-65,96,-94,-308,52,-66,189
7107,9,9,-96,-56,-138,-66,47,-58,-219,23,-74,166
7108,5,5,-128,-166,-309,-41,-115,310,2,-85,-39,43
7109,8,8,-96,-59,-140,-6,-55,-100,-191,-74,234,55
7110,6,6,2,-178,-224,-129,-4,95,339,-264,-97,-227
7111,7,7,-147,9,15,38,-87,-251,-473,314,-132,4
7112,0,0,233,-77,36,-243,-45,-180,-104,-32,-236,-121
7113,6,6,27,-153,-202,-197,3,62,313,-220,-151,-225
7114,8,8,-136,-129,-86,52,-21,-138,-250,-55,273,84
7115,2,2,-125,181,327,0,-170,-234,-305,114,-115,-292
7116,6,6,-41,-174,-209,-106,-4,63,339,-219,-90,-241
7117,3,3,-350,4,-48,417,-324,-115,-541,119,-6,23
7118,9,9,-135,-107,-114,-31,33,-56,-322,109,-57,176
7119,3,3,-285,-53,-105,376,-360,20,-397,6,65,7
7120,2,2,-109,164,421,-53,-229,-351,-342,142,-88,-338
7121,8,7,-15,6,-141,-120,-42,-87,-193,84,17,6
7122,6,6,41,-53,-253,-258,10,29,247,-172,-174,-218
7123,1,1,-44,326,-98,-409,131,-171,-122,-67,-175,-248
7124,7,7,-130,53,30,-7,-100,-269,-463,316,-145,-19
7125,4,4,-214,77,-142,-250,377,-120,-217,52,-162,-159
7126,8,8,-107,-125,-107,15,-26,-134,-265,19,191,109
7127,8,8,-69,-45,-114,-57,-128,-21,-117,-2,185,-3
7128,9,9,-62,-109,-57,-33,33,-101,-239,32,-37,162
7129,0,0,258,-74,-15,-234,-134,-145,-41,-60,-210,-162
7130,3,3,-256,-25,-37,336,-242,-122,-423,53,12,64
7131,3,3,-308,-48,-131,412,-248,-75,-492,76,-7,69
7132,9,9,-39,-77,-105,-148,85,-103,-211,30,-118,138
7133,0,0,235,-1,-5,-256,-88,-151,-92,-33,-260,-197
7134,5,5,-121,-159,-297,-42,-131,322,31,-91,-72,-9
7135,2,2,-162,158,299,-42,-119,-201,-252,151,-75,-320
7136,9,9,-87,-113,-130,-70,99,-113,-261,55,-64,160
7137,4,4,-123,29,-28,-163,293,-220,-219,79,-172,-161
7138,1,1,-130,328,-118,-315,78,-173,-144,-14,-104,-224
7139,0,0,237,-55,7,-309,-19,-228,-57,-66,-220,-174
7140,3,3,-304,7,-111,398,-227,-22,-350,95,-118,-55
7141,7,7,-184,11,-3,32,-84,-225,-485,321,-139,31
7142,5,5,-162,-145,-272,-27,-122,332,-12,-92,-104,41
7143,8,8,-104,-14,-173,-41,48,-76,-186,5,96,18
7144,7,7,-176,-41,-9,18,-78,-192,-465,346,-174,32
7145,7,7,-162,-14,9,38,-113,-200,-487,322,-158,9
7146,8,8,-38,-162,-105,42,-95,-127,-174,-61,240,74
7147,2,2,1,48,411,-107,-174,-363,-241,99,-79,-314
7148,9,9,-119,-144,-73,-70,128,-133,-325,84,-36,200
7149,7,7,-138,0,-10,9,-64,-214,-450,284,-93,32
7150,1,1,-114,363,-103,-348,85,-212,-172,-14,-140,-244
7151,2,2,-92,101,404,-75,-238,-342,-321,185,-69,-316
7152,6,6,-10,-186,-226,-69,2,75,314,-228,-126,-223
7153,4,4,-177,47,-123,-218,325,-165,-261,76,-132,-83
7154,2,2,-148,168,370,13,-279,-294,-447,229,-154,-284
7155,5,5,-107,-101,-261,-50,-142,288,-19,-21,-40,-45
7156,2,2,-106,162,348,6,-233,-250,-415,175,-213,-259
7157,3,3,-243,-14,-37,368,-263,-172,-429,86,-4,19
7158,6,6,49,-100,-160,-228,33,37,259,-213,-208,-223
7159,6,6,-3,-160,-245,-149,19,82,317,-204,-174,-220
7160,5,5,-78,-139,-281,-81,-126,284,36,-69,-48,-26
7161,0,0,237,-49,-65,-268,-67,-196,-52,-63,-208,-164
7162,0,0,223,-25,-27,-245,-86,-128,-59,-75,-212,-156
7163,2,2,-17,130,444,-135,-161,-364,-287,131,-188,-396
7164,8,8,-98,-34,-114,-40,-60,-96,-192,3,197,9
7165,1,1,-112,355,-98,-352,92,-224,-177,-13,-122,-229
7166,6,6,20,-194,-197,-168,41,51,350,-278,-159,-263
7167,1,1,-70,318,-91,-379,107,-177,-133,-31,-144,-230
7168,0,0,306,-128,-19,-232,-107,-209,-33,-116,-185,-148
7169,4,4,-169,78,-150,-272,347,-120,-188,35,-151,-156
7170,3,3,-212,-57,-56,306,-246,-191,-490,96,17,96
7171,1,1,-69,341,-70,-405,120,-230,-177,-31,-160,-232
7172,6,6,-25,-150,-202,-118,47,44,320,-233,-181,-301
7173,1,1,-129,375,-132,-370,92,-199,-158,-22,-126,-266
7174,9,9,-70,-89,-97,-51,42,-105,-232,63,-43,141
7175,0,0,185,-78,-34,-139,-182,-41,-72,39,-166,-53
7176,1,1,-47,234,-107,-278,85,-72,-76,-56,-110,-159
7177,4,4,-166,98,-61,-178,231,-122,-205,42,-127,-89
7178,5,5,-65,-54,-98,-13,-124,180,-66,-13,-134,-11
7179,6,6,-55,-137,-92,-48,-86,79,196,-196,47,-132
7180,7,7,-102,5,-26,-87,-44,-134,-295,266,-142,11
7181,8,8,-162,-6,10,-8,-64,-139,-285,33,175,48
7182,9,9,-228,-103,-5,77,12,-118,-409,147,-85,164
7183,1,1,-58,213,-88,-222,65,-95,-99,-13,-96,-128
7184,2,2,-79,16,355,-75,-232,-149,-236,122,-43,-230
7185,3,3,-109,-39,-94,287,-276,-15,-336,24,-78,14
7186,4,4,-99,-8,-24,-155,214,-102,-132,48,-121,-68
7187,5,5,-43,-107,-135,53,-130,172,-32,-17,-109,-31
7188,6,6,12,-116,-88,-165,11,27,266,-228,-38,-233
7189,7,7,-98,8,-30,-44,-36,-117,-286,217,-106,15
7190,0,0,138,-96,9,-104,-31,-49,-19,-48,-120,-20
7191,1,1,-94,283,-61,-295,79,-178,-146,-8,-95,-180
7192,2,2,-106,16,329,-30,-198,-172,-234,58,58,-214
7193,3,3,-106,-59,-3,249,-178,-51,-305,90,-131,-40
7194,4,4,-121,48,13,-173,278,-216,-197,42,-133,-172
7195,5,5,-29,-70,-110,28,-76,108,5,0,-96,-56
7196,6,6,19,-185,-39,-144,-22,43,266,-250,-13,-181
7197,7,7,-45,-89,-156,-102,-38,-55,-197,240,-130,34
7198,8,2,-66,14,51,-144,48,-224,-212,31,48,-64
7199,9,9,-102,-160,-95,29,18,-79,-293,83,-3,183
7200,8,8,-62,-148,-48,95,-130,-141,-196,-65,201,108
7201,4,4,-109,118,-106,-283,312,-213,-213,75,-185,-212
7202,0,0,161,-161,-63,-139,-119,-65,-140,83,-149,2
7203,0,0,205,-30,-17,-260,-19,-214,-112,0,-253,-149
7204,7,7,-90,52,105,-8,-114,-304,-418,287,-128,-66
7205,2,2,-140,44,333,18,-268,-157,-299,106,7,-214
7206,4,4,-122,49,-23,-213,334,-273,-255,64,-155,-181
7207,3,3,-103,-79,12,293,-252,-117,-369,88,-49,-13
7208,8,2,-77,-79,134,20,-236,-126,-236,103,108,-35
7209,6,6,-2,-124,-166,-196,-56,141,261,-201,-62,-228
7210,6,6,9,-130,-173,-173,-81,107,234,-206,19,-170
7211,3,3,-121,-80,-105,266,-220,65,-256,28,-79,3
7212,2,2,-107,9,242,-62,-50,-45,-123,55,-41,-248
7213,6,6,-29,-114,28,-182,-13,1,242,-211,37,-258
7214,3,3,-114,-81,6,339,-284,-179,-449,80,-76,34
7215,3,3,-320,-27,-200,443,-281,56,-397,28,-69,21
7216,0,0,105,-97,-108,-51,-122,30,-18,20,-142,-85
7217,1,1,-115,310,-61,-297,69,-190,-178,10,-102,-182
7218,4,4,-142,74,-50,-226,326,-187,-178,59,-145,-251
7219,7,7,-110,-17,-150,-154,10,-75,-257,294,-149,7
7220,8,8,-142,-21,25,47,-110,-163,-257,-7,208,31
7221,0,0,176,-100,-23,-190,-88,-172,-172,60,-179,-23
7222,3,3,-395,-39,-130,465,-276,-22,-538,109,-76,50
7223,1,1,-117,271,-132,-264,70,-128,-122,-11,-81,-158
7224,9,9,-85,-172,-90,-5,35,-101,-291,109,-52,187
7225,0,0,132,-128,-100,-130,-84,-105,-66,29,-142,-21
7226,1,1,-119,269,-103,-265,87,-156,-133,-7,-82,-166
7227,9,9,-78,-113,-63,-16,35,-42,-189,22,-47,159
7228,1,1,-73,261,-29,-279,79,-178,-143,-4,-104,-180
7229,2,2,-68,32,337,-77,-141,-134,-187,54,-50,-253
7230,7,7,-73,-17,-83,-83,-14,-128,-291,257,-101,9
7231,0,0,188,-45,-73,-248,-88,-149,-141,31,-179,-87
7232,1,1,-47,226,-47,-280,75,-128,-99,-21,-104,-152
7233,3,3,-66,-43,-61,185,-193,29,-226,78,-88,-37
7234,8,8,-106,-53,38,-77,-85,-85,-152,-3,170,9
7235,2,2,-159,15,271,16,-120,-70,-212,56,7,-192
7236,9,9,-77,-219,-58,21,35,-127,-294,86,-37,208
7237,2,2,-63,-29,289,-41,-174,-111,-180,51,4,-172
7238,7,7,-89,5,-53,-85,-34,-111,-293,226,-102,19
7239,6,6,50,-188,-129,-233,14,61,316,-284,-67,-209
7240,5,5,-148,-45,-177,73,-44,151,-12,15,-100,-87
7241,5,5,-155,4,-144,40,-87,147,-71,49,-138,-67
7242,9,9,-136,-182,-97,20,79,-94,-289,96,-42,206
7243,9,9,-94,-193,-86,2,51,-131,-294,87,-36,205
7244,8,8,-90,-167,45,82,-189,-91,-193,-18,245,13
7245,2,2,-67,23,305,-48,-188,-160,-244,133,-73,-214
7246,9,9,-131,-129,-45,108,-33,-66,-296,77,-28,131
7247,1,1,-90,307,-17,-311,78,-191,-143,-26,-99,-233
7248,3,3,-129,-71,-126,240,-143,74,-227,33,-86,-18
7249,2,2,56,-35,111,-149,-22,-31,-26,-19,-80,-120
7250,3,3,-251,-46,-148,409,-213,-30,-398,76,-73,13
7251,4,4,-135,79,-88,-300,401,-239,-202,43,-117,-308
7252,3,3,-117,-48,-14,340,-278,-142,-418,79,-85,1
7253,1,1,-106,351,-71,-374,99,-213,-156,-17,-146,-273
7254,9,9,-68,-256,-99,66,-15,-105,-305,74,8,217
7255,0,0,161,-47,-93,-232,-88,-133,-162,77,-224,-70
7256,9,9,-95,-162,-83,75,-16,-124,-341,111,-23,166
7257,3,3,-94,-38,-65,263,-200,-6,-257,30,-142,-36
7258,6,6,-16,-124,-159,-178,-21,145,239,-198,-82,-215
7259,8,8,-76,-86,97,33,-192,-137,-246,99,121,-8
7260,7,7,-55,-115,-164,-81,-18,-114,-264,256,-57,55
7261,0,0,219,-90,29,-177,-46,-239,-90,-18,-213,-126
7262,1,1,-134,384,-76,-386,120,-253,-202,-32,-89,-295
7263,0,0,226,-79,43,-179,-29,-228,-94,-40,-223,-163
7264,5,5,-88,-116,-182,60,-118,214,-74,-11,-114,16
7265,8,8,-167,-45,15,25,6,-158,-287,83,122,-40
7266,2,2,-12,-24,363,-82,-262,-164,-245,90,-64,-214
7267,7,7,-57,-59,-172,-168,-25,-8,-196,238,-180,14
7268,7,7,-75,91,-167,-196,44,-76,-156,128,-126,-68
7269,0,0,205,-21,-43,-233,-167,-103,-131,50,-196,-140
7270,1,1,-47,251,-123,-285,89,-73,-80,-76,-107,-162
7271,2,2,-103,68,276,45,-194,-242,-295,135,-79,-153
7272,3,3,-210,-18,-104,248,-159,-55,-387,30,-41,95
7273,4,4,-139,54,-145,-307,336,-95,-139,13,-185,-132
7274,5,5,-218,-70,-236,7,-121,328,-85,-62,-108,31
7275,6,6,-9,-90,-152,-166,38,41,298,-286,-58,-282
7276,7,7,-114,41,50,-20,-90,-224,-404,263,-128,-4
7277,8,8,-28,-127,58,27,-92,-154,-165,-53,187,17
7278,9,9,-196,-64,-101,-66,84,-88,-352,52,2,240
7279,0,0,222,-98,-10,-121,-193,-62,-125,15,-152,-101
7280,1,1,-103,233,-115,-248,93,-84,-122,-29,-123,-103
7281,2,2,-70,81,306,39,-177,-193,-242,70,-162,-247
7282,3,3,-193,-51,5,306,-184,-86,-373,91,-104,-25
7283,4,4,-119,87,-31,-363,357,-172,-208,34,-215,-184
7284,5,5,-154,-174,-336,-35,-150,370,-19,-149,18,43
7285,6,6,35,-183,-193,-197,15,92,340,-279,-147,-222
7286,7,7,-102,-6,-124,-194,13,-92,-270,289,-141,-3
7287,8,8,11,-129,-28,-37,-65,-166,-161,-131,175,32
7288,9,9,-205,-77,-124,-60,87,-28,-336,11,-34,249
7289,0,0,213,-174,-70,-148,-97,-119,-110,-5,-138,-13
7290,1,1,-72,297,-126,-296,75,-122,-140,-35,-145,-169
7291,2,2,-78,88,218,1,-129,-103,-242,33,-92,-137
7292,3,3,-213,-61,-37,334,-228,-91,-441,83,-94,41
7293,4,4,-190,33,-126,-292,303,-75,-247,89,-216,-36
7294,5,5,-227,-120,-385,105,-150,381,-23,-149,-91,-1
7295,6,6,-1,-189,-192,-159,-10,85,345,-237,-141,-215
7296,7,7,-108,-11,-122,-169,21,-104,-278,269,-134,18
7297,8,8,-30,-145,-66,19,-74,-145,-179,-105,211,83
7298,9,9,-196,-57,-88,-78,117,-64,-344,55,-69,222
7299,1,1,-76,294,-106,-302,76,-139,-160,-19,-165,-161
7300,7,7,-111,1,-152,-158,12,-52,-247,234,-127,37
7301,4,4,-111,91,-99,-311,331,-150,-151,18,-221,-190
7302,8,8,-31,-137,-26,-19,-111,-111,-111,-118,246,24
7303,1,1,-91,282,-103,-269,71,-126,-154,-23,-127,-140
7304,5,5,-136,-71,-239,76,-198,296,-64,-113,-87,-12
7305,6,6,-14,-211,-197,-126,-36,98,346,-216,-155,-205
7306,5,5,-189,-124,-287,4,-153,373,-12,-124,-44,-13
7307,7,7,-68,13,-43,-124,-13,-100,-244,181,-114,40
7308,2,2,-102,36,331,109,-253,-243,-336,124,-111,-212
7309,8,8,42,-220,-46,-16,-70,-123,-170,14,129,40
7310,6,6,23,-210,-184,-167,29,65,360,-280,-173,-267
7311,3,3,-232,-6,23,343,-270,-138,-445,138,-105,-46
7312,3,3,-369,77,-20,398,-262,-127,-501,115,-82,-20
7313,8,8,-58,-215,1,57,-203,-53,-141,-76,291,49
7314,6,6,34,-170,-235,-215,7,81,336,-222,-199,-218
7315,5,5,-236,-123,-298,127,-156,344,-110,-75,-110,45
7316,4,4,-107,45,-107,-318,370,-142,-143,22,-212,-204
7317,0,0,225,-121,-39,-204,-92,-126,-62,0,-180,-151
7318,9,9,-164,-157,-81,11,57,-68,-333,47,4,231
7319,1,1,-46,321,-85,-335,64,-141,-145,-51,-158,-206
7320,7,7,-110,13,-234,-244,30,-101,-296,291,-126,-21
7321,2,2,-102,152,326,16,-214,-261,-355,97,-99,-225
7322,9,9,-163,-111,-56,-3,49,-67,-311,83,-41,183
7323,1,1,-84,263,-110,-287,91,-98,-124,-40,-132,-142
7324,5,5,-216,-135,-272,113,-179,353,-111,-89,-114,45
7325,1,1,-26,267,-126,-360,105,-85,-57,-94,-140,-217
7326,3,3,-184,-61,-65,383,-214,-109,-392,31,-33,17
7327,2,2,-88,69,343,54,-204,-263,-288,87,-110,-224
7328,2,2,-37,12,280,23,-121,-213,-230,37,-85,-161
7329,3,3,-189,-68,34,378,-266,-141,-429,69,-23,-24
7330,0,0,257,-127,-3,-218,-92,-207,-53,-43,-141,-149
7331,6,6,-29,-190,-185,-56,31,85,293,-237,-189,-228
7332,4,4,-102,70,-188,-348,294,-56,-105,-54,-242,-80
7333,3,3,-87,-103,-44,219,-160,-97,-290,20,21,67
7334,7,7,-96,41,103,-20,-108,-288,-448,302,-141,-45
7335,6,6,64,-161,-193,-219,64,42,298,-271,-189,-185
7336,9,9,-115,-160,-96,8,43,-27,-230,-18,-18,216
7337,0,0,286,-172,-44,-172,-157,-105,-18,-123,-131,-111
7338,4,4,-64,95,-131,-316,278,-193,-139,-53,-156,-107
7339,8,3,-89,-99,27,150,-136,-149,-203,23,129,13
7340,1,1,-47,263,-133,-319,81,-90,-101,-55,-121,-158
7341,4,4,-199,159,-207,-382,345,-99,-214,71,-223,-201
7342,0,0,229,-94,-64,-235,-149,-102,-105,24,-177,-126
7343,6,6,-6,-124,-175,-181,24,84,290,-241,-162,-214
7344,1,1,-82,304,-162,-305,68,-122,-148,-30,-145,-171
7345,2,2,-62,129,250,-19,-151,-271,-330,163,-156,-186
7346,6,6,11,-181,-170,-188,-3,72,378,-291,-105,-274
7347,9,9,-138,-159,-83,-14,40,-83,-321,74,12,217
7348,2,2,-154,140,293,28,-267,-261,-353,169,-62,-192
7349,2,2,-24,99,233,-75,-107,-197,-263,101,-103,-141
7350,3,3,-125,-43,-19,252,-198,-121,-334,73,-60,19
7351,5,5,-201,-145,-318,90,-130,343,-37,-103,-148,36
7352,5,5,-189,-104,-264,70,-111,291,-69,-59,-156,34
7353,1,1,-70,306,-100,-337,101,-151,-139,-39,-156,-189
7354,0,0,203,-127,-102,-190,-65,-9,85,-147,-236,-141
7355,7,7,-132,-18,-123,-135,15,-121,-309,333,-127,-4
7356,7,7,-36,-15,66,-42,-111,-280,-379,254,-67,-15
7357,9,9,-117,-140,-124,-53,-31,38,-230,14,-29,202
7358,6,6,-31,-191,-237,-90,47,87,335,-264,-168,-262
7359,2,2,-68,121,299,-35,-167,-216,-243,53,-90,-214
7360,9,9,-134,-89,-140,-68,82,-78,-279,69,-30,193
7361,4,4,-124,74,-135,-302,317,-115,-175,13,-181,-108
7362,7,7,-115,-48,-43,-57,-43,-133,-331,264,-115,62
7363,0,0,223,-149,43,-264,72,-210,-49,-114,-226,-89
7364,2,2,-138,91,324,63,-201,-249,-301,131,-67,-232
7365,3,3,-327,-12,-56,427,-257,-138,-492,113,-10,4
7366,4,4,-183,77,-142,-293,364,-127,-215,50,-212,-133
7367,0,0,283,-125,-12,-229,-125,-147,-17,-96,-206,-171
7368,0,0,282,-121,-16,-227,-134,-139,-46,-69,-191,-161
7369,8,8,-25,-195,36,93,-207,-115,-145,-37,220,15
7370,8,0,70,-112,-46,-51,-85,-50,-49,-91,62,-43
7371,8,8,-23,-213,-34,43,-152,-65,-154,-27,266,32
7372,5,5,-112,-132,-187,14,-166,294,-22,-118,-115,-16
7373,1,1,-62,279,-91,-339,106,-144,-155,-50,-169,-153
7374,3,3,-223,-79,-79,406,-247,-71,-413,64,-67,19
7375,7,7,-113,49,66,-7,-125,-247,-435,285,-116,-34
7376,4,4,-97,109,-146,-395,398,-184,-189,-8,-174,-196
7377,9,9,-152,-80,-117,-53,50,-50,-340,65,-84,209
7378,8,8,-4,-193,-19,44,-123,-129,-162,-71,211,58
7379,8,8,-52,-181,0,97,-146,-93,-143,-57,225,53
7380,9,9,-116,-61,-130,-113,93,-80,-278,34,-85,183
7381,0,0,251,-72,-37,-262,-138,-103,-46,-52,-185,-179
7382,9,9,-162,-119,-123,-52,60,-62,-345,45,-2,246
7383,8,8,-75,-173,-47,20,-95,-118,-196,-73,295,71
7384,9,9,-139,-42,-107,-79,65,-100,-311,69,-20,184
7385,0,0,284,-160,-65,-197,-139,-136,-20,-95,-164,-103
7386,2,2,-68,48,286,-22,-156,-196,-222,23,4,-157
7387,6,6,38,-145,-229,-213,60,33,280,-187,-255,-224
7388,5,5,-227,-116,-295,162,-180,346,-84,-87,-114,-23
7389,6,6,27,-163,-129,-191,43,27,299,-222,-163,-241
7390,7,7,-65,-14,72,-1,-96,-286,-422,279,-109,-13
7391,4,4,-142,53,-130,-266,359,-171,-209,26,-184,-126
7392,7,7,-58,2,-24,-94,-18,-226,-344,247,-87,-1
7393,5,5,-161,-157,-262,30,-188,371,-27,-132,-93,14
7394,4,4,-108,66,-164,-257,242,-109,-154,8,-136,-65
7395,1,1,-76,322,-102,-379,112,-208,-149,-35,-128,-227
7396,3,3,-146,-111,-116,329,-178,-36,-342,28,-42,47
7397,5,5,-169,-187,-346,13,-147,399,12,-128,-110,13
7398,3,3,-214,-42,-74,290,-156,-36,-363,97,-107,-11
7399,1,1,-93,345,-75,-341,72,-213,-193,6,-154,-220
7400,2,2,-39,23,295,-73,-28,-276,-206,131,-137,-290
7401,3,3,-5,-83,11,148,-141,-103,-271,107,-172,-51
7402,4,4,-170,147,-200,-209,181,-77,-153,35,-83,-126
7403,5,5,-170,-15,-222,53,-174,263,-75,-115,-67,30
7404,6,6,57,-173,-160,-170,64,-21,248,-209,-129,-159
7405,1,1,-122,336,-186,-396,87,-117,-98,-59,-97,-233
7406,2,2,11,-38,309,-21,-125,-236,-212,94,-134,-240
7407,3,3,-148,-70,-27,247,-230,-38,-397,169,-197,-32
7408,4,4,-80,68,-179,-255,177,-114,-76,-27,-74,-122
7409,6,6,22,-180,-200,-160,6,64,341,-260,-76,-224
7410,0,0,146,-218,-110,-96,-25,-67,41,-54,-62,-8
7411,1,1,-130,331,-165,-335,81,-152,-124,-39,-93,-210
7412,2,2,37,-15,298,-110,37,-302,-203,65,-200,-291
7413,4,4,-92,125,-138,-239,170,-101,-109,10,-98,-164
7414,5,5,-88,-77,-257,-25,-112,236,-33,26,-64,-44
7415,6,6,34,-164,-198,-213,23,27,293,-187,-156,-200
7416,7,7,-142,0,110,92,-169,-319,-532,316,-122,-22
7417,8,8,-125,-74,-199,-107,-9,39,-67,-65,202,5
7418,1,1,-99,294,-74,-316,56,-153,-126,-23,-86,-192
7419,7,7,-106,40,54,22,-141,-226,-397,234,-98,-9
7420,2,2,-60,-23,188,-42,-84,-188,-169,92,1,-157
7421,4,4,-116,61,-198,-246,245,-111,-138,-15,-97,-79
7422,1,1,-161,378,-112,-360,116,-213,-187,-15,-102,-254
7423,4,4,-184,40,-171,-145,209,-61,-204,23,-84,32
7424,1,1,-87,317,-58,-345,76,-188,-153,-12,-115,-214
7425,4,4,-151,53,-184,-214,264,-107,-151,13,-74,-80
7426,9,9,-164,-103,-158,-95,67,86,-126,60,-157,116
7427,6,6,80,-123,-123,-164,23,-26,203,-165,-200,-241
7428,8,8,-83,-108,-113,-81,-134,6,-105,-53,270,4
7429,4,4,-133,9,-191,-223,270,-74,-75,-30,-76,-104
7430,5,5,-61,-67,-81,35,-130,155,-49,-13,-236,-84
7431,3,3,-282,-25,-142,319,-214,46,-384,170,-222,-42
7432,7,7,-181,72,76,22,-154,-233,-433,240,-59,-32
7433,8,8,-80,48,-31,-135,-32,-54,17,-87,63,-183
7434,4,4,-87,90,-93,-190,99,-104,-164,-13,-17,0
7435,3,3,-259,-52,-121,399,-265,-24,-427,60,-60,38
7436,3,3,-333,26,-60,318,-248,-94,-465,115,11,24
7437,5,5,-113,-80,-297,16,-42,174,-31,55,-67,-58
7438,6,6,50,-121,-130,-246,54,-23,242,-168,-111,-217
7439,7,7,-111,17,131,35,-188,-281,-459,298,-128,-51
7440,0,0,200,-38,0,-231,-67,-199,-103,-14,-160,-144
7441,6,6,46,-150,-96,-200,68,-33,200,-143,-129,-181
7442,1,1,-109,337,-74,-343,95,-211,-175,1,-138,-225
7443,6,6,26,-178,-158,-209,22,10,303,-200,-72,-216
7444,8,8,-110,9,-182,-122,48,34,-34,-110,129,-83
7445,7,7,-151,4,64,85,-153,-253,-482,252,-88,12
7446,0,0,204,-128,93,-197,17,-271,-96,-3,-178,-126
7447,1,1,-158,314,-68,-290,89,-192,-194,18,-73,-215
7448,5,5,-92,-92,-194,21,-136,242,-82,1,-220,34
7449,0,0,218,-76,5,-245,-3,-331,-162,-9,-141,-128
7450,8,8,-132,-75,-241,-148,-70,110,7,-96,199,-35
7451,5,5,-90,13,-102,-36,-15,88,-14,15,-70,-62
7452,0,0,207,-149,6,-160,-6,-182,-14,-66,-136,-86
7453,1,1,-77,287,-57,-322,92,-174,-138,-15,-115,-204
7454,5,5,-106,-11,-83,-16,-90,155,-88,1,-49,-9
7455,8,8,-44,-152,-157,-15,-158,39,-71,-87,208,63
7456,4,4,-82,-20,-172,-216,214,-125,-69,-30,-82,-67
7457,2,2,-43,-20,269,49,-166,-296,-314,167,-68,-149
7458,3,3,-349,21,-117,384,-217,-25,-447,133,-148,-14
7459,9,9,-91,-126,-136,-116,-30,101,-89,-32,-18,133
7460,7,7,-153,54,111,40,-159,-265,-501,310,-183,-50
7461,6,6,79,-96,-130,-220,-15,28,219,-157,-145,-208
7462,9,9,-116,-180,-156,-13,12,31,-186,74,-91,177
7463,1,1,-152,357,-138,-361,93,-181,-164,-1,-124,-238
7464,9,9,-86,-181,-134,-77,32,24,-149,21,-67,183
7465,0,0,151,-16,-39,-254,81,-302,-67,-45,-139,-194
7466,6,6,53,-206,-202,-173,1,54,322,-276,-87,-208
7467,7,7,-177,-26,1,47,-138,-178,-476,304,-140,37
7468,1,1,-179,385,-111,-370,111,-208,-197,-1,-91,-280
7469,2,2,-35,-10,271,-76,-69,-148,-114,22,-26,-235
7470,3,3,-284,-75,-108,378,-256,-18,-492,136,-112,29
7471,9,9,-107,-145,-72,-76,-8,-8,-208,81,-22,140
7472,2,2,2,-70,210,-5,-71,-183,-174,77,-99,-131
7473,4,4,-74,103,-235,-265,110,-57,-96,-18,-76,-63
7474,5,5,-125,-81,-253,36,-98,230,11,-21,-98,-53
7475,5,5,-186,-118,-248,3,-122,321,-90,-66,-138,74
7476,3,3,-19,-103,37,157,-125,-88,-225,60,-127,-45
7477,7,7,-94,-19,188,32,-216,-254,-484,293,-178,-60
7478,5,5,-85,-55,-158,0,-118,209,-82,4,-174,25
7479,3,3,-199,-80,-172,263,-152,100,-273,31,-112,46
7480,1,1,-83,343,-90,-412,115,-180,-128,-41,-139,-268
7481,8,8,-98,-22,-256,-127,-41,52,-127,-65,117,78
7482,2,2,-43,-50,307,48,-254,-310,-338,190,-72,-177
7483,2,2,-68,87,373,-33,-157,-299,-306,163,-146,-293
7484,3,3,-185,-18,-93,316,-259,-29,-402,43,-85,34
7485,0,0,223,-72,78,-198,-73,-297,-178,38,-156,-123
7486,2,2,-64,-32,216,37,-154,-253,-278,148,-22,-111
7487,9,9,-144,-172,-104,-51,81,-33,-215,33,-42,212
7488,4,4,-94,10,-138,-205,242,-124,-117,40,-118,-130
7489,9,9,-119,-109,-97,-66,33,-2,-204,68,-80,160
7490,7,7,-116,-15,91,56,-161,-264,-474,263,-88,10
7491,0,0,178,-128,10,-163,3,-193,-63,-81,-97,-59
7492,2,2,4,39,259,-53,-176,-225,-273,150,-147,-153
7493,7,7,-157,64,22,51,-141,-201,-428,248,-134,-15
7494,4,4,-69,127,-182,-340,270,-163,-122,-6,-149,-170
7495,9,9,-101,-13,-112,-109,-14,-24,-241,67,-57,138
7496,9,9,-96,-81,-87,-99,50,-27,-219,55,-85,160
7497,2,2,-62,138,386,-145,-144,-303,-264,137,-132,-355
7498,5,5,-124,-48,-154,62,-98,183,-17,-54,-190,-57
7499,9,9,-123,-99,-98,-41,32,-52,-256,59,-13,187
7500,8,8,-103,-36,-216,-114,-32,-9,-161,-72,196,77
7501,3,3,-295,-22,-100,379,-223,0,-398,118,-164,-41
7502,8,8,-111,-97,-125,-58,-93,-1,-174,-63,235,87
7503,6,6,60,-64,-111,-218,-35,52,191,-157,-152,-203
7504,7,7,-147,-5,106,88,-199,-272,-505,281,-94,-13
7505,0,0,175,-84,-19,-246,128,-298,-74,-105,-158,-122
7506,0,0,287,-116,-31,-231,-149,-105,-9,-92,-226,-162
7507,1,1,-79,292,-65,-293,80,-150,-116,-26,-174,-226
7508,2,2,-84,108,293,52,-215,-262,-233,4,-17,-235
7509,3,3,-218,-57,-56,341,-176,-47,-353,96,-107,-29
7510,4,4,-166,143,-82,-256,290,-128,-148,50,-184,-277
7511,5,5,-82,-36,-109,60,-104,158,-160,-2,-231,-14
7512,6,6,-50,-109,-214,-92,52,86,281,-225,-107,-302
7513,7,7,-136,29,-167,-195,64,-86,-244,287,-153,-72
7514,8,0,117,-275,-73,7,-163,-54,-56,-71,112,10
7515,9,9,-97,-221,-118,29,63,-63,-214,25,-17,221
7516,0,0,284,-118,49,-228,-64,-286,-117,-44,-204,-139
7517,1,1,-88,331,-112,-359,63,-141,-108,-69,-108,-235
7518,2,2,-50,-9,296,121,-272,-325,-289,31,47,-182
7519,3,3,-132,-103,-61,255,-143,-39,-345,60,-75,29
7520,4,4,-148,72,-79,-207,303,-133,-145,36,-149,-227
7521,5,5,-43,-113,-105,-11,-100,157,64,-52,-75,-111
7522,6,6,30,-181,-154,-114,35,30,284,-262,-172,-269
7523,7,7,-103,119,-72,-166,-12,-122,-283,201,-124,-71
7524,8,0,117,-225,-37,-65,-66,-104,-29,-106,89,-18
7525,9,9,-146,-54,-87,-54,79,-90,-333,72,-148,167
7526,0,0,223,-42,-13,-273,-44,-242,-118,-28,-180,-133
7527,1,1,-54,301,-107,-303,70,-110,-83,-64,-147,-237
7528,2,2,-38,35,289,79,-248,-285,-283,36,-12,-168
7529,3,3,-82,-141,-68,207,-101,-1,-278,26,-88,32
7530,4,4,-68,131,-61,-284,254,-171,-122,3,-164,-236
7531,5,5,-61,-102,-172,84,-137,173,-16,-12,-163,-86
7532,6,6,7,-147,-145,-108,55,17,239,-208,-191,-231
7533,7,7,-102,10,-153,-158,53,-119,-270,268,-147,-38
7534,8,0,106,-183,-27,-68,-145,-76,12,-109,105,-69
7535,9,9,-138,-67,-92,-43,79,-117,-316,107,-86,152
7536,0,0,220,-13,-49,-270,-127,-153,-145,16,-180,-141
7537,0,0,294,-83,-4,-258,-134,-189,-66,-76,-193,-157
7538,7,7,-87,62,-78,-118,-19,-75,-239,155,-134,8
7539,2,2,4,82,190,-36,-74,-248,-283,100,-115,-119
7540,6,6,33,-176,-144,-148,21,25,301,-229,-124,-236
7541,5,5,-63,-61,-121,50,-97,125,-4,-7,-109,-90
7542,5,5,-106,-73,-140,36,-123,187,23,-30,-69,-109
7543,3,3,-174,-41,15,321,-221,-101,-379,118,-104,-51
7544,7,7,-111,61,-71,-100,42,-204,-354,240,-124,-11
7545,8,8,48,-200,-21,39,-90,-64,-71,-72,115,15
7546,6,6,21,-110,-160,-143,36,29,243,-209,-177,-206
7547,6,6,17,-90,-207,-160,55,32,273,-234,-170,-250
7548,6,6,28,-138,-123,-179,34,23,281,-215,-133,-249
7549,6,6,18,-102,-182,-149,33,50,256,-231,-145,-218
7550,4,4,-125,110,-89,-266,312,-155,-145,38,-162,-276
7551,3,3,-182,-6,-60,329,-198,-17,-306,65,-140,-86
7552,8,9,45,-81,-161,-95,-31,-31,-102,-87,-11,71
7553,8,8,33,-2,-136,-140,-70,-47,-89,-130,48,-25
7554,3,3,-204,-52,-91,332,-197,16,-338,55,-151,-22
7555,0,0,220,-98,8,-253,24,-166,-54,-87,-287,-102
7556,1,1,-73,310,3,-322,51,-255,-232,30,-149,-187
7557,9,9,-88,-141,-122,-48,60,-71,-256,19,-87,208
7558,0,0,219,-103,41,-214,22,-174,-68,-104,-261,-122
7559,5,5,-122,-56,-210,-25,-159,308,-97,-27,-210,30
7560,4,4,-166,149,-74,-190,251,-137,-136,47,-180,-260
7561,1,1,-62,314,-130,-373,114,-164,-116,-59,-146,-237
7562,9,9,-117,-121,-107,-44,81,-51,-243,34,-92,191
7563,1,1,-129,383,-93,-380,101,-230,-194,-17,-110,-253
7564,2,2,-38,88,371,-51,-186,-317,-280,64,-52,-242
7565,7,7,-174,68,-267,-259,161,-75,-201,258,-161,-188
7566,0,0,253,-141,2,-209,-13,-197,-103,-62,-254,-85
7567,1,1,-104,326,-76,-349,94,-224,-174,-2,-122,-227
7568,3,3,-48,-91,2,214,-169,-64,-242,14,-52,-18
7569,8,8,72,-228,-86,1,-134,-51,-68,-58,100,44
7570,2,2,-62,114,334,1,-211,-271,-281,48,-56,-239
7571,9,9,-71,-199,-115,-33,69,-28,-194,30,-107,172
7572,2,2,-49,58,293,30,-188,-224,-252,66,-81,-193
7573,7,7,-121,94,-106,-146,31,-126,-275,166,-113,11
7574,4,1,-163,196,-111,-217,185,-115,-133,20,-128,-220
7575,2,2,-43,60,309,38,-254,-300,-290,75,-51,-183
7576,6,6,50,-171,-213,-210,7,103,335,-276,-138,-223
7577,5,5,-75,-149,-202,41,-103,204,56,-25,-147,-112
7578,5,5,-83,-83,-162,74,-123,175,-45,-17,-168,-45
7579,9,9,-86,-121,-120,-71,98,-68,-194,-34,-87,179
7580,9,9,-3,-143,-87,-109,88,-73,-111,8,-121,89
7581,1,1,-148,384,-114,-355,96,-223,-196,-15,-107,-233
7582,1,1,-142,348,-167,-349,96,-181,-165,-3,-117,-230
7583,5,5,-128,-71,-194,90,-124,200,-42,-42,-120,-16
7584,7,7,-82,64,-79,-156,12,-127,-287,216,-165,-15
7585,6,6,-8,-133,-240,-146,44,96,319,-261,-141,-233
7586,8,8,-68,-172,14,51,-150,-32,-92,-57,197,19
7587,2,2,-48,44,255,38,-220,-296,-258,38,27,-154
7588,9,9,-164,-15,-104,-98,96,-56,-285,34,-116,185
7589,4,4,-129,110,-76,-323,371,-186,-201,13,-157,-224
7590,3,3,-144,-69,-70,363,-255,-90,-375,29,-54,12
7591,1,1,-73,330,-90,-373,116,-184,-158,-26,-162,-215
7592,9,9,-45,-149,-91,-77,69,-75,-171,15,-90,169
7593,0,0,194,4,35,-303,71,-352,-189,48,-246,-188
7594,9,9,-67,-111,-96,-28,32,-62,-210,16,-51,171
7595,3,3,-113,-44,30,213,-251,-71,-261,-26,47,-10
7596,6,6,11,-143,-203,-148,45,45,307,-230,-158,-236
7597,8,8,-27,-104,-85,59,-161,27,-171,-27,87,6
7598,7,7,-132,-20,-105,-85,14,-124,-307,296,-117,26
7599,0,0,207,24,-27,-278,-35,-173,-113,-26,-244,-180
7600,1,1,-138,373,-114,-346,95,-214,-183,3,-143,-246
7601,0,0,245,-97,39,-230,-66,-233,-120,-8,-232,-108
7602,5,5,-74,-121,-154,9,-115,215,-55,22,-222,-5
7603,8,8,63,-173,-66,-63,-88,-16,-47,-76,64,-7
7604,2,2,-110,39,322,165,-374,-329,-360,68,16,-183
7605,7,7,-105,27,-99,-101,-4,-93,-263,203,-123,29
7606,7,7,-117,85,-85,-114,-12,-71,-222,116,-70,28
7607,0,0,240,-132,-86,-140,-196,-6,-26,-12,-153,-94
7608,1,1,-106,259,-126,-198,80,-34,-98,-128,-47,-148
7609,2,2,-31,18,320,-33,-164,-226,-355,197,-197,-222
7610,3,3,-237,43,-21,268,-125,-37,-247,110,-64,-119
7611,4,4,-103,43,-123,-273,274,-62,-112,20,-191,-153
7612,5,5,-205,-7,-197,71,-88,215,-103,51,-171,-45
7613,6,6,66,-228,-234,-126,-86,29,323,-243,30,-148
7614,7,7,-157,-61,-92,-20,-35,-134,-346,267,-67,103
7615,8,8,-52,-214,-78,114,-134,-97,-178,-79,270,90
7616,9,9,-138,-67,-43,-67,92,-73,-284,42,-63,186
7617,0,0,252,-125,-93,-123,-208,-29,-35,-12,-177,-56
7618,1,1,-127,247,-147,-215,104,-60,-128,-82,-53,-100
7619,2,2,29,-37,231,-32,-255,-66,-215,66,-110,-118
7620,3,3,-248,-18,-79,298,-165,-13,-256,50,22,-27
7621,4,4,-109,-59,-106,-227,282,-67,-96,13,-181,-51
7622,5,5,-199,-42,-309,42,-96,264,-93,54,-239,-8
7623,8,8,-90,-96,14,30,-76,-77,-109,-75,238,-35
7624,9,9,-149,-141,-55,1,45,-33,-291,28,-33,217
7625,0,0,249,-148,-119,-112,-179,-7,-36,-28,-176,-47
7626,1,1,-109,238,-119,-225,62,-75,-128,-58,-68,-84
7627,2,2,46,-23,238,4,-131,-114,-188,44,-246,-213
7628,3,3,-250,0,-64,314,-168,-29,-270,64,-10,-35
7629,4,4,-65,-5,-113,-239,241,-68,-87,43,-215,-145
7630,5,5,-117,-78,-263,17,-160,272,-69,16,-139,-8
7631,6,6,22,-134,-218,-103,-9,95,192,-142,-95,-104
7632,7,7,-206,9,2,6,-103,-177,-434,342,-169,4
7633,8,8,-92,-105,-31,-11,-119,-51,-102,-125,258,17
7634,9,9,-120,-71,-61,-63,70,-48,-226,78,7,123
7635,2,2,4,18,315,-46,-38,-233,-248,71,-195,-237
7636,1,1,-150,198,-127,-214,81,-62,-171,-18,-64,2
7637,2,2,80,-66,284,-12,-207,-174,-190,23,-134,-190
7638,1,1,-149,260,-171,-208,105,-45,-141,-105,-59,-97
7639,3,3,-340,41,-188,411,-220,80,-303,63,-100,-63
7640,9,9,-131,-66,-114,-121,71,-37,-263,39,-2,188
7641,9,9,-125,-104,-34,-58,9,-34,-184,-9,65,164
7642,8,8,-62,-94,-120,-72,-122,9,-34,-166,218,23
7643,5,5,-195,20,-207,75,-88,208,-125,54,-203,-24
7644,3,3,-373,23,-169,403,-212,78,-351,112,-159,-51
7645,7,7,-68,-93,-49,-55,-60,-99,-247,274,-134,19
7646,0,0,257,-80,3,-225,-149,-123,-58,-31,-180,-155
7647,7,7,-135,-25,-7,7,-139,-215,-448,325,-96,18
7648,7,7,-126,-40,14,27,-159,-209,-452,289,-81,33
7649,5,5,-93,-122,-249,-45,-135,270,-22,-2,-165,6
7650,7,7,-190,68,8,10,-108,-197,-443,300,-151,-9
7651,9,9,-126,-75,-100,-56,71,-100,-270,22,47,194
7652,9,9,-100,-144,-116,-67,59,-72,-210,41,-5,217
7653,4,4,-59,-10,-94,-260,257,-90,-104,-33,-160,-39
7654,7,7,-200,35,8,38,-125,-184,-465,295,-141,9
7655,0,0,278,-112,-115,-171,-229,-29,-36,-41,-162,-148
7656,3,3,-309,101,-41,304,-164,-17,-248,82,-50,-166
7657,4,4,-99,33,-108,-272,235,-42,-136,19,-202,-52
7658,1,1,-103,210,-98,-181,65,-84,-127,-31,-57,-87
7659,5,5,-127,-119,-256,39,-210,317,-55,-35,-122,2
7660,8,8,-94,-109,-106,-44,-81,-22,-104,-132,277,22
7661,1,1,-61,226,-155,-257,65,-35,-67,-61,-98,-143
7662,4,4,-156,90,-142,-201,265,-76,-133,30,-142,-181
7663,8,8,-109,-86,-109,-22,-42,-53,-138,-83,255,44
7664,4,4,-174,-52,-125,-180,277,-86,-118,-4,-115,-31
7665,1,1,-77,267,-108,-300,69,-113,-150,-28,-127,-110
7666,8,8,-77,-172,-111,62,-106,-82,-114,-95,312,9
7667,6,6,9,-208,-292,-96,-60,79,272,-125,-18,-145
7668,6,6,37,-37,-31,-199,-10,2,203,-191,-67,-249
7669,4,4,-147,28,-100,-215,274,-53,-138,16,-161,-96
7670,6,6,0,-77,-186,-143,30,50,256,-222,-87,-213
7671,0,0,173,-124,-165,-79,-192,57,20,-7,-117,-75
7672,5,5,-167,-48,-262,103,-202,263,-80,-10,-100,-22
7673,5,5,-157,-83,-181,-32,-154,283,-71,-48,-61,37
7674,3,3,-375,32,-96,362,-163,-8,-358,126,-110,-44
7675,3,3,-278,2,-99,287,-136,-23,-313,79,-83,16
7676,5,5,-140,-78,-218,8,-137,265,-77,-9,-134,35
7677,7,7,-184,6,45,45,-170,-183,-495,307,-165,11
7678,2,2,6,7,275,-48,-80,-239,-200,89,-132,-220
7679,5,7,-115,-12,-212,-36,-90,129,-93,158,-207,-49
7680,9,9,-123,-79,-90,-96,88,-66,-259,84,-8,164
7681,6,6,15,-149,-169,-132,-36,40,305,-246,-8,-222
7682,9,9,-96,-122,-132,-52,40,-37,-201,12,21,196
7683,2,2,2,-43,269,-27,-115,-234,-334,159,-139,-100
7684,6,6,-9,-142,-147,-109,-43,55,294,-210,-48,-214
7685,2,2,22,-6,266,-61,-65,-230,-266,120,-172,-170
7686,1,1,-128,244,-133,-268,102,-74,-151,-46,-91,-67
7687,2,2,35,-51,317,-61,-216,-228,-338,166,-147,-162
7688,0,0,247,-173,-119,-150,-251,14,-48,53,-135,-92
7689,8,8,-36,-61,-13,44,-202,12,-115,-49,92,14
7690,3,3,-263,46,-17,271,-174,-55,-298,89,-55,-45
7691,8,8,-95,-53,-35,90,-57,-80,-73,-52,170,-57
7692,3,3,-280,37,-104,294,-147,24,-240,90,-110,-70
7693,0,0,252,-185,-147,-137,-226,5,-26,39,-168,-55
7694,8,8,-91,-140,-43,21,-223,99,-59,-76,176,0
7695,7,7,-152,15,20,-12,-136,-114,-347,270,-173,5
7696,4,4,-151,-17,-85,-219,267,-33,-125,39,-156,-64
7697,9,9,-124,-40,-86,-137,117,-65,-225,57,-69,142
7698,5,5,-91,-17,-206,-17,-133,153,-127,136,-205,-17
7699,0,0,261,-162,-75,-107,-186,-60,-48,-31,-158,-41
7700,9,9,-122,-100,-67,-26,25,-23,-245,54,-25,164
7701,7,7,-144,-33,24,18,-164,-113,-409,288,-195,5
7702,0,0,237,-149,-139,-104,-196,21,18,-67,-130,-81
7703,0,0,225,-100,-54,-173,-191,-55,-95,57,-171,-93
7704,4,4,-122,58,-74,-183,226,-69,-145,39,-151,-125
7705,6,6,24,-261,-275,-109,-75,77,322,-173,-9,-176
7706,0,0,194,-64,-130,-164,-246,23,-60,34,-114,-124
7707,9,9,-109,-84,-66,-56,52,-111,-269,117,-11,141
7708,1,1,-112,298,-115,-287,80,-169,-176,22,-133,-166
7709,6,6,-34,-235,-330,-81,-49,114,310,-121,-35,-197
7710,2,2,20,10,343,-34,-137,-220,-259,94,-193,-232
7711,7,7,-75,-22,-55,-34,-115,-19,-152,233,-172,-58
7712,6,6,-12,-263,-260,-125,-71,75,311,-152,55,-152
7713,8,5,-2,-168,-158,-74,-183,150,25,-53,129,-44
7714,3,3,-293,49,-9,294,-179,-48,-332,118,-48,-79
7715,5,5,-113,-68,-200,-16,-162,276,-106,-16,-191,45
7716,2,2,0,-7,265,-16,-89,-182,-197,59,-126,-170
7717,1,1,-89,250,-143,-226,79,-55,-95,-59,-81,-137
7718,8,8,37,-191,-126,-73,-184,97,39,-94,140,-16
7719,3,3,-293,39,-113,340,-211,25,-320,76,-84,-33
7720,8,8,-56,-130,-106,54,-166,80,-3,-130,146,-15
7721,6,6,15,-153,-183,-116,-52,75,262,-181,-26,-198
7722,1,1,-57,295,-120,-303,61,-114,-118,-38,-128,-180
7723,0,0,260,-160,-126,-111,-184,-30,8,-66,-136,-63
7724,2,2,56,-92,167,-53,6,-221,-225,77,-136,-54
7725,1,1,-69,234,-90,-254,45,-97,-140,-10,-99,-106
7726,4,4,-86,68,-146,-243,237,-62,-105,36,-183,-189
7727,0,0,298,-165,-30,-213,-159,-112,20,-110,-178,-138
7728,1,1,-66,316,-98,-321,69,-194,-196,-4,-170,-207
7729,2,2,-21,-51,277,19,-134,-236,-234,-28,9,-120
7730,3,3,0,-54,10,178,-153,-49,-259,3,-151,-65
7731,4,4,-198,78,-180,-239,335,-130,-242,81,-177,-127
7732,5,5,-121,-169,-318,-5,-217,366,19,-143,62,-46
7733,6,6,6,-179,-267,-77,1,86,313,-263,-109,-205
7734,7,7,-96,-30,-119,-91,-7,-135,-318,294,-84,4
7735,8,8,32,-131,-65,-43,-66,-50,-63,-164,128,-31
7736,9,7,-114,72,-57,-176,70,-87,-276,89,-136,66
7737,0,0,237,-189,-54,-158,-66,-114,-42,-56,-168,-54
7738,1,1,-52,313,-82,-357,84,-220,-185,0,-181,-236
7739,2,2,-131,36,267,143,-201,-253,-420,133,-107,-129
7740,3,3,-201,-64,-42,380,-220,-127,-445,113,-102,-3
7741,4,4,-131,-42,-132,-232,351,-167,-184,72,-137,-134
7742,5,5,-143,-155,-298,-2,-201,367,37,-166,-41,-21
7743,6,6,-13,-141,-211,-110,31,77,288,-266,-121,-227
7744,7,7,-114,-26,61,10,-112,-239,-455,308,-129,21
7745,8,8,-51,-229,-41,98,-160,-92,-103,-132,316,12
7746,9,9,-94,-158,-114,-16,36,-130,-293,95,41,178
7747,0,0,209,-198,-43,-193,6,-97,-5,-75,-210,-31
7748,1,1,-75,327,-58,-348,69,-241,-234,14,-158,-192
7749,2,2,-139,-38,345,110,-227,-254,-314,35,53,-158
7750,3,3,-188,-30,14,325,-237,-94,-407,152,-173,-90
7751,4,4,-124,-23,-170,-231,327,-172,-137,51,-95,-215
7752,5,5,-103,-181,-270,-31,-138,318,35,-92,-32,-18
7753,6,6,20,-247,-229,-113,-23,84,379,-291,-89,-241
7754,7,7,-52,-21,-27,-96,-9,-229,-364,273,-133,13
7755,8,8,-15,-164,-13,-15,-136,-112,-54,-151,275,-54
7756,9,9,-145,-126,-149,-29,49,-107,-361,80,-18,231
7757,7,7,-109,70,-59,-140,28,-146,-306,212,-119,-7
7758,6,6,19,-266,-263,-123,-38,117,391,-280,-106,-205
7759,4,4,-122,10,-111,-268,350,-132,-151,51,-212,-184
7760,7,7,-126,11,-182,-191,28,-87,-276,300,-157,-35
7761,6,6,16,-223,-218,-156,-14,77,411,-318,-83,-292
7762,2,2,-68,-5,354,22,-134,-253,-249,37,-49,-220
7763,3,3,-113,-113,19,288,-189,-89,-401,112,-202,-31
7764,4,4,-112,-12,-117,-233,308,-160,-188,92,-181,-126
7765,8,8,-39,-168,-74,27,-81,-138,-164,-96,266,49
7766,7,7,-121,-68,-205,-167,15,-101,-237,297,-106,33
7767,8,8,-61,-167,8,56,-140,-97,-75,-104,280,-60
7768,6,6,-62,-108,-184,-92,53,59,300,-301,-91,-321
7769,9,9,-92,-210,-124,28,22,-130,-308,50,61,229
7770,8,8,-32,-120,1,-55,-120,-102,-64,-159,261,-41
7771,3,3,-166,-37,33,304,-198,-133,-395,132,-149,-63
7772,2,2,-97,-14,327,104,-153,-257,-277,45,-27,-211
7773,2,2,-133,115,374,42,-240,-322,-381,145,-58,-245
7774,8,8,-93,-132,-148,10,6,-72,-117,-23,262,-49
7775,4,4,-96,-36,-118,-296,363,-153,-166,78,-206,-170
7776,8,8,-31,-183,15,44,-123,-125,-95,-95,278,-49
7777,5,5,-71,-74,-194,-17,-213,280,16,-84,-100,-95
7778,6,6,6,-226,-186,-105,0,64,360,-292,-102,-276
7779,5,5,-65,-60,-115,14,-111,185,-31,-54,-133,-72
7780,0,0,211,-194,-75,-156,-11,-79,-6,-85,-179,-47
7781,2,2,-88,-19,279,84,-108,-189,-282,50,-101,-138
7782,0,0,229,-236,-75,-137,-40,-69,0,-72,-187,-36
7783,1,1,-70,282,-80,-376,105,-193,-207,-34,-125,-144
7784,1,1,-89,339,-52,-331,58,-251,-252,48,-171,-206
7785,2,2,-91,42,341,86,-236,-234,-344,79,-107,-198
7786,9,9,-104,-189,-132,19,5,-37,-259,76,-4,198
7787,6,6,18,-226,-177,-145,-18,60,389,-312,-80,-269
7788,8,8,14,-127,50,28,-125,-123,-122,-81,166,-16
7789,2,2,-149,44,334,111,-285,-258,-442,128,-36,-151
7790,1,1,-57,296,-92,-385,108,-182,-162,-42,-152,-187
7791,0,0,216,-189,-20,-172,10,-101,-16,-89,-208,-32
7792,6,6,46,-248,-249,-141,-57,81,399,-303,-73,-226
7793,5,5,-193,-114,-266,25,-276,406,-44,-126,26,-57
7794,2,2,13,35,401,-51,-101,-334,-223,70,-172,-347
7795,9,9,-55,-167,-100,-63,29,-81,-227,113,-87,149
7796,7,7,-85,-23,-110,-115,10,-179,-320,280,-72,5
7797,5,5,-136,-150,-149,-36,-111,272,87,-170,-81,-60
7798,3,3,-143,-60,-36,304,-202,-52,-352,111,-143,-68
7799,9,9,-129,-158,-124,-15,78,-129,-342,92,3,210
7800,3,3,-3,-69,157,203,-164,-179,-250,52,-196,-191
7801,7,7,-98,-24,-80,-131,-33,-113,-292,305,-168,17
7802,1,1,-34,282,-47,-354,93,-209,-178,-32,-175,-202
7803,8,8,26,-194,65,122,-226,-122,-92,-114,191,-69
7804,3,3,-68,-34,67,282,-260,-110,-323,68,-140,-115
7805,8,8,-61,-227,-100,63,-172,-28,-28,-123,315,-33
7806,1,1,-51,321,-59,-373,96,-219,-198,-27,-171,-215
7807,9,9,-112,-238,-132,49,32,-114,-327,76,41,233
7808,5,5,-139,-139,-201,42,-128,273,-39,-56,-85,-8
7809,5,5,-123,-126,-188,54,-150,264,-10,-70,-153,-59
7810,0,0,265,-261,-76,-150,-88,-34,88,-183,-131,-53
7811,1,1,-68,317,-106,-328,64,-211,-205,16,-164,-212
7812,1,1,-24,218,-90,-359,112,-180,-188,-25,-157,-128
7813,9,9,-87,-191,-95,24,4,-160,-355,106,35,208
7814,8,8,-62,-247,4,148,-209,-74,-133,-91,284,13
7815,2,2,-80,-25,314,108,-214,-224,-336,48,-28,-150
7816,6,6,-9,-230,-191,-108,-18,71,386,-319,-72,-279
7817,0,0,233,-173,-92,-184,-75,-24,37,-87,-175,-97
7818,4,4,-159,27,-210,-307,368,-76,-92,79,-190,-345
7819,5,5,-111,-161,-315,36,-131,309,5,-33,-90,-39
7820,0,0,203,-171,-17,-194,28,-96,-19,-86,-219,-44
7821,3,2,19,-112,183,152,-152,-163,-240,49,-193,-143
7822,1,1,-23,265,-138,-363,107,-165,-122,-68,-159,-208
7823,8,3,-88,-33,139,140,-268,-150,-116,3,132,-182
7824,6,6,15,-199,-255,-121,-87,126,328,-268,-84,-184
7825,7,7,-132,-18,1,28,-61,-247,-413,306,-110,20
7826,5,5,-169,-70,-238,114,-136,238,-18,5,-94,-122
7827,9,9,-149,-188,-120,14,76,-103,-324,112,5,217
7828,9,9,-58,-147,-119,-95,64,-124,-259,102,-58,162
7829,3,3,-155,-34,19,338,-239,-133,-397,112,-110,-67
7830,0,0,211,-228,-136,-130,-33,-7,-10,-70,-206,30
7831,3,3,-47,-63,117,274,-265,-154,-400,111,-192,-123
7832,1,1,-97,358,-99,-351,85,-226,-203,-2,-159,-228
7833,4,4,-192,97,-153,-290,380,-136,-203,75,-228,-220
7834,4,4,-149,58,-144,-255,314,-122,-182,77,-153,-148
7835,0,0,219,-161,-38,-148,-44,-71,8,-87,-180,-91
7836,4,4,-109,-9,-74,-274,348,-110,-106,69,-183,-295
7837,9,9,-128,-113,-106,-10,38,-101,-315,55,19,203
7838,0,0,186,-246,-118,-83,-68,-115,-64,-32,-72,17
7839,1,1,-4,237,-108,-382,136,-165,-101,-99,-172,-186
7840,2,2,26,-5,248,-40,-13,-174,-130,-36,-155,-203
7841,3,3,-51,-71,-85,194,-114,23,-235,-13,-107,-27
7842,5,5,-51,-188,-322,31,-70,215,39,-6,-61,-42
7843,6,6,56,-216,-246,-111,-28,48,318,-203,-121,-225
7844,7,7,-90,-65,-179,-199,-6,-111,-279,339,-111,-33
7845,8,8,30,-126,-131,-113,51,-160,-181,-39,104,-22
7846,0,0,259,-216,4,-159,-80,-248,-118,-24,-90,-64
7847,1,1,-19,229,-32,-300,79,-228,-220,-27,-149,-148
7848,2,2,31,-7,233,-73,17,-172,-176,-23,-138,-115
7849,3,2,24,-120,110,73,-66,-105,-155,11,-125,-66
7850,5,5,-53,-152,-201,31,-78,176,84,-39,-73,-140
7851,6,6,36,-188,-252,-108,-39,106,210,-204,-67,-81
7852,7,7,-74,-64,-100,-90,-16,-144,-311,331,-104,-27
7853,8,8,74,-91,-134,-99,-41,-101,-97,-104,114,-41
7854,9,9,-45,-185,-181,-105,69,-39,-158,13,-96,184
7855,0,0,195,-176,-110,-133,-112,-134,-168,90,-107,-46
7856,1,1,-20,234,-55,-324,77,-218,-195,-38,-132,-152
7857,2,2,6,-79,206,-3,2,-170,-109,-45,-61,-149
7858,3,3,-58,-58,101,174,-107,-107,-233,15,-112,-59
7859,5,5,-122,-89,-237,42,-80,197,15,15,-85,-100
7860,6,6,57,-187,-220,-87,-42,79,248,-245,-73,-158
7861,7,7,-58,-25,-74,-91,-2,-192,-328,294,-79,-43
7862,8,8,-7,-165,-151,-120,98,-120,-148,-134,136,83
7863,9,9,-57,-142,-209,-94,-3,-6,-191,34,-67,168
7864,9,9,-96,-208,-108,-33,34,-75,-247,90,-69,217
7865,7,7,-100,-29,-163,-138,7,-115,-294,280,-74,-3
7866,0,0,204,-245,-8,-153,59,-216,-88,-79,-174,23
7867,9,9,-63,-246,-134,-17,59,-94,-244,52,3,219
7868,0,0,215,-171,-83,-133,-102,-123,-129,30,-125,-71
7869,1,1,-101,349,-100,-359,94,-235,-220,0,-133,-226
7870,5,5,-56,-87,-102,0,-108,164,-51,22,-93,-63
7871,8,8,-17,-221,9,67,-119,-131,-113,-110,288,-36
7872,8,8,17,-215,-55,-77,-100,-73,-40,-166,225,16
7873,0,0,222,-237,-58,-152,-3,-180,-106,-54,-165,20
7874,9,9,9,-300,-261,-53,-34,-8,-74,6,6,170
7875,3,3,-16,-138,38,174,-74,-55,-173,0,-145,-81
7876,2,2,53,14,236,-123,-18,-133,-87,-49,-110,-188
7877,7,7,-105,94,-63,-120,25,-224,-354,255,-133,-60
7878,8,8,1,-289,-51,96,-140,-113,-151,-88,291,67
7879,4,4,-171,137,-132,-318,384,-173,-170,78,-190,-386
7880,6,6,-23,-128,-198,-124,97,41,274,-244,-188,-269
7881,1,1,-134,380,-151,-367,92,-205,-184,-11,-134,-240
7882,0,0,227,-72,-43,-245,-2,-237,-120,-26,-216,-125
7883,4,4,-102,91,-105,-301,335,-112,-76,18,-219,-365
7884,9,9,-86,-271,-141,-11,79,-100,-270,40,7,266
7885,4,4,-47,-38,-113,-224,293,-132,-70,-25,-133,-201
7886,2,2,-32,-45,244,-66,89,-123,-109,-56,-116,-200
7887,0,0,208,-257,-45,-107,13,-137,-52,-81,-152,31
7888,5,5,-73,-54,-142,-27,-29,120,9,9,-75,-89
7889,0,0,203,-198,-72,-130,-49,-68,-17,-42,-172,-55
7890,1,1,-111,341,-149,-359,76,-212,-207,-3,-108,-197
7891,6,6,93,-347,-192,-96,-9,15,340,-279,-49,-129
7892,9,9,-87,-94,-147,-95,75,-93,-289,47,-90,176
7893,3,3,-67,-125,-16,215,-56,-34,-240,-4,-95,-54
7894,2,2,36,-20,293,-47,-59,-232,-161,7,-107,-193
7895,9,9,-7,-231,-154,-71,49,-84,-176,22,-62,191
7896,1,1,-53,289,-108,-339,67,-207,-181,2,-157,-211
7897,6,6,55,-189,-207,-104,-43,65,302,-271,-59,-204
7898,0,0,218,-302,-34,-89,21,-126,-21,-137,-135,45
7899,1,1,-16,208,-137,-330,59,-181,-161,-31,-109,-155
7900,1,1,-39,288,-98,-344,79,-211,-162,-44,-133,-221
7901,8,8,-42,-108,-172,-124,12,-99,-126,-72,228,3
7902,7,7,-84,-56,-106,-66,31,-194,-371,231,-37,41
7903,7,7,-51,-17,-7,-38,-30,-275,-374,281,-67,-40
7904,6,6,7,-253,-267,-23,-9,94,300,-225,-100,-160
7905,3,3,-28,-129,-22,181,-80,-16,-174,-45,-80,-1
7906,6,6,17,-241,-209,-78,38,63,289,-239,-135,-132
7907,0,0,173,-201,-48,-142,-4,-102,-73,-27,-207,-4
7908,7,7,-98,-17,-140,-138,42,-182,-316,279,-62,-20
7909,2,2,37,-1,242,-91,0,-158,-152,-58,-77,-137
7910,4,4,-87,40,-182,-278,327,-128,-111,84,-207,-329
7911,1,1,-65,323,-68,-379,110,-231,-165,-25,-162,-271
7912,7,7,-109,56,-113,-108,8,-158,-327,241,-78,-29
7913,0,0,216,-161,-73,-174,-45,-207,-81,-59,-112,-48
7914,6,6,22,-255,-254,-54,-45,94,310,-259,-38,-158
7915,7,7,-115,-35,-172,-82,58,-135,-342,226,-52,44
7916,1,1,-42,287,-86,-344,82,-196,-174,-38,-148,-196
7917,2,2,75,-132,217,-56,46,-166,-55,-113,-125,-155
7918,5,5,-147,-61,-261,53,-82,207,0,20,-82,-111
7919,8,8,-8,-131,-53,37,-86,-148,-183,-29,224,-11
7920,1,1,-42,310,-46,-387,94,-250,-219,-26,-144,-207
7921,8,5,-5,-77,-192,-62,-32,34,-6,-116,20,-16
7922,2,2,94,-52,236,-154,29,-142,-46,-118,-109,-176
7923,8,8,-17,-123,-91,-18,-12,-85,-120,-104,193,-16
7924,7,7,-86,-12,-144,-112,28,-147,-294,290,-106,-63
7925,6,6,52,-242,-234,-39,-9,73,258,-224,-127,-129
7926,8,8,-14,-198,-88,21,-124,-110,-142,-94,284,38
7927,7,7,-104,69,-58,-113,36,-201,-362,142,-90,44
7928,1,1,-10,210,-94,-294,78,-212,-141,-55,-131,-184
7929,6,6,85,-206,-153,-116,-7,0,288,-284,-73,-197
7930,2,2,-15,50,283,-58,-84,-141,-139,-26,-76,-209
7931,9,9,-78,-212,-114,36,16,-82,-265,50,-11,200
7932,3,3,-299,15,-55,396,-134,-40,-339,99,-185,-101
7933,0,0,257,-212,99,-120,-66,-291,-154,-32,-150,-3
7934,1,1,-59,267,-219,-265,-9,-61,-116,-71,-81,-164
7935,2,2,-6,56,422,-36,-176,-336,-293,102,-168,-315
7936,3,3,-287,5,-89,352,-205,-70,-416,103,-104,18
7937,4,4,-126,29,-125,-252,346,-103,-144,50,-206,-226
7938,5,5,-142,-155,-259,-33,-180,350,26,-143,-57,7
7939,6,6,3,-173,-193,-140,-55,108,337,-289,-75,-211
7940,7,7,-134,-49,36,11,-90,-183,-415,320,-180,0
7941,8,8,-4,-193,-3,-5,-108,-199,-148,-76,267,22
7942,9,9,-131,-111,-124,-30,42,-52,-263,41,-23,209
7943,0,0,206,-125,-62,-142,-138,-29,-88,8,-270,31
7944,1,1,-51,321,-94,-426,117,-195,-137,-60,-155,-235
7945,2,2,25,-90,229,-34,17,-182,-103,18,-240,-254
7946,3,3,-268,55,88,337,-219,-175,-426,148,-102,-93
7947,4,4,-86,7,-126,-281,301,-71,-79,31,-204,-212
7948,5,5,-166,-75,-180,-28,-209,328,-73,-113,39,-13
7949,6,6,16,-174,-257,-108,-7,108,307,-242,-130,-184
7950,7,7,-122,-37,100,-19,-132,-209,-402,344,-166,-54
7951,8,8,-22,-139,-63,68,-150,-131,-194,-8,187,67
7952,9,9,-191,-2,-114,-118,82,-36,-308,48,-65,202
7953,0,0,275,-203,-33,-124,-158,-127,-6,-79,-112,-49
7954,1,1,-65,322,-120,-376,79,-201,-165,-26,-139,-216
7955,2,2,-5,22,314,-83,-4,-257,-195,92,-190,-322
7956,3,3,-295,52,-18,405,-209,-116,-447,177,-248,-121
7957,4,4,-133,58,-153,-252,303,-102,-152,57,-139,-188
7958,5,5,-105,-176,-266,62,-130,291,-31,-78,-61,18
7959,6,6,81,-233,-315,-108,-77,105,323,-237,-119,-157
7960,7,7,-91,-34,67,10,-140,-340,-499,364,-98,-16
7961,8,8,-69,-105,-104,-14,-41,-147,-208,-41,228,56
7962,9,9,-155,-119,-135,-45,71,-77,-309,80,17,215
7963,8,8,-54,-251,-75,71,-107,-92,-182,-67,284,129
7964,9,9,-209,-48,-145,-63,65,-35,-318,30,33,219
7965,5,5,-96,-203,-292,-24,-213,363,-46,-89,-136,76
7966,7,7,-201,46,112,78,-190,-278,-573,365,-198,-62
7967,0,0,279,-162,-19,-190,-149,-100,-6,-70,-168,-110
7968,3,3,-362,44,-26,447,-267,-97,-528,189,-193,-90
7969,1,1,-89,332,-122,-357,83,-136,-122,-39,-165,-235
7970,6,6,-33,-121,-213,-127,36,82,305,-287,-59,-265
7971,8,8,-11,-120,-76,-76,-51,-226,-259,43,144,56
7972,4,4,-150,86,-161,-270,315,-84,-121,54,-171,-257
7973,1,1,-87,347,-42,-345,82,-266,-240,28,-182,-214
7974,5,5,-153,-164,-344,28,-95,323,-44,-20,-98,23
7975,6,6,46,-199,-172,-184,-45,83,354,-277,-74,-250
7976,4,4,-82,-28,-156,-223,301,-103,-89,22,-182,-199
7977,2,2,-26,29,393,9,-219,-308,-261,77,-124,-262
7978,7,7,-88,-18,170,-4,-170,-308,-485,368,-163,-104
7979,8,8,-8,-231,-6,62,-155,-171,-168,8,266,21
7980,1,1,-54,313,-86,-372,101,-168,-158,-46,-168,-189
7981,3,3,-256,16,-18,413,-257,-94,-433,140,-181,-96
7982,4,4,-162,99,-148,-215,254,-129,-217,72,-156,-97
7983,3,3,-321,42,-240,423,-184,67,-307,16,-109,-61
7984,4,4,-116,89,-173,-316,331,-136,-167,44,-188,-185
7985,7,7,-77,-41,50,28,-85,-320,-445,280,-56,25
7986,2,2,16,-78,299,4,-161,-261,-183,100,-142,-236
7987,0,0,253,-274,-11,-150,-50,-143,-37,-111,-135,11
7988,5,5,-66,-231,-219,-31,-79,257,36,-63,-116,26
7989,0,0,209,-203,43,-174,29,-198,-88,-59,-253,-2
7990,1,1,-42,254,-208,-341,39,-104,-101,-89,-65,-184
7991,9,9,-71,-160,-105,-11,-34,-100,-241,87,67,146
7992,2,2,-61,91,355,-2,-144,-268,-243,95,-155,-294
7993,3,3,-256,0,-141,419,-263,4,-418,81,-165,-19
7994,2,2,-20,8,354,-15,-92,-253,-219,89,-171,-282
7995,3,3,-379,64,-85,441,-203,-104,-492,146,-172,-42
7996,5,5,-74,-100,-287,-12,-58,208,41,-40,-48,-52
7997,5,5,-131,-112,-331,59,-131,304,-54,-30,-61,-13
7998,7,7,-69,-69,-9,-64,-77,-163,-305,286,-40,-24
7999,8,8,36,-223,-36,-118,-157,-105,-100,42,217,-31
8000,4,4,-3,57,-106,-304,296,-152,-112,1,-180,-263
8001,9,9,-137,-175,-99,44,34,-76,-309,43,4,221
8002,9,9,-150,-96,-121,-33,60,-46,-310,38,-80,224
8003,7,7,-118,-4,56,20,-165,-262,-442,234,-24,26
8004,1,1,-10,288,-96,-431,131,-153,-72,-88,-159,-266
8005,1,1,-104,324,-91,-293,74,-204,-194,27,-160,-199
8006,9,9,-145,-192,-144,1,64,-40,-331,70,-72,241
8007,0,0,277,-227,24,-181,-69,-216,19,-148,-102,-57
8008,7,7,-108,-32,143,43,-193,-316,-498,335,-94,-47
8009,8,8,-84,-197,83,108,-201,-192,-259,30,257,49
8010,3,3,-118,-66,50,359,-296,-123,-352,91,-69,-107
8011,4,4,-67,42,-117,-299,301,-106,-72,-14,-155,-217
8012,8,8,-76,-4,-186,-85,92,-126,-179,-18,116,-88
8013,6,6,85,-238,-248,-133,-55,54,337,-228,-100,-185
8014,3,3,-179,8,11,318,-249,-71,-411,120,-218,-68
8015,8,8,-41,-248,-21,3,-187,-105,-129,46,290,18
8016,0,0,211,-263,61,-86,39,-218,-111,-67,-194,30
8017,9,9,-120,-169,-149,5,46,-74,-281,81,-8,202
8018,6,6,8,-147,-233,-165,-12,78,347,-246,-144,-271
8019,2,2,32,-33,321,-30,-152,-259,-224,102,-142,-256
8020,1,1,-18,246,-101,-259,51,-49,-63,-91,-92,-212
8021,0,0,211,-249,-26,-119,-12,-119,-20,-91,-186,32
8022,1,1,-44,300,-135,-371,103,-180,-130,-69,-139,-221
8023,0,0,214,-191,-27,-130,-39,-225,-118,-4,-112,-48
8024,6,6,-18,-184,-232,-144,4,94,359,-266,-126,-234
8025,2,2,45,-46,352,-84,-32,-248,-106,-2,-210,-344
8026,3,3,-244,3,-39,437,-251,-119,-426,103,-117,-67
8027,8,8,-25,-219,6,29,-171,-125,-95,-64,309,-11
8028,9,9,-153,-79,-109,-70,63,-49,-294,48,-21,202
8029,0,0,262,-264,25,-141,1,-197,19,-184,-135,-33
8030,7,7,-69,-23,122,-39,-106,-196,-340,282,-142,-81
8031,2,2,-62,113,335,-30,-145,-208,-217,68,-144,-292
8032,3,3,-277,8,-145,408,-218,-18,-404,78,-129,-6
8033,4,4,-145,75,-80,-279,326,-136,-179,74,-215,-195
8034,5,5,-121,-171,-281,43,-141,315,-56,-87,-58,41
8035,5,5,-121,-168,-304,7,-121,325,-45,-103,-18,47
8036,2,2,-26,16,324,-39,-38,-208,-138,48,-172,-327
8037,8,8,4,-277,-6,89,-216,-159,-151,-14,284,50
8038,5,5,-111,-158,-312,-75,-170,359,33,-112,43,-55
8039,4,4,-156,67,-176,-246,329,-143,-217,70,-180,-157
8040,6,6,3,-192,-193,-91,-72,84,341,-263,-126,-244
8041,6,6,31,-210,-194,-159,-26,101,353,-261,-125,-235
8042,6,6,0,-187,-265,-93,-11,103,335,-273,-120,-213
8043,7,7,-120,-67,154,43,-248,-301,-502,337,-60,-36
8044,9,9,-113,-67,-74,-47,16,-90,-321,91,-63,167
8045,1,1,-63,335,-39,-351,88,-251,-215,-4,-180,-229
8046,8,8,-31,-176,-77,35,-153,-139,-172,-36,245,79
8047,2,2,70,-116,187,-26,-62,-161,-174,64,-181,-159
8048,1,1,-52,268,-130,-313,65,-73,-106,-76,-126,-159
8049,5,5,-70,-159,-234,-88,-209,327,11,-116,-57,22
8050,3,3,-142,-56,38,311,-105,-87,-278,55,-191,-128
8051,4,4,-113,46,-84,-257,333,-147,-160,81,-231,-245
8052,7,7,-48,-72,28,-44,-62,-209,-345,271,-60,16
8053,9,9,-125,-194,-145,18,47,-83,-297,85,40,214
8054,4,4,-129,21,-143,-283,368,-131,-156,48,-192,-219
8055,0,0,260,-192,-15,-150,-67,-160,-33,-107,-153,-81
8056,0,0,226,-211,-66,-66,-98,-131,-112,-17,-123,-8
8057,0,0,255,-219,18,-103,-86,-182,-154,-9,-208,51
8058,1,1,-58,251,-164,-283,64,-64,-114,-77,-117,-138
8059,2,1,-90,210,194,-80,-146,-169,-174,-7,-39,-234
8060,3,3,-306,1,-105,351,-178,-37,-427,86,-109,16
8061,4,4,-47,-66,-83,-189,179,-53,-94,-44,-194,45
8062,5,5,-32,-131,-322,-148,-135,278,68,-165,1,-6
8063,6,6,52,-37,-199,-287,60,49,262,-305,-166,-242
8064,7,7,-141,90,-34,-22,-96,-238,-431,262,-74,-4
8065,8,1,34,90,-139,-192,-2,-51,-94,-105,-33,-96
8066,9,9,-202,14,-129,-65,66,-52,-354,57,-151,176
8067,0,0,274,-175,-49,-150,-144,-113,-46,-60,-110,-106
8068,1,1,-86,294,-166,-277,88,-115,-170,-51,-144,-152
8069,2,2,-119,150,275,11,-218,-236,-250,101,-105,-228
8070,3,3,-347,25,-64,410,-189,-51,-442,156,-233,-73
8071,4,4,-76,8,-116,-193,157,-41,-108,-46,-180,23
8072,5,5,-224,-123,-350,97,-171,353,-207,-73,-117,109
8073,6,6,114,-110,-178,-239,-41,44,248,-209,-162,-248
8074,7,7,-107,13,-97,-100,-11,-108,-295,248,-132,20
8075,8,8,33,38,-200,-174,-48,-48,-78,-143,44,-42
8076,9,9,-122,-39,-105,-127,92,-81,-273,36,-65,178
8077,0,0,220,-172,-51,-137,-175,-98,-104,37,-98,-76
8078,1,1,-107,242,-132,-247,93,-90,-166,-48,-105,-96
8079,2,2,-71,136,259,25,-262,-283,-259,60,-61,-199
8080,3,3,-311,44,-2,374,-256,-91,-478,183,-210,-101
8081,4,4,5,-81,-90,-213,184,-74,-10,-102,-173,8
8082,5,5,-147,-219,-342,48,-162,361,-70,-86,-118,77
8083,6,6,9,-180,-218,-167,-10,93,361,-300,-78,-233
8084,9,9,-161,-41,-105,-156,161,-88,-311,42,-94,191
8085,0,0,285,-169,-23,-201,-157,-156,-29,-67,-139,-119
8086,1,1,-81,288,-118,-287,76,-137,-178,-25,-167,-142
8087,3,3,-210,-2,-38,349,-220,-105,-403,99,-112,-24
8088,1,1,-43,243,-155,-296,14,-65,-116,-77,-79,-127
8089,5,5,-199,-126,-335,20,-166,390,-88,-63,-71,30
8090,1,1,-40,244,-156,-275,73,-64,-69,-105,-111,-175
8091,2,2,56,39,176,-99,-220,-210,-119,34,1,-195
8092,4,4,-54,23,-83,-263,249,-97,-86,-71,-257,-74
8093,9,9,-144,26,-132,-161,114,-74,-294,18,-110,156
8094,2,1,-68,101,27,-80,-66,-150,-261,32,35,-11
8095,4,4,-66,64,-146,-284,224,-64,-45,-134,-156,-39
8096,6,6,53,-147,-220,-155,33,30,284,-239,-178,-235
8097,8,8,112,-297,-61,84,-176,-84,-72,-102,160,11
8098,0,0,236,-268,-79,-88,-52,-164,-25,-98,-77,5
8099,1,1,-90,288,-97,-354,112,-154,-158,-21,-157,-147
8100,1,1,-51,300,-133,-327,91,-121,-125,-75,-151,-194
8101,9,9,-154,-69,-128,-102,116,-33,-276,7,-83,208
8102,2,2,-87,108,241,33,-297,-255,-196,17,40,-220
8103,6,6,24,-84,-244,-178,27,55,292,-273,-136,-277
8104,6,6,38,-138,-256,-200,41,77,284,-280,-120,-201
8105,8,0,69,-24,-284,-133,-41,-18,-31,-129,-2,-62
8106,7,7,-105,126,-45,-106,-60,-200,-368,174,-73,13
8107,4,4,-30,-83,-78,-188,184,-43,-72,-51,-259,7
8108,2,2,4,154,390,-152,-138,-307,-232,43,-137,-337
8109,9,9,-95,-23,-140,-137,76,-65,-253,18,-83,153
8110,7,7,-101,80,-74,-102,-61,-76,-269,117,-52,59
8111,0,0,246,-267,-55,-92,-50,-123,-22,-118,-96,10
8112,2,2,-26,55,330,-31,-256,-230,-179,34,-48,-281
8113,1,1,-72,305,-151,-309,66,-115,-140,-39,-150,-174
8114,0,0,227,-214,-58,-144,-44,-78,-40,-54,-178,-46
8115,3,3,-70,-104,-166,208,-113,50,-194,53,-126,-55
8116,6,6,21,-232,-260,-77,-55,91,358,-291,-78,-206
8117,0,0,268,-150,-18,-161,-157,-132,6,-78,-125,-85
8118,1,1,-100,370,-72,-383,93,-240,-210,0,-143,-232
8119,2,2,-55,39,312,-98,-19,-189,-147,55,-96,-321
8120,3,3,-359,-33,-64,364,-229,-89,-533,122,-2,58
8121,4,4,-120,99,-133,-297,315,-89,-122,47,-154,-293
8122,5,5,-86,-115,-243,-107,-57,223,-34,-13,-50,32
8123,6,6,-27,-148,-53,-110,-33,42,265,-227,-15,-242
8124,7,7,-132,-38,29,18,-172,-190,-458,276,-104,50
8125,8,8,-142,-119,98,-23,-214,1,-110,20,234,-53
8126,9,9,-131,-200,-154,-59,47,46,-201,27,-56,232
8127,0,0,228,-161,-98,-135,-180,-38,-21,-32,-128,-58
8128,1,1,-47,228,-90,-301,82,-81,9,-107,-151,-277
8129,2,2,-116,122,357,-13,-174,-212,-235,87,-82,-311
8130,3,3,-383,11,-151,422,-226,31,-445,146,-186,-33
8131,4,4,-159,79,-158,-274,368,-154,-195,22,-123,-178
8132,5,5,-52,-129,-222,-54,-74,211,46,-14,-104,-63
8133,6,6,-28,-199,-209,-45,-66,90,304,-254,-66,-172
8134,7,7,-144,20,51,13,-140,-233,-457,323,-130,-18
8135,8,8,-105,-161,-55,64,-135,-26,-43,-86,238,-19
8136,9,9,-108,-214,-130,-15,63,-106,-319,114,15,220
8137,0,0,208,-164,-38,-168,-87,-172,-163,24,-167,10
8138,1,1,-99,353,-105,-320,59,-197,-136,-41,-103,-256
8139,2,2,-112,52,324,88,-281,-261,-328,116,-29,-212
8140,3,3,-265,-62,-90,396,-264,-18,-416,73,-14,7
8141,4,4,-110,47,-92,-201,290,-234,-207,53,-130,-165
8142,5,5,-110,-187,-173,48,-69,213,-14,-43,-150,7
8143,6,6,10,-68,-52,-123,46,9,163,-183,-108,-217
8144,7,7,-175,15,32,100,-184,-288,-525,298,-89,17
8145,8,8,-87,-146,-63,-82,-38,-17,-64,-147,250,36
8146,9,9,-99,-131,-77,46,1,-108,-285,65,42,169
8147,8,8,-51,-162,-103,1,-84,-61,-100,-78,231,70
8148,6,6,-47,-140,-218,-65,-70,101,276,-249,-60,-163
8149,5,5,-159,-160,-324,-15,-124,323,-80,-45,-62,65
8150,9,9,-149,-159,-151,58,45,-29,-274,-16,21,231
8151,7,7,-139,88,61,2,-155,-198,-428,263,-142,-57
8152,0,0,246,-158,-47,-197,-137,-101,11,-53,-130,-78
8153,2,2,-63,93,294,9,-147,-240,-217,72,-102,-229
8154,3,3,-385,19,-147,375,-193,8,-480,129,-114,25
8155,4,4,-108,26,-121,-269,328,-125,-169,27,-121,-127
8156,3,3,-347,-54,-93,291,-173,-22,-481,139,-20,74
8157,8,8,-54,-179,10,18,-201,-103,-121,-11,259,21
8158,5,5,-30,-139,-148,-34,-71,177,55,-36,-118,-71
8159,1,1,-99,311,-67,-325,75,-218,-181,17,-121,-197
8160,5,5,54,-123,-82,-17,-58,62,-27,4,-158,-32
8161,2,2,-26,60,352,-64,-136,-231,-179,38,-94,-284
8162,3,3,-423,35,24,394,-273,-54,-511,225,-125,-124
8163,0,0,189,-177,-21,-158,-54,-80,-14,-42,-135,-13
8164,1,1,-132,360,-37,-320,89,-259,-229,32,-142,-270
8165,2,2,-45,31,192,-54,-35,-76,-84,29,-64,-183
8166,1,1,-80,331,-46,-320,69,-221,-176,1,-131,-227
8167,3,3,-364,-20,-114,454,-243,-36,-458,106,-74,-1
8168,2,2,-130,136,263,22,-154,-174,-280,115,-101,-212
8169,6,6,16,-179,-162,-113,-65,47,318,-286,-15,-189
8170,5,5,-42,-89,-224,-90,-41,159,64,-11,-100,-88
8171,3,3,-299,-19,-192,346,-151,73,-343,88,-150,-8
8172,0,0,219,-183,-5,-171,-66,-162,-1,-76,-128,-34
8173,7,7,-168,39,-33,-13,-43,-208,-417,314,-114,2
8174,2,2,-99,52,322,42,-165,-263,-260,158,-126,-276
8175,7,7,-85,25,22,-25,-139,-251,-407,282,-78,-1
8176,4,4,-148,42,-106,-231,347,-167,-197,43,-103,-204
8177,6,6,-11,-184,-194,-21,-67,32,276,-251,-28,-146
8178,4,4,-107,41,1,-213,329,-257,-195,29,-155,-243
8179,0,0,250,-166,-31,-194,-122,-81,57,-117,-120,-84
8180,5,5,-66,-212,-219,-88,-57,229,-9,-5,-142,45
8181,9,9,-86,-228,-177,-96,-29,79,-120,49,-14,136
8182,9,9,49,-231,-68,-53,96,-206,-174,2,-12,110
8183,8,6,-15,-113,-171,-105,51,60,73,-102,3,-55
8184,9,9,-62,-200,-86,2,-15,-106,-254,79,25,178
8185,5,5,-167,-23,-220,65,-181,281,-67,-115,-89,-12
8186,3,3,-288,-33,-57,353,-208,-81,-424,132,0,-15
8187,1,1,-113,331,-112,-370,100,-213,-154,-23,-107,-238
8188,7,7,-22,-89,-21,-57,-64,-224,-349,274,-69,42
8189,4,4,-113,-14,-165,-218,305,-120,-115,47,-115,-203
8190,7,7,-133,-12,84,55,-114,-276,-492,315,-138,-8
8191,6,6,-29,-91,-197,-186,12,76,271,-231,-75,-209
8192,5,5,-51,-182,-137,-71,-102,206,66,-121,-66,31
8193,4,4,-25,-26,-106,-214,230,-156,-72,-27,-99,-110
8194,0,0,215,19,153,-283,33,-349,-105,-27,-245,-280
8195,0,0,226,-170,-65,-106,-77,-74,7,-122,-134,-2
8196,6,6,17,-129,-255,-32,-105,84,164,-147,-118,-41
8197,6,6,15,-249,-140,-60,-63,67,262,-237,49,-124
8198,2,2,-74,27,253,-71,16,-102,-124,20,-105,-253
8199,0,0,220,-89,21,-228,-46,-189,-63,-18,-189,-139
8200,6,6,38,-201,-129,-129,-22,77,294,-264,-68,-229
8201,3,3,-311,-3,-107,296,-166,10,-411,139,-110,-9
8202,7,7,-52,-1,28,-33,-66,-209,-310,218,-81,0
8203,7,7,-85,-63,-153,-107,-1,-68,-230,217,-115,73
8204,4,4,-65,-12,3,-173,310,-264,-191,34,-147,-175
8205,4,4,-53,-5,-48,-181,245,-139,-128,35,-113,-150
8206,3,3,-308,-70,-96,402,-221,-73,-498,158,-87,14
8207,9,9,-66,-208,-90,-53,28,-2,-136,-10,-39,185
8208,2,2,-56,61,288,12,-161,-254,-265,115,-113,-215
8209,8,8,-118,10,-84,-93,17,-108,-164,-119,221,-4
8210,9,9,-55,-184,-111,-75,46,8,-119,-56,-68,205
8211,6,6,-18,-169,-216,-114,-48,85,333,-263,-79,-197
8212,0,0,211,-206,60,-96,-5,-183,-48,-63,-153,-16
8213,9,9,-15,-194,-33,-7,2,-48,-149,-23,-38,172
8214,5,5,-67,-178,-224,-73,-130,279,37,-103,-93,17
8215,3,3,-315,-84,-151,404,-184,4,-425,67,-60,66
8216,8,8,-68,-202,10,82,-94,-130,-167,-96,260,36
8217,8,8,-37,-177,6,94,-76,-89,-169,-19,138,70
8218,7,7,-98,36,50,12,-146,-237,-392,250,-93,-12
8219,1,1,-100,350,-109,-351,75,-185,-142,-39,-118,-240
8220,4,4,-136,63,-98,-260,328,-131,-168,57,-142,-229
8221,0,0,250,-138,-4,-160,-62,-173,-34,-90,-145,-82
8222,4,4,-132,11,-113,-235,366,-151,-188,2,-108,-138
8223,8,8,-104,-188,50,17,-106,-91,-121,-101,270,16
8224,5,5,-130,-156,-249,-30,-185,344,-28,-121,-53,51
8225,2,2,-108,44,262,118,-270,-211,-313,88,-65,-152
8226,3,3,-329,-3,3,364,-229,-96,-512,204,-136,-65
8227,9,9,-57,-219,-168,-46,67,-51,-172,58,-2,168
8228,0,0,207,-89,111,-206,77,-281,-49,-91,-194,-160
8229,1,1,-98,340,-117,-403,79,-187,-118,-49,-87,-285
8230,9,9,-47,-218,-50,27,43,-157,-253,64,-3,175
8231,1,1,-136,356,-59,-338,110,-253,-202,-15,-90,-263
8232,5,5,-148,-99,-192,108,-116,201,-70,23,-159,-26
8233,1,1,-119,357,-157,-400,80,-181,-132,-48,-90,-256
8234,7,7,-158,18,-29,38,-115,-188,-439,245,-118,52
8235,4,4,-88,-10,-84,-191,249,-155,-114,79,-91,-210
8236,8,4,-76,7,-146,-183,180,-125,7,-148,75,-178
8237,6,6,19,-245,-218,-74,-65,92,321,-264,-41,-159
8238,2,2,-66,37,288,4,-153,-198,-232,115,-86,-205
8239,1,1,-127,338,-170,-276,59,-156,-113,-50,-68,-249
8240,6,6,-7,-156,-211,-142,-19,107,313,-252,-34,-264
8241,8,8,-63,28,-108,-156,86,-191,-105,-108,134,-70
8242,8,4,-104,64,-289,-238,150,-25,-8,-172,78,-136
8243,0,0,187,-181,-7,-153,16,-41,23,-122,-183,-43
8244,1,1,-112,319,-91,-301,86,-158,-121,-39,-139,-293
8245,2,2,7,101,272,-118,-19,-146,-204,11,-182,-203
8246,3,3,-254,-116,-221,288,-105,72,-350,68,-115,94
8247,4,4,-137,-12,-167,-129,256,-139,-111,40,-47,-180
8248,7,7,-156,-34,-5,48,-90,-242,-477,330,-108,39
8249,8,8,-24,-232,-32,43,-177,-101,-167,-22,268,72
8250,9,9,-70,-256,-156,-21,52,-35,-163,-13,15,230
8251,0,0,214,-161,-28,-89,-26,-100,-77,-86,-175,-20
8252,1,1,-110,338,-109,-356,99,-209,-172,13,-158,-241
8253,2,2,-66,38,306,-52,-10,-166,-167,38,-119,-264
8254,3,3,-224,-57,-100,269,-88,-9,-342,103,-138,31
8255,4,4,-86,-40,-28,-36,146,-154,-140,95,-155,-162
8256,6,6,-17,-64,-77,-167,75,11,235,-231,-194,-381
8257,7,7,-160,-29,-15,78,-206,-208,-490,268,-50,53
8258,8,8,-68,-171,-121,33,-62,31,-12,-42,134,34
8259,9,5,-111,-208,-190,-25,-65,154,-110,44,-123,121
8260,0,0,152,-130,13,-101,22,-62,-48,-61,-169,-4
8261,1,1,-126,365,-111,-356,104,-207,-154,-34,-108,-258
8262,2,2,-101,128,285,-99,-74,-152,-189,66,-58,-289
8263,3,3,-135,-33,-40,220,-139,-57,-347,24,-97,67
8264,4,4,-91,-35,-54,-142,277,-218,-198,49,-69,-111
8265,7,7,-161,-43,-23,36,-115,-93,-345,296,-188,-14
8266,8,8,-188,-138,-21,134,-255,-56,-260,-1,284,26
8267,9,9,-112,-228,-121,-47,41,-35,-186,117,0,146
8268,1,1,-162,371,-61,-323,103,-232,-214,1,-101,-263
8269,4,4,-150,89,-22,-171,296,-263,-269,54,-169,-128
8270,5,5,-62,-71,-218,-57,-101,207,-45,19,-59,-29
8271,3,3,-305,-61,-232,414,-232,99,-367,32,-71,40
8272,3,3,-259,1,-142,305,-176,9,-262,22,42,-16
8273,0,0,170,-207,33,-103,43,-176,-118,-34,-143,30
8274,9,9,-75,-224,-135,-48,28,-29,-180,61,8,184
8275,5,5,-13,-87,-127,-108,-29,110,5,9,-96,-34
8276,4,4,-29,65,-42,-246,263,-193,-99,-40,-165,-236
8277,3,3,-282,-65,-219,292,-98,116,-259,-56,-44,88
8278,0,0,149,-137,67,-105,46,-151,-68,-38,-177,-58
8279,8,4,-82,-111,-125,-22,75,-69,-118,64,11,36
8280,4,4,-145,51,-138,-233,321,-150,-189,-43,-83,-83
8281,6,6,4,-36,-134,-138,15,38,197,-189,-167,-285
8282,7,7,-155,-15,53,73,-235,-249,-524,302,-76,6
8283,0,0,208,-118,106,-160,23,-165,-44,-79,-214,-125
8284,7,7,-139,-51,-56,-9,-141,-37,-307,332,-255,-35
8285,7,7,-140,19,-20,5,-123,-213,-442,274,-87,30
8286,1,1,-138,323,-131,-295,86,-202,-211,19,-91,-177
8287,6,6,22,-89,-20,-104,34,-31,168,-191,-161,-265
8288,9,9,-90,-233,-186,-99,86,17,-90,-8,-78,214
8289,1,1,-125,355,-100,-359,98,-222,-201,3,-123,-213
8290,3,3,-138,-4,-89,274,-214,-9,-305,-9,-71,20
8291,6,6,8,-2,-94,-211,76,5,206,-237,-151,-310
8292,2,2,14,138,331,-125,-78,-338,-323,142,-222,-274
8293,3,3,-154,-33,-63,255,-194,-12,-323,14,-61,47
8294,8,8,-124,-132,-151,16,-31,-42,-193,132,164,14
8295,2,2,-20,0,322,-32,-147,-296,-281,136,-97,-217
8296,3,3,-166,-44,-79,255,-102,-33,-289,26,-53,53
8297,8,8,-42,-143,9,14,-166,-72,-161,22,183,44
8298,9,9,-85,-224,-170,-90,36,47,-73,-7,-22,169
8299,5,5,-36,-99,-255,-83,-19,159,23,-4,-57,-32
8300,8,8,-53,-234,-47,76,-167,-83,-171,-7,303,44
8301,8,8,-83,-141,-65,111,-183,-46,-156,1,190,17
8302,7,7,-163,-46,-33,28,-113,-108,-424,322,-195,5
8303,1,1,-156,375,-177,-346,83,-181,-175,-23,-86,-227
8304,7,7,-149,-1,100,31,-206,-183,-549,363,-279,-60
8305,1,1,-150,370,-118,-339,84,-201,-180,-14,-96,-245
8306,1,1,-130,362,-102,-345,98,-221,-185,-4,-116,-240
8307,0,0,230,-139,-1,-125,-69,-128,3,-124,-173,-54
8308,3,3,-261,-11,-164,314,-185,91,-266,-2,-71,23
8309,4,4,-142,97,-56,-185,283,-275,-284,68,-135,-122
8310,2,2,0,100,249,-158,-30,-153,-98,-39,-102,-263
8311,6,6,29,-106,-4,-243,91,-67,220,-207,-75,-300
8312,4,4,-197,68,-145,-203,300,-121,-225,61,-115,-105
8313,7,7,-126,-27,79,18,-180,-207,-470,320,-146,-26
8314,4,4,-68,29,-81,-221,270,-209,-175,30,-161,-127
8315,2,2,-45,42,347,-37,-152,-214,-240,104,-120,-253
8316,7,7,-80,-60,124,62,-235,-293,-454,277,-39,-24
8317,4,4,-109,-3,-59,-119,237,-192,-222,37,-95,-57
8318,2,2,56,19,231,-130,20,-252,-205,53,-132,-178
8319,9,9,-50,-248,-192,-74,18,25,-52,-49,-7,199
8320,2,2,-98,105,379,-49,-176,-309,-320,190,-124,-319
8321,7,7,-129,-16,11,6,-197,-60,-417,308,-274,-21
8322,9,9,-105,-259,-136,-77,75,35,-69,17,-54,161
8323,2,2,58,-31,282,-84,-49,-237,-174,46,-154,-212
8324,1,1,-148,373,-67,-350,101,-224,-204,-2,-116,-273
8325,0,0,113,-47,-103,-176,45,-8,81,-157,-286,-168
8326,6,6,16,32,62,-176,65,-91,89,-168,-204,-356
8327,5,5,-125,-53,-160,60,-144,214,-107,-27,-45,-19
8328,3,3,-295,59,-104,408,-258,-47,-404,76,-136,-37
8329,4,4,11,63,-46,-239,224,-237,-171,6,-192,-170
8330,8,8,-86,-116,82,56,-233,-40,-101,61,160,-104
8331,5,5,-99,-99,-253,-12,-103,239,24,-5,-78,-68
8332,9,7,-137,-180,-137,66,-17,-40,-323,205,-96,132
8333,6,6,70,-82,-222,-229,-7,58,223,-166,-193,-149
8334,9,9,-97,-195,-174,-49,71,5,-116,14,-10,177
8335,0,0,177,-89,-49,-181,24,-71,21,-101,-237,-120
8336,6,6,-22,-92,-127,-109,13,24,247,-206,-112,-273
8337,3,3,-251,-26,-155,341,-209,35,-302,16,-24,40
8338,0,0,235,-161,-10,-119,-69,-156,-25,-87,-135,-53
8339,8,8,-42,-151,-77,-34,-29,58,58,-48,71,-45
8340,1,1,-96,332,-64,-303,64,-219,-193,7,-132,-208
8341,6,6,25,-163,-181,-94,-41,61,281,-246,-68,-170
8342,0,0,211,-118,73,-202,-5,-163,-36,-69,-221,-98
8343,0,0,231,-59,4,-221,-36,-236,-88,-26,-220,-149
8344,1,1,-84,317,-64,-313,89,-224,-205,5,-170,-195
8345,2,2,16,79,331,-72,-104,-257,-226,62,-168,-252
8346,3,3,-302,-13,-70,388,-235,-70,-489,162,-164,-32
8347,4,4,-132,34,-85,-250,303,-115,-204,42,-168,-80
8348,5,5,-176,-97,-135,-28,-126,297,-13,-74,-41,-28
8349,6,6,37,-191,-91,-170,-18,-9,326,-235,-79,-241
8350,7,7,-98,-31,-135,-121,6,-129,-291,279,-71,28
8351,0,0,162,-161,35,-99,-10,-134,-57,-43,-139,9
8352,1,1,-83,323,-139,-334,70,-162,-151,-28,-123,-204
8353,2,2,35,6,229,-124,17,-151,-55,-43,-117,-239
8354,3,3,-208,-9,-166,339,-184,44,-315,47,-151,-16
8355,4,4,-162,65,-90,-193,289,-130,-179,80,-124,-184
8356,7,7,-116,-61,-83,-72,5,-181,-388,288,-91,87
8357,8,8,-54,-121,-181,-100,-101,95,-12,-111,167,0
8358,9,9,-161,-98,-144,-34,49,25,-261,75,-89,174
8359,0,0,222,-141,42,-180,-52,-164,2,-89,-164,-83
8360,1,1,-121,344,-148,-340,62,-146,-145,-31,-112,-224
8361,2,2,6,26,274,-74,-73,-192,-140,31,-105,-202
8362,3,3,-169,-33,-43,254,-134,-16,-318,97,-167,-14
8363,4,4,-174,-12,-96,-218,322,-129,-218,110,-188,-94
8364,7,7,-164,4,33,64,-154,-257,-529,321,-141,10
8365,2,2,-78,51,345,-59,-117,-216,-177,-19,0,-263
8366,5,5,-172,-153,-297,60,-137,339,-59,-98,-78,50
8367,1,1,-73,301,-61,-317,89,-181,-140,-6,-142,-222
8368,6,6,3,-157,-185,-175,26,69,331,-258,-162,-271
8369,4,4,-128,86,-117,-220,260,-99,-142,75,-127,-204
8370,3,3,-345,41,-105,419,-222,-7,-404,105,-139,-55
8371,9,9,-111,-215,-125,60,-41,49,-246,-33,-20,222
8372,9,9,-58,-196,-149,-51,90,-45,-176,73,-91,146
8373,0,0,216,-124,52,-172,-4,-152,-32,-72,-225,-109
8374,9,9,-164,-166,-53,92,-65,-39,-294,89,5,153
8375,7,7,-84,16,-88,-178,58,-132,-286,229,-171,-9
8376,1,1,-86,152,-168,-243,66,-23,-49,-54,-136,-103
8377,6,6,17,-137,-116,-146,91,-4,261,-269,-186,-274
8378,4,4,-119,38,-139,-221,280,-152,-185,37,-76,-101
8379,3,3,-309,-19,-125,329,-152,-5,-370,104,-57,9
8380,6,6,-42,-180,-192,-126,2,76,340,-209,-133,-266
8381,2,2,-19,74,272,-92,-73,-152,-128,32,-111,-241
8382,0,0,110,-122,72,-3,-61,-139,-151,74,-168,-101
8383,9,9,-145,-169,-51,-48,-73,90,-177,-4,10,137
8384,8,8,-104,-150,-90,-67,-96,-49,-166,-84,306,85
8385,6,6,30,-133,-101,-215,54,8,302,-254,-192,-320
8386,5,5,-195,-96,-185,14,-165,334,-40,-77,-47,-16
8387,7,7,-54,-59,-149,-118,15,-131,-262,231,-28,14
8388,0,0,238,-122,119,-214,6,-248,-54,-84,-180,-128
8389,0,0,239,-126,80,-215,11,-239,-40,-85,-205,-128
8390,1,1,-125,293,-148,-277,72,-144,-145,-10,-87,-156
8391,7,7,-122,33,-166,-191,53,-63,-205,280,-129,-113
8392,4,4,-114,46,-123,-199,280,-86,-47,-24,-90,-241
8393,3,3,-293,-28,-77,363,-184,-80,-440,119,-77,11
8394,2,2,-36,85,349,-32,-182,-238,-259,64,-125,-239
8395,4,4,-102,15,-105,-201,291,-165,-172,65,-124,-155
8396,1,1,-100,283,-103,-215,49,-130,-126,-4,-111,-201
8397,3,3,-15,-81,-97,191,-151,10,-202,44,-108,-30
8398,7,7,-77,-1,-28,-48,-59,-174,-319,256,-64,8
8399,6,6,-2,-187,-190,-170,24,87,373,-295,-120,-270
8400,4,4,-161,46,-86,-192,310,-123,-191,24,-110,-128
8401,7,7,-151,-16,-24,-19,-58,-152,-378,275,-122,55
8402,7,7,-146,-35,-196,-154,7,-51,-220,301,-80,-8
8403,7,7,-115,-35,-168,-158,24,-93,-267,323,-133,-10
8404,9,9,-69,-182,-114,-32,13,-15,-230,111,-112,153
8405,8,8,19,-155,-116,-17,-140,1,-57,-22,141,28
8406,4,4,-209,-25,-100,-119,236,-148,-331,134,-65,75
8407,3,3,-294,-13,-163,435,-221,-1,-362,43,-34,-9
8408,8,5,-43,-38,-101,-108,22,65,36,-24,-24,-79
8409,2,2,-58,110,302,-1,-165,-235,-262,52,-102,-203
8410,8,6,-81,-119,-114,-90,-138,121,176,-200,82,-118
8411,3,3,-294,-4,-66,329,-183,-76,-451,121,-73,16
8412,5,5,-172,-104,-230,123,-109,227,-72,50,-159,-46
8413,8,8,-32,-92,-234,-121,-83,92,14,-73,139,-57
8414,0,0,250,-126,83,-264,-6,-229,-11,-103,-186,-133
8415,5,5,-78,-139,-141,26,-85,200,18,-39,-128,-41
8416,4,4,-100,8,-121,-167,200,-44,-96,26,-58,-73
8417,7,7,-108,-69,-150,-141,-16,-114,-257,338,-143,16
8418,1,1,-102,313,-135,-252,58,-151,-162,-14,-135,-204
8419,3,3,-240,-39,-133,302,-138,-26,-315,59,-12,53
8420,1,1,-43,301,-107,-370,107,-135,-98,-61,-149,-226
8421,7,7,-191,6,43,33,-154,-240,-534,354,-152,15
8422,9,9,-133,-158,-141,-13,20,43,-231,44,-77,201
8423,6,6,67,-117,-88,-266,61,-28,272,-235,-199,-279
8424,2,2,-35,-10,299,13,-177,-207,-208,5,-42,-149
8425,0,0,177,-42,-26,-244,-8,-111,16,-55,-203,-157
8426,9,9,-83,-187,-17,-65,113,-88,-227,83,-143,176
8427,1,1,-94,305,-144,-296,75,-115,-89,-54,-116,-227
8428,7,7,-113,-64,-192,-163,10,-114,-310,332,-99,46
8429,3,3,-295,-54,-166,305,-161,75,-382,46,-61,86
8430,3,3,-310,-77,-218,354,-162,92,-359,-4,-16,92
8431,9,9,-93,-173,-159,-38,-27,92,-164,54,-88,149
8432,1,1,-104,342,-98,-341,98,-209,-163,-18,-125,-231
8433,6,6,39,-113,-139,-227,61,5,294,-248,-208,-303
8434,4,4,-134,-82,-41,-140,280,-176,-205,99,-161,-52
8435,3,3,-84,-59,-35,226,-153,-15,-225,50,-143,-24
8436,9,9,-125,-190,-63,20,31,-89,-320,87,7,203
8437,8,8,-92,-210,-68,-57,-152,74,52,-117,275,-24
8438,2,2,6,44,301,-73,-96,-186,-149,-10,-93,-213
8439,1,1,-94,271,-114,-264,79,-127,-151,-2,-165,-160
8440,8,8,-69,-200,-64,14,-210,66,-60,-59,241,24
8441,6,6,50,-132,-101,-253,53,-3,295,-220,-143,-294
8442,4,4,-34,-65,-65,-232,244,-99,-66,40,-189,-121
8443,1,1,-55,311,-83,-338,85,-157,-122,-30,-150,-228
8444,5,5,-76,-56,-126,-18,-32,135,31,3,-59,-88
8445,5,5,-100,-141,-196,3,-79,232,13,-12,-100,-25
8446,6,6,-30,-212,-198,-60,3,66,337,-279,-71,-235
8447,5,5,-178,-71,-249,94,-193,325,-151,-75,-66,29
8448,0,0,242,-189,-161,-85,-187,-31,-32,10,-146,-31
8449,1,1,-97,298,-150,-263,97,-56,-107,-109,-77,-164
8450,2,2,-31,62,279,-29,-128,-191,-263,93,-186,-179
8451,3,3,-270,62,-94,340,-198,-64,-372,103,-151,-38
8452,4,4,-126,52,-111,-334,323,-99,-171,88,-238,-195
8453,5,5,-116,-117,-265,1,-47,245,22,-103,-106,-35
8454,6,6,46,-223,-185,-159,-79,74,364,-259,-72,-220
8455,7,7,-208,2,2,-8,-88,-252,-490,409,-158,-1
8456,8,8,33,-165,-33,27,-92,-50,-44,-48,145,-88
8457,9,9,-90,-290,-153,51,-11,-28,-321,58,-52,273
8458,0,0,236,-159,-167,-102,-163,3,-31,8,-189,-39
8459,1,1,-104,257,-159,-289,88,-81,-170,-47,-104,-93
8460,2,2,-16,-2,327,20,-149,-223,-272,76,-170,-191
8461,3,3,-265,10,-51,370,-240,-99,-421,92,-69,-32
8462,4,4,-181,90,-103,-310,393,-174,-224,143,-225,-326
8463,5,5,-117,-60,-157,77,-180,231,-129,-6,-134,-14
8464,6,6,79,-284,-254,-155,-72,37,379,-244,-40,-183
8465,7,7,-285,78,-22,18,-95,-206,-471,358,-145,-12
8466,8,8,-30,-250,25,81,-193,-75,-94,-90,281,-19
8467,9,9,-145,-168,-80,22,60,-78,-300,86,-93,226
8468,0,0,251,-178,-116,-127,-143,-29,-23,-33,-211,16
8469,1,1,-130,237,-177,-100,14,-41,-156,-74,-52,-131
8470,2,2,-13,7,288,5,-89,-218,-198,55,-166,-239
8471,3,3,-361,36,-45,404,-193,-103,-514,147,-192,-21
8472,4,4,-131,9,-53,-245,319,-126,-206,54,-226,-95
8473,5,5,-157,-166,-331,57,-144,326,-134,-55,-122,117
8474,6,6,7,-247,-236,-163,-2,99,406,-291,-115,-233
8475,7,7,-168,-23,-57,-27,-32,-222,-412,322,-57,56
8476,8,8,-45,-143,10,-158,-46,30,5,-127,157,-36
8477,9,9,-101,-266,-102,101,-42,-82,-325,70,17,230
8478,6,6,63,-177,-264,-170,-31,118,311,-258,-143,-187
8479,9,9,-156,-119,-72,-39,42,-74,-337,102,1,189
8480,7,7,-228,-29,-94,-20,-35,-180,-427,368,-108,58
8481,0,0,255,-156,-133,-75,-195,-57,-125,39,-192,-41
8482,2,2,-30,7,225,57,-93,-141,-254,69,-235,-178
8483,3,3,-249,27,-30,350,-224,-90,-434,115,-166,-35
8484,4,4,-194,64,-113,-303,379,-99,-215,26,-198,-157
8485,3,3,-192,20,-36,282,-270,-60,-407,90,-110,-12
8486,8,8,66,-230,84,-1,-73,-137,-106,-116,160,-21
8487,5,5,-64,-174,-279,10,-139,280,11,-36,-66,-22
8488,1,1,-56,251,-98,-315,63,-93,-89,-74,-86,-166
8489,3,3,-232,43,-22,313,-216,-76,-399,131,-191,-71
8490,0,0,195,-206,-42,-100,-5,-80,-48,-43,-220,-4
8491,1,1,-141,218,-160,-126,27,-36,-172,-50,-63,-84
8492,2,2,-69,109,328,-21,-141,-216,-174,54,-123,-327
8493,1,1,-69,249,-103,-202,-17,-51,-153,-77,-60,-142
8494,3,3,-282,13,-64,332,-200,-55,-422,115,-167,-14
8495,2,2,-81,91,252,161,-231,-310,-300,72,-102,-231
8496,0,0,261,-232,-97,-124,-111,-73,-90,-15,-251,68
8497,7,7,-168,93,-5,24,-202,-195,-424,249,-31,-31
8498,2,2,-94,125,312,55,-228,-253,-257,76,-136,-279
8499,6,6,24,-175,-175,-156,-54,75,355,-250,-112,-279
8500,4,4,-195,84,-128,-291,335,-119,-177,122,-230,-260
8501,0,0,219,-185,-157,-69,-110,-18,-23,-41,-178,-76
8502,5,5,-178,-78,-281,163,-183,257,-192,-53,-18,43
8503,9,9,-127,-104,-151,-97,1,67,-188,53,-63,147
8504,9,5,-157,-116,-150,-50,-40,152,-169,2,-63,133
8505,8,8,-23,-119,-47,-82,-101,-66,-90,-86,237,-24
8506,9,9,-180,-35,-77,-77,98,-53,-313,26,-42,196
8507,5,5,-107,-145,-365,26,-74,258,-17,-25,-86,6
8508,3,3,26,-98,-36,152,-138,8,-216,-3,-122,-68
8509,1,1,-75,249,-175,-217,42,-49,-152,-85,-82,-130
8510,7,7,-184,103,22,3,-141,-230,-463,284,-96,-16
8511,4,4,-147,4,-89,-249,300,-119,-221,102,-270,-99
8512,7,7,-184,23,45,70,-223,-258,-538,328,-96,-8
8513,0,0,187,-210,-164,-96,-91,-41,-41,39,-170,-4
8514,0,0,234,-242,-68,-59,-96,-148,-151,20,-199,40
8515,6,6,26,-131,-195,-139,-84,101,303,-262,-77,-261
8516,6,6,32,-190,-188,-102,-78,66,325,-228,-78,-267
8517,6,6,11,-160,-129,-105,-83,62,295,-195,-74,-300
8518,3,3,-237,34,-6,352,-240,-117,-456,162,-219,-95
8519,7,7,-209,74,7,23,-170,-203,-444,254,-26,3
8520,4,4,-233,90,-97,-221,214,-101,-323,87,-120,53
8521,2,2,-115,52,191,73,-158,-157,-249,111,-81,-139
8522,8,8,-100,-113,86,-80,-205,33,26,32,97,-137
8523,9,7,-125,-14,-102,-100,-45,41,-187,116,-93,64
8524,8,8,-32,-160,-56,-56,-90,-67,-48,-171,230,31
8525,7,7,-176,59,-12,15,-146,-209,-471,272,-79,26
8526,1,1,-146,264,-133,-182,62,-72,-188,-45,-71,-107
8527,4,4,-61,-43,-126,-101,53,46,-95,42,-153,16
8528,0,0,268,-173,-181,-76,-189,-4,-76,-7,-171,-56
8529,4,4,-96,-83,-168,-213,225,-32,-90,121,-316,-96
8530,8,8,-54,-118,-79,-85,61,-99,-126,56,115,-88
8531,5,5,-210,-61,-304,25,-195,372,-72,-173,-49,39
8532,2,2,-62,102,271,127,-193,-291,-293,69,-183,-254
8533,3,3,-146,-57,-42,334,-220,-75,-352,46,-75,-10
8534,9,9,-122,-147,-60,-79,83,-53,-260,21,-62,233
8535,0,0,287,-173,-89,-119,-206,-40,-47,-31,-189,-35
8536,1,1,-183,235,-112,-163,77,-68,-214,-50,-53,-34
8537,9,9,-162,-62,-56,-102,107,-15,-272,-21,-83,212
8538,1,1,-178,253,-120,-156,52,-73,-223,-43,-58,-54
8539,5,5,48,-122,-272,-88,-192,230,-9,-33,-143,-44
8540,1,1,-170,253,-130,-176,72,-69,-200,-62,-61,-64
8541,7,7,-235,88,-8,-27,-99,-186,-438,307,-121,-1
8542,6,6,24,-47,-220,-170,-17,95,260,-255,-134,-265
8543,1,1,-182,261,-122,-176,71,-69,-212,-56,-63,-60
8544,2,2,72,-24,312,-79,-61,-226,-154,-12,-191,-220
8545,1,1,-193,263,-115,-146,60,-77,-220,-39,-65,-74
8546,6,6,10,-54,-213,-151,-12,58,291,-277,-100,-319
8547,8,8,-56,-183,-73,-114,-117,46,-14,-46,250,-47
8548,0,0,278,-149,-145,-149,-270,15,-29,30,-208,-68
8549,1,1,-96,259,-127,-233,58,-65,-125,-69,-82,-139
8550,2,2,-33,112,346,-46,-178,-271,-321,137,-224,-237
8551,3,3,-342,64,-171,430,-242,23,-411,86,-141,-29
8552,4,4,-142,-10,-94,-223,333,-96,-148,51,-167,-144
8553,5,5,60,-51,-233,-30,-218,132,-23,22,-142,-63
8554,6,6,15,-167,-344,-141,-26,113,287,-122,-143,-192
8555,7,7,-180,-45,-64,-31,-63,-145,-375,327,-127,57
8556,8,8,-113,-219,-116,139,-99,-68,-261,-49,245,143
8557,9,9,-167,-143,-40,-11,105,-82,-310,72,-51,212
8558,0,0,176,-120,-136,-114,-198,51,37,-53,-84,-64
8559,1,1,-55,277,-152,-306,88,-69,-75,-89,-114,-184
8560,2,2,-51,101,371,-55,-124,-297,-333,131,-176,-257
8561,3,3,-237,-74,-171,351,-134,15,-297,26,14,31
8562,4,4,-84,-4,-69,-263,277,-86,-160,80,-249,-144
8563,5,5,-48,-135,-247,7,-199,249,-52,-51,-109,53
8564,6,6,62,-120,-210,-214,-12,21,249,-162,-83,-161
8565,7,7,-178,63,51,14,-154,-198,-457,283,-120,-14
8566,8,8,-126,-176,-102,126,-119,-32,-207,-57,260,85
8567,0,0,181,-109,-75,-123,-133,-63,-18,-44,-81,-60
8568,1,1,-106,269,-124,-231,73,-76,-136,-60,-75,-124
8569,2,2,26,8,355,-77,-138,-223,-220,55,-144,-215
8570,3,3,-248,-66,-142,352,-205,-15,-408,47,-13,76
8571,5,5,-20,-56,-243,-41,-168,230,-53,-10,-184,16
8572,6,6,38,-104,-195,-162,-19,35,249,-157,-83,-213
8573,7,7,-162,-12,6,-45,-126,-163,-412,363,-208,1
8574,8,8,-80,-219,-90,108,-148,-25,-176,-78,276,101
8575,1,1,-143,238,-74,-212,64,-142,-226,34,-138,-67
8576,0,0,259,-159,-108,-141,-211,15,18,-53,-152,-94
8577,4,4,-141,82,-32,-242,264,-141,-232,71,-226,-118
8578,5,5,-56,0,-189,-28,-99,175,-56,19,-226,-22
8579,6,6,33,-115,-280,-179,15,50,240,-110,-158,-196
8580,6,6,30,-105,-205,-143,24,41,260,-187,-124,-225
8581,3,3,-256,21,-88,340,-193,-69,-336,51,5,-7
8582,4,4,-143,53,-32,-207,278,-136,-230,49,-150,-90
8583,4,4,-102,28,-38,-201,237,-82,-151,44,-187,-111
8584,2,2,3,-2,258,-9,-58,-206,-261,67,-199,-131
8585,8,8,-114,-173,-45,151,-180,-97,-240,-38,257,80
8586,1,1,-69,301,-139,-302,74,-122,-130,-39,-148,-183
8587,0,0,226,-124,-80,-129,-168,-33,14,-74,-100,-99
8588,6,6,8,-73,-253,-172,20,52,175,-59,-158,-154
8589,4,4,-136,32,-19,-187,273,-127,-202,64,-168,-118
8590,9,9,-114,-149,-67,-17,27,-64,-288,82,-35,185
8591,7,7,-165,45,26,0,-174,-127,-394,248,-103,0
8592,2,2,-25,63,313,-12,-170,-283,-321,121,-149,-179
8593,9,9,-68,-97,-86,-137,78,-51,-183,27,-82,166
8594,2,2,-90,54,257,39,-131,-202,-267,108,-127,-145
8595,0,0,242,-181,-143,-168,-225,31,49,-47,-101,-95
8596,9,9,-59,-130,-63,-56,53,-51,-177,27,-53,163
8597,3,3,-272,4,-50,317,-198,-107,-378,54,34,29
8598,3,3,-312,30,-92,316,-138,-36,-377,101,-85,-3
8599,9,9,-161,-151,-43,-10,72,-33,-261,38,-34,200
8600,1,1,-78,274,-118,-308,100,-119,-131,-47,-131,-149
8601,5,5,-106,-147,-281,43,-150,259,-86,31,-116,18
8602,2,2,-29,7,304,-17,-232,-188,-378,163,-116,-124
8603,3,3,-293,21,-128,375,-177,7,-332,87,-98,-44
8604,1,1,-73,248,-95,-261,52,-100,-134,-22,-119,-114
8605,6,6,67,-118,-213,-156,-29,25,260,-186,-85,-199
8606,7,7,-149,28,23,-25,-130,-174,-419,286,-131,14
8607,3,3,-215,-14,-97,216,-161,10,-339,87,-55,42
8608,7,7,-168,1,92,48,-190,-210,-479,299,-139,10
8609,8,8,-105,-172,-22,38,-146,-34,-165,-27,226,81
8610,4,4,-193,91,-100,-202,267,-143,-231,153,-198,-194
8611,0,0,176,-37,-147,-179,-204,20,-28,2,-105,-136
8612,2,2,-38,73,358,-32,-143,-247,-236,84,-151,-271
8613,4,4,-172,35,-28,-138,217,-120,-250,88,-119,-34
8614,0,0,233,-68,-46,-199,-199,-68,-19,-39,-134,-151
8615,2,2,-85,41,298,46,-201,-215,-341,135,-100,-146
8616,4,4,-97,36,-38,-200,241,-73,-138,24,-192,-122
8617,7,7,-97,19,21,-50,-50,-188,-332,258,-139,3
8618,8,8,-65,-155,-37,27,-142,-98,-139,-90,280,71
8619,0,0,225,-128,-97,-158,-188,-24,15,-40,-119,-90
8620,7,7,-132,10,-52,-122,-3,-135,-297,289,-133,9
8621,0,0,192,-79,-51,-127,-125,-64,-30,-40,-111,-94
8622,6,6,49,-134,-265,-163,11,54,289,-210,-80,-199
8623,9,9,-107,-59,-64,-80,34,-44,-217,97,-72,120
8624,3,3,-170,-21,-166,280,-173,74,-249,2,-63,0
8625,2,2,-21,-54,303,1,-120,-234,-188,-30,-9,-133
8626,4,4,-115,65,-17,-232,293,-136,-173,51,-197,-217
8627,8,8,-154,-90,23,152,-197,-120,-255,23,176,28
8628,6,6,60,-119,-228,-216,47,43,245,-202,-120,-158
8629,0,0,208,-63,-12,-211,-92,-88,28,-92,-125,-142
8630,5,5,-164,-5,-170,18,-197,283,-135,-28,-147,10
8631,7,7,-117,-15,51,18,-167,-156,-415,264,-165,20
8632,5,5,-106,9,-177,17,-111,189,-119,16,-227,27
8633,1,1,-82,266,-105,-276,43,-116,-185,-16,-106,-94
8634,0,0,224,-86,-89,-164,-230,4,-2,-27,-126,-153
8635,8,8,-139,-145,-46,167,-172,-89,-206,-49,258,63
8636,1,1,-84,272,-118,-277,74,-74,-131,-63,-107,-140
8637,6,6,-17,-125,-293,-173,63,23,182,18,-233,-208
8638,7,7,-156,14,-24,-54,-15,-199,-382,300,-144,31
8639,2,2,38,-30,313,-34,-155,-267,-317,127,-155,-153
8640,9,9,-94,-85,-103,-48,4,15,-182,33,-65,147
8641,7,7,-188,27,21,22,-124,-171,-441,288,-142,17
8642,9,9,-140,-166,-55,11,49,-109,-325,102,-30,212
8643,5,5,-113,-79,-249,-35,-176,284,-92,35,-173,9
8644,6,6,45,-124,-240,-148,-31,60,270,-198,-82,-172
8645,5,5,-90,12,-175,-33,-118,181,-86,58,-186,-26
8646,2,2,14,26,294,-58,-96,-235,-287,124,-195,-185
8647,6,6,-1,-95,-218,-65,-10,72,218,-169,-89,-190
8648,2,2,-3,24,308,-6,-167,-227,-336,123,-182,-154
8649,8,8,-113,-189,-94,146,-149,-33,-182,-83,249,86
8650,1,1,-86,286,-104,-257,67,-156,-155,5,-118,-167
8651,7,7,-133,2,-18,-51,-16,-189,-342,283,-138,29
8652,5,5,-128,-48,-254,17,-153,281,-56,6,-184,-16
8653,5,5,-53,42,-170,60,-189,146,-94,24,-161,-51
8654,7,7,-144,24,26,0,-129,-143,-375,253,-152,11
8655,3,3,-178,-10,-112,313,-168,-5,-303,50,-102,-10
8656,5,5,-76,3,-211,8,-169,202,-120,45,-209,9
8657,0,0,212,-98,-93,-160,-216,18,-65,34,-155,-77
8658,1,1,-67,290,-140,-274,68,-102,-109,-58,-121,-185
8659,1,1,-88,288,-113,-283,92,-125,-142,-38,-133,-161
8660,3,3,-306,5,-140,387,-204,-61,-433,43,-41,69
8661,8,8,-115,-134,-35,131,-130,-94,-207,-12,216,55
8662,4,4,-112,26,-15,-169,270,-115,-162,20,-122,-134
8663,9,9,-121,-127,-103,0,29,-64,-233,37,22,200
8664,4,4,-108,40,-40,-217,261,-145,-197,104,-208,-173
8665,5,5,-54,-28,-272,-36,-104,190,-36,29,-227,5
8666,1,1,-108,247,-105,-246,82,-134,-179,-7,-122,-85
8667,8,8,-48,-200,-161,9,-161,62,-33,-170,230,64
8668,6,6,31,-194,-234,-93,-50,45,267,-148,-52,-122
8669,8,8,-20,-209,-21,73,-122,-84,-129,-35,224,67
8670,9,9,-122,-187,-80,-40,-38,-21,-266,97,-29,200
8671,0,0,250,-191,-51,-131,-129,-85,-53,-74,-156,-10
8672,1,1,-57,329,-109,-403,123,-179,-129,-52,-163,-240
8673,2,2,11,99,390,-96,-189,-253,-213,23,-161,-314
8674,3,3,-165,-8,-31,327,-245,-45,-330,80,-155,-79
8675,4,4,-171,40,-98,-286,388,-109,-167,26,-193,-180
8676,5,5,-163,-152,-279,-45,-179,386,9,-160,-26,3
8677,6,6,-4,-149,-236,-165,18,79,344,-241,-170,-277
8678,7,7,-81,-10,-82,-104,10,-157,-289,258,-98,5
8679,8,8,-70,-136,-236,11,-95,68,-143,-73,189,69
8680,9,9,-143,-140,-132,-50,84,-35,-269,30,-32,234
8681,0,0,204,-221,-61,-131,-32,-203,-72,-52,-117,17
8682,1,1,-98,300,-112,-256,57,-170,-189,15,-146,-163
8683,2,2,-21,125,421,-114,-182,-290,-236,38,-122,-333
8684,3,3,-277,17,15,346,-177,-124,-397,93,-26,-58
8685,4,4,-153,56,-173,-303,358,-87,-135,37,-191,-192
8686,5,5,-279,-78,-305,76,-144,383,-71,-131,-79,5
8687,6,6,17,-173,-201,-167,-1,68,335,-243,-161,-254
8688,7,7,-167,29,63,17,-117,-229,-481,318,-173,-6
8689,8,8,-57,-255,-156,58,-169,3,-65,-112,326,42
8690,9,9,-122,-133,-74,-21,46,-64,-270,66,-25,182
8691,0,0,231,-247,-106,-108,-152,-114,-108,26,-78,5
8692,1,1,-96,322,-135,-287,68,-153,-145,-26,-137,-208
8693,2,2,46,74,317,-141,-21,-292,-227,56,-201,-286
8694,3,3,-121,-8,17,265,-258,-119,-397,40,-97,4
8695,4,4,-174,62,-135,-314,393,-124,-203,43,-199,-143
8696,5,5,-141,-107,-348,-38,-127,333,-41,-27,-25,-22
8697,6,6,11,-211,-229,-197,-7,97,399,-281,-101,-238
8698,7,7,-78,-23,-121,-150,31,-129,-271,281,-119,-19
8699,8,8,-121,-120,-162,67,-81,20,-140,-68,261,-6
8700,9,9,-116,-100,-105,-59,68,-46,-253,33,-74,201
8701,3,3,-361,0,-93,421,-237,1,-421,146,-153,-70
8702,5,5,-193,-94,-267,15,-189,355,-23,-155,1,-23
8703,3,3,-124,-27,35,333,-235,-144,-362,90,-121,-83
8704,2,2,-6,98,419,-104,-203,-315,-318,132,-204,-287
8705,9,9,-128,-104,-93,-73,125,-78,-259,69,-35,167
8706,3,3,-273,41,17,375,-245,-120,-400,130,-115,-100
8707,2,2,5,102,363,-108,-44,-281,-228,52,-200,-334
8708,1,1,-86,330,-97,-324,89,-183,-154,-23,-154,-228
8709,4,4,-176,55,-143,-310,336,-79,-143,63,-176,-179
8710,5,5,-221,-121,-266,27,-151,364,-16,-131,-50,-14
8711,5,5,-211,-36,-249,60,-216,358,-112,-136,-53,13
8712,2,2,-94,170,416,12,-248,-337,-405,115,-178,-297
8713,3,3,-302,47,-42,332,-182,-51,-420,162,-255,-69
8714,2,2,-74,121,420,-58,-190,-314,-281,66,-69,-315
8715,1,1,-33,306,-127,-369,86,-104,-79,-102,-147,-234
8716,3,3,-267,-14,-27,382,-235,-55,-446,149,-196,-80
8717,9,9,-148,-168,-125,-42,76,-27,-232,68,-32,203
8718,7,7,-181,75,3,17,-100,-281,-483,351,-125,-32
8719,2,2,-31,97,370,-63,-148,-281,-231,58,-118,-278
8720,1,1,-101,323,-149,-311,87,-132,-116,-42,-132,-222
8721,2,2,-57,116,439,-65,-179,-320,-309,141,-199,-353
8722,8,8,-90,-146,-158,60,-198,81,-108,-74,221,24
8723,9,9,-128,-137,-98,-19,59,-91,-284,46,35,217
8724,1,1,-86,303,-97,-303,90,-164,-155,-7,-146,-183
8725,8,8,-169,-168,-26,187,-222,-64,-223,-56,283,49
8726,8,8,-97,-176,-53,96,-135,-14,-113,-73,247,38
8727,7,7,-135,49,-39,-94,-17,-139,-323,242,-118,26
8728,8,8,-70,-185,-106,33,-143,36,-107,-39,255,41
8729,1,1,-80,343,-108,-350,60,-170,-122,-55,-122,-256
8730,0,0,216,-143,-35,-139,-70,-143,-138,-33,-184,-22
8731,0,0,199,-67,-32,-205,-72,-147,-168,36,-244,-66
8732,6,6,29,-174,-155,-185,-24,57,296,-174,-168,-211
8733,7,7,-141,16,-8,-40,-33,-199,-383,284,-120,33
8734,7,7,-233,42,43,14,-128,-236,-498,393,-210,-29
8735,8,8,-109,-214,-132,109,-77,-69,-266,5,216,154
8736,7,7,-40,16,-74,-154,22,-148,-276,193,-129,-8
8737,5,5,-168,-84,-301,-10,-173,364,-3,-138,-59,-31
8738,0,0,197,-112,-46,-195,26,-96,-21,-106,-302,-81
8739,6,6,15,-184,-284,-64,-85,58,314,-238,-52,-163
8740,1,1,-53,299,-114,-321,72,-114,-111,-53,-144,-194
8741,5,5,-182,-67,-285,57,-183,338,-46,-109,-99,-17
8742,7,7,-91,30,-4,-64,-35,-195,-352,241,-98,13
8743,4,4,-172,39,-133,-291,430,-157,-198,25,-161,-204
8744,6,6,135,-211,-171,-233,-70,75,309,-260,-131,-221
8745,1,1,-68,325,-121,-391,116,-141,-101,-63,-153,-248
8746,2,2,4,64,361,-78,-89,-266,-215,39,-170,-299
8747,5,5,-183,-125,-249,-18,-153,356,-15,-148,-71,42
8748,0,0,255,-68,-19,-235,-47,-203,-95,-36,-232,-165
8749,7,7,-90,7,-56,-92,-24,-147,-308,236,-86,42
8750,9,9,-168,-163,-104,-41,111,-71,-334,57,-11,246
8751,9,9,-115,-204,-118,6,32,-69,-303,33,18,247
8752,0,0,275,-88,-39,-241,-130,-123,-52,-78,-208,-166
8753,3,3,-149,-71,-18,347,-240,-77,-380,93,-121,-54
8754,4,4,-160,31,-112,-266,365,-135,-208,61,-181,-156
8755,4,4,-185,58,-121,-272,310,-86,-168,111,-207,-189
8756,8,8,-80,-75,-21,32,-47,-122,-211,-4,160,75
8757,4,4,-160,49,-129,-261,343,-124,-197,84,-135,-170
8758,1,1,-88,343,-127,-363,109,-168,-129,-42,-144,-254
8759,8,8,-66,-87,57,37,-173,-89,-145,7,173,2
8760,6,6,-39,-174,-267,-85,-42,86,339,-215,-78,-228
8761,5,5,-143,-134,-370,-53,-156,389,-2,-119,-45,8
8762,9,9,-108,-168,-155,-23,47,-72,-292,17,-13,247
8763,0,0,229,-145,-43,-168,-115,-137,-104,-13,-178,-56
8764,0,0,229,-173,-18,-192,-13,-204,-96,-47,-214,-35
8765,0,0,183,-192,-68,-159,-70,-159,-151,50,-110,19
8766,3,3,-244,-21,-21,370,-183,-23,-336,95,-213,-92
8767,7,7,-126,-28,-111,-119,7,-102,-291,312,-153,21
8768,1,1,-70,332,-71,-398,112,-212,-151,-23,-153,-250
8769,6,6,39,-157,-190,-198,-7,60,305,-196,-199,-243
8770,4,4,-149,21,-116,-251,317,-78,-143,30,-140,-119
8771,6,6,54,-234,-222,-141,-12,81,361,-285,-129,-220
8772,0,0,222,-72,-25,-218,-8,-202,-133,-17,-277,-115
8773,4,4,-135,92,-159,-265,301,-93,-119,82,-159,-297
8774,5,5,-164,-150,-258,-7,-141,347,-6,-99,-100,14
8775,4,4,-189,72,-180,-251,370,-127,-192,35,-149,-185
8776,1,1,-98,326,-81,-269,58,-199,-181,-1,-149,-220
8777,3,3,-358,39,-67,407,-227,-97,-510,129,-163,7
8778,8,8,-102,-127,44,118,-203,-125,-219,38,206,18
8779,6,6,-14,-164,-284,-167,1,118,351,-245,-160,-219
8780,3,3,-294,36,-147,384,-250,-46,-439,84,-139,24
8781,9,9,-117,-189,-66,-16,45,-101,-273,56,38,207
8782,9,9,-134,-179,-67,0,-3,-83,-335,92,49,202
8783,5,5,-148,-136,-263,-63,-144,344,29,-126,2,-13
8784,9,9,-167,-151,-136,-36,71,-36,-331,21,-17,265
8785,3,3,-104,-72,19,243,-143,-9,-238,34,-196,-96
8786,7,7,-175,-38,-57,-41,-39,-170,-366,347,-152,38
8787,8,8,-72,-180,-78,102,-104,-84,-199,-53,229,112
8788,5,5,-161,-58,-224,34,-191,323,-106,-108,-99,42
8789,6,6,-10,-176,-257,-98,-9,81,348,-251,-104,-237
8790,4,4,-157,25,-132,-274,388,-96,-130,5,-195,-207
8791,7,7,-190,2,15,38,-127,-189,-482,316,-167,25
8792,6,6,-4,-206,-190,-118,-10,66,352,-244,-81,-235
8793,2,2,-6,58,435,-65,-241,-240,-255,77,-208,-338
8794,2,2,-52,131,459,-96,-250,-299,-303,98,-166,-334
8795,0,0,226,-67,-9,-221,-74,-175,-117,-7,-249,-102
8796,9,9,-131,-131,-79,-48,52,-71,-293,96,-22,186
8797,4,4,-146,23,-88,-203,322,-98,-142,66,-160,-223
8798,0,0,246,-176,-50,-124,-144,-125,-137,29,-197,17
8799,1,1,-99,332,-128,-305,69,-145,-130,-31,-129,-226
8800,2,2,-36,90,385,-34,-133,-289,-261,45,-142,-299
8801,3,3,-384,16,-156,452,-207,12,-409,73,-82,-17
8802,4,4,-31,-86,-51,-207,296,-180,-93,16,-159,-180
8803,5,5,-122,-111,-228,-52,-173,319,-15,-91,-26,-11
8804,6,6,28,-116,-158,-160,43,14,262,-210,-167,-226
8805,7,7,-145,56,19,7,-116,-207,-427,274,-144,-12
8806,8,1,-163,104,-315,-276,72,-21,-99,-84,95,-61
8807,9,9,-87,-160,-192,-55,-12,85,-123,25,-91,148
8808,0,0,177,-45,-51,-218,-71,-175,-99,43,-177,-104
8809,1,1,-131,330,-127,-347,105,-199,-159,-12,-107,-218
8810,2,2,-61,80,323,67,-209,-323,-303,85,-99,-212
8811,3,3,-382,29,-174,436,-191,31,-363,68,-111,-29
8812,4,4,-128,8,-149,-214,286,-88,-123,63,-155,-172
8813,5,5,-182,-114,-291,20,-195,383,-63,-99,-58,12
8814,6,6,22,-138,-198,-138,36,56,284,-241,-166,-216
8815,7,7,-160,-21,33,39,-135,-181,-475,300,-164,16
8816,8,1,-104,179,-144,-256,52,-129,-150,-66,72,-104
8817,9,9,-95,-183,-162,-56,13,30,-167,31,-66,194
8818,0,0,227,-110,47,-220,-47,-263,-168,28,-185,-68
8819,1,1,-151,352,-124,-345,97,-196,-179,-2,-108,-219
8820,2,2,-87,35,352,16,-188,-240,-266,62,-41,-215
8821,3,3,-369,53,-132,428,-209,11,-397,143,-211,-87
8822,4,4,-108,-80,-143,-198,275,-166,-91,1,-34,-127
8823,5,5,-63,-100,-191,-40,-84,198,-45,-34,-26,29
8824,6,6,-19,-162,-232,-133,70,73,326,-242,-163,-265
8825,7,7,-147,60,19,3,-88,-240,-453,292,-160,-10
8826,8,8,-13,-225,-110,-97,-84,-99,-41,-141,287,46
8827,9,9,-100,-180,-132,-31,22,12,-187,30,-61,193
8828,6,6,-14,-201,-261,-98,-2,113,347,-257,-104,-217
8829,4,4,-165,76,-119,-272,327,-116,-208,46,-173,-136
8830,2,2,-43,11,339,-72,-84,-235,-125,-70,9,-289
8831,6,6,16,-194,-257,-103,-15,98,333,-243,-121,-203
8832,4,4,-125,64,-209,-293,287,-39,-87,49,-236,-241
8833,7,7,-95,12,-83,-153,67,-180,-317,267,-150,1
8834,5,5,-110,-144,-265,-66,-166,339,0,-110,-25,6
8835,5,5,-106,-124,-209,-72,-158,300,38,-134,-52,7
8836,4,4,-97,34,-127,-264,292,-69,-86,55,-207,-251
8837,7,7,-111,-3,12,-14,-57,-218,-417,271,-119,36
8838,2,2,-102,106,387,18,-161,-265,-265,47,-94,-308
8839,9,9,-164,-120,-96,-48,69,-61,-346,68,-38,229
8840,3,3,-422,46,-101,458,-241,-49,-490,128,-71,-46
8841,9,9,-91,-227,-161,23,10,-18,-241,26,-7,234
8842,3,3,-369,24,-196,426,-223,79,-380,68,-117,-23
8843,8,8,-59,-90,-186,-212,-31,-16,-90,-76,175,19
8844,2,2,4,-10,308,-2,-123,-252,-214,56,-123,-224
8845,0,0,244,-43,-1,-244,-114,-180,-151,17,-230,-138
8846,9,9,-138,-19,-110,-147,139,-103,-289,63,-90,155
8847,5,5,25,-159,-136,-121,-61,157,-3,-40,-198,21
8848,6,6,-7,-152,-219,-194,57,56,310,-222,-152,-189
8849,0,0,229,-142,-59,-174,-107,-100,-73,-23,-199,-72
8850,1,1,-57,301,-119,-365,116,-119,-110,-70,-150,-198
8851,0,0,211,-149,-44,-188,-32,-209,-142,-6,-169,-32
8852,6,6,-8,-194,-248,-116,28,84,369,-277,-152,-262
8853,5,5,-92,-169,-317,-94,-145,327,33,-90,45,-24
8854,3,3,-394,58,-168,425,-205,35,-403,91,-108,-34
8855,5,5,-142,-140,-233,-61,-143,337,-19,-116,-26,36
8856,3,3,-377,84,-120,438,-265,13,-421,105,-116,-86
8857,8,8,-88,-40,-107,-191,-63,-79,-72,-118,242,-11
8858,0,0,224,-65,25,-242,-28,-229,-167,9,-261,-105
8859,0,0,211,-155,26,-226,32,-157,-85,-39,-307,-60
8860,3,3,-363,78,-130,420,-197,-16,-378,90,-107,-67
8861,4,4,-120,22,-127,-255,331,-117,-168,32,-191,-146
8862,1,1,-91,342,-71,-376,108,-217,-186,-13,-157,-213
8863,5,5,-138,-91,-216,-78,-192,339,-6,-138,-28,16
8864,3,3,-273,58,-76,369,-219,-43,-380,114,-192,-75
8865,0,0,182,-220,-86,-147,-85,-104,-118,33,-122,29
8866,8,8,-140,62,-189,-177,73,-129,-219,-79,143,55
8867,3,3,-188,4,-59,308,-123,7,-237,37,-152,-100
8868,0,0,252,-235,-79,-138,-74,-54,-38,-72,-199,39
8869,6,6,58,-212,-268,-139,-5,83,318,-223,-134,-173
8870,2,2,-74,25,306,8,-113,-217,-177,-10,-28,-207
8871,7,7,-135,-48,30,12,-101,-233,-469,334,-155,39
8872,8,8,-115,13,-108,-124,11,-156,-203,-68,186,37
8873,1,1,-86,326,-71,-365,117,-213,-167,-14,-142,-222
8874,7,7,-200,31,35,36,-121,-215,-487,323,-185,5
8875,1,1,-78,341,-89,-415,119,-208,-152,-34,-142,-246
8876,3,3,-276,-27,-162,345,-156,39,-328,53,-125,4
8877,8,8,-131,19,-235,-113,56,-82,-166,-111,172,42
8878,5,5,-128,-117,-210,-37,-98,262,-85,17,-155,36
8879,4,4,-177,69,-164,-281,381,-136,-205,35,-184,-162
8880,2,2,-62,38,332,6,-130,-241,-217,4,-51,-214
8881,0,0,189,-60,-29,-285,-36,-230,-194,50,-177,-85
8882,9,9,-180,-56,-142,-127,152,-61,-255,-10,-50,212
8883,7,7,-186,-36,-138,-24,-38,-79,-332,316,-110,25
8884,6,6,31,-216,-221,-121,-32,70,338,-240,-88,-181
8885,7,7,-143,-10,73,66,-208,-248,-511,277,-88,9
8886,4,4,-91,22,-151,-250,297,-179,-184,55,-156,-131
8887,1,1,-125,348,-78,-345,91,-221,-195,9,-130,-224
8888,6,6,-2,-184,-170,-134,41,60,333,-268,-156,-278
8889,2,2,97,-88,179,-90,-9,-187,-131,-25,-93,-97
8890,6,6,44,-192,-194,-167,48,55,329,-269,-175,-221
8891,7,7,-151,29,55,7,-113,-273,-499,365,-174,-37
8892,1,1,-88,314,-26,-303,81,-256,-238,47,-188,-199
8893,9,9,-102,-260,-152,34,34,-60,-255,23,25,258
8894,8,8,-49,-102,-196,-97,-39,-72,-139,-107,212,86
8895,0,0,224,-65,-25,-268,-88,-222,-163,37,-204,-106
8896,6,6,20,-173,-158,-177,52,19,303,-220,-167,-238
8897,9,9,-70,-266,-139,2,46,-121,-231,41,77,219
8898,4,4,-149,88,-196,-279,320,-117,-159,44,-138,-194
8899,9,9,-74,-162,-153,-23,42,-66,-217,44,-9,186
8900,9,9,-86,-175,-133,-32,35,-56,-186,8,29,210
8901,6,6,64,-189,-223,-113,-8,78,297,-252,-156,-216
8902,2,2,-70,70,326,-4,-152,-227,-294,52,-79,-182
8903,3,3,-363,58,-146,452,-234,-10,-406,106,-168,-62
8904,7,7,-72,-75,-88,-111,37,-142,-337,269,-187,70
8905,1,1,-109,326,-84,-315,73,-212,-209,28,-158,-182
8906,9,9,-34,-171,-178,-106,20,-55,-136,35,-13,145
8907,2,2,2,73,393,-49,-169,-317,-333,119,-208,-282
8908,2,2,23,-24,225,-70,-5,-209,-70,-96,-45,-205
8909,5,5,-152,-156,-274,5,-136,338,-36,-100,-40,34
8910,3,3,-342,32,-89,372,-162,-42,-411,128,-169,-29
8911,7,7,-137,-12,31,34,-148,-261,-502,330,-125,10
8912,8,1,-96,158,-139,-133,-36,-151,-193,-29,77,-95
8913,0,0,238,-65,-103,-228,-156,-20,37,-87,-207,-189
8914,1,1,-102,330,-99,-338,79,-167,-140,-28,-120,-216
8915,2,2,-40,90,352,-6,-121,-301,-268,77,-168,-283
8916,3,3,-342,34,-55,403,-201,-112,-479,120,-108,-8
8917,4,4,-129,44,-92,-230,320,-175,-219,65,-153,-134
8918,7,7,-120,-12,-175,-146,41,-60,-219,247,-123,-5
8919,8,8,-111,-164,-54,112,-109,-101,-214,-33,246,74
8920,9,9,-81,-223,-70,24,44,-118,-292,65,-12,226
8921,0,0,215,-70,-6,-236,-51,-183,-95,-16,-224,-105
8922,1,1,-135,373,-126,-371,103,-200,-156,-33,-97,-256
8923,2,2,-7,-14,278,-19,-54,-195,-179,-29,-82,-159
8924,3,3,-161,-14,18,308,-272,-114,-404,71,-92,-13
8925,4,4,-93,97,-92,-363,385,-200,-176,48,-190,-309
8926,7,7,-111,-73,-193,-114,25,-102,-287,300,-55,27
8927,8,8,-49,-190,-38,37,-110,-113,-164,-65,247,91
8928,9,9,-46,-204,-108,-50,-36,-9,-223,88,-60,171
8929,0,0,184,-69,-138,-245,-131,-70,-112,89,-181,-126
8930,1,1,-154,371,-149,-355,102,-191,-167,-17,-105,-236
8931,7,7,-50,-58,-203,-150,16,-92,-239,256,-152,-15
8932,8,8,-58,-174,-13,33,-91,-158,-210,-4,214,80
8933,9,9,-64,-248,-76,26,4,-101,-251,38,38,215
8934,8,8,-86,-150,-107,28,-61,-95,-198,-56,228,120
8935,9,9,-74,-222,-120,8,43,-51,-214,4,-26,234
8936,2,2,-46,116,344,-55,-135,-255,-244,59,-120,-266
8937,6,6,-24,-125,-187,-119,20,57,298,-220,-110,-244
8938,1,1,-127,332,-123,-344,82,-170,-146,-20,-99,-208
8939,3,3,-251,-5,-20,348,-215,-115,-431,107,-102,-9
8940,5,5,-132,-134,-244,-25,-123,304,-3,-44,-104,-18
8941,4,4,-113,-2,-35,-197,332,-189,-161,22,-158,-170
8942,8,9,-70,-148,-66,68,-26,-168,-253,23,111,120
8943,2,2,-79,148,329,11,-186,-263,-331,98,-169,-255
8944,6,6,22,-158,-129,-176,-39,65,319,-298,5,-267
8945,4,4,-135,54,-93,-216,311,-162,-195,66,-147,-184
8946,3,3,-290,20,-123,369,-194,9,-362,96,-180,-39
8947,4,4,-120,15,-122,-238,321,-160,-164,47,-117,-168
8948,5,5,-105,-36,-237,-26,-60,193,-17,-8,-74,-36
8949,9,9,-75,-248,-161,4,12,-31,-234,31,11,232
8950,2,2,-85,120,288,9,-123,-246,-267,101,-126,-261
8951,0,0,264,-67,-66,-232,-111,-80,-31,-79,-214,-171
8952,3,3,-264,-8,-119,226,-118,2,-321,-12,-29,111
8953,9,9,-71,-245,-99,2,41,-88,-201,-7,43,233
8954,4,4,-97,4,-110,-208,281,-143,-125,43,-150,-158
8955,9,9,-77,-216,-160,-6,33,-22,-196,27,-19,212
8956,7,7,-122,89,-62,-79,1,-183,-329,156,-76,21
8957,3,3,-345,20,-172,412,-172,22,-349,131,-205,-98
8958,8,8,-123,-134,-125,69,-62,-60,-254,-53,210,130
8959,7,7,-104,-53,-151,-110,26,-129,-303,272,-93,60
8960,4,4,-105,-14,-100,-236,329,-133,-145,27,-144,-157
8961,4,4,-89,11,-94,-188,275,-162,-132,6,-89,-140
8962,9,9,-161,-216,-126,30,73,-73,-328,23,-11,277
8963,8,8,-77,-162,-25,43,-65,-137,-217,14,139,124
8964,5,5,-127,-109,-206,-15,-101,256,-79,-37,-115,64
8965,8,8,-139,-125,-3,3,-54,-141,-225,33,225,55
8966,2,2,-133,103,320,48,-167,-242,-275,101,-70,-269
8967,6,6,18,-115,-220,-175,-19,90,306,-250,-60,-274
8968,6,6,-1,-192,-196,-133,-14,80,356,-271,-59,-261
8969,2,2,-4,64,305,-37,-73,-221,-176,10,-158,-259
8970,3,3,-323,-27,-39,381,-214,-91,-488,130,-33,-1
8971,1,1,-149,358,-116,-337,83,-190,-178,-2,-104,-218
8972,3,3,-375,7,-66,407,-206,-36,-472,147,-126,-42
8973,2,2,-66,77,331,-21,-156,-226,-227,29,-68,-229
8974,7,7,-82,-77,-186,-108,-27,-44,-232,307,-172,-2
8975,3,3,-48,-122,-54,209,-134,-21,-249,-13,-18,48
8976,1,1,-151,351,-174,-334,93,-154,-135,-36,-92,-228
8977,9,9,-99,-230,-80,8,71,-128,-310,61,-11,237
8978,0,0,222,-199,-47,-196,-91,-103,-52,-21,-174,-10
8979,1,1,-170,387,-143,-374,109,-188,-173,-23,-92,-257
8980,1,1,-127,369,-48,-355,103,-243,-218,-1,-112,-258
8981,3,3,-129,-59,-2,243,-165,-60,-305,81,-83,-10
8982,5,5,-107,-53,-178,42,-100,181,-33,-3,-95,-49
8983,0,0,192,-144,-16,-167,0,-121,-32,-58,-188,-46
8984,7,7,-88,-66,-141,-90,42,-85,-193,178,-20,41
8985,8,8,-128,-155,-38,82,-108,-113,-245,-13,242,97
8986,1,1,-124,326,-109,-341,97,-192,-160,-10,-102,-219
8987,5,5,-99,-153,-234,12,-130,283,-3,-62,-82,0
8988,1,1,-146,368,-134,-348,102,-201,-170,-16,-104,-235
8989,4,4,-154,70,-95,-234,372,-196,-195,39,-146,-245
8990,6,6,-19,-204,-240,-59,-13,85,317,-259,-57,-198
8991,0,0,241,-134,-47,-152,-154,-78,-30,-47,-157,-54
8992,0,0,252,-147,-22,-216,-131,-91,60,-103,-143,-125
8993,4,4,-99,59,-106,-261,289,-139,-164,47,-154,-157
8994,9,9,-66,-214,-123,1,62,-78,-207,36,-19,198
8995,1,1,-137,354,-107,-356,101,-203,-176,10,-137,-250
8996,6,6,21,-218,-198,-88,-6,62,327,-278,-57,-221
8997,6,6,-13,-190,-214,-57,4,72,298,-232,-80,-199
8998,9,9,-78,-186,-132,-38,74,-84,-206,74,-15,176
8999,0,0,204,-115,-50,-237,-14,-97,-22,-47,-214,-95
9000,7,7,-104,-71,-152,-54,6,-90,-281,234,-51,77
9001,6,6,-16,-133,-165,-76,-40,58,269,-236,-55,-197
9002,1,1,-148,373,-81,-337,94,-219,-198,-3,-97,-246
9003,1,1,-152,375,-69,-340,100,-239,-213,4,-98,-258
9004,0,0,222,-95,56,-230,-81,-274,-155,36,-141,-139
9005,1,1,-124,362,-120,-405,95,-208,-178,-38,-88,-248
9006,2,2,-54,27,313,157,-362,-368,-383,103,-23,-178
9007,3,3,-393,11,-68,413,-322,-33,-492,108,33,-22
9008,4,4,-21,34,-124,-283,270,-223,-113,4,-155,-166
9009,7,2,-100,100,220,3,-115,-279,-314,202,-112,-200
9010,2,2,-157,29,309,220,-423,-350,-401,139,48,-197
9011,3,3,-314,-58,-145,366,-226,102,-322,37,8,-27
9012,4,4,-36,-48,-92,-155,149,-125,-67,-37,-40,-56
9013,5,5,-62,-25,-176,-60,-70,146,11,30,-105,-111
9014,6,6,85,-226,-72,-180,5,54,237,-184,-121,-191
9015,7,7,-115,123,156,-6,-41,-225,-275,211,-161,-205
9016,0,0,180,-166,43,-95,-11,-166,-16,-89,-91,-76
9017,1,1,-167,347,-60,-327,96,-219,-214,2,-62,-255
9018,2,2,-101,70,299,100,-236,-231,-295,100,-96,-223
9019,7,7,-174,93,138,56,-100,-226,-359,274,-132,-159
9020,8,8,-62,-220,-167,39,-84,41,-110,-100,202,122
9021,6,6,4,-199,-49,-157,1,1,322,-244,-84,-308
9022,3,3,-338,64,32,339,-215,3,-268,138,-81,-240
9023,9,9,6,-240,-69,-32,50,-39,-143,-4,-97,143
9024,7,7,-144,63,187,64,-156,-260,-374,265,-120,-144
9025,1,1,-103,305,-163,-363,76,-129,-91,-46,-81,-229
9026,9,9,18,-248,-121,-76,61,-39,-76,-30,-67,145
9027,3,3,-302,-17,-104,312,-199,11,-395,89,-23,3
9028,9,9,-109,-197,-151,21,30,37,-209,28,-84,192
9029,6,6,54,-206,-126,-203,42,74,329,-274,-161,-303
9030,1,1,-116,342,-101,-345,92,-216,-179,3,-123,-217
9031,7,7,-151,70,135,7,-74,-236,-384,306,-194,-119
9032,2,2,-83,-31,346,166,-398,-333,-327,119,21,-214
9033,4,4,-141,21,-162,-223,300,-138,-158,30,-65,-143
9034,4,4,-123,33,-141,-252,307,-99,-143,32,-142,-147
9035,5,5,-129,-16,-320,-66,-23,169,-18,54,-63,-80
9036,7,7,-182,50,87,92,-167,-159,-369,229,-86,-72
9037,0,0,221,-170,1,-224,12,-141,-33,-73,-212,-52
9038,0,0,199,-163,-19,-201,1,-62,34,-78,-209,-106
9039,1,1,-106,356,-105,-398,87,-209,-174,-19,-115,-240
9040,6,6,19,-184,-141,-194,33,101,314,-266,-134,-251
9041,6,6,27,-238,-204,-64,34,96,288,-259,-141,-208
9042,8,8,-50,-163,-12,20,-120,-107,-133,-45,231,57
9043,2,2,-139,40,274,171,-423,-275,-396,122,30,-182
9044,7,7,-160,87,234,3,-114,-272,-369,307,-174,-211
9045,7,7,-180,6,129,60,-104,-191,-441,301,-193,-48
9046,2,2,-119,-4,322,151,-416,-306,-346,149,43,-208
9047,4,4,-153,-39,-246,-247,265,-34,-43,39,-114,-175
9048,2,2,-58,86,431,-9,-242,-351,-253,69,-107,-303
9049,1,1,-121,367,-83,-371,89,-222,-188,-21,-107,-243
9050,6,6,-35,-131,-173,-123,64,101,266,-221,-137,-251
9051,1,1,-32,232,-95,-325,82,-175,-127,-41,-140,-185
9052,0,0,235,-194,-104,-116,-108,-63,-2,-54,-122,-88
9053,6,6,-2,-198,-197,-144,-9,84,368,-294,-92,-272
9054,9,7,-105,-62,-42,-84,15,-31,-251,134,-140,105
9055,8,8,-156,-141,-32,-74,-92,-13,-200,-26,302,78
9056,3,3,-382,10,-166,465,-228,81,-335,64,-79,-94
9057,9,9,-115,-223,-134,53,-27,37,-243,12,-45,207
9058,6,6,31,-175,-159,-201,45,42,330,-277,-132,-272
9059,3,3,-340,-12,-211,461,-291,114,-328,49,-86,-61
9060,0,0,287,-171,-85,-151,-203,-81,-131,71,-215,-36
9061,1,1,-85,260,-116,-197,17,-64,-139,-86,-58,-162
9062,2,2,49,-77,222,-1,-223,-249,-155,19,7,-91
9063,3,3,-234,18,-39,356,-342,-77,-414,53,-60,0
9064,4,4,-185,-4,-149,-346,412,-110,-164,115,-241,-231
9065,5,5,-138,-149,-287,-32,-184,372,-38,-94,-113,44
9066,6,6,91,-248,-237,-177,-63,75,349,-237,-92,-212
9067,7,7,-150,3,-165,-205,0,-115,-266,386,-180,-72
9068,8,8,-68,-230,-42,107,-182,-84,-193,-48,295,94
9069,9,9,-108,-56,-75,-119,57,-55,-238,84,-47,133
9070,0,0,211,-222,-126,-118,-81,-63,-97,17,-217,58
9071,1,1,-85,209,-140,-193,37,-57,-165,-72,-34,-69
9072,2,2,-4,-52,312,111,-379,-341,-276,81,15,-165
9073,3,3,-218,55,-15,307,-153,-61,-235,104,-126,-154
9074,4,4,-145,5,-137,-389,401,-105,-126,85,-268,-247
9075,5,5,-101,-196,-404,2,-235,395,-52,6,-194,8
9076,6,6,41,-246,-241,-128,-55,86,381,-274,-72,-238
9077,7,7,-175,-7,-54,-94,-21,-202,-374,369,-132,8
9078,8,8,-36,-307,-146,96,-191,8,-69,-133,327,46
9079,9,9,-184,-182,-100,6,77,23,-227,-14,-104,251
9080,0,0,230,-197,-104,-187,-169,-59,-60,24,-95,-60
9081,1,1,-98,268,-161,-269,87,-93,-152,-73,-74,-107
9082,2,2,-50,27,231,78,-322,-332,-321,139,20,-153
9083,3,3,-328,63,-106,436,-236,-37,-392,134,-204,-111
9084,4,4,-102,0,-94,-305,295,-124,-160,117,-249,-148
9085,5,5,-21,-229,-291,-49,-253,301,3,-21,-110,25
9086,6,6,57,-245,-201,-174,-75,95,374,-257,-92,-238
9087,7,7,-172,-7,-68,-98,-10,-180,-335,349,-138,5
9088,8,8,-75,-149,-114,63,-183,25,-70,-59,231,-12
9089,9,9,-161,-103,-91,-65,28,5,-262,-18,14,225
9090,1,1,-137,247,-150,-254,118,-105,-177,-56,-82,-62
9091,6,6,46,-208,-223,-133,-77,77,378,-289,-60,-261
9092,8,8,-41,-126,67,117,-170,-147,-181,47,128,-31
9093,9,9,-113,-109,-106,-116,65,-1,-178,19,-91,187
9094,9,9,-147,-104,-57,-77,115,-44,-260,-8,-67,224
9095,0,0,209,-145,-180,-174,-184,12,-88,118,-248,-26
9096,1,1,-57,287,-71,-295,41,-80,-92,-86,-78,-198
9097,2,2,-20,66,294,-69,-151,-278,-104,-17,-72,-316
9098,4,4,-91,15,-123,-319,313,-116,-139,134,-270,-266
9099,4,4,-96,-102,-145,-279,297,-84,-82,120,-273,-171
9100,3,3,-277,-6,-95,398,-270,-88,-368,46,-9,4
9101,7,7,-191,12,20,-2,-97,-253,-497,385,-164,4
9102,4,4,-109,-5,-124,-322,345,-112,-141,79,-238,-184
9103,4,4,-5,-45,-117,-229,198,-91,-7,-22,-132,-140
9104,4,4,-172,-1,-134,-352,390,-99,-145,89,-248,-197
9105,0,0,165,-263,-124,-115,-22,-94,-86,-10,-160,87
9106,3,3,-308,40,-107,481,-302,-104,-440,98,-131,-38
9107,8,8,-111,-167,-78,195,-180,-64,-118,-36,240,-31
9108,7,7,-142,-29,-123,-170,20,-141,-271,387,-194,-45
9109,5,5,-118,-149,-302,-20,-221,374,-60,-97,-124,56
9110,8,8,-108,-171,-78,148,-162,-65,-142,-54,232,35
9111,2,2,-44,12,383,98,-268,-375,-275,62,-56,-255
9112,1,1,-83,254,-134,-203,38,-46,-127,-117,-46,-141
9113,7,7,-147,-19,-124,-152,-50,-73,-236,367,-198,-58
9114,5,5,-132,-182,-302,-127,-213,426,9,-153,-33,25
9115,3,3,-176,-36,-85,351,-239,-64,-409,52,-109,25
9116,8,8,-8,-252,3,86,-215,-98,-105,-53,274,30
9117,5,5,-77,-104,-328,6,-147,231,-89,71,-113,-11
9118,2,2,-97,66,312,80,-331,-353,-342,137,21,-189
9119,5,5,-75,-194,-176,-137,-208,326,-3,-60,-29,4
9120,1,1,-42,277,-132,-305,86,-95,-87,-70,-128,-189
9121,1,1,-44,292,-142,-348,104,-95,-86,-84,-138,-198
9122,6,6,7,-210,-148,-190,-8,90,378,-296,-80,-260
9123,2,2,-163,-18,284,221,-349,-353,-417,181,22,-141
9124,1,1,-53,249,-123,-290,80,-64,-74,-85,-107,-166
9125,3,3,-340,44,-90,449,-250,-78,-445,109,-107,-39
9126,8,8,-50,-170,-54,60,-132,-34,-15,-121,238,-29
9127,6,6,-16,-162,-167,-184,4,89,358,-301,-93,-265
9128,4,4,-50,-51,-176,-243,240,-66,-11,52,-186,-250
9129,2,2,-95,-25,360,161,-493,-364,-318,106,81,-210
9130,6,6,70,-240,-281,-68,-101,31,320,-208,-26,-142
9131,2,2,-94,82,344,74,-450,-295,-289,75,0,-214
9132,5,5,-154,-104,-212,6,-192,317,-44,-114,-49,23
9133,5,5,-190,-108,-146,-46,-239,363,-87,-118,-17,21
9134,0,0,201,-158,-69,-169,-80,-23,-12,-43,-170,-20
9135,2,2,-80,94,442,10,-337,-357,-221,41,-53,-342
9136,8,8,-73,-216,-83,136,-107,-90,-158,-58,255,87
9137,0,0,255,-195,-94,-163,-209,-44,-70,38,-147,-42
9138,6,6,56,-257,-209,-172,-54,74,388,-271,-73,-239
9139,8,8,-126,-66,-127,80,-75,-15,8,-96,186,-135
9140,1,1,-81,302,-124,-298,83,-132,-155,-39,-144,-158
9141,7,7,-221,60,-278,-231,63,-41,-228,366,-235,-162
9142,9,9,-174,-72,-75,-87,120,-82,-310,27,-54,233
9143,1,1,-65,299,-160,-320,71,-116,-139,-41,-132,-161
9144,9,9,-160,-159,-47,-25,90,-51,-293,28,-26,220
9145,2,2,-35,52,336,29,-253,-346,-250,58,-32,-224
9146,6,6,48,-211,-191,-164,-51,93,325,-233,-70,-238
9147,7,7,-156,-19,-205,-193,18,-89,-276,380,-186,-42
9148,6,6,63,-157,-152,-240,-21,55,352,-305,-82,-269
9149,6,6,17,-175,-199,-183,-10,68,359,-320,-23,-260
9150,8,8,-93,-170,-82,111,-135,-16,-13,-120,240,-59
9151,7,7,-151,-56,-198,-178,-16,-87,-284,421,-190,-30
9152,4,4,-113,34,-172,-268,295,-61,-78,39,-190,-232
9153,9,9,-103,-81,-183,-138,35,45,-140,-15,-35,168
9154,2,2,-116,26,353,127,-424,-378,-410,185,7,-193
9155,1,1,-76,271,-174,-299,93,-86,-142,-73,-120,-124
9156,3,3,-272,57,-138,330,-168,16,-324,66,-199,-40
9157,3,3,-359,-14,-88,527,-359,-109,-451,63,31,-31
9158,0,0,160,-217,-29,-114,20,-90,-57,-47,-130,44
9159,5,5,-177,-98,-285,42,-198,348,-89,-104,-149,83
9160,5,5,-141,-156,-251,-106,-181,377,-30,-133,-39,60
9161,8,8,-97,-154,-89,37,-205,47,9,-105,261,-97
9162,0,0,245,-204,-105,-108,-139,-18,1,-78,-171,-51
9163,3,3,-129,-66,149,304,-409,-235,-340,65,80,-92
9164,7,7,-158,-21,-146,-197,15,-136,-314,417,-198,-46
9165,9,9,-112,-116,-174,-156,50,57,-113,10,-73,170
9166,7,7,-141,-17,-123,-144,-40,-95,-243,399,-213,-93
9167,0,0,173,-124,-157,-179,-231,20,-128,169,-189,-77
9168,2,3,-106,21,123,146,-346,-276,-356,116,52,-69
9169,7,7,-177,16,-196,-215,48,-129,-304,363,-147,-42
9170,9,9,-126,-109,-158,-175,43,99,-98,-8,-52,142
9171,1,1,-88,267,-166,-261,97,-80,-113,-98,-67,-133
9172,7,7,-158,42,-199,-244,-7,-69,-229,398,-235,-160
9173,8,8,-48,-73,-42,32,-67,-121,-140,25,160,-36
9174,0,0,230,-172,-144,-142,-159,-6,-11,4,-156,-47
9175,3,3,-294,73,20,422,-310,-178,-481,162,-170,-103
9176,5,5,-91,-104,-213,-38,-211,297,-48,-86,-87,35
9177,3,3,-294,72,5,415,-252,-100,-371,129,-155,-146
9178,6,6,58,-282,-234,-155,-80,80,425,-310,-76,-230
9179,0,0,241,-140,-88,-228,-179,-127,-86,7,-102,-78
9180,1,1,-136,374,-120,-364,88,-198,-180,-24,-99,-239
9181,2,2,-116,126,385,117,-308,-391,-400,99,-97,-257
9182,3,3,-233,-22,-80,334,-214,-44,-336,74,-47,-13
9183,4,4,-186,131,-95,-210,250,-156,-218,93,-187,-158
9184,5,5,-184,-43,-261,-23,-116,281,-110,0,-121,17
9185,6,6,41,-180,-251,-183,14,88,329,-259,-110,-215
9186,7,7,-126,32,-217,-199,77,-84,-244,225,-112,-40
9187,8,8,-49,-120,-93,0,-30,-144,-206,-38,152,92
9188,9,9,-80,-163,-84,9,55,-145,-295,82,-50,166
9189,0,0,219,-74,-151,-199,-149,-92,-122,38,-148,-109
9190,1,1,-145,350,-220,-394,95,-151,-122,-57,-72,-244
9191,2,2,-198,155,364,111,-319,-339,-407,135,-19,-262
9192,3,3,-187,-132,-161,335,-155,16,-351,44,-74,58
9193,4,4,-125,108,2,-224,305,-232,-197,55,-179,-284
9194,5,5,-144,-72,-259,95,-138,226,-48,-1,-124,-52
9195,6,6,42,-218,-209,-191,-6,76,367,-291,-43,-243
9196,7,7,-69,-8,-80,-95,9,-186,-349,264,-85,8
9197,8,8,-47,-84,-56,-14,-65,-121,-185,-26,144,74
9198,9,9,-116,-213,-122,8,10,-80,-293,56,61,218
9199,0,0,241,-180,-103,-181,-75,-85,-37,-48,-169,-75
9200,1,1,-131,395,-90,-387,108,-245,-209,-17,-114,-266
9201,2,2,-209,121,347,208,-372,-386,-447,152,-32,-246
9202,3,3,-216,-56,-79,252,-100,-35,-373,82,-118,34
9203,4,4,-128,87,-10,-194,287,-252,-224,64,-162,-220
9204,7,7,-73,-10,-120,-116,14,-142,-288,275,-99,-37
9205,8,4,-48,-25,-114,-146,72,-134,-193,-34,70,45
9206,9,9,-81,-243,-114,11,6,-107,-273,82,57,210
9207,6,6,40,-174,-261,-157,12,91,302,-254,-91,-168
9208,4,4,-152,110,-162,-218,193,-102,-215,85,-195,-55
9209,2,2,-49,95,349,-24,-201,-327,-291,82,-54,-222
9210,6,6,62,-168,-181,-126,34,19,209,-193,-93,-88
9211,4,4,-163,88,-134,-210,203,-132,-258,74,-160,18
9212,7,7,-83,-45,-217,-185,80,-129,-272,250,-70,-23
9213,8,8,-35,-137,-151,-114,-54,-41,-67,-127,229,22
9214,9,9,-76,-159,-148,-21,64,-113,-255,80,-17,153
9215,2,2,-137,140,321,81,-260,-265,-364,74,-60,-213
9216,9,9,-167,-143,-122,-18,76,-75,-339,80,-55,215
9217,3,3,-83,-40,100,252,-225,-203,-348,77,-25,-59
9218,9,9,-110,-191,-133,10,61,-85,-280,41,-40,219
9219,3,3,-225,-32,-51,321,-137,-95,-393,87,-60,-1
9220,0,0,230,-144,-148,-116,-156,-19,-44,-2,-147,-98
9221,0,0,198,-98,-61,-232,-17,-208,-166,12,-172,-63
9222,1,1,-163,364,-190,-403,96,-146,-149,-26,-86,-240
9223,0,0,214,-211,-83,-171,-92,-97,-61,-25,-126,-34
9224,4,4,-151,120,-142,-281,366,-212,-223,83,-188,-269
9225,2,2,-235,149,224,166,-325,-265,-467,165,-32,-157
9226,6,6,8,-189,-201,-126,23,65,327,-243,-113,-245
9227,3,3,-37,-101,57,152,-177,-83,-238,39,2,-12
9228,5,5,-99,-55,-141,51,-149,201,-99,5,-169,-44
9229,3,3,-265,-18,-42,335,-156,-143,-450,125,-63,2
9230,0,0,255,-192,-81,-104,-130,-80,-70,-28,-215,29
9231,3,3,-191,-12,-56,325,-242,-21,-353,68,-132,-32
9232,4,4,-153,104,-104,-252,317,-178,-198,81,-176,-251
9233,1,1,-164,389,-96,-342,105,-232,-209,16,-141,-279
9234,5,5,-120,-73,-230,61,-149,241,-62,3,-114,-33
9235,3,3,-135,-75,-7,346,-226,-135,-377,61,-23,-12
9236,0,0,239,-187,-78,-129,-115,-96,-117,2,-138,-48
9237,8,8,-63,-138,-71,15,-32,-121,-165,7,176,31
9238,3,3,-113,-65,61,246,-223,-131,-344,66,-12,-14
9239,0,0,212,-163,-144,-122,-118,-30,-61,3,-144,-54
9240,6,6,81,-224,-228,-111,-34,101,295,-248,-140,-184
9241,1,1,-169,380,-118,-356,106,-198,-184,-5,-115,-262
9242,7,7,-126,-61,-216,-121,23,-56,-271,314,-140,10
9243,8,8,-39,10,-100,-174,22,-125,-203,-24,68,36
9244,0,0,256,-200,-44,-179,-49,-154,-91,-40,-200,-53
9245,9,9,-9,-206,-150,-69,80,-119,-203,70,-25,127
9246,2,2,-154,118,334,206,-374,-367,-440,120,-87,-225
9247,6,6,38,-272,-225,-84,15,63,330,-270,-58,-153
9248,7,7,-67,17,-173,-165,48,-128,-248,235,-133,-70
9249,1,1,-134,373,-180,-410,101,-188,-140,-50,-86,-265
9250,9,9,-76,-237,-116,36,30,-101,-265,28,7,231
9251,6,6,9,-202,-222,-105,27,65,323,-260,-63,-198
9252,9,9,30,-175,-95,-77,66,-176,-181,14,-37,85
9253,4,4,-181,151,-112,-241,250,-113,-168,50,-141,-227
9254,9,9,-119,-186,-105,10,66,-126,-314,56,19,213
9255,9,9,-99,-115,-150,-66,96,-82,-258,53,-58,161
9256,6,6,16,-172,-167,-127,34,53,299,-245,-96,-225
9257,7,7,-72,25,-83,-126,29,-156,-305,190,-79,20
9258,1,1,-170,387,-157,-358,107,-190,-170,-31,-87,-247
9259,2,2,-166,48,266,261,-370,-292,-440,106,-15,-167
9260,5,5,-178,-83,-337,80,-123,281,-80,64,-133,-69
9261,3,3,-258,13,-5,340,-192,-110,-447,107,-123,-16
9262,7,7,-66,2,-38,-76,-37,-226,-375,284,-96,-10
9263,8,8,-42,-172,-55,31,-80,-134,-163,32,223,10
9264,0,0,176,-87,-50,-129,-190,-6,-67,29,-126,-61
9265,1,1,-137,178,-89,-184,80,-64,-156,-16,-68,-13
9266,2,2,-2,3,305,-32,-109,-202,-156,52,-102,-231
9267,4,4,-199,27,-95,-171,251,-96,-184,108,-145,-96
9268,5,5,-151,-130,-218,-2,-114,271,-69,-97,40,59
9269,6,6,0,-129,-135,-154,-1,54,297,-232,-83,-229
9270,7,7,-208,46,5,2,-92,-166,-421,302,-151,13
9271,8,8,-84,-159,-24,5,-177,10,-72,-68,262,13
9272,9,9,-157,-103,-92,0,-5,10,-258,29,2,179
9273,0,0,204,-142,-32,-159,-171,-61,-27,-3,-125,-25
9274,1,1,-104,260,-88,-242,93,-80,-146,-56,-83,-111
9275,3,3,-186,28,-60,236,-183,-18,-306,80,-167,-10
9276,4,4,-115,-71,-88,-195,275,-46,-80,27,-183,-111
9277,5,5,-117,-156,-191,-89,-172,306,-29,-132,7,65
9278,6,6,10,-143,-111,-181,2,24,303,-207,-89,-274
9279,7,7,-157,-30,-59,-48,-68,-105,-300,292,-143,41
9280,8,5,-25,-160,-52,-11,-233,141,-21,-78,98,-24
9281,0,0,172,-101,-32,-120,-146,-35,-74,35,-133,-29
9282,1,1,-83,216,-103,-221,71,-86,-109,-16,-99,-106
9283,3,3,-239,-2,-69,253,-174,-24,-322,89,-74,20
9284,4,4,-161,-13,-79,-197,261,1,-77,6,-166,-120
9285,7,7,-214,15,-3,25,-110,-181,-476,356,-191,-2
9286,8,8,-87,-126,50,31,-198,-2,-52,-93,213,-39
9287,9,9,-100,-145,-104,-15,-25,21,-201,39,-2,164
9288,7,7,-212,76,48,3,-136,-206,-480,340,-194,-40
9289,5,5,-163,-164,-300,12,-157,341,-63,-101,-11,61
9290,5,5,-75,-126,-327,-52,-117,261,-3,5,-51,-16
9291,1,1,-68,228,-91,-238,51,-89,-111,-17,-105,-117
9292,9,9,-157,-100,-104,20,1,-8,-254,22,-10,183
9293,9,9,-101,-85,-67,19,-15,-116,-289,83,25,148
9294,7,7,-174,-34,-76,-45,-66,-95,-311,302,-154,50
9295,1,1,-82,262,-89,-238,51,-142,-158,16,-130,-143
9296,0,0,174,-150,85,-128,-55,-136,-42,-34,-164,-34
9297,0,0,207,-150,52,-129,-121,-125,-28,-62,-158,-18
9298,5,5,-175,-150,-247,52,-174,335,-76,-109,-96,71
9299,9,9,-76,-103,-85,-34,22,-30,-195,15,-32,169
9300,7,7,-123,-35,-64,-45,-86,-86,-259,296,-145,0
9301,1,1,-71,188,-81,-195,66,-62,-81,-27,-88,-104
9302,7,7,-134,-16,-51,-16,-95,-63,-234,258,-144,-3
9303,2,2,7,-9,307,-19,-178,-207,-238,112,-149,-217
9304,2,2,-1,-22,296,-8,-171,-197,-164,74,-109,-209
9305,3,3,-132,4,15,234,-235,-51,-307,85,-155,-59
9306,6,6,7,-210,-90,-162,-69,62,323,-203,-38,-213
9307,8,8,-99,-126,-5,91,-190,-39,-134,-65,231,10
9308,3,3,-128,26,-30,191,-158,-32,-277,72,-144,-35
9309,2,2,35,-54,246,-25,-99,-194,-151,46,-125,-181
9310,0,0,209,-126,-37,-140,-167,-45,-107,43,-202,-9
9311,0,0,179,-135,-48,-170,-166,-58,-39,32,-126,-21
9312,6,6,-8,-161,-195,-102,-33,79,308,-216,-71,-212
9313,1,1,-28,220,-85,-264,56,-52,-40,-90,-86,-173
9314,7,7,-229,70,31,17,-107,-223,-477,354,-178,-24
9315,5,5,-150,-77,-146,7,-181,239,-133,-53,-9,43
9316,8,5,-161,-67,-41,88,-235,125,-156,-8,82,-16
9317,6,6,-19,-152,-122,-138,-25,74,254,-152,-81,-165
9318,2,2,-32,-47,254,0,-93,-175,-125,52,-71,-175
9319,9,9,-185,-80,-94,-20,86,-32,-284,5,-32,218
9320,4,4,-219,74,-84,-168,267,-75,-205,11,-115,-74
9321,8,8,-103,-144,-5,106,-221,15,-108,-62,194,-18
9322,8,8,-99,-109,-10,90,-157,-47,-126,-85,200,11
9323,7,7,-163,-19,-48,-32,-82,-106,-307,293,-150,25
9324,1,1,-70,249,-92,-236,44,-107,-126,-10,-108,-127
9325,0,0,246,-170,66,-128,-154,-154,-75,-42,-212,21
9326,8,8,-87,-107,-38,66,-151,-5,-184,-34,151,52
9327,7,7,-180,-37,-49,-9,-68,-122,-359,295,-137,58
9328,7,7,-189,-7,-29,-16,-94,-107,-346,285,-143,37
9329,5,5,-190,-114,-238,91,-234,323,-212,-55,-25,62
9330,8,8,-80,-123,-32,49,-217,38,-87,-98,185,6
9331,5,5,-218,-46,-214,48,-161,303,-143,-67,-111,70
9332,3,3,-161,-3,6,314,-258,-76,-338,93,-137,-87
9333,4,4,-179,76,-114,-244,297,-43,-138,8,-143,-167
9334,6,6,11,-147,-178,-195,19,77,344,-285,-106,-244
9335,1,1,-143,199,-88,-203,95,-78,-166,-23,-67,-25
9336,1,1,-136,226,-111,-250,111,-86,-158,-29,-93,-52
9337,5,5,-146,-84,-199,30,-224,307,-154,-59,-62,55
9338,5,5,-167,-86,-226,17,-252,326,-161,-67,-19,46
9339,0,0,216,-168,23,-144,-179,-146,-124,72,-174,11
9340,7,7,-205,62,36,-2,-91,-208,-439,322,-173,-16
9341,2,2,-59,-13,320,0,-222,-193,-180,111,-63,-218
9342,3,3,-93,14,-50,180,-144,26,-136,7,-183,-107
9343,6,6,26,-191,-198,-141,-37,92,320,-252,-77,-185
9344,4,4,-189,31,-94,-201,299,-66,-168,-17,-73,-71
9345,1,1,-64,252,-119,-260,76,-89,-102,-46,-107,-147
9346,2,2,35,-44,310,-105,-217,-177,-259,157,-192,-209
9347,4,4,-203,10,-129,-194,308,-44,-143,3,-121,-90
9348,1,1,-42,251,-115,-286,65,-76,-81,-60,-112,-169
9349,5,5,-125,-128,-305,-73,-187,336,-77,-67,-30,40
9350,4,4,-145,57,-55,-176,232,-66,-164,16,-141,-87
9351,2,2,-4,12,283,-43,-105,-212,-154,71,-112,-226
9352,0,0,259,-143,2,-133,-195,-106,-72,-11,-210,-11
9353,4,4,-174,22,-74,-184,253,-70,-146,47,-104,-86
9354,8,8,-58,-108,34,35,-247,-55,-101,-50,222,-32
9355,6,6,20,-152,-196,-169,1,72,300,-227,-95,-201
9356,1,1,-46,199,-65,-235,36,-85,-106,0,-93,-113
9357,9,9,-121,-39,-144,-88,74,-32,-216,6,-38,181
9358,0,0,221,-145,-26,-177,-166,-75,-41,9,-158,-24
9359,2,2,12,-17,286,-61,-76,-221,-182,76,-146,-221
9360,5,5,-206,-140,-216,11,-160,320,-108,-121,-59,104
9361,6,6,-5,-213,-189,-106,-50,86,341,-219,-105,-202
9362,9,9,-92,-82,-85,-44,33,-57,-208,61,-23,143
9363,3,3,-158,-28,-59,306,-231,-37,-323,60,-114,-29
9364,6,6,-26,-179,-112,-139,-39,56,305,-203,-31,-193
9365,3,3,-238,-33,-92,390,-229,-25,-338,58,-117,-27
9366,6,6,25,-195,-46,-203,-17,9,306,-222,-50,-233
9367,0,0,278,-168,-71,-142,-184,-77,-25,-70,-144,-62
9368,1,1,-147,246,-136,-217,89,-85,-178,-40,-61,-56
9369,2,2,-73,20,337,32,-206,-231,-259,112,-74,-204
9370,3,3,-194,-44,-69,342,-211,-123,-404,72,-67,60
9371,4,4,-203,-28,-45,-122,294,-75,-185,68,-176,-116
9372,5,5,-178,-162,-353,155,-107,289,-63,-8,-117,-43
9373,6,6,23,-203,-193,-144,-54,70,330,-203,-114,-183
9374,7,7,-136,-64,-134,-150,-25,-121,-276,352,-159,28
9375,8,8,11,-156,-88,-75,-243,48,75,-160,189,-98
9376,9,9,-176,-171,-48,5,46,-3,-244,1,-15,223
9377,0,0,196,-171,-92,-100,-33,-38,-13,-64,-205,21
9378,1,1,-146,235,-174,-222,119,-51,-133,-75,-85,-94
9379,2,2,89,-89,337,-69,-167,-275,-236,64,-106,-160
9380,3,3,-179,-3,-25,317,-224,-69,-314,79,-133,-36
9381,4,4,-180,59,-111,-212,265,-133,-192,153,-181,-207
9382,5,5,-166,-96,-278,73,-60,244,2,-79,35,-120
9383,6,6,40,-156,-274,-142,-38,110,266,-153,-218,-159
9384,7,7,-171,-45,-108,-78,-26,-137,-324,337,-141,53
9385,8,8,-57,-174,-163,-105,-215,145,93,-176,184,-18
9386,9,9,-114,-101,-112,-45,-3,34,-196,11,-13,172
9387,0,0,231,-170,-96,-119,-104,-23,6,-63,-209,-3
9388,1,1,-97,290,-103,-241,45,-95,-170,-38,-63,-124
9389,2,2,49,18,429,-107,-142,-289,-202,20,-173,-313
9390,3,3,-330,19,-51,413,-328,-1,-385,83,-120,-79
9391,5,5,-245,-46,-333,140,-94,300,-83,-28,-61,-80
9392,6,6,74,-218,-146,-181,-31,41,256,-164,-133,-94
9393,7,7,-157,-65,-123,-117,12,-163,-353,336,-97,73
9394,8,8,-119,-62,35,-47,-209,75,1,-66,140,-65
9395,1,1,-121,213,-110,-228,102,-74,-143,-37,-65,-51
9396,0,0,214,-175,-7,-111,-60,-101,-22,-44,-155,-29
9397,9,9,-134,-90,-54,-57,12,-34,-254,73,-16,165
9398,5,5,-240,6,-329,168,-189,314,-123,-24,-182,-37
9399,7,7,-137,-30,-110,-204,2,-158,-356,417,-224,-4
9400,5,5,-185,-10,-322,73,-124,297,-41,-84,-53,-106
9401,1,1,-171,234,-130,-237,123,-81,-191,-34,-101,-47
9402,8,8,-108,-171,-60,5,-230,70,-117,-83,287,29
9403,6,6,23,-198,-226,-113,-58,70,356,-259,-76,-223
9404,9,9,-171,-137,-39,-36,60,-94,-327,132,-109,217
9405,0,0,288,-192,-160,-119,-221,-20,-11,-2,-215,-43
9406,4,4,-162,89,-112,-248,294,-85,-176,20,-158,-155
9407,1,1,-77,215,-102,-216,80,-62,-89,-68,-62,-96
9408,9,9,-142,-140,-25,-52,111,-67,-276,78,-109,206
9409,3,3,-336,21,-6,409,-259,-139,-483,96,3,-33
9410,8,8,-105,-161,-94,-91,-270,141,10,-136,245,-2
9411,4,4,-123,-34,-121,-194,246,-136,-204,159,-213,-95
9412,4,4,-180,115,-195,-287,336,-144,-185,111,-154,-270
9413,7,7,-53,36,-8,-83,-125,-151,-304,233,-68,-19
9414,0,0,258,-198,-52,-159,-256,-60,-98,53,-127,-58
9415,1,1,-158,241,-106,-205,73,-105,-205,-2,-62,-37
9416,9,9,-170,-77,-89,44,30,-22,-207,2,-13,165
9417,2,2,76,-29,335,-107,-88,-225,-142,-11,-180,-252
9418,8,8,-69,-79,95,63,-248,-87,-85,-52,179,-60
9419,7,7,-107,-30,-37,-53,-90,-110,-278,279,-148,21
9420,8,8,-61,-125,76,25,-278,-94,-124,-77,264,-21
9421,2,2,84,-72,241,-47,-75,-199,-226,30,-250,-93
9422,5,5,-213,7,-295,119,-122,276,-87,-57,-119,-51
9423,9,9,-114,-111,-106,-74,79,1,-150,50,-92,124
9424,6,6,0,-205,-227,-130,-67,96,370,-262,-104,-209
9425,0,0,192,-157,-114,-121,-94,4,10,-14,-278,-21
9426,6,6,6,-187,-92,-131,8,3,252,-156,-73,-185
9427,5,5,-91,-162,-235,72,-117,247,31,-82,-160,-66
9428,5,5,-181,-75,-235,73,-163,312,-72,-67,-109,-14
9429,3,3,-331,-28,-23,368,-262,-66,-413,51,30,11
9430,3,3,-227,-5,-2,345,-152,-49,-263,83,-165,-112
9431,3,3,-297,20,-64,392,-231,-53,-364,111,-89,-69
9432,9,9,-174,-180,-49,51,22,-37,-266,-18,3,247
9433,8,8,-78,-179,-45,-67,-183,-29,-60,93,187,-32
9434,1,1,-86,242,-134,-272,84,-86,-125,-44,-100,-100
9435,1,1,-65,226,-129,-243,77,-78,-96,-48,-89,-116
9436,0,0,144,-60,-54,-134,-144,-24,-117,74,-179,-36
9437,6,6,1,-134,-182,-153,-10,69,242,-136,-163,-145
9438,1,1,-86,260,-84,-243,66,-104,-134,-41,-64,-116
9439,0,0,257,-206,-61,-135,-186,-110,-119,63,-213,28
9440,0,0,233,-169,-88,-164,-148,-20,-11,-23,-243,6
9441,6,6,28,-235,-225,-88,-65,89,294,-185,-67,-142
9442,2,2,-37,26,317,-31,-135,-191,-173,64,-85,-243
9443,1,1,-132,234,-111,-228,108,-61,-138,-64,-58,-76
9444,1,1,-134,199,-98,-199,105,-67,-145,-43,-53,-43
9445,3,3,-331,33,-105,441,-244,-94,-463,100,-116,-5
9446,2,2,-81,41,246,-63,-56,-102,-74,24,-33,-255
9447,7,7,-77,-16,-127,-124,-51,3,-161,214,-153,-4
9448,7,7,-132,45,-11,-86,-17,-156,-344,252,-131,12
9449,8,8,-101,-115,54,-49,-244,19,-85,-25,197,-12
9450,8,8,-76,-99,-12,-144,-258,69,38,-141,202,-53
9451,7,7,-102,-54,-98,-105,-64,-57,-200,283,-171,9
9452,8,8,-151,-60,17,17,-211,-5,-91,-63,249,-42
9453,4,4,-155,-35,-118,-245,316,-89,-162,89,-224,-90
9454,6,6,-19,-119,-183,-146,-11,87,265,-183,-136,-184
9455,0,0,267,-170,-63,-129,-198,-98,-96,56,-265,-2
9456,2,2,-61,16,249,-47,-128,-162,-131,92,-51,-192
9457,0,0,245,-198,-28,-165,-93,-92,62,-125,-158,-48
9458,7,7,-84,-61,-106,-149,-40,-125,-322,341,-164,36
9459,0,0,283,-180,-115,-110,-222,-61,-64,11,-226,-28
9460,3,3,-295,-20,-49,448,-311,-138,-469,71,-27,17
9461,6,6,43,-234,-235,-106,-90,95,306,-188,-94,-145
9462,8,8,-136,-48,-16,28,-162,-92,-102,-13,242,-68
9463,7,7,-67,-39,-66,-89,-75,-83,-288,280,-133,-6
9464,1,1,-65,268,-127,-275,60,-110,-128,-30,-117,-145
9465,5,5,-188,-84,-255,81,-182,329,-9,-113,-118,-76
9466,9,9,-96,-74,-91,-84,41,-39,-272,56,-109,161
9467,9,9,-146,-118,-77,-54,104,-39,-232,12,-20,203
9468,3,3,-309,10,-15,410,-234,-104,-435,106,-37,-69
9469,7,7,-67,-54,-60,-105,-82,-80,-250,231,-121,51
9470,2,2,-33,25,302,-64,-106,-223,-195,77,-64,-229
9471,4,4,-67,-92,-84,-176,213,-100,-127,69,-177,-24
9472,9,9,-159,-152,-53,-17,78,-55,-255,24,-41,237
9473,4,4,-147,82,-154,-252,279,-93,-164,12,-125,-97
9474,3,3,-169,-46,-116,328,-204,8,-271,49,-113,-44
9475,6,6,50,-264,-144,-180,-97,12,393,-255,-15,-215
9476,2,2,-71,37,337,-8,-160,-252,-218,35,-33,-240
9477,2,2,-70,25,379,-21,-130,-236,-193,74,-77,-305
9478,5,5,-178,-34,-404,94,-24,244,-42,-50,-77,-116
9479,3,3,-257,-29,-117,329,-156,-44,-363,60,5,-5
9480,2,2,-57,122,356,-28,-200,-258,-263,86,-198,-286
9481,5,5,-141,-90,-459,15,-97,302,-49,45,-38,-85
9482,5,5,-167,-30,-274,60,-134,292,-105,-20,-32,-76
9483,9,9,-99,-127,-121,-67,-6,58,-166,20,-74,162
9484,4,4,-164,4,-191,-190,276,-62,-124,57,-111,-137
9485,1,1,-105,335,-104,-364,86,-198,-148,-23,-107,-230
9486,7,7,-128,-73,-91,-33,-78,-60,-268,291,-171,29
9487,2,2,98,-149,280,-35,-110,-238,-82,-64,-123,-197
9488,0,0,191,-133,-56,-129,-64,-25,-31,-33,-210,3
9489,1,1,-67,274,-130,-320,91,-92,-105,-79,-126,-154
9490,2,2,-108,148,305,51,-295,-333,-349,171,-120,-250
9491,3,3,-314,16,-94,296,-169,-25,-396,146,-121,4
9492,4,4,-175,-59,39,-67,226,-123,-242,54,-118,1
9493,5,5,-151,-140,-216,-48,-164,331,-21,-135,19,38
9494,6,6,58,-101,-183,-113,-29,49,135,-19,-276,-171
9495,7,7,-241,78,-46,-52,-68,-118,-352,260,-116,14
9496,8,8,-155,38,-114,-44,-23,-100,-145,-63,219,-31
9497,9,9,-113,-134,-119,-22,-22,-5,-212,7,69,191
9498,0,0,275,-202,-4,-87,-123,-141,-102,-57,-204,25
9499,1,1,-86,248,-166,-275,91,-62,-106,-67,-97,-121
9500,2,2,-134,124,357,52,-287,-273,-406,202,-150,-269
9501,3,3,-313,-69,-138,359,-201,-14,-427,123,-84,50
9502,4,4,-228,46,-192,-246,276,-108,-208,176,-176,-130
9503,5,5,-156,-153,-247,-65,-142,326,-42,-69,-6,38
9504,6,6,47,-181,-219,-142,-87,85,275,-178,-139,-114
9505,7,7,-121,-2,1,74,-220,-174,-407,224,-65,9
9506,8,8,-33,-150,-52,-40,-91,-158,-148,82,197,-49
9507,9,9,-79,-103,-107,-95,-5,-44,-200,47,34,160
9508,0,0,171,-91,-111,-154,-52,-82,-122,53,-183,-104
9509,1,1,-65,331,-23,-338,72,-249,-184,7,-163,-262
9510,2,2,-14,42,399,-52,-170,-313,-268,99,-134,-291
9511,3,3,-223,-59,-107,336,-209,-13,-430,81,-146,39
9512,4,4,-234,54,-202,-198,307,-153,-228,104,-60,-125
9513,5,5,-192,-60,-253,38,-24,218,-43,41,-99,-64
9514,6,6,9,-115,-181,-138,-12,67,266,-191,-114,-199
9515,7,7,-209,20,-61,19,-76,-161,-398,308,-119,10
9516,8,8,-82,-142,-60,-52,-84,-56,-75,-87,296,-7
9517,9,9,-77,-134,-120,-73,73,-114,-192,52,-20,151
9518,1,1,-96,292,-84,-227,56,-191,-200,23,-136,-166
9519,0,0,255,-208,-29,-169,-138,-137,-110,-7,-135,-15
9520,1,1,-112,289,-120,-238,66,-202,-210,29,-118,-138
9521,2,2,-156,78,311,60,-286,-309,-358,150,40,-183
9522,7,7,-84,19,-156,-273,43,-131,-278,296,-200,-36
9523,5,5,-178,-196,-227,-34,-172,350,12,-173,7,51
9524,3,3,-300,11,-12,323,-194,-71,-434,167,-243,-55
9525,4,4,-140,27,-162,-341,340,-117,-145,124,-190,-252
9526,4,4,-206,32,-224,-256,338,-102,-168,76,-132,-157
9527,0,0,226,-196,-182,-102,-80,-32,38,-76,-239,2
9528,0,0,216,-166,-98,-144,-105,-68,-91,24,-154,-49
9529,6,6,23,-130,-222,-123,-26,91,254,-168,-160,-169
9530,9,9,-89,5,-231,-175,-28,-8,-165,2,0,103
9531,6,6,3,-133,-245,-201,21,84,269,-171,-194,-162
9532,6,6,34,-150,-334,-157,-14,84,278,-148,-190,-161
9533,5,5,-72,-105,-368,-63,-87,236,37,25,-53,-67
9534,7,7,-72,-69,-92,-83,-42,-124,-331,281,-151,46
9535,2,2,81,27,220,-187,64,-278,-159,-33,-99,-244
9536,3,3,-328,-55,-129,308,-139,-58,-465,125,-70,97
9537,4,4,-166,21,-209,-267,361,-172,-216,1,-89,-66
9538,4,4,-214,109,-265,-232,224,-102,-250,78,-85,-25
9539,9,9,-101,-31,-116,-111,37,-105,-263,71,-30,137
9540,1,1,-59,202,-50,-301,-2,-119,-127,-11,-38,-131
9541,4,4,-187,98,-273,-225,255,-68,-188,52,-91,-121
9542,0,0,220,-111,-48,-144,-180,-127,-165,65,-118,-119
9543,7,7,-135,-28,-77,-27,6,-168,-380,267,-96,75
9544,9,7,-64,-113,-152,-123,68,-31,-175,110,-132,100
9545,5,5,-173,-142,-293,30,-122,339,-63,-71,-132,61
9546,7,7,-70,-45,-182,-171,-20,-50,-238,275,-181,-4
9547,2,2,-2,30,347,-62,-140,-277,-284,117,-133,-213
9548,3,3,-325,-12,-15,374,-182,-106,-482,177,-140,-46
9549,1,1,-79,240,-102,-265,35,-130,-168,7,-101,-86
9550,4,4,-106,63,-141,-393,357,-181,-195,93,-177,-215
9551,4,4,-268,142,-240,-246,365,-108,-235,-18,-90,-127
9552,0,0,200,-33,-91,-228,-146,-62,-67,-33,-175,-116
9553,9,9,-61,-59,-153,-121,61,-93,-190,15,-51,150
9554,9,9,-104,-55,-66,-89,16,-110,-315,81,3,161
9555,6,6,21,-231,-214,-125,-56,97,352,-243,-106,-184
9556,1,1,-63,319,2,-295,61,-236,-158,0,-175,-296
9557,8,8,-146,85,-146,-183,105,-166,-206,-97,156,-26
9558,3,3,-418,7,-164,395,-190,26,-457,126,-64,5
9559,3,3,-288,-1,13,318,-218,-131,-449,175,-100,-42
9560,7,7,-117,24,-7,-9,-119,-240,-395,196,-12,47
9561,3,3,-389,19,-60,360,-211,-93,-528,214,-134,-32
9562,9,9,-98,-54,-119,-91,39,-86,-251,51,-65,152
9563,8,8,-58,-38,-96,-145,-12,-97,-99,-143,203,2
9564,8,8,-122,-8,9,-141,6,-39,-94,6,106,-101
9565,4,4,-134,-82,-99,-237,289,-172,-181,82,-141,-20
9566,7,7,-113,18,-56,-68,-37,-201,-389,311,-91,-7
9567,7,7,-85,-58,-18,-18,-24,-222,-384,251,-85,77
9568,6,6,18,-221,-266,-157,-72,133,366,-241,-155,-181
9569,2,2,-174,109,298,111,-295,-245,-398,180,-84,-190
9570,1,1,-83,293,-107,-299,86,-135,-141,-23,-156,-171
9571,9,9,-110,-155,-69,-24,78,-126,-286,61,20,191
9572,8,8,-71,-108,-46,-161,-50,-15,53,-42,161,-128
9573,7,7,-168,-37,-65,38,-94,-230,-467,335,-56,60
9574,8,8,-96,-129,-100,-107,-30,-49,-136,-81,269,42
9575,8,8,-148,-22,-69,-74,-26,-19,-115,-32,205,-86
9576,7,7,-96,75,-64,-202,15,-90,-255,190,-170,1
9577,2,2,-91,80,326,-33,-233,-310,-293,139,-22,-208
9578,2,2,-89,32,351,6,-239,-270,-289,92,-7,-220
9579,3,3,-344,-73,-197,406,-146,56,-348,49,-108,38
9580,9,9,-109,-112,-96,-4,-16,-112,-283,87,70,166
9581,3,3,-392,-3,-74,448,-201,-67,-480,179,-191,-54
9582,3,3,-252,-34,-92,366,-234,-17,-405,103,-168,-24
9583,5,5,-265,-109,-299,145,-174,369,-147,-66,-103,40
9584,5,5,-144,-167,-378,-37,-72,304,-48,2,-83,31
9585,0,0,226,-188,-62,-154,-80,-77,-34,-48,-172,-42
9586,7,7,-169,13,110,27,-182,-208,-498,353,-242,-55
9587,9,9,-78,-68,-71,-154,116,-57,-152,-6,-135,124
9588,5,5,-165,-202,-302,-68,-144,347,-32,-153,14,110
9589,6,6,22,-145,-286,-172,-22,103,334,-249,-153,-202
9590,5,5,-117,-168,-271,-50,-202,356,25,-140,-37,2
9591,1,1,-88,349,-79,-340,72,-217,-147,-28,-124,-268
9592,4,4,-162,40,-184,-299,346,-132,-161,45,-123,-144
9593,1,1,-77,331,-85,-382,80,-179,-133,-42,-138,-242
9594,1,1,-31,297,-125,-340,51,-130,-63,-94,-118,-267
9595,2,2,-56,83,284,-145,-102,-115,-95,33,-62,-314
9596,8,8,-80,-90,43,41,-230,25,-199,58,89,-13
9597,2,2,-22,7,326,5,-110,-263,-242,62,-109,-248
9598,6,6,25,-154,-249,-153,-44,84,318,-230,-128,-194
9599,1,1,-44,261,-156,-368,136,-108,-33,-111,-136,-248
9600,5,5,-123,-82,-254,-9,-57,203,-41,34,-91,-15
9601,0,0,236,-41,84,-301,-86,-210,-4,-63,-166,-204
9602,1,1,-79,314,-26,-333,85,-246,-204,4,-142,-193
9603,2,2,-82,112,384,-39,-201,-312,-252,105,-80,-297
9604,3,3,-396,82,-150,500,-248,6,-389,98,-130,-116
9605,4,4,-107,106,-45,-244,299,-215,-159,41,-129,-289
9606,5,5,-128,-51,-203,29,-96,206,-23,-5,-63,-42
9607,6,6,31,-131,-161,-46,-29,21,180,-144,-144,-205
9608,7,7,-143,-9,39,32,-108,-245,-476,351,-142,-27
9609,8,8,-138,-95,114,94,-284,-179,-238,94,209,-44
9610,9,7,-79,-130,-48,25,-32,-77,-293,121,-69,116
9611,0,0,191,-65,-60,-203,-121,-58,-101,61,-207,-106
9612,1,1,-74,302,65,-265,48,-262,-219,4,-150,-247
9613,2,7,-105,76,138,53,-128,-265,-333,164,-50,-116
9614,3,3,-336,5,-202,383,-152,103,-289,68,-121,-56
9615,4,7,-109,-67,-69,-160,170,-81,-137,184,-192,-105
9616,5,5,-189,-47,-258,7,-120,276,-99,42,-135,-16
9617,6,6,88,-85,-61,-263,128,-103,197,-198,-214,-305
9618,7,7,-92,-36,160,32,-139,-278,-463,316,-163,-48
9619,8,8,-68,-122,87,15,-198,-74,-159,16,193,-10
9620,9,9,-70,-70,-128,-83,-84,53,-118,9,18,106
9621,0,0,117,-10,-155,-161,-124,1,-98,73,-112,-89
9622,1,1,-88,287,-63,-360,119,-192,-182,-13,-139,-154
9623,2,2,-55,127,304,-76,-115,-291,-252,106,-93,-283
9624,3,3,-338,45,-32,365,-219,-123,-413,104,35,-49
9625,4,4,-138,-72,-68,-112,176,-49,-126,101,-131,-31
9626,5,5,-175,-70,-272,62,-76,231,-18,16,-101,-73
9627,6,6,12,-150,-53,-92,36,-3,175,-165,-153,-235
9628,7,7,-100,-37,95,42,-114,-244,-461,321,-158,-30
9629,8,7,-161,18,50,-1,-44,-104,-216,87,69,-46
9630,8,8,-88,-131,45,108,-229,-126,-223,-25,195,43
9631,0,0,208,5,-38,-259,-74,-141,-29,-45,-222,-201
9632,6,6,9,-65,-111,-102,66,-2,144,-159,-178,-201
9633,0,0,177,-21,-46,-278,-12,-189,-159,40,-181,-123
9634,0,1,54,119,-94,-165,-113,-148,-58,30,-92,-257
9635,2,2,-44,87,404,-77,-162,-317,-205,66,-104,-338
9636,3,3,-182,-1,-97,273,-150,42,-179,53,-113,-70
9637,7,7,-144,-63,-51,24,-54,-146,-378,260,-116,79
9638,9,9,-110,-115,-38,-10,8,-155,-368,140,-51,172
9639,4,4,-132,62,-167,-186,208,-103,-175,124,-147,-134
9640,7,7,-177,41,49,81,-182,-224,-478,273,-109,-21
9641,1,1,-95,245,-65,-239,93,-183,-164,5,-95,-143
9642,9,9,-31,-106,-60,-20,26,-77,-227,80,-110,111
9643,1,1,-127,171,-55,-118,91,-208,-246,77,-105,-62
9644,7,7,-138,26,80,41,-113,-192,-391,254,-175,-36
9645,1,1,-104,304,24,-266,42,-244,-255,77,-170,-197
9646,4,4,-132,104,-115,-224,220,-88,-143,81,-187,-198
9647,0,0,214,-63,-35,-302,-144,-159,-26,-4,-142,-181
9648,0,0,251,-58,-53,-267,-175,-147,-39,-30,-129,-185
9649,1,1,-135,352,-55,-347,66,-221,-208,-2,-84,-243
9650,7,7,-46,-28,-108,-121,28,-151,-276,273,-124,-46
9651,5,5,-155,-17,-257,76,-91,177,-56,6,-78,-60
9652,7,7,29,-37,18,-86,-20,-235,-296,207,-139,-51
9653,1,1,-97,305,-36,-303,80,-263,-267,53,-154,-172
9654,3,3,-210,-19,-98,340,-204,-67,-340,71,-32,-4
9655,3,3,-108,-54,-79,148,-85,24,-178,45,-48,11
9656,3,3,-110,-48,-60,230,-169,23,-223,12,-71,-18
9657,1,1,-84,325,12,-310,63,-264,-247,30,-175,-204
9658,6,6,35,-158,-95,-176,63,-11,272,-266,-146,-266
9659,9,9,-107,-150,-168,-39,48,-50,-254,27,-47,218
9660,7,7,-73,-42,-87,-90,2,-179,-338,300,-119,25
9661,1,1,-112,271,-77,-236,69,-231,-249,34,-136,-118
9662,3,3,-310,25,-39,326,-187,-122,-465,121,-28,-1
9663,0,0,239,8,133,-289,-14,-308,-58,-57,-221,-276
9664,2,7,-137,86,216,-22,-85,-281,-347,232,-68,-195
9665,6,6,45,-204,-126,-158,96,-4,260,-253,-121,-207
9666,0,0,145,-18,7,-239,34,-216,-126,-48,-139,-96
9667,8,8,-177,53,49,75,-100,-210,-264,70,175,-106
9668,9,9,-68,-170,-52,14,13,-76,-259,31,-20,190
9669,4,7,-92,86,-65,-93,76,-133,-194,113,-175,-93
9670,3,3,-291,-14,-82,338,-168,-114,-445,76,1,53
9671,5,5,-124,-84,-271,24,-112,250,-72,-15,-76,6
9672,4,4,-155,111,-93,-152,194,-129,-182,88,-135,-178
9673,8,8,-124,-162,-15,193,-297,-83,-248,-5,206,37
9674,1,1,-99,311,-10,-284,72,-254,-244,43,-178,-186
9675,5,5,-75,-64,-136,-19,-80,172,5,-13,-80,-70
9676,9,9,-82,-161,-70,51,-13,-116,-282,41,9,191
9677,0,0,167,-120,54,-130,17,-135,-27,-118,-108,-58
9678,6,6,40,-155,-39,-145,90,-55,205,-218,-171,-255
9679,6,6,-29,-33,-77,2,-17,-24,23,-22,-264,-216
9680,3,3,-278,7,-35,361,-269,-133,-424,68,17,16
9681,8,8,-109,-179,-27,153,-231,-80,-192,-30,251,30
9682,1,1,-56,293,-65,-365,90,-194,-164,-20,-132,-175
9683,4,4,-142,48,-119,-220,303,-143,-183,12,-165,-99
9684,7,7,-83,-77,-184,-159,4,-105,-328,311,-127,68
9685,5,5,-119,-128,-227,25,-82,236,-15,-26,-104,-5
9686,2,2,-126,152,264,-30,-114,-264,-232,110,-35,-297
9687,0,0,121,37,-140,-198,-88,-55,-116,20,-153,-87
9688,0,0,193,-57,-13,-255,-60,-216,-109,-4,-90,-130
9689,1,1,-146,329,-138,-298,94,-195,-174,0,-105,-183
9690,7,7,-61,-86,-120,-55,-9,-70,-241,245,-131,35
9691,8,3,-206,-19,-139,156,-59,-29,-181,58,75,-44
9692,9,7,-110,-1,-38,-42,46,-137,-263,126,-78,64
9693,6,6,6,-39,-6,-131,23,-12,89,-75,-139,-166
9694,8,8,-125,-58,-12,48,-59,-146,-260,26,159,50
9695,8,3,-78,-126,27,162,-160,-181,-218,47,159,-3
9696,2,2,-90,200,280,-93,-141,-294,-280,113,-53,-271
9697,3,3,-257,16,-182,381,-177,43,-212,47,-70,-129
9698,6,6,-26,29,-98,-148,10,24,77,-37,-174,-210
9699,1,1,-112,297,1,-241,48,-272,-318,75,-175,-129
9700,2,2,-12,49,88,-157,-20,-75,-31,-11,-6,-170
9701,9,9,-119,-119,-89,-33,17,-54,-287,87,-51,181
9702,5,5,-135,-61,-237,-16,-102,262,-11,1,-59,-75
9703,2,2,-90,120,280,-34,-173,-228,-202,69,-30,-232
9704,0,0,260,-179,-104,-143,-169,-112,-122,-14,-104,-40
9705,1,1,-96,319,-122,-332,91,-154,-127,-31,-127,-214
9706,2,2,-19,176,225,-51,-116,-150,-289,40,-304,-225
9707,3,3,-347,30,-76,418,-225,-60,-429,90,-74,-28
9708,4,4,-110,46,-148,-244,264,-73,-107,-4,-180,-113
9709,5,5,-105,-77,-192,11,-93,190,83,-50,-107,-149
9710,6,6,111,-311,-136,-101,-164,33,272,-250,96,-106
9711,7,7,-124,40,-176,-154,56,-98,-265,184,-103,20
9712,8,8,-40,2,-278,-201,-66,64,-4,-102,76,-71
9713,9,9,-91,-116,-132,-29,54,-76,-228,76,-49,155
9714,0,0,237,-163,-173,-180,-182,15,91,-97,-138,-130
9715,1,1,-116,306,-93,-286,85,-174,-160,4,-129,-186
9716,2,7,9,98,74,-124,20,-166,-280,121,-203,-121
9717,3,3,-290,-45,-133,391,-206,-37,-413,21,-21,68
9718,4,4,-112,93,-89,-294,345,-144,-133,14,-193,-276
9719,5,5,-29,-52,-250,105,-207,178,-133,35,-152,-56
9720,6,6,93,-266,-85,-186,-50,48,281,-259,6,-132
9721,7,7,-116,35,-93,-61,-21,-154,-326,208,-61,23
9722,8,8,-87,54,-193,-154,15,-87,-189,-54,127,-4
9723,9,9,-98,-166,-141,-26,62,-112,-270,67,2,199
9724,0,0,136,-41,-166,-185,-44,-102,-80,84,-192,-163
9725,1,1,-148,324,-127,-297,79,-157,-149,-11,-93,-192
9726,2,2,-27,78,192,2,-54,-199,-283,72,-220,-150
9727,3,3,-293,-54,-111,344,-129,4,-366,145,-190,-38
9728,4,4,-86,91,-75,-248,247,-143,-129,-19,-135,-148
9729,5,6,47,-144,-138,-74,-69,129,147,-155,-207,-155
9730,6,6,37,-246,-85,-150,-87,49,295,-283,72,-145
9731,7,7,-63,-9,-138,-107,40,-153,-276,178,-68,18
9732,8,8,-68,-20,-184,-122,17,-23,-156,-8,110,-23
9733,9,9,-172,-77,-184,-62,97,-48,-280,73,-13,161
9734,7,7,-42,46,-179,-200,-7,-91,-209,221,-185,-78
9735,4,4,-138,82,-192,-212,176,-52,-96,17,-134,-59
9736,6,6,68,-236,-88,-165,-83,83,239,-200,6,-117
9737,1,1,-97,293,-129,-326,71,-123,-116,-33,-102,-182
9738,4,4,-25,89,-106,-237,190,-95,-38,-55,-125,-169
9739,0,0,195,-110,20,-247,48,-285,-112,-84,-104,-81
9740,9,9,-82,-126,-135,-71,100,-115,-241,56,-27,150
9741,9,9,-25,-124,-130,-62,56,-119,-205,55,-50,112
9742,3,3,-167,-61,23,242,-177,-48,-276,133,-69,-96
9743,7,7,-128,42,-155,-130,35,-60,-236,183,-107,5
9744,8,1,-63,123,1,-223,-55,-100,-72,-78,59,-117
9745,4,4,50,-37,45,-194,122,-150,-19,-42,-150,-147
9746,7,7,-2,35,-123,-201,53,-146,-196,167,-153,-99
9747,5,5,-12,-147,-148,29,-92,141,-21,-52,-198,-10
9748,8,8,-51,7,-165,-180,13,-40,-79,-119,125,-18
9749,5,5,61,-192,-177,-46,-88,150,115,-146,-171,-64
9750,3,3,-280,-57,-121,299,-81,30,-341,70,-111,24
9751,2,2,-2,26,202,-46,-44,-208,-336,116,-212,-69
9752,2,2,-28,13,150,-46,6,-196,-322,114,-139,-49
9753,0,0,232,-109,-2,-199,-64,-235,-109,-12,-150,-109
9754,5,5,-26,-28,-170,-133,-35,97,19,-39,-81,-35
9755,8,5,-42,-70,-287,-127,15,58,-100,-7,42,12
9756,6,6,-19,-200,-38,-134,-41,61,256,-217,34,-167
9757,0,0,215,-117,-10,-228,-40,-273,-123,-32,-113,-66
9758,3,3,-191,-38,-118,250,-157,61,-262,107,-182,-51
9759,8,8,-89,-67,-101,-42,-80,-70,-154,-78,202,85
9760,1,1,-92,250,-91,-273,70,-120,-108,-13,-91,-156
9761,0,0,179,-33,-35,-216,-68,-199,-84,0,-120,-127
9762,3,3,-98,-28,-18,152,-125,-33,-218,84,-102,-39
9763,0,0,165,-35,-6,-210,-48,-189,-53,-34,-95,-124
9764,4,4,-8,37,-58,-225,130,-97,-54,-27,-116,-81
9765,7,7,-53,1,-124,-113,-8,-83,-211,229,-163,-45
9766,4,4,-78,68,-35,-223,238,-165,-148,49,-172,-181
9767,9,9,-58,-166,-128,-23,34,-67,-189,60,-25,167
9768,2,0,153,-175,146,-73,-72,-185,-105,-58,-34,-41
9769,9,9,-110,-163,-99,26,38,-140,-316,52,23,191
9770,5,0,124,-88,-39,-126,-67,18,25,-83,-225,-128
9771,7,7,-23,27,-108,-165,33,-177,-252,213,-137,-66
9772,1,1,-132,373,-71,-352,86,-214,-196,-5,-121,-227
9773,7,7,-75,18,-167,-121,49,-127,-247,198,-110,-31
9774,1,1,-160,355,-150,-333,84,-149,-144,-27,-94,-216
9775,6,6,71,-234,-38,-178,-48,17,298,-263,1,-178
9776,6,6,33,-207,-88,-167,-23,53,294,-248,-5,-187
9777,5,5,21,-111,-147,18,-62,93,29,-33,-136,-75
9778,6,6,58,-242,-96,-144,-151,56,299,-242,56,-160
9779,2,2,114,-126,145,-96,-80,-158,-124,-6,-40,-44
9780,8,8,-113,23,-101,-68,-35,-57,-226,30,45,35
9781,7,7,-40,-24,-64,-71,-10,-158,-279,189,-62,-4
9782,6,6,30,-189,-134,-111,-27,100,216,-197,-52,-108
9783,4,4,16,39,-27,-248,196,-168,-89,-17,-162,-147
9784,9,9,-88,-76,-148,-90,65,-85,-238,58,-88,160
9785,9,9,-79,-177,-93,32,9,-82,-233,4,25,202
9786,5,5,-79,-131,-184,69,-121,182,-41,8,-198,-39
9787,3,3,-205,-48,-75,330,-203,-2,-339,84,-116,-23
9788,7,7,-42,14,-47,-94,-1,-187,-304,207,-103,-12
9789,4,4,-41,32,-115,-200,162,-103,-95,7,-145,-71
9790,3,3,-127,-46,66,224,-169,-117,-358,145,-198,-67
9791,0,0,177,-45,-15,-273,76,-269,-153,-14,-206,-119
9792,4,4,-71,35,-207,-173,87,-24,-63,-22,-117,-9
9793,6,6,52,-173,-85,-204,-61,48,253,-254,30,-159
9794,6,6,41,-242,-82,-108,-66,25,291,-256,45,-146
9795,1,1,-105,309,-84,-349,52,-146,-151,0,-94,-209
9796,1,1,-131,343,-41,-307,80,-213,-198,12,-121,-219
9797,3,3,-170,-133,-182,334,-144,19,-257,-28,13,60
9798,2,2,-51,84,248,7,-109,-221,-275,79,-124,-166
9799,1,1,-161,391,-104,-355,78,-211,-218,11,-113,-224
9800,0,0,188,-205,12,-108,18,-169,-37,-100,-86,-5
9801,0,0,282,-158,-102,-203,-228,-91,-41,-62,-95,-101
9802,1,1,-125,348,-138,-341,83,-186,-168,-9,-121,-210
9803,2,2,-151,25,285,205,-413,-381,-391,140,77,-174
9804,3,3,-240,-10,-190,399,-224,48,-311,19,-112,-25
9805,4,4,-133,33,-175,-283,347,-116,-146,11,-150,-167
9806,7,7,-186,71,70,-12,-105,-225,-445,331,-196,-47
9807,8,8,-46,-182,-63,-26,-237,38,-19,-127,249,13
9808,9,9,-88,-79,-160,-108,59,29,-122,20,-128,123
9809,0,0,237,-89,-68,-203,-159,-178,-91,-22,-114,-114
9810,1,1,-131,331,-142,-320,81,-171,-165,-1,-118,-195
9811,2,2,-71,-19,152,62,-298,-227,-321,127,71,-62
9812,3,3,-207,13,-71,328,-203,-9,-300,88,-154,-81
9813,4,4,-51,-1,-111,-170,182,-59,-61,42,-130,-142
9814,5,5,-71,-16,-287,-125,-144,222,-29,-91,0,-11
9815,6,6,87,-158,-218,-248,-94,133,299,-246,-107,-229
9816,7,7,-128,35,28,-30,-58,-135,-330,210,-139,15
9817,8,8,-43,42,-170,-196,-62,-6,21,-166,93,-70
9818,0,0,269,-162,3,-231,-144,-213,-58,-73,-71,-125
9819,1,1,-129,375,-145,-394,95,-220,-195,-15,-106,-229
9820,2,2,-136,26,273,158,-424,-366,-404,169,65,-162
9821,3,3,-211,-59,-52,418,-245,-124,-447,87,-101,3
9822,4,4,-137,20,-100,-225,330,-128,-168,47,-179,-172
9823,7,7,-151,62,49,3,-162,-185,-449,281,-162,-26
9824,8,8,-36,-103,-132,-158,-228,83,23,-123,169,-2
9825,9,9,-45,-147,-116,-4,-1,-27,-167,6,-34,158
9826,0,0,196,-65,-99,-281,-78,-128,22,-149,-86,-129
9827,8,8,-40,-107,-24,14,-183,-20,-63,-95,180,21
9828,3,3,-162,-51,-199,275,-177,100,-231,21,-129,-9
9829,9,9,-10,-77,-91,-167,65,-71,-85,-72,-82,119
9830,5,5,-70,18,-285,-184,-137,213,-29,-77,-30,-17
9831,5,5,-120,60,-234,-37,-109,189,-10,-107,-32,-77
9832,2,2,21,3,253,5,-285,-264,-174,-17,39,-155
9833,6,6,58,-62,-209,-212,35,59,186,-199,-154,-146
9834,8,8,-20,-146,-94,-122,-197,99,105,-145,147,-50
9835,4,4,-21,27,-130,-299,257,-169,-49,-101,-100,-107
9836,1,1,-116,338,-139,-318,74,-208,-210,23,-142,-178
9837,7,7,-132,54,56,-6,-102,-150,-364,223,-151,-13
9838,1,1,-118,309,-125,-284,75,-199,-213,35,-139,-151
9839,2,7,-78,31,104,70,-260,-155,-298,120,-34,-51
9840,3,3,-48,-44,-38,212,-178,17,-171,0,-91,-94
9841,5,5,-58,2,-212,-159,-110,199,41,-118,-23,-68
9842,6,6,21,-104,-87,-211,52,39,234,-212,-82,-204
9843,9,9,-57,-107,-78,-34,32,-34,-146,15,-39,138
9844,1,1,-78,283,-90,-315,88,-155,-123,-19,-123,-188
9845,1,1,-98,308,-79,-312,77,-211,-189,28,-140,-181
9846,1,1,-104,335,-88,-350,97,-231,-194,28,-171,-224
9847,2,2,-143,93,171,54,-322,-170,-369,146,-58,-98
9848,1,1,-122,358,-125,-379,96,-224,-184,-8,-116,-227
9849,2,2,-123,40,188,70,-265,-227,-305,150,21,-115
9850,0,0,212,-193,-8,-206,-61,-60,22,-86,-164,-102
9851,7,7,-174,1,-9,-3,-95,-131,-367,272,-151,29
9852,7,7,-146,27,-27,39,-132,-59,-326,172,-104,18
9853,5,5,-128,-16,-234,-56,-153,221,-97,-78,4,46
9854,8,8,-45,-118,-66,-112,-153,73,72,-127,138,-11
9855,2,2,-130,41,202,143,-380,-253,-357,111,31,-123
9856,9,9,-105,-127,-178,-76,27,109,-69,16,-78,110
9857,8,8,-62,-80,-44,-95,-100,8,17,-104,153,12
9858,6,6,50,-4,-213,-199,-62,52,159,-131,-105,-215
9859,7,7,-112,24,3,-46,-40,-175,-350,231,-105,41
9860,3,3,-223,-2,-134,315,-192,61,-291,60,-120,-26
9861,4,4,-15,-45,-88,-216,245,-157,-78,4,-145,-129
9862,6,6,69,-9,-147,-290,-18,23,180,-186,-95,-218
9863,8,8,-24,-64,-104,-147,-153,53,53,-153,111,-24
9864,7,7,-125,23,-25,-31,-26,-134,-317,196,-106,53
9865,0,0,219,-51,-17,-284,-88,-231,-108,-27,-110,-137
9866,4,4,-36,-60,-54,-190,251,-131,-32,-4,-104,-235
9867,2,2,-89,19,222,73,-278,-258,-303,125,30,-101
9868,7,7,-150,26,-20,31,-79,-158,-380,217,-118,35
9869,7,7,-131,9,-21,-20,-53,-161,-359,246,-92,47
9870,5,5,-19,-81,-259,-133,-202,237,65,-153,3,-40
9871,4,4,-59,-5,-112,-252,283,-104,-90,-26,-150,-113
9872,3,3,-300,82,-65,360,-205,-37,-405,132,-235,-83
9873,4,4,-8,67,-91,-314,295,-169,-97,-17,-158,-260
9874,2,2,-110,33,181,79,-339,-224,-314,116,46,-95
9875,8,8,-64,-131,-69,11,-75,23,9,-89,118,28
9876,1,1,-131,360,-136,-377,104,-212,-171,-23,-110,-230
9877,5,5,-99,-24,-364,-116,-130,269,-55,-42,-16,-13
9878,1,1,-121,320,-128,-321,76,-164,-143,-17,-100,-196
9879,0,0,80,-15,-47,-234,30,-106,-13,-106,-92,-63
9880,2,2,-57,12,229,49,-293,-282,-278,79,72,-104
9881,3,3,-277,50,-116,262,-137,31,-266,95,-156,-43
9882,3,3,-257,-3,-167,263,-140,77,-263,35,-109,33
9883,5,5,-192,62,-258,-1,-52,188,49,-163,-70,-154
9884,7,7,-110,42,-88,-113,-5,-51,-211,189,-122,5
9885,0,0,273,-153,-32,-215,-142,-187,-56,-82,-107,-107
9886,6,6,-1,-119,-90,-187,45,31,249,-221,-66,-210
9887,8,1,-33,80,-216,-247,-80,31,13,-132,42,-73
9888,6,0,173,-157,-165,-238,-180,62,157,-132,-89,-169
9889,3,3,-305,13,-42,309,-173,-59,-377,121,-102,-21
9890,9,9,0,-174,-140,-106,58,-17,-21,-64,-41,113
9891,9,9,-54,-119,-160,-11,32,32,-54,20,-61,68
9892,8,5,-76,-66,-36,-118,-50,57,21,-60,49,21
9893,2,2,-45,16,212,74,-313,-244,-229,78,15,-133
9894,7,7,-148,12,-65,13,-43,-125,-345,176,-79,69
9895,7,7,-119,13,-23,-16,-45,-156,-347,221,-103,41
9896,1,1,-131,332,-129,-316,83,-184,-170,5,-118,-195
9897,0,0,193,-35,31,-229,-69,-237,-100,4,-128,-109
9898,1,1,-107,301,-143,-313,80,-112,-105,-39,-113,-202
9899,7,7,-168,-2,-36,3,-45,-204,-434,309,-129,45
9900,8,8,-56,-141,-203,-16,-75,49,-20,-131,187,28
9901,9,9,-116,-218,-116,-6,50,-44,-249,-4,16,253
9902,0,0,241,-133,86,-182,-14,-245,-10,-129,-126,-131
9903,1,1,-159,317,-164,-332,106,-170,-159,-17,-78,-191
9904,2,0,89,-135,61,-70,37,-141,-54,-50,-64,-51
9905,3,3,-201,-33,-5,120,-56,-137,-341,108,-15,82
9906,4,4,-62,93,-52,-150,167,-140,-109,15,-127,-198
9907,5,5,-39,-32,-263,-86,-56,176,23,-35,-53,-43
9908,6,6,-26,-103,-207,-102,38,90,240,-187,-119,-197
9909,7,7,-95,-46,-73,-40,-16,-161,-348,264,-97,58
9910,8,1,-85,96,-247,-160,1,-16,-99,-30,68,-79
9911,0,0,232,-109,21,-185,-91,-227,-85,-15,-126,-101
9912,1,1,-194,385,-84,-320,92,-210,-211,10,-86,-261
9913,2,2,-222,80,216,124,-217,-195,-372,98,46,-108
9914,3,3,-242,-38,-131,247,-98,-42,-371,34,-13,100
9915,4,4,-164,157,-89,-252,277,-77,-98,-12,-159,-309
9916,7,7,-46,-43,-12,-63,-5,-202,-335,244,-137,28
9917,8,8,-128,-42,-180,-117,8,-17,-68,-57,201,-66
9918,9,9,-105,-187,-92,-27,67,-80,-239,54,-34,230
9919,7,7,-56,23,-79,-138,11,-155,-278,234,-115,-15
9920,8,8,-46,-170,-176,-31,-123,-30,-132,-95,268,86
9921,6,6,64,-188,-77,-177,1,35,271,-230,-109,-179
9922,4,4,-123,37,-194,-171,137,-55,-150,53,-121,9
9923,1,1,-132,369,-104,-366,93,-200,-170,-9,-129,-247
9924,9,9,-2,-195,-117,-26,48,-77,-133,6,27,125
9925,3,3,-148,-23,-25,148,-102,-63,-279,77,-10,27
9926,8,8,-154,78,-63,-32,65,-45,-72,-77,85,-170
9927,4,4,-95,-12,-58,-147,231,-128,-118,22,-96,-123
9928,4,4,-81,1,-43,-170,276,-222,-201,27,-132,-90
9929,7,7,-88,1,5,-38,-80,-194,-363,249,-87,35
9930,0,0,237,-68,-68,-206,-175,-92,-36,-36,-168,-143
9931,1,1,-87,285,-95,-326,95,-166,-156,-2,-127,-159
9932,9,9,-81,-170,-63,-28,56,-95,-242,58,-29,209
9933,2,2,-15,-54,279,-40,-67,-227,-183,-44,40,-145
9934,8,8,-82,-125,-133,-15,-138,-20,-128,-97,254,86
9935,7,7,-118,-1,-9,-33,-24,-128,-318,194,-131,55
9936,8,8,-69,-169,-215,-12,-135,113,-95,-77,178,89
9937,2,2,-31,35,290,-61,-73,-208,-205,61,-90,-217
9938,6,6,-18,-78,-199,-135,67,67,233,-207,-133,-205
9939,0,0,231,-175,-1,-177,-24,-157,-64,-59,-198,-47
9940,6,6,22,22,-189,-299,29,-45,148,-89,-123,-213
9941,5,5,-28,-16,-186,25,-127,166,16,-99,-143,-79
9942,3,3,-331,-45,-198,404,-191,74,-356,33,-22,15
9943,3,3,-254,60,-109,274,-161,-15,-308,56,-44,-16
9944,3,3,-130,-63,-70,130,-144,59,-122,-55,64,2
9945,9,9,-139,-94,-176,-93,107,-22,-249,23,-10,209
9946,1,1,-87,308,-84,-332,86,-189,-168,-6,-124,-180
9947,4,4,-6,9,-97,-224,215,-98,-64,53,-265,-239
9948,0,0,122,-90,-81,-173,-96,-52,-86,47,-50,-53
9949,6,6,45,-107,-224,-194,52,17,276,-205,-162,-225
9950,1,1,-114,316,-115,-335,84,-169,-136,-26,-89,-198
9951,0,0,153,-15,-68,-217,-50,-157,-134,41,-126,-97
9952,0,0,246,-97,-9,-261,-156,-146,-49,-2,-136,-157
9953,6,6,50,-84,-193,-204,-1,-17,239,-165,-59,-197
9954,2,2,26,-54,332,37,-213,-334,-286,92,-71,-159
9955,1,1,-125,350,-66,-367,120,-219,-176,-21,-91,-278
9956,1,1,-112,344,-31,-328,78,-227,-203,14,-132,-226
9957,7,7,-113,12,-6,-14,-39,-186,-367,239,-121,25
9958,7,7,-153,37,-68,18,-115,-172,-409,260,-86,25
9959,8,8,-33,-73,-76,15,-130,4,-80,-56,102,33
9960,4,4,-120,9,-97,-197,256,-105,-167,69,-183,-81
9961,6,6,-21,-123,-184,-119,36,84,272,-214,-123,-195
9962,0,0,207,-136,21,-144,-104,-153,-107,-8,-81,-40
9963,7,7,-124,-17,-12,2,-37,-144,-379,237,-146,38
9964,0,0,201,17,37,-252,-27,-265,-61,-34,-165,-226
9965,3,3,-284,-35,-150,330,-127,3,-326,74,-87,15
9966,6,6,-6,-98,-175,-188,48,22,247,-165,-122,-202
9967,8,8,-65,-104,-163,-64,-106,58,-114,-80,177,71
9968,7,7,-177,31,-49,9,-78,-125,-386,243,-135,35
9969,1,1,-128,333,-114,-335,87,-180,-155,-9,-111,-209
9970,5,5,-89,-63,-247,62,-87,192,26,-107,-205,-59
9971,2,2,39,15,316,-142,-8,-252,-175,-16,-100,-233
9972,4,4,-150,41,-117,-213,295,-73,-153,16,-157,-114
9973,9,9,-81,-201,-103,-21,82,-108,-241,37,30,205
9974,4,4,-65,44,-121,-214,232,-74,-72,-8,-154,-157
9975,3,3,-161,45,37,123,-89,-139,-241,119,-7,-69
9976,6,6,22,-98,-142,-151,87,-41,161,-129,-91,-152
9977,4,4,-67,27,-173,-244,207,-42,-14,-10,-145,-180
9978,1,1,-151,380,-87,-347,81,-221,-221,24,-129,-225
9979,7,7,-92,-40,-135,-114,13,-108,-270,282,-134,23
9980,2,2,-23,-35,370,32,-326,-258,-360,160,-84,-198
9981,6,6,12,-124,-74,-91,45,-13,200,-196,-144,-246
9982,5,6,-4,-156,-137,-36,-34,111,192,-207,-170,-184
9983,0,0,231,-146,-174,-119,-217,28,-71,13,-115,-98
9984,1,1,-94,277,-119,-300,93,-131,-178,-24,-154,-117
9985,2,2,-110,118,266,49,-308,-338,-385,178,-45,-169
9986,3,3,-211,57,-74,254,-227,-93,-377,65,-48,26
9987,4,4,-222,110,-157,-282,402,-169,-262,22,-164,-136
9988,5,5,-124,-133,-320,-1,-152,346,-72,-30,-59,-19
9989,6,6,28,-241,-240,-142,-20,92,391,-314,-73,-255
9990,7,7,-160,79,74,6,-132,-283,-488,346,-153,-51
9991,8,8,-79,-81,-127,-40,-151,16,-156,-87,256,-6
9992,9,9,-82,-194,-111,-59,101,-45,-201,16,-83,215
9993,0,0,245,-273,-77,-113,-101,-93,-22,-76,-39,-55
9994,1,1,-52,319,-85,-378,100,-143,-120,-57,-175,-223
9995,2,2,-104,112,441,30,-350,-412,-387,161,-94,-276
9996,3,3,-88,7,-41,223,-248,-6,-350,47,-185,-31
9997,4,4,-140,76,-195,-285,311,-125,-168,42,-145,-143
9998,5,5,-85,-97,-339,-38,-81,241,24,3,-100,-83
9999,6,6,-53,-187,-199,-6,0,65,290,-231,-89,-241
