-0.0767078102
0.00202785083
0.15756996
0.117373355
-0.0551896654
-0.027128635
-0.00765749021
0.13531439
0.00326227816
-0.039629437
-0.0114531973
-0.0992815867
0.0327176191
0.0758071542
0.12594533
-0.15216887
-0.0215178132
-0.0385257341
0.0200751834
-0.0213188827
0.118197933
0.0454423018
-0.0264545809
-0.0536082275
0.0755424351
0.0711068138
0.107865937
0.0789763406
0.0202602297
0.0151572553
-0.00132764562
-0.0724897608
0.0975134298
0.13142404
-0.02046174
-0.153474882
0.146040648
-0.0062331073
0.0422815979
-0.0962559432
0.00152912759
0.0448431298
0.0528995506
0.149837732
-0.0632586479
0.00301629561
0.0512783416
0.0691064894
-0.0422281064
0.0210498981
0.016023552
0.120954394
0.0240198318
0.0165101718
-0.0483458266
0.140598357
-0.076693207
0.00119397487
0.125614911
0.228977934
0.146765366
0.0184043739
0.0691341236
0.0191146135
-0.020766817
-0.0110849952
0.0400871448
-0.0135503188
-0.0213373099
-0.0305321664
0.025754502
0.0661889464
-0.0193499289
0.0326371826
0.0141642131
-0.0905279741
0.0373822749
0.0151869971
-0.000175179724
0.0281001292
0.0857417062
0.0723844618
-0.0571468137
-0.0368281975
0.030191768
-0.0622577257
0.0101855127
0.00869915076
0.0163623113
0.0357543528
0.0156982783
0.047318887
0.0072338609
-0.00183692784
0.0380176753
-0.013745253
-0.0621574894
0.0171450432
-0.0822319239
0.0294102151
-0.0178067945
0.0245450027
0.0719750598
0.189015687
-0.0317474529
-0.0658374652
-0.0105589386
0.0233175363
0.0490728132
0.0745253414
-0.0464282073
-0.219434828
-0.0140833743
0.0297564603
0.0469562747
0.0166843571
0.0465482734
0.0238996968
-0.0502991676
-0.0115805976
-0.0118132727
0.0289237555
-0.0708313361
0.0490654074
-0.00835534371
-0.0372355394
0.0635921657
0.0853597745
0.0562568344
-0.0336802602
0.00750980526
-0.0605099909
-0.0431776494
0.106811009
0.105123177
0.0520032234
-0.0150420507
0.0368286222
0.0228192508
-0.0257678367
0.143891335
0.115266688
-0.0581536219
0.00874312036
-0.0148241129
-0.0028097739
-0.00870372821
-0.0253398232
-0.0466665365
-0.0332979709
0.0293216836
0.0970149487
0.00209450186
0.070652388
-0.000315902464
-0.0413843021
0.0490054749
0.0873210579
-0.0225899145
0.00725631369
-0.0516141765
0.0100651328
-0.0997479856
-0.154323891
0.0119009456
-0.00682313833
-0.0670847148
0.0438173153
0.0421998575
0.0163515434
0.131456465
0.118614443
0.0869117603
-0.0179459136
0.0810825005
-0.149827302
0.0217472427
-0.0634437427
0.0128564863
-0.00971823093
-0.00761706894
-0.00655183569
-0.0236034412
-0.00610366231
-0.0133433463
-0.11860548
0.0231623743
0.0201744363
-0.0805923343
-0.0411241688
-0.0465183109
0.102014922
-0.0645984858
-0.0931993276
0.0221446883
0.101944536
-0.0987349004
-0.0694953799
0.0363240875
0.104019403
0.115235679
0.00852906518
0.0691428706
-0.00613197917
0.208036512
0.086774677
0.0543439873
0.0507198684
-0.015972171
0.0552458242
0.0838493109
0.0696599334
-0.0734382719
0.0554311126
0.0791327283
-0.0813094825
-0.113686211
-0.0845069662
-0.00801223144
-0.0115751773
-0.141064152
-0.0320898071
0.0492091477
-0.0663987994
0.0770290121
0.0109053599
0.0326122902
-0.121867344
-0.0421008244
-0.0523555912
0.0270006508
0.141285926
-0.00415460952
0.0620599277
0.0370826945
-0.0795117021
0.0729918033
0.0097896792
0.0130257523
-0.130945951
0.0327801071
0.0831933841
-0.0448480286
-0.043328099
-0.0247061308
0.0254549496
-0.0383212939
-0.0764388964
0.0480072126
0.00190641196
-0.0776787847
0.0857299119
-0.0231382716
-0.00861284882
-0.0352600552
0.17113106
-0.0203108694
-0.073958382
-0.058178097
0.0765299499
0.0149834948
0.00939601753
-0.0980835184
-0.0551855378
-0.0718363896
-0.0844917446
-0.0342773683
-0.0488175154
-0.173291251
-0.0841095746
0.0762064606
0.190542579
-0.000585258065
0.0287254639
-0.0440307707
0.0355009884
-0.102467135
-0.0536102541
-0.0504331067
0.015831314
0.0612709709
0.0137318149
-0.0473836772
-0.0121771721
0.111756273
0.0377232917
-0.0262771919
0.0136639494
-0.00255771377
0.133770496
0.0696433112
0.0909291953
0.114853956
0.0683563873
-0.0171656683
-0.00944004394
0.146257326
0.141392291
0.0341052599
0.0055296612
0.0359906629
-0.0533012822
-0.0769351646
-0.0851190537
0.0246253721
0.00485372078
-0.160003915
-0.119053096
-0.065926224
-0.0443318412
-0.0233127717
-0.129481539
-0.00977778155
-0.0734389946
-0.0896065459
0.0538458191
-0.129806966
-0.0512173064
0.0957764089
-0.102241002
-0.0585396737
-0.0417736433
0.036793869
0.0220702887
-0.0721957013
0.0321618095
0.0572457388
-0.00886786263
-0.0136593506
-0.0359888859
-0.03815604
-0.000663660234
-0.00712123374
0.0118351951
0.0479604974
0.085148029
0.165159002
0.0972872153
0.0407497995
-0.0338515416
-0.0460489579
-0.0622814558
0.0131728631
0.112842187
-0.0468616523
-0.0274350047
-0.0238603484
-0.0107759451
-0.0044637043
0.0803782865
-0.0340598188
-0.0241489913
0.0663894936
-0.0127215628
-0.072425738
-0.117163695
-0.0491284393
-0.0604360886
-0.00142568594
0.0990236551
0.044965636
-0.0740123391
-0.0536878556
-0.187935382
0.042006705
0.03902236
0.0676436573
0.0077730543
0.00653539924
0.0716529265
0.0309394952
-0.0062211724
0.0917659923
0.102185383
0.099155128
-0.122667849
0.0209133737
0.0033338517
0.0680608451
0.0599928498
0.0167141333
0.037204273
-0.0663038567
0.098389335
-0.00789898634
0.028672399
-0.0461065285
-0.0987102389
0.00786422752
-0.0754614547
-0.0537832454
-0.0317900628
-0.0357904807
-0.123097122
-0.019091757
0.0440482572
-0.141892254
0.0288851708
0.028482236
0.0655194297
-0.0238621645
0.0993620977
-0.0291602369
-0.0236238129
0.0819035843
0.0443560593
-0.042344939
-0.0401768349
-0.0921137333
-0.0597572289
-0.0767146349
-0.0470010266
0.017808916
-0.0186010133
0.0216027312
0.0393415168
0.0338078588
-0.084639892
-0.125297114
-0.116569191
-0.104198664
-0.0491814055
0.130983368
-0.0199880395
-0.100139491
-0.165284514
-0.0194002911
0.0749521479
0.126200736
0.181161374
0.0439999811
-0.0434822105
-0.0103135742
-0.00640550628
0.0269918814
0.0795233846
-0.016981991
0.0684202462
0.0982026085
0.058312837
0.114724331
0.0429587476
0.0480697528
-0.07511314
0.159605443
0.0164842345
0.0200975314
0.0774576813
0.00416579191
-0.0382076576
-0.0609457344
0.0942599699
-0.207304701
-0.0882325321
0.059377823
0.00923467055
-0.106054492
-0.107527435
0.028764667
0.0384062342
0.0376747958
0.021444317
-0.0312539823
0.0503993705
-0.22080113
-0.0679342076
-0.0178644694
0.0852127746
-0.089684017
0.0273523703
-0.0294566378
0.0494272448
0.0541806705
0.0536735468
0.0485377163
0.0549436361
0.0381543711
-0.0894816145
0.0371395163
0.16893144
0.00100007222
0.00444692234
0.0304081794
0.023925785
-0.0859681666
0.0570200011
0.10344936
0.0977362767
-0.0272398349
0.0723795593
0.059553057
-0.126321316
0.0532448478
0.0654756203
0.0463713706
0.0240170807
-0.00553448638
-0.00591075234
0.0632200986
0.0742736012
0.015086771
0.162873134
0.0996058583
-0.0148629844
0.0473349616
0.122264259
0.0367391631
-0.110279769
0.121592268
0.0451926999
-0.0176298022
-0.107643604
0.0348132774
-0.0227489304
0.0314501263
0.0425715856
0.0488154553
0.0404057615
-0.0194894467
-0.0529629774
-0.0663044676
-0.00923363492
-0.0654258952
0.0415512472
0.0490900129
-0.0713788718
-0.056768354
0.0419878587
-0.0480708219
-0.0629880652
-0.0612248592
0.0241492484
0.00386944949
0.0424792022
-0.0483075604
-0.00838714559
-0.0239726789
-0.0683446452
-0.0614331625
-0.0023337563
-0.0377849154
-0.0455460586
-0.0547809936
0.0449430943
-0.0562949553
0.00783739891
-0.0686023608
0.0177757535
-0.0453308262
-0.000356213481
0.042580083
-0.0515980572
0.0304186009
0.0213082992
-0.00988015253
-0.0230919551
0.0603266954
0.00240967888
-0.0339894146
-0.0179320239
-0.0316365473
-0.0456634499
-0.00471787248
-0.0616129227
-0.0342441797
-0.0527087189
-0.0676698014
-0.0353887156
-0.00584304566
-0.0426729582
0.0160966869
0.0486217514
-0.0409750603
0.0332732014
0.0275040679
-0.0490121357
0.0255383067
-0.0189268216
-0.0336438455
0.0285910033
0.0290081687
-0.0055540232
0.052612666
0.0106098652
0.0236924458
-0.0526858978
-0.0487916917
-0.0201387834
0.0150763383
-0.0516228825
-0.00796669163
-0.0287059601
-0.0689770058
0.0151420133
-0.0230965186
-0.0680599883
-0.0573990606
0.0527741648
0.0392602272
-0.0443101674
0.0485203527
0.010284503
-0.00562747056
0.0231682695
-0.0518341735
0.0493799672
-0.065374583
-0.0399668254
-0.00103781011
0.0475710481
0.0433357805
0.0379125476
-0.0638502985
0.0259980466
-0.0558576696
-0.0523120239
-0.0673176423
-0.0415216163
-0.0707852617
-0.0460869446
0.0281956289
0.0110751316
-0.00962466095
0.0295450334
-0.0383750275
0.0253742337
0.0237986557
-0.0633073673
-0.003932436
0.0445890613
-0.0319956541
-0.00188171549
-0.047170721
0.037941929
-0.00769421132
-0.0488408431
0.0195615441
0.0206785183
0.0479557849
0.032792002
-0.0488870069
-0.0600235164
-0.0237008091
0.0464683101
0.0313089415
0.0495090373
0.0160437115
0.0426598005
0.0449263379
-0.00859346334
0.0253129154
-0.0596401878
-0.0240816791
0.00997829903
-0.0060861907
-0.0530115701
-0.0312723331
-0.0164452847
-0.0521379672
-0.0669419616
0.0182873383
-0.00275746942
0.0134862084
-0.0489757434
-0.00100192812
-0.013913868
0.0361073427
-0.0523506999
0.00961293932
0.0349255353
0.0125625469
-0.0400887057
0.0182063188
-0.0543745235
-0.0291265734
-0.0166000593
0.00347337686
0.00719412742
-0.0374508612
-0.0283910856
-0.0573155098
-0.0154236248
-0.0302402414
-0.00905615743
-0.0483807623
0.036109075
0.0224100463
-0.0131054102
0.0109641086
0.00787644368
0.0235093068
0.016559124
0.00943399966
-0.0252434164
-0.0319199078
0.0491512008
0.0248628333
0.0287537761
-0.0703281537
-0.058610104
-0.0618972406
0.0248677954
0.0368835628
-0.00481297309
-0.0028933119
-0.0324744731
-0.0279180929
0.0118058119
-0.0293494891
-0.0532979779
0.0420676731
-0.00681825262
-0.0123131061
0.0298584606
0.0262137558
-0.0183222778
-0.00366944144
0.0259803608
0.00542207761
0.0514093675
-0.0290197264
-0.0180324819
-0.0088101374
0.040884003
-0.056003198
0.0225794204
0.00594453141
0.0149046564
-0.0311326273
-0.0208868161
0.051615946
-0.0479011312
-0.0267535299
-0.0384998769
0.0503027476
0.0497536808
0.0440487042
0.0241910946
-0.057890147
0.0150604788
-0.0192964934
0.0112634096
-0.0154292639
-0.0240526162
-0.0642160401
-0.0650049299
-0.0040235091
-0.0515932217
0.0294676628
-0.0193323698
-0.0300769433
0.00315535301
0.0531150512
0.0124438396
-0.0150122615
-0.0691791475
0.051853966
-0.0428793058
-0.0157083329
0.00441191392
-0.0704579651
-0.0608370453
-0.0151089551
0.00359587418
0.025581222
-0.0572784245
0.00819797721
-0.00359374518
0.0064398325
0.0651909932
0.0628003553
0.060559351
-0.059152443
-0.0380518883
0.0878848657
-0.0271149483
0.067884706
0.0613120124
0.0578466989
-0.0580129698
0.0597733669
0.0888418406
-0.00600319728
-0.290345877
-0.0370701328
-0.103451774
-0.038091097
0.0184046663
0.120183259
-0.0459331758
-0.0162982345
-0.125010118
-0.00204457156
0.017409984
-0.0243915357
0.00626158575
0.049564369
-0.073592402
-0.0588822588
0.0523125045
-0.0130501688
-0.0316913463
-0.0677600503
-0.171074092
-0.0230573956
0.0379469916
-0.0887164921
-0.0620101504
0.0203712936
-0.0341975205
-0.0826715976
0.159554884
-0.0341948383
0.0692785308
0.0446319394
0.0862536877
0.000706055784
0.0885747522
0.0606665127
0.13838993
-0.00761245424
0.109192409
0.0193379074
0.0660455972
0.0628759712
0.0602329709
0.0397277586
-0.052819822
0.0637620911
0.0203032792
0.0127179846
-0.0431324728
-0.0183765683
0.00300610904
0.00360771664
-0.0897059888
-0.0340484641
-0.017647082
0.0502092242
-0.0353913046
-0.0985170379
0.106043443
0.0207742658
-0.0891148895
-0.0255026445
-0.0204075668
-0.00798736233
0.0432675965
-0.248521805
-0.112732381
0.00926166866
-0.0302079655
0.0742147341
0.0299470704
-0.0813893452
-0.0483779125
0.0366383269
0.00427329401
0.0136205899
-0.0406278186
0.0834366679
0.0493462607
0.024938466
-0.122618698
-0.0251516048
0.0349151976
0.0537108816
0.121053204
0.021925455
0.0712378174
0.0829319432
-0.0083432151
0.0225327723
-0.0348109975
-0.0172553305
-0.164884984
-0.0179960504
0.0164430812
-0.051636599
-0.251024544
-0.0250497162
-0.0186891109
-0.0778943747
-0.115173846
0.0310557373
0.0404598638
-0.10679739
-0.077028729
-0.024430437
-0.0456622802
-0.0355912596
0.0861881003
-0.0679800957
0.0055949986
0.0491999537
0.0997067541
0.0638895109
0.0515369177
0.0539362058
0.144963145
0.0399525017
-0.0309799705
-0.00241265213
0.0380382538
0.0951957107
0.100093991
0.0643248856
0.0930501893
0.0394434221
0.141357377
-0.0994836539
-0.0751436353
0.0186828095
-0.0153608965
0.0956870317
0.0756130889
-0.081968829
-0.0191533081
0.0779324472
0.0858477801
-0.0226418562
0.0804394707
0.00798232667
-0.0669132844
0.0408539809
0.00694669457
0.045399826
-0.0807883069
0.0563852973
0.0419030935
0.107747957
0.0709754005
0.000224049436
-0.0659770817
-0.0269342028
0.0473398305
0.0755555928
0.139054701
0.102064677
0.0846707374
0.0314089283
-0.0345050618
0.131430089
-0.192491084
-0.0326005779
-0.0329276174
0.0126925977
-0.0458733775
-0.0134720458
-0.0506349839
-0.0335945226
0.0108728036
-0.044678241
0.0309225246
0.0199439079
0.0421294048
-0.00654224027
-0.112566419
-0.0228056367
0.122830085
-0.214947835
-0.0274245832
0.0288192555
0.017729735
-0.180740476
-0.0484101027
-0.0575987883
0.0865091458
0.0816761553
0.0507641807
-0.00327967457
-0.0820922703
0.0633058399
0.0805560425
-0.0497063249
-0.0441346169
0.0733661279
0.132166669
0.138475329
0.00634188112
-0.0720192492
0.112054072
0.0823500752
-0.098471947
-0.069486551
-0.0615690276
0.0058989306
-0.106885955
-0.119193263
0.0386311337
0.108654164
0.00604749098
-0.15776661
0.0335319638
0.0255951397
0.0752722025
0.0364017002
0.0756149963
-0.0721987858
-0.0318134353
0.0815214068
0.0186629053
0.031657096
-0.0688855574
0.0493846834
0.0199806448
-0.116253912
-0.105457999
0.0156157324
-0.04103655
-0.0713508949
-0.0123639423
0.0296827741
-0.0547347814
-0.0409419239
-0.059846431
0.0491825268
-0.0186387356
-0.0190881323
0.0546404012
0.00911892485
0.0265260208
0.0356910191
0.185023889
-0.033709418
-0.0417135358
-0.0747468397
-0.0803940892
0.057836514
0.0154987713
-0.123701014
0.115387261
0.0477015674
0.0568362512
-0.0787977502
0.0486661345
-0.00634197798
-0.118653707
-0.0988628343
0.0314670503
-0.0255055837
0.049062714
-0.0386232212
-0.0183735788
-0.0510817617
-0.0378501862
0.0621071793
0.0487902462
-0.0415926091
0.0299168024
0.00548872864
-0.0325911641
-0.0878595859
-0.0218429435
-0.0449584387
0.0217905603
-0.0367139764
-0.00372532266
-0.0867195651
-0.000786470657
-0.10428948
-0.0846963078
-0.100139506
-0.136440188
-0.137040764
-0.0958443508
-0.0192884151
0.0255791321
0.0976116732
0.0296682026
0.0280365609
0.0465149358
0.0570948422
0.0511736907
-0.105037391
0.00468634488
0.0329077952
-0.0913455039
-0.0633636564
0.0361769833
-0.0239626281
0.0481765792
-0.0262229275
-0.150108114
0.0433028005
0.0363225304
-0.0618711412
-0.144331098
0.0399004668
0.0382574648
0.0379456282
0.0677571148
0.0190018974
0.0689333528
0.0216663461
0.00993467122
0.058925923
-0.00769514311
-0.0280020945
0.0696805865
0.0504417233
0.0415388867
0.0354270972
0.0850870535
0.0785633475
0.092143029
-0.0163294785
-0.0192585494
-0.00864549074
-0.00598230073
0.0632288828
0.0533193611
-0.094567135
0.0175961796
0.0746871606
0.0433447324
-0.0499553792
-0.0323329493
0.0434070937
-0.021258397
-0.0533596501
0.0546928868
-0.0477641262
-0.0547393598
0.0492081083
0.0343616605
-0.0290379059
0.158315733
0.0178304315
0.0658768192
0.00433298806
0.0115761608
0.0177711584
-0.0535875671
0.0180675182
0.115729012
-0.0475936048
0.00554207433
-0.0666608661
-0.0557522066
0.057168562
-0.0403057747
-0.0283732638
0.0478019193
0.0100321574
0.0246184282
0.0899011493
0.00197902345
0.00378724351
0.05680627
0.0912021846
0.0572025701
-0.0714892
0.141938984
0.126054674
-0.119094439
-0.0523929186
-0.00909559708
0.0404059626
0.0590669736
0.110313445
0.00485181622
0.0145060644
0.024816297
0.0736148655
-0.0800246671
0.0658017993
-0.0816553831
0.000933957286
-0.0953963548
-0.0550250039
-0.166592643
0.0334513113
0.0545926094
-0.0535240769
-0.00902343914
0.0322042927
0.0211582035
0.116208397
0.0751251057
0.109484881
0.0937574133
0.0477370843
-0.0228647962
-0.0221056025
0.116215274
0.0978046805
-0.0325705074
-0.0649576038
0.0799866021
0.113069683
0.0803439468
0.00907967985
-0.0404179208
-0.0118129216
0.077259995
-0.118470788
-0.0478260517
-0.118255995
0.0304360166
0.00896828156
-0.0474932864
-0.0214966927
-0.00126722245
-0.026674496
0.0318727195
-0.0119449468
0.00746504357
-0.00249986839
0.0178101659
0.0338418595
0.04731052
-0.0293641761
0.0597258098
0.0659836233
0.0560410619
0.133119658
0.0443998016
0.0417908169
-0.000284138718
0.10995052
0.0248376951
0.0430802926
-0.109098941
0.115425952
-0.0273632687
-0.0300021283
0.000418154348
-0.0204051193
-0.228410289
-0.16722104
0.00086105353
-0.169986606
-0.0503859594
0.00799681619
0.0308393799
0.00772181759
-0.0234101787
-0.0721923858
0.00553122023
-0.019930141
-0.0331211761
-0.00785027537
0.0448165014
0.0331897326
0.0063437568
0.00399804255
0.156617776
0.146438867
0.0450678915
0.0653401315
-0.10242188
-0.0301016979
-0.0535546429
0.0727513283
0.0339067541
0.0312134158
0.0821698233
0.0646004155
0.0441740304
-0.00140037353
0.0487737469
-0.0359326601
0.132924214
-0.0277901813
0.0634828955
-0.0539772436
-0.0329300985
-0.0637968034
0.00845147111
0.0208024569
-0.00166785903
-0.0737502128
-0.00692901714
-0.00315615023
-0.00287986826
0.0205160156
0.0538942367
0.0631282926
-0.0154648935
-0.021736851
-0.00467471872
0.0668558478
0.295734227
0.0298014544
-0.10662923
0.0826746747
0.134858668
0.0763554126
-0.146955475
0.0345138237
0.0737606734
0.0124235693
-0.0459894836
0.093398504
-0.0586024635
0.0453240685
0.0156299416
-0.0257162601
0.0224787556
0.070338361
-0.049455408
-0.0454290062
-0.0716316774
0.0624430887
-0.143022865
-0.11203821
-0.0223869234
0.0885685086
-0.0475434326
0.0662593544
0.02554214
0.022775244
0.040697597
-0.0495440066
-0.0847378075
-0.00790326484
-0.0172784831
-0.0851085186
-0.105778262
-0.0357930474
0.0575763024
-0.0244420674
0.000928064634
0.0564648136
0.00587042049
0.0195908546
0.0436687358
-0.0334781893
-0.0670340434
-0.189806551
-0.0957116336
0.051450517
-0.0104132025
0.0426642783
0.109674834
0.0424633324
-0.121155933
0.118021257
0.271885484
0.0956724957
-0.00537315384
0.0360179245
0.0200194418
0.0185834188
0.0401010923
0.0122789498
0.0793303624
0.00412118621
0.0289035272
0.0907684118
0.0122847753
0.0398155004
-0.0387613624
0.0684837103
-0.0159475617
0.0218730047
0.04452084
-0.000873771263
-0.00954387151
0.00640990958
0.0494319946
0.0231805593
-0.129709587
-0.0255368166
0.017421905
0.030300511
0.017396532
0.0744608119
0.00231429073
-0.0881380439
0.0797441378
-0.0231513008
0.0398201756
0.0656834692
0.0477704555
-0.0263406523
-0.0533572771
-0.00608684402
0.0194963999
0.0482251309
-0.0157439057
0.0365763344
0.147741705
0.0645743608
-0.0647864267
0.0700515881
0.174976498
-0.0274575781
0.00641213777
0.0782744661
-0.0759608224
-0.0252181403
-0.0446634442
0.104868487
0.0459476598
-0.0309327655
0.00498662936
0.0114427302
-0.0489113554
0.0446501561
0.0710550249
0.0130233075
0.0277928133
0.0558201857
0.0988968313
-0.023513766
0.116505168
-0.0459322855
0.0457722433
-0.108668044
-0.275247276
0.0259351507
-0.0119628692
0.177662656
0.0773493126
-0.0281181205
0.00808035769
0.106995672
0.0594023466
-0.0983105972
-0.0165641122
0.0632151663
0.0249011219
-0.0349120051
-0.053212475
0.0249807443
0.120926775
-0.0585679598
0.0532831997
-0.0204502288
0.0379103608
0.0619331412
0.00889317412
-0.109227784
0.0759572014
0.0675467551
-0.0382218957
0.0138413617
0.0574985854
0.108901605
-0.0156322438
-0.332035452
-0.339924008
0.0739348158
-0.0936156884
0.0684906766
-0.0451663956
-0.0248077605
-0.167962566
0.130134642
0.13519083
0.164031237
0.00654355064
0.035004206
-0.00481442595
0.0786394477
-0.0291984156
-0.0849429518
0.00449454831
-0.0639941767
-0.0225849692
-0.0559800602
-0.0167952776
0.0564455874
0.0696703568
-0.0396202207
-0.050435558
0.0401416421
-0.00378487306
-0.0626619235
0.00441682059
-0.0916688144
-0.105521373
0.0238031056
0.109077975
0.0536857247
-0.0694482625
0.0416740216
0.00123146665
0.0653725713
0.00743226334
-0.0199803617
-0.0965156108
0.218040064
0.105146572
-0.0403431281
-0.156297326
-0.151534095
0.0591055304
0.196814358
0.0905523598
-0.149157852
0.0275294706
0.18667686
0.14205125
0.0783180743
-0.0564071499
-0.0768845826
-0.00655304221
0.00928792823
-0.0163052883
-0.0920286849
-0.0997286588
-0.0124631636
0.0243260805
0.0140012242
-0.0184386354
0.0599367693
-0.0276845079
0.00988814235
0.0690230951
-0.0136212949
0.00153191388
0.0327257328
0.0286408942
0.102069236
0.0443862602
0.00824642833
-0.0271921791
-0.0269307029
-0.0244017821
-0.0536398478
-0.140975341
0.046559412
0.0297811776
-0.00312752649
-0.111040525
-0.00112898008
0.104200646
0.0137853082
0.0128335021
0.0207552463
0.0778004602
0.0194130763
-0.0140617872
-0.117226236
-0.0523228832
-0.0599111617
-0.0126973046
-0.0805951655
0.0401609801
-0.0112902997
-0.225313053
-0.0513653345
0.00116326369
0.0356007405
0.00266330456
-0.188094899
0.00720155658
-0.00650929939
0.0492493585
0.0509806089
0.0778354704
0.156923592
0.114223838
-0.00398013508
0.063043803
0.0488853678
-0.0534403324
-0.0768457502
-0.0599218011
0.0170906447
-0.0135532292
0.16178219
0.0599017516
0.106567174
-0.0207852423
0.0771487132
0.118164256
0.0245980527
-0.0654469281
0.116969474
0.0863944516
0.0107690552
0.0981612504
0.0708062276
0.0239788238
0.0484266318
-0.117548302
-0.027035553
-0.00691610295
0.0561358854
-0.106864661
-0.134535611
-0.101437278
-0.0100801829
0.103598855
-0.143513054
-0.0435150824
-0.012477234
-0.0205041263
-0.0790452361
0.0390053242
-0.0895428881
-0.0336932391
-0.217224196
-0.0136340847
-0.0114921229
0.0406949297
-0.0463691466
-0.0070473128
0.112764575
0.0201787744
-0.0120537262
0.0393029116
0.0518741421
0.0592051484
-0.0162872411
-0.0385141335
0.0214783866
0.017196184
-0.0173068568
-0.0124174971
0.0823625475
0.0337704234
0.00905297976
0.0439545512
-0.0440482721
0.0122275911
-0.03186078
0.00631645974
0.0239984728
0.0402106717
-0.0674140304
0.0364518389
0.0412933938
-0.0494945981
-0.0307740457
-0.0411315039
-0.00824604183
0.0993049815
-0.070001334
0.00882622134
-0.00840005185
0.0474537462
-0.0793838203
0.123285323
-0.0343777761
-0.0829529315
-0.0159038249
-0.0121480487
-0.0649573579
-0.036287263
0.0325620808
0.0552315675
0.0708843246
0.0646044016
0.0361371562
-0.0206623115
0.0535958447
0.0482471995
-0.0766315907
0.0201636963
0.0235632304
0.0937865078
0.0747797042
0.018482862
0.00537058525
0.0444637053
-0.0631991252
-0.0207433663
0.0145290587
-0.111943372
-0.109808393
-0.136802003
-0.1399187
-0.0465242751
0.0329745337
0.013096733
-0.131724685
0.0731848031
-0.0618894063
-0.0881539881
0.0112959528
-0.0791612715
-0.257914066
-0.0370844007
0.0735443309
0.0697697848
-0.0486944914
0.0161971506
0.00770441769
0.00838226546
-0.114192635
-0.0439971425
0.0864168778
-0.00158189354
-0.0829954743
-0.0182391666
0.00786757935
-0.047425881
-0.0922887176
-0.0632546544
-0.0599611402
-0.0408328809
-0.0680160448
-0.0801265538
-0.0639915317
0.0986368656
0.0904393345
0.235674784
-0.0852584019
0.153314397
-0.0616746508
0.0374724604
-0.113964215
0.000116779185
-0.000219272872
0.115032539
0.0279083345
0.102718771
0.0728947148
-0.00455579115
0.104202718
0.037661396
-0.0854522362
-0.0635868981
-0.0276310574
0.0232425239
-0.0180906802
0.00326588657
0.0350085683
0.0408125035
0.0505009182
0.0112914937
0.0245058164
-0.0673405975
-0.0943621248
-0.0897996724
0.107010469
0.0862901062
-0.150199682
-0.07468649
0.0278108306
-0.00929952879
-0.264915586
-0.0193374567
0.0298017915
-0.0140587529
-0.0446978509
0.0270144697
0.0930488333
0.0105054537
-0.0120718786
0.115244471
-0.00370442588
-0.0582023785
-0.0632249489
0.0317320637
-0.0452656038
-0.00792896841
0.0350475609
-0.0355447009
0.0150367906
0.022070989
0.00112462521
0.12156105
0.0637501329
-0.0236277226
-0.00109426479
0.00556299137
0.0951389149
0.0118865948
0.00697483355
0.080180876
0.137327328
-0.0302852951
-0.00645866338
0.129359484
0.0906990021
-0.038058579
-0.108190164
-0.0160055105
0.0141470674
-0.0220905691
-0.0600050911
0.0818521082
0.0651753247
-0.00367700448
0.0317995735
0.0541634224
-0.00554139633
0.0791657791
0.0765385479
-0.0281044971
0.0588751212
-0.0241696313
0.00160248962
0.00780620985
0.0213212073
-0.0264239274
0.0574217215
0.0218773242
-0.0492708571
-0.0335207507
0.0417969078
-0.0821388513
-0.118816428
0.00617778488
0.0503395908
-0.0506035946
-0.11463815
-0.169839993
0.0691007003
-0.0809821188
-0.0659512803
0.0679041371
-0.00204833271
-0.00252917712
0.00231969799
0.0212840382
0.0104931621
0.112084799
0.100028977
0.0436752923
0.129742339
0.084332183
0.0215411708
0.0553269871
-0.210360095
-0.0801884606
-0.108477019
-0.0323288739
-0.063212499
0.0203932151
-0.0251982361
0.300378293
-0.0691850781
-0.119073816
-0.00539367786
0.051304087
0.0697509274
0.0430616923
0.114766702
-0.0135812508
0.00916237198
-0.0160151944
0.0161060467
-0.11344859
0.0275985934
0.0509004518
-0.0552613921
-0.0822433308
0.0810675174
0.00699787959
0.0434519649
-0.142169267
0.0142021375
-0.0200751312
-0.0665053725
-0.1137022
0.15310891
0.0249120034
-0.00732581131
-0.074399285
-0.0077741947
-0.0283132251
-0.0359037332
0.013752128
0.055973839
0.0872978047
-0.028113341
0.0288631488
0.0220229626
0.000943583553
-0.0560686439
-0.00664355559
0.0762948468
0.0385065638
0.0706187114
-0.0109252958
0.0319973715
0.0850024447
0.0916142762
0.082834594
-0.125348449
-0.0380472429
0.0382611342
0.0441652276
-0.0128358351
0.00376830483
0.12686564
0.0854851678
0.0778623223
0.071607396
0.0491330847
-0.00370888691
0.000396238262
-0.0623404086
0.0154033424
-0.125430748
0.0110196723
-0.0077230488
0.00594208343
-0.0468827449
0.0204509832
0.0699499547
-0.069809027
-0.0779332966
0.115189925
-0.056978371
-0.103393964
-0.0726922378
-0.0928898379
-0.00502045592
-0.000870691612
-0.0691924691
0.0191040505
0.0214924831
-0.057240244
-0.0814816952
0.0635472611
-0.00133916305
0.0559084825
0.0702195913
-0.0156942159
0.0643901974
0.00545082241
0.0346561112
-0.0417992473
0.133183956
0.00884914305
0.0271592382
-0.0144722769
-0.0280078799
-0.0199877732
0.0431234427
-0.0227344837
-0.0167602412
-0.0692453012
0.00381383579
0.035425026
-0.00971474685
0.0830764994
-0.0629457012
0.0205561109
-0.0472608842
-0.00408128044
-0.0627064705
0.0458058417
-0.0314153582
0.0553562865
-0.0983390287
-0.00938946381
0.059041243
0.0502478853
-0.0534385592
0.0926470906
0.120837204
-0.0433804914
-0.00685525173
-0.0598131381
0.124071263
0.079468444
0.061021518
-0.0617940798
0.0215232987
-0.0796957985
0.0578127988
0.0406351164
-0.122988306
-0.0015639764
0.0623061508
-0.0679252595
-0.0043944465
-0.034670312
0.0546197481
-0.0794543698
-0.0338647105
-0.0560448281
0.035384614
0.041332677
0.127995908
0.131252646
-0.0176188946
0.0862552971
0.0428262204
-0.0314928629
-0.0332629122
-0.0962023661
0.064150326
0.0715412274
0.0572115257
0.170857236
0.0263502672
0.0228641424
0.0583164729
-0.113583811
-0.0496088378
0.0279694572
0.0348505862
-0.0151469121
0.089715071
-0.0210487675
0.0662191436
0.0247410052
0.0122768758
-0.068636857
-0.0482043289
-0.0448022932
-0.0925329849
-0.0420507081
-0.0848298147
0.091210641
-0.0225533955
-0.0760023668
-0.0483968146
-0.14337182
-0.0492283516
0.0521966256
-0.0128159309
-0.0842742696
0.0155775109
0.0871414244
0.103924572
0.00370168569
-0.0976780802
-0.0314422548
-0.00542596867
-0.151064962
-0.113457367
-0.00019329261
-0.00632361369
-0.026530996
0.109939873
0.0549098589
-0.0419007726
0.0848554596
-0.00963405054
-0.0447390154
0.056709677
-0.00367555092
-0.0334431157
-0.00777143193
0.0456525274
-0.00431257393
0.148174778
0.119908169
0.0556823052
0.000480339368
-0.052960407
0.0730856135
-0.054461658
0.0241727047
0.063746646
0.0579414517
0.0267648753
-0.0215775725
-0.0478720181
0.0917406008
0.0510526337
-0.0196362678
0.0199238081
0.0867911205
-0.199550718
-0.0527957566
0.0674462393
0.0518471189
0.0148369148
-0.169278592
0.00624804106
0.0322263539
0.0293778889
0.0462635346
-0.0545987301
0.0264518168
0.0105216941
-0.0508075655
0.00638000108
0.0147457821
-0.0376253501
-0.037706472
0.00625979807
0.0159409195
-0.0121693471
0.0825336576
0.024823023
0.0789347813
-0.0280314386
0.153956324
0.0963299125
0.0767387897
-0.149644762
0.120818757
-0.0131399371
0.0391058065
0.0389408618
-0.0179175399
0.0977815315
0.0138879772
0.0132452203
-0.0358664654
-0.0735670105
-0.0562566444
0.0436947644
-0.0575798154
-0.0934218764
0.0449880064
0.142065614
-0.0753608271
0.0265752152
0.0321106613
0.0263861381
-0.0835930556
-0.00296296086
-0.0407575145
0.0142322648
-0.120518394
-0.0729025677
-0.00814210158
0.0542080849
0.0823041946
0.0114049911
0.0895982087
0.104174539
-0.0642553493
-0.0298114456
0.0463350154
-0.0102965469
-0.0801266208
0.0183320735
0.0322564058
-0.0111806635
-0.0897459537
0.00209616637
0.0646141693
-0.0250713266
-0.0181667525
-0.0226652715
-0.0143812271
-0.0524968728
0.0874824077
-0.0317864642
0.0551195033
0.0798276812
-0.0140510481
0.0269487612
0.0314842686
-0.084049128
-0.0321585536
0.01461777
0.0406035222
0.000353254436
0.00733652618
0.0311513674
-0.0529040545
0.101922527
-0.00527078984
0.0927094668
0.0350654498
-0.0482501276
-0.0243106987
-0.0124825127
0.0114738876
0.014894139
0.0644651055
0.0442614742
0.0752039254
0.129294887
0.0175486151
0.0442329161
-0.0508806072
0.0249615163
-0.0170686413
-0.0163007192
0.0464639701
0.0455262288
-0.0595406443
0.0753899738
0.073899202
0.0335567668
0.0249905493
-0.104818352
-0.0822519064
-0.0887783617
-0.0115700448
-0.071437113
-0.0426393412
0.102139406
0.108755253
0.0778812766
-0.0654763952
0.0566907041
0.0323131531
0.0407735892
-0.0493398309
-0.117960706
-0.0483254641
-0.00836788397
-0.0576921888
-0.0651858672
0.0398745909
0.067354776
-0.0122992964
0.0329715721
-0.0667371824
0.0407285914
0.0728298724
0.0788846239
-0.0700662807
0.00469578011
-0.0183453076
-0.071325101
0.00491991546
0.0496218614
0.00735305715
-0.054834161
-0.0719357803
-0.264886528
-0.112335153
0.14936614
0.0115211233
0.140350953
-0.068214871
0.130288586
0.000545630697
0.162605435
-0.0977823213
-0.0350065939
-0.0786433071
0.0714691803
0.00118958799
-0.0716842785
0.0824631676
-0.0652526617
0.0596104898
0.060464099
-0.0759205818
-0.0427804478
-0.011537265
-0.0308382791
-0.046597518
-0.0924705416
0.0762699321
0.127404228
0.0712414086
-0.0646969602
0.0264502876
-0.0394424871
-0.275857925
0.0136123458
0.0661291406
0.0655923635
-0.171941534
-0.00953226443
-0.00293846661
-0.0379852466
-0.0793330371
-0.0536630899
-0.00915356353
0.0553387441
-0.0901926756
-0.0463107489
0.0587529503
0.0880293995
0.0845210627
0.152400807
0.0228503123
0.0369483083
0.000865659444
0.0593405031
-0.0136546716
0.000544388837
-0.000618702092
0.00169975951
-0.0302149933
0.0322689489
0.101588391
0.00577873131
0.0705524459
-0.00147614465
0.0517809503
0.0339632854
0.0389387608
-0.0404959731
0.019348247
0.091933921
-0.0122354552
0.0950511992
-0.000595052785
-0.0439998321
-0.00629403954
0.0282734353
-0.0380114466
-0.0776142329
0.0886650831
0.0194939077
0.0396928564
0.0812526643
0.0616446547
-0.0508974493
0.00769038266
-0.08180058
-0.0633348376
0.0412564911
-0.0106617175
0.0260645654
0.0505637005
0.0729674548
0.0535750948
0.011617817
0.0327304862
-0.0594174527
-0.133009225
-0.084858492
-0.0238423981
-0.171429783
0.0562598705
0.0169564784
-0.0580323897
0.173425853
0.0559244156
0.0255388059
0.0595464483
0.052949585
-0.197181463
0.0213631764
0.20173569
0.0611306354
0.0665442869
0.0616720244
-0.0456071496
0.0328767821
0.134256199
0.120022096
0.0983877927
0.0452833101
-0.248771578
-0.0429872349
-0.00614031684
0.0399905704
-0.0751878843
-0.0908708274
-0.108616881
-0.0870761648
0.0263611414
-0.00559275318
0.0344337747
0.0378966145
0.0984925702
0.128510639
0.117058471
0.154231757
-0.092859298
-0.0897537395
0.114168607
0.0721696615
-0.0892118663
-0.103433214
-0.0787956864
0.00761987595
-0.0795289427
-0.0728698373
-0.016914323
-0.0376850888
-0.0736484826
-0.0985198468
0.00674430933
0.046220012
0.000210434053
-0.0398458652
0.0663489103
0.0887741297
-0.0861917809
-0.0986732915
0.0805009827
0.15722473
-0.0153978551
-0.0561051033
-0.0926219523
-0.0722970814
0.0441345796
-0.0467266403
-0.0309403557
0.000118837808
0.118211113
-0.0742877945
-0.0435596555
0.0327147059
0.0281009395
-0.0109429257
-0.00415430544
0.0486356877
-0.0568895601
-0.0644084215
-0.0266285148
-0.121674858
0.126361489
-0.0563523546
-0.148899198
-0.117340259
-0.0908592567
-0.130447954
-0.129858837
0.0069469274
0.0359130837
-0.128573895
-0.12548846
-0.0185438488
-0.0458685532
-0.0515518039
-0.0899348781
-0.0394127741
-0.0737914741
-0.112868339
0.0561734475
0.1065851
-0.063882485
-0.0995962769
-0.0343283527
0.175943509
-0.0477430411
-0.0207779463
0.0827385932
-0.0229410864
0.0535996854
-0.00902059395
0.0476961099
-0.0204994604
-0.0412115566
0.0736235306
0.0540680066
0.0734876171
-0.0554618873
0.0598011166
-0.0552516952
-0.0120032197
-0.178792894
0.0169184692
-0.0153439678
-0.0290553756
-0.0198239107
-0.0812190697
-0.0341632217
-0.0194326323
0.071246855
0.0239319708
-0.073605448
-0.0133235333
0.106132858
-0.0403782539
0.0346240588
-0.0326708183
-0.0761582032
0.00130169233
0.120457098
-0.00407482171
-0.0726002976
-0.0407684222
-0.0465800241
-0.0436150655
0.057225842
-0.040690925
0.0358096287
0.0959242731
0.0313037038
0.037125878
0.023268383
0.0841113701
-0.191241473
-0.111769877
0.0148298526
0.188478991
0.0182614066
0.0162988734
0.0203386191
0.10173019
-0.186678782
-0.119138092
-0.0720022544
-0.0118863797
0.121926203
-0.0230803583
-0.088816002
-0.0272158179
-0.00191987108
0.0508010089
0.167740539
-0.0866426975
0.118042588
0.0578390993
0.0286815111
0.0249939933
-0.0436194204
-0.100957267
0.0652914271
0.0591071919
-0.0616340451
-0.0245514605
-0.047717683
-0.0171182547
-0.287464708
-0.0875942856
-0.076718986
-0.109845899
0.0960522443
0.113054529
-0.124948017
-0.0268033575
0.192829058
0.0507550873
-0.0844728947
-0.00936506409
0.105090342
0.0854624435
-0.0875383839
0.0720216781
-0.0526734553
0.0444659889
-0.101971015
0.140524045
0.159270301
0.0749199688
0.0236938801
0.0347384699
0.210136682
0.123760939
0.0181982052
0.0572734252
0.193672165
0.156251669
0.0044726585
0.0293525793
0.042099338
0.0378516577
-0.0701305568
0.0724416822
0.088252537
-0.0431516804
-0.158983603
-0.0584131479
0.0132854078
-0.191646188
-0.0510347486
-0.0473514013
-0.00678232219
-0.0981099904
-0.128550127
0.0921916887
0.0751199424
-0.133507475
0.0397994332
0.0366447121
-0.0100642918
-0.0207020417
-0.00652433373
-0.0155697903
-0.0217818972
-0.101534344
-0.0440274589
0.025766721
-0.00244824262
-0.0484762751
-0.00499772653
0.0721179321
-0.0534188747
-0.0397035182
-0.0423483662
-0.106140099
0.0412312672
0.0357332341
-0.027750751
-0.0280249156
0.0134746302
0.00950153358
-0.0850704014
-0.00845127553
-0.0794522166
-0.0153858718
0.0130746532
-0.0496091582
0.0423867069
-0.0746878982
-0.0814849436
0.242066264
0.106861316
0.023928741
0.0638055578
-0.0218891501
-0.0262131598
-0.0504773334
-0.0928636715
0.0129967947
0.0394879766
-0.0453495756
-0.0853033215
0.0335288756
0.0434566028
0.0323453061
-0.0342424139
0.13946794
-0.0718737021
0.0811698735
0.0422179215
0.136128336
0.0695525184
0.0155910961
-0.00878153369
0.136260524
0.0481050164
-0.00428140815
0.0324068815
-0.040802367
-0.0149539839
-0.048470065
-0.0386200249
-0.0346711315
0.129817247
0.0184671879
-0.111999869
-0.145923063
0.0617797226
0.00565390009
-0.0653638169
-0.0661222935
0.03198421
-0.0838384181
-0.0865111053
-0.0736700073
-0.0484364107
-0.0665665492
-0.0292710178
-0.133320972
0.00894233212
-0.0255686101
-0.0106802788
-0.00177627685
0.0343262479
0.0693759993
0.023329528
0.0421444774
0.0898767039
-0.0531555675
0.0602500215
-0.00182652159
0.0921153873
0.0356472023
0.00962208956
0.00369137665
0.0757091343
0.11173749
0.0218387265
0.0410322137
-0.0358363055
-0.0516485237
0.0321270116
-0.008160864
-0.0481748469
0.0577382259
0.0726685077
-0.0106636016
0.0801062435
0.0342604928
-0.0282575879
0.0445599705
0.0132283578
0.00409417646
-0.00221884763
-0.0607725792
0.0111259948
-0.0928043127
-0.0540164262
-0.0165419728
0.0633977205
-0.0471808016
-0.0640114695
-0.0493651256
0.0272410363
0.0216594655
0.0502163805
0.108655132
0.00735059287
0.0525620468
0.0269167665
-0.00254101353
0.069035463
0.00630655279
0.122232363
0.0463597104
-0.016373286
0.00884963293
0.0405313671
-0.0797775611
0.0345481262
0.0324227028
-0.0373556279
-0.00106962689
0.0609337203
-0.00726333214
-0.0793829337
-0.140382066
0.0329936184
-0.0250088573
0.0410381854
0.0693935603
-0.0621052049
0.0181787144
0.0831997767
-0.0770374015
0.00555138756
-0.0508609079
0.0660480782
0.00803491846
0.129606932
0.0176817141
0.00796402805
0.0471103229
0.0866759568
-0.0276750438
-0.0560781695
-0.084014453
0.021726666
-0.0555054694
-0.1057062
-0.000308568618
0.0779747665
-0.00532208988
0.0035482375
-0.0355634168
-0.0269325431
-0.0730508491
-0.197900549
-0.164025038
-0.16514197
-0.16787909
-0.04565854
0.0393457748
-0.0215183515
-0.108703069
0.0192472655
0.0094281733
-0.040817257
0.0907991752
0.021347532
0.0580832474
0.056982372
0.0177683197
-0.021890441
0.0455123223
0.0507970862
0.047879234
0.0284479223
-0.0346728712
0.0566397309
0.0304439552
0.0358216017
0.00475813588
0.055081144
0.131271049
0.0131737944
0.0788208619
-0.015373203
0.00685614115
-0.101680748
-0.0300268102
-0.135592937
0.0582736097
0.0645081028
0.113360882
-0.0199798532
0.0425277054
-0.0313075259
0.0627108291
-0.0684774816
0.0249712579
-0.0284230672
-0.064575173
-0.0532062612
-0.109550469
-0.0344046503
-0.00492404355
0.011285861
0.0258061532
0.00199248781
-0.0200425759
0.0446181521
0.10334269
0.111678839
-0.0094333617
0.0218146183
-8.28226039e-05
0.0619709827
0.120763667
-0.0235399045
-0.0491149202
-0.00413130503
0.055200737
-0.0573974103
0.0741654187
0.0191071723
0.019813329
0.0490560457
-0.0701605156
-0.00755788013
-0.00113930099
0.053842321
-0.0647285283
0.0586989969
-0.0264465865
0.0819344074
0.00527329883
0.105307415
0.0338764824
0.0518539995
0.0164613519
0.0420994349
-0.0224123057
0.0381249003
-0.0424676612
-0.000655447482
-0.122541204
0.0831259117
0.0995417684
-0.0001142986
-0.0175562203
0.141610295
0.107521579
-0.0222072471
0.0911531821
0.0429809056
0.0375056863
-0.0329555608
0.138797045
0.01935523
-0.0182009004
-0.0559321865
0.0712584704
0.00688473834
-0.0244190302
-0.0657729432
0.0287225731
-0.0121793328
0.0121589992
-0.116753615
0.0825007856
-0.0355788954
-0.0725058615
0.0361040384
0.0748288482
0.0218588486
-0.00427928707
0.00942159351
0.0766762123
-0.0917221308
-0.00877151173
-0.0236717537
0.0286364928
-0.187180251
-0.0899987519
-0.0900902897
0.0925911292
-0.150123775
-0.106060259
-0.00878432952
0.0803958476
0.0519813448
0.00414758036
0.00248316512
-0.00515154423
-0.00272847852
-0.0969975591
0.00820474699
0.0287654381
0.0975677967
0.128659129
0.109305069
0.0183369704
0.102406628
-0.0578983352
0.0491905995
0.0110824518
0.0048323907
0.00410298631
0.033505369
-0.123974018
0.0666210055
0.0805692673
-0.0964694917
0.0521873124
0.031640362
-0.0222337414
-0.0494790263
0.00467168307
0.0800191611
-0.0575909503
0.026561439
-0.0325497091
-0.0258459076
-0.0471486114
-0.0492447056
0.0519196875
-0.0359478928
-0.0660458803
0.00868433807
0.0583840087
-0.0693417415
-0.0340535827
-0.016654443
0.119142957
0.0328393504
0.0300276186
0.0443871245
0.0539635196
-0.0570149906
-0.0670462996
0.0295771882
0.0260609612
-0.0397695042
-0.0431621894
0.0383491628
-0.0535566285
0.158833787
0.0807301775
-0.00366514688
-0.0434028618
0.0643305704
-0.000237093598
-0.00783147663
0.0217610579
0.0831164345
-0.0198177136
-0.00379217416
-0.0780502111
0.00452550594
0.0577790439
-0.0589881018
0.00975968596
0.0267021377
-0.0275837351
0.0377279781
0.070113197
0.0826996565
-0.00467667822
0.100501649
0.0153781669
-0.00890859403
0.0246033147
-0.00842849817
-0.033458069
0.000823611568
0.0270867627
-0.048410181
-0.0146191698
0.135745466
0.158060074
0.00128844881
-0.0244256724
0.0577194169
-0.031502232
-0.0330218561
-0.0598540157
0.130624369
0.0830644742
-0.0176268276
0.0119815599
-0.0135108205
-0.0465727225
0.0247991905
0.0571493171
0.115293413
0.0351147316
0.0223090518
0.0683568567
0.105234973
0.0889215544
-0.0414622426
-0.0627115294
0.0494513027
-0.00931612588
-0.0400061496
-0.0294975471
-0.0417122394
0.000826428412
0.0485559404
-0.0173488352
0.0676903427
0.0527470261
0.0784787312
-0.0461699888
-0.0217690673
-0.298391849
0.064981468
-0.0302806292
0.0192076135
-0.137240812
-0.0712092519
-0.0382545963
-0.0808765441
-0.174825951
-0.0549390987
0.00103289448
-0.103136703
-0.0235909466
-0.0856687203
0.0172577035
-0.0257785879
0.0491151698
-0.0267354846
0.0192093011
0.0715789795
0.0665840954
-0.0465073921
0.0321240984
0.0659811646
0.0484691933
0.0387428068
-0.00187038141
0.143491551
0.0504858941
-0.0997587666
-0.0376027003
0.0756805837
-0.00728687411
0.0108214086
0.0070949709
0.0955107957
0.0571774021
-0.00576237636
0.0337543078
0.0117881373
0.00814432092
0.0596976429
0.0189230759
0.105291784
-0.0970200822
-0.105272271
0.0127011798
-0.0629097596
-0.0239448585
-0.0590210743
0.0854677558
0.0900327489
0.0563833266
0.0477955602
0.03920836
-0.0387245417
-0.0498754568
-0.0532805286
0.00689523155
-0.0937549248
-0.133216679
-0.0418399163
0.141482726
-0.0382891335
0.0275696479
-0.0473925434
0.0669218376
0.0441208854
-0.105823904
0.00764228869
0.0532586239
0.0249167439
-0.00344995339
-0.0277926661
0.040764112
0.0445056967
-0.125583306
-0.00369964051
0.0749193802
0.0667640418
0.00376529479
0.0197545886
-0.0365603194
-0.0874042436
0.0491817594
-0.0206283256
0.00400359649
0.0163493305
0.0245336518
0.0526495464
-0.00182651205
-0.0298317224
0.00195271266
-0.0188722722
-0.0309740826
0.0268293153
0.0042594024
0.058397878
-0.0182825457
-0.0292172972
0.0200817194
-0.0425443314
0.0489403084
-0.0147452736
0.00219396967
-0.0170923956
-0.0167800114
-0.0318965353
-0.051186502
-0.0163929332
0.0201002955
0.0467320159
0.00250105537
-0.0787397176
0.0247981343
-0.0406485908
0.0358943567
-0.0173215847
-0.0688515529
0.0344052874
0.0018974985
0.0514640547
-0.00108736812
0.0177948643
0.0330698341
0.022571519
0.0170933027
0.0296835285
-0.0143063394
0.0481024235
-0.0119020203
0.0397447422
-0.0183456168
-0.057413131
0.0160658434
-0.0821489394
-0.0556838103
0.0247320682
-0.0222748909
-0.0332747325
-0.0651185811
0.0434985757
0.0543992631
0.00224473607
-0.024000477
-0.0341859683
0.0432965234
-0.0229128469
-0.0200873017
-0.00122207787
-0.00843216106
-0.0518560074
-0.00708188489
-0.0256267563
-0.0272807293
0.0473145396
-0.0631968379
0.0229749475
-0.0236092713
-0.0360962078
0.0215574
-0.0695261136
0.0431785062
0.0100825904
0.0302436911
0.0383300148
-0.0694398284
-0.0255539455
-0.0477618389
0.0481873155
-0.00477525871
-0.070851557
-0.0318888053
-0.0255550444
-0.0121637173
0.0169649385
0.0423341468
-0.05624336
-0.0225861948
-0.0597030669
-0.0545823388
0.0364938118
-0.0372448899
-0.0675278157
0.0350030735
0.019842457
0.00406414689
0.0255812723
-0.0239174869
0.0141453659
0.000465197634
-0.017865397
0.0246779528
-0.0179275051
-0.0590099655
-0.055006545
0.0469819009
-0.0398183651
-0.0572383329
-0.0111741852
-0.0520657003
0.0612389669
-0.0641905069
0.0254822802
0.0265759099
-0.0496445224
0.0536080897
-0.00219280343
-0.0172385648
-0.0478425808
0.0047505484
0.0218756199
-0.0781507343
0.018289594
-0.0569041111
-0.00543210609
-0.0461935177
-0.052435182
0.0162469093
-0.00751619739
-0.0155558763
-0.0587228499
-0.0318868384
0.0419367775
-0.0495916978
-0.0724647343
-0.0296794921
-0.0307280608
-0.014260632
-0.0052442532
0.00908880495
-0.0180100352
-0.0202824846
-0.0546430126
-0.0204679761
0.0347173996
0.048973605
-0.0360305831
0.00260433112
-0.0105987582
-0.0523967445
-0.052436918
-0.0511831753
-0.023542475
-0.0179641489
0.031307403
-0.0114481281
-0.0697159916
-0.0495029241
0.0316250026
0.0175294895
-0.00976592116
0.0336198285
-0.00582396565
0.0121126296
0.0307781622
-0.0173415802
-0.0105612073
-0.00413784059
0.0159578174
0.0573411658
-0.0539709777
0.0395841375
-0.0255202148
0.0481997579
-0.0547216199
0.0171237271
-0.061934907
-0.025307348
-0.0594057776
0.0149788968
0.0297120456
0.00298686884
-0.0709487498
-0.0481863506
-0.00748025952
0.0330551229
0.0043888879
0.0109869177
0.00588329509
-0.0454133525
-0.0264096595
0.00376607734
0.0416737199
0.030623069
-0.0269324761
-0.0125711812
-0.0446947776
-0.0176972896
-0.0754586533
0.00560163567
0.00121340354
-0.0590741076
0.0371441729
-0.0542882271
0.0425550677
-0.0195857156
-0.0374617651
-0.07584811
-0.0304241925
0.0372361019
-0.0225561727
-0.0661992431
-0.0053672092
-0.0151472995
0.0258778967
-0.0564037859
0.00956397038
-0.0344203673
-0.0117740193
-0.0213665757
0.0536009744
-0.0297178663
-0.0295801647
-0.053180594
0.010025478
-0.0249959584
0.00859328173
-0.0351798423
-0.0511312671
-0.0102421623
-0.00646940572
-0.033292219
-0.0718355477
-0.0436164401
0.052249603
0.00637362339
-0.00758497557
0.0066499915
-0.034570992
-0.0244120844
0.010464889
-0.0126416311
0.0135591524
-0.0319078155
-0.0139171304
-0.0151001681
-0.0443886817
0.0156948399
0.0131706223
-0.0486837067
0.025949534
-0.0256895795
-0.0580318533
-0.0314289331
0.029704662
-0.0524326637
0.0296439901
-0.0307016093
-0.0730872154
0.0994383991
-0.0621351525
-0.0292984843
-0.0526247434
0.0336795487
-0.0567720123
0.0861029699
-0.0124419359
0.0308052581
-0.0834127665
0.00913575478
-0.114558451
0.0703182742
0.029907709
0.0283722822
0.081099093
0.0736055151
-0.0944496319
0.091126129
0.0546474196
0.0328062065
-0.0384050123
-0.0816499963
-0.0284924656
-0.168603897
0.0546246246
0.0280521251
-0.0554948263
-0.262984008
0.108037658
0.0595173314
0.17412962
0.00711511308
-0.0250624493
0.0169348437
0.129324883
0.198384345
0.06013567
0.0602167957
-0.00572000956
0.0233526863
-0.251853913
-0.147032991
0.0068596499
-0.0118151894
0.0497467555
0.0102538876
0.0198580138
0.199943051
-0.0452195816
0.0137186991
0.0454546325
0.0523392931
0.0292461328
0.109999642
-0.00489995629
0.15165025
-0.0893820822
0.0305295084
-0.0258605499
0.0715017915
0.0677296221
0.000148254097
-0.0158144869
-0.064406909
0.0281923525
-0.01971367
0.0265568551
-0.0176040065
-0.0905662999
0.0275116861
0.011456335
-0.0301026534
0.0239438992
0.052962523
-0.0397607312
-0.0864519626
0.0865813494
-0.0816213116
-0.0418441892
-0.0949938223
-0.031257581
-0.0244426541
0.0500644147
0.149485201
0.0111051826
0.0465899967
0.062757045
-0.0391936339
-0.00812837481
0.0898779184
0.0238439571
-0.0715733543
-0.0306681748
-0.0447350815
0.0307787117
0.200762823
-0.0881614536
-0.0487665497
0.109071858
0.0385877863
0.0277930107
0.0261574332
0.0588514395
0.000801618444
0.11177633
0.0689449757
-0.0681887716
-0.0395851247
-0.0323358178
0.0434871018
0.0234935656
0.104466602
-0.0108267674
-0.0532662161
-0.0439388081
0.0590433776
-0.00730993133
0.00858494546
-0.0638689026
-0.0630935133
-0.109276719
-0.0835293531
-0.077977851
-0.0970767364
0.067058526
-0.079597123
0.0134494752
-0.0455646478
0.00260345358
-0.0437541716
0.0471739657
-0.0418776274
0.0472924747
0.00166915194
0.0695815459
0.0822609439
0.0753382668
0.10482835
0.0962343663
0.0460688435
0.0775091946
0.0126879215
-0.0887475461
0.0285197832
-0.0881545469
-0.0123815741
-0.0116475346
0.0691472739
-0.0887961015
-0.0352535434
0.0023510172
0.0166070685
-0.106716968
-0.00286196847
0.0874888822
-0.094716765
-0.0896806717
-0.00178055489
0.137223095
0.0140446527
-0.0217108671
-0.0310895704
0.0642747432
-0.0881172791
0.00761246728
0.105048455
0.179550067
0.00462717563
0.0860706121
0.0783147812
0.12526381
-0.059463948
-0.0493209884
-0.0327628888
0.0663395301
0.0749960989
0.0419536978
0.0873784646
0.0371653661
-0.0420194268
-0.053144563
0.0211388525
0.00892970245
-0.0725407898
0.059378922
-0.160259902
-0.136310995
-0.200141147
-0.0492358655
0.100360505
-0.019813858
-0.0275548343
-0.0757770464
0.0191079192
0.0880884305
-0.00269288966
-0.0353217795
0.0958875045
0.0673961788
0.0469991304
0.0636805147
0.233780816
0.113282748
0.0269089602
0.124882482
0.151956007
-0.056151554
-0.0940061659
0.101026118
0.0151097169
-0.0337245688
0.0676424503
0.00654142443
0.00153855805
-0.137023017
-0.116562821
0.00993589871
0.0873963684
-0.0168616604
-0.211851433
-0.0462721437
-0.0572701991
-0.064628683
-0.0154672302
-0.0627119467
0.0728053227
0.038285844
0.0300329179
0.0348160118
0.0163191166
0.0513376631
0.0503078103
0.0410614237
0.0628833324
0.0460737199
-0.0752337873
-0.0320415981
-0.00927041564
-0.0232413765
0.103565872
0.0407076217
0.0433117822
-0.038326297
0.058922641
0.0549521893
0.0108020371
-0.0451880023
0.0605772771
-0.0550925955
-0.117098644
-0.0494668446
-0.0700166821
-0.0339981169
0.0628637373
0.0487029925
0.0465635881
-0.0246617757
-0.0404905975
0.0113298148
0.0999588743
0.0754900947
0.0762659907
-0.0359056927
-0.00725125102
0.0952465087
0.000340864324
-0.151828006
-0.0168821104
-0.0096979104
-0.061750602
-0.0523540825
-0.101507008
0.0126225613
-0.0420390889
0.0558269769
0.0172837209
-0.000137387207
0.0544147864
0.00947915949
-0.0748599321
-0.0893767178
-0.0235065427
-0.0600678176
-0.0300761536
-0.11704351
-0.169867724
-0.158887237
-0.0868179798
-0.133436114
-0.0960787684
-0.0049309223
-0.158652678
-0.0936318487
-0.0505778491
-0.0494048223
-0.0375266671
-0.0186976567
-0.00808683783
-0.0160035696
-0.0420046337
0.084233515
-0.00648421841
0.0348385349
0.175487608
0.0379064791
0.0144930352
-0.0541733652
0.148232967
-0.0102475984
0.0421260633
-0.0243766066
-0.0234058555
0.0833503231
0.0136661204
-0.103738852
-0.0806768537
0.0337791964
-0.00551939523
0.0356588587
0.0687170997
-0.00656426977
0.102702953
-0.0444138646
-0.0282497592
-0.0054288269
0.0543130152
-0.0125549464
-0.00469994033
-0.0144586395
0.00100079412
0.00165082654
0.0842835605
0.0408920422
0.0456469841
0.0500118099
0.0154948477
0.0100397673
0.0103029953
0.003108131
0.104928903
0.0247367769
0.0312311184
0.0863802284
0.0460693873
0.0279957615
-0.0264576226
0.00474418281
0.0449238643
-0.0188454296
0.0101603298
0.023987921
-0.0176901091
-0.0217054635
0.0735792145
0.0342474394
0.166928425
0.075834617
0.0886956081
-0.0558103211
-0.0214102063
0.095852308
-0.0464815088
-0.041988425
-0.0245200787
0.0426613726
-0.0374991223
-0.0438196585
-0.0261790995
0.0676568523
0.0668895468
-0.0110139204
-0.00206263992
0.0187992603
0.0235607587
0.0845979005
0.0254642367
0.0915086493
0.011355917
0.0744527504
-0.0633142591
-0.0150555437
0.0606820509
0.162081376
0.0908817351
-0.0197271518
0.0193914473
0.0498221926
0.0374412723
0.12426886
0.109654881
-0.0157976616
0.020417979
0.0801851302
0.011561404
0.0809775442
-0.0354721621
0.00772136776
-0.035429325
0.05182226
-0.104042739
0.0592077598
0.0326527469
0.029102467
-0.0217740759
0.0273365546
0.0474950634
0.0650476217
0.0575231612
0.0489512607
0.0222909581
0.0775492936
-0.0393433087
-0.0103772683
0.0336521976
0.173682377
-0.00961808488
-0.0265809093
0.0160093587
0.107566558
0.0939394161
0.101057135
0.0658023581
0.0597663261
-0.0175767038
-0.0284891855
-0.0756419152
-0.00883669965
0.0343806818
0.0379892699
0.0114790406
-0.0200449433
-0.013156076
-0.0460482128
-0.0346536003
0.0677150711
0.0204164516
-0.0544224754
-0.0464962609
-0.0330084972
-0.0142399156
0.0140954461
-0.00690115383
0.108575158
0.0353036709
0.117222026
-0.0730407983
0.0492868163
0.0740721375
-0.0557374321
-0.0837869495
-0.0510292798
-0.112446606
0.130219594
0.0577166714
0.0353958681
0.0237990785
0.0402893759
-0.138629064
-0.0551557094
0.0595179833
-0.114262462
0.0831781626
0.0043999562
-0.026506925
-0.0237068739
-0.00591073744
0.0108668292
-0.022932535
-0.105476789
-0.0434804782
0.0887539983
0.00350818899
-0.0466440208
-0.010893709
-0.00312672276
0.0790949538
0.0206567608
0.098040089
-0.00214596395
-0.0267268308
0.0127150137
-0.00482115429
0.00673807366
0.0346722081
0.0717059374
0.0749066323
-0.0268656425
0.0497532636
-0.0376680791
0.0773976222
-0.0610233545
0.0367256775
-0.00960600842
0.0705270469
-0.105726868
-0.0609590895
-0.00744613772
0.0196030922
-0.0821560025
0.0615439527
-0.0244678613
-0.0092435563
-0.0214502774
-0.0618848465
-0.0162367895
0.0524492078
0.0177743789
0.0738098323
-0.0248557236
0.00138389587
0.03167684
0.0502837263
-0.0324340314
0.0438184589
0.0547104999
-0.0383178666
0.0132718412
-0.02720288
-0.0497406647
0.0093478784
-0.0004979074
-0.0237181094
0.0127188563
-0.0430431068
0.0496651828
-0.0503339581
0.00667130342
-0.0470161512
0.0393702947
0.0439087003
0.0256894771
0.00602404354
0.0453178994
-0.0463290587
0.0253415257
-0.0631878674
0.0238884203
0.0365793183
0.0197264832
0.0299793091
-0.0456432402
-0.00813796371
0.0228197239
0.0331289172
0.0558995828
-0.0298095401
-0.0457697734
-0.0181944054
-0.0343042724
0.0509735122
-0.0587181039
0.0527244546
0.00792594533
0.0290411934
0.0221958794
0.03049835
0.00150210515
-0.0498150513
-0.00126046152
-0.0607575625
-0.025264224
-0.0527810268
-0.0423802733
-0.0112922713
-0.0566385873
-0.0244825576
-0.0192615762
-0.0446655303
0.0465021096
0.0251602475
-0.0207277443
0.0167637393
0.0221379101
0.0258657411
0.0342360213
-0.00622861553
0.0516099855
0.00422610063
-0.0590889156
-0.06214609
-0.0212670844
-0.0188211072
-0.0131041901
0.0140933665
0.0483799428
0.0482851267
-0.0573972762
0.00325108948
0.00995798502
-0.0207441766
0.0219179224
0.0028789572
-0.0372862667
0.0156907514
-0.0637404099
-0.00261824531
-0.067514278
-0.021262899
0.0175546464
0.0425893255
-0.0367109738
-0.0362143256
-0.0309798382
-0.0325521678
-0.038250085
0.0269277021
-0.0153351799
0.0107632587
0.0451663807
0.0417277999
0.0260986779
-0.0066460981
0.0162939485
-0.0519954786
0.00883998908
-0.0648689047
0.0163158234
0.0299654678
-0.0400618128
0.0153059456
-0.0139944823
0.0382945389
-0.0379178859
-0.0178354718
-0.023387067
-0.000394082424
-0.0442213975
-0.0514430515
-0.0584296435
-0.00377555401
-0.0485628732
0.0278540775
0.0242567882
0.0203251988
-0.0607299693
-0.0184148662
0.0248361472
0.0203615446
-0.0041692392
-0.0264739376
-0.0493748486
0.0335914157
0.0370351449
0.0245324001
0.0574589707
0.00974730123
-0.01832808
-0.0244581699
-0.0471382141
-0.0583429858
-0.0454346836
0.0137964049
-0.00837351382
0.0376736037
-0.0344818905
-0.00292410981
-0.059951596
-0.0379314385
-0.0103075933
0.0204594061
0.0419928767
-0.0618547276
0.0163980853
-0.0122170812
-0.0102578979
-0.0257933661
0.0186158828
0.00630859146
-0.00450566132
-0.00509749167
-0.0318998769
0.0106651038
0.0417426899
0.0192478448
0.013832517
0.0278926305
-0.0394637138
-0.0417010114
-0.0550812706
-0.00513781421
-0.0294743013
0.0150189335
-0.0380048938
0.0217405912
-0.0507347919
0.0453406833
-0.0466228984
0.0484960452
-0.0229866505
-0.0651541799
0.0398142561
0.0522040427
-0.00647205533
0.045080889
-0.0241321754
-0.0463974327
-0.0422699973
-0.0381781496
-0.0379592553
0.0404785275
0.0168104749
0.0374341458
0.0374438502
0.00714094751
0.0477250591
-0.0527097359
-0.0354366712
-0.0219221544
-0.0551912896
0.0168538503
-0.0346997716
-0.0325601138
-0.0450546332
-0.0284385141
0.0454188362
0.0279944148
0.0395272076
0.0079729408
-0.0368634611
-0.044180125
0.0502965041
0.0106132198
-0.0605957918
0.0263525676
-0.0242352635
0.0142764663
0.0471403226
0.0451291502
-0.0502691641
0.011908385
0.0339316987
-0.0284244455
-0.0147044454
-0.0355153605
0.0188074019
0.0248489399
-0.0058644847
0.0181335378
-0.042677056
-0.0285627898
-0.00120396656
-0.0461328663
-0.0548792966
0.0161800459
0.0314413756
-0.0285387542
0.0236224849
0.0208856184
-0.0681038722
0.0290165097
-0.0329340175
-0.0397589654
0.0172650088
-0.0502378866
0.00320469961
0.0308174882
-0.0106388722
0.0013098846
0.0299371686
-0.00738175539
-0.0488423109
-0.0284213703
-0.0059915306
-0.0441875309
0.0111161303
-0.0282063484
0.0187990833
-0.0217945259
-0.00950636435
-0.0579615124
0.0691593811
0.0173235442
0.0629035458
-0.0415138118
-0.0574922599
-0.0551037863
0.185238242
-0.012018051
-0.130450621
-0.195525602
0.00197520643
0.0402168594
-0.065433383
-0.0680353567
0.0814290866
0.044473771
0.0623325519
0.0102511048
0.0961683616
0.0316090733
0.0270489454
-0.00187801255
0.0257201437
0.0238462668
-0.0528987087
0.0288192201
-0.00468100607
0.0101077175
-0.0335058309
0.00288656703
0.0140383169
-0.0717404932
-0.00551361451
-0.0292910691
-0.0485644564
0.00570391025
0.0210890919
-0.0106649008
-0.0228700601
0.0121530192
0.0376059413
0.0433689952
0.018462358
0.0271578263
-0.0420429111
0.0296979323
-0.0104923183
0.0260499455
0.0820721313
0.0961807594
0.0232574157
0.0560085773
-0.0626159087
-0.0282043759
0.115664609
0.0504115932
-0.128563955
-0.129381239
-0.0462050438
-0.0828746334
0.0234577768
0.0217809249
-0.0807684585
0.0517171659
-0.0279896408
-0.0593209378
-0.0250144657
0.0415974073
0.0253920462
-0.0669110715
0.0483096428
-0.0140759367
0.0147858523
-0.044786267
-0.0845469162
0.0153960967
0.0719942451
-0.00119458616
0.0691675842
0.00845546927
0.0523938127
-0.0226545855
0.0779067725
0.0595280193
0.0220627226
0.0647784099
0.0562475994
-0.0115801292
0.0324915498
0.0550713837
-0.0399593078
-0.000992755988
0.0556700863
0.0839367062
0.0138233751
0.09836936
-0.00392759498
0.0464874581
0.0760156065
0.0872246101
-0.0268304441
0.00224361452
0.0642976016
-0.069910869
-0.146708325
-0.127794728
-0.075948745
0.0259584486
0.0438563302
0.00458920654
0.0310010444
-0.0317079388
-0.0711285621
0.066001676
-0.0711596385
-0.0738428831
-0.0734709203
0.033915583
-0.0300861653
0.0704503208
0.0318409428
0.104602337
0.0287766401
0.0233396143
0.0692157671
-0.0354913548
-0.15053235
-0.0363352261
0.135599315
-0.00134179532
-0.017328307
-0.00892745517
0.0637784749
0.0509977527
0.14091453
-0.0608591177
-0.0186515097
-0.0945182666
-0.0167043563
-0.0100074206
0.0149229979
-0.100463204
-0.0255768821
-0.0506150909
-0.0362946093
-0.0560927466
0.0931630954
-0.00674656406
0.0594314598
0.0433131866
0.0609115511
0.0788749456
0.0073380773
-0.0562361591
0.0652858019
0.121800028
0.0840493962
-0.0506716222
-0.0115654804
0.101288848
0.0552769154
-0.0174455494
0.108457185
0.0690005496
0.0563440993
0.124294378
0.0473485924
-0.0954013243
0.0250702687
-0.0162902921
-0.0135454331
-0.0301559344
0.0450565293
-0.0629335493
0.0844331533
-0.0442027152
0.0189083144
-0.0267400108
0.0571375862
-0.0104239266
0.0200987123
0.0432755463
0.0404591933
0.0761713311
0.0170201901
0.0267632306
-0.0436371192
0.0394631997
0.0867038295
-0.0303701703
-0.00152433128
0.0162492879
-0.000955768453
-0.0821245909
0.0399668552
-0.0435713902
-0.0124223512
-0.0902656019
0.102628365
-0.0585220978
-0.0191049855
-0.0751712918
-0.0860992223
-0.0354195051
0.0691794828
-0.0215025768
-0.0960510373
-0.100880563
-0.0625919774
-0.0215436034
-0.129375875
-0.0508394092
-5.63029971e-05
-0.0782189444
-0.0234531388
-0.0183247942
-0.0932078138
-0.0754102841
0.0125492094
0.1360607
0.0123472502
0.0201820601
0.0921728462
-0.00589308143
-0.0252543129
-0.024716435
0.0377166867
0.00263677188
-0.00364140747
-0.0201076008
-0.00101156149
0.0443547368
0.0359135829
-0.0596098788
-0.107255213
-0.0284003168
0.0482405573
-0.0368025936
-0.0584841557
-0.0354225188
-0.101183437
-0.0391545817
0.0403743051
-0.00827800017
-0.0840441808
0.0341695324
0.0387153327
0.0810292587
0.0512268692
0.0918972194
0.0405438878
0.083923161
-0.0573527701
-0.18317236
0.068087168
0.10658323
-0.00140817335
-0.186339408
0.0643209741
0.00607899157
0.0198676661
0.0211300105
-0.0138522135
-0.120910883
-0.119267456
0.0798956826
-0.00401314721
-0.0521398559
0.0273665227
0.0316330083
-0.0754812285
-0.0139039131
0.0257406291
0.0507224277
-0.0654678643
0.0113675185
0.0163854696
0.0492585413
0.0790659636
0.0452913977
0.0388237052
0.0257016476
-0.0791499913
-0.10236337
0.0238615964
0.127074167
-0.0331535563
-0.0826303959
0.00531420996
0.100965902
0.0395375416
-0.0074463971
0.041824989
-0.128821373
0.0918320864
0.0253441315
0.0753385574
-0.0198456552
-0.0198191497
0.0332181677
0.170517296
0.0580001175
0.0218792893
-0.0226571131
0.065308243
-0.147767559
-0.0405194014
0.122012451
-0.118378654
-0.305334508
-0.0575222187
0.0505038314
-0.0797645524
0.0491117463
0.0850318596
0.0466346443
0.0476384014
-0.0063965139
-0.0344762839
0.0478165261
0.00500782207
-0.00626882818
-0.0182996597
0.0458687022
-0.0144017655
0.0724636242
-0.00375029421
0.0562944897
-0.0257893633
0.047035452
0.00293313153
-0.0337352492
0.0155587345
0.207787916
0.019311823
0.0634321868
0.0639199764
-0.021694582
-0.000859370863
-0.0273751114
0.00572551647
-0.0423263609
-0.0283032469
0.0488509499
-0.0220957249
0.0153927058
0.0706586167
0.0928625688
0.0264996085
0.104637779
-0.0279083233
0.0255308431
-0.0565253459
-0.133438408
0.00797371101
0.0631339699
-0.0667450652
-0.0834607333
-0.000205625533
-0.00221652002
0.0107920626
0.192170277
0.00172801979
-0.034607403
-0.124230795
-0.0633934513
0.0238986183
0.0494893342
0.0582181327
0.0657425076
0.0225475095
-0.00393019803
0.00251664757
0.0408275835
0.0647746623
0.00331689534
0.0114581855
-0.0388260186
-0.0058220136
0.0881439894
0.0551049784
0.261248738
0.096401073
-0.079684481
-0.126511574
-0.00280301296
0.0517744273
0.0354185402
0.0262144674
-0.0928707346
-0.0527225249
0.027621692
-0.0172919817
-0.00608852319
0.10084267
0.0932660028
-0.00983006228
-0.00584932463
0.117924824
0.080995746
-0.0241796169
-0.0328361653
-0.0234399308
-0.0612958781
-0.0041598645
0.0227488298
-0.00523553276
-0.0146178668
0.0121020293
0.0541977808
-0.0225702301
0.080295302
0.189883694
0.297871381
0.0448235646
-0.0528543033
0.106102936
-0.0399207175
-0.0198747907
0.0816588104
-0.0487189628
-0.28529942
-0.146395937
0.00853996258
-0.0443570837
0.0601344556
-0.012788103
-0.0748411119
0.0305272937
0.010520936
-0.02463248
0.0432005525
0.0264236014
0.0252433084
0.0179935899
-0.0161457919
0.0558517501
0.025090361
0.034349598
0.0798009858
0.00548684364
-0.0256395489
0.0972190797
0.120131344
0.0648952276
-0.144607931
0.0550976805
0.0243936721
-0.0356113426
-0.062842302
-0.0885403082
-0.0451836027
0.001227531
0.0458793379
-0.212221041
0.000751468411
0.00167135068
0.0200376175
0.105362542
-0.111860029
-0.143040866
-0.081058912
0.0874300674
-0.0903156176
-0.00894661248
-0.0372666121
0.0459426381
-0.00756266946
0.0809757262
0.0473627001
0.0715344995
0.0691705644
-0.0473923273
0.0518107191
-0.0872890279
-0.0787052065
0.0797727853
0.108108625
0.00708339782
0.0513228476
0.0410940126
-0.14507997
0.0362301692
-0.0771759897
-0.0696049109
-0.0185710546
-0.0692137554
0.0625045747
0.0106420787
0.18639791
0.0562690124
-0.0574862398
-0.0327374339
0.086665757
0.0620499849
0.0145366024
0.00957638212
0.0354521163
-0.0571598522
0.0145593639
0.0624730624
-0.053379301
0.0385872349
0.0197351836
-0.00410427246
-0.0298598781
0.00315275113
0.0999921337
-0.0246137008
-0.0805611387
0.0359725766
0.115166754
-0.0576867573
-0.0903588682
0.0014849127
-0.000359921745
0.100885108
0.0520049334
-0.0767602623
-0.0159593951
0.0213262942
0.0908578187
-0.0223547351
0.0425677821
0.0357339755
0.00035593714
-0.127013013
-0.0821089149
-0.0275892243
-0.0355397277
-0.0923617408
-0.0293273609
-0.0166514628
-0.0340171978
0.0618018433
-0.00892888382
0.00985701848
-0.0160373338
-0.112164684
-0.157646641
-0.0148874223
0.0647087172
-0.0705841333
0.00879782718
0.0472255908
0.0435802378
-0.00618091179
-0.0465670191
-0.0115809171
-0.0813247412
0.11164508
-0.0351478122
0.0181168765
-0.016280137
-0.0772057697
-0.00949815661
0.104820564
0.0123852193
0.0839553326
0.0032680626
-0.0131032029
-0.126330957
0.0168672577
0.154975221
-0.0938925296
-0.196474746
-0.167397052
0.0341283493
0.00437406311
0.0532773398
0.0218387302
0.0324226655
0.0560052209
0.0200606678
0.00304806978
0.0569300018
-0.0629566461
-0.0172643755
0.0131710591
0.0249117091
0.0395478569
0.00916247722
0.0035879307
-0.0619975254
0.0637146309
-0.0251279473
-0.0734206811
0.0397164337
0.0537691377
0.106694669
0.0509393215
-0.0402110331
0.0466056243
-0.072610721
-0.0497438237
-0.0937521979
-0.047778666
-0.0221168734
0.00633966364
0.0158930775
0.0237880871
0.0787669569
-0.00970972888
0.111457951
0.0415254943
0.00619698595
0.0994440392
-0.0285469797
-0.076453425
-0.0885491073
0.0193930846
-0.027490329
0.0336615816
0.00960153621
-0.0480481461
0.0324855894
0.0835722685
0.137090817
0.0334930196
-0.0784244984
-0.0130553795
-0.0376361422
0.0180617161
0.0407131687
0.0450444072
0.0569726899
0.0469109043
0.0851773173
0.0576707423
0.0139980474
0.0896771848
0.00877730921
-0.0260130148
-0.0831764862
0.0402171127
-0.0655659735
0.0249046143
0.0424691029
-0.0141985677
-0.00384751591
-0.0777048022
0.061083667
0.100792192
-0.0017302871
-0.00729118753
-0.06058928
-0.119586155
-0.0247589368
0.085641779
0.0684555322
0.0746838525
0.0380955301
0.0773949027
0.0580687448
0.12727955
0.0223294254
0.019328244
0.00558083178
-0.00251514302
0.0177235939
-0.00800993852
-0.0736390278
-0.0533005483
-0.0952792838
0.0127434023
-0.0550190099
0.12408562
0.0911238641
0.092695564
0.249328464
0.0159301218
-0.0209823754
0.139850885
0.056599766
-0.0725378171
-0.0844599009
-0.0952065438
-0.15044266
-0.044932913
0.0942948833
0.0633528009
0.164959341
0.0380766876
-0.00626848079
-0.0689810365
-0.0385566354
-0.0493008606
-0.0500823073
0.0301916283
0.0469176322
0.0612037145
0.0820539817
0.0481834374
-0.0492462628
0.0165090449
0.0531136803
0.0580830202
-0.0451921523
0.0426254198
0.0951768979
0.048932761
-0.131681472
0.101530783
-0.000501472328
-0.00889194198
0.000577247643
-0.131293312
0.0474610478
0.0403358825
0.0788439587
-0.100646302
-0.0701679513
0.0699078292
-0.00440507755
-0.0357515588
-0.139278904
-0.0981810763
-0.0824728534
0.0708991215
0.0260438547
0.0140514057
0.0583030246
0.0480730534
0.0987692103
0.0536913499
0.0427165963
0.0908064023
0.0809847414
-0.0312592573
-0.00402441155
-0.10688895
0.034618035
-0.0308109578
0.0620407276
-0.0447131097
-0.00268349587
-0.0155431153
-0.14748317
0.014980196
-0.0627410337
0.0476889126
0.0237140208
-0.0247148741
-0.0546212085
0.0782641843
0.0958080068
0.0714097619
-0.0927930921
0.0323428251
0.0421495289
0.0132766636
0.0507332757
0.0366657041
0.0505235083
-0.0472339354
-0.0210393481
0.0895659253
-0.094751142
0.0850347877
0.0631007627
0.0456983708
-0.0655122995
0.0173217468
0.09286163
0.02771849
-5.73720426e-05
0.041702617
0.0632160753
0.072673887
-0.0613234192
0.0116311526
0.112189054
0.0264848005
0.0144203519
0.0879930258
0.058673963
0.104586907
-0.163794249
0.0276806187
-0.0722913146
-0.00619497523
-0.0130376332
0.0150469942
0.0482962281
-0.0276897643
-0.0891021937
-0.0368461125
0.0021937592
0.053411182
-0.0555619635
0.0454851054
-0.0283204652
0.00694940565
-0.102220878
0.0688707232
0.0203181952
-0.00134732202
-0.209610045
0.141233325
0.00781022292
0.0309476927
-0.0906471908
0.0544252247
-0.0190566164
0.0132157272
0.0775000304
-0.204811007
-0.0706220567
-0.108018234
-0.0118240863
0.0275809877
-0.0343160443
0.0306393038
0.123299688
-0.0505327769
0.0159006137
-0.0444338731
0.208212316
0.0302985497
0.0162365213
0.097527042
0.113595165
0.0407138728
0.0354171395
-0.0119386371
0.00239106081
-0.0311669651
-0.013375395
0.0617542677
-0.0340514705
-0.0245914925
0.0195724592
0.0295294281
0.074670203
-0.0456478633
0.0554231778
0.0840951726
-0.00681610312
-0.120222554
0.00549443485
0.0747972354
-0.0325938426
0.0323035046
-0.0874742493
-0.0320507027
0.00208177185
0.0211785566
0.0141584212
-0.0224466342
-0.0218899511
0.0742354915
0.067641817
-0.035681352
-0.0330548398
-0.0378748327
-0.0645030662
-0.0866478905
-0.0977760404
-0.0423401557
-0.011346709
0.016950151
0.0252400227
0.00499397144
0.102891482
0.0884930268
0.032782089
0.0793887302
-0.0342004076
0.0410809368
0.0683787763
-0.0159823801
0.0315466486
-0.0778313726
-0.0892746896
0.0975210965
0.0878609493
-0.0452105403
-0.0663561597
0.0524693504
-0.00850925129
0.00744117564
0.0702148229
-0.0288993567
0.0349590369
-0.0314374939
-0.0234904308
-0.0799852088
-0.0688513219
0.0295513179
0.0424307957
0.023968298
-0.0719802603
0.0693503767
0.117948569
0.0645946637
0.0909396559
0.0321133249
0.104962349
0.0200424716
0.110932313
-0.00776241859
0.0227741674
0.0773340464
0.0868254825
-0.00282590371
-0.0322616287
0.0262665451
0.00272793858
0.0570196547
0.0694098324
-0.139566302
-0.02020845
0.0177259371
0.0984429047
0.00198059808
0.030569084
-0.00212720921
0.0181805138
-0.0151560437
0.0727522373
-0.0263321232
-0.0355348103
-0.0639765114
-0.0926596075
0.135984644
0.108005725
0.0175488554
0.100443155
-0.117302112
0.132203594
0.014168581
0.124194726
0.0450676829
0.0600176714
-0.0595357306
0.0297635812
0.0622327439
-0.00404555211
0.077438049
0.0313528292
0.0960670114
-0.0258762967
0.0266061835
-0.0930740535
0.0106184157
0.0708814338
-0.0204173159
-0.130812943
0.064719066
0.0714618787
-0.0967545211
-0.0845793113
-0.00741348416
-0.0558687523
-0.214636013
-0.0344920233
0.0970835537
0.11455033
-0.105806626
-0.0287255906
0.0529778935
0.0216083303
-0.024343159
0.0789190531
0.00859516114
0.000789157522
0.050805334
0.0692594126
0.0336441956
0.0758598074
0.13810879
0.125679627
0.0834511966
-0.0600036867
0.0376083702
0.0976396203
0.0167318694
-4.61428772e-06
-0.0964527577
-0.0324045308
-0.0131696239
0.0129608652
-0.167963058
0.0529046841
-0.00119366741
-0.0934566855
-0.0522128716
0.0340440385
0.0252696034
-0.092152983
-0.0249166824
0.101105601
0.0141370995
0.0874839425
0.0068718954
0.0703949556
-0.0321629159
0.0378368944
0.00157095003
-0.0645226389
-0.0296623409
-0.0682872832
-0.0255857538
0.0373781286
-0.0262820609
-0.0290667042
0.0104587115
-0.0411219262
-0.125352025
0.021647118
-0.00785286445
-0.0184511952
-0.0435733683
0.129502833
-0.0516994409
0.0268930979
-0.0227525979
0.066615738
-0.0623443089
-0.0102676144
0.0270808041
-0.048480697
-0.0154525349
-0.00148794521
0.0961293578
-0.0361798778
0.122471541
0.000709347427
0.0689956993
0.0198444892
0.150659695
0.0616519339
-0.0585586503
-0.136551961
-0.040987432
-0.0116432793
0.0329703912
-0.00145396439
0.0113273505
0.0356398299
0.0026660217
-0.120983243
0.0167764258
-0.024569815
-0.103386402
-0.0435290672
-0.0664466023
-0.0111570787
-0.028534187
-0.0140045071
0.097619459
0.0990878791
0.0304467343
-0.114301853
0.0162252169
-0.0257303864
-0.10818097
-0.0898042098
-0.105390675
-0.0504844785
-0.0586648099
-0.0439251326
-0.13899447
-0.103342868
-0.119862728
0.064812623
-0.0269277878
-0.0370523818
-0.0311158765
-0.128889948
-0.00610448513
0.147344336
-0.0426643044
0.0831078216
-0.0239041075
0.064102605
0.192127168
0.199143857
0.0773028582
0.00913190562
0.101652652
0.0334583037
-0.069735609
-0.0498199165
0.0498438142
-0.050248649
-0.00229943497
-0.00787765812
0.0571213067
0.0516494662
-0.0274567939
-0.000890708761
0.0151541326
-0.0565827824
0.0356178209
0.0245085135
-0.0605797321
-0.022503417
0.0392796472
0.0327079594
0.0728162229
-0.0782074183
-0.0225338675
0.0491000004
-0.00817904621
-0.0668737739
0.037978135
0.0564025715
-0.0470393039
-0.0247670058
-0.018512737
0.0298494417
0.0963924825
-0.0293768123
-0.0435758941
0.0573240295
-0.0826652572
-0.104834773
-0.0566738695
0.110256776
-0.0476953201
0.0533883423
0.0774122104
0.0982308239
0.0748860314
0.114572749
0.0825184733
0.0959869251
-0.0314772911
-0.0206725784
0.00461024512
-0.0129458392
0.0540697128
0.0367325209
0.0165020805
-0.0847137198
-0.0302083697
0.0189913251
-0.106553346
-0.0970996022
-0.0606194362
-0.0513611846
-0.0801244825
0.0485745966
0.0324338228
0.0109083327
-0.0373866335
-0.017251594
0.000629850081
-0.0665850416
0.0260295123
0.0885723084
0.127206981
0.0632777438
-0.0252759717
-0.0236753002
0.102190569
0.084967643
0.0819466263
-0.0157637876
0.0460236408
-0.00741682993
-0.0629266948
-0.0963293463
0.0182776749
0.0263325684
-0.0952246785
-0.0765757859
-0.00527643086
-0.0055285031
0.0149632469
0.0680786073
0.0114826635
-0.0195942409
0.0575086288
0.164863467
0.0980298817
0.0849305764
0.00861030258
0.121907517
-0.0153547181
-0.196146578
0.108113639
0.254639715
0.0822825432
0.100614332
0.087905623
0.135701209
0.0642901212
0.141956836
0.104814932
0.0056749084
0.0866794363
0.132658213
0.00164213195
0.0327984132
0.051189933
-0.0515966043
-0.0692902282
-0.0867243931
0.00109295535
-0.0681642219
-0.135784194
-0.100579634
-0.131001577
-0.0336338691
-0.0823964849
0.0751119703
0.111916922
0.0379152074
0.0705161765
-0.00427690102
0.0430903211
0.0704153404
-0.0596915409
0.0794449747
0.00420535915
0.00781287625
-0.0871146694
0.022233637
-0.0166990794
-0.0333954059
0.00766624184
-0.0313645713
-0.071169436
-0.0958807766
-0.176425561
-0.0198029652
0.158922687
0.0130746718
-0.041436553
-0.0334539562
0.0807181448
-0.0100781946
-0.157659635
-0.0716749653
-0.0926465839
-0.105462492
-0.0947039425
-0.00628918363
-0.104378305
-0.0869330466
0.16187343
0.037740808
0.0336616263
-0.133841738
0.0184382908
0.0111428434
0.0634048879
-0.0898019224
-0.0440877602
-0.0328538902
0.0519692712
0.0533536971
-0.0259253159
0.00762519427
0.0445562378
-0.0510025918
-0.00118663639
0.0781500712
-0.0536883436
-0.0749504268
-0.0236266218
0.0357522406
-0.0691435412
-0.100118808
0.0274865441
-0.131166145
-0.0869876221
-0.102591805
-0.0513930395
0.00572067546
0.0450792275
-0.0354738683
-0.018954901
0.0100672152
-0.0423259512
-0.0243428424
-0.0310919154
0.0303484444
-0.0600024536
0.0127481222
-0.0370238833
0.0702293813
0.006223117
0.0280436166
0.110005513
-0.0228229072
-0.0837001503
0.125009745
0.0355379283
0.0272991993
0.0594539344
-0.0371971689
-0.125423387
-0.0933258533
-0.136986047
-0.0576387011
0.0447163209
0.0487547293
-0.0263114516
-0.0270149726
-0.0344176255
-0.00975667126
0.025533516
0.160808414
0.123164967
0.083367683
-0.0170352142
-0.0410217382
-0.0574042574
-0.0682962388
-0.0966792405
0.0692528859
-0.017573243
-0.0639862344
-0.128513008
-0.0228806287
-0.143991083
-0.161877796
-0.222479135
-0.176873252
0.0188010894
-0.0224709716
-0.182750911
-0.142888322
0.0662082434
0.0128204376
-0.139949799
-0.0209705438
-0.0103663094
0.00118685106
0.0365452692
0.0594196133
0.0320475101
-0.101380244
-0.0591530725
-0.041068092
0.0506625623
0.0136246514
0.0905776769
0.146033511
0.0684830025
0.0569854081
0.0493622683
0.0196814965
-0.00115185976
0.0187469535
-0.0331883505
0.0200043749
-0.0385863446
0.106524698
0.0891859382
0.0211082343
0.202793807
0.150840074
0.0923953503
0.0151638538
0.0107646836
0.0190048106
0.052498389
0.0347293913
-0.0199763235
0.0361167416
-0.0635743737
-0.0549135953
-0.0141143706
-0.0294788722
-0.0412224531
0.0890434384
-0.00913052913
-0.0225888938
-0.0957012177
-0.1078327
0.0440496728
-0.0243036486
-0.00371296448
0.0834880173
0.106325112
0.0584643483
-0.0142298406
-0.017106466
0.123292662
0.0200997647
0.122168317
0.151492864
0.053667739
0.013929436
0.0450250506
0.0860410258
-0.0513452105
-0.0641122609
-0.038495075
-0.0263412576
-0.0130578978
-0.04464145
0.0414029844
0.0172447544
0.00110681972
0.0142158596
-0.00865270197
-0.0214645788
-0.0646247715
-0.0300808623
-0.01180257
-0.112826683
-0.00344875478
0.0420843773
0.160341501
0.0885997936
-0.0580918044
0.114876077
0.031704139
0.0528909527
0.0994740725
-0.0272016134
-0.0820215121
-0.0136924954
-0.00765923643
0.031195065
-0.0272122882
-0.0191178657
0.0321043171
-0.02626599
-0.00086427643
0.00187951128
-0.0401632823
-0.0278527606
-0.0318150185
-0.0399120152
0.123498917
0.192742944
0.124138445
0.0457351804
-0.0644500256
-0.132666886
-0.134693414
-0.227698341
0.0164019205
0.0452870913
0.0503780916
0.101169221
-0.044836808
-0.0155907162
0.0217543282
0.0514271557
-0.00491151819
0.111169718
-0.202577844
-0.0237486027
-0.0035518615
0.00157133699
0.0435165763
0.000855263963
-0.0211101826
-0.0352715403
-0.0766053125
-0.0799061134
-0.110774986
-0.0255066212
-0.0380815342
0.0568262078
0.0395176224
0.115770042
0.118456237
0.109078519
-0.0796723664
-0.0560586974
0.0172783472
0.107866473
-0.0779588968
0.159739196
-0.00791965611
0.00669659395
-0.0295949038
-0.0420853049
0.0812593922
0.0107576009
-0.0136934267
-0.101625673
-0.0376829579
0.0721607804
-0.109573655
0.0134767713
0.023220446
0.0668574721
-2.77915442e-05
-0.0324464813
0.00201046746
-0.0398493558
-0.0165477488
0.00947907008
0.0181729123
-0.0353581496
0.0272580031
0.0530221686
0.0762779713
0.0243502166
0.176680148
0.0294700526
0.0212133173
0.0229711477
-0.0225419197
-0.00368538615
0.0318482555
0.151924446
-0.0178117491
0.0543813668
-0.0138843944
-0.0186287872
-0.00731934188
-0.0634869114
-0.0309372973
0.0524531528
0.0341096669
0.0751819685
0.0338449627
-0.0616651662
0.0215734355
0.013737726
-0.0504261963
-0.0800316855
-0.0589630045
-0.0412576683
-0.00329957134
-0.045580063
0.0524915494
-0.00884054601
0.0758081004
-0.0224189572
-0.0430903621
-0.0427549705
-0.0546713807
-0.0582261272
-0.0172153302
-0.0200161599
-0.185902864
0.139004037
0.118427284
0.0193298962
-0.176681221
-0.0498420633
0.15180549
-0.0109898699
-0.204259187
-0.0477693863
-0.0037995996
-0.00667823246
-0.0298303571
-0.0606802702
0.0189499594
0.0147608733
0.00731446967
0.0817835778
-0.00656624604
0.151883453
0.0729487911
0.0934722126
-0.157232448
-0.0323504545
-0.0331852697
0.0417089313
-0.0460301377
-0.0454682857
-0.0670185536
0.0725500956
-0.0244203322
-0.145088688
-0.111077316
-0.0864308998
-0.1113059
-0.087315239
0.0286741871
0.0521387719
-0.0355284847
0.0373797268
-0.026294481
0.00117640954
0.120020382
-0.0138000483
-0.171333492
-0.128883928
0.0743267909
-0.0806759745
-0.0770901367
0.0583581552
0.0364400446
-0.0508733839
-0.0227590334
-0.0568781346
0.149140552
-0.0638563633
-0.115292206
-0.119663812
0.0230709501
-0.0422130413
-0.0546290688
0.0923013017
0.0734359771
-0.00795339514
0.0653146058
0.0455629155
0.0310846586
0.0523262955
-0.0125143984
0.0853332877
0.0910818502
0.000941759266
0.0128205251
0.043695882
0.104047336
0.122374468
0.0207364485
-0.0555183403
-0.0559500977
-0.027929442
0.0503202341
0.0855241865
0.0340396725
0.00282465131
0.124572083
0.059830986
-0.0382031649
0.0126680629
0.0713377073
0.0127817402
-0.0211500283
0.0344079323
0.0271808859
-0.127923325
0.0607725941
0.0753543749
0.0319221281
0.230524853
0.0733265802
0.0538088083
-0.0355050154
0.0477332398
0.127879277
-0.0686789006
-0.0556438826
-0.0884920806
0.041905269
-0.0417970754
-0.0358236656
0.101613894
-0.00913913548
-0.0477618128
0.0731842071
-0.0429435633
-0.0462003686
-0.0127967848
0.0404100642
-0.0404620767
0.0748232454
0.0411839448
0.0482450761
-0.00148241979
-0.0971092433
0.0894498974
0.00415338948
-0.127210423
-0.0775887221
0.0425139181
0.0643051341
-0.0237342678
0.0424843356
-0.00651039556
-0.0337700136
0.0387964249
0.147125915
-0.0885888487
-0.0484003127
-0.00992901344
0.00362263736
-0.0657865256
-0.0854214355
-0.144695565
0.142440364
0.0408073962
-0.0199253391
0.00778471911
0.0625496134
0.0532563552
0.0789320171
0.0273269396
0.166191876
0.165116787
0.0195755195
-0.00390582369
-0.00200519222
-0.0115096597
-0.0670965165
-0.170118973
-0.116696484
-0.0682673231
0.0876173079
0.0169032495
0.0965714231
-0.0707805306
0.0200903527
-0.0378285907
0.00963852368
-0.154244885
-0.191214681
0.0664756
-0.0286996663
0.0394857489
-0.0527236834
0.0288744885
-0.00115039921
0.0540362932
0.105948657
-0.0393329412
-0.0191674009
0.0314769596
0.052798517
-0.0255800989
-0.0616537929
0.100937925
0.0522898734
0.0689443797
0.172272533
0.0364141501
-0.00780109921
0.0359389223
0.0367518067
0.0792082846
-0.0427295491
-0.014400362
0.170071751
-0.0423414037
0.0233435333
0.0404750295
0.0172893647
-0.0950120166
-0.0716311336
-0.0234513506
-0.139484867
-0.0280922242
-0.0214902274
0.133110583
-0.0105039524
-0.031931147
-0.0816561356
-0.0591441989
-0.0986382663
-0.0408302285
0.0905177444
0.0480041653
0.00643147994
0.0609371848
0.0099105062
0.0392095409
0.0518716499
0.0119720306
-0.00488166139
-0.111214004
-0.0924739391
-0.125034586
-0.011023839
0.151452497
-0.0706059262
-0.00854113325
-0.0123921661
0.0520989001
0.0614904724
0.0885417834
-0.0407440178
0.104990117
0.0326672792
0.0117798802
-0.0509259962
0.0527876876
-0.0530024059
-0.00445344578
-0.0101369862
0.0814877376
-0.0242417417
-0.0917907208
-0.0288780518
-0.0616322234
0.0580084361
0.0264451168
0.0190370027
0.0745647177
0.0802968219
-0.0761044323
0.048944138
0.0333633125
-0.0157201588
-0.118983485
-0.0912877694
0.133667812
0.109518558
0.0043004523
-0.100880779
-0.111604892
0.154373452
-0.138370097
-0.062478397
-0.0650825948
-0.0409572124
-0.00680091185
-0.0811876506
-0.0607697852
0.0171932708
-0.0281177629
0.00776831713
-0.000620649778
0.0168080069
0.0477383249
0.0981185213
0.0631682724
-0.174002081
-0.11558874
-0.105907738
0.0747352466
-0.126392856
-0.0860741585
-0.0274529066
-0.0138942618
-0.143726707
-0.119328298
-0.0307733417
-0.0991273597
-0.0906634927
-0.0227609947
0.00557434326
0.0365016498
-0.0143486755
0.0542964078
0.0597740412
0.0286790207
0.0417472124
-0.0143720713
-0.0693859607
0.00590670016
0.0111346897
0.0315657668
-0.0151017839
0.0558111519
0.0689292029
-0.0144271087
-0.0506486557
-0.04397358
0.141362116
0.0106317606
-0.10389322
-0.106192008
0.063361153
-0.0166621264
-0.00928507
0.0286591742
-0.0311588515
-0.0208127219
0.000532106729
-0.039091371
0.0907084867
0.0318913646
0.0523345433
0.0365637243
0.0976947397
0.0746247619
0.0421530679
0.0791938305
-0.0316803642
0.000600167667
0.0535445698
0.0156861898
0.0235637669
0.0252210405
0.0188068654
0.0781785622
-0.00992234237
0.0574446805
0.0730767325
0.11571537
0.0704040527
-0.00597846787
-0.0217935424
0.0452147238
0.106710128
-0.0293346383
0.00884189736
-0.0250068326
0.0521763861
0.0380107276
0.0140287792
0.209979013
0.0547838211
0.0589656122
-0.0504504219
0.0341304988
0.0867647231
-0.0689385086
-0.0290704537
-0.0190167967
-0.0365077592
0.0212892238
-0.0530015789
-0.0485623516
0.100632519
0.00491110981
-0.0226618871
-0.0807818249
0.0639108494
-0.0456521064
0.0899470001
0.0390646011
0.0119130276
0.0858804584
0.112687699
0.0640510842
0.0755316019
0.161074623
0.0441203006
-0.0599807501
0.00804717652
-0.0770121366
0.0681523681
-0.0836495832
0.0514017604
-0.0342926979
0.0226522051
0.0136155058
0.115412124
-0.00956532359
0.0578478165
-0.0233154185
-0.0498097129
-0.0743273124
-0.0585491545
-0.133553475
0.0647555217
0.0538294651
0.052902218
-0.0465584956
0.125532538
0.0437631197
0.0518242307
0.0968456343
0.142953902
0.0583544858
-0.0281525869
0.0752059743
0.085676536
0.000630085939
0.0917636156
-0.0821228772
-0.0728536472
-0.0830715746
0.0678388104
-0.00892377924
0.0427626222
-0.00182377221
-0.0194499567
-0.0296587832
-0.129913121
-0.236069083
-0.127964392
-0.00975280441
0.0233298466
0.0355839096
-0.0380751342
-0.00215425994
-0.0226141103
0.0373563766
0.00902308244
-0.0264059734
-0.00858275872
0.063977398
-0.010029125
0.0425013304
-0.0706279725
-0.00163788779
0.0146217514
0.084875524
0.153178066
0.051248353
0.0926640406
0.00490954192
0.0208905339
-0.0802200139
-0.00183763995
-0.110388815
0.101792715
-0.0497177169
0.0453659743
-0.0322955027
-0.0413332097
-0.0850744247
-0.00687605608
-0.0515642203
-0.0839437991
-0.0155808935
-0.0425233543
0.0429453962
-0.051989954
-0.0129638426
-0.0552715808
-0.0239290874
-0.0266468897
-0.0503403544
-0.0157151148
0.0616336614
0.0154291755
-0.0667297691
0.015523823
0.0479607917
-0.00340289157
-0.0179249998
0.086752966
-0.00415529916
0.0274323728
-0.0961656123
0.0165662188
0.119156569
0.0666361973
0.0791735798
-0.0113402708
-0.0274525378
0.0880953968
0.0587536544
0.0488812625
0.0563978963
-0.0496266149
-0.0253113993
-0.0187965538
-0.0156246405
0.0218267851
0.0628849939
-0.0199443717
0.0599077083
-0.0232888907
0.0285921786
-0.0147165963
0.0499426983
-0.065514423
-0.0297593158
0.0255035702
0.0829553232
-0.0259869937
0.0713876337
0.221491665
0.0672204792
-0.022358289
-0.0611047894
0.0779047683
0.0104919532
-0.0476947054
0.0944938511
-0.0988563672
-0.0651761517
0.100167155
0.0392169394
0.0531189889
-0.046093829
0.0457259975
-0.04655068
-0.0338100716
-0.0144692631
0.0558606312
0.0536436737
-0.0678395778
-0.0535356961
0.171230167
0.062193241
0.10366834
0.0763447732
0.0100431815
-0.0281308927
-0.0237848777
0.03633729
0.197995767
0.0249263179
0.0430080853
-0.194413424
0.0139825977
-0.108571552
-0.0220444649
0.0262686312
0.0232582111
-0.0378577225
-0.00441559078
0.176603913
-0.142281875
-0.0252516866
-0.0730691701
0.144772246
-0.0248628687
0.0636733845
0.149962723
0.179166004
-0.0039087967
0.0427266173
0.0727365538
0.191945195
0.00680749957
0.00562392175
-0.0215641093
0.0167509876
0.0874965116
-0.00254138652
-0.101021037
0.102803513
-0.0083348453
-0.0381777883
0.0386166386
-0.0123745808
0.0276616663
-0.00397078134
0.0381626152
0.0101366891
-0.0087780226
0.0623580404
-0.00156754314
0.00681161275
0.0292589124
0.0013056047
0.01953201
-0.0153300036
-0.00226655602
-0.110368997
-0.062911123
-0.0540734269
0.0829866379
0.0481354743
-0.0520285778
0.0863999501
0.0405621044
0.0667716712
-0.0687751472
0.0541328005
0.0164366569
0.0973730087
-0.0722381249
0.00769659132
-0.0220312867
0.0138570135
0.0455672964
0.110443033
0.0444561392
0.0210126471
0.0428965688
0.064833723
0.0427622832
-0.00529707363
-0.033906091
0.0120278243
0.0383391343
-0.00622903276
-0.0416054688
-0.0575552396
-0.0273398217
0.0411094427
0.0523384474
0.0136930775
-0.0219139159
0.00222398806
-0.0309797619
0.0871381089
-0.0543950498
0.00784310419
-0.0503424928
0.032035511
-0.0539978147
-0.00680899573
0.048887305
0.0738789514
0.107076168
0.0314078778
-0.000333459815
0.21535261
0.0255944468
0.116830014
0.0242639724
0.0824910328
0.000985870836
0.0130995922
0.0232273359
0.0450213291
0.178112239
0.046145808
0.0189186409
-0.0877232999
0.00371503946
0.0127474675
0.0201219413
-0.0231371783
-0.128451779
-0.0449448377
-0.00402628398
0.065171577
-0.00414437708
-0.051673796
0.0599326938
0.0191136375
0.0644764304
0.0364277437
0.0635342896
-0.0460705943
-0.0645592511
-0.0681897327
-0.00961086806
0.0870754048
0.0158034097
-0.015409532
-0.0622823834
0.0727621913
-0.0413520038
0.112587444
-0.0210504774
-0.0640588477
-0.0147952586
-0.103157029
0.000635724864
-0.184528574
0.0353149846
0.0579437539
0.0528155603
0.0757527724
0.0387847647
-0.0608486272
-0.0104970243
0.0145188235
0.0266784187
-0.0368004777
0.0383510627
0.0359968953
-0.10199672
-0.0752565935
-0.061388135
0.01834777
-0.156264529
0.07817287
-0.0465121605
0.00297483732
-0.107425198
0.0483747497
-0.0999776572
-0.0354644693
0.111266099
-0.0160828028
-0.0437319875
0.0116547039
0.129949078
0.0200670715
0.00913602766
0.119764157
0.240574703
0.194648668
0.02851291
-0.0319579057
0.0533149764
-0.0335432738
-0.0176745597
-0.110552795
-0.0409092978
0.0519622974
0.00661135651
0.035937693
-0.17618525
-0.0365848094
0.105237566
-0.00735790329
-0.0943523943
-0.0112227742
-0.0210096743
0.094993107
-0.0230549239
-0.0116771711
-0.0979066938
0.0872624591
0.0243147854
-0.0680006966
-0.0565046631
-0.0137896631
-0.0523849614
0.0646593869
-0.0240978654
-0.042113632
-0.0116017796
-0.0115847886
0.0115013765
0.0145112844
0.0814771876
-0.0640753433
-0.144661009
0.0240716673
-0.0190398786
-0.0704366192
-0.0427443609
0.184658691
-0.00599758001
-0.00743280957
-0.0146365184
0.0713172182
-0.0469388068
-0.0326869935
-0.0141551197
-0.0504599661
-0.0330137126
-0.0399979576
0.0362014025
0.0278478339
0.0302342251
0.0388493054
-0.0591394268
0.0293905903
0.00684357155
-0.0579216555
-0.00477780541
0.0462992452
-0.011751662
-0.00211263937
-5.44262548e-05
-0.00279287528
0.0029998105
0.0504002869
-0.00547255622
0.0273091234
-0.0112870187
0.0483568795
-0.0339968801
-0.0239330325
-0.0300329681
-0.0230854619
-0.0185790304
-0.0282290131
-0.0166363027
0.00129861024
-0.00215842575
-0.0305978339
-0.0311461687
0.0475024991
0.0375143848
-0.0282886699
-0.0495538972
0.0102012558
0.0406183451
0.0128995739
-0.0319803171
-0.00412760628
-0.0729705915
0.0360368118
-0.0311244093
0.0265370365
0.0167952534
0.0342422575
0.0605355799
0.00309715862
0.0166601818
-0.043997623
-0.038486097
0.00534232892
-0.0427745059
0.0580709167
0.0138490787
-0.0545608066
-0.0423153564
-0.00669406448
-0.0502522923
-0.050455302
0.00313182082
-0.0446518995
0.0628292933
-0.0674652383
-0.00981956068
-0.0659637004
-0.0390722267
-0.0484581999
0.0331226587
-0.0439663939
0.0511619523
0.0313469581
0.00118695013
-0.0255563352
0.0362373143
-0.062368948
0.00838707946
-0.00363306678
-0.0547589287
-0.0387706347
0.0500339121
0.0435595326
0.0488007627
-0.0605113655
-0.00667413697
-0.0192704182
-0.0446563326
-0.00520684756
-0.0416379906
-0.00397426169
-0.0413508527
-0.059752319
0.0139663434
0.0352687649
-0.036466524
-0.0295721609
0.0121171139
0.0386333466
-0.0221453253
0.0356317796
-0.0323454216
0.012690017
0.031699162
0.0501416624
0.0570198558
0.0180139169
-0.0323584974
-0.070144549
-0.0442678183
0.0112793408
-0.0260530431
-0.0598168857
-0.0619086623
-0.0193253383
-0.0453731343
0.0386247821
-0.0516973436
-0.00194069126
-0.040837083
-0.0142268306
-0.0484358259
-0.04026483
-0.0532002077
-0.00878850278
0.00705438107
-0.0318487696
-0.0513947792
-0.0484176539
0.0452804938
-0.071336709
-0.061812412
-0.0020739506
-0.0424478091
-0.0684701502
-0.0232757963
-0.00260326941
-0.00972558931
-0.0213786308
0.0693583712
0.0357212648
-0.0111146895
0.0147211356
0.0475227945
-0.0186465103
0.0276622456
-0.0177330729
0.0154004898
0.00504146237
0.0370137766
0.00225591683
0.0254638866
-0.00672777928
-0.0149841597
0.0204074662
0.0457774661
-0.02860667
0.00403708359
-0.0349517763
-0.0205751192
0.0309744645
0.00126868486
-0.0103761638
-0.041244626
-0.0527074598
-0.0230207201
0.00679464824
-0.0422941521
0.0497945622
-0.0273210909
-0.0666979402
0.0247319061
-0.0116929086
0.040870443
-0.0373377316
-0.0376780443
0.00771579472
-0.054156661
0.0225079749
-0.0566058569
-0.00688422052
-0.0550242327
-0.0224610083
0.0206437279
0.0459734052
0.0451290607
0.0124002993
-0.0146507565
-0.0595189147
0.0619734898
-0.0115987603
-0.0528913327
-0.065887399
-0.00921647437
-0.0164309964
0.0142480135
-0.0499129631
0.0470282137
-0.0395941511
-0.0535714924
0.0311774239
-0.0106741181
0.0499004871
-0.00114879699
0.0364246592
0.00413373997
0.0222166609
0.00202996307
0.0200617947
-0.00356592773
0.0120633384
-0.0366398431
-0.0245201271
-0.0392420255
-0.061121475
-0.00373654813
-0.0381166153
-0.0525818504
-0.0389591679
-0.0216865391
0.0327951051
-0.0345713347
0.021484891
0.0310497545
0.0221958123
0.0370232649
0.0410056897
-0.0632136166
-0.00425524265
-0.00362866232
-0.0428287759
-0.051679641
0.0349903405
0.0398955345
-0.0139491335
-0.026876824
-0.0686485991
-0.0567768477
0.00813418999
-0.000257952634
0.00890889764
0.0212372746
0.046934858
0.0411337838
-0.026973743
0.0117887612
-0.0103258938
-0.049581863
-0.0609578416
-0.0209149048
0.0242746919
0.0553371161
0.100878403
-0.00717096077
0.13193284
0.0813239068
0.0014034434
-0.0798611939
0.0396482237
0.130346835
0.0889684483
0.120792843
-0.0737375692
0.0898658261
0.170267954
0.0739824101
-0.118668459
-0.148882911
-0.0392294973
-0.0397925004
0.0240323823
-0.0525506102
0.0143687632
0.0724778622
-0.0951896459
-0.065734148
-0.10466779
-0.0710439086
-0.12973471
-0.0450257584
0.00916611403
0.0123633659
-0.0310492795
-0.236741111
-0.122721702
-0.168603271
0.127449423
-0.0326069072
0.0220895447
0.0480715334
-0.114342846
-0.0451531
0.0406782366
-0.00450392161
-0.161391228
-0.0662281662
0.049360238
0.0408906117
-0.150670022
0.0790546313
0.1459205
0.0830679089
0.159585059
0.0371038131
0.0917962641
-0.00266412436
0.0584041364
0.0734885111
0.0853189901
-0.00223601284
-0.182022393
0.0101307323
0.0515999198
0.128358766
-0.147648707
-0.0972301513
0.0742343068
-0.0138573013
-0.0470356941
-0.0293197688
-0.0228618383
0.0439484566
0.00910091866
-0.0873451829
-0.0634929165
0.0143727921
0.0369833671
0.0551329404
0.019570753
0.0333930179
-0.0137907695
-0.0580471419
-0.0699187517
0.0704387873
0.0212410726
-0.0810938329
-0.0929136947
-0.0586128607
0.0202235393
-0.0706965551
-0.0282884184
-0.0811754167
-0.119167373
0.0405363925
-0.0573068447
0.024344638
-0.116025165
0.0586874895
0.0690699965
0.134122163
0.0608748272
0.0554308183
0.0901423767
0.0289637372
-0.0464901477
0.049265407
0.0598085076
-0.0501388758
-0.200029984
-0.0656362921
0.0550698601
0.000640342827
-0.143397853
-0.0675741136
-0.0263752025
-0.0341443717
0.0411275998
0.0434088297
0.088788107
0.0545350313
-0.0705397725
0.0291048475
0.0410093404
0.0150314616
-0.0758622214
0.10212823
0.0560206734
0.00142439117
-0.0279284697
0.196450576
0.0387409441
0.217171147
0.0231430382
0.0626441091
0.0386163704
-0.0800345615
0.102460027
0.0677733794
0.0967147201
-0.0262914747
0.0469957441
0.0783639625
0.220816031
-0.0122107817
-0.0519158877
-0.0690257475
0.0460303538
0.117799006
-0.0225383509
0.0633396059
0.0411477089
0.0347781368
-0.057363797
-0.00721762516
0.0599287264
0.0254745185
0.0597922802
0.0571054034
-0.0263137985
0.0422935113
0.0811554566
0.0990003347
0.274787277
0.385757178
0.0475342423
0.113980971
-0.0799040198
0.110266015
0.0170382634
0.220482677
0.0727465972
0.0436926745
0.0579051226
-0.0250226427
-0.0149574475
0.091493763
-0.00970297214
-0.120417118
-0.106823295
0.0138614113
-0.0102587482
-0.110066861
0.029964393
0.115954868
-0.00621869648
-0.0731908381
0.00564647419
0.0179834794
-0.0333102047
0.0593196005
0.0192604195
0.0484347828
0.0431971885
-0.154430225
-0.106171846
0.0418930985
0.0654288307
-0.130829662
-0.0581043474
0.0446200669
0.0303997155
0.127975479
0.101590626
-0.0211354848
0.0160884038
0.10076306
0.0218889508
-0.0239776261
0.0894336179
-0.0774629042
-0.0318941474
-0.0717443973
-0.077811338
-0.0218886267
0.113569044
0.0689749867
-0.021820914
-0.0149554098
-0.0813228786
0.0660820752
0.0699552745
0.122179545
0.0123686418
0.0425003059
0.0796954259
-0.0933397263
-0.0713732466
0.104680955
0.13310644
-0.0590839647
-0.027342638
-0.0210211389
-0.055650942
0.00341233239
0.0135693708
-0.0392885134
-0.170463562
0.0581498258
-0.0499507301
-0.0420032144
-0.054978352
-0.0983078778
-0.010381029
-0.136810914
0.019675348
-0.0885535628
0.0731368959
-0.0492933951
-0.013921625
-0.0128666414
0.0304566603
-0.0608332232
-0.102007225
0.0554103963
-0.00944134407
-0.00856277719
0.0964587033
-0.0555573143
-0.00911412202
0.0655609369
-0.0429326594
0.0506285839
-0.0485610627
-0.0296952538
-0.0609874241
0.0240988899
0.0174408518
0.107590094
-0.0685511455
-0.0624105148
-0.0327400789
0.0997916982
0.0198593307
0.0255029388
-0.0269580521
-0.0234742966
-0.0264558475
0.0420376249
-0.020976264
0.0144255189
-0.000362310384
0.0141262263
-0.0503253192
-0.056099806
-0.0397968702
0.00726109231
-0.00389248226
0.0229237434
0.025312623
-0.0561859533
0.0309952274
0.0998276323
-0.0372254625
0.0182632823
-0.0173301138
0.00229780586
-0.00264557055
-0.0289950185
-0.0345498845
-0.0283894651
0.000662671751
-0.00380471628
-0.0691631436
0.00414256426
-0.0678538978
-0.0492828116
-0.0590620674
0.0106925163
0.0878808349
-0.00124471053
-0.00679083308
0.0379479341
0.111275494
0.0195472836
-0.0530374236
0.0357878171
-0.0449861586
-0.0237057637
0.00399259664
0.042892538
0.00311967847
-0.0484577119
0.0148701025
0.010842449
-0.0719195604
0.0106620826
0.0294183847
-0.0519241579
-0.0530778244
0.0180074405
-0.00814205967
-0.0434019901
0.0142594399
-0.0123180086
-0.015562973
0.00315458607
-0.0203957874
0.00159187231
-0.0322499163
0.00456057629
-0.0680997968
0.0380549543
-0.0780291632
0.0510058999
0.0203270875
-0.0258441214
-0.04190851
-0.0295300949
-0.0831628665
0.0203824341
-0.0821035951
-0.071675621
-0.0386491716
0.000266561488
-0.0774057582
0.0126933241
-0.0159732345
-0.0976365656
-0.0205562692
-0.0840693042
0.0345845297
-0.047738269
-0.0411698706
-0.0273413621
0.0526014529
-0.0107676703
-0.00520409085
-0.0135399038
0.00941138994
-0.0209513158
0.00385221606
-0.0610468052
-0.0150984824
-0.0241547246
-0.0328466445
-0.0281947404
0.0325511768
-0.0762829334
-0.029958209
0.0182325132
0.0262979567
-0.0269985925
0.000676734664
-0.0600657538
0.00505361753
0.00996769965
0.0214761849
-0.0503281951
-0.0235394798
0.040802449
-0.0175227262
-0.0388982594
0.00684308726
-0.0559927039
0.0279591363
-0.00625546323
-0.0237339288
-0.0944726318
-0.0556027889
0.02021439
-0.0181307979
-0.0720371082
0.000229552403
-0.042864643
0.0295817032
-0.0307345297
0.0356510244
0.0123227956
0.0413503982
-0.0606028177
-0.0615445562
-0.00746811694
0.0582409985
-0.0164316949
-0.0125135547
-0.0639336482
-0.00552150188
-0.047616791
0.0288025755
-0.0511804856
0.0784858018
0.0190660264
0.0455833226
-0.00215075538
-0.0219493732
-0.0244811252
-0.0661535636
-0.00220126472
-0.0342616066
-0.0359975547
0.0140245315
0.0487144329
0.0608738065
0.0271263812
-0.0614914894
0.000314238569
0.0296979565
0.0208466928
0.0524627045
0.0235339999
-0.0568975955
0.0189486537
-0.0760905296
-0.0511382446
0.00990143232
-0.0664398223
-0.0726446658
-0.0155837052
-0.0701544359
0.0456319079
0.0866873264
-0.0922067463
-0.0400641225
0.0503424108
0.00429041684
0.0292075872
-0.0395139568
0.0454640798
-0.0162847266
-0.0892000347
0.0430881269
-0.0221152417
-0.0345799886
-0.0520927273
-0.0408241935
0.0876735896
-0.0283388495
-0.0182523187
0.0220678709
-0.0152282529
-0.0286585856
-0.0227662791
0.0225396119
0.0468877964
-0.0638992339
-0.0341285691
0.019189639
0.0344101526
-0.0629253983
0.0210828409
-0.0259245839
0.0119241672
-0.0680672526
-0.00820041727
0.0215097219
-0.0689331815
-0.0348722674
-0.0700836331
0.01970217
0.0347899683
-0.00867560506
-0.0159721095
-0.0587429553
-0.0595620535
-0.0165832769
-0.0651156902
0.0372558683
-0.0236849897
0.0401026532
-0.0201575905
-0.0389282145
0.0188859403
-0.0657585263
0.0211292319
-0.0553350598
0.0622620322
-0.0271621626
-0.0605615675
-0.0144661823
-0.00444174185
0.0257938299
0.0434119813
-0.0461442843
0.0576277077
0.0596142933
-0.010405628
-0.0551253036
-0.0359205604
0.0471845493
-0.0364297405
-0.0127579123
0.00322130066
-0.0130824037
-0.0538731255
-0.0424993187
0.0224313438
0.0473917089
-0.0362007916
0.00669760071
-0.0338110328
0.0414240956
0.0180656351
0.00569373416
0.0444041118
-0.0619626641
-0.0424747318
-0.0143454708
-0.0217962656
-0.0263831783
0.0460283086
-0.0151085863
-0.0212965161
0.0557664484
-0.0136713888
0.0490064621
-0.026859127
-0.0304324254
0.0235785153
-0.00995377544
0.0565383919
-0.0563682169
-0.039697025
-0.0587384365
0.0089514805
-0.0012042803
0.0074491757
0.0116912611
-0.0620287843
-0.0357464589
-0.00949405041
-0.0670148134
-0.00248546666
-0.0221742615
0.0103172734
-0.0555793494
0.0675320923
0.0490160659
-0.0276244134
0.0366788283
0.0624909215
0.0426862985
-0.0658345744
0.000816777349
0.0438033566
0.0264853667
-0.00396734197
-0.0492270775
-0.0443544574
-0.00699140923
-0.00290875463
-0.0448017679
0.040639542
-0.0241445154
0.00898702908
0.0217744708
-0.0287383813
0.0377247855
0.0398255326
0.00709310826
0.0482478328
-0.0273200721
0.023896981
-0.0185349304
0.0471150056
-0.0400783829
-0.0613474473
-0.0536949225
0.0129773617
0.0206391159
-0.01968164
0.0153211905
0.0239436924
-0.04881211
-0.0346632376
-0.000744030171
0.000524442701
-0.067219086
-0.0465307608
0.0112165036
-0.00955154467
-0.0610460378
-0.0137883965
-0.00868249405
-0.0555978902
-0.050972756
-0.0679454654
-0.000359924743
0.0189924855
-0.0451786518
0.0253406744
0.013845765
-0.0383664742
0.0274259578
-0.0432443134
0.0525561199
-0.0591108724
-0.00145320815
0.0329840221
0.0190515481
0.00634082779
0.0354914367
-0.0599486418
0.0394327641
-0.0382643864
0.0228723064
-0.00442496035
-0.00774738658
-0.00465784222
-0.0265047792
-0.0310918987
-0.0608263873
-0.023227239
-0.00765029853
0.00154839735
-0.00407300238
-0.0198443979
-0.0609756187
-0.0201376975
0.00202345964
0.0504339188
0.0158309489
0.0352875218
0.0158746131
-0.0666838959
-0.017299138
0.000430093904
0.0370389298
-0.00166375039
0.000460987649
0.00931298267
0.0493656471
0.0414908044
0.0300524682
-0.00578590715
-0.016245991
0.0151333064
-0.0572272949
-0.0333029404
-0.0683374628
-0.0139056453
-0.0591520779
-0.0528849363
-0.0123252301
-0.0322054476
-0.0204185974
-0.0270946529
0.0512457117
0.0619682148
-0.00859372318
0.0201013014
0.0294119902
0.0146102831
-0.0223135054
0.0302733704
-0.0233302675
-0.0319640487
0.0283687282
0.020337414
-0.0392050445
0.033165846
-0.0479889698
-0.0413663238
-0.0428782143
-0.0623023733
0.022069646
0.0492090844
-0.0287311692
-0.0362443067
-0.0197518691
0.0363894999
-0.0690299273
0.0314263962
-0.0454352722
-0.023516478
0.0235384833
-0.0454133898
-0.000671601272
-0.0490844101
-0.0453767851
0.0322627649
0.0482693426
0.0370338894
-0.0592821129
0.0315108113
-0.0625112429
0.0382718258
-0.0146398488
-0.0630254373
-0.012570899
0.0386240408
-0.0449051596
0.022638429
-0.00805429369
-0.0316221714
-0.0666661486
-0.0183325596
0.00847680494
-0.054440096
-0.0626850054
-0.0585893989
0.00937740598
-0.0579993129
-0.00367702614
-0.0178290065
0.03434572
0.0190483015
0.00678601023
-0.0459656045
0.00675964681
-0.0336837433
-0.0377510786
0.01862102
-0.0155922342
-0.0251445156
0.0256856307
0.0204225257
0.0383766294
0.00312430691
-0.0411126949
-0.0653297454
0.017575888
0.0226738807
-0.0110635525
-0.00385817676
0.00616578059
-0.00935232546
-0.0664994419
-0.0315612666
0.0374724604
-0.0635902956
-0.00232987734
0.0156114325
0.0407324694
-0.0502668805
-0.00280468538
-0.000548683864
-0.023275692
-0.0263303909
-0.054022491
0.105438806
-0.0403512679
-0.0260931104
-0.0286746155
0.0898126513
0.00433871662
-0.153491333
0.116178766
-6.3525491e-05
-0.0668918863
-0.0664901435
-0.0347701758
-0.0234273169
0.0511791073
-0.0588340536
0.152227804
0.119433939
0.0964815617
0.0317095816
0.0311484803
-0.0905196369
-0.050062608
0.00874964427
0.100833811
0.000379582256
0.0103180222
-0.0142991217
0.0499545299
-0.0320206285
0.0072085727
0.00724008027
-0.0499599725
-0.083061181
0.0500460938
0.0565416515
0.119806886
-0.0908344686
0.051659584
-0.0511057824
0.113724954
0.0900494158
0.000576052
0.00802125223
0.0238049086
0.0572672933
0.0208039936
-0.0939088687
-0.13597697
0.0126629537
-0.0762424767
-0.0638176054
-0.230293259
0.0129201161
-0.0343915783
-0.0436461903
-0.0111169089
0.0377563536
0.0150665753
0.0203153938
0.0377634019
-0.0477924533
0.0245526433
0.00514728809
-0.146270052
0.0165069699
-0.0690538883
0.0311645493
0.0152725959
0.0216560178
0.03833602
-0.0491508357
-0.0178561825
0.0604655817
-0.0159522146
-0.00452223979
0.0244370475
-0.0448432304
0.0130219487
0.0403314345
-0.0463926159
0.0610390455
0.0893944725
-0.00160069426
0.00498090778
0.0483876318
0.0237703137
0.0266332626
0.106023937
-0.0642584041
-0.0113533372
0.0179010369
0.0898427367
-0.0455403216
-0.0462943427
0.0245109554
-0.00976572465
-0.0208820589
-0.0930442885
-0.0312020779
-0.124495015
0.0181323439
-0.0547286607
-0.0645647869
-0.014125987
0.00994226336
0.0513202511
-0.00475388067
0.125785857
0.0261760186
-0.0369963497
0.0410554968
-0.00426765624
0.0535819046
-0.0117939599
0.0925706103
0.0436649919
0.0649436414
0.0146534191
0.0348380022
-0.047197409
-0.0332891196
0.0826651528
0.0444719642
-0.00665270211
-0.025146259
0.0325738564
-0.0138211194
-0.0246499013
-0.121287391
0.0141808996
-0.150581762
-0.207590267
0.0567954965
0.0477552749
-0.0461622588
0.0126695149
0.0465011969
-0.0650530383
-0.0239401739
0.0788507238
0.0361272246
-0.0669712201
0.0467845947
0.0182712488
0.0926711783
-0.00472134119
0.0592362769
-0.0492054783
0.081444867
0.0425735526
0.0319793038
-0.0352566838
0.0792622939
0.012877238
-0.0584657453
-0.0381001085
0.0496740118
0.0591769889
0.0652450919
-0.0705460459
-0.0230937246
-0.069933705
-0.195151731
-0.173335582
-0.0632060766
-0.00137994846
0.0659219027
0.0633368567
-0.0554115996
-0.0759762675
0.0529341213
-0.0369698852
0.0274805054
-0.0439085849
-0.025893027
0.17900826
0.0848596543
0.0572649166
-0.0318179056
-0.0201795511
-0.0173440315
0.101455986
0.0215735566
-0.0113209235
0.0719251782
0.10574507
-0.0203230791
0.0131024988
0.0469161607
0.0362612121
0.0371572226
-0.0554262213
0.155275539
-0.0494943708
0.00855163299
0.00771108642
0.083636865
0.0832588971
0.0462182797
-0.0129428338
0.0239750631
0.00255128974
0.0452989787
0.0476438962
-0.0383513607
-0.0987176374
0.00994687248
-0.00840852689
-0.113628313
-0.16218327
-0.0236255806
0.0848408192
0.0444557555
-0.0818048343
0.00861161202
0.0808294639
0.109620713
0.0946361125
0.0550078079
0.0248612147
0.0577263609
-0.0486063324
0.0156993624
0.0582701638
0.0153182996
-0.024051981
-0.0690551475
-0.0379374959
-0.0168603715
-0.0243399087
0.0273008309
0.0267094709
0.013094903
-0.015487452
0.00533254864
0.109501868
0.00158081902
0.0425279886
0.0268618912
0.00543266768
0.0824291036
0.0236141812
0.100005671
0.00458049355
-0.0151048014
0.00478189019
0.0944490433
-0.0279993583
0.00815761928
-0.0272844639
0.0881258845
-0.00145827234
0.0136779416
0.0373984687
-0.0470433943
-0.0711799264
0.00353089999
0.0174527727
-0.0260996316
0.0716239214
0.0825364664
-0.0779265165
-0.0398392528
0.151116267
0.0114144739
-0.0447538123
0.0106557244
-0.0478526503
0.0168948006
-0.0148878852
-0.0419744514
0.0620508976
-0.046566844
-0.0118106026
-0.0556333661
-0.0649036393
-0.0178990718
0.0113807004
0.0372505523
0.0158249345
0.0981412977
0.0240077507
-0.00158506213
0.0403568782
-0.0501460135
-0.0752232
-0.0385364629
0.0310476068
-0.0476871356
-0.0621766448
-0.0831404924
0.0254033618
-0.0295926332
0.0692597851
0.0566987246
0.057609342
0.0435368307
0.00489056297
-0.0270902291
0.0319260582
0.115967453
0.025825493
0.0228832699
-0.0326354466
0.120749503
0.136798114
0.00972520374
-0.0545206368
0.0324630104
0.0277751852
-0.00370678282
-0.0765184984
0.0583508983
0.0055321143
-0.0089380648
0.0765111148
0.0391605012
-0.023581177
0.0222049784
-0.089047946
0.0619455315
-0.0117385322
-0.0721795857
0.0147472955
0.0623546354
0.0465395674
0.0437675081
0.0443627089
0.0180925075
0.0376931168
-0.0243206527
-0.00595506933
0.0463928878
0.0330695137
-0.00504281186
0.0259555485
-0.123783767
0.0491275638
0.0707115978
0.0725554451
0.00754192704
-0.0529741198
0.0263465308
-0.0593484677
0.112439536
0.0463738069
0.0196791813
0.0973964408
0.0402931012
-0.0492897592
0.106929064
-0.0214955918
0.0774593949
0.0296108481
-0.043233294
-0.0187712442
-0.00487856101
-0.0485912971
0.027721975
0.00612001494
-0.0391728394
-0.0433025621
-0.0160749834
0.0346025713
-0.0442555957
0.0186265819
-0.0334636644
-0.00802930258
-0.019222321
-0.0304500833
-0.050648693
-0.0129283862
0.013046057
0.057969749
0.0765207857
0.00883003511
-0.0192051623
0.0317001641
0.101697296
-0.0276003908
0.016285114
0.02352993
0.0619322211
0.0858384371
0.114772514
0.13365601
0.0968871936
-0.116536081
-0.0273477938
-0.120642558
0.038901668
-0.080110617
0.0749186948
-0.0629044473
0.0712553263
0.00638742
0.0615612082
-0.0296391062
-0.0258108508
-0.0100253252
0.0396204926
0.0109539563
-0.0398273245
-0.0308853518
0.124822736
0.0210151561
-0.0381949209
0.00930922199
0.0222631749
0.0197068192
0.0232729111
-0.0167741049
0.011135458
-0.0056855455
0.0345298871
0.00540388096
0.0678666532
0.112184227
0.0286875237
-0.0712463111
-0.0461507738
-0.166966468
0.0435930714
-0.145617709
0.0717391446
-0.194716722
0.00636394881
0.0218889657
0.0320081078
-0.0637948886
-0.0401780531
0.0307254847
-0.0305909142
-0.0240244381
0.0220948271
0.0139951361
0.0454510376
0.13342382
0.025846893
0.0346661098
0.054086253
-0.0117522459
-0.0167697053
0.036525961
0.0463874526
0.124253049
-0.042735666
0.0374849513
0.172170818
0.0312669277
-0.0370966569
-0.0485339686
0.0107050855
-0.0236752108
0.0237743072
-0.065373078
0.0225234162
-0.022026293
0.018283492
-0.0421150886
0.0455905199
0.012568376
0.0384787433
-0.00180128322
-0.00424960302
-0.0152628832
-0.0392648876
-0.0297448914
-0.0506612696
0.0370713174
-0.00606366247
0.0487244502
-0.0225559901
-0.0238554571
0.0837311149
0.000947064545
-0.0630639419
-0.0946919695
0.043149367
-0.0042439308
-0.066761069
0.0398629904
0.0798930153
0.0852423683
0.0268753059
-0.0907635093
-0.0961356536
-0.155722126
-0.0186736733
-0.0402257815
-0.0652604476
0.00085893611
-0.00879353657
0.0239220671
0.12040282
-0.0117309466
-0.0427114852
-0.0454863869
-0.0196080524
-0.00754461437
0.0117052617
0.0416843221
0.0583447032
-0.0287238434
-0.0228380356
0.114782035
0.0591937751
0.0103436187
-0.000329020055
0.0912543684
0.0249812789
0.0631025136
-0.102185525
0.0433891006
0.034554638
0.0682584569
-0.0161353853
-0.065409869
0.0120941056
0.0501895398
-0.00269807433
-0.00564456964
-0.0741958767
-0.114212446
-0.00399182504
0.0364748314
0.0243536402
-0.0320895538
0.106664792
-0.00823639333
-0.0268553961
0.000371101341
0.0448648557
0.0514887273
0.0414847992
-0.0312802456
0.0741602406
0.0727021396
0.0615504943
0.0998981521
-0.045142442
-0.00963398255
-0.0329328254
0.0232901238
0.224903762
0.169110879
0.0395566747
-0.163430691
0.108783059
-0.00975907687
-0.0421625152
-0.049178917
-0.0260386486
-0.0209896807
0.0676882863
0.15517728
-0.0875544548
-0.0191768128
-0.0755805075
0.0450974703
-0.0729075074
-0.1470972
-0.102974452
0.0283657853
-0.105276674
0.0219148174
-0.0517096706
0.0825936645
-0.124177963
-0.077762723
0.04897644
-0.0127264531
0.123570129
-0.027928384
-0.00630709436
-0.0804545432
0.00634749373
-0.0410565995
0.0825151205
0.0231380276
-0.0583135113
0.0621152967
0.0613916442
0.0714535713
-0.0951897055
-0.010102706
-0.0293604583
0.0128303859
-0.0445576757
-0.00176335464
0.0882032588
-0.0107676517
0.163970336
0.0809852779
-0.0505599119
-0.0935177952
0.0257097278
-0.0476232246
-0.0102103977
0.135770574
-0.0303589571
0.121606767
-0.0155897262
0.0506681539
0.0387856439
0.0906914324
0.00343301357
0.0335985608
-0.0373098589
-0.00480729621
-0.06445539
0.0226908326
-0.0178393293
0.0329088345
0.0540099666
0.0886606872
0.00804828107
0.0631605983
0.032576263
-0.0776813105
0.069178611
0.0563143268
-0.00486830622
-0.152891278
0.0821363702
0.0609102994
-0.00260914234
0.0590559095
0.0272418819
0.0500945598
-0.0029372538
0.0237430651
0.0149287172
0.00702499924
-0.0245511122
0.0547373816
0.0313220285
0.0159337819
-0.0602663606
0.0853071511
-0.0693677589
-0.00455569057
-0.059155494
-0.0396118127
0.0832523108
0.0310840569
0.0342564993
0.0547981337
-0.0294046141
0.028895162
0.00744523946
-0.0279769916
0.0854939595
-0.0324749313
-0.0422040112
-0.0575135872
0.0196556859
-0.00631991634
-0.0598263592
-0.0339326449
-0.160505831
-0.075347431
-0.0325649641
0.0569336116
-0.0037242109
-0.014019805
0.0821527913
-0.0395164713
0.135349572
0.155941904
0.0307880659
-0.00141235744
-0.170295298
-0.250139594
-0.131010428
-0.208961159
-0.023122564
0.0902850404
-0.105292074
0.0712599009
-0.00542063871
0.101531856
-0.0347003639
0.0122746481
0.00807111152
-0.0101947589
-0.126673415
-0.0654008612
0.110207155
0.051772017
0.00539889
0.0544189326
0.00106413162
0.0151827224
0.0972410589
-0.0242366679
-0.103058316
-0.075156197
0.107310653
0.039060913
-0.0624603443
-0.0316801183
0.0462996997
-0.0251775719
-0.0153261796
-0.0604933165
0.0248319581
0.165472597
-0.167279303
-0.0343807116
-0.0337252729
-0.00816991739
0.0640702248
0.0302903466
0.00481257169
-0.0639496595
0.0462558605
0.0461769328
0.0112907123
0.00511141773
0.0250704978
0.0953204408
0.126825452
0.0809069797
0.0200853907
0.0756752416
-0.0215795748
-0.0145280603
-0.0966856033
-0.0407481231
0.0517206416
-0.011108066
-0.0852914602
-0.0340095609
-0.000373647606
0.0358191207
0.0633591413
-0.0618905351
-0.0401485525
-0.0636444464
0.0305733159
0.054449819
0.0038205632
0.206477329
-0.00711192982
0.0162940752
0.0170722473
0.0649321675
-0.0229381341
0.0665209293
-0.00100654818
-0.0632632226
0.0530944504
0.0395297147
0.0753392726
-0.0294373408
0.0284007378
0.0211543404
-0.0791235566
-0.00822937116
0.00691332249
-0.0639163628
0.00983302575
0.0588496923
-0.0127049088
-0.049783051
-0.00316014397
-0.0142790312
0.109304436
0.00784877315
-0.0365168564
0.135446921
-0.0228550006
-0.0981185883
-0.0271015912
0.108554311
-0.083595641
-0.030540809
0.0617983043
0.0295378771
-0.119154111
0.10114035
0.140276015
0.109027453
0.0637117103
-0.00311652315
-0.0386001095
0.0369018987
-0.0192380417
-0.046250347
-0.0513378605
0.06508369
-0.0119219935
-0.0126400571
0.0518082157
-0.0143188955
0.0828905404
0.0302938279
0.0842923447
-0.108864449
-0.118778341
-0.0293732341
0.00931720715
0.089770548
0.0454534627
0.0484550036
0.0640615001
-0.113991715
0.060601823
0.0710533485
0.08305493
-0.0103769647
-0.0652851313
-0.00204887707
-0.0786944479
-0.120130144
-0.00821440294
-0.0551742353
-0.0753875896
0.0373517275
0.0948281363
0.0274521578
-0.089332968
-0.101117127
0.0789393336
-0.0146481469
0.0798671842
0.1765953
-0.0581679642
0.167515576
0.147485539
0.0717414841
-0.0366331227
-0.00838466734
0.0503934436
0.10850969
0.0340574272
0.0875531957
0.0745064318
-0.00914946571
-0.0773997381
-0.0327245109
0.0587528571
0.0145265246
-0.0680344477
-0.0923938379
-0.042133525
0.0299042016
0.0376275331
0.134207845
0.102171868
-0.0448193848
0.0275666658
-0.0426268093
-0.0367914289
0.000945942302
0.0204936266
0.0102979699
-0.0178912021
-0.0368151218
-0.000153395493
-0.00120309927
-0.0491235442
-0.123069547
0.108911514
0.0274620336
0.0351375937
-0.0750825182
-0.0046073962
-0.123366855
-0.00552557595
0.100188471
-0.00640605344
0.041117087
0.0924676359
0.0775944591
-0.0388510861
0.0891739503
-0.0073289657
-0.16563049
0.011738657
0.0395690128
-0.0280357283
-0.0602890924
0.04687443
0.141047448
0.00443602912
-0.123262264
0.0395860858
0.0500100702
-0.0679588839
0.024841167
-0.0349715017
0.0219065584
-0.114547223
0.0363581479
-0.0244985912
-0.044768054
-0.0697246268
-0.0345613584
0.00713391462
0.0476658344
-0.0836319998
-0.0669593364
-0.105557427
0.0799858421
-0.0920079798
0.0158645362
-0.00618136814
0.155657336
-0.0320416875
-0.0306284167
0.0816473588
0.029644385
0.0100888181
0.00491431868
0.0285727773
0.0786583051
0.0569959916
-0.0327389352
-0.0341701433
-0.0413914584
0.0269698855
0.0677336603
-0.168394491
-0.100052789
-0.0230664909
-0.00901723839
0.0144404648
0.0113042658
-0.105094008
-0.0421155579
-0.0152261686
0.0123991035
0.068072781
0.0506734103
-0.00878327526
-0.0153109347
0.0521336496
0.123298272
0.183105066
0.0797720104
0.099781774
-0.0235336795
-0.00143469358
-0.0285657458
-0.016897615
-0.00258915243
-0.0298472177
0.0925654769
0.108968623
0.00246789493
0.0238219611
0.0134682553
-0.0209708232
-0.0415475443
0.0116776489
-0.072784856
-0.0367651097
0.0773751214
0.0640726015
0.00925710239
0.00737137999
0.0916548073
0.0689897388
-0.102222085
0.0292645115
0.118137352
-0.0660189316
0.0150358891
0.0967945531
0.047502961
0.0697977766
0.176827908
0.103409529
-0.0196230765
-0.0110855205
-0.0541106798
0.0610785335
-0.0545093454
0.0319837816
-0.000357118231
0.036352668
0.0424732752
0.013437815
-0.0467655696
0.0801569521
0.0557326786
-0.1363343
-0.147167563
0.0440241955
0.000647957961
-0.0143448636
-0.035244558
-0.00348282396
0.0352228992
-0.0053356383
0.0689815506
0.0549903028
0.0581651926
-0.0102096656
-0.072345987
-0.0201826375
-0.126494378
-0.100174695
-0.0838889331
1.24552926e-05
-0.0666224808
0.0514274873
0.0549127609
0.0217657518
-0.016861584
0.0507098883
0.147227734
0.01810061
-0.0805995762
0.0283881687
0.0931506306
0.0252548419
-0.0133102192
0.00946838781
-0.0172377415
-0.0563563667
0.00131352048
0.053833995
-0.000428516214
0.0562027246
-0.128217459
0.019761309
0.0389445722
0.0186757445
-0.13393116
0.00311055034
0.126950487
-0.00774292229
-0.0196878035
0.037217319
0.00603546342
-0.206246763
-0.0459352657
0.0613208376
-0.0127436174
-0.0198558345
0.023251716
0.083730042
0.0321608447
0.131629825
0.0330522321
0.0477694198
0.0455755889
0.0389835127
-0.00143270683
-0.0334636196
0.00954899471
0.0342799984
0.178603932
0.0929229036
0.0276764799
-0.0708421022
0.0276991725
0.0983356088
-0.0994075462
-0.0158733744
0.146483108
-0.0451048464
-0.0637601912
0.00891855359
0.128358781
-0.0677063465
0.00145771238
0.0222695135
0.00408237986
0.0599262789
-0.0154039096
0.163880244
0.155754909
0.0393867195
0.0673437119
0.0705236048
0.083846949
-0.110783517
0.0392743237
-0.0310424976
-0.178903803
0.0373781547
0.0444014184
-0.0676087067
-0.0486926064
0.0171287339
-0.0457182154
-0.0887408108
-0.0437304042
-0.0002453255
0.0135624707
-0.0473602079
-0.0733247995
-0.0541615821
0.0114486404
-0.0164150931
0.0487847552
0.0154301468
0.00447419472
0.00725378143
0.0685548633
-0.0396104716
-0.107449777
-0.0105094155
0.0977792144
0.0582083128
-0.0461163633
0.00126252288
0.0283161141
0.0158088133
0.0223316606
0.0129778469
-0.0555343367
0.0443195403
0.0337725431
-0.0586409755
0.00683357939
-0.0517277606
-0.0120785665
0.0322693065
0.106211916
-0.0121484073
0.0600414127
-0.0266122837
-0.0870967135
0.0377816744
-0.00207620068
-0.0639428049
-0.128990337
0.0433227159
-0.060858041
-0.0770633221
0.132700533
0.0679151192
-0.0270273276
0.0368603803
-0.00732999714
-0.0330447108
-0.0580888093
0.0549332984
0.147617951
-0.0330037475
-0.0385576524
0.0553358607
0.147306934
-0.00239147851
0.0135270711
0.00733524095
-0.0901933536
0.0349945575
0.151880279
-0.0135165732
0.153723076
0.0190875158
0.0990045518
0.0257166903
0.00427612429
0.0416047163
0.0369354822
-0.0413899906
-0.00361121702
0.0989898443
-0.0899901465
0.0455493219
0.0140320593
0.0323687233
-0.0315052792
-0.0748123154
-0.067246303
-0.0281450432
-0.0582049005
-0.0237687044
-0.0665802062
0.00763546396
0.026756268
0.0842615813
0.0257088784
0.0399390645
0.101119928
0.0667448193
-0.0490516648
0.0253234338
0.0436497033
0.276375681
0.333682984
-0.0104179038
0.0133831324
-0.0838388503
-0.106676377
0.0178707466
0.13525334
0.0145256994
-0.104179524
-0.160290822
0.108483836
-0.0279418994
-0.0702736676
0.0437827408
-0.00715380535
-0.00147332787
0.0522763096
0.0810172185
0.0275412984
0.0196297653
-0.00558489282
-0.07297948
0.00443749409
0.0184078943
0.0739046857
-0.0391268469
0.0357774794
0.12072634
0.00692745205
-0.0374260806
0.133545205
0.0181116033
-0.062556833
-0.0084047839
0.0655862391
0.0359507725
-0.0277298074
0.109033845
0.0847072154
0.026607709
-0.0139815779
-0.0238123629
-0.060236387
-0.00555106532
0.106581628
0.260150671
0.0939549282
-0.0927778631
-0.101913974
0.11475341
0.0722421706
-0.0753631294
-0.0670196563
-0.0199602284
-0.0166287478
0.0708475858
0.047481969
0.0286669675
0.0330199599
0.0715740174
-0.00629815133
-0.0400166176
-0.0875847042
0.0526564531
0.0843283981
0.0475524403
-0.00498909364
-0.034644641
-0.103336856
0.0935418159
-0.00674610306
-0.0723800734
0.0931645781
-0.00175991759
-0.0496975519
-0.0152706765
0.157638177
-0.0324803255
-0.0256409645
-0.0121497661
0.130767211
0.0790272653
-0.0573389269
-0.0771737695
0.0593952686
-0.0279890019
-0.0489092506
0.00540630473
0.0369926021
-0.0619432814
0.0565094352
0.0755589157
0.0189875755
-0.0441819802
0.0171729308
-0.0665210113
-0.104319781
-0.0440952927
0.0117399171
-0.0455291122
-0.148299649
-0.0277850684
0.0584582239
0.0190987438
-0.0522282198
-0.0687495843
-0.0307728741
-0.0522518009
0.115416788
0.00850060675
0.0642220974
0.0197995305
-0.10556747
0.00414980436
0.0521546341
0.11224851
0.0136206588
-0.0260715708
0.0140063521
0.000518879388
0.0177717302
0.0803705975
0.0901687443
0.104604885
0.0686269253
0.0270722918
0.113230541
0.149966836
0.179568738
0.0974531844
0.112490922
0.0330283046
-0.0627151579
0.0538569577
0.0670697019
-0.026578404
-0.193687692
0.0814417005
0.102522925
0.0481704846
0.0356462076
0.0114295464
-0.00171667745
-0.0119980304
-0.15727368
-0.029903695
-0.070346944
-0.012101368
-0.20954214
-0.126683772
-0.00543308211
0.0288445409
0.0305794533
-0.112042584
0.0573561899
0.0371593088
-0.0930931717
-0.0445989296
0.00443718629
0.0650262758
-0.0184878968
-0.10380993
-0.00828410033
0.0229951292
-0.00736777112
-0.074492529
-0.0642449483
0.066999957
0.0774900913
0.00787686184
-0.00765368389
0.0613387115
0.0282264855
0.069182463
0.0520585552
0.0124991816
-0.0299008526
-0.0691241622
-0.0850166976
0.0569358096
0.0169636216
-0.0626082867
0.029482672
0.0234727673
-0.0371953882
0.014701684
0.0756975338
0.00230520777
-0.00413557328
-0.0924667791
-0.0784853175
-0.0862509832
-0.14819023
-0.0377194993
-0.0413097329
-0.0355139486
-0.139497176
0.000553104794
0.128896356
-0.00863448344
-0.0295326542
-0.0032618558
0.125581697
0.072334215
-0.0589977466
0.0302713495
0.0029615697
-0.0388226248
-0.0201724134
-0.00494423462
0.0444151051
0.011341366
-0.0687194243
0.0489590131
0.0509158038
0.0285585076
0.0474759415
0.0645021349
-0.0273155291
0.0757125244
0.104083881
-0.05614632
-0.0935705602
0.00174268847
0.117609352
-0.0529642664
0.0301389359
-0.054256171
-0.0501571372
-0.0985723957
-0.00381724699
-0.0254689567
-0.0426145792
-0.134566143
-0.0487121791
-0.013867477
0.0147675341
-0.00442315545
-0.0136074387
-0.0246958043
-0.0481392853
0.00552941766
-0.0545006804
-0.0241747741
-0.00206147647
-0.070212096
0.000138286487
0.111645699
-0.045442678
-0.0589280576
0.0425254069
0.0647672266
0.0643882379
0.0355261676
0.0857093632
0.0437745191
0.213148475
-0.00598810893
0.209959835
0.0748540536
0.141069278
-0.0546528697
0.014934836
0.0945514366
0.100268401
0.0538122989
0.152584374
-0.00405233353
0.0396017097
-0.039075803
-0.0596281663
0.00201531686
-0.00881584454
0.00374755962
0.0126297753
0.0231211111
0.0219676141
-0.0499240831
-0.0560700186
0.0220461283
-0.0396758243
0.0530115999
-0.0280929506
0.075659886
0.0188950039
0.0555553064
-0.0144677944
0.0836069062
0.0182000585
-0.0821710229
-0.0494455919
0.0933064967
0.0161178838
-0.244200557
-0.0375819094
-0.0449410602
0.0467925183
-0.0137001388
-0.0510230288
-0.0514461584
-0.00933241472
-0.116984628
-0.0212359838
-0.0803950205
-0.0404585339
0.00995204784
0.0248464253
0.0608466081
0.00841118861
-0.0453073271
-0.0167970434
0.0261285845
0.0259445142
-0.00203634868
-0.0462306105
0.0479308181
0.015867345
0.0791692957
0.127764493
0.0400692485
-0.0700018108
-0.00670306711
0.0136598004
0.099357374
-0.138315186
-0.0325718112
0.0536915623
0.0516881719
-0.102134697
-0.0189089999
0.0378594659
0.0104268491
-0.0338492393
-0.0872158557
0.109276913
-0.0509079061
-0.0351502299
0.0380952507
0.0930758715
0.00775348069
0.0513253734
-0.00471103098
0.00113117404
-0.0574042499
0.0171849839
0.0709556639
0.0320572704
-0.0201301556
0.043015264
-0.00456415489
-0.0571150631
0.0423438922
-0.00764733879
0.0229678918
0.035595268
-0.0316768438
0.0154546266
0.0232136715
0.0236351397
0.0366526581
-0.0116142631
-0.0478263088
-0.0514349565
0.0484846123
0.0468220934
-0.013521567
0.0255100876
-0.0052051479
-0.0262368098
-0.0483149402
0.0167735871
0.0417307839
-0.0611947626
-0.02679714
-0.0690746456
-0.0296794325
-0.0509373359
-0.0142937452
0.026306523
-0.0294746794
-0.0301305261
-0.00436117733
0.00330372225
0.0474630482
-0.0633306876
-0.0336730592
-0.0181325264
0.0509418324
-0.020862544
-0.0129486686
-0.0309998672
-0.0258652251
-0.0614604987
-0.0405075997
-0.0209142026
-0.00618214486
0.0169616565
0.0520624444
0.0326352529
0.0192983523
0.0186057836
0.0481221862
-0.0510224588
-0.0383781157
-0.0433420017
0.010518752
0.048666276
-0.0623491891
0.0374962799
0.0186880697
-0.0729544982
-0.0164463483
0.0132386163
-0.0351498201
-0.0605510324
-0.049290657
-0.0293341875
-0.0540813096
-0.0638612956
-0.0125876572
0.0116527071
0.00465535745
-0.00205058861
0.00244375365
-0.0420437641
-0.0501063988
-0.0174225904
-0.0504021607
-0.0250981878
-0.0610065982
0.0145404963
-0.0224818438
0.0239263866
0.0289542153
-0.0651812702
-0.0674325973
0.0115941418
-0.0106737642
0.0399080217
-0.0527856946
-0.02700115
-0.0682699233
-0.0438001454
-0.0362212099
-0.0591686964
0.0536972694
0.0221048035
-0.052474454
0.0579867698
0.0199180339
-0.0454506055
-0.0538036786
-0.0477507375
-0.00708430773
0.0165949184
-0.0576533675
0.0440218374
0.020771753
0.0288367458
-0.00272932905
0.0476249196
-0.00845839083
-0.0520634167
0.023666665
-0.0281195417
0.024608383
-0.037613567
0.0520213321
0.0505063422
-0.0411019288
-0.0615279488
-0.0589150414
-0.0223287139
0.0084148841
0.00771359634
-0.0571677871
0.0227406397
-0.0278976895
0.0458735451
-0.0450831726
0.0395123996
-0.0391057581
0.0442024879
0.0548204258
-0.0636744574
-0.0508917198
-0.0652339309
0.0141657237
-0.0361518078
-0.0565962903
-0.0648010597
0.0029868281
-0.00333527848
0.00243973243
0.0285612252
0.0208254158
-0.0693860874
0.0339806117
-0.0486546382
-0.0600170083
-0.0617677495
-0.065512374
-0.0667649209
0.0286461357
-0.0351342931
0.00985743012
-0.00713100983
-0.00780288177
-0.00909344852
0.0287636127
-0.0325550064
0.00681054732
0.0284530502
0.0594929457
-0.0142207406
0.0135809062
-0.0321854465
-0.0153460978
0.0410821177
-0.0647194162
-0.0111000119
-0.0143546099
-0.0594849437
-0.0462231599
0.0246037021
0.0518140718
0.0104316249
-0.00165088626
-0.0101637319
0.026157679
-0.050915923
-0.011920156
0.00851916336
0.037924055
-2.95186383e-05
0.0237944108
0.0387864634
0.029056048
-0.00669199647
0.034833163
0.0273009688
-0.0506623536
0.00609341729
-0.0190999936
0.0404780209
0.00695568696
0.0183956642
0.0216437783
-0.0278881826
-0.0451843515
-0.0390138738
0.0106661068
0.0391634777
-0.026901925
-0.0222619437
-0.0281751435
0.0264517982
0.00449258881
-0.0175891109
-0.0528045706
-0.0426432081
0.0219814219
-0.0102892583
0.0124784252
-0.0484487563
-0.0379593521
-0.0408235602
-0.00273284526
0.0266307574
-0.0587848015
0.0469387807
-0.0407774337
-0.0256291348
-0.00311190239
-0.00502132298
-0.0689234138
0.0111050671
-0.0278678238
0.000769275823
0.042234581
-0.0562740043
-0.0117006414
0.0222133808
-0.0227074362
-0.0210893806
0.0451028682
-0.00262133894
0.0518256463
-0.0674649104
-0.0517850444
0.0216689929
-0.00813343842
0.0387784392
-0.0690326914
-0.0469373092
-0.0513544083
0.0419146195
-0.0517275333
-0.024652943
0.0202869996
0.00777140586
-0.0542014949
-0.070231922
0.0336447321
0.0345758088
-0.0415120423
0.00431455532
0.204737514
0.120919876
-0.0305911601
-0.00542124733
0.0737518519
0.0572130308
-0.0259052739
0.0103957644
0.0333303846
-0.0313892774
0.0266340822
0.171048373
0.159274846
-0.162949368
-0.0103384433
-0.10232342
0.0261803549
0.0411257409
0.0464158207
0.0491465405
-0.0650877804
-0.050889682
0.0938537717
0.044551827
-0.000703627651
0.0135664754
-0.0746510178
-0.0824369863
-0.0286178477
-0.127184033
0.137652114
0.0166844558
-0.0435587913
-0.0190678183
0.0713375434
-0.0284253173
0.0139557282
-0.00951961614
0.0974623188
0.0553262755
0.122337423
0.191952065
0.00513984263
-0.00354262139
-0.0186746661
0.113323592
-0.0236867368
-0.0121586863
0.111200757
0.0630892068
-0.0451436751
0.0918331221
0.0309310518
0.0922145545
-0.0435688682
-0.0505598672
0.131461814
0.120931566
0.138502195
-0.00124565396
0.0949485675
0.102341346
-0.0297264475
-0.0223738048
-0.0427038521
-0.0580536053
0.0130618419
-0.034058053
0.0504233167
0.0571685173
-0.0524348617
-0.0305711888
0.0116685778
-0.0203311723
-0.0226845928
-0.00699498225
0.0364043005
0.005760503
-0.0386299528
0.0045509534
-0.040504355
0.0629799739
-0.0174874477
0.00731785269
-0.090057075
-0.0357227959
0.0868341178
0.0502234511
0.00553090777
-0.0436578169
0.0483886153
-0.0161225758
-0.0638786405
-0.130568758
0.030872507
-0.0557564311
0.0721588358
0.0677624568
0.0333913341
-0.00899829343
0.107794166
0.0907959267
0.0405459143
-0.0318797566
-0.0394801162
-0.0755900294
0.033952184
0.0372987129
-0.111573227
-0.174101576
-0.0676618069
-0.0413537771
0.00224555586
-0.0599780641
0.0434856378
0.0791583657
0.00710226456
-0.0655621439
0.0888158977
0.0717782527
0.0357745066
-0.000122965677
0.000484146673
-0.00189888466
0.0397459604
0.079177931
0.0716770217
0.10283529
0.0696285814
0.170908913
-0.0757571757
0.0632880405
0.0456316061
-0.0375362039
-0.0314893685
-0.000291445409
-0.0330739282
0.0368490703
0.0739572495
0.134461209
0.0437960997
0.0317854956
-0.0431024581
-0.0897362754
0.069706656
0.138638958
-0.0752773434
-0.00584858702
0.0735210851
0.103659615
0.0845830441
-0.0153096942
-0.0539863147
0.0180636775
-0.0823850483
-0.0350354947
0.0274295192
-0.0266727582
-0.0832921043
-0.00231864629
-0.0263324771
0.019425001
-0.0271162726
-0.102993086
-0.000340387167
0.035928037
-0.0017057982
0.0609058365
0.0352392532
0.0736228749
0.0331380442
-0.0102243023
0.186518744
-0.0996695608
-0.00604241109
-0.0922451541
0.0362551585
0.0614189841
0.0389463566
0.0472228564
0.00595706189
-0.00237414986
0.103735253
0.0421215668
0.0285804123
-0.00569494022
-0.0208399985
-0.109523304
-0.0925076455
0.0500482954
0.0280235391
0.0454979315
0.0308914147
0.0941342711
-0.080197148
-0.0364571773
-0.0123987338
-0.00527642854
0.113655478
0.0589133129
0.00648988876
-0.0378662422
0.241357774
0.165538535
0.0828218982
-0.0410017259
0.0607510991
-0.0102543375
0.0508996285
-0.0907482505
-0.0118898032
0.0181531943
-0.029839268
-0.0037236663
0.00990615785
-0.0300040655
0.00352845131
-0.0473360382
-0.1316517
0.0320260525
0.0115050115
-0.0994225815
-0.103041328
0.0253802035
-0.0706439987
0.0452856347
0.0434937552
0.0416166708
-0.0711566135
-0.0300654043
0.0330478959
-0.059648294
0.0124734053
-0.0360081419
0.0546841547
-0.0359322131
-0.0965966284
-0.127196476
-0.0591385029
-0.079262726
0.0464138798
-0.040506579
-0.0179147348
-0.0157015081
-0.0550242141
-0.0743102729
0.0931168124
0.0837122127
-0.0342377424
0.0605060458
-0.0312464684
-0.00883699302
-0.0880102366
0.145104244
-0.00186106621
-0.0368343517
-0.0897337049
0.0645795092
0.0356806703
-0.0100661926
-0.168991849
0.292576373
0.0918431431
0.0461281687
-0.0546143986
0.0390776135
0.183175549
0.068936646
-0.0470560417
0.0117437886
0.0691763312
-0.00970211159
-0.0307747331
0.136246011
0.00241955696
0.00480712205
0.0332540721
0.106643572
0.00745651638
0.058377292
-0.0262987837
0.0485340692
-0.114896156
-0.0242767166
-0.0681120157
-0.0862607285
-0.0140227294
-0.0507937223
-0.153593749
-0.0545330681
-0.115760066
-0.0667563975
-0.00204769731
-0.0338406079
-0.0673196986
-0.0873425975
0.0185230915
0.0744616613
-0.0538123511
-0.0620278791
-0.0277155265
0.0447121263
0.0282524917
-0.023736313
-0.0747252628
-0.0912547633
0.0908565074
0.0119407689
-0.0447794273
0.329718828
0.0334809162
-0.0339211114
0.0120296059
-0.00181076
0.187391683
-0.0810301974
-0.105040304
0.0196814612
0.037834648
0.0266715623
-0.0076679918
-0.0254356433
0.0602025799
0.0450128317
0.00704890536
0.0177278854
-0.00410887087
0.0642218888
0.0694638193
0.0367941037
-0.0107015539
-0.0172413103
0.0539513119
0.0447370186
0.129983574
0.0591155477
0.00679301843
0.0301822964
0.00462740753
0.000199934642
-0.00380877173
0.157163009
-0.0425963029
0.0375425629
0.132721215
0.0924707428
-0.00937315729
-0.0377748869
-0.0285425708
0.052292157
0.00178996567
-0.0680831447
0.048295781
0.0270975288
0.0406301357
0.0236933101
0.0787625015
0.231624261
0.0948448554
-0.00758310594
0.0289484132
0.150093913
0.157202885
-0.0564567819
-0.121355206
-0.0677599907
0.055870939
0.048255939
0.0353967473
0.00628339732
0.0522014908
-0.0174570922
0.102878273
0.120857343
0.0238911361
-0.0185331218
-0.0319833197
0.00337178307
-0.0349630378
0.0767502785
-0.0359504782
-0.0506528839
-0.0326214544
0.0565595888
-0.10127154
-0.18651329
-0.0415335931
0.0652210712
-0.0331378169
0.0405686088
0.118086629
0.0147375977
0.00820320658
0.0655096024
0.214125067
-0.10391026
0.0689156204
0.0745368525
0.101567604
-0.00169863913
-0.0144538768
-0.00684176711
0.0987135321
-0.00750234863
0.0531469919
0.0435344726
0.113565773
0.0080836881
0.0471392088
-0.0291619599
0.106851824
0.0923847482
0.00453503989
-0.0165286269
-0.0629247725
-0.0345869549
-0.00420957711
-0.155169487
-0.0258500911
-0.134240732
0.0472536273
0.0270734895
-0.0322805084
0.0932615697
0.0579992309
-0.00625195354
-0.0825474635
-0.223444402
-0.0967512876
0.0235774852
0.0544330403
0.0715499222
0.0197212882
-0.000953230716
0.0735246092
0.0918480083
0.103815123
0.119309478
0.0394396447
-0.0052216053
0.0180207398
0.0653558969
-0.113278836
0.0468237475
0.0116699431
-0.0811592937
0.256749898
0.00233457587
-0.0448704474
0.0684755296
0.131394163
0.0641203672
-0.10791418
-0.0701295733
0.152592286
-0.0154319126
-0.0257028863
0.0696378276
0.00263962382
0.0205281451
-0.0218211897
0.0126401139
-0.000350258924
-0.0578530319
0.0465057753
0.0349695794
0.0722951293
-0.0938291699
-0.0434450991
0.0439682491
-0.0217625573
0.0404183678
0.0183111411
0.00581092713
-0.069996044
-0.0172074381
-0.0817934275
-0.0603724457
0.0950904265
-0.129128158
-0.0239402447
-0.104597367
-0.00981724542
-0.105511799
0.00786635932
0.150400758
-0.0169843473
-0.0079344064
0.0281188637
0.17736882
0.0313228145
0.0333081521
-0.00214334973
-0.00587400096
0.0792118311
-0.0175476409
0.0558669418
-0.000774079177
-0.00881296396
-0.00993681606
0.0322629735
0.00782224815
-0.0146128088
-0.0709810033
0.0293979384
0.0116406707
-0.0171281174
-0.00813671667
0.0562362634
0.0186911877
-0.112564005
-0.0924982727
0.0121925054
-0.0738019347
-0.0176170543
-0.0330468267
-0.0522451885
0.100944377
0.0998688638
-0.112197727
0.0820136443
0.0402976498
0.145461768
-0.0794013068
-0.149790853
-0.185118437
-0.0352799222
-0.0254619662
0.0660615712
0.0349792428
0.169157594
0.000853507489
0.0241786838
-0.0848187879
0.132906288
-0.00547811342
-0.00169268146
-0.00952639151
0.031926319
-0.000719324627
0.0315496959
0.120579772
0.113474809
0.0265828241
0.0445527025
0.000853340491
-0.0656490251
-0.00722936494
-0.0065758992
0.0303615611
-0.0700208917
-0.0320230834
-0.103205882
-0.0703932196
0.113654271
0.0283079259
0.0201324578
0.0992731601
0.0398733988
0.0679561719
-0.0536201671
-0.236041397
0.0453217775
0.0265617631
-0.015025869
0.00469010463
0.0151386773
-0.042281501
0.000193718573
0.0353505053
0.0954407975
-0.0148953097
-0.0656185746
-0.103499457
0.0125219412
-0.0649723038
-0.0686898828
-0.062883243
0.0330368951
-0.0787899494
-0.0716466084
0.0555421673
0.00130276044
0.0476706326
-0.054526221
0.0420008302
0.0487324335
0.053380724
-0.0672681555
-0.0709074065
-0.00262284372
-0.00468838215
0.0215342846
-0.0426648185
-0.00127950928
0.00851332489
-0.00628375588
-0.0643944666
0.0592673048
0.00853712205
0.017812768
0.0673642382
0.0203978214
0.0287243593
0.0745334104
0.0622064732
-0.0736454725
0.0298974514
-0.0496080667
-0.0299257915
0.0109071778
-0.0136594027
0.0325435735
0.0379200876
0.00996089447
-0.0576048642
0.0230833422
0.0663079396
-0.0318056606
-0.0190561414
0.0404243656
0.00989176705
-0.0389247984
-0.0290134307
-0.0173786879
0.108014278
-0.0590907
-0.0561408885
0.0192023795
0.0647031441
0.029337272
0.0158725269
0.0156777501
-0.0636145175
0.0156530105
0.0518878698
0.0474816635
0.115430214
0.00319332466
0.0639890283
0.0118680084
-0.232814446
-0.125387028
0.0146147329
0.114121415
0.0346763171
-0.122201875
-0.0707251579
0.0583052486
-0.0097698234
0.0306660179
-0.0801613703
0.0285514966
-0.00562650291
-0.0259301476
-0.0512897633
-0.0048455759
-0.0499782078
0.0357710309
-0.0217454508
-0.0976855978
0.0552398488
0.141497403
0.0848418772
-0.0293962676
0.0451126918
0.0626545325
0.0919562131
-0.029238496
0.094308503
0.119481161
0.174721554
-0.0953799337
-0.248930633
0.0976568535
0.0770468935
-0.072452046
-0.0988800228
0.00179993617
-0.0871831849
0.00836147554
-0.00276348693
0.109114796
-0.0268380847
0.0820367634
-0.0361593924
-0.00715106726
-0.0658844262
-0.0675870925
-0.0149862161
-0.0203115568
0.00449954346
-0.0905460641
-0.0754443705
0.0775906667
0.0248729847
-0.0437183231
0.0228887405
-0.0130170872
0.131643593
0.0554732122
-0.00361663848
-0.0500871539
-0.0975197032
-0.0999165624
-0.0172674619
-0.00965884421
0.0577438958
0.0616784021
0.00417290209
0.051005125
0.018808566
-0.0391819328
-0.0265002772
0.0691937581
0.00170289772
-0.0830071047
-0.0860274956
-0.130768657
-0.00647028396
0.089460589
0.0978453308
-0.0421310514
-0.0643720701
0.118667297
0.0929200202
-0.0661733523
-0.0955778882
-0.0940618142
-0.026489418
0.0367044508
0.0514768474
-0.00636401819
-0.0503842123
0.0818037763
0.0448289439
0.0803887993
-0.0382049046
0.0150330067
-0.0753407329
-0.0701988563
-0.120079204
-0.0468341932
-0.046125941
0.0269573145
0.0174084958
0.0124072321
0.0831471756
0.0432023145
-0.0693508461
-0.0716777295
0.0326639265
-0.0440810919
0.052347932
-0.099195689
-0.0213862751
-0.00033687579
-0.0586834364
0.0243564527
0.0352050662
0.0241230354
-0.0262254886
-0.0114114685
0.0773599222
0.0773536488
0.0475222021
-0.0911309645
-0.113966413
0.0674714968
0.153068781
0.0284843184
-0.0248537082
-0.0385560915
0.0732817203
-0.0261819009
0.0156305823
-0.0722798184
0.0488131493
-0.0900643542
0.0103758983
0.0756958723
0.00888048392
0.0224064328
-0.0272362027
0.0232301932
0.10980235
-0.0534657575
0.044656869
0.0229344126
-0.0131975524
-0.0842341855
0.0325298607
0.081918627
0.0983829424
0.0613441803
-0.0612163879
0.012032629
-0.0405092053
0.0992282405
-0.0633173063
-0.0896297619
-0.202965736
-0.0119014718
-0.0101671442
0.0737524331
-0.0635382161
0.0749670863
0.0155092264
0.0425749496
0.0409667417
0.0025222376
-0.0409210585
-0.0272797253
-0.0221868679
-0.0997926071
-0.167605117
-0.0287840832
0.151324168
-0.0756624117
-0.129335657
-0.0877959952
0.13766928
-0.0660764724
-0.00268881349
-0.0816083848
-0.0587846078
-0.0158467274
-0.0973633751
0.0357797779
0.0565613993
0.0935880989
0.0535034351
0.0974145979
0.110860199
-0.028053442
-0.00798917003
0.0328896306
-0.00956661906
-0.0405431353
0.0204126909
0.0742731914
0.0724150464
-0.0797246546
0.0361652151
-0.0149873337
0.0446999483
0.0389120989
-0.0750674456
-0.0379140526
-0.029716257
0.0031939093
0.035108421
0.0675598383
0.102526665
-0.0205782764
0.0402870923
0.0797326788
0.0761366114
-0.0698421597
-0.0153806768
0.0627077073
0.0494148135
-0.074823238
-0.022593677
0.0844550058
0.190767705
0.0141353281
0.103372373
0.0801064149
0.210878521
-0.0201973803
0.0434762351
-0.0112685524
-0.00480150664
0.090170972
-0.0218448173
0.00574533222
-0.0164252538
0.0414883085
0.0211756602
0.0668579489
0.0534750856
-0.033806216
-0.00615304522
-0.0210577492
-0.021318255
-0.0687268972
0.000293508463
0.123584487
0.00102095993
-0.0383437425
-0.0336514786
-0.0327187479
-0.0693793744
-0.0857991055
-0.0180899724
-0.056828212
0.053940516
0.0164009985
0.0961882174
0.0621743649
0.110813357
0.025845306
-0.0180786103
-0.0192931816
0.0535975136
0.0352512896
-0.0850315467
0.0275841393
0.0658760965
-0.0536505543
-0.0782929584
-0.0400000364
-0.020012673
-0.0687527731
-0.0530559644
0.117571339
0.0508051291
-0.0686812252
-0.0213983431
0.0342502892
0.0370077938
-0.00742425071
-0.0569930002
-0.0810262859
0.0106902914
-0.217041001
-0.252631217
-0.14192839
0.0277826451
-0.0518173575
0.0767335743
-0.0176960174
0.132622823
-0.0466566868
0.0301317219
-0.0222847927
-0.0663851723
-0.0296514351
-0.114870958
-0.0749601349
0.130357727
0.0775415525
0.0339928232
0.0280613694
0.0288530849
-0.0167493057
0.0477536097
0.0569755808
0.0217034984
-0.0947871134
-0.0215140339
0.156940281
0.0983965099
-0.0320462622
-0.0645392686
-0.0508842245
-0.0139909824
-0.0314698629
-0.112257868
0.132297114
0.0723695606
-0.0198459905
-0.144368052
-0.0140746012
-0.000119704164
-0.0254963208
-0.146749318
-0.00829494931
-0.0640211478
0.063188754
-0.0152420672
0.146519512
0.0679847822
0.0640843064
-0.0232744962
0.0970859602
0.0809367374
-0.0891395137
0.0186020583
-0.0463898592
0.0368106365
0.0819474757
-0.0533436872
0.0509669296
0.0042491951
0.0811505541
-0.072886996
-0.0901227072
-0.0514135584
0.00548740104
-0.0772456378
0.0271863248
0.100844502
-0.0215557665
-0.00567992963
0.12146353
0.1818894
-0.0491554439
0.0260775872
0.0380271673
0.0785492882
0.0199087244
-0.018446872
0.0358900465
-0.00300055859
0.0308883041
0.0731673315
0.00188016321
0.0150460415
0.04260749
0.0286872555
0.0916286632
0.016745789
-0.0277777165
0.0860163793
0.105543174
0.0315071382
-0.0656433254
-0.0691584498
-0.0254243352
-0.0133273872
-0.143835783
-0.217170686
0.136821508
0.161548495
-0.0195078086
-0.0730913207
0.00216864259
0.056119971
-0.0276654623
0.0722406134
-0.0174904279
0.0839865282
-0.0124776699
0.0397372581
-0.0528646074
-0.162992984
0.0308785383
0.0329523794
0.0606720708
0.0702328011
0.11185842
0.00385504426
-0.116231315
-0.0273034871
0.028014211
-0.0935752094
-0.00987830944
-0.0288346671
0.129807726
0.0899929181
0.125517651
0.117691457
0.151128098
0.070258759
0.0499162711
-0.149994835
0.0530822612
-0.0367216729
-0.00254643243
-0.0544473752
-0.167692631
-0.161382198
-0.177083895
-0.00787047017
-0.00169499812
0.0542816147
0.0784586444
0.0444950163
-0.0652632639
-0.132274896
-0.0531768836
-0.0823278576
-0.0455719419
-0.0150047401
-0.0280487891
0.0398402959
-0.0722797215
0.0363915749
0.0552523583
0.259754539
-0.0321672559
-0.0265203025
-0.0239898004
0.0130024236
-0.0223987903
-0.100860558
-0.0616040491
0.0665466934
0.00451031374
-0.00044880269
-0.0070768767
-0.00456488552
0.035772182
-0.0384778418
0.0666134134
-0.016407907
0.0859391689
-0.0649965256
-0.0382498018
-0.073664166
0.00715621049
0.0624903999
0.0656636953
-0.00865911879
0.0317201577
0.0709378719
0.00537156174
-0.016880529
0.0612750277
0.0429508314
-0.00944302231
0.0379797705
-0.0762971118
-0.0342784673
0.0668206885
0.0701693222
0.00870694779
-0.0562669821
-0.0146304667
0.0274656918
-0.0745559558
-0.00752980961
0.0400511362
0.0717912316
-0.0307908058
-0.0290578045
-0.00891543925
0.193469226
-0.0310303122
0.0459794179
-0.0397218578
-0.0576686896
0.0393776633
-0.0430960469
0.0747533739
-0.00270759105
-0.0969537348
-0.0842471197
-0.00425077742
0.0463015549
-0.000147433268
0.0155682303
-0.0853241161
-0.0761487931
0.041446276
0.0298937745
0.0841225386
0.127652094
-0.172365651
-0.0721427798
0.0480686314
-0.119106911
-0.0291482247
0.0239487495
0.173371494
0.0314914621
-0.030325966
-0.0566237271
0.121007234
-0.00857984368
0.00910012424
0.0106886532
-0.0293209795
0.0641035363
-0.0664669797
-0.130614117
0.0250976793
0.0966966152
-0.15601176
-0.0459333546
-0.0360917635
0.0564063936
0.117565669
0.0487218387
0.0444530919
-0.00272930949
0.111211576
-0.0080297254
-0.00973346457
0.0134128937
-0.0317831151
-0.0850688741
-0.101633355
-0.240068614
0.14174819
0.135480583
0.0176924597
0.0880165771
0.107147686
0.0102317352
0.148988292
0.158391178
0.110816024
-0.00261671306
-0.0634166822
0.0346111804
0.0823916495
0.0293543637
0.0488300025
0.0343506411
-0.0579071753
-0.0818484575
-0.0176912993
-0.00235662144
0.00264399964
-0.0879634321
-0.0644308478
-0.0397961736
0.0752376392
0.0405294448
0.0276138186
-0.00642842101
-0.0761270523
-0.0279029272
-0.0957433507
0.0325252339
0.0662741214
-0.0548700094
0.0325432457
-0.0505491979
-0.0366180986
0.0132459318
-0.0100047123
-0.024348788
-0.0413150303
-0.0143771106
-0.0992599651
-0.130927235
0.000281620567
-0.0159630179
0.0319640525
0.14913772
-0.0733963773
-0.117980905
0.0354358107
-0.034730453
-0.0336640887
-0.113122687
-0.0769450739
-0.113142997
0.0938630477
-0.0312096626
-0.126864731
-0.138817295
0.138019726
0.098508209
0.0283419639
-0.0426750891
0.00326314708
-0.0194110125
0.0243311767
0.041718848
-0.0956706703
-0.0714081302
0.0258999709
-0.00536138332
0.0114884414
0.112218581
0.0802226439
-0.0375505053
-0.0397174805
0.0513498411
0.0435435399
0.00645100093
-0.00718702236
0.0243038628
-0.0312092602
-0.045841638
-0.0460259467
0.0343407728
-0.0369001329
-0.0723962933
0.0599301606
0.0198119283
-0.0190854762
0.0656271428
0.0462620929
-0.0480926037
-0.0847676471
-0.064320229
-0.0415223353
0.0204453282
-0.0531047881
-0.0323101617
-0.0190785974
-0.032942798
-0.0387539454
-0.0440065339
0.0168738849
-0.0511873215
0.0233272612
-0.00873672962
-0.0502181984
0.0162802823
-0.0487302244
0.0450217091
0.0134243788
-0.0165552683
-0.0310285296
-0.0229897071
-0.0666458458
0.0466092192
-0.0388923287
-0.0685604289
0.0288279187
0.036785651
0.0507105179
-0.021994587
-0.0175477248
-0.0173919089
0.0139911128
-0.051314719
-0.0703735948
-0.0414719805
-0.0228488836
0.00188341446
0.0366986021
-0.00816081464
-0.0459417775
-0.0641744882
0.0186551176
-0.0309815239
-0.00694456697
-0.036158409
0.00155452243
-0.0311036352
-0.007682072
0.0524874106
-0.0705203339
-0.0417540111
-0.00203741598
-0.028366657
-0.0216798224
-0.0798118412
0.018298652
-0.022066962
0.0494656377
0.00674121687
0.0450750887
0.0101950988
-0.0533592626
0.0404392816
0.0444596708
-0.0481026992
-0.00698209461
-0.0454131402
0.0335632414
-0.0551309548
0.0315214172
0.0208247583
0.0386976823
-0.0120796766
-0.0181667022
0.0298946258
-0.0349377021
0.0495989285
0.0518584624
-0.0439957045
0.0309482105
0.00305551547
-0.0332068019
0.0562161133
-0.0269515328
-0.0695076361
0.0392619148
-0.0670912415
0.012069732
-0.0199166331
0.0362652801
0.052798789
-0.00974454638
-0.0134137003
-0.063019529
0.0158686079
-0.050164897
-0.0401638784
-0.061501991
0.0291132983
-0.0623038374
-0.034832295
0.00184299494
-0.0610907152
0.0395749472
-0.0102893105
-0.00433545839
-0.0497040674
-0.0661223084
0.0597764775
-0.0578966327
-0.0693688616
0.0380331054
-0.0420976579
-0.0609027706
0.037183702
-0.0512816235
0.0434167087
-0.0620963499
-0.0301314164
-0.0382146686
0.0449128821
0.051410865
0.025583474
0.0061473255
-0.0360453539
-0.0266380534
-0.013580746
-0.0111649558
0.0249384772
0.0125223184
0.0276077669
0.0337258801
-0.060481973
-0.0528031029
-0.0679707751
-0.000655778334
0.0259910412
0.018322099
0.0136501938
-0.0610205717
-0.00445305882
0.0566768534
-0.0160301719
-0.0332932323
0.0457424112
0.0199522953
0.054004509
0.0125303119
-0.0165742021
-0.0577205643
-0.0214407444
-0.000209810067
0.037811961
0.0295788068
-0.0291661713
-0.0392399691
-0.0262058955
0.00225783582
0.0284542516
-0.0421373472
-0.0229932871
0.0236785822
-0.0295687076
-0.00572114764
0.0439519845
0.0132777495
-0.00869320985
-0.0318639129
0.0133645218
0.0371656232
0.0405640602
-0.0595728531
-0.0157917924
0.000627813977
-0.0620542169
-0.00751591101
-0.0680121854
0.0228482913
-0.0224577505
0.0164948478
0.0259568319
-0.0251466893
0.0251355097
-0.0328886583
0.0249256939
0.0275665075
-0.0519674644
-0.0138313221
-0.00200894335
-0.029352
0.0325041562
-0.0289173424
-0.000647912093
-0.0238150153
0.0374235399
0.00211277581
-0.0458760895
-0.064263545
-0.0444424301
0.0322052836
-0.0123931644
-0.0631296933
0.035723187
-0.00851023849
-2.47258849e-05
-0.0218828656
0.018125724
0.00255418872
0.00398537936
-0.0223325994
-0.04302999
-0.0740846395
-0.015252931
0.0373748466
0.0165178888
-0.0708402768
-0.0585617721
0.012923602
-0.0242003649
-0.00976211019
-0.0520148799
-0.00656999275
-0.0349302441
0.00215208111
-0.03089948
-0.0307570901
0.0415949337
0.00462176418
0.00297426572
0.0303169955
-0.0497372188
0.0198042393
0.00840185769
-0.0234107152
-0.0547202155
-0.0675425008
0.0338357128
-0.0636042878
-0.0349904671
0.0454417877
-0.0207045563
-0.066743657
0.00728293927
-0.0106299156
-0.0400583819
-0.0338489152
-0.0206839927
-0.0376221463
-0.0566337481
-0.0295852851
-0.0329687633
0.0169295948
0.0194320325
-0.0738183036
-0.0634842739
-0.117928244
-0.191249892
0.00246948004
0.10573817
-0.00146085245
-0.311255664
-0.133440971
0.0235223416
-6.68738285e-05
0.00834539346
-0.180930421
-0.082589902
-0.0258642714
0.0974771157
-0.00212872098
0.103892714
0.0728367493
0.0369630419
-0.00204179692
0.0973974913
0.0619013831
-0.00739884423
0.00373970042
-0.00202410272
0.0331095457
-0.0124650188
0.0338126235
0.0879153684
-0.0166884381
0.037456274
0.110232912
0.103057094
0.0461868085
0.0318553261
0.0943827108
0.0585654192
0.0050591249
0.0757227391
0.00831157994
0.0276984554
0.0794246197
-0.112424538
-0.0186386276
-0.00290488475
-0.046140261
-0.0639964715
-0.0593283437
-0.0741554201
0.0530344695
-0.0145464782
-0.150800437
0.0111139156
0.0238196719
-0.125913203
-0.0555116385
0.108904399
-0.0866187662
-0.0444796383
-0.191133991
-0.0671014711
0.0109618511
-0.0238255803
-0.0190390367
0.0467543229
0.0894282684
0.0233282819
-0.0406922139
-0.0274565965
-0.0287680998
-0.0290474463
-0.0186512973
0.00319448137
-0.0232174993
-0.0275157578
-0.0243098959
0.0345616974
0.0653952211
0.0132529577
0.0205771625
-0.0158812013
0.0193566494
0.0630354062
0.0307799689
0.0291770492
-0.00717583392
0.0420435034
-0.0627612099
0.0847716779
0.035390798
-0.0666584298
0.0481794216
0.0219470002
-0.0353041738
0.0862191916
-0.139011562
-0.0568160303
-0.0546786711
0.0379774868
-0.139303178
-0.02563316
-0.0820354298
-0.170788407
0.0171845276
0.0365802571
0.00344304508
-0.126033589
-0.0206790026
0.0568094775
0.0349370614
0.0884282365
0.0107707074
0.107175797
0.0787068829
-0.0315250978
-0.0549470894
0.00162198476
0.00505072018
0.0755808055
-0.0285565499
-0.0314783938
-0.0563807748
0.0159240663
0.0491648875
-0.0103474986
-0.0169745926
-0.0191071108
-0.0196650885
-0.147295818
-0.0896350369
0.122295998
0.0834799111
-0.015982084
-0.0922755301
-0.0495803468
0.000185640791
-0.041409146
0.0533814132
-0.0992084667
-0.125487641
-0.0666417703
0.049248416
-0.0151566695
0.0751878172
0.0498636737
-0.0509572402
-0.0442228727
-0.0864073634
-0.0179873109
0.0415830314
-0.0677613541
-0.164436191
-0.0339764953
0.0157529358
0.00359618082
-0.0384706892
-0.0225166176
0.0400621556
0.00669579115
-0.104979753
-0.0545104481
0.0747361481
0.148323566
0.101632565
0.159246922
-0.043054089
0.0265393276
-0.0246169437
0.106582053
-0.0109097948
-0.0868071467
0.00496804528
0.208573565
0.0674889237
0.0775125772
0.0413148887
0.0429377891
-0.00487543736
-0.0439212918
-0.00726047624
-0.013486729
0.0347990356
-0.0723529011
-0.0896302909
-0.106898621
0.0269616321
0.068050012
0.057251364
0.0381082483
-0.0131201167
-0.000770571874
-0.176867172
-0.0165007394
0.106941909
-0.00264809094
-0.113123409
-0.0201897975
0.100795045
0.0554351583
-0.0711497217
0.0317824259
-0.0870732814
0.103158034
-0.0185838435
-0.00739902258
0.0261947606
0.0783361271
-0.0362153761
0.116214886
-0.0582082234
-0.0696545243
-0.00121675548
0.0774059892
0.0300419442
-0.0237790309
0.00724790106
-0.0138443327
0.00365643529
0.0567176417
0.088338919
0.0178107861
0.0704787374
0.0482520349
0.0660436824
-0.0109700682
0.00382279744
-0.00703064818
-0.0397253186
0.0468190424
0.00523033738
-0.0423075482
-0.0367974229
0.107422091
-0.028549172
-0.0123415543
-0.0100635579
0.0529977083
0.0688022524
0.064682886
-0.0122235827
0.129695818
0.0777216777
0.107224762
0.0389105976
0.0379181579
-0.0842568055
0.105074488
0.0714045092
-0.0145392874
-0.0664838105
0.0209994782
0.034223754
-0.0395131968
-0.0832761079
-0.0542345159
-0.00398746878
-0.0591713898
-0.0432902649
0.0264770575
-0.0281885024
-0.0248927549
0.0402839035
0.0255399998
0.0127517348
-0.0396420546
-0.0144653469
-0.0656241924
-0.00243244506
0.0157765951
-0.0477381796
-0.0541336276
-0.0383318439
-0.012917337
0.00764352083
0.027164245
0.0498063751
-0.00757257128
-0.0724991858
-0.0613248758
-0.0378434435
0.0279627331
-0.0424948074
-0.0419218428
-0.0526657775
-0.0496379361
-0.0563753061
0.000957134704
0.0214530285
0.0242909901
0.00368257542
0.011802651
0.00225453079
0.0354185551
-0.00846992899
-0.0106283622
0.0467023775
-0.0559814125
-0.0514421314
-0.0635154918
0.0239833966
-0.0674841553
-0.0517946705
-0.0384805948
-0.00530439429
-0.0709944665
-0.00289644767
0.0116274357
-0.0480021387
-0.0371261686
-0.0530856252
-0.0202247798
-0.0259128027
-0.0228498522
-0.0602735281
0.0125795305
-0.0369986445
0.0294468217
-0.00436413288
0.0126709044
0.0468962938
0.00428204052
0.026807934
-0.0125153158
-0.00786726736
0.0402076691
-0.0155428164
0.0407199673
0.0544015393
-0.0253687166
-0.065984726
-0.0144141912
-0.0641806275
-0.0145993363
-0.0453566499
-0.00579616753
-0.00300848321
0.00195580604
-0.0526005104
0.0434507988
-0.060206607
-0.0117419893
0.00309067499
-0.0494452789
-0.0120260594
-0.00768191461
-0.0441864952
-0.0403186977
-0.0331168994
-0.0660748184
-0.0508280359
0.00308719766
-0.0569136851
0.0135620004
0.0273409169
-0.0166129861
-0.0193902534
0.0326908827
0.0187309142
-0.0146489004
0.0401050597
0.00516142417
-0.0687362999
0.0433503874
0.0354505405
-0.040266905
-0.0281003937
0.0401919857
0.0288498346
0.0367235914
0.00676443987
-0.0670188442
-0.0600698702
-0.0198795926
-0.026903294
-0.0443804748
-0.0632961914
-0.0684979707
-0.0373916626
0.0398448743
-0.0268451553
-0.049959261
0.0045983349
-0.0176899415
-0.0687297434
-0.0550252497
-0.0132518178
-0.0748184621
-0.0354928002
-0.0441580229
0.0154387821
-0.00628875941
-0.04854412
-0.0480667315
-0.0482781231
-0.0671528801
0.0103075141
0.0148531422
-0.0594050996
-0.00908842683
0.0324861407
0.0097425757
0.00158861058
0.0139689539
-0.0293049961
0.000702603254
-0.0287334751
0.0418809019
-0.0678971261
-0.0647124648
0.00341509748
-0.0447990485
0.0390685387
0.0152846044
-0.0714695454
-0.0252345782
0.0220259111
0.0344110914
0.0374063179
-0.0591905266
-0.0839410871
0.0132044293
-0.0212021358
-0.0253100246
-0.0519606546
0.0142622888
-0.0560063757
-0.0712994784
-0.0136092314
-0.0241108388
-0.0400432609
-0.0206397027
-0.0178218298
-0.0435273685
0.0445186161
-0.0390973538
0.0077777952
0.0243094582
0.0453607962
0.00579668069
0.0101320175
0.0281022955
0.0267514493
0.0202480275
0.0549456812
0.0236001592
0.0267331991
0.00483986503
-0.0322318673
-0.0251865257
-0.062544845
-0.0472484864
-0.0885880962
0.0541455001
-0.083846353
0.00347927609
0.0234373789
0.0356544182
-0.0953007042
-0.0116908075
-0.00245268806
0.00756270532
-0.0475647338
-0.0149156069
-0.0269341394
-0.0242829919
0.0278565977
-0.0269316249
0.00298640481
0.030247122
0.0297413506
-0.0410899781
-0.0401748419
0.0195718501
-0.0617450997
-0.0430945493
-0.0371369943
0.0225489233
0.0178694576
-0.0545596927
-0.0191238094
0.0448290855
-0.0249054413
0.0225357264
0.0212955959
-0.062043868
-0.00803411473
-0.0271300655
-0.0688283965
-0.0672374442
0.0111065842
-0.0592908859
0.00244696415
0.0254070442
0.00503986282
0.0106611121
-0.0707571059
-0.0113665964
-0.0331180952
-0.0558114722
0.0119088143
-0.0596956499
-0.0426836014
-0.0228830446
0.0173721127
-0.00369654968
-0.0141426297
-0.0644460022
0.0128719406
-0.0313954353
0.0121742478
-0.0662668049
-0.0193020385
-0.0223502424
-0.0360893793
0.0268785302
0.0212922525
-0.0438424498
-0.0301551614
-0.0510988347
-0.078524664
-0.0372431166
0.0306567755
0.00619172631
-0.210970894
0.0536095053
0.227319792
0.0464915372
-0.0278971437
0.0223063771
0.00455980748
-0.0287044477
-0.0739854649
0.0492874682
0.054756254
-0.0287963282
-0.0614599548
-0.0196185447
0.0709220171
-0.0663855672
0.181643918
0.0429636352
0.0967887864
0.000636595068
0.121204242
0.203243092
0.189390644
0.0929660648
0.227925852
0.162448078
0.0885642767
0.0199067276
0.169411033
0.0454998277
0.095437482
-0.0256317314
-0.00720155286
-0.00488681952
0.061826691
-0.0358937383
0.0231630467
0.0397531316
-0.119914606
-0.00908648688
-0.0311733782
0.0460004397
-0.0127325552
-0.0880986229
-0.03406284
-0.0613818429
0.0609238632
0.128905341
-0.157285511
0.0435115695
0.182810992
0.122952923
-0.0780955032
-0.0736170784
0.0464956276
0.0473363064
-0.00185953151
-0.000897244085
0.0514495634
-0.0669062883
-0.0142142233
0.0415209979
-0.034163665
-0.0377126038
-0.0314439684
-0.00301372469
-0.0268273354
0.0347457863
0.108075589
0.0512590259
0.00780826481
0.0686245561
-0.0271685906
0.0128114708
0.00223472412
-0.0240810011
0.0486163236
0.0200797245
-0.0889494196
0.00299293641
0.00896538422
0.01460387
-0.0223287176
-0.0631472468
0.000553818478
-0.0876870155
-0.0484032445
0.0154462028
0.0266430415
-0.00633314997
-0.06642472
-0.130132511
-0.0479479134
-0.043169193
-0.00849179737
-0.00823605526
-0.0557222143
0.0671685115
0.0316907838
-0.109439388
-0.0183080956
0.0878134444
0.0666345805
-0.00750553329
0.0172948148
0.0209287833
0.0152228251
-0.0648104027
-0.0314532481
0.0505189933
-0.0637600347
0.0612185001
-0.0248519648
-0.0587245561
-0.104078382
0.0958426669
-0.0190975927
-0.0563862287
-0.0516939051
0.00240652193
0.0825939327
-0.0304438174
-0.017248461
-0.0620769784
-0.055566363
-0.03933255
0.0370445028
-0.00735489232
-0.110817187
0.159019887
0.00179414556
0.0424127169
-0.0237894207
0.0863308981
-0.0696528405
-0.0719970316
-0.037542887
0.0422155075
-0.0445239097
-0.0545717254
-0.13798669
0.0148164257
-0.0793289021
-0.0106605254
-0.19617945
-0.0962935239
0.0328275673
-0.0807202235
-0.0589828603
0.000924107269
-0.0215310846
0.116402775
0.0785117596
0.114741832
0.047313679
0.115035005
0.00110389176
0.0475105122
0.0725243315
0.156662703
0.107703701
0.222342551
0.0865080133
-0.0174759347
-0.00892195478
0.0240819398
0.0232124515
0.045860976
0.0526893139
0.0520678237
0.0447255261
-0.0442263782
0.101599254
0.019740086
0.012677501
-0.00780998729
0.0346825682
-0.105794273
-0.0269922353
0.00214798143
-0.0581930839
0.0378737003
0.0150712924
6.65720581e-05
-0.0401667058
-0.0435984321
0.126979575
0.0696029291
-0.110356599
-0.00312099489
0.0209844336
0.0343945026
0.0662163943
0.055700615
0.127759814
-0.0210270733
0.039958857
-0.00793554541
-0.0346754193
-0.0924164057
-0.0159373246
0.0961299464
-0.0133701153
-0.0206515267
-0.0360210985
-0.0352326967
-0.02189661
0.0696375892
-0.117000014
-0.039983172
-0.0263656005
0.00520703848
0.0501929149
0.047243081
0.00400212454
-0.00853372924
0.0347803906
0.0954096988
0.0967160314
-0.0712346211
0.0709296241
0.0605046935
-0.00429296959
-0.074974224
-0.0397987813
-0.000963903847
0.0137694115
-0.15372017
-0.0584620349
-0.00915041845
0.106535099
0.101419017
0.0418965816
0.0420310758
0.041102685
-0.0209010448
0.016246371
0.123763934
0.0266211592
0.0370018743
0.00327133061
0.00825392548
-0.040155936
-0.0131108165
-0.0599805526
0.0340453498
0.0318999775
-0.0107267266
0.0275303926
0.0595291965
0.0334779434
-0.126256794
-0.0387583897
-0.0438619629
0.0064708367
0.103374489
-0.0561445542
-0.0580390133
-0.0444545522
0.167021781
-0.147356987
-0.158632785
-0.0940515622
-0.0783266053
0.0940005779
0.128091484
0.027138276
0.0536618493
0.026366137
-0.00922192819
0.00933857542
0.06187509
0.11176914
0.0430601835
0.00974181853
0.0830708668
0.131920099
0.0227808096
-0.0910487697
-0.0376509428
-0.0739245266
0.00508888625
0.0185757522
0.104466796
0.0726976991
0.034104716
0.0730421171
-0.00320257596
0.0184463859
0.0369810797
0.0970312953
0.0847095624
-0.128699392
0.00753481546
0.145678848
0.145099923
-0.110143103
-0.041832719
0.0401828066
-0.0656045526
0.0216380171
-0.0140715055
-0.00954664499
-0.0162891038
-0.110818267
0.0186477713
-0.0242462996
0.162073493
0.016271349
0.0702341944
-0.000613845885
0.012919643
-0.00364660239
-0.0411598384
-0.0427426137
-0.0439078622
0.0246178433
-0.0329776891
0.0937960967
0.0900022238
0.0678154826
0.0755046755
0.0152603118
0.068533808
-0.0433768928
-0.145320088
-0.0682812631
0.110087
-0.0151440138
-0.0328392833
0.0374488644
0.00382528082
-0.0076238378
0.00118809647
-0.0396153331
-0.0335715562
-0.0719974115
0.0688224286
0.0643147379
0.0218642801
-0.0641760677
0.0148622999
0.0462422855
0.166327953
0.0269180126
0.00304963347
0.0805108026
-0.144494683
-0.047412321
-0.0432929061
0.071204111
-0.0110796904
-0.0940551385
0.0637105554
0.0367161483
0.120021664
-0.0277574342
-0.0782773569
-0.0125027495
-0.0416540951
-0.0185166821
-0.0200226903
0.0390970223
0.0835366622
0.0514769182
0.0261311363
0.057129316
0.0228037741
0.0725579709
-0.0186493583
0.00988738146
-0.0461675934
0.0033168532
-0.0108185029
0.0859075785
0.279134423
0.114165515
-0.0916490033
-0.0824051276
-0.0037475056
-0.048388999
-0.0154541526
-0.0750206113
-0.126746342
-0.186321765
-0.0881870762
-0.0262936484
0.142907366
-0.00172034081
0.00452693366
0.0476389192
0.0857946724
0.0159717016
0.0752825141
0.0115211159
0.0672346503
-0.0440949053
0.0837674886
0.0138739021
-0.0282257535
-0.0790325552
0.0216698833
0.0621265247
0.0473271497
-0.108483113
-0.103184141
0.103459433
0.421231151
0.147181228
-0.0175112151
0.0839674175
-0.00581944082
-0.193085358
-0.0307554863
-0.0865667611
-0.204268396
-0.187262237
-0.0457992069
-0.152007893
0.0764924437
-0.0505086668
-0.0711808279
0.00959407538
0.0389775112
0.025160281
-0.0160649754
0.0598226227
-0.0132209286
0.083266601
0.0527543612
0.0652934909
0.0692633912
0.00999235734
0.0253516864
0.0242132545
-0.0602291264
-0.091547139
0.116357297
0.0264591686
-0.0218489505
-0.149603158
-0.144983828
-0.0724890381
-0.0226596501
-0.196184635
-0.107312135
0.0814502239
0.046330817
-0.167128548
0.033904139
0.0417898297
0.0695708245
0.0973231941
0.136879534
0.0180191752
-0.0859367549
0.0371665359
0.00137038901
-0.0106522711
-0.04708777
0.121309623
0.119105786
0.0552984215
-0.0356989652
0.154851139
0.122902036
0.0676047802
-0.0429834537
-0.165282369
-0.110942662
0.0635625869
0.152740344
0.046695888
0.0654237717
-0.0135852676
-0.0824494585
0.0362705961
-0.039329771
0.0286309961
-0.018488951
-0.0602621958
0.0716890022
0.0781749859
0.083735846
0.0399765633
-0.102519333
-0.0976219699
-0.00527000148
0.00423817197
0.00650750939
0.00710558984
0.038383808
-0.00370524963
0.0381638147
0.0529149435
-0.0315524079
-0.025042085
0.0756529048
-0.0371057466
-0.010348591
0.0320401713
-0.0327341706
0.102790542
-0.0151603147
-0.0882651731
-0.118284814
0.00277389353
-0.14579384
-0.0307722241
-0.0976599678
-0.115100354
-0.0887445509
-0.0270216204
-0.192366764
-0.0309978798
0.0567109957
-0.0712349266
-0.13608183
-0.0408920534
-0.126974434
0.187645018
0.0161342528
0.0559561104
0.00180875626
0.0398814268
0.0959350318
0.101262555
0.0737479553
0.0185440592
-0.00271775667
-0.0585427508
0.0748095736
0.108675517
-0.102457792
-0.116181292
-0.146268338
0.0590159707
0.0476591252
-0.0219579246
-0.0274812896
-0.0240286607
0.141288146
0.0772235617
0.184980854
0.00814945996
0.0463917851
0.0161607377
0.0471088663
-0.0196553916
-0.0401840284
0.0650944337
0.115796857
-0.1181501
-0.043389719
0.0241180286
-0.078559652
-0.0851446316
-0.0762391686
-0.0436258689
0.00918014627
0.1183559
-0.0247684196
-0.193940312
-0.0469062366
0.0893735066
0.0136156771
0.0300253183
-0.0273309909
0.00657147216
-0.000707746483
0.0760190338
0.0158682894
-0.0679034218
-0.0306983721
0.010755687
0.0493589155
-0.00552343251
0.0390539095
0.0358015746
0.0256407298
-0.071086891
-0.00616117287
0.00198026514
0.0065750205
0.0451376401
0.0854406282
-0.028705176
0.0148922205
0.146890059
0.136254773
0.0255089011
0.0718421713
0.0662591308
0.013635857
0.00934738666
-0.0123034902
-0.0222384781
0.0213550758
0.00747026131
0.0240235757
0.0325925164
0.0429365486
0.0180039201
0.00745031424
0.0760301352
-0.0567901619
-0.100465924
-0.160069332
-0.0327287205
-0.0611107908
0.057022322
-0.0532035604
0.0118265506
0.0165222511
-0.0355074219
-0.149068162
0.0513197891
0.0813629106
0.0827346966
-0.0111788707
-0.0370963849
-0.0393427536
0.127534002
0.0844457746
0.0780684873
0.0208113473
-0.0315320976
0.0516061299
0.0799773112
0.035866078
0.0265228394
0.180598155
0.00601651613
-0.000500009162
0.0382304564
-0.0428620055
0.0596693605
-0.05639695
-0.00534024695
-0.0409816504
-0.0688361228
-0.0228645466
0.00247518695
-0.107784383
-0.124690384
-0.0337014906
-0.0735687464
-0.067183964
-0.109946713
0.0663839132
-0.072765924
0.0560635366
0.0315744653
0.023705177
-0.0623787232
-0.0241460558
0.029212337
0.110970765
-0.000495267508
-0.000372591428
-0.00749147451
-0.117451809
0.0203003641
0.0556680895
0.0163266752
-0.0117365876
-0.0525025949
-0.0542549342
0.0367146321
-0.0334768072
-0.0380449444
-0.0478178784
-0.0658938587
-0.0339968801
-0.0331494287
-0.140037581
-0.00229028403
-0.00922295451
0.0193175226
-0.0650829896
0.0169947632
0.068192251
0.069947809
0.0222496819
0.0482985415
0.00419109175
-0.000434466463
0.0484549925
0.0735011995
0.0157052968
0.0702384114
0.0398913175
-0.233567372
-0.0182255674
0.0969418064
0.0112435063
-0.256143153
-0.109368622
-0.0413656794
-0.0270630773
0.0190875418
0.0215137023
0.0337628126
-0.0359145552
0.00414166693
-0.0501854569
-0.0839987993
0.0128595503
0.0640903264
0.169524521
0.101856843
-0.00228070491
-0.0440381281
0.113934375
0.00511026476
-0.0449864678
-0.0649792105
-0.0789275691
-0.00724258041
-0.0208808444
0.0345712639
-0.0136524653
0.0404897742
0.108834542
-0.0584969744
0.0340588354
-0.00171649479
0.0209182706
0.0169193447
0.052070003
-0.0197312906
0.0595182888
0.137581706
0.095922254
-0.0482602715
-0.093339175
0.00213112193
0.036977876
0.0217675492
0.0879010856
-0.0160330087
0.0237086173
-0.0555565841
-0.100899793
0.145824209
0.0486333668
0.0583902858
0.0837246701
-0.00402540155
-0.0603277162
0.0415155143
0.0257275552
0.00219883979
0.052381523
0.0838710442
0.097249262
0.0122943483
-0.0514021553
0.100647599
0.165429309
-0.0719593018
-0.084371753
0.079295449
0.0589738972
-0.0339000598
0.031150071
-0.0164593644
-0.00138790044
-0.0379815809
0.0490126424
0.111524187
0.110498801
0.0534943789
0.00552472146
0.004372261
0.036426086
-0.000355347089
0.0586360991
-0.0160137992
-0.102691509
-0.0274652056
0.0682451874
0.151538134
-0.0368721746
0.0666147023
0.00964057725
0.00887027383
-0.131055593
0.0485087708
0.130091548
0.0926573426
-0.0100776302
0.121819332
0.0817982554
0.0816333145
-0.0319648832
0.136303484
0.062243063
0.00561500667
-0.00387228583
-0.133786842
-0.00611008797
0.0533240847
-0.0677178279
-0.00557374163
-0.10558404
0.0211615693
0.189592257
-0.049017217
-0.0425057486
-0.0182485525
-0.0456902869
-0.0472823195
-0.0216918681
-0.0264292993
0.0850169733
-0.079673171
-0.00464064255
0.0536294617
0.143885061
0.0557135269
0.0609568954
0.0703200251
0.0972867534
-0.0187000595
0.072541438
0.0359992348
0.020454891
-0.0185480881
0.0194479488
-0.0151798278
-0.0593140908
-0.0269604586
0.0347643979
0.0729320571
-0.00334467716
0.0470575355
0.125759959
-0.024366444
-0.0349343941
0.0243302938
0.0433585048
-0.0410710908
0.110128365
-0.0330977887
-0.0176236797
0.0188291427
-0.0261968579
0.0175736174
-0.0248634052
-0.0104668029
-0.0618680604
-0.062517643
0.0267380886
-0.00791627076
0.100004025
-0.100366123
-0.0185528733
0.0386242792
0.0878385976
-0.0901188105
-0.0359380133
-0.0340050422
0.0283690896
0.0674285367
0.00740916468
0.0171380397
-0.111379266
0.107594647
0.0710736439
-0.0115678385
0.0285715051
0.136541396
0.0721294805
-0.0772148222
-0.100416668
0.033852458
-0.00521335378
0.0433856472
0.067370899
-0.078018412
-0.0689445138
-0.103373535
-0.0181821641
-0.0731360093
0.0528666042
0.0592090078
0.187082246
0.00737384893
0.10581363
0.0143950898
0.00592274684
-0.0624618307
0.0987153351
-0.100366555
-0.0872796401
-0.0479991138
0.191149443
0.0524822846
-0.0902579203
0.00453464454
-0.0333493128
0.0174892955
0.0807848498
-0.0451916493
-0.0289032608
-0.0252381507
0.0678716376
-0.0592118651
-0.00167991687
0.00594732258
-0.0304641966
-0.0175913256
-0.0829127282
0.046204336
0.066996783
-0.0641023964
-0.180591464
0.0434189588
0.254918337
-0.0858397782
0.117289484
-0.0364986025
0.0717304572
-0.0568704382
0.0978334472
0.00396193098
-0.0321585536
-0.0186956525
0.0431163087
0.0287481919
-0.20338352
0.0418179557
-0.0467541069
0.00758789387
0.0136543056
0.0878109634
0.00409926428
-0.0351105407
0.0116824564
0.00360516645
-0.000348554837
0.0997711197
0.0899548382
0.00230405387
-0.0895477906
-0.0739629045
0.0907072723
-0.172825381
0.0237281807
0.0953838974
0.100359209
-0.0751821175
-0.0399484672
-0.0112796677
0.0770578235
-0.0184616186
0.0255173072
0.0306350179
-0.0279423725
0.0728479922
0.0954832062
0.0788637176
0.132782087
0.0999914706
-0.0258486923
-0.0391084068
-0.0445121415
0.109695777
-0.00535623729
-0.0224388968
-0.0104305865
0.0281069688
-0.0523087345
0.048832193
0.00610007811
0.0175503809
0.0042890152
0.0277218614
0.0717891157
0.0337972827
0.0085090315
-0.022270238
0.0840402544
0.133580938
0.0853153393
-0.0385751389
0.0384451151
-0.0620235056
-0.0599848628
-0.000865579234
-0.128091007
0.0307134911
0.050031621
-0.0869852453
-0.0961956903
0.0303503368
0.0526218861
0.0808689594
0.0543144606
0.03057977
0.0385793224
-0.0589843728
-0.0341003388
0.0541691184
0.0724353641
0.00311571406
0.13502036
0.0042668744
0.0129268756
-0.0146918353
-0.0130691072
0.041412238
0.0566013157
-0.170018688
-0.122762114
-0.0607003272
0.0149419392
-0.199155763
0.00487670349
-0.0587294884
0.0469463505
0.00926371291
-0.0600584261
0.0187819451
0.100478947
0.027476877
0.091873087
0.0223072879
-0.0354493596
0.0137137007
0.0273830034
-0.0748283416
0.0593490079
0.105473295
0.152794957
0.00373167871
0.0696634054
0.0455696322
-0.0584765151
-0.132045284
-0.0452056192
-0.0471717454
-0.0944315419
-0.0879102051
0.0410360619
0.0730195418
0.227899298
0.00470899511
0.0423418991
0.0182671063
-0.0583241247
0.052103892
0.0749074668
0.0258856453
-0.0821300894
-0.0366988219
0.010184139
-0.0912958309
-0.1785869
0.0875245109
-0.0164927933
-0.0681723505
-0.147337466
0.00724426936
-0.0789472461
-0.0740527511
-0.213727042
-0.0846578702
0.0802048966
0.0153768323
-0.178573161
0.0389044061
0.0497923754
0.0304774307
-0.170542881
-0.00593663426
0.0200179461
-0.00989595521
0.0514145829
0.0521485768
0.0789034963
0.0673954487
-0.024137903
-0.0064553665
-0.0396144055
0.0832123309
0.0752059743
-0.0311183836
0.0589017756
-0.0168221351
0.0364052393
0.166641816
0.0908697322
0.0675168857
0.0775196403
0.025418276
0.0117912013
0.0280457251
-0.00228960253
-0.116097689
0.0290268455
0.0600127913
0.0842027366
-0.0726173744
-0.0311078615
-0.03120072
-0.0198988151
0.00462194532
-0.0139973816
-0.00353626488
-0.136344656
-0.00246134284
0.0342342071
-0.0510501899
-0.0903158113
-0.0315009169
0.0581734926
0.00180889247
-0.0913050249
0.0290419552
0.0351025164
-0.00751006696
-0.120889939
0.0408183783
-0.0403197408
0.0438591838
-0.0128028253
0.0621742904
0.110525757
0.085479252
0.0168929454
0.022975307
0.088837713
0.0263615604
-0.00368291163
-0.0614633746
0.0326354988
-0.0359118842
-0.119446367
-0.0604170933
-0.0715022907
-0.0826068074
0.00617095688
-0.0669496506
-0.0754611343
-0.130345121
0.0223502312
-0.0433801524
-0.0641582906
-0.0892248526
0.0669967756
-0.041917678
-0.00379469804
0.0185273457
0.0173302926
0.0785363689
0.0591020957
-0.0369281918
-0.0480336323
0.0982782617
0.0526262298
0.00183817698
-0.0671543255
-0.0837033242
-0.0112866322
0.0272087548
-0.0319917165
0.00495658489
-0.0453891121
0.0703772455
-0.0408731215
0.0111119663
-0.0555901751
0.0155391535
0.0722925887
-0.101435065
-0.0662999153
0.0395841897
0.12967062
-0.0198604651
-0.210094109
0.00851909257
-0.0157042276
0.0220274925
-0.0642286018
-0.105677254
0.0975137427
-0.0583466217
0.0247578342
-0.0473014228
0.0418708995
0.0183313265
0.046257209
0.071045965
0.0946705043
0.0551536158
0.0859402344
0.0470252149
-0.0539229698
-0.0354279354
0.0418040231
0.0270953998
-0.10910593
0.0674736351
-0.0588917732
0.0804735795
0.0498786569
-0.00298299105
-0.147955
0.0681629926
0.0514038838
-0.0591274984
-0.0126806125
0.0295971036
0.0669789538
-0.0932668075
-0.056380216
0.059690915
-0.0241193566
-0.127621755
-0.122360319
-0.0466383956
-0.0649798885
0.0389453396
0.0251387004
-0.0344544798
0.050574366
-0.0663801208
0.0586109683
0.0987878144
0.0944840685
-0.071768038
-0.0902333185
-1.53115561e-05
0.0140139442
0.0101749562
-0.0415082052
-0.0252249613
-0.0439639539
-0.077913478
0.000111919529
0.10353034
0.026727641
-0.069141522
0.0341565236
0.0955736041
0.00205957238
-0.0813013166
-0.0494770035
-0.0109456005
-0.0390715711
0.043636892
0.0483361892
0.0302822515
0.0548631288
0.0347466357
0.0598308966
0.163783342
0.0330418684
0.0467819758
-0.00578612182
0.0256418157
-0.0472567417
0.0254869573
-0.0491219349
-0.0432777591
-0.129528537
-0.0266522486
0.107715197
-0.0762255862
-0.050698176
0.0711100549
0.0575601608
0.0335456282
-0.037383493
0.0768902078
0.00697684102
0.0757286847
0.00927278865
0.0529738516
-0.0882811099
0.0505949222
0.229002237
-0.0583542734
0.113420725
0.0352724791
0.0544620603
-0.0898062885
-0.0255299713
0.00411465112
-0.0594565459
-0.052705761
-0.111549154
-0.0795237347
-0.15510498
0.0581388213
0.0310058035
0.03348222
0.0185122918
-0.182587937
-0.0638536885
0.0513278879
0.0448810942
-0.0824317485
-0.0255852472
0.0259191059
0.118040413
0.00486326637
-0.0387626477
-0.112037264
-0.0777378008
0.0135197211
-0.122042023
-0.12253131
-0.100034118
-0.0512292199
0.0420596823
-0.018275436
-0.116962761
-0.0173400305
0.0293799695
0.0364693031
-0.0599054247
0.0711793527
0.120611243
0.0269075651
-0.115033135
-0.0415810049
-0.0113272872
0.0695171356
-0.0521318503
-0.031952139
-0.036317464
0.0725210607
0.0781650692
0.0292434469
0.0268361326
0.0221860427
-0.0210085232
0.0495542213
-0.0516553335
0.0825697109
0.0286328159
-0.0420599766
0.0686731488
0.041553285
0.010359617
0.0167118106
0.063930735
0.017348228
0.0912523717
-0.0335782394
-0.0274539459
0.0334711112
0.0114838397
-0.0306195952
0.0140900109
-0.0110584497
-0.0894854739
-0.109777436
0.000858328538
0.0768004656
0.0179159082
0.0203911662
0.0403254777
0.0116414493
-0.0681090951
-0.0535592139
-0.0234857369
0.0228902437
-0.0552164391
0.0217775591
9.01313906e-05
0.0265309811
-0.107010588
-0.0355360508
0.0182539746
0.171285361
0.0348715186
-0.0643671378
-0.008423483
0.0620065518
0.0929700881
0.0134555856
-0.0551309399
-0.0452962704
0.00917147845
0.0233597644
0.0190820452
-0.0646843016
-0.170983344
0.135909662
-0.029286189
-0.0380418748
-0.168699145
-0.0134685803
-0.0834468231
-0.0311052073
0.0258352291
0.0326622277
-0.00853246637
-0.0532137379
0.0908272937
-0.0445775129
-0.0345116891
-0.0031062942
0.0432812162
-0.0612422749
-0.0451968089
0.115076609
0.0313537568
-0.0058745034
0.00836621318
0.0560807697
0.0274304356
0.0388917178
0.051492162
0.00540373661
-0.0475339592
0.0336849131
-0.0176103562
-0.0278790388
0.0466774851
0.0257231146
0.0287975203
0.0166818816
0.0624081269
0.0244923532
0.114537433
0.00974822696
-0.0964288935
-0.0108808465
0.135111704
-0.0213034377
-0.00417099707
0.0407899693
-0.129700094
-0.0148373237
-0.00418526866
-0.0352826342
0.0744601414
0.0824280977
0.186792448
-0.0999002606
-0.0594182052
-0.0556505434
0.0199595876
0.019299699
-0.0313215815
0.0287331641
0.0289028753
0.0336695276
-0.0501541235
-0.0767120123
-0.00500375032
0.163636312
0.0601753034
0.0560754165
-0.0662734807
0.00422284426
-0.0568993874
-0.132478356
-0.0631767809
0.0682039782
0.005702639
0.112480067
0.0386146121
-0.156889454
0.0163991619
0.0202013422
0.0745747536
-0.104850687
-0.0172504298
0.016135985
0.0475534312
-0.108443335
-0.081817992
-0.0868958756
-2.46358759e-05
-0.00271214289
-0.0190964211
0.0177930929
0.0322569124
0.0221617855
0.0552472211
0.058016099
0.00384933315
0.154409617
0.0229502395
0.0621698387
-0.0200107712
-0.0751528963
-0.0407261886
-0.00708347606
0.10011702
-0.0110870935
0.0114739984
0.11076656
-0.056412518
-0.00919223577
0.0123985345
0.0532918014
-0.0091983974
-0.0440269522
0.0737268329
0.132124245
-0.0637986064
-0.00377140078
-0.0138005447
0.00641038688
0.0491944887
0.00810756907
-0.0211128257
0.0234295111
-0.0391760357
-0.0168070737
0.0234968737
-0.0626260936
-0.207900569
0.0587364137
0.00807310641
-0.0802614391
-0.180036366
0.0836799592
0.0761897415
0.108774692
-0.0646463335
0.000875774771
-0.0526699834
0.0528929718
-0.0994255319
0.05132927
0.0552951358
-0.0650531575
-0.0535516255
0.161144629
-0.0768033192
-0.119827479
-0.0883193687
-0.13212198
-0.130085468
-0.0882418603
0.00213267421
0.0794618279
0.0455914214
0.0151577406
0.0793475881
0.170162424
0.0882967561
0.0476564132
0.0645899028
-0.0393927805
-0.0341696218
-0.0101651372
-0.00606713118
-0.0317392275
-0.0412484407
-0.0697873533
0.0375816673
0.0131736398
-0.00676165894
0.0696391612
0.0235830154
0.00428218767
0.00194594101
0.0510439277
0.0844340622
0.00794092938
-0.0146046504
0.0784879774
0.0987550691
0.0859258026
0.156054229
0.117193431
0.08822909
0.0745987371
0.0407411084
0.1531533
0.0231925938
0.0182989724
0.0440406837
-0.0622263551
-0.140299425
0.0912103504
-0.00317291706
-0.123024598
-0.028532831
-0.0321441479
0.0442376472
-0.117539614
-0.115509674
0.0408310816
-0.0697733685
-0.0371765718
0.0325124748
0.0265722033
-0.0191138219
0.030071469
-0.0832417533
0.102789409
0.0440984033
-0.0710527003
-0.0347316563
-0.133639276
-0.105335087
0.0282063
0.0974146277
-0.00549663277
-0.0349925309
0.0424185582
-0.0840804428
0.0823184922
0.0670426264
0.0830215588
0.10612864
0.0507113859
0.0539500751
0.0456604995
-0.00151733041
0.107236587
0.0638512969
0.0300181583
0.0870284066
0.0842058957
0.00335782324
0.0339304209
-0.00687825028
0.0648929998
0.0699456558
0.0276012029
-0.0960201845
-0.0140235238
0.00803609658
-0.162473232
-0.0751040056
-0.0153104793
0.0125753563
-0.0612458624
-0.0597885326
0.0200834107
-0.0349004678
-0.0640051067
0.101739749
0.0354058892
0.0366317406
-0.0363226756
0.0738331974
0.0340165272
0.0290177073
0.112539902
0.141741931
0.0790161118
0.198209539
0.0863410905
0.129497781
-0.0779783204
0.00898809452
0.0337619074
-0.0076832911
0.0102517465
0.0538707189
-0.0351961926
0.00559993368
0.145057246
-0.0622053668
-0.0185760539
-0.0578549132
-0.00780247245
-0.0221675243
-0.040389508
0.00494390074
0.0552819148
0.007709336
0.00886619743
-0.0501040779
0.0313240066
0.0317196026
0.0207935553
-0.0434819385
0.111532606
0.0162097644
0.0274407752
-0.00734717026
0.102005921
0.217284858
0.154142842
0.126452371
0.0301540866
-0.00533600291
-0.0571554787
-0.0825589299
0.0881640986
-0.0040665986
-0.0153554231
-0.0508843549
-0.0457755663
-0.123572737
-0.0537199154
-0.00120882108
-0.0919480696
-0.0238598529
-0.0150229987
-0.0802322477
0.039881669
0.0722877979
0.0204227399
-0.0384268314
0.0786106065
0.00307428627
0.0377426445
0.0651201829
-0.0345741399
0.0225268789
0.0664562732
-0.0111968312
0.147103995
0.0471426994
0.031103747
-0.0658049807
0.00521391351
0.0075284983
0.0363385789
-0.0275961608
0.166504681
0.0424974859
-0.0241787173
-0.0761919916
0.0641278177
0.0345363952
-0.0752445534
-0.0421634689
0.124847375
0.0503435545
-0.044629015
-0.0923122987
0.0597200766
-0.0754371583
-0.0476963669
-0.0115697794
-0.0434369929
-0.00225664303
-0.0370270759
-0.0767259225
0.0387903377
-0.0424116999
0.11707744
-0.00256703538
0.00544805033
0.0530022681
0.116952464
0.117034875
0.0173746254
-0.0603699237
-0.0929556787
-0.132889926
0.0375741497
-0.038518969
0.0443111919
-0.0342837684
0.0878550112
0.110775389
-0.0299171228
-0.0260074958
-0.00559902983
-0.0993165746
0.0185357798
0.0525767319
0.0729604736
-0.0196318105
-0.0218329336
0.00689474447
0.0602792688
0.0221007392
-0.0101773599
-0.00898153614
-0.055852633
0.0173556339
0.0102540692
0.0659931973
-0.141458958
-0.00541405985
-0.0475608632
0.0348305888
-0.144340858
0.0311415419
-0.00292431726
-0.205567434
-0.0645215362
0.0286472924
-0.0268805791
-0.0324496441
-0.187564403
0.00471721962
0.0415365025
0.14754799
0.0120748607
0.0378291123
0.0579915754
0.0338098444
-0.143844068
-0.00104150595
-0.0365433656
-0.112940006
-0.029000381
-0.0958479941
-0.0605966598
-0.0171973631
0.0595771112
0.025196651
0.0480300374
0.0410313718
0.111327648
0.0762183219
-0.0454294756
-0.231835276
0.0784826279
0.0874039307
0.0265649054
-0.0834186301
0.0431073867
0.136767328
0.0455897525
-0.141991436
-0.0188097563
-0.00554889115
-0.0346130393
-0.0545581169
-0.167406648
-0.0504432358
0.0835779831
0.0304363258
-0.110145129
-0.0834689662
0.0168241095
-0.132463828
-0.0175824445
0.064595677
-0.123558722
-0.0625338778
-0.173860386
0.0176297333
-0.0840072706
-0.0657173768
-0.00293844962
0.00894241873
0.125000685
0.0522613339
-0.0545798838
0.098573938
0.0807658136
0.0259290617
-0.0778100863
0.058618132
0.0152545311
0.0598869734
-0.0438011251
0.0302974284
0.0407034792
-0.0170472357
0.113261551
0.0498121381
-0.0477188937
0.0277457256
0.0978017226
-0.00137616287
0.0787033215
0.137035117
-0.0416758247
-0.0267517604
-0.0193732213
-0.0422832258
0.0239917729
0.0247979332
-0.110948138
0.0257160161
-0.0892086327
0.0793389454
0.07356482
-0.00941351429
-0.0566023625
0.0613345765
-0.0144882789
-0.125752017
0.0180896837
0.051004488
-0.0544765517
-0.100604489
0.0477620997
0.0182253961
0.0345062464
0.0857429728
-0.0232664887
0.0103585767
-0.000421266188
-0.000720649899
-0.0485204607
-0.0710203201
-0.0701910406
-0.00968670752
-0.0563861988
0.0523710027
0.0546776354
-0.0346640423
-0.0246247873
-0.0817319006
-0.0454878435
-0.192160085
-0.129663676
-0.114508741
-0.0383781642
0.0460436232
0.0761636347
0.0758394301
-0.0534692965
0.0850267708
0.061561957
0.0617301278
0.0368388258
0.0141539322
-0.070685558
0.00854030345
0.0218802784
-0.0258188043
-0.0562383123
0.0167398173
0.0986338109
-0.0518538617
-0.060372375
-0.0189769119
0.0448580496
-0.0433501452
-0.0652074143
-0.0160858221
-0.00162916863
-0.0274960492
0.0187288523
0.0228648651
0.00660277298
0.0106559945
-0.0371886231
-0.134839565
-0.00845708046
0.102094635
0.0252838563
0.0895060897
0.0282515027
0.120294377
-0.0415385664
-0.0157977585
-0.0863014013
0.0415309109
-0.0258361101
0.133808643
-0.0280375313
0.050022997
0.0564441495
-0.0155473026
-0.035844285
0.0964646637
-0.0588445216
-0.0247822236
-0.0366272219
-0.0564429425
0.00346148899
-0.0940042809
-0.00227104453
0.0734334961
0.112477176
-0.0637048632
-0.0244248547
0.0240374357
-0.147791982
-0.03392075
0.0336614139
0.0406783409
-0.0304050911
-0.0234491359
0.0348850712
-0.00488500157
-0.0297542047
-0.0551104918
0.0143607948
0.0546651781
-0.122619085
-0.141774163
0.0835638195
0.125129446
-0.0484597906
-0.0578217059
-0.0204684306
0.0140325362
-0.0984046608
-0.0540416874
0.0133060012
0.0633587763
-0.0638616532
-0.0659404397
-0.00467944052
0.0472701676
0.0717272088
-0.0530814007
-0.0364762247
0.0351203196
-0.00549484231
0.00632173708
0.0194907095
-0.0681920201
-0.0355477519
0.0883450806
0.0836611092
0.024729399
0.05487293
0.09157563
-0.00563139515
-0.106899738
-0.111005358
0.00152768649
0.00848019216
0.132182822
0.00547902286
0.0437221825
0.0315509774
0.0662424341
-0.0813974366
0.0231972449
-0.0199843589
0.0871263742
-0.0586762093
-0.0279744957
0.0479071401
0.0616670251
0.0813210905
-0.00922013819
-0.0724225938
-0.113519683
-0.093281351
-0.0381224453
-0.0207675137
0.0261034202
0.0220235866
0.0262685567
-0.11466632
0.0868777633
0.0684117526
-0.0650376827
0.00743058929
0.0546816513
-0.00740547432
-0.0145141184
-0.0259440783
0.0479605384
0.0716735125
0.0996730775
0.0386370532
0.0529076196
0.024615014
0.0260613337
-0.0497560352
-0.0102656623
-0.0470412783
-0.0682182088
-0.163826555
-0.125876337
0.0494626462
-0.00994298235
0.0367390066
-0.0180159044
-0.0348732099
0.065520145
0.0960142836
-0.0364522599
-0.178457811
-0.0286102835
0.00506593939
-0.03613168
0.0170643348
-0.0338081792
-0.0244928151
-0.0579267107
0.105829515
-0.000493186351
0.0139795011
-0.0782233626
-0.0586572178
-0.0866134018
-0.135720819
-0.190824047
0.0744203851
-0.0776215047
-0.0886204988
-0.0806154907
0.0159985218
-0.00498072337
-0.031047361
0.0640773624
-0.118558578
-0.0260846857
0.00951998401
-0.137274951
0.0157822575
0.0319878049
0.0747698247
0.0847277716
0.0116159357
-0.0177945457
-0.0281852633
0.100328341
0.0204395354
-0.0122126788
0.0690629631
0.0806053728
-0.0267424174
-0.01815065
0.0321080163
-0.0175802354
0.0309084579
0.110033929
0.0629926026
-0.104202345
0.0453681163
0.0263209697
0.0166321155
-0.0247534178
-0.0862612277
-0.000496484863
0.0551696755
0.0707678199
0.0360288695
-0.010316601
0.07055787
-0.0798142478
-0.0129315658
0.0770794675
0.0364655033
-0.165520281
0.0322239548
0.00844777841
-0.0866881832
0.0411812998
0.0369842425
-0.0498466939
-0.0100641986
-0.0159782767
-0.0465060286
-0.0183742214
0.046376992
0.017170608
-0.0321412161
-0.0281054266
0.0192303527
0.0939388126
-0.0592804253
-0.0185101554
0.027170267
0.00211399887
0.0271589682
-0.0179822408
0.0276572611
-0.084127225
0.0433446206
-0.0226656236
-0.00389126292
-0.0775406063
-0.166283652
-0.123687714
-0.0466084704
-0.349436909
-0.0360630453
-0.0286501162
0.0196725987
0.0789162144
-0.11281158
-0.0974183083
0.0314417854
0.132010892
-0.0359826125
-0.0334923454
0.051739268
0.0762336329
-0.0713046938
-0.0371708944
0.0602568761
-0.0292062294
0.0521799661
-0.0294708889
-0.0443832166
0.0139610134
0.0563548356
-0.0276626889
0.0643046498
-0.0395737775
-0.0165479053
0.000754448352
-0.0114383195
0.0149447359
0.107220337
0.0319886021
-0.216068715
-0.425599068
0.0401737541
0.050640896
0.0225277003
-0.0242290124
0.019367421
-0.11296121
-0.0203445014
0.156777516
0.0742246732
-0.0659347624
-0.071317561
0.0570039935
0.0658787638
0.0477068685
-0.0138983475
0.0133679016
-0.0127962483
-0.0401499197
-0.0284695383
0.00315828552
0.0369526781
0.0476305373
-0.0561685078
-0.0581789091
0.0287773553
0.0108693894
-0.0340885296
-0.0288225878
0.057204254
-0.181106493
-0.0709958747
0.116433233
0.14624624
-0.0383062698
0.0234331042
0.0171441268
-0.0517881177
-0.0370758399
0.0651252493
0.0336073413
-0.00972567778
-0.12353871
-0.035150528
-0.0129862083
-0.229764298
-0.101907916
0.0948026404
0.132726312
-0.0295537729
-0.0324003249
0.0967097357
0.0621410757
0.0281494595
-0.0482220389
0.0414852351
-0.0370464101
0.0968786851
0.0494067036
0.0215359461
-0.0452072471
0.105642498
0.0785277337
0.0470796116
-0.0726246163
-0.060208533
0.0251786616
0.198181331
0.0347826667
-0.0685084239
-0.0279557388
0.0703347102
-0.0226425622
-0.0429237112
0.0048635276
0.0385314971
-0.00255897082
0.00735039031
0.00553743588
0.0674161837
0.0442997664
-0.0110104652
0.0227053873
0.0412650108
-0.0675634444
0.013235243
0.050516583
-0.0273163896
-0.0864080936
-0.0237951819
0.064684324
-0.0112336846
-0.144245058
0.0610048547
-0.0128848189
-0.0266212896
0.014884227
0.0560719185
0.00185664976
-0.0599056073
0.0463783331
0.0375246108
-0.0177342761
-0.0376868173
0.0347023979
0.0275198463
0.0631326064
0.038053982
0.0441441387
-0.016143119
0.00779324491
0.014742963
0.00145612808
-0.0648823306
-0.079687804
0.028291611
0.00672683585
-0.0822383463
-0.00923007075
-0.014077086
0.0459452718
-0.00269503333
0.0253002327
0.00278585427
-0.0531919673
-0.0140370103
0.0310173444
0.0179225523
-0.0611075759
-0.0810609385
-0.00792853534
0.00882952847
-0.0164590906
-0.0335588641
-0.0327038057
-0.0676046014
-0.0610829331
-0.0320529528
0.0273180138
-0.0278056655
0.0199261997
0.0565371104
0.0277212318
-0.0341868401
-0.0578431115
-0.02911257
0.0172329322
0.0253111683
0.0419508927
-0.0272077899
0.0122639975
0.0756858066
0.10575179
-0.0295067616
0.0215140842
-0.0219379198
0.0355822928
-0.0636184663
-0.0438722111
-0.078436248
-0.0356726311
-0.0121137248
-0.0640317425
-0.0293059107
0.0254948009
0.0258704145
0.0588147491
-0.0417599343
-0.0632656515
0.00898338668
-0.0550112389
-0.0460818559
0.0482340679
0.0268151853
0.00189318426
-0.0177058242
-0.0280290935
0.0192887839
-0.0371687822
-0.0219085813
-0.0743154287
-0.086308077
-0.0147682866
-0.00179121655
0.00134738896
-0.0602720082
-0.0560999885
-0.00506268954
-0.00300324708
0.0156269502
-0.0240478851
-0.061372187
0.0117720542
0.0714296475
-0.049723994
-0.00319283805
0.0291473437
-0.0267738905
-0.0517707095
-0.032357268
0.0189180169
-0.0440945029
-0.0151757738
-0.0187158324
-0.0241099466
-0.00638671545
-0.0403068252
-0.03726881
-0.0659788549
-0.0975512862
0.0292987116
-0.0354157723
-0.0384869128
-0.0421404578
0.0263459031
-0.054205291
0.0413755998
-0.0151437372
-0.0413401611
0.0535738505
0.0304673053
0.0592974424
-0.0697282478
0.0574748777
0.0486468039
-0.00712722726
0.0607859381
-0.00379790552
-0.0591587909
-0.0547653213
-0.0352394208
0.0223909616
-0.0132932048
-0.0903879702
-0.0497653894
-0.0108052045
-0.0468148664
0.0308902059
-0.0404936261
-0.0435997322
-0.0754373372
-0.0661447048
-0.0393266976
-0.0369957723
-0.0185680017
-0.00177510269
-0.0453762226
-0.0922751799
-0.0297243968
-0.0204948168
-0.0245710965
-0.0378929377
0.0178581532
0.0492869876
-0.0779846981
0.0591138266
0.108848102
-0.0155016687
0.0405202024
0.0757089481
0.030644821
-0.0100224707
-0.0198753905
0.0526852719
-0.0722916126
-0.0310803968
-0.0769098848
0.00079603726
-0.0735192969
-0.040054094
-0.0558655187
-0.0424668156
-0.0330661535
0.0148235708
-0.0622037575
-0.0200133584
0.00104785559
-0.0747596249
-0.00339400512
-0.0319563225
-0.0859311074
-0.0527963825
0.067093648
0.0736559033
-0.0562361032
-0.00646851538
0.0125953229
-0.0318907276
-0.0556386933
0.0436394177
0.0070748874
-0.0551291853
0.032481309
-0.00191258767
-0.00089844357
-0.0194315519
-0.0334353596
-0.0203497112
-0.0898992196
-0.024648428
0.0119824214
-0.0832170621
-0.0282009039
-0.0625538453
-0.0492584892
-0.00218589115
-0.0131599316
-0.109941974
-0.0141130211
0.0537857153
-0.0403860174
0.00147532113
0.0213608369
0.0272398666
-0.0312264916
-0.0388330482
-0.0290553216
-0.0705426037
-0.02647103
-0.00755786244
-0.0662803799
0.0427512415
-0.0493325479
-0.10022372
-0.0018770356
-0.0229707658
0.00274120062
0.0137393875
-0.0205135196
-0.0535525568
0.0482847802
0.0526285544
-0.00713942153
-0.0984962657
0.00988314115
-0.032294374
-0.00990666822
0.0194439776
-0.0929723233
-0.0907490104
-0.0502336062
0.0269602817
0.00915651862
0.00255182153
0.00712633552
-0.0873046741
-0.0677378774
-0.0644804835
0.0563255884
0.0254297554
0.0429887846
0.0614263192
-0.0307992343
0.0553958789
0.0143578304
-0.0567676276
-0.00866878685
-0.00230987207
0.0523930378
0.0195965897
-0.015005582
0.0339118987
0.0496694073
0.0482574105
0.0219703689
-0.102390729
-0.104058862
-0.0730983242
-0.0558127537
-0.0447443165
-0.0801717266
-0.0693846643
-0.0867098048
-0.0317525938
-0.0549486056
-0.0869858935
0.0126520107
-0.00911502168
-0.0212197751
-0.0184571818
-0.0248780791
-0.0775664225
-0.116157338
0.0187556241
-0.0910427049
0.00478151347
0.00330607058
-0.0638127625
-0.0721786767
-0.068974942
-0.0348434001
-0.0722039491
0.0011041204
0.00174072769
0.0281002801
0.00124453858
-0.069960326
-0.0685579553
0.0190881882
0.071454592
0.0317491814
-0.0416584127
0.036012236
0.012183453
0.0173217338
-0.00133810716
0.0489688963
-0.000898983504
-0.0741515234
-0.0196395889
-0.0134647992
-0.00549993198
-0.017163191
-0.0799600407
0.0213605072
0.0171632245
0.0301856678
0.00174554274
0.0263854116
-0.0420457236
-0.0128804753
-0.0494585894
-0.0497849621
0.00931899063
-0.0304615479
-0.0223464463
-0.0292750821
0.0249807741
-0.0761352852
-0.0785872117
-0.11305888
-0.0339130796
-0.0743316188
-0.0468246117
-0.00178034441
-0.0749718472
-0.0576777831
-0.00587203912
0.0129693011
-0.0927136093
-0.03656267
-0.0822415501
-0.0273563787
-0.0253088642
-0.0593862943
-0.0342695378
0.0415737033
0.0426696911
-0.0429077484
-0.00941100065
-0.0334878974
0.0318159759
-0.0298276953
-0.0451991111
0.000602771761
0.00777766202
-0.049339693
0.0164284632
0.023508558
0.0153028434
-0.00421370706
-0.0583570153
-0.0699829459
-0.0724432096
-0.072263144
-0.10397242
-0.0919338614
-0.0480302162
0.028661171
-0.0563811064
0.0394033678
0.0124449637
0.0213352535
-0.0493840836
0.0165142305
-0.0730302408
-0.0387119353
-0.0439906083
0.0325734355
-0.0270248521
0.0647484809
0.0340481736
-0.0806586817
-0.0302849934
0.0269717518
0.0112705147
-0.0112927789
0.0263960846
0.0160876401
0.0478265285
-0.0832665339
-0.0274072923
0.0109481793
-0.0793280005
0.00327592692
0.0337228887
-0.0265660938
-0.00481560081
-0.0692176744
-0.0297121424
-0.00590380421
0.00944021344
-0.0221618228
-0.0640157312
-0.0185406636
0.010827126
-0.0617318042
-0.0399275385
-0.0176468939
0.0235803258
0.0435214676
0.0298484918
-0.0449811891
-0.0239264444
0.0333284698
-0.0832096711
-0.00752843171
-0.063195385
-0.024408523
0.00890210178
0.0476899669
-0.0312316045
-0.085720852
-0.0746488124
-0.00544422306
-0.0899738297
-0.0247994177
0.00291522383
0.0193075389
-0.0981983021
-0.0736032203
-0.00336029823
0.0472936854
-0.0461414158
0.0370133072
-0.0572531857
-0.0860408992
-0.0478016511
-0.0253004748
-0.0684172288
-0.0804269314
0.0162132252
-0.0540336892
0.0149991391
-0.0369978137
-0.0192781817
-0.0554073788
-0.0710091963
0.0276696496
-0.00887712371
-0.0167856216
-0.0753486082
-0.0299758576
0.0033278279
0.0148497149
-0.0638057292
-0.0632343814
-0.0584446564
-0.0614491589
-0.0278375726
-0.0672548488
-0.044447694
0.0237367302
-0.00940620713
0.037143819
0.0661433563
0.0630492866
-0.027130343
-0.0331663713
0.022443952
-0.0162827317
-0.0667219833
-0.0454331115
0.00674167089
-0.0878963694
-0.0797720402
0.00520324567
-0.0684892684
-0.069891721
-0.00895154849
0.0059620426
-0.0524031706
-0.00645136554
-0.0358274356
-0.0148528861
-0.0808977857
-0.00902381912
-0.0504191704
0.0453056283
-0.0466714427
-0.0433185734
-0.0245149639
-0.109807849
-0.0374650434
-0.0485469699
-0.0652931482
-0.100166477
-0.0662788823
-0.0108701177
-0.0566883311
-0.0933953747
0.00857031159
-0.0708394647
-0.0271109845
-0.0808504596
-0.0644309372
0.0436083116
-0.0474947095
0.0355152413
-0.0497174747
-0.0364648625
-0.0525042042
-0.0640321746
-0.0169129539
-0.00295672007
-0.000949792564
0.0360002071
0.0452691279
-0.0552221574
0.0293710977
0.0390225649
-0.0411558822
-0.0615281947
-0.0539506264
-0.0694606081
0.0310696382
0.0588174239
0.00109984272
0.0161212776
0.0329376981
-0.0457423553
-0.0352045447
0.00548649579
-0.0123144276
-0.00845787395
0.042733755
-0.0290664267
-0.0369299799
-0.0740142539
0.0245387852
0.0531834587
0.0173973907
0.0381588116
0.0241940394
-0.0334727168
-0.00171738036
-0.00240775547
-0.0610536486
-0.0332747474
0.0419102237
-0.0605201498
-0.00470519904
-0.00454038382
0.048273515
0.0155184558
-0.0384555534
-0.0196344182
-0.0486529246
-0.0261212867
-0.0222452618
0.00331190974
0.00385671854
0.00878250878
-0.0615639016
-0.046697475
-0.0459031761
-0.0363521241
-0.0715498701
0.0415579304
-0.0128754303
0.0138160931
-0.0472471528
-0.0138561502
-0.0175553262
-0.0748773441
0.0179863609
-0.00964280497
0.0275172293
-0.000152747234
-0.00528169516
-0.00627425639
-0.0481404737
-0.049209673
-0.073762998
-0.0694658682
0.0274036638
-0.0274612438
0.0264383294
0.0479360707
-0.0494308881
-0.0476224199
-0.0641320348
-0.0591305755
-0.0616442487
-0.0353697948
-0.0335855559
0.00704163825
-0.0435442179
-0.0542279892
0.0362641215
-0.0280146748
0.0268824603
-0.0216239262
0.0278012771
0.0420847237
0.00610656105
0.0284627005
0.022208374
-0.0374278575
0.00669408776
-0.0182241313
0.0184483677
0.0502680391
2.6230744e-05
0.0202940758
0.0280846059
0.0560867265
-0.0563590564
0.00708779972
0.00291974214
-0.0509265736
-0.0279393308
-0.0407575145
-0.0335833244
-0.059924908
-0.00137730571
-0.0556920432
0.0406161025
-0.0646086186
-0.0418724641
-0.0394687541
0.0450670384
-0.00151511759
0.00479743397
-0.017110683
0.0154668763
-0.0571484417
-0.0515594892
-0.0629136488
0.0100043556
-0.076166071
-0.0324182361
0.0373241194
0.00627728691
-0.0336135328
0.0202600099
-0.00135769928
-0.0360938311
0.00919597875
0.0367153771
-0.0512214936
-0.0610280037
0.009438104
-0.00345562608
-0.00187614409
-0.0520307906
-0.0636663437
0.0160747301
-0.0523794815
-0.00492190057
-0.0599423423
-0.0618623048
0.0278719272
-0.0527698025
-0.0533850864
0.0137969432
0.00317656901
-0.00449176133
-0.0350258909
-0.0694129467
-0.0344218165
-0.0546815321
-0.00553111732
0.0214044154
0.0189126693
0.0497035384
-0.066013597
0.0132148173
0.00586831756
0.0229770988
0.0409781076
0.0427709967
-0.0160832256
0.0104864622
0.0174753573
-0.00901370496
0.0404583439
-0.00118700811
0.038071204
0.0206001401
0.0455415621
-0.0637622029
-0.0130889229
-0.0360542871
-0.0452893525
-0.0548556261
0.0419778638
-0.0630082339
0.0233719423
-0.053448353
0.0451056398
-0.0194769744
-0.0586524457
-0.000282854569
0.0267281272
0.00319223525
-0.0340899453
0.0117802965
-0.00523813162
-0.0196569487
0.0224672407
-0.0357251279
0.0109023182
0.0562281683
-0.0122280158
0.0402726866
-0.0302404109
-0.0370265469
-0.0706407726
-0.0146088805
-0.00365358591
-0.0103960112
-0.0126315467
0.00664811209
-0.0655935034
-0.0227442682
0.0223654788
0.0427658334
-0.00313110091
0.0211904719
-0.0688507929
0.0411699899
-0.000224500895
-0.0574932247
0.0219124258
-0.00939217769
-0.0284144972
-0.0310068503
0.0434533656
0.0104409223
0.0322099701
-0.0537389778
-0.028616786
-0.0256793257
-0.0303560272
-0.0703464374
-0.0525689498
-0.0623235591
0.0385303311
-0.0500448309
-0.0383605734
-0.0578242131
-0.0475654155
-0.0746383145
0.037658561
-0.0415397175
0.0444562137
-0.0442236252
-0.0695653707
-0.0528512336
0.0389478728
-0.00649910513
-0.105862588
-0.0038754046
-0.037622001
-0.00344648794
-0.1124947
-0.0569794998
-0.00425736792
0.00967651419
-0.0216899011
-0.0647115037
0.0105584934
-0.0895996913
0.0653392002
-0.0272614732
-0.0577091947
-0.033181753
0.0119020222
-0.01949903
-0.052967649
0.0103102485
0.00837058015
0.00181355223
-0.0113612367
-0.0115510663
0.0250450727
0.00801673252
-0.0541061647
-0.0303218868
0.0353023522
-0.033778064
-0.0479104444
0.0756535977
-0.00879413076
0.00635948218
-0.0333764441
0.0212437138
0.0196477417
0.0128358612
0.0365740694
0.0402611978
0.0308971293
0.0173530057
0.063945055
-0.0362861939
-0.0698239505
-0.0134838959
0.0144929672
-0.0251814798
-0.00165683276
-0.0966170058
-0.016370194
-0.0552213229
-0.000328903261
-0.0274405461
-0.0753126368
-0.0517712943
-0.112170748
-0.0392990187
0.0264346879
-0.0860905275
-0.0303745437
-0.0028839556
-0.0362691358
0.0176634844
-0.0390871316
0.0480473787
0.00110020093
0.0127147054
-0.0102188429
0.0240072869
-0.0479735769
-0.0120630888
-0.0571573004
0.0206105858
-0.0189063195
-0.0795530677
-0.0773838162
-0.023046203
-0.0759985298
-0.0289764088
0.00782108586
-0.031591069
0.00407724036
0.0197174605
-0.0562066287
0.00202761218
0.0298586637
0.0114122918
-0.0405342802
-0.0372437015
0.0050953445
-0.0231465511
-0.0397733934
-0.0722147971
-0.0671710297
-0.0275366511
-0.0477343537
-0.0937202647
-0.0144400541
-0.0585402027
-0.00667875074
-0.00275711971
0.0222006571
0.0137599045
-0.0478683226
0.0228079744
-0.0703081489
-0.100339368
-0.0189137254
0.0141853783
0.0568798259
-0.0650470927
-0.0131176915
0.0362784117
0.0597705245
0.0109440358
-3.69143345e-05
-0.013472151
-0.0511197113
-0.0453005545
0.0285952389
0.0230382923
-0.0794362649
0.0196069125
-0.0347476788
-0.0409738161
-0.0741103068
-0.0577481166
-0.0677901208
0.00724422652
0.017143257
0.00533634285
0.0775535554
0.0455582105
0.00124973443
-0.080449596
-0.0146022961
-0.0562671721
-0.002858683
-0.0228723325
-0.0181169398
-0.0169922356
0.00177948526
-0.0868388265
-0.0135391308
-0.040254727
-0.0983590409
-0.0749404579
-0.0315488465
-0.000604537432
-0.0664198324
-0.0650616735
-0.0596267693
-0.0171634462
-0.0235259105
-0.076310657
0.0314832926
-0.0450457707
-0.0700640753
0.0354514979
-0.046167329
-0.00455437042
-0.0746301785
-0.00528176455
0.0345168598
-0.0894507989
-0.0143783418
0.030881159
0.0586131923
-0.0575280041
0.043366421
0.0341845639
0.00142663007
0.00720221875
0.00750972563
-0.0638020635
0.000968121982
-0.0417312905
-0.0565786175
0.0318850912
-0.0835934877
0.00877929199
0.0138899265
0.0267584585
0.0216776207
-0.0773620233
0.0137743838
0.0231291149
-0.0600114763
-0.0051607592
-0.0713319778
-0.00283416081
-0.0478508398
-0.00948331133
-0.0567795858
0.0637746602
-0.0323072299
-0.0173574854
0.0351162255
0.0581330471
-0.00611159811
0.00302949082
-0.0634379461
0.00908839423
-0.055284109
-0.0415732265
-0.0187180098
0.0142309172
-0.0520149246
0.0243404172
-0.0404021293
-0.0100535769
-0.00708512636
-0.038700182
0.0488637388
0.0172661934
0.0124318721
-0.0105286967
0.027738573
-0.0656411275
-0.0367736593
0.0482471399
0.0169675332
0.0315482654
0.0310706366
-0.0175717212
-0.0154445693
-0.0206399001
-0.0726782531
-0.00247849431
0.0486163795
-0.0765956938
-0.0645857528
-0.0629319996
-0.0531463102
-0.0129077965
-0.0835312307
-0.0306487996
-0.0237066373
0.0379533209
-0.0024593682
0.0616308413
0.00483968062
0.0281660575
-0.0204917081
-0.0722740367
-0.036081437
0.0351997353
-0.0371415764
-0.0833982602
-0.061254669
-0.0332801417
-0.0726022497
0.0121160671
-0.0116027072
0.0300494414
-0.000278285675
-0.0522891246
0.0308721866
0.0415905789
-0.0740099996
-0.0525176674
0.0406013876
-0.0487406738
-0.0395396315
0.0363846943
0.0251634084
-0.027174823
0.0149886403
-0.0492749959
-0.0223762803
-0.0315564498
-0.0610295348
0.0343829505
-0.021600822
0.0272244159
0.0591658056
0.0255465433
-0.00322486833
0.042987477
0.0100316694
-0.0233997796
0.0413648598
0.000878271996
0.0132152792
0.0241073836
-0.0401038453
-0.0558744185
-0.00393181108
0.0211694948
-0.0317698643
0.036067307
-0.0337522775
0.0296942219
0.0281149335
-0.0544866696
0.0480694808
-0.0394245014
0.00925238337
-0.0671996698
-0.0517441556
0.0332022868
0.023032859
0.0416750871
-0.0711489618
0.0179681703
-0.0429922864
0.0411138199
-0.0414469652
-0.0665226802
-0.0184347481
-0.0474491119
-0.0412596948
-0.0166154075
-0.0561347902
-0.0482499152
0.0456921346
-0.0348023362
-0.00811970234
-0.0550049394
-0.0633359179
0.0258972384
0.0111106057
-0.0500948131
-0.0440962762
0.0338575803
-0.00322714611
0.0387696661
-0.0172241516
0.00205686898
0.0212963168
0.00710889278
-0.0597998537
-0.0695386901
-0.0703478903
0.00168956316
-0.0147725325
-0.0450797677
0.0241476241
0.0221544784
-0.0442116298
-0.0641717538
-0.0424204245
-0.0582502
-0.0496001095
-0.0130774118
0.0175755061
-0.0542460158
-0.0382636115
0.0160358585
-0.0546007603
0.0389846303
0.0311201457
-0.00730391406
0.0445040613
-0.0465216525
-0.0341593586
-0.0111090941
0.0283942893
-0.0301292203
-0.00978783146
-0.00640778057
-0.0578994602
-0.0066225878
-0.0590174124
-0.0437709466
0.0133520812
-0.0321303494
-0.0157822482
-0.0625323728
0.0265010055
-0.0391845778
-0.014288283
-0.019062886
0.0524065495
-0.0034814442
-0.0654737428
-0.0472010411
0.0171027947
0.0388648957
-0.0250224862
0.0355692506
0.0433663726
-0.024176212
0.0301562212
-0.0301560722
-0.0674314201
0.0091825556
-0.0385342948
-0.025479205
0.0403819419
-0.0457643755
-0.0329016484
0.00152294047
-0.0479321145
-0.0673441961
0.029895898
0.0174262282
-0.00806688145
-0.0306961183
-0.0254513491
-0.0244874563
-0.0598256029
0.0532313846
-0.0205294173
-0.0505335368
-0.0584525838
0.0315521322
-0.0708964393
0.0316320881
-0.0467205793
-0.0370514095
0.0190655962
-0.0386017822
0.0276530925
-0.0624027364
0.00396025321
0.00293842703
-0.0559306815
-0.0551757477
0.0206427332
0.0433873609
0.0154807465
-0.0664932057
0.0419691727
-0.00259786844
0.0471672341
-0.00663263677
0.0325145163
0.0287840366
-0.0522602201
-0.0521833897
-0.0688071549
-0.00683521712
-0.0127487397
-0.0307265278
-3.29762552e-05
-0.0584834814
-0.0557305031
0.0531279296
-0.0210440718
0.0229438059
0.0192776229
-0.0322642811
-0.0298690684
-0.0695336461
-0.0286815986
0.0505113378
-0.0561274812
0.0274586845
-0.0207468681
-0.0259716362
0.0435295627
0.0143789174
0.00063791062
0.0353968032
-0.0427231491
0.0428800508
0.000717375835
-0.0592879169
0.00700379908
0.0405713618
0.0432747304
-0.0023983717
-0.0508871377
0.0240117274
0.00424657576
0.0605050847
0.0104157403
0.00361569854
-0.0598580129
0.00650577527
-0.000167153776
0.0432828404
-0.00154676451
0.0176989585
0.0310914535
0.0116274832
-0.0286215637
0.0224665068
-0.057894595
-0.0359063111
-0.000543236732
-0.0197469648
0.0400572419
0.015401247
0.040406201
-0.0313235819
-0.00350554264
-0.0762884617
-0.0216391087
0.0376755632
-0.0107146958
0.00313615333
-0.044336915
-0.0387728363
-0.0594488196
-0.0344829299
0.0426239893
-0.0574132502
0.0102317445
0.0156971104
-0.00982118957
-0.0019698604
-0.0296827387
0.0120622506
0.00302388682
-0.0294872373
-0.0573667847
-0.000582293025
-0.0483708978
-0.00571264373
-0.00615594909
-0.0637289509
-0.00948285032
-0.0131601412
-0.0337137431
0.00588252116
-0.128354698
-0.0725598633
-0.0921872482
0.00105729734
0.144425839
-0.146704942
0.00264318497
0.0867370665
0.0395676531
-0.0391582772
0.0484394841
0.00869404525
0.000265485753
0.0242487174
0.0841317177
0.0713811666
-0.00989476498
0.0347387716
0.0361870155
0.0640227869
0.0534606166
0.0654229075
0.0598098673
0.0348239504
0.0488564968
0.143214986
0.131294146
0.0772080943
0.0202865563
0.163421631
0.101063021
-0.00539232092
0.0692386702
0.161386922
0.009241472
0.0521500222
-0.0146857072
0.0142591335
-0.0384673998
-0.000782900664
-0.0285996571
-0.0345973112
-0.00370762404
0.10563755
0.0564720668
-0.0201028883
0.0793618187
0.0723307431
-0.138557926
-0.0670520663
0.0350184776
0.0938905478
0.0468554534
-0.108896635
0.00446858257
0.0452632383
0.142623127
0.00922377687
-0.0111111477
-0.0525327176
0.0338436179
0.0413019657
0.0401163884
-0.0212472025
-0.0240959637
-0.104571097
0.0338143632
0.0243319627
-0.0223457273
-0.108372368
-0.0783532187
-0.00562402559
0.00208152039
-0.0106102237
-0.0605419204
0.0273010805
0.0176281501
-0.0568836816
-0.0297965314
-0.0400338024
-0.0677051097
-0.0419082902
-0.0236003678
-0.0295683201
-0.00458027143
0.0382414497
0.0463827625
-0.0054551987
0.0464871302
0.00923777558
0.0161366034
-0.0227487776
0.0706431866
-0.0825127959
0.0103437323
0.0375188999
-0.201932743
-0.00911768712
-0.00019666458
0.00904048979
0.00195477577
-0.133859977
-0.00678115431
0.0836471021
0.0730318651
0.000559104898
0.0387498774
-0.0110537568
-0.0721554533
-0.0689633191
-0.0219989475
0.0657605603
0.0246694237
-0.043618124
0.0184838083
0.0414095186
0.0135337925
-0.0505180247
-0.0855654255
-0.0626571625
0.0329388008
0.0991461128
-0.118696131
0.0193540994
0.171390563
0.0642417744
0.0692080855
0.00745846424
-0.00247705798
-0.0639374629
0.026348481
0.0628554299
-0.103749745
-0.169592187
0.100925647
0.0629680604
0.081416972
0.0578923896
-0.028364921
-0.00727816485
-0.0457987078
-0.0874197185
0.0580366924
-0.0314380676
-0.0406790413
-0.0896177068
-0.0824734941
-0.00763471099
0.0410705134
-0.109925099
-0.125638828
-0.0926501378
0.0593549423
-0.0674402267
-0.0936313048
0.0591608025
0.273635507
0.0328164138
0.133344918
-0.00377726369
0.0660908446
-0.0655258372
0.13470903
-0.0562631786
0.0228354614
0.0198373348
0.138000011
0.221753329
-0.0189424418
0.018319007
-0.0272070542
0.102359504
0.0198948905
-0.0561226495
0.0108147487
0.00474404125
-0.036631275
-0.0114365052
-0.0388467088
0.0663355812
-0.0337299965
0.0534113906
-0.0247662831
-0.113708511
0.0381725915
-0.163597375
0.162974313
0.014362202
-0.0140267722
-0.143952012
-0.00898084976
0.0583640039
-0.00292646722
-0.157801911
0.0508637317
-0.0138253216
0.0315799676
0.0144947581
0.151794791
0.0691706613
-0.00187155989
0.19418636
0.0653654411
-0.0129640242
-0.155201942
-0.0146629205
0.114939056
0.00641599251
0.0210805554
0.057881318
-0.00429026224
-0.00992815569
-0.0023223171
-0.0922039822
-0.0405508727
-0.0383094549
-0.025687702
-0.0125865387
-0.0578356646
-0.0443016179
0.0493294075
0.0562212504
0.113480791
0.0244737621
-0.0854314193
0.099929966
0.0330884494
-0.0174564924
-0.0787415728
-0.0658259988
-0.0269139074
-0.00614572177
-0.0445876531
0.0692306235
0.0241384171
0.09502583
0.0576246157
-0.0159149077
0.0590848401
0.0697840676
0.0704557896
0.062388964
0.0574797206
-0.0090493625
0.0727512389
0.00736080017
0.00579868024
-0.0661158785
-0.0427567177
-0.0279869139
0.0118255308
-0.0272155739
-0.00731571903
0.0162837449
0.0305154249
-0.0546114631
-0.00267159496
-0.0374064073
0.0535604693
-0.0402077436
-0.0620660484
0.0529754497
0.0515546761
-0.00523234624
-0.019457601
-0.0650267601
-0.0615105405
0.0349451043
0.0181891397
-0.0319613665
0.0137574906
-0.0202675741
-0.000863234454
0.00512521574
-0.0586156584
0.00471532578
-0.0044195829
-0.0651779249
0.00223434041
0.0208933
0.0483392403
-0.0633903146
0.0253836848
-0.0734785348
0.0207203049
-0.0573813096
0.0446442366
0.0206452701
0.0237969458
0.00371171278
-0.0144926636
-0.00986795221
-0.0636735782
0.0275347624
-0.0759259015
-0.0581282414
-0.0450460874
-0.0312348343
0.0149982823
-0.0618602335
-0.0311795156
-0.03429671
-0.0219736584
0.0204724073
-0.0455586948
-0.0118223727
0.0471761003
-0.0614559092
-0.0397056639
0.0467280671
-0.0388351604
0.0179098696
-0.0121718738
0.0211062673
-0.00801841076
-0.00380312745
-0.0484816059
0.00300794421
-0.0214250404
-0.0687291548
-0.0683677644
-0.018216012
-0.0760186464
-0.0534704924
0.025458036
-0.0597203188
0.000976023031
0.0219083708
-0.0632546693
0.0222773775
0.0185618475
-0.0331770778
-0.0345709249
0.0455141813
-0.0744212195
-0.0644015968
-0.000762242358
-0.00416501705
0.0322731063
-0.0263498686
-0.0310076028
0.0314434431
0.0510943942
0.0430261418
0.0351667367
-0.0635553151
-0.0220285952
-0.0668304786
-0.0418742001
-0.0707040131
0.00833654962
0.00306988973
-0.00216558832
-0.000269451586
0.00371436472
0.0275350697
-0.0665574893
0.0118014179
-0.0748859718
-0.0108792242
-0.03714725
-0.0638382733
-0.0289982092
0.0452550501
-0.0412839726
0.0185440816
-0.0546788722
0.0481789745
-0.0458754227
0.0381348468
-0.0634741709
0.038943667
-0.0437507555
-0.0480577871
0.0242543258
-0.0297259446
-0.0264333822
-0.0197923295
-0.0554516278
0.0411035903
0.0537384972
-0.0643929765
-0.00384670636
-0.0389100388
0.0283290204
-0.0179455709
-0.0144889131
0.0448852926
-0.0622491241
-0.0468453206
0.00407976238
0.0434966646
-0.00569462497
-0.0197371691
0.0425793193
-0.0495501794
0.0371689424
0.040841829
-0.0766790509
-0.00510090776
-0.0301581733
-0.0436686203
-0.023087142
0.0182770323
-0.0354644135
0.0313780978
-0.0641471446
-0.0308024399
0.0232971553
0.0130315172
-0.0232727621
-0.0232068151
-0.0321010724
0.0197164156
-0.0661164448
-0.00176134345
0.0419865698
-0.0131366886
-0.0511682294
-0.0337400958
-0.0269478261
0.0357953385
0.00957917422
0.0349530205
-0.00503512612
0.0280713793
0.0355080701
-0.00445820997
0.00720655313
-0.0561154559
0.0202922951
0.0520789586
-0.0466253348
-0.0663709715
-0.0113814315
0.021218406
-0.0278543551
-0.00497933989
-0.0530357845
0.00263335183
-0.0277351234
0.00119895756
-0.0730644763
-0.0616626106
-0.0154969571
0.011976542
-0.0405457839
-0.0722966269
-0.00969599001
-0.0247190092
-0.0705649182
0.045926448
0.00784297753
-0.0450046249
-0.0425494649
-0.0302904975
-0.000131859488
0.00722471764
-0.0658808947
0.0388425402
-0.0317677371
0.0438161418
-0.00423690863
-0.044390779
-0.0148702562
-0.0913769379
-0.0358716883
-0.0402238704
0.0347666703
0.0092339702
-0.0333358757
0.0251264758
-0.0429940037
-0.00377037469
0.0438588522
-0.0427149944
-0.0454809256
0.0304671098
-0.0121256951
0.0127526242
-0.0635196194
-0.0324566141
-0.0577589422
-0.0178703722
-0.0110852942
-0.0384127982
-0.0479505137
0.00342346379
0.0241949875
-0.0211462379
-0.0521615371
0.05118604
-0.0712621436
-0.0708585083
-0.0487715416
-0.0475066565
-0.0421986058
-0.0383946039
-0.0748719126
-0.000154061388
0.0240531452
0.0439822897
0.0325560495
-0.0102449385
-0.0141774844
0.0661712214
0.0952300727
-0.0051024328
0.0784724504
0.0574242957
0.0835489705
-0.139039636
0.0838102624
-0.0268025994
0.05102171
-0.0874746665
-0.206449002
-0.0321099311
-0.0711730272
0.0511041135
-0.00464539602
-0.0373034142
0.0606497787
0.0115965521
0.0828157067
-0.0281213429
-0.0735326335
-0.00769006135
0.106914006
0.0447743014
-0.0616995767
0.0123376707
-0.112797119
-0.0540230833
0.0472904183
-0.0682939366
-0.0781206638
-0.0666495264
-0.0674004853
0.0887964964
0.130106121
-0.1052045
0.0243176445
0.0423753262
0.224500149
0.018954929
0.0242683552
-0.0570052676
0.00679526944
-0.117531411
-0.149156898
-0.0787704736
-0.107925557
0.0260404237
0.0285835564
-0.106181279
-0.0243837778
-0.0666621625
-0.0710568279
-0.117146857
-0.0162170194
0.00511211902
0.134881154
-0.0427369885
-0.0997799113
-0.0313060023
0.026081901
0.0248409845
-0.0944880545
-0.0102485269
-0.0206052735
0.0535309799
0.0839325041
-0.0775682554
-0.0179040488
0.00226379978
-0.0502315201
0.0177224278
-0.025194943
-0.00553250453
-0.0328442901
-0.0768420547
0.0699545145
0.0125694247
0.00839794986
-0.0423077531
0.0407846235
0.0377628729
-0.0508407243
-0.0156467203
-0.0990309641
0.0367162488
0.0426873267
-0.0600865372
-0.0689300597
0.00447311765
0.0469214842
0.03395411
0.0801430866
0.00493610883
-0.00288462429
-0.0458563603
0.0242939051
-0.0386559367
-0.0196070839
-0.0787330717
-0.0404493995
-0.0249300729
0.0841781497
-0.0238712262
0.030441517
-0.0413632467
-0.100338601
0.0518151857
0.0373328328
0.0156782344
-0.301278919
0.0372593552
-0.0222233478
0.0171337444
0.151131839
0.0900408253
0.0974704474
-0.0218003076
0.0335154943
0.0320941545
0.0251689963
-0.0410012826
-0.0708080828
0.0598678514
0.035941869
-0.0401254259
-0.106141046
0.0658376738
0.00209770957
-0.00773389265
-0.0318476632
0.143780738
-0.0223698355
-0.0247944426
0.00493384246
0.177846059
0.00483971974
-0.0633340254
0.0935011208
-0.00354187679
-0.0480318479
0.0171650201
-0.0237681195
-0.0697837099
0.106580935
0.033583574
-0.0794813409
0.0511659719
-0.0399550684
-0.00829038024
-0.0362722762
-0.117599554
0.0304184053
0.0251897909
-0.0455210917
0.00162539957
0.035364721
-0.00396461086
-0.0354988463
0.094935067
-0.014140591
-0.0114584258
-0.139934346
0.0162872504
-0.098892346
-0.0967759117
-0.0459311046
0.156607449
-0.0758726522
-0.0716341734
-0.00994978007
0.0634359494
0.0295878276
0.0070619504
-0.0154986959
-0.0180184897
0.00989507511
0.0463092998
0.0866564363
-0.13891384
-0.00903536472
0.0660745129
0.0792222619
0.00490382081
0.0157420356
0.0790603161
-0.00702291122
0.042558156
0.0386304632
-0.0139157586
-0.080761306
-0.199266165
-0.00443667965
-0.12046586
-0.0788209811
-0.111525021
-0.0345532149
0.0797515959
-0.0223765653
0.0206943788
0.00927947368
0.044509504
0.105228938
-0.100967482
-0.0145206684
0.11102125
0.0448198356
0.0029108983
0.057958845
-0.0187253319
0.0295064375
-0.0425245911
0.158028096
-0.0147719309
-0.108200401
-0.0479354113
0.0337582789
0.093708314
-0.0233783759
-0.169286445
-0.00463639619
0.140000924
0.0624264926
0.0102145215
-0.0443872251
-0.0362725556
0.0300927982
-0.027717853
-0.120437913
-0.00138500228
0.122160792
-0.0249065366
0.0450679548
0.00854448136
0.026836846
-0.00870962068
0.00464322139
-0.0203771684
0.0265560318
-0.0212015901
-0.0292240288
-0.0328287818
0.140330017
-0.0149927689
-0.0297293887
-0.0438804924
0.0622555651
-0.115346067
-0.0494450629
-0.0373749062
-0.0313954204
0.0755903795
0.0448712558
-0.0336166546
-0.144151986
0.128756836
-0.0269094035
-0.124151029
-0.0441566147
0.171150863
0.0923720822
-0.0558505319
0.0962780789
0.10774903
-0.0685204417
0.177651688
0.105607383
-0.020234067
0.154086664
0.155258253
0.000354588701
0.0241266098
0.0797027349
0.0866224915
0.0249351803
-0.0291113034
0.00513170753
0.0927589759
0.132481605
-0.0239230301
-0.0493019484
-0.0378905721
0.0431239158
-0.0235352907
0.0248260833
-0.0269187372
-0.173456058
-0.0332979336
-0.0375848301
0.0386968665
0.175540462
-0.0317310244
-0.0525806136
0.00843993854
0.034721341
0.0161165372
-0.0311055593
-0.00441454258
-0.0434589311
0.0512395464
0.0126056597
-0.0114482976
-0.0745183006
0.0784874409
0.0363711454
0.0435948409
-0.259713948
0.079404816
0.141232222
0.00899637863
-0.0506922007
0.0909042731
-0.04101412
0.071424
0.0209794268
-0.0385187156
-0.00465844804
0.103219137
0.104411632
0.00183784426
-0.0137493564
-0.0638050213
-0.0642180443
0.094566837
-0.0500660054
-0.0193566568
0.0533250086
0.0411644466
-0.0127940532
0.0372285433
0.0585107021
0.031113524
-0.0141031248
-0.0383213647
-0.0542768613
-0.0206462462
-0.00710533792
0.0895584151
0.0081781745
-0.065591678
-0.0411784127
-0.0272265542
-0.116489626
0.0133107034
-0.0295133386
0.019201491
0.049729798
-0.0167785846
-0.0652953684
0.0975269452
0.0275094248
0.031183796
-0.0284322463
0.0189732295
-0.0122641204
0.0238324199
-0.0563159324
-0.125062004
-0.195773572
-0.0558545776
-0.00435775612
0.0994393229
0.171506345
-0.0597218983
0.0098203551
-0.0116428286
0.0350845233
-0.0492252372
0.00996859837
0.0654638633
-0.0379082412
-0.0315698721
-0.03051956
0.0116474433
0.0563326254
0.00600912655
0.00427562138
0.0248465519
-0.0214118939
-0.0161737353
0.00638643838
-0.0469361469
-0.113200232
-0.0116280233
0.0221678112
-0.0169233568
-0.0779718161
0.0337111875
0.0670974776
-0.050086312
-0.0164014082
-0.0311941989
0.0248821564
0.0913465992
-0.0291526988
-0.00940913334
0.0339256823
-0.0321965627
0.164196745
0.00767194014
0.0127266105
-0.000883953006
0.0241041686
0.0885890797
0.0644475669
0.00429468462
0.0338915698
0.048016306
-0.0645387545
0.0226406008
0.0281723924
-0.110339843
-0.1753712
-0.0954969376
0.0184594039
0.0597871095
0.176698193
0.0487433784
0.130036011
-0.00225105905
-0.057171829
-0.0734279305
-0.102546908
-0.0191079788
0.0705637783
0.104081452
-0.0264902469
0.0607935898
-0.0846040547
0.0644919127
0.11226584
0.031650316
0.0706589371
-0.00925332028
0.0367612839
0.0506257154
0.0663157776
0.080825001
0.0106798271
-0.0458213091
-0.00582601829
0.00368044851
0.016991647
-0.0263822079
-0.00110090943
-0.143822551
-0.0263586268
0.144272134
0.115811259
-0.0842222646
-0.148303553
0.209926516
0.0359932818
0.0558866039
-0.0295360181
0.0281049255
0.0746877342
-0.01571781
0.0675360709
0.012231987
0.0223763362
0.0341984928
-0.039229203
0.0809595585
-0.199275509
-0.034708675
0.0500123352
0.0391452573
0.00912733283
-0.0126811499
0.0346541442
0.119943775
-0.0677351803
-0.0701539218
-0.00498416321
-0.0139059667
-0.090837203
-0.0270621292
-0.0951163694
0.00467002904
-0.10333731
0.00718507962
-0.0509286188
-0.0687560663
-0.0034598296
-0.0752653703
-0.168382242
0.0327370502
-0.0350510292
0.039705608
0.0255343076
-0.0692355111
0.040698994
-0.0130346585
-0.098881416
0.0419077314
-0.00145525415
0.0828433111
0.000255575811
0.0173262209
0.0219291076
0.12766175
-0.0176709723
0.0164615437
0.079826802
0.0431539863
-0.089952372
-0.0471311957
-0.0631282479
-0.0672600046
-0.0497718342
0.0529517047
-0.00599615555
0.0816281661
0.0415190198
-0.0772808567
0.0246722624
0.0631596372
0.0465182327
-0.0786148831
0.0736403838
0.0107065747
0.00789930206
-0.0314517245
0.133597523
0.175635934
0.019097887
-0.0845798478
-0.0245649647
-0.0333617963
-0.0518789887
0.0384269767
-0.0563775599
-0.0101766251
-0.0686443523
0.0431794487
0.0636509359
0.0764365196
-0.0397236459
0.00814645737
-0.0393199958
0.02488124
-0.101638272
0.0749214739
0.00236935145
0.0262988117
-0.0762142539
0.162231386
0.07544633
0.109239064
-0.140707284
0.0660425648
0.122419946
-0.0142055927
0.0452645048
-0.0928840935
-0.0619305335
-0.0752270147
0.0727927312
0.0428426526
0.0288612619
0.0532216728
0.121530585
-0.10740599
0.0385983698
-0.0199282169
0.042514462
-0.0444147326
-0.103439175
0.0630168319
0.100574329
0.0731993392
0.0153566515
0.144536987
0.116162993
0.0116539942
-0.0170594547
0.00195943215
0.037071012
-0.0599029064
-0.00606223755
0.090329729
0.0651303008
-0.083089985
-0.0372535847
0.0381455868
-0.0214502737
0.0342985652
-0.0117529891
-0.039064154
-0.00653587375
0.0413850471
0.0344658494
-0.0928086638
-0.0746856704
-0.00956534129
-0.00604182528
0.00470658299
0.0598922707
-0.0124413669
0.00695388624
0.0172023997
-0.040489953
0.0435888954
0.000416804076
-0.0293970481
-0.0206297711
-0.0191746112
0.0400049612
-0.000968425011
0.0788575187
-0.0568728298
-0.0643864498
0.126821622
0.0569083095
-0.0218886826
0.0429714471
0.00378657156
0.0127886496
0.0327642448
0.0337398164
0.0472429991
-0.149457961
0.0489169098
0.0668996796
0.0452327318
-0.0369429849
0.12410596
0.0460361764
-0.0241723061
-0.0315260924
-0.00287955534
-0.0499998517
-0.024776144
-0.0173828732
0.0109584415
-0.0896731392
-0.0888483673
0.0312181246
0.00751789333
0.00989274308
0.072382994
0.0876409337
0.0157137047
0.0504042916
-0.016067002
0.0385958664
-0.133611396
0.0893936828
-0.079548344
-0.0830841213
0.0415172204
0.24827598
-0.0607142188
-0.0759114251
-0.0432557091
0.0458842963
0.0772409588
0.106807619
-0.11457932
-0.0834855437
0.0578342192
0.0546443053
0.0115481345
-0.0222630817
-0.011698015
0.0939956978
-0.0395070501
-0.0144767016
0.0500515401
0.0440107696
-0.00874723867
-0.101106502
0.0105038919
0.0696680918
-0.110347658
-0.0675419196
-0.0189997498
-0.0231453609
0.0350187235
0.0822791234
0.0367378667
0.0190566573
0.039700795
0.0307605341
0.0299486276
-0.19616282
-0.0293421838
-0.00584456371
0.0256793201
0.00966323633
0.0420954414
0.0716455281
0.01465037
0.000550959143
0.090366587
0.0190108251
-0.0254455227
-0.00833544228
-0.0167343002
-0.0413698666
0.0187079199
0.0807228312
0.0101451539
-0.0157126728
0.0267421175
0.0492839441
-0.106800489
-0.0159450751
-0.0733333305
0.0733347684
0.0706742853
-0.0195190609
0.0665933564
0.0488113873
0.0677162558
0.152583882
0.0687356591
0.0446680225
0.103309847
0.116738424
0.138729274
-0.0295314267
-0.0205099229
-0.0325941779
-0.0193278976
-0.0301730931
0.0162257515
-0.0765408352
-0.00955777802
0.0454896204
-0.0543511957
-0.072999455
-0.000270709133
0.0193865132
0.0465847105
0.0515939556
-0.0147196865
0.00154036062
0.0760622695
0.0343121141
-0.0247879121
0.0932886973
0.0399001651
0.0120863123
-0.0636338219
-0.0241888687
0.0684679523
-0.0127337342
0.0197933652
0.00110335695
0.0161415022
0.0386382267
-0.015078336
0.0206606127
0.0627787784
0.066910632
-0.0117602963
0.0712376833
0.0435739383
0.0537458509
0.0196168125
0.122791223
0.0747111589
0.0491565242
-0.04661889
0.133340091
-0.0288868994
-0.0669658631
-0.0209308825
0.0142906783
-0.0918515921
-0.0117683494
0.0122584077
-0.0487859882
-0.0156373363
-0.00567258894
-0.017158784
0.0222111996
0.0942464247
-0.170807943
-0.162810013
-0.135416552
0.0708918869
-0.0110518588
-0.0242979955
0.0270994231
0.166887164
0.0914489552
-0.0619899333
-0.0596853308
0.124980167
0.0287573002
-0.0588383041
-0.0170027763
0.0134173408
0.0386519171
-0.0658433363
0.122152053
0.118475795
0.00392709021
-0.0574315377
-0.086493291
0.0912874341
-0.0160547756
-0.0661218315
0.0705007464
-0.101238877
-0.102600239
-0.039062582
0.057538636
0.0397765338
0.0257500876
0.0242637843
0.0866869837
-0.0256321188
-0.0295642074
-0.0975759998
-0.116899736
-0.0776857883
0.0616518222
-0.0194406714
0.0136732897
0.0202865321
-0.0256250855
-0.0258683916
-0.0448658057
0.125210777
-0.0813340172
-0.157090813
-0.0530857109
-0.0707701668
0.00610044086
0.0322429463
-0.052261889
-0.0500784032
0.0167110153
0.0458490998
-0.0393864438
0.0860795677
0.022270048
-0.026167294
0.0459267348
0.0903949887
0.0105914222
-0.0533388779
-0.0486410409
0.0398871563
-0.0275874361
0.05586119
-0.122548379
-0.01096127
-0.0233745109
-0.0136992997
-0.0195627324
0.131586909
0.0646969303
0.0482670404
0.0242155325
0.074754186
0.0335951895
0.0308171343
0.0512933433
-0.0859946087
0.013538409
-0.0165392589
-0.0743659437
-0.0134669906
-0.00290820398
-0.0472698361
0.0911386386
0.104703099
0.0371558033
0.0621323586
0.100284576
0.0403579995
-0.0431317203
-0.0899511054
0.0793956965
0.0118791116
0.0275386721
0.0810974315
0.103772342
0.0307193547
-0.0081885634
0.00909585133
0.0888244137
-0.00902379118
-0.0538996458
-0.0374390185
-0.0395015702
0.0537290759
0.023069581
0.0944818333
0.000939819554
-0.122117631
0.0506237336
0.0312505551
-0.0782784149
-0.0935829505
-0.0236799587
0.0423641279
0.0330315083
0.0655141696
9.44825661e-05
0.0706686229
-0.00747187203
0.135313645
-0.134305507
-0.0358998366
-0.000270775083
-0.0173383933
-0.0194412526
0.0211191345
0.0207209457
-0.0372603536
-0.0314219892
-0.0958825499
0.00994971953
0.0312905088
0.00163241848
-0.0278361645
0.044650171
0.128024355
0.11274109
-0.0375556238
0.00753981667
0.101326898
0.087526314
0.0035108889
-0.206442654
-0.00339789968
0.0159261972
-0.00282258261
-0.0510246716
0.104892194
0.051328335
0.018018866
-0.00992278941
-0.0274054203
-0.0641568378
0.0367803425
0.00453452626
0.00261870632
0.00312443473
0.00506329164
-0.0430332832
0.0286223497
-0.00775420619
0.0279451869
0.0300869849
0.0229471065
-0.0175273605
-0.0183784589
0.013236735
0.0426795259
0.0421421565
0.0183294285
0.0138379401
-0.0902964175
-0.0589559674
-0.0171166956
-0.00965271331
-0.0330833867
0.0236423612
0.0210447609
-0.0539542176
0.0389479063
-0.0237473361
-0.0474620014
-0.0748804286
0.0343041904
-0.10142497
-0.0725720301
-0.0367445946
-0.0785010532
0.0752148405
0.123500817
0.0891558453
-0.0583035722
0.027017016
0.0280512329
0.0275157988
0.0252972618
0.0329881385
-0.0438354611
-0.0300124828
0.0591254346
0.0124208145
-0.0611158721
-0.106177188
0.0264274385
0.107234761
-0.0176915471
-0.111512654
-0.0530322231
-0.0459743552
-0.0701989979
-0.00637902739
0.094079271
0.054909274
-0.0146709243
0.0684150532
0.00367004401
0.127824217
-0.0134210028
-0.0193760134
0.0264688898
0.0270114299
0.0510662794
0.0260853693
-0.0358672924
0.00279854331
-0.00424852176
0.0511604771
0.0153556848
0.0199947543
0.0317622162
-0.0381029621
0.0502398796
0.0697873384
0.0316359028
-0.00523532508
-0.0390274897
0.0286103413
0.0210260283
-0.0595972836
-0.0858487114
-0.0146067003
-0.0846936479
-0.0558146052
-0.0476611778
-0.0534837395
-0.0146646118
-0.155191481
-0.0317027494
-0.148762137
-0.0249871183
0.155950561
-0.00186869863
-0.00486526033
-0.0704390332
-0.0882244632
-0.0152229303
0.0055328114
0.0176223367
0.141157269
0.12439163
0.0640378967
-0.0170319099
0.0505465157
-0.03080469
-0.111966297
0.0162316486
0.114608891
-0.0144211343
0.00573818665
0.0505420454
0.152949244
-0.0166398957
0.00589717692
-0.0118536912
-0.0139996409
0.0954018235
0.144699588
0.0317249969
0.0332552642
0.0221023634
-0.0287692528
0.0445413627
0.0118723279
0.0813096315
-0.0328016765
0.00276389555
-0.0105955098
0.0536668412
-0.0670443922
0.041008316
-0.123967655
-0.0564786009
0.0096244337
-0.0245546475
0.0245900247
0.0145826256
0.0629092157
-0.0220406018
-0.034152396
0.0555925369
0.0463485569
-0.0353513025
0.0354168899
0.0211814158
0.093583934
0.0374770202
-0.0463800021
0.0162486974
-0.0110250162
0.0515707061
0.0231037922
0.0808748156
0.0619483329
0.0537140369
0.093504712
0.103509374
0.110708654
0.0081847487
0.107045129
-0.0504520088
-0.0190954953
-0.00791820325
0.00240561366
0.0567158796
0.08567065
0.131136805
0.057849478
0.0641319081
0.0360926725
0.0747984126
0.0591160096
0.0249407161
-0.0118461186
-0.0199778005
-0.114257276
-0.0076844045
-0.0428618342
0.020914495
0.02727025
0.0145395845
-0.0308511853
-0.0704884827
-0.200634584
0.0606659241
-0.00887343846
0.0414512008
0.00291871885
-0.00104948587
0.0603753403
-0.0693207234
-0.0725248605
0.0174486637
0.0910211578
0.0815070421
-0.0580405369
-0.0194980856
0.010598273
0.141728416
0.118067175
0.130642965
0.0750290006
-0.0141320676
-0.0173166767
0.0705653876
0.133115351
0.0105417036
0.058680553
-0.0192674026
-0.104105189
-0.0349166542
0.0242234394
-0.0772181377
-0.101081356
-0.0528429374
-0.0246122014
-0.0706693605
-0.0622355938
0.00710154371
0.0374259874
0.0586518645
-0.0372182168
-0.0468982086
-0.0560320728
0.0343964212
0.0667780936
-0.00565665681
-0.0683100745
-0.00152862235
-0.0686015114
0.0577904359
0.0488842353
0.00777873816
-0.0117853163
0.0238956101
0.041170124
0.0382587686
-0.0105422502
-0.0724152401
-0.0336351767
-0.0346620195
-0.0366314873
0.0476576798
0.0925954655
0.0432844348
-0.116106853
-0.00107982755
0.0268519279
-0.0133856516
0.0708958805
-0.0321218148
-0.0451493151
-0.00982558168
-0.065690957
-0.0934740975
0.0338198766
0.0490177386
0.0704182833
0.0933065712
-0.0312229283
0.068284452
0.00631481921
-0.0215152502
-0.0330862887
0.0537065975
0.0219246075
0.0688060448
0.0845263451
0.145566821
-0.0557525456
0.00796322245
0.106113024
-0.0766870752
-0.0409573391
-0.0167669337
-0.0727887154
-0.0583224446
-0.0304785985
0.022714464
0.0882567614
-0.084266223
-0.0874839351
0.015355953
-0.0082786642
-0.142070726
-0.037642505
-0.0172136892
-0.0655664206
-0.0864462629
-0.0409078225
-0.0965523422
-0.0129584204
-0.0277640596
0.0156055018
0.0610262342
0.130081281
-0.0112567898
-0.0309590828
-0.00998708792
0.128112376
-0.0634039715
0.0915608481
0.0395364799
0.100635052
0.000905136461
-0.0338570289
0.0151772927
0.0113846613
0.061810568
0.0741429776
0.0781559944
-0.0928077325
0.0140967984
0.0698872209
0.0168536864
0.0611816719
0.0628626272
-0.0607356206
0.0676816031
-0.0393950045
0.0276654698
0.0697128624
0.101840727
0.00667130901
0.000388332352
-0.0107204365
0.0796312764
-0.0019708043
0.0508284308
0.0410080254
0.0234953687
0.00596722355
-0.0874454379
0.059430331
0.0221948233
0.0424396656
0.0105966823
0.0745993108
0.0219219476
-0.0293456167
-0.0432410426
0.0998231545
0.126486927
0.000633215415
0.0342418402
0.146872371
0.120099418
-0.220165417
-0.0211595036
-0.00343511393
0.0398490131
-0.0411824733
-0.0471785441
-0.0571943149
-0.051228404
-0.214681804
0.0315612853
0.0527646691
0.0295342412
-0.0584247895
0.121145017
0.110925063
0.0691929162
-0.0379264057
0.0119330455
0.0503808707
0.070208244
-0.0576945916
0.0169384927
-0.00171051349
0.0351281911
-0.0272156242
-0.0738136917
-0.023942396
-0.117894813
-0.00921182055
-0.018239649
-0.0117013222
0.0974914357
0.0400170684
-0.0312782414
0.0911991745
0.0659774244
0.054602012
-0.00357501139
0.0754602626
0.0468247943
0.0940334648
0.0716033652
0.0286175422
0.21397914
0.11348629
-0.0249370188
-0.0247540195
0.075188458
0.0173209198
-0.000186092948
0.0517720357
0.00622970937
-0.0676736757
0.00943755917
-0.0347156525
-0.0294900797
-0.0200077314
0.00875683036
0.00028347777
-0.0380679332
-0.0397760347
-0.0212709885
0.0651003569
-0.00344686466
-0.0802970603
-0.0143934581
-0.00468807761
0.0358954966
-0.0807218924
0.0155247366
0.00775868678
0.000246267067
-0.0908483863
-0.0367618501
0.00473435037
-0.131566957
-0.0424880311
0.098499082
0.0212017111
0.0211116988
-0.0699282214
-0.079187952
0.0827873945
0.0424707048
-0.0440612175
-0.080024831
0.0752164051
0.0668880492
-0.0976708308
-0.0497387424
0.0331566446
-0.0251490083
0.153358728
-0.0758862942
0.064999342
-0.0796960145
-0.195855141
-0.0408820435
0.00190112321
-0.00160861749
0.0513513759
0.0313684233
0.00235931226
-0.0918363184
-0.0266369656
-0.0188122895
-0.0284065437
-0.140051141
-0.0545736365
0.0481837392
-0.0637362003
0.0199002977
0.0651022792
0.0108984159
-0.0345483124
0.102247432
0.130586833
-0.0161963254
0.0165965781
0.00954221655
0.0248220228
-0.00597975729
0.12780346
0.0247222167
0.0155207263
0.0722662061
0.217705667
-0.0817283317
-0.0138896825
-0.0719810054
-0.0156945642
0.0447845086
0.0788840503
-0.13481082
-0.0121885715
-0.00149108237
0.0669210032
0.0577075891
0.0236519463
0.0222909097
-0.00690636225
-0.0539989956
-0.0615066588
0.0579456948
0.0230199117
0.0263415556
0.0961862206
0.0462197922
0.0392468758
0.033780057
-0.0374690965
-0.0882647708
-0.0156814028
0.0706935078
0.146868497
0.17884028
0.0802796856
-0.0772165805
0.0613854863
0.0864569247
-0.0735148415
-0.018312661
-0.042583473
0.0102469968
-0.02287497
0.0241515934
-0.139458254
-0.0725942552
-0.0931926742
0.0725674182
-0.00487020286
-0.0321498699
0.0413523391
0.0236757938
-0.0325910598
0.00891131256
0.0330875367
-0.22391507
-0.073123306
-0.0158663113
0.00593913253
-0.0457279719
0.0387455709
0.0216416102
0.114423886
-0.0163694564
0.0465506949
0.0160802491
-0.0531962067
0.184659243
0.0697754547
-0.0378339738
-0.0226910375
0.00936906412
0.0696051046
0.0462710485
0.0017234988
-0.0774045736
-0.023946574
0.0209831446
-0.0292143915
-0.0871907175
0.00337779918
0.0282393787
-0.0394878425
-0.107770391
0.0351651981
0.0607600436
-0.0459491052
-0.0280052274
0.102682494
0.00235345308
0.0329277739
-0.0321412683
0.0765299872
-0.0188436396
-0.018730728
0.0748873204
0.0215180833
-0.00743635837
-0.0409136489
-0.0159695689
0.0478811525
-0.0663752183
-0.130198866
-0.0456192754
-0.0290435478
0.0456261002
-0.0725689381
-0.0354791358
-0.0438644886
-0.201241583
-0.134038731
0.0113041475
0.0598901771
-0.0540233962
0.0448693037
0.0884774029
0.0125571815
0.0672155097
0.0363326259
0.118091956
0.110483244
0.0796370283
0.112459019
0.00205000071
0.0375928953
0.0579589643
0.150824353
0.0908503756
0.0623854771
0.071889177
0.0168178808
0.0621573254
0.200103939
0.158493862
-0.0655225366
0.0989670828
0.0161377452
0.0743110627
0.0931791663
0.0141005199
-0.012025713
-0.0677585602
-0.0850093812
0.08669018
0.0464342199
0.0451175384
0.0385692641
0.0507831052
-0.0345598683
-0.0240352023
-0.0402236804
-0.0291555561
0.00317377108
0.011256177
0.0624167398
-0.0170044713
-0.0514572561
0.0429610573
0.0113604423
0.0085084904
-0.114801936
-0.0143264104
0.0823076963
-0.0907457471
-0.0557108037
-0.00447852351
0.0187728032
0.0510572307
-0.0150048183
-0.159108058
-0.171415299
0.139485583
0.0418646745
-0.0453151315
0.172514066
0.0173528828
0.00765759358
0.144473508
0.181375131
0.132447302
-0.0425836779
0.0353192985
0.0541523024
0.00707410183
0.00428392552
-0.0579049475
0.0486086681
0.0814075917
-0.0427717268
0.0615201145
0.00410682149
0.00271866121
0.0365050659
0.0295039173
-0.0309481416
0.0169343185
-0.014541408
-0.0765826628
-0.023611825
-0.00621873513
0.00977664441
-0.0115757864
-0.088664256
0.0015336856
-0.0181604587
0.0236642286
0.00113160512
0.0501655452
0.0186879132
-0.100049116
0.0291132331
0.0824213997
-0.0682888031
-0.00944697205
-0.0928148106
0.0440668948
-0.0162821896
-0.0111448132
-0.113214247
0.0695038661
-0.024387436
-0.0672094449
0.129259706
-0.0152571443
-0.0289426595
0.0880240798
0.174201727
-0.0154632833
0.021051921
0.0333903357
-0.0426861383
0.0316559486
0.0956393555
0.113396093
0.0443436131
0.0204150807
0.00903692562
0.0481340736
-0.0308532529
0.0464543253
-0.0532497875
-0.125052795
-0.110217221
-0.0665214285
0.0637655333
-0.0641187578
-0.0548222773
-0.00831358228
-0.034688618
-0.13667798
-0.170232594
0.0803908631
0.120011307
0.0658148974
0.00899512693
-0.022668561
0.0918219537
0.115624093
0.125490114
0.181960776
0.165428951
-0.0327975936
0.0675786138
0.0786898658
0.0737461448
0.0163276438
0.00601935899
0.0828803033
0.0492689647
0.020531876
0.00356084877
-0.0012472755
0.0618726164
-0.0489407703
0.055208575
0.0905238315
0.0242785159
-0.0194722991
0.0726367533
0.0112220738
-0.0652286261
-0.189832523
-0.305072188
-0.0944840088
-0.100296669
-0.0333625488
0.00738360779
0.0366988704
0.0656724051
0.0970527455
0.10391587
0.0603234284
-0.107502289
0.0263852328
-0.0158760697
0.0719546229
0.0798723847
0.0558179133
0.0465431809
0.0761816502
0.0397074856
0.00471722288
0.00309484033
0.0242046155
-0.0193790849
-0.0395775698
-0.0374639779
-0.0624040067
0.0131669594
-0.0132713532
-0.00170663209
0.0424886048
-0.0278229993
-0.0844399855
-0.0146672865
0.0397743471
0.0463568158
-0.0259334091
0.0822574571
0.161383927
0.0557886288
0.0870190114
0.0364898853
0.21673122
0.0792336538
0.113428682
-0.0393199772
-0.0423935987
-0.0897157341
0.0124933328
0.118879393
0.0934323892
-0.0157710612
0.122426949
-0.0445188582
-0.0140836202
0.0135649433
-0.00501617882
-0.0233670715
-0.0173502844
-0.0776851103
-0.126913294
-0.0725290403
-0.0396077298
-0.044107385
-0.104203068
-0.11110308
-0.0458698161
-0.031415619
-0.0260425955
0.0782834142
0.00906035397
-0.038614016
-0.0161688644
0.135156691
0.0426790863
0.0304002669
-0.0686723217
-0.0512637272
-0.0125691304
-0.0229679607
0.0535027832
0.0694522709
-0.0810075551
0.00348919979
-0.0566553064
0.0146430526
-0.0333379395
0.0548554324
-0.042906519
-0.0336936489
0.0246281009
0.0412317477
-0.0105669461
-0.0346729979
0.0737843886
-0.053780809
-0.0703670159
-0.0995253995
0.152500033
0.0722034499
0.0791319087
0.052698534
0.0510374233
-0.0256716553
0.0376649611
0.155316323
0.00786424428
0.170014381
0.135599971
-0.0563171059
0.0554923266
0.10905394
0.0206246879
0.0788405314
-0.016158767
0.0218151212
-0.0148613127
0.0184920654
-0.0734559596
0.018572418
-0.0231517162
0.0205541849
-0.0452157445
0.00508814678
-0.0240513142
-0.213538215
-0.0493260063
-0.0357682928
-0.0329001546
0.0946034119
-0.116033994
-0.0444401354
0.0221271794
0.0739410594
0.0443855822
-0.133485392
0.0106155397
-0.00615399238
0.0114515135
-0.0285026021
-0.0215239581
0.0273121428
0.0104706641
-0.0168247987
0.0276269764
0.018214656
0.0638545901
0.0218506288
0.0375329778
0.0921735018
0.159154162
0.127261788
0.129675478
0.0613137558
0.000420869619
0.0706286281
-0.00846145302
0.101851322
0.0779814124
-0.0579388812
-0.0387429856
-0.0211801976
0.0771964863
-0.0978612155
0.0204356406
-0.0147009678
0.0818792582
0.0619744547
-0.045003213
-0.0450865626
-0.00961617008
0.0152566461
-0.0896696597
-0.0174786914
-0.151730374
-0.0232458897
0.056237787
0.0363173857
-0.0361335054
-0.0430109389
-0.0296833478
0.0306219384
0.0357074477
-0.0590261668
0.066903688
0.0744536519
-0.0518801808
-0.0523363762
0.0630354583
0.0173776001
-0.0227334742
0.00681048259
-0.00321005913
0.182023659
0.10410957
0.0456680804
0.0701612383
-0.0819259733
0.0450805202
0.0185567103
0.0166855585
0.165816903
-0.00854221731
0.0470987707
-0.00328875426
0.149860457
-0.047393471
-0.0382851884
0.0900890678
0.0898047611
-0.0880182385
0.0229092147
0.0450981297
0.0420632847
-0.0246494394
0.0577758253
-0.0539212413
-0.0482332297
-0.128094569
0.0128359804
-0.0991620794
-0.071789816
-0.0719588622
-0.07019227
0.0613301881
-0.161934197
0.0483620726
0.0393392481
0.0243779756
-0.0307777654
0.081903927
0.0860029757
0.0447958857
0.101081423
0.0869607106
-0.0321671888
0.0120030604
0.0470747165
0.0389310122
0.0267739501
-0.0612429939
0.0715789422
0.0660723522
0.0868107378
0.0854237601
0.0274167117
0.110244885
0.0659063458
-0.0359365456
0.0458739996
-0.080833137
-0.00435157679
-0.0343962833
0.0383320302
0.0532631576
0.0970985666
0.142678499
0.0588851459
0.00161358307
-0.0281705
0.0309977774
-0.123986937
0.0292799044
0.173844665
0.0411092713
-0.111460127
0.0294457357
-0.0610166527
0.0595559664
0.190944761
0.0161818359
0.096190758
0.028980663
0.0862454697
-0.0495125204
0.024726741
-0.00449150428
0.0636927709
-0.00685350364
0.0724832714
-0.0335697085
-0.0670072213
-0.0715101436
-0.0682262257
-0.0618273169
-0.202818081
0.020889394
0.0893858224
-0.109069489
-0.129631117
0.18371287
0.102491669
-0.0409275517
-0.0308908653
0.0662836656
0.0676648766
0.0716000125
-0.0586355887
0.024881456
0.0728786886
0.013314357
0.0409431458
0.183808073
-0.123268545
-0.0945254117
-0.0196439009
0.105805464
-0.0616623685
-0.091642417
0.0981533751
0.198019251
0.0738320947
-0.145207301
-0.0520069674
0.0599233322
0.0303288512
-0.111254424
-0.11067757
-0.0443691798
-0.0963426828
-0.0966880098
-0.0127178757
0.00534187956
-0.0695192739
0.0111531494
0.0325123593
-0.0615712181
0.0154374223
-0.01859322
0.102943093
0.0533815548
0.00292383786
0.0790528581
-0.0127728246
-0.00787472725
0.0080109816
-0.0262804832
0.0475748144
-0.0714990124
-0.126018435
-0.0553449765
0.062774621
-0.0239224453
0.0366988108
-0.0055144541
0.0380344838
-0.04195657
-0.0868047699
-0.0479214825
-0.125122786
0.00664057443
0.0494382232
0.025561247
-0.0848525837
-0.0147256656
-0.00373077393
0.0158154499
-0.0556444041
-0.0129016219
-0.0073915869
-0.0171581265
0.0287713706
0.0274970923
0.0417635068
-0.00675125653
0.0209412314
-0.0234237239
-0.0505810119
-0.0373234861
-0.0429680087
-0.038330026
0.0361719951
0.00071984058
-0.0384358317
-0.0526730381
0.00773554947
-0.0298484229
0.037693195
0.0314261205
-0.045537252
-0.0135956584
-0.0660540983
-0.00184656738
-0.000802073686
0.0381749496
-0.0414624959
0.0388222635
0.0124312164
0.0142022595
-0.0222443305
-0.0440770909
0.0280692447
-0.0106631219
-0.0740262568
-0.0439403355
-0.0386648439
-0.0360773653
-0.0510938689
-0.0613495857
-0.0390628874
-0.012622416
-0.0204399545
0.0129117826
0.0427245311
-0.0624753498
-0.0786616728
0.0434102379
-0.0421512276
-0.0148266796
0.0107387053
-0.0649116784
-0.0262157023
0.009632634
-0.0599333756
-0.0363579057
-0.0599384233
0.04464522
-0.00865253713
0.0150693692
-0.00776436972
0.0210504811
0.0431172326
0.0193425715
-0.0499972142
0.026642004
-0.0150410132
0.00214011874
-0.0544923767
-0.0561926626
-0.0424765386
0.0172072835
0.0435032025
0.0253447071
-0.0211179461
-0.019822346
0.0419949964
-0.0112255858
0.0239662938
-0.026542237
0.00733749336
-0.043635603
0.0404917151
0.00920405891
-0.0543852858
-0.00324792298
-0.0479096174
-0.0288254004
-0.0411112905
0.0342258066
-0.0702656657
-0.0220251251
-0.00514022168
0.0122460071
0.0103783766
0.0217222814
-0.0414406732
0.0386077128
0.0377204567
-0.000172407759
-0.0582237169
-0.0430063084
-0.00139236462
0.0505375192
-0.0274738725
-0.0472313985
0.0299776588
0.01546703
-0.0588974506
-0.0468081348
-0.0314946994
-0.0689348653
-0.0397649705
-0.00940085482
-0.0688993111
-0.00639638072
-0.0614904314
0.0109159779
0.0180184636
-0.0110816415
0.0289004315
-0.0585198551
-0.0448064506
-0.0148494681
-0.0432336666
-0.0604482852
0.0499505512
0.0667953193
0.0313045084
-0.0772134066
0.0385963246
-0.0514166877
-0.0101414816
-0.0573670641
0.0519240685
0.0401217118
-0.0097652711
-0.0184328016
-0.0213994645
0.00433647214
0.00758711761
-0.0572175682
0.0078525478
0.0330321044
-0.0248766132
-0.039912954
0.0488041826
-0.0522643067
-0.0161634907
0.0104165105
-0.0197326969
-0.032519076
-0.000287999253
0.0216942485
0.0144527843
-0.0163269155
-0.0633143261
0.0162133351
0.0490662977
-0.0144245028
0.0476896688
0.0233062655
-0.00792561565
0.00497921975
-0.0407085158
0.0219312608
-0.00572488643
0.0189299397
-0.0518080555
-0.0240846667
-0.0275676791
-0.0114270905
0.0276172198
-0.0137416394
0.0123446807
-0.0503450669
-0.00497602904
-0.0598696619
-0.0538764484
-0.0640409291
-0.0032646188
-0.014794386
0.0311713386
0.0140547864
-0.0250471476
-0.00403193291
-0.0627183616
0.0252724718
-0.0839687139
0.0392418653
-0.0243151169
-0.0741110072
-0.0577856451
0.0140939364
0.0328594632
-0.00279195351
-0.0250001196
-0.0689688101
-0.0430077612
-0.0259476379
-0.0524168126
0.0387708247
-0.010279485
0.0111136362
0.0247722063
-0.0442154966
-0.000471498352
0.0490262993
-0.0569435097
0.0225710813
-0.0155483233
0.0149477096
-0.0301652737
-0.0132114599
0.0400004797
0.0062484066
0.0239967592
0.0403468758
0.0592457913
-0.0698302165
-0.00776916696
0.049501989
-0.0524317808
-0.0400003158
0.0135555547
0.00627446733
-0.0480754636
0.0243703499
-0.0437585711
0.0451999642
0.0299224686
-0.0114374477
-0.0190299693
-0.052740369
-0.00384940859
-0.0587686189
0.0393588096
0.0156154837
0.00373596256
0.015474773
0.0507795028
-0.0463271663
0.0471681356
-0.00107657141
0.0189689156
-0.063538745
0.0498528779
0.00205525151
-0.00468675653
-0.0369030759
0.00763462717
0.017420711
0.0289303157
0.0489146113
-0.0624133795
0.0333109014
-0.0204528254
-0.0169145688
0.0229178723
-0.0467066914
0.0257828608
-0.0321757309
0.0128032714
-0.00727238879
-0.0657016039
-0.0862989351
-0.0280996375
0.048959665
0.0380272418
0.00901767705
0.0187319051
-0.0413940623
0.0123177301
-0.0588271394
-0.075136587
-0.0168169495
-0.00340346503
-0.0531913713
0.0232931096
0.0382529758
-0.0407876745
-0.004766725
-0.0143491048
0.00553727895
-0.0606788993
-0.039444916
-0.0542683899
-0.0322607532
-0.0165389776
-0.0168493241
-0.0567752905
-0.0398826711
-0.0578981191
-0.00775404228
-0.0139200985
-0.0516304001
-0.0449513793
0.00463284831
-0.0386853814
-0.00571856415
0.00983577594
-0.00601412356
0.0591368452
-0.0490966588
-0.0552864969
-0.014910087
-0.0476378277
-0.0587009899
0.0126266396
-0.0205562413
-0.0387575328
-0.00127268385
-0.0373563729
-0.014977931
-0.049785424
0.0252271295
-0.071329765
-0.0669735223
-0.0541810617
-0.0487260595
-0.0116285225
-0.0548660904
-0.054500334
0.00793527998
-0.0100500612
-0.00388882495
-0.00529036438
-0.0521952882
-0.0751137137
-0.0298184287
-0.0661673546
0.00971671101
0.0338133052
-0.0891768634
-0.0167261232
-0.0339468308
-0.0621783957
-0.0678345338
0.0202153642
-0.0243637022
-0.00402985048
-0.0291848984
-0.0812679008
-0.09423922
-0.0136613492
0.02850095
-0.0326436721
-0.0605681241
-0.0752475113
-0.00962120946
-0.0340138711
-0.0200663432
-0.0473603755
-0.0341358669
-0.0520037599
-0.0949893966
-0.0709687918
-0.0176963024
-0.0595412888
0.0232703667
0.0228276942
-0.0190915875
-0.0362995006
-0.0155679015
0.0562333204
-0.0295702796
-0.0398988463
0.00340985996
-0.0382563919
-0.0783268884
-0.00346642081
0.0271393117
-0.0833966583
-0.0235433597
0.00439829007
-0.000543542497
-0.0427355655
-0.0451830849
0.00947108865
-0.0629948229
0.0572640374
-0.0708734393
-0.0560683943
-0.0360822119
0.0105314627
-0.0301883928
-0.0364512876
-0.070798412
0.00382107589
-0.0907336622
-0.0169164501
-0.037103273
-0.0531542972
-0.00670638634
0.0155944582
-0.0299094319
-0.0224466231
0.0113514429
-0.0548701733
0.00280784653
-0.0209743343
-0.0280107129
-0.0512639061
0.00804352108
-0.0735551268
-0.0186949372
-0.00300028175
-0.0701119155
0.0097618876
-0.0840685666
-0.078515403
-0.0445192493
-0.0233668685
-0.0140313441
-0.0348295495
-0.0714503452
0.0394498035
-0.00715803122
0.0256804079
-0.0679310113
0.0400679484
0.0541528091
-0.0279932432
0.0109185455
-0.0414897539
-0.0292347409
0.00877345633
0.0302090254
0.0114533855
-0.0783304498
-0.00639932137
-0.0527508184
-0.00661785901
0.0224722028
-0.02249166
-0.019057475
-0.0133291241
-0.0459815376
-0.0249858219
-0.0390105508
-0.0498925
0.0248278007
-0.00148018613
-0.0162563641
-0.0735007972
-0.0377859846
-0.0464774296
-0.0242987573
0.0121939937
-0.0547553934
-0.0239274129
-0.0573913455
-0.0231142472
-0.00953723304
-0.0380896926
-0.00888892729
-0.0587513074
-0.003213902
-0.0229863487
-0.0103633478
-0.0731065199
-0.000283026573
-0.0749059916
-0.00388068706
0.0267829895
-0.0766211972
-0.0300285779
0.0543683022
0.0393209308
0.029925067
0.0227867085
0.0504502729
-0.087751396
-0.051053036
0.0267149415
0.0119415456
-0.0100029353
-0.0637085363
0.0157236103
-0.0557367392
-0.0560356192
-0.022220565
-0.0537746251
-0.00526867248
-0.0140234493
-0.0771453828
-0.0274286959
0.0291941967
-0.0345303863
-0.0301792938
0.0362184159
-0.0621043481
0.0209454857
-0.0385711528
0.0112049952
-0.00962542463
-0.0927537605
-0.000509281526
0.00232001324
0.0286027808
-0.0532066971
-0.0854557678
-0.0123847863
0.0774124935
0.0833935738
0.17422156
0.112717494
-0.0184926987
-0.0691407919
0.120598093
0.206512436
-0.00270391256
0.0511616357
0.055368837
0.0165790804
0.0925272033
0.190041631
-0.00437075598
-0.170695156
-0.000799216796
-0.0152655831
-0.0616278648
0.00773700839
0.15067029
0.0839198008
-0.0895449296
-0.0369187966
0.108014248
0.119956352
0.0690558627
0.140041113
0.0361147262
-0.0463972129
-0.0344224721
0.0515287444
0.0493059047
0.0134856263
0.00703659561
-0.0169792641
0.0444505811
0.0460617095
-0.0214427337
0.0308498479
0.0341565907
0.02085324
0.0358050838
0.192055911
-0.0545592457
-0.00875607785
0.023751054
0.130270436
0.051644396
0.0440025069
-0.0198007412
-0.0167408437
0.0119650746
0.0832892805
0.017868543
0.0797954649
-0.040167734
-0.0349584594
0.102478422
0.220268875
0.0710982978
0.0647523999
-0.0196188539
0.0448911004
0.03815661
-0.0719899088
-0.0809047893
-0.0732510537
0.000305978028
-0.00573890423
-0.0381444581
0.0161169712
-0.0259840339
-0.0149983531
0.0269867778
-0.0249839425
0.132910922
-0.0519424118
-0.0863349438
0.00229920261
-0.0245121177
-0.0116291996
0.0100869099
0.000583965739
-0.0328219868
-0.00777525781
-0.0979667231
-0.139215678
0.112849921
-0.000967899046
-0.00940030999
0.0218039397
8.32772857e-05
-0.0187530871
-0.0218138136
-0.0635301918
0.0991729721
0.0264566578
-0.0441520028
-0.0559979267
0.043481756
-0.0138871279
0.0219348986
0.0376746617
-0.000519931433
-0.0787437856
0.0894193649
0.119043924
0.0153334942
0.0794961452
-0.0626883209
-0.214285463
0.0198360905
0.0576247014
-0.00349729252
-0.0573582575
0.0516102426
0.100045994
0.0343682431
0.028532261
-0.0227949917
0.0431886688
-0.0559480861
0.0418398753
-0.0236993395
0.050421793
0.0669102445
0.193791837
0.102354974
0.155952364
0.0861112848
0.0131295864
0.0201497711
0.109411962
0.105311774
-0.0154224606
-0.0745383352
0.0617220998
0.100078478
0.0205752663
0.183684587
0.0380443968
-0.0483906381
-0.018683821
0.0376355052
-0.00476009073
-0.0235316548
0.101055481
0.00625814265
0.0217167269
0.00602727337
0.0574852303
0.0408902131
0.0326946788
-0.0582430363
-0.00591198821
0.0253555607
-0.0441188999
0.00647010468
0.000928050024
0.00585666485
0.0636034161
-0.0443380214
-0.0207181145
-0.0440944657
-0.166812912
-0.0250447262
-0.0574908964
-0.031566523
0.0133227399
0.0268969312
0.0185644608
0.0178800169
-0.124708481
0.0506033637
-0.138614714
0.0171607342
-0.0481121801
-0.0133653553
0.0114290118
0.120667525
0.0851269513
-0.0419449732
0.041378852
0.060627088
0.0327957533
-0.0217983164
0.0561550073
-0.0169265084
0.0531831831
0.0406400487
0.0688328296
0.140172809
0.094206132
-0.0889762267
-0.00864300691
0.0341159292
-0.0234418977
-0.0198255219
-0.04718557
0.204955205
-0.0318520069
-0.0159189086
-0.0898469612
0.193855241
0.022575099
0.0199243184
-0.033363916
0.108843669
0.0411549807
0.0850289837
0.0384918191
-0.048321981
0.0247890297
0.0173823889
-0.0803552717
-0.0200719889
0.0321446732
-0.0470040813
-0.0616634823
-0.106736839
-0.0728054792
0.0538576357
-0.12336012
0.0136586158
0.0283093434
0.0228191186
0.043756742
0.0822565183
0.015812872
-0.101831466
-0.060249649
0.0752164945
-0.0302096866
-0.0679876506
0.00894068461
0.0767451525
0.0302931387
0.00203170744
-0.122051708
-0.0317535289
-0.0956624821
0.010934622
-0.0983373821
-0.0369739309
0.0389950089
0.0223994479
-0.0175472535
0.0964041948
0.0424584039
-0.0439574644
-0.00061001
-0.0370240584
-0.0168189015
-0.00880469382
0.140391544
-0.00962178037
0.0414293446
-0.0349224992
0.0602860339
-0.0353945456
0.0332654864
-0.0580193177
0.00091838045
-0.0675566718
0.110711209
-0.0187736712
-0.00598158455
-0.01623974
0.0747483522
-0.0564047433
-0.0305824298
-0.0852189735
-0.0532000996
0.00397839164
0.0358546786
-0.135309696
-0.103579417
-0.0231390707
-0.0746495649
-0.0729477927
-0.119165331
-0.0101206312
-0.015179323
0.0848309994
0.0755931884
-0.0347380936
0.0106034959
0.062019933
-0.025370907
-0.0102722757
-0.0979848579
-0.0166342203
0.0638356879
-0.0239183903
-0.0511605442
-0.0521364957
0.13029249
0.0297750626
0.0561899133
-0.0996445715
-0.0281548519
0.00355590717
0.0595143326
-0.0566289015
-0.0540404841
-0.037556354
0.201159462
-0.0422905423
-0.00422598282
-0.0757467523
0.0416942872
-0.0737945586
0.034000136
-0.101302385
-0.0434415303
0.0398931429
-0.0440791436
-0.0568898544
-0.125676841
0.0748852789
0.0299229063
0.146425754
0.0676331967
-0.0371513925
0.0249362215
0.111897849
0.0323812738
-0.0850876272
0.0136974202
0.0561088026
0.0758228898
0.00435593957
0.0497569181
-0.0319655351
-0.0303017311
0.0409394428
0.0570840724
0.018923765
-0.0146234613
-0.0213821176
-0.000973286107
-0.0049273544
0.0472021289
-0.0244400296
0.0191130154
-0.054548867
-0.00959609076
0.0466574393
0.0227143709
-0.0753221288
-0.000503715128
0.0554221757
0.0666804314
-0.043105714
-0.0271516908
-0.0796321407
0.0574591607
0.0182882082
0.0926512182
0.00267718476
0.0312042236
-0.0487024784
-0.0125559475
0.0339343697
0.0414626114
-0.0790515095
-0.0422525182
0.105811365
0.0362714976
0.00643005315
0.00335283205
0.0152886948
0.0512451604
-0.0233949479
-0.0425655134
0.0337707512
-0.0452795662
-0.00454822881
-0.0274371691
0.0191434529
-0.095826216
0.0154890586
0.0534019247
0.0479736924
-0.100974843
0.0957204625
0.0917293802
-0.0126544992
0.0333188772
-0.0734415054
0.0336722434
-0.00940694474
0.097179614
-0.108657338
0.0388046093
-0.0342744254
0.230954707
-0.0602885149
-0.0776682943
0.0268264059
0.06584277
0.062410444
0.0267789997
-0.031831149
-0.0661740899
0.0452214889
0.0245573819
-0.0981387869
0.020954879
0.0153543772
-0.0574762262
-0.0250524469
0.0628195927
0.0571049452
-0.0719787404
-0.00729056261
-0.0697278753
0.0238037873
-0.0129552344
-0.064287357
-0.044685822
0.0631231219
0.0520953685
0.00710707391
-0.107928351
-0.0587584823
0.172154233
-0.0920572355
0.0991182849
0.0890682116
-0.0862994343
-0.0460623093
-0.0400860794
0.00874613691
0.0729752705
-0.0354112685
-0.0309650246
0.0273411665
0.103369191
0.0481480174
-0.0464664102
-0.0148950955
0.0302948784
0.0486837588
-0.0865505561
0.110830516
0.0269981548
-0.181267366
-0.213805988
0.128051609
0.120109089
-0.172739238
-0.168562666
0.0606881306
-0.0261216722
-0.0475278869
-0.000619388593
0.0539617799
-0.063047342
0.109111615
0.0539715551
-0.0275860596
0.0129543031
-0.0631271824
0.143584281
0.0736535639
-0.00139767921
-0.110085852
0.108220175
0.097751148
0.00154513109
-0.0555694401
-0.0225270037
0.0299687386
0.0285674129
-0.00687558064
0.0238096882
0.025386855
-0.0316225365
-0.021817077
0.0300181359
0.0206372365
-0.0912286788
-0.0536144264
0.128165483
0.124584131
0.208230078
-0.0103467666
0.00347151048
0.0483288057
-0.0684316605
-0.0507314056
-0.0316136219
-0.0381630883
0.0872539207
0.0368112363
0.0232239831
-0.0769441724
-0.0939004421
0.0153903533
0.0190529712
-0.0497100316
0.114720173
0.0178238582
-0.0245032236
-0.0669520795
0.02780311
0.0359516479
0.0138384355
0.0757574961
0.103419833
-0.112137124
-0.0226951875
0.0297844037
0.192055047
-0.000353414507
-0.0417168364
-0.0324570015
0.0390225053
-0.018979514
0.0915352106
-0.0820502862
0.0108088916
-0.00391487172
-0.156301603
-0.156326026
0.0318320543
-0.0415056385
-0.0274279732
-0.0501711145
-0.0202498324
-0.0449067131
-0.0406585895
-0.00135317829
-0.0134749934
-0.00803468656
-0.003555462
0.00445257779
0.0288097393
-0.0815207809
-0.0317282937
0.0173059367
0.0770651102
0.052921582
-0.061026331
-0.136850998
-0.186872482
-0.023036873
-0.0479014739
-0.0538675115
-0.0849890932
-0.116540253
0.0958468914
0.0431396551
0.0829328075
-0.056186717
-0.0205920525
0.0306545496
0.00287880213
-0.0813691393
0.0179336835
0.0578432195
0.228589371
-0.0516573153
-0.120205291
-0.0487521105
0.148144767
-0.00595515594
-0.0176714491
-0.190126389
-0.121515766
0.0498339497
-0.0531897768
-0.159379214
-0.0143838208
-0.00381858856
0.0781803727
0.11408215
0.0835953653
0.0245100651
0.0208140165
0.0679082125
-0.00239157444
-0.0193561278
0.0777811706
-0.0273967963
0.0270722825
-0.0106931245
0.086254254
0.0661584437
0.065539211
0.0226755049
0.00247641839
0.0174448676
0.00217055297
0.0869762823
0.0513907708
-0.00309377536
0.0685027242
0.0444086976
-0.0413939096
0.00761495205
0.0463501252
-0.0595053993
-0.0322311707
-0.0227259211
0.0266762394
-0.00909069553
0.062797524
0.0137345204
0.131225333
0.0776204616
0.0629633963
0.0069551887
0.172625452
0.0726160035
0.0392614678
-0.0977613255
-0.131107524
-0.0108827306
-0.0680520609
-0.0205787532
0.146223053
0.00250722049
0.0657730103
-0.0961569175
0.0271328893
0.0673685148
-0.0223712865
0.0433316901
-0.0262891389
-0.00494623184
-0.0130934678
0.110938229
0.0601513013
0.0765020847
0.00481114211
0.0140174581
-0.014962445
0.0687083155
0.05500957
0.170412928
0.13764739
0.0260609426
-0.00085982884
0.0865384713
0.0334763378
0.154655874
0.0148290163
-0.0733516887
0.0172702726
0.0731678084
-0.0692074597
0.0137698269
-0.0920816064
0.00188054994
-0.0325692333
-0.0303967632
-0.098453477
-0.0635732338
0.00370036182
0.0191652253
0.0387169272
0.0489034317
-0.0110325394
0.00337619148
-0.0610016696
0.106320523
0.0617523566
-0.043031767
-0.0267137941
0.0352153219
-0.0806039423
0.00366806053
0.135499507
-0.069246605
0.0405451395
0.0562164858
0.113967434
0.0107955746
-0.0255706869
-0.130366817
-0.0149277328
-0.114889197
-0.0186724234
-0.13241218
-0.0169491321
0.0723571256
-0.0146539584
0.0576770455
0.0188946426
-0.136572599
-0.012119513
0.0328675807
0.00421286374
0.0257652048
-0.0482625104
0.0325274095
0.0999585316
0.0117173372
-0.00640121289
0.0816161111
0.0263618063
-0.0700427964
0.0164673794
0.0662287623
0.112805605
-0.00878326967
0.0192258097
0.0177154597
-0.0293435138
0.0608165786
-0.0902519748
0.0140123907
0.0395607837
-0.0293312799
-0.125751302
-0.00412064372
0.0650891289
0.0561571345
0.126216888
0.0647337362
0.0591736771
-0.00792028662
0.00943999831
-0.0524317287
0.0036736757
-0.0500360057
-0.0215893704
0.0131601514
-0.031491816
0.115893714
0.0584142394
0.011313865
0.0652245954
0.0180627238
0.0483043455
0.0415747352
-0.0116807707
-0.0118345935
0.0738911852
0.0274404343
0.105892077
0.0817128867
0.00854255632
-0.0380566679
-0.0582645237
-0.0351320282
0.0108262226
0.0409745649
0.142813906
0.0370244049
0.0196220484
0.00895028934
-0.000270500634
0.0771974996
0.01248895
-0.0125851138
0.106294341
-0.0790170357
0.0146190794
0.0813332796
0.0103859352
0.0521209128
0.01559975
0.0857940167
-0.00403962424
-0.161796302
-0.156483561
0.0354811288
0.210281283
-0.00922681857
0.00890633836
0.0266805496
0.0880441517
0.0311726108
0.00069717411
-0.0358777046
0.118359029
0.0260286406
0.142030492
0.0862605497
-0.051393941
-0.0328159183
-0.0276935492
0.0649049431
0.0532167591
0.0528545901
-0.00441586459
-0.00113584788
0.00120453769
-0.0423843674
0.0366251394
0.0933754221
0.101225972
0.0218928102
0.0309206881
0.0225082636
-0.132188484
0.139708415
0.00594665343
-0.0363444202
-0.200630397
-0.0199456215
-0.0459848791
0.00512553751
-0.0604216978
-0.0756867751
-0.0306921527
0.021757124
-0.0661212355
0.0394897684
-0.00642502774
0.0429885946
-0.024487704
-0.186660543
-0.04997655
0.0949459597
0.0444055423
-0.0166380946
-0.0325328223
-0.00507682655
0.0622095019
0.0947461128
-0.0107891178
0.00503156381
0.14990072
-0.0141593888
0.0120202862
0.00874650013
0.0614287555
0.0766899511
0.00617596135
-0.042346254
0.0743766949
0.0354769565
-0.0140210409
0.0423911065
0.065760985
0.0156168016
0.0182083603
0.0286123343
0.0383324847
-0.0657450035
0.00796646252
0.0664123744
0.0467464365
-0.0516900159
-0.0745723844
-0.0135625126
-0.014255086
0.0149222985
0.0979882628
0.0963039398
0.0470873676
-0.0417962857
0.0347814895
0.0241600946
0.0265224315
-0.0817605704
0.0099584274
0.00946679059
0.0122178774
-0.0656473339
0.0585431382
0.0353303105
0.107573271
0.002479702
0.131159127
0.0452650115
0.0463815704
-0.0142123271
-0.0398734063
0.0468041673
0.153427497
-0.0354687981
0.0459754057
-0.0121117169
-0.0255459566
0.00343333557
-0.0858572647
-0.0667635724
-0.0620080568
0.00384724839
-0.0257093646
-0.0395947769
0.0308561679
0.0501726158
0.0406291224
0.0598488785
-0.0474103801
-0.0833226666
-0.0504574701
-0.00719588809
-0.012571387
-0.151077971
-0.0405420698
-0.0754286125
0.0773011446
-0.0335500874
0.000983574428
-0.0131615857
0.0535794087
-0.0449683517
-0.0444479547
0.00486821821
-0.0247426406
-0.0495270677
-0.0715732425
-0.0732858926
0.0722649172
-0.112133831
-0.112964839
-0.0226237085
0.0507821403
-0.0721405894
-0.0133106131
0.146196902
0.0953891277
0.0919399932
-0.023397956
0.0324888751
0.0286357179
0.0135190412
-0.0736869648
-0.0715345219
-0.00890640635
-0.0854440033
-0.091097638
-0.203154936
0.0362359025
0.0872214139
0.222904786
0.054801777
0.0836911127
-0.0803957805
0.0335509628
-0.0492675863
-0.164857969
0.0267136116
-0.0925634354
-0.0550638437
0.19187203
0.0649472028
0.0393108092
-0.0473843925
0.0112042259
-0.0941409767
0.0280089118
0.0577091277
0.0422324352
-0.0203979183
0.0472003147
0.0269495025
0.0628071204
-0.0616067089
-0.000476040004
-0.0706711039
-0.0751620531
-0.0313883349
-0.024315333
0.0642115101
0.0518961474
0.0692784637
-0.041645363
-0.0309064575
-0.0338538811
-0.0504051037
-0.14278841
-0.0789813548
-0.0213114116
-0.10872253
-0.0172161404
0.0828053728
0.121367551
0.0550629348
-0.109594814
0.0644232556
0.0488607697
-0.0809823498
-0.0317669548
-0.0441207737
0.0339086875
0.0328611024
-0.0684312284
-0.0376940146
-0.0642576069
0.0234374572
-0.0481016375
-0.035313677
-0.0277941637
-0.0756201372
0.0318213291
0.037694674
-0.0316924341
0.0533068143
0.0433342606
0.079857178
0.0271978248
0.00800352637
-0.0343789421
0.0126765715
0.0958395004
-0.0642624721
-0.00793533958
0.0969460011
0.0944906175
-0.0494857617
0.0363878384
-0.0231053326
-0.0541830547
0.0151606379
0.0387591645
0.0988644734
0.0490658283
-0.0187300313
0.064976953
0.126165509
0.0353685915
-0.13250868
-0.00330176437
-0.0204034317
-0.0174699463
0.0925760567
0.0508229434
-0.0431489535
0.0480757989
0.0790240243
0.0329247974
-0.10050302
0.0026847152
-0.0130476803
0.0616033822
-0.0190815609
-0.00856871903
-0.00773754576
0.0185404662
0.0750657171
0.170775428
0.0808682293
0.0703217685
0.0372715294
0.0493198894
-0.149116725
-0.0356202051
0.0371339768
0.11458797
-0.0185114201
-0.0130919851
0.00154200918
-0.0774250254
-0.018762866
0.0346619301
-0.053483367
-0.0426536687
-0.156018615
-0.0268183015
0.0527593717
0.116908878
-0.127422929
0.0134774046
0.00487013673
0.0488455929
0.0818062127
-0.018522067
0.056889277
-0.0831116736
0.0129695022
0.0457574166
0.00552252121
-0.0956575796
0.0180619117
-0.0477998108
-0.0446863919
-0.0757221952
0.00928036496
-0.0387751684
-0.0512394831
-0.100847088
0.0312619284
0.0130067691
-0.0605889224
-0.0912118182
-0.011824565
0.0401485339
0.0208505932
-0.129442394
0.0711344257
0.0407156348
0.00351801491
0.0258296393
0.0284656323
0.0544640794
0.062387947
0.0016903471
0.0774799064
0.0253598355
0.0602871664
0.0830985308
-0.0271499325
-0.0287134331
0.00350257219
0.0364844464
0.0759909675
0.0718380436
0.0481432825
0.0304537825
0.0426452905
0.0360767581
0.0495012552
0.10729415
-0.0321683139
-0.10033761
0.035125751
0.0681698546
-0.0247084685
-0.0784324035
0.00545400428
-0.0788366944
0.0574602485
0.0268310271
-0.0111556286
0.0149905859
-0.0211430378
0.016459953
0.00463510957
-0.0740995184
-0.0707214326
-0.000394578557
-0.0118862661
-0.0191215072
-0.0315456316
0.0168521386
-0.0423677936
-0.0187484883
0.0283555631
-0.068579264
0.0132602993
0.0508685075
0.00790755264
0.0803934634
0.0641755685
-0.103989981
0.0295265503
0.0673718527
0.0526184998
-0.119932815
0.00759114651
-0.0263730921
-0.0393759981
-0.0578551963
-0.0294197537
0.000971605594
0.0300681144
0.00410600845
0.0436387435
-0.0326942317
-0.0321314856
-0.00437918119
0.104295045
-0.0382809825
-0.0713972673
0.0663038567
-0.036568556
0.0628650114
0.0459979214
0.0407635942
0.0687524676
0.0588739999
0.0809621215
0.0659717098
0.0509522334
0.0600484088
-0.0223991014
-0.00617521908
-0.00482870126
-0.00551948324
-0.0329130813
-0.0436227769
-0.128142089
-0.0239811093
-0.0191918816
-0.0424401127
-0.0499601401
0.0393576436
-0.0179676656
-0.0154222371
-0.12523666
-0.132875681
0.0147762103
0.098209694
0.0375179686
-0.0419116803
-0.0254537761
-0.0539459996
0.0536513217
-0.0763003603
-0.0511588641
0.0935077742
-0.0189416651
-0.0271481983
-0.0592380166
0.0648037344
-0.02467959
0.0779812336
0.0593110956
-0.0108686881
0.00542900153
0.0385867469
0.0579249449
-0.0125023415
-0.0658251122
-0.0442014523
-0.0282428358
-0.106054887
0.180130497
0.0716436952
-0.0221049935
-0.0513959117
0.0814256445
0.0155504206
0.0464993343
0.00481591187
-0.0233175736
-0.0852315351
0.0935649723
0.0964704454
-0.106181726
-0.00414441898
0.126041934
0.0699099377
0.0345935374
-0.112357669
-0.108171552
0.0523150116
0.0798110366
-0.00414147461
-0.000917743484
0.0281987451
0.127218843
0.0551177971
0.107140206
-0.00492678536
-0.0230776314
-0.0692865625
0.0189954638
0.0194016583
-0.0688382909
-0.0431466028
-0.0247286204
-0.00350485859
-0.0931799188
-0.0707154721
0.0586578697
0.0324797817
-0.109721944
-0.0293948799
0.00135778217
0.0467992239
0.0116402525
-0.0855154172
0.02357262
-0.082533136
0.0899366662
0.0329093598
0.0883889794
0.0206222162
0.0587608665
0.100364901
0.0576545447
-0.00559580093
-0.0434626043
0.0142080383
0.0837407485
-0.0999571383
0.0078376662
-0.000256919913
-0.0833320245
-0.0585073866
0.0053236247
0.0847147256
-0.044630181
-0.168950751
-0.039991051
-0.0247843973
-0.0137462569
0.0862539932
0.0971327871
0.0221296046
0.0699536502
-0.0654643998
0.14932245
0.159777313
0.0310396459
-0.114269547
0.0547176898
-0.0774942264
0.0131287919
-0.0071981051
0.0135047976
0.0458116867
-0.0162544753
0.051047124
0.0809509009
0.110848345
0.0205525011
0.0282362103
-0.0724360868
-0.0403665081
0.0200305358
-0.0584400743
0.0691044107
-0.0391585492
0.0357173793
0.161075562
0.0207056627
-0.0671123788
0.0296645556
0.00417585252
-0.0845036581
-0.0442563333
-0.0306809247
0.0827465132
-0.0120023787
-0.0780884326
-0.0446576178
0.104368307
0.109961048
0.0578232072
-0.149221599
-0.0835200846
-0.00786993466
0.0944870934
0.0488469303
0.0245660748
-0.0140935658
-0.0821138397
0.114084788
0.0894248337
0.146112382
-0.031446632
0.0590284429
0.0522224568
-0.0376113914
-0.0609983802
-0.0212605521
-0.0087937396
-0.000351946481
0.00996792689
-0.00139954337
-0.0309276301
0.0214405265
0.0172535572
0.0675704777
-0.0317653902
0.0608994365
0.0104335751
0.0133490982
0.0239576586
-0.00757677993
0.00652155001
0.02062512
-0.0442635082
-0.0353901275
-0.105671085
-0.00737906387
-0.0445475951
-0.0068357843
0.0219403896
0.0031036064
-0.0252222698
0.0464646406
0.0750503689
-0.028690055
-0.10678339
0.023896832
-0.087610811
-0.0810440481
-0.0983214304
-0.0896824226
-0.0132037401
-9.14702832e-05
0.0531859659
0.0247022714
0.0757296383
0.0207170453
0.0392920896
0.10505347
0.109849595
-0.0883239731
-0.130528182
0.0249781292
0.0808085129
-0.04026879
-0.0472411923
-0.0158670507
0.00436238339
-0.0194346178
0.01843342
-0.0181047376
-0.0622553192
-0.059266869
0.0318347551
0.0106629273
0.0262944344
-0.00425618049
0.0937392414
0.0401406251
0.139967084
0.0175420009
0.0238873214
-0.00937307347
0.00783347245
-0.0315362699
-0.074776046
-0.130684137
0.0668047294
0.0456263274
-0.00325982063
0.237943292
0.137389764
0.0418496206
-0.0199040435
0.0268250108
-0.0477669314
-0.00548465969
-0.107813023
-0.064905487
-0.044300396
0.00309226103
-0.0364632308
0.00383509765
0.0774707869
0.0375041887
0.0440612659
0.0874368623
0.0687413886
0.0553072132
-0.0116146803
-0.0475027673
0.122577377
0.109383754
0.0773749575
-0.131006688
0.00592158502
-0.0986191332
0.0188645087
0.0501574129
0.155446291
0.0622317828
0.122000456
0.133693933
0.0264409482
0.0850291848
0.00155085197
0.0619953834
0.059036497
-0.0449314602
0.0458242297
0.0765283853
0.0673163161
-0.0170577895
0.02279488
0.0656929836
-0.0195584055
0.00324399187
0.0457705259
-0.0727320239
0.0108004296
0.0290370099
0.0671327189
0.171604946
0.0848000348
0.0066762385
0.0053841616
-0.0603659786
0.082970418
0.038269233
0.00147193682
0.110809721
0.0729652196
0.0552788116
-0.0197993126
0.0857740343
0.111728482
-0.015850829
0.0222995449
0.0833817497
0.00925446395
-0.0434700102
-0.0253976937
0.0496489182
-0.00618658401
-0.0528140031
-0.11555437
-0.0622325987
-0.0999044776
-0.0335183516
-0.0160273444
-0.106778368
0.0198079143
0.0223157648
-0.07580778
0.0955290422
-0.0705195516
-0.0209604613
-0.0521729589
0.00126853341
-0.0565592274
-0.0976372436
0.00607604487
-0.0896061584
0.0106308619
0.00439607678
0.0359256715
0.0971693248
0.0215847902
0.000647754117
-0.0577045791
0.00503081083
-0.00540206861
0.00365602039
-0.0214726031
-0.0361080877
0.0602097735
0.0363773741
-0.0853232443
0.0533793978
0.0359203182
-0.00434141653
0.0370913669
-0.0127552645
-0.0284787212
-0.0448987782
0.118665479
-0.0505150929
-0.0342260934
0.0151336286
-0.0563162081
-0.00190892653
-0.00257873116
-0.0310600903
0.0454731099
0.0690920576
0.00402593752
0.0114395497
-0.0738912076
0.0881001651
-0.0660867617
-0.070780918
0.00334361615
0.0317413136
-0.0216396246
-0.0583360493
-0.0608294718
-0.0473679788
-0.0702313334
-0.0800684243
-0.00065256824
-0.0286555309
-0.0326463208
-0.0335908905
-0.0332680121
-0.0643362328
-0.0628524944
0.0220947415
0.000511543825
-0.0680931583
-0.0543461852
-0.0720274746
-0.0930085629
-0.0019890957
-0.0816485807
-0.0758199543
-0.0425484926
0.0357372165
0.0069128694
-0.0807245225
0.0500668287
-0.0514788553
0.0111401593
0.012914326
-0.00970184617
-0.0129561564
0.0309823975
-0.0960239694
-0.0507005155
0.02391617
0.0203300193
0.00423333747
-0.0943375826
-0.0734492764
-0.0636779591
0.0294909012
-0.0868263468
-0.00955369789
-0.0729582906
-0.0771166235
-0.00177018775
-0.0954578519
-0.0891401768
-0.0734017268
-0.0771401301
0.0366955735
-0.029119039
-0.0783385783
-0.0154062659
-0.0896667019
-0.074622564
-0.0391020626
-0.0455302447
-0.0464149229
-0.082839109
-0.0181881059
-0.0560958683
-0.0719450489
0.00471994607
-0.0522374697
0.00211577141
0.0114801312
-0.0891025215
-0.0379444733
-0.0998001918
0.0223302264
0.00976722687
0.0162005406
-0.0819472596
-0.000871352153
0.00800802
0.012305269
-0.0413709097
-0.0667339563
-0.0693915337
0.0331846476
-0.0912250355
-0.0168404505
-0.0391962156
-0.00723717967
-0.0696726143
0.00183222652
-0.075433515
0.012812851
-0.0747468099
-0.0529592149
-0.0970064998
-0.0278594904
-0.028143229
0.0209557768
0.0094699692
0.0241821222
0.00205436861
0.0338309593
-0.0884021819
-0.0157824438
-0.0751613677
-0.0582147092
-0.0486385971
-0.0292603299
-0.0663700402
-0.0170698222
0.0206076764
-0.0146282734
-0.0684820786
-0.049403064
-0.0756292045
-0.0690355971
-0.0305050332
-0.0432336777
-0.0862790048
0.0346211046
-0.0400603786
0.00365977432
-0.056270089
0.00108808267
-0.10113968
-0.0635746196
-0.0386104546
-0.0341875628
-0.0261640083
-0.0708098784
-0.0664356425
-0.0953279436
-0.0337847285
-0.0604828745
-0.0135775814
-0.00938779768
-0.0153749771
0.0149768004
-0.0140707409
0.00179915049
-0.0853439793
0.0368001834
0.0935740694
-0.0668728054
-0.000561475288
-0.0470847301
0.00344469282
0.0163311418
-0.0251688249
-0.0273408666
0.0350412317
0.0492892563
-0.0187603422
-0.089439854
-0.0714465156
0.0265584458
-0.0177563895
0.0130389761
0.0456400439
-0.0207492821
-0.000334383687
0.0169669576
-0.052070763
-0.0836250782
-0.0637120754
-0.0762555972
-0.0740917176
-0.0529771447
-0.0795491859
-0.032008402
-0.0546847358
0.00515347905
0.0311175678
-0.0123752849
-0.0355235636
-0.0771013349
-0.00950628147
0.0307661444
-0.0307310466
0.0260959435
-0.0365396515
-0.0360528566
0.0359994546
-0.0695430115
-0.0728349984
0.0330358632
-0.0656727925
-0.01705743
0.015041885
-0.0670772493
0.0307832565
-0.0161608234
-0.0666820034
0.0824135989
-0.0364202186
-0.0161951296
-0.0846458077
0.0360090323
0.0380894244
-0.0356341936
-0.0896901116
-0.0273440089
0.0788544342
-0.00887110457
-0.019535061
0.0122841559
0.025386842
-0.00745199481
-0.092937842
0.00700988807
-0.0206756331
0.0169810485
-0.0637327507
-0.0338684656
0.0269512255
-0.00607912568
-0.0942620188
0.03230514
-0.0648903698
-0.0174247492
-0.0563563891
-0.00977354404
-0.0181379132
-0.00874715764
-0.0224636942
0.0218355656
-0.0229847692
-0.0190948285
-0.0139368903
-0.0684360564
0.0236902945
-0.0370777622
-0.05117568
0.0151698031
0.0304771177
0.0395148359
-0.0320607722
-0.0191402249
-0.0292201824
-0.0427112095
-0.0640740022
0.138749734
0.0331967026
-0.0363740399
-0.121036321
0.136311337
0.0373985246
0.117360793
-0.125499442
-0.0129640987
0.0791489705
0.138975963
0.101722144
-0.122302711
0.0667817816
0.170190036
-0.0361881554
-0.0643658042
-0.0537167303
-0.00484296679
0.00601212028
-0.0418516584
-0.013630488
0.100179404
0.0200086217
-0.00196770648
-0.0243603308
0.0416077822
-0.00196986645
0.00508094952
0.0359202139
0.0654989704
-0.105814114
-0.0899319798
-0.0644261912
0.0554022528
0.143272907
-0.032285504
0.0702573732
0.000706066901
0.00738737453
0.0961160436
0.00641560974
0.0823718458
-0.0730122402
-0.0168613959
-0.0112707624
0.0749357864
0.0366982929
-0.00853261631
0.0994997323
0.203961819
0.136869147
0.0781029463
0.133520484
0.0376828834
-0.0783161148
-0.0205876119
0.0930308178
0.144533992
-0.0792844668
-0.105174549
0.0458871871
0.0556712672
0.156697348
-4.32942812e-07
0.0272561908
-0.049263224
-0.0755861104
-0.0306551047
-0.02208413
-0.00660208007
0.0139781283
-0.0102230692
-0.0135347452
0.107654095
-0.0039710789
-0.103399277
-0.0280755088
0.0321144275
-0.0623009652
-0.0376128145
-0.0697826818
-0.0225948934
0.0806830525
-0.00874771457
0.0724413916
0.00170668343
0.00350001245
0.0316449292
0.0206316914
0.0185957141
-0.0820803568
-0.0383043587
-0.0168453082
-0.0203371029
-0.0428962037
-0.0139017934
0.0607156381
0.034948688
0.0503007546
0.00954164565
0.0789407045
0.0154398503
-0.234147638
-0.013688162
0.0948501825
0.00699587585
0.0334250517
-0.142175704
0.0883241072
0.0883930251
-0.0708757043
0.0504356697
-0.0519857332
-0.104701906
-0.0242205486
-0.0275072604
0.0498859584
-0.0499080159
-0.0880588964
-0.0477127321
0.076206252
0.0625455454
-0.0189748537
-0.0397250354
-0.0389097258
-0.062945962
0.0608235039
0.0964964852
0.117466748
0.109498627
0.143030122
0.0651543066
-0.00135709182
-0.0627027005
-0.00913505536
0.0342713632
0.0650962368
-0.019854486
-0.00518332375
-0.132751703
0.0549970418
0.0828839764
0.115554199
0.0784337595
0.000687140564
0.0135233141
0.0807206854
-0.00113689597
0.0327245332
0.0427899435
0.0575543828
-0.0655328855
0.0476485752
0.0913524255
0.0936676413
-0.177629232
-0.0827075168
-0.031373743
-0.0484209843
-0.0237593781
0.199120283
0.155351371
0.428382665
0.136559889
0.119884044
0.00379911438
0.0418781973
-0.0363717675
0.0608468801
0.000202792377
0.0350244939
0.0684366822
0.00666512828
0.0894171074
0.00610787049
-0.0273744538
-0.0413298123
0.0513887405
0.0174257625
0.0492491908
0.027968714
0.0370218009
0.0859236121
-0.0212553442
0.0233147573
0.0722785592
0.0550879836
0.0366837457
-0.0598275252
-0.121763989
0.0176120792
0.162617877
0.19413577
0.0937212259
-0.103302799
0.104510978
-0.0534864403
0.0132449232
-0.00884979405
-0.117316917
-0.0891259238
0.0621883757
0.101115577
-0.0776971951
0.170682997
0.0876414701
0.0556370169
0.12774381
-0.0933881402
-0.112335384
-0.163144648
0.0285669435
-0.0303549953
-0.0663300082
-0.0473269932
0.0250659324
-0.0100446735
0.00213685469
-0.00681394339
-0.0759334639
-0.0695573315
-0.00951732229
-0.00702212472
-0.0544209592
0.0314308144
0.137995094
0.0700201616
0.0684731677
0.0631583259
-0.0463895574
-0.216762289
0.0505291484
-0.00506111002
-0.0528459586
-0.072331734
-0.0692641512
0.00919813383
0.0966287032
-0.0385409445
-0.0249481946
-0.00454489514
-0.0232951306
-0.00684373314
0.0499132201
0.0789680183
0.0786164328
0.0496636368
0.087857224
0.066038765
-0.0161019787
0.0701978356
-0.112301856
0.0392787382
0.0110888071
0.0494025312
0.0530946441
0.0136066172
-0.00558621436
-0.0157221928
0.0238139424
0.0205638316
-0.0248448811
-0.00179959089
-0.0373787843
-0.0440228209
0.0422529615
0.00129213184
0.0473361239
-0.0126343742
-0.0212875139
-0.00572466105
-0.00292460294
0.042041827
0.036773473
-0.00582967
-0.0497064069
-0.038613271
-0.0621168315
-0.0552539118
0.029736165
0.0333638042
0.0403000936
-0.0632105991
-0.0613323301
-0.0129313963
-0.026728157
-0.0015029459
0.00194651436
0.0144443214
-0.0602318645
-0.0478202589
0.0240536947
0.000284327281
-0.0480122939
-0.0545479208
-0.0466296673
-0.0362228639
0.00634708581
0.0545263737
-0.00709247263
0.0200517531
-0.00299231638
0.0156095996
-0.0344338827
0.0354630873
-0.052224122
-0.00465858728
-0.00282308366
-0.0116854683
0.0297561437
-0.00738562644
-0.0669380799
0.0381136946
0.0329426453
-0.0372171849
0.0427294597
0.0139334407
0.0410980731
0.0238674581
-0.074220784
0.00496928906
-0.0275117327
0.0340464115
0.0190027263
-0.0713168904
-0.0686993375
-0.0148605406
-0.0634340197
0.0062016747
-0.0348054543
0.0295298714
-0.00746644521
-0.0322599001
0.0287820436
0.0200986154
-0.0521125197
-0.0618809983
-0.0643885657
-0.0511851385
0.0327668153
-0.00680417335
0.0108318133
-0.0475869812
0.0343566611
0.0402503312
-0.0392816104
-0.00205380796
-0.0478004925
0.04334094
-0.0763364136
0.0411053002
-0.0455396734
0.0547190644
-0.0131075708
-0.0442528799
0.0290308855
0.00179715478
0.0481041856
-0.00233002752
-0.0448603034
-0.0345099419
-0.0794533566
-0.0419682153
0.00675247423
0.0427107736
0.0198306162
0.0205762163
0.0130228261
0.0131870657
-0.0579152107
-0.00586614572
-0.0752647519
-0.0478557646
0.0179004129
-0.0486951023
-0.0205777716
-0.075383462
-0.0291398764
0.004605202
-0.078350395
-0.0395269133
-0.0381729491
-0.0642082766
-0.0448796973
-0.0332878083
-0.025041014
0.0121683506
0.00624036929
0.0216005575
-0.0585093647
-0.0688484088
-0.0604502074
0.0171101615
-0.00310589047
-0.0421304516
-0.0445595048
-0.0236369055
-0.0623705909
-0.00617574342
-0.048830539
-0.0614991821
-0.0658044666
-0.024467485
0.0318198837
-0.0663974211
-0.0702303126
-0.0356669649
-0.0200627614
-0.0236465111
0.0118439635
0.015424761
0.0207898412
-0.0632247254
-0.0712939128
0.0305240229
0.0188114569
-0.0562128052
0.0304955766
-0.0388210304
0.0270773508
-0.0666126013
-0.0238938779
-0.048619166
0.0258842148
-0.0368154868
0.00895758718
0.0414613076
0.0183341745
-0.0294889826
-0.0557282791
0.0200037938
-0.0310010556
-0.0428277254
-0.0055090948
-0.0325296447
0.00462852186
0.0114164101
-0.0598915517
0.00594388414
0.0166954268
-0.00468332134
-0.0246177353
0.040231023
0.0325839631
-0.0362262391
-0.00811888464
-0.0499916673
0.0460086465
-0.0195865706
0.00962779578
-0.0460600965
0.0437375791
0.0215240046
0.0292515382
-0.0102708032
-0.062538065
0.0182903558
-0.0106271086
0.0196637865
-0.0669549778
-0.0386896655
-0.0409845151
-0.0174727067
-0.0052777133
-0.0746082142
0.0249236636
-0.0309885554
0.0386357531
-0.018870987
-0.074314706
-0.0446729064
0.0165401176
-0.0613088459
0.0389521867
0.0403390266
-0.0201798826
0.053816326
-0.00753463665
-0.0510446988
0.035190139
-0.0209897868
-0.0108551458
-0.0423651114
0.0440480448
0.00591297448
-0.0299520195
0.0396435782
-0.000867910392
-0.0278236289
-0.0749005154
-0.0548598357
-0.0582175516
-0.0677320734
0.016511023
-0.0649202019
-0.01968945
-0.0233455375
-0.0643000975
-0.0715185404
-0.0494449176
0.0197665766
-0.0246525723
-0.0751646981
-0.0680399835
-0.0502948835
-0.0209206045
-0.0350416899
-0.00276420242
-0.0174236614
0.0408622436
0.0367782936
-0.0461641103
0.0395353585
0.0263170619
0.0170171596
-0.109994426
-0.0143662253
-0.115679927
0.0347056277
-0.0927979276
0.0284714457
-0.0215595923
-0.068660818
-0.0292625166
-0.0546374209
0.0463706292
0.128658652
-0.0348607562
0.0121885547
-0.01857532
-0.0338224731
-0.0975944325
-0.0723729655
-0.0228124242
-0.0460623316
-0.0331118666
0.0112969698
-0.0109175751
-0.0878396109
0.052326452
-0.0215917435
-0.0447390005
-0.0205244198
-0.00890794024
0.08699397
0.077636607
-0.110970616
-0.0424613021
0.124999821
0.0816056207
-0.128938019
0.0480984114
0.104219571
0.000758858572
-0.219569609
0.0450736433
0.038952291
-0.0300960112
-0.153677881
0.00793096237
-0.0769511983
-0.10753274
-0.0629889518
-0.0691060051
-0.110993944
-0.050857909
-0.0478616655
-0.129435405
0.0333233252
-0.00299371779
0.0478380881
-0.0861594304
0.0424601994
0.0379715078
-0.0336426273
-0.0822172537
0.042801436
0.128308207
0.0533060096
-0.0340940133
0.134510681
0.0512008816
0.00736061437
-0.0793069229
-0.0551469997
-0.0112340068
0.0492291972
-0.0045260964
0.0499709509
0.0691848323
0.0471391492
0.0793460459
0.0885597914
0.0918816254
-0.0349361263
0.0428664908
-0.027368078
0.084535636
0.123328164
-0.091236718
0.0593823791
0.0580833592
-0.0432669744
0.0823482722
-0.0434199758
0.020838378
0.0137429191
-0.081330657
-0.0253223144
0.0574342906
-0.150784925
-0.0528630018
-0.0527024977
0.0264461506
0.0159937218
-0.0589568205
0.0781350583
0.00578265684
-0.0885690972
-0.0422982275
0.107886218
0.0555896349
-0.0403050929
0.0567861721
0.0373656861
0.0978828743
-0.0301003717
0.11796169
0.0324997045
-0.0354569927
-0.0537058152
0.0893304348
0.0276108123
-0.0304017067
-0.0252909269
0.116246775
-0.0693008006
0.0505647101
-0.00592008792
-0.113889977
-0.0535033569
-0.0348840095
-0.0419114269
-0.0617176145
-0.0116831753
-0.0612753667
0.0592623204
-0.134173334
-0.0214829259
-0.0897989124
0.0282603838
-0.0772139952
0.0884392038
0.088500008
0.0264906883
-0.0726232827
0.0106636761
0.048859857
-0.0384045765
0.0236642305
0.0448959507
-0.00880829804
-0.0422127433
-0.0292030666
-0.0721032768
-0.0157899093
-0.0629664138
0.0137709398
0.000283138157
0.0541589297
-0.0507917218
-0.0231402889
-0.0385402441
-0.0512750149
-0.145697415
-0.0161095224
0.0855770931
0.01658714
0.0764820576
0.0211373996
-0.201395378
-0.0207863413
0.119606428
0.121214859
0.094252117
-0.0573656075
-0.0178994779
-0.0645104349
-0.0709807575
0.0493740141
0.0295799598
-0.00788931921
-0.0271108337
0.10589347
-0.0129110431
0.0298518836
-0.0460115671
-0.0299149062
0.0202177558
0.0387425646
-0.0295530874
0.0387454815
0.0416116863
-0.115294412
-0.204764232
0.119214341
0.17164208
-0.151988357
-0.0307830833
0.054069832
0.0940996334
-0.124043286
-0.0681488365
0.0406417027
0.122050434
-0.0276105776
-0.0528004989
-0.0270042792
-0.00514571322
-0.325013965
-0.067911543
0.00890528597
0.0461770669
-0.0415551662
0.0690789819
-0.0342602469
0.0624139197
0.0329900384
-0.0800254568
0.0884488598
0.0343787894
0.00345449033
-0.0192040429
0.0464408807
0.15136829
0.0935108736
0.0231115948
0.050465174
-0.053808894
-0.0809768513
0.0740231872
0.201472685
0.0326613858
0.00725943549
0.0331584886
0.0950252116
-0.00318551506
0.00578867085
-0.0198158976
-0.0567698516
0.0793738291
-0.0656215623
0.130403861
0.0231342465
-0.0384540744
0.0276798736
0.128305897
-0.0167609639
0.00744519709
-0.0174720641
-0.00204344164
-0.0546429195
-0.0644018799
0.109289818
0.0102971429
0.0299483053
0.010476592
-0.00476351567
0.0887632743
0.0848655552
-0.113364667
-0.0624206439
-0.0274986234
0.0180274714
-0.145467862
-0.00378445396
0.0758104324
-0.117195882
-0.17568408
0.102828197
-0.0559406653
-0.176598415
-0.0108028622
0.0207478814
-0.02817351
0.0295713991
-0.0896221921
-0.0193340946
0.0378924571
0.0712504163
0.00368603948
0.101207912
0.118279733
0.118102364
0.00477370713
-0.0433576666
0.0459235944
-0.0375138111
0.0583758019
-0.043568451
0.0448109023
0.105614796
0.172378227
0.1048664
-0.0824751183
-0.0409096554
0.0475700088
-0.0962295309
-0.0402119607
-0.0978216156
-0.0436993763
0.0279940907
-0.00262829126
0.0366259813
0.0855465084
0.105174623
0.0598313659
0.033551883
0.0703231618
-0.0601237938
-0.0391916037
0.0299323853
-0.00476272404
-0.101157866
0.0334057882
0.0909620598
-0.15753831
-0.00479455292
0.12437512
0.000723666337
-0.0948389024
-0.0729214996
-0.0327005945
-0.042178493
-0.0668798462
-0.05222876
0.0745665729
0.0406412482
0.0158776045
-0.0111188302
-0.0350555368
-0.0357701257
0.0323377065
0.047505796
-0.0305662118
0.071586512
0.0360916965
-0.0202305429
0.0385658778
0.0538321659
0.0636923835
0.030927211
-0.0659057349
-0.0806562304
-0.069520928
0.0544706583
-0.0260834247
0.0737179741
0.0480327792
0.105295345
0.069731757
-0.0346128978
0.0430145115
-0.0675157458
-0.00774715701
-0.057850711
-0.00999009702
-0.130359203
0.0178290401
-0.0380044952
-0.105408743
-0.0500603467
0.0275662933
-0.0657992288
-0.0875637308
0.0651922524
0.0685399771
-0.0277945753
-0.0595944151
0.0149222938
0.0636259392
-0.0263174344
-0.0306294393
0.0821006447
-0.0279566105
-0.0569466613
0.0391319767
-0.0114699788
-0.0264914446
0.0681545138
-0.00756868906
0.00676530413
0.0592361689
0.0354416445
0.100379318
0.0245117489
0.0189041812
0.139079735
0.133683264
-0.0322522409
-0.0643874779
-0.0942382365
0.000195597138
-0.0184428059
-0.0293324534
-0.0433094278
0.000862761342
0.0988234058
-0.00221662736
-0.0524616428
-0.0693407729
0.0841256604
0.0264130775
-0.0123921884
-0.0379165858
0.00155757298
-0.0551155545
-0.061426606
-0.0425518118
0.0281248707
-0.0268883016
0.0878174454
-0.0348721258
0.127050713
0.0590362735
0.133708864
-0.0200164244
0.0941933393
0.176435992
0.289338112
0.0843358487
-0.0592565946
0.117436692
-0.00654490059
0.0268976316
-0.00220670155
0.100478284
-0.00457212096
-0.00614477275
-0.00853022747
0.103190154
-0.0571759567
-0.0650400147
-0.0300335027
-0.0254070312
0.0967523083
-0.0519300401
0.0427870899
-0.0468276627
0.0534816161
-0.0333487801
0.117731228
-0.00248155044
0.035561379
-0.001355335
0.00338257872
0.0306547489
0.112826906
0.141349494
0.00260849879
0.0161405858
-0.0774495453
-0.0389917716
-0.137568742
-0.0173129402
0.104691185
-0.0155115761
-0.00522513594
0.0381957479
0.0479559936
-0.0438425876
-0.000631566101
-0.0504940636
-0.0763884336
-0.0562229678
-0.0593034141
0.140037522
-0.10559848
-0.116429441
0.0570224188
0.101904549
0.0070198928
-0.0388519615
-0.0772065967
-0.00859868154
0.0662951171
-0.00683384808
-0.0614391938
0.00218608277
0.0893450603
0.0325591341
-0.00316017028
0.0999399051
0.0843232498
0.0338659883
-0.0934267789
-0.0261388477
-0.0377085656
-0.0780039504
-0.0131165106
0.0187940467
0.0380406305
-0.0453863367
0.112821974
0.114888795
-0.0162478685
-0.0197559707
-0.0957490578
-0.0133865625
-0.0613830984
0.127568305
0.0846982375
0.0705462173
-0.116322607
-0.0512980856
0.0903717726
-0.0564552136
0.00401394302
0.0387307219
-0.00873415172
0.0953958333
0.0881206617
0.0761102438
0.0495509803
0.0304339025
0.0974723846
0.0182318576
0.0409467258
-0.00156518468
0.0164200701
0.0497617237
0.0152389295
-0.0478984974
0.0419466272
-0.0326599851
-0.0177236367
0.00827676617
-0.0562976673
-0.0879642144
-0.0409027003
-0.00292033376
-0.0727577582
-0.0534785129
-0.0230193231
0.0241346881
-0.0623096377
-0.00154157123
0.01426927
0.0270297844
-0.0749887377
-0.0366394483
-0.0522106141
-0.0258806217
0.0271975547
0.0467270724
0.00984919071
-0.0322009511
-0.081704475
-0.035022594
-0.0698001757
0.0375311337
0.0486616082
-0.0620162934
0.00543945609
0.0121175842
-0.0306244306
0.0015543378
-0.106215328
-0.146043196
-0.123294711
-0.0740570053
0.0922906473
0.0125762755
0.0653080791
0.000297007296
0.00876692496
-0.0368271694
-0.0113906031
-0.0852144286
0.0556555726
-0.0845687762
-0.0145811606
-0.088442713
-0.0362656638
-0.0273912195
0.0175822359
0.004260513
-0.0745582357
0.0346046947
0.0881256387
0.0360386111
0.0116267968
0.0062853233
-0.0802921802
-0.0349558145
-0.0400853977
-0.0410952307
-0.0371322408
-0.00759150134
-0.00928242132
-0.0574077033
-0.0352979451
-0.0662132204
-0.0372722819
-0.0146253146
-0.00233042892
-0.0152722895
-0.0336230248
-0.0515054353
-0.0537981465
-0.0759184808
-0.070149675
0.012918449
-0.0188847147
-0.121016093
-0.0704681203
-0.111472569
-0.00813542772
-0.0622820109
-0.0312015209
-0.040269997
-0.0568206497
-0.145062625
0.0458655879
0.00904451124
-0.0111296615
-0.0882563889
0.018027734
-0.0764813125
0.0214427877
-0.0549594946
-0.0032251908
-0.00115723396
0.0441322699
-0.0808075294
-0.0551788285
-0.0339856334
-0.0333950892
-0.049068518
-0.0179497134
-0.0490619056
0.00358175184
0.0162746515
-0.105478957
-0.0341220424
0.0401719175
0.00738872588
0.00714818994
0.00846125931
-0.0433314666
-0.0122987442
0.0128596406
-0.0447971188
-0.0315162763
0.0587779731
0.0401282646
0.0128008742
-0.100268766
0.0428733192
-0.028279651
-0.0121877035
0.0454301797
0.0318152755
0.0655200183
0.0203674249
0.00796246063
-0.0374321342
-0.020174196
0.00293834787
-0.00686493609
-0.0188222602
0.0207531638
0.0373067185
-0.0616352931
0.0740054399
0.012979513
-0.0920222551
0.00525255408
-0.0686513633
0.0218112189
-0.0196734052
0.0294782501
0.0421866141
-0.0565519892
-0.0869040862
-0.0302543044
0.0147147719
0.00505049946
-0.015203529
0.00780110713
0.128786162
-0.0241766032
0.0330496691
-0.0412468351
0.0165374167
-0.036453262
-0.0461526662
0.00648115994
-0.0267993677
-0.0782664418
-0.051788073
-0.0370451659
-0.0776260793
-0.00965703465
-0.0171008017
-0.0699891448
0.0124023231
-0.0105321696
-0.107162625
-0.0380043313
0.0479833335
-0.0497160107
0.0661236793
-0.0456424206
0.00820838381
-0.0343816094
-0.0353783593
0.0224763565
0.0334227607
-0.0388835035
0.0476240478
-0.02608574
-0.0015101512
0.0264877304
0.0510026217
-0.073063314
0.0256401058
-0.0500138924
0.00264339778
-0.0670637786
0.0633649006
-0.0659465343
0.0137347011
0.00762543548
0.0214633588
-0.103040442
-1.7678618e-05
0.034139026
0.023717083
-0.089994289
-0.0855974928
-0.0116828764
0.0638915375
0.0368924588
-0.00393196242
0.0501123592
-0.0390389524
0.0162511095
-0.0306116156
-0.0224228706
-0.013339025
0.0135083068
-0.0378706008
0.0541908592
-0.0648773611
0.00493627694
0.0358023569
0.00112002506
-0.105868407
-0.0947066247
-0.0403179489
-0.0706012994
0.0711671934
-0.0278229285
0.00624153391
-0.0603051335
-0.0498432331
0.0248430222
-0.0688361377
0.0389741845
-0.0432320423
-0.0246116072
-0.116239384
-0.072269842
-0.0976384431
-0.0055463817
0.0522341803
0.0298176631
-0.0612735413
0.0153081911
0.0510298572
-0.0531831644
-0.26951468
0.0247290917
0.0237792078
0.123313092
-0.192882985
0.00944965146
0.0831086189
0.0794377327
0.0167969223
0.0948230997
-0.0427736118
-0.0908289999
-0.0698449984
0.00874310918
0.0127701322
-0.00873133168
-0.0459773578
-0.0460729338
0.0748086423
0.0161767211
-0.0128081236
-0.0646503866
0.0019504329
0.00423276378
-0.055923935
0.036681395
0.0620522611
0.107803874
0.124873593
0.0540781729
0.142883971
0.0555653982
0.153836161
0.0873634741
-0.000372591719
-0.0883923098
0.0728506595
-0.0707700774
-0.112852208
0.00654564658
-0.138021708
-0.116089553
-0.0609262288
-0.0396646298
-0.0317622833
0.0737212375
0.090061307
0.137359202
-0.0412059128
0.0511917919
0.0980076194
0.111569628
-0.0544693433
0.0218156986
0.180841893
0.054097224
-0.0206412878
0.0104325647
0.127352133
-0.0251739826
-0.0135028055
-0.0131354062
0.0526288077
-0.0962963626
-0.0592314899
0.0831905976
-0.0191809479
-0.0437892117
-0.0639068335
0.0511524342
0.0520618707
-0.0203104652
0.0430486239
0.0800394416
0.0386659913
0.0282203499
0.0476146638
-0.0366344005
-0.0387524813
0.062672466
0.0314482562
-0.03552147
-0.0397011079
-0.0996659175
-0.181567535
-0.0101287337
-0.0215679426
-0.0860375464
-0.0085105272
-0.0217282083
0.0690955296
0.0438571647
0.0920067728
0.0503781997
-0.0102569656
-0.118642233
0.0108332848
0.0240376927
0.0668411106
-0.0841465592
-0.289378852
-0.0020935596
0.0817637891
0.0471954979
-0.0371447653
-0.019063374
0.0483538806
0.15560399
0.163415968
-0.0217499826
-0.0408955477
-0.0194978435
0.0423480049
-0.0770812109
-0.0260503087
-0.123104975
0.0182316583
-0.0692405403
-0.011480053
-0.0127291316
-0.0200088769
0.0876729041
0.036229182
0.00180551433
0.0480810329
0.0860402137
0.0679966956
0.047725223
0.0314431973
-0.0127060236
0.0364809819
0.0544623509
-0.0313786715
0.0622561797
-0.0052551711
0.126598939
-0.031334158
0.0386678576
-0.0731584877
-0.00076084194
-0.00763097312
0.0922118723
0.0296972711
-0.085626401
-0.0765176862
0.00116069382
-0.0311662592
-0.0278644729
-0.0333728567
-0.0330561623
0.0303253699
0.0574314743
0.0256669503
0.0779858604
0.167491302
0.139053062
0.0784135833
0.132379413
0.237618729
0.240201756
0.132419139
0.140089899
0.130044252
-0.0770083815
-0.0939950123
0.0215118863
0.0560877621
0.0166923646
-0.04653598
0.0798282325
0.0903847814
0.187224522
0.0308266655
-0.0930598155
0.0582731031
0.0640194193
0.0255919583
0.0428544581
-0.0592725314
-0.0205166824
-0.113716297
-0.202503711
-0.170882851
-0.0774437487
0.0114216348
0.0245124828
0.0739110038
0.0792965889
0.0113003338
0.166588366
0.258966535
0.0029955986
-0.150996253
0.0522104949
0.139667973
0.0541100763
0.0310649015
-0.0174852274
0.108004287
-0.0126596754
0.0603551976
-0.189784631
0.0149689754
-0.0964155719
-0.0819914043
0.164373025
0.0300596021
-0.0585822389
-0.0992654189
0.0472928658
0.042411197
0.0184443984
-0.0252185222
-0.0915144607
-0.0617549568
-0.0993167683
-0.0575737357
0.0616536103
0.125205338
0.0990599766
0.0219761319
-0.046509441
-0.0173749179
-0.0202102475
0.00181459298
0.0564999953
0.027240226
-0.127905861
-0.255095154
-0.0389947481
-0.025937004
-0.00117204641
0.025122229
-0.0602738895
0.0348772295
0.127893612
0.00247784937
-0.0256069172
0.0404915363
-0.0213524047
0.0568392985
-0.0375636406
-0.0615900233
-0.118301593
-0.0320306644
-0.00397315761
-0.11112266
-0.0781543255
-0.0537539795
-0.0187368989
0.0328620002
0.121174775
-0.0139387799
-0.0321757458
0.0405112803
-0.074086152
-0.0576291904
0.0547083765
-0.0619055815
-0.0504701026
0.0334399156
-0.0603244938
-0.0239113532
-0.00515775708
-0.0153706279
0.00513871992
-0.0172503851
0.0223982092
-0.0264086649
0.0253866203
-0.0244177468
-0.0821898356
-0.0519797951
-0.0690321997
-0.021079313
-0.00716008153
8.67745985e-06
-0.0722187012
-0.0480633453
0.0326716416
0.0052375868
-0.0579478107
0.0257798377
-0.0422314219
0.0129035013
0.00901520532
-0.103001699
-0.0490902923
0.00779915275
0.0461089797
-0.072609663
-0.025920812
0.0160322282
-0.0511007681
-0.00648338487
-0.070663698
-0.0565693602
-0.0205321349
-0.0497824587
-0.0239516292
-0.0539183654
-0.0335795656
-0.0417053923
-0.0322943516
-0.116552673
0.0122008855
-0.0598566793
-0.0382930823
-0.0195612498
0.027277885
0.0418818556
-0.0474225059
0.0471695215
-0.060701523
-0.0815658271
0.000939591439
0.00146395271
-0.06302277
-0.0636778697
-0.056535095
-0.0345749743
0.0451140329
0.0275813825
-0.0505339541
0.0169397835
0.0265949741
-0.0626403689
0.00174167205
-0.0318052508
0.019404687
-0.0763960779
-0.0564211458
0.00831347797
-0.0731617063
-0.0607556701
-0.086137563
-0.0431291722
0.0336669087
-0.0777751803
-0.0563550629
0.0164948739
0.0350204743
-0.0557153411
-0.0619359277
-0.0384332053
-0.0439497642
-0.0291100815
-0.0613856949
-0.028125735
-0.00403057737
-0.0103797102
-0.100586697
-0.0152623011
0.0404370725
-0.0748164579
-0.0593320951
-0.017357232
0.0476208702
-0.038702894
0.000109705841
0.060646344
0.00708558597
-0.0439567827
0.0326147974
0.0525704809
-0.0272328276
-0.0217716135
-0.0945928171
-0.0773382634
-0.0770590976
-0.0730087012
0.00395723199
-0.0299929921
-0.0869387537
-0.0177862383
-0.000362703373
-0.0351762138
-0.0804420635
0.0104595097
0.0283570495
0.00908707082
-0.0303514916
0.0160042085
-0.0579851158
0.0166026466
0.00986034796
-0.0825130567
0.0375916101
-0.00144804805
-0.0185157806
0.0171367023
0.0405626968
-0.0547539555
0.022838261
0.0138249611
0.0129981712
-0.0478760153
-0.0589739643
0.0197450127
0.0375217162
-0.0143266618
0.0360504761
0.0478121825
-0.0296767447
0.013522611
-0.0394616537
-0.0476716086
-0.0567582957
0.0512651429
-0.0205644388
-0.0800048709
0.0138704646
0.0656493902
0.0021662286
0.00366660417
0.0664296746
0.00967200473
-0.0322842337
-0.0666126683
-0.000675193383
0.013582116
0.0260498058
0.0770325735
0.0281847212
-0.0299851503
0.0102964109
-0.0420658365
0.00129331497
-0.0688032359
-0.0514291078
0.014783402
-0.0528799333
-0.0286938269
-0.100712478
-0.00651574181
0.00290876557
-0.0452926829
-0.0428405441
-0.0398747772
-0.0460702926
0.0261341985
-0.025001578
-0.0529221594
-0.0595782213
0.0644858927
0.0524669029
-7.86956152e-05
-0.0300180241
-0.121070892
-0.0399736427
-0.0188231599
0.0379886888
-0.0798608586
-0.0403558388
-0.012333788
0.00174365263
0.02292067
-0.0310110021
-0.0616804324
-0.0360968821
0.0635985583
0.000436254602
-0.0306033753
-0.0549488515
0.00514968438
-0.0503769815
0.0493134223
0.0123727694
0.00638022553
-0.00787859689
-0.0103928754
-0.0303953961
0.041329708
0.0332994461
-0.0534762368
-0.0391323753
0.0705509335
-0.06020879
-0.0218519643
-0.00115367642
-0.0198439639
-0.0430333689
0.00737749739
-0.0322523601
0.00992254913
-0.00718702562
-0.0152507098
-0.0299510844
0.0416744351
-0.0320153795
0.0213453453
-0.0560794361
-0.00768100983
-0.0404285118
-0.0371614173
-0.00910206232
-0.0897861868
-0.00349840545
0.0292950589
-0.0536242425
-0.0186749808
-0.033016786
-0.00727298064
-0.00690071238
0.00159562042
-0.067749612
-0.0783859566
0.0516273752
-0.0494131111
0.048908405
-0.046519205
0.0379783846
-0.0207924545
-0.06348937
0.00875495374
0.0119008301
-0.0423429683
0.0225066412
-0.0186539739
0.0368829221
0.00158252427
-0.0469655097
0.0204260889
0.00909800082
0.0381823815
0.0284934156
0.0378722474
0.0436891615
0.0475870445
-0.0671287626
0.00650868379
0.00653453963
0.0481472276
-0.037109673
-0.0326737687
-0.0596078672
-0.0533285551
0.0391444303
-0.0042287535
0.0219543763
0.00598609028
-0.0605364293
0.00835649576
-0.0385734588
-0.0533476584
0.0395916961
-0.0197313707
-0.0316991732
-0.04600944
0.00574057875
0.00550765358
-0.0566958785
-0.0420841873
0.0442559086
-0.0193480533
-0.0501515977
0.0174337942
0.0398308896
-0.0240019765
0.0493425876
-0.0471152999
0.00140217179
-0.0243455544
-0.0314481892
-0.0238248929
-0.0230672024
0.017407136
0.0286075678
-0.000464200974
-0.0439298823
-0.0294882171
0.0503817499
-0.0446585454
-0.0471707322
0.0306928288
0.053520035
-0.0414693132
0.0504459739
-0.0346390009
-0.0197910313
0.0217720568
-0.0146784997
-0.0680101812
-0.00717266463
0.00411077356
-0.0296663288
-0.00372667843
-0.054033719
-0.0461475588
0.021649044
0.0406898931
0.0168164335
0.0286793988
0.0443036295
-0.00652825646
0.030990921
0.0197609328
0.0473242179
0.0153600285
-0.0328599773
0.00954399072
-0.0170418639
0.0207652394
0.00477951439
-0.0614969879
0.000923275598
0.0410327464
-0.0582238697
-0.031913761
-0.0435262769
-0.0648362488
-0.01804257
-0.0636022538
0.0258112755
-0.0444666073
-0.00668177893
-0.00175502989
-0.0347524174
-0.0270166118
-0.0635066777
-0.0362323001
-0.0546159148
0.0241055209
-0.020679025
0.0525356866
0.0525066555
-0.0123453233
-0.00540732173
-0.0592674725
0.0454346947
0.0524461828
-0.0426146165
-0.0422974415
0.00287564914
-0.044464916
-0.0159236323
-0.06954173
-0.0113406535
-0.0168774575
0.0379244499
0.0237283856
-0.0640522614
-0.0213830285
-0.0179197174
0.0337488763
0.033689294
-0.0404561386
0.0223851502
0.0351530202
0.020537151
-0.0339879468
0.0490543991
0.0351457521
-0.0512160659
0.0437731855
-0.0641695634
-0.00104196987
-0.0168995317
-0.0151710249
-0.00802585762
0.00954718888
0.0249430872
-0.0670059621
-0.0110209174
-0.0187967252
-0.0533640645
0.0156810116
-0.0135197751
-0.0541561991
-0.0133264307
-0.0601290725
-0.0456562489
0.0279522389
-0.0376356766
0.0204490796
-0.0639237165
-0.0306684002
0.0152136832
-0.0478839986
0.0551780835
0.034568727
-0.0585064106
-0.014930415
-0.0412773117
-0.0511866212
0.0376847275
-0.0480309129
-0.0491470806
-0.0552105941
-0.00217453414
0.0521224476
-0.063802138
-0.031052677
-0.0422482677
-0.0424150266
-0.0123249339
-0.0577197596
-0.000663365645
0.0174105987
0.0106398799
-0.0531188324
0.0409754366
-0.0476135314
-0.0161809549
-0.0422160141
0.0183322169
-0.0607698224
-0.038329009
-0.0587541945
-0.0500990264
-0.0635208189
0.0292671174
0.0168162901
0.0124561535
-0.0263844486
-0.0496132113
-0.0234635733
-0.019265471
-0.0129525801
0.0480825752
0.0424596742
-0.0183653552
-0.0504508168
-0.00627750624
0.000989203923
-0.0473650396
-0.0283433851
-0.0520155095
-0.0528435335
-0.0449767411
0.0409628004
0.0303529929
-0.00891242642
-0.00506420154
0.0380485281
0.0127146551
-0.0677583888
0.025669653
-0.0630586669
-0.0346749276
0.00324950577
0.0417404026
0.0189757925
-0.0445551723
7.41260465e-06
-0.05292603
0.0202395543
-0.0695987344
0.0431223027
-0.0579170734
0.00894503668
0.0198835023
0.0505282432
-0.0691596419
0.0246695187
-0.061901398
-0.0612996854
-0.0302281156
0.0363635011
-0.00263548712
-0.0350097343
0.0310954973
-0.0474083908
-0.024742255
0.0116193388
0.0367742255
0.0680584982
0.158312276
0.036969889
-0.104955368
0.0164878685
0.0735760182
-0.107538
-0.0420712233
0.0273948964
-0.024842428
-0.0225227755
-0.00780006452
-0.0749777704
-0.0304690674
0.0956691951
-0.075554058
-0.0595122203
-0.00910522137
-0.019883845
0.0303507429
0.00395585736
-0.0136759048
-0.0667017251
0.152734116
0.0247679874
0.0505920649
-0.00599039951
0.176178172
-0.0114539247
-0.0183922183
0.0554596335
0.0353746302
0.0495948754
0.002815363
-0.0508849546
0.0726042613
0.059239585
-0.0247931164
0.00574974436
0.0704514608
0.0783349648
-0.0881049931
0.0439009853
-0.0502210967
-0.0215377025
0.0648660362
0.0535612404
0.00933579355
0.0448874086
0.00331524969
0.113125898
-0.100695863
0.0140137896
0.0682068095
-0.0371032357
-0.125727519
-0.0698532388
-0.0466054939
-0.00359699922
-0.0523322523
-0.00146340881
-0.131271809
0.0343618058
0.000320084655
0.0399239808
0.136008918
0.0610485971
-0.0503825583
0.072931923
-0.0161574781
-0.0661225319
-0.0291068833
0.0345705524
0.0544710495
-0.0297652911
0.0730058178
0.0440597795
-0.0147753423
0.0311851036
-0.0934880003
-0.0572184287
0.063552998
0.00124187209
0.0125491843
0.0295623317
-0.00223570131
-0.0522652492
-0.00985551998
-0.0552007817
-0.0702529624
-0.0678369254
0.112040237
0.10216064
-0.0498047434
-0.00254383194
0.0419333316
-0.02570289
-0.0397840738
0.0814300179
-0.0633281246
-0.0414389111
0.00625645649
-0.00822605845
0.017984733
0.030961832
-0.0591519512
-0.219856426
-0.0603772514
-0.044201348
9.04615081e-05
0.0373597816
0.0812399462
0.0441741571
0.0447882265
-0.0680577904
0.119825453
-0.00191544974
-0.0525557324
-0.0378613621
0.0572562367
0.0557704158
0.0770847201
0.0770841762
0.0613022782
-0.0716922134
-0.0486659743
0.114431612
0.146885037
-0.0744384453
0.122053064
0.215531588
-0.0453629903
0.0355164297
0.00890085846
-0.0887780935
0.0505398624
0.0359013192
-0.000115792347
-0.0905510411
-0.0793322027
0.112621203
-0.0161916371
-0.0674266294
-0.0211640876
0.0139044747
0.10948018
0.0726021305
-0.0793898776
0.026444776
-0.0153445723
0.0165305603
-0.0914595872
0.00552510191
-0.0437940322
0.0168116484
-0.0147120366
-0.025667917
0.0457565486
-0.0144847911
-0.0282653533
-0.0826678872
0.0402387083
0.0705693215
-0.0351304486
-0.148114562
-0.0512709804
-0.0558303334
-0.0768192112
-0.115752876
-0.0542332344
-0.0737049058
-0.15302141
0.0866115689
-0.0296956077
-0.171373561
-0.0516628213
-0.0510924459
0.0287192091
0.0589218549
0.0110541321
0.00431886595
0.0150710139
-0.0531986915
0.0725027993
0.0207371023
0.0580363683
-0.00592957204
0.125634462
0.0370211452
-0.0178001355
0.0105800824
-0.265101284
-0.0748910904
-0.011348431
-0.00947423093
-0.266917169
0.01969577
-0.0191572513
0.0772426724
-0.0538208261
0.0286077987
0.064688243
-0.0059448746
0.119689427
-0.047179237
0.011013153
0.0271630455
0.0249064825
0.0839811713
0.0162818655
-0.0240190271
0.0292936675
0.0372494049
-0.0154225538
-0.101612173
0.0273231752
0.0402870625
0.097574465
0.0227946173
0.120795779
0.0630344078
0.0524340346
0.136518851
-0.0477120951
0.0719780177
0.0554176457
0.103345171
-0.036895752
0.0842898265
-0.0856154561
0.0910266414
0.0054873894
-0.112563483
0.039349854
-0.042265825
0.0185690373
0.0131172854
-0.0495542102
-0.0340385474
0.0203848798
0.0803817585
-0.0254263729
0.076770477
0.125697613
0.0278571825
-0.0601496026
-0.00145215599
0.0272761434
0.0184425004
0.022601191
0.114559993
0.0960697904
0.107632898
0.0160117876
0.0140910055
-0.0255306456
0.0146113588
0.0891027227
0.0691301227
0.00805674121
-0.0331147946
0.0543049797
-0.0768884197
0.0983653441
-0.0468448475
0.114656761
0.0414149128
0.0227055904
0.0205123033
-0.0404235683
-0.0539704151
-0.096699819
-0.0927046463
-0.0608696006
-0.0719672441
0.0303784981
0.0940667018
-0.0226741433
0.011293238
0.020960642
-0.0146551412
-0.0461564027
0.0111487973
-0.0400190949
0.0305745862
-0.026839463
0.0173186678
0.0225613452
-0.0358896405
0.00187397713
0.00847221073
-0.0901934505
0.0107935583
-0.0351554938
-0.0118360361
-0.11000108
-0.137482926
-0.101142369
-0.0126937153
0.153633013
0.0646167248
0.016427964
-0.0518232286
-0.0657703951
0.0857797414
0.035195671
-0.0765105262
-0.0489788875
-0.0376920328
0.129627064
-0.0222525671
0.125861719
0.00313311047
0.0641086027
0.0222720671
-0.0420149975
0.00387687865
0.0155481687
-0.0337118953
-0.0441050492
0.0370123647
-0.00678003393
-0.0392731391
0.0359054655
-0.0732650608
-0.0508015454
-0.017190937
0.0420871899
0.0473850965
-0.00202111551
0.0738148689
0.0247484837
0.071422115
0.0475431159
0.000466467725
-0.0655203313
-0.0826833919
0.0318333544
-0.00634344202
-0.0588429645
-0.0450435169
-0.0447150469
-0.0431703292
0.0267197527
-0.133676365
-0.0370699205
0.0249750353
-0.0654679462
0.0110813975
0.0308746211
0.0695743188
-0.0519245565
0.00177208136
0.0165446717
0.115852006
-0.0182219669
-0.00407580892
0.0189544614
-0.119001396
-0.0125832241
-0.0417021252
0.0475997105
0.0137210879
-0.00148351002
-0.034228161
0.0529900938
0.157972857
-0.0357525386
-0.0154618425
-0.0239694733
0.0387641899
-0.054617431
-0.12401931
-0.0791361332
0.0601089932
0.0681160316
0.0149343917
0.0442820862
0.0127119804
0.0406772792
0.067511417
0.059045516
-0.0434030667
-0.0341413729
0.0542246811
0.034335047
-0.00689968141
0.0110144895
-0.106112614
0.0709086731
-0.0467662066
0.0161602367
-0.120948382
0.00476119993
-0.0225322228
-0.0617147684
-0.181472689
-0.0270633437
0.110835858
-0.000234209874
-0.0349468738
0.016747646
0.0801876411
-0.0486349538
0.00058424793
0.0703136995
0.0622483864
0.173544392
0.0860797912
0.0350474864
0.115518168
0.128131673
0.0622885823
0.0834637508
-0.00286706141
-0.0322334245
0.154056281
-0.00635239296
0.0225404315
0.0967259184
0.0404659547
0.0163625721
-0.0544807203
-0.115967095
-0.0484751202
-0.0412738845
-0.213249654
-0.0740250871
-0.147674814
-0.125485718
0.133304521
0.02504481
-0.0688420162
-0.0421974286
0.0107449032
-0.020714948
-0.10500478
-0.0221656822
-0.0615609996
0.0368773863
0.0393219106
0.00665202178
-0.0430767946
0.0029779505
0.0744708255
0.0594451316
-0.073664166
-0.00206097239
0.0706167519
0.0336060971
-0.0478499457
-0.0323290117
-0.071428284
-0.0779183432
0.00817976892
-0.0782684311
-0.00554963108
0.0453050435
0.0650442466
-0.112457588
-0.0649388582
-0.0087354416
0.0545804612
0.0119472826
-0.0423988961
-0.0172315091
0.0568176359
0.0406560674
-0.06817808
0.0844372213
0.108493276
0.182097927
0.0960351601
0.0290458519
0.0165412929
0.131351158
0.0989405662
-0.0168062914
0.0452700257
-0.10362985
0.0404505692
0.0158534367
0.0663741603
-0.0591868609
-0.0336147919
-0.0473223366
-0.0998748541
-0.100711875
-0.129782528
-0.0508673228
0.0155304139
0.0155352522
0.123838544
0.109124906
0.0275416803
-0.0133231785
-0.117839754
0.0523112155
0.05542285
0.0131822666
-0.0728169456
0.016630685
-0.10292051
0.0399959534
0.0073945676
-0.011763623
-0.0441344045
-0.0446749553
0.0391200818
0.0252646245
-0.0665116906
0.104612224
0.0132239778
0.040906202
0.0225176346
0.0386116579
0.0642580837
0.0624746121
-0.037536338
0.0871980414
0.035240043
0.0236670505
0.0618033186
0.036589209
0.0531500354
0.0444502831
-0.0805815458
-0.132569626
-0.106452696
-0.0611569583
0.0638321266
-0.0653093755
0.0304814391
0.0461102091
0.0806025341
-0.0482890643
-0.0691205263
-0.00744372327
-0.0915100649
-0.0279307645
-0.170400366
-0.191442117
-0.0301473569
-0.0489304923
-0.354439586
-0.23184979
-0.133874342
-0.0174736474
0.0334985964
-0.0226178039
0.0914480463
0.0467426032
0.0533328615
0.0162089225
0.125153139
-0.180728048
-0.0468648151
-0.133939043
-0.145053521
0.0862982124
-0.0268777143
0.0505215079
0.0542927831
0.0251772199
0.0402715057
0.070901908
0.0629354194
0.0333172157
0.0741995275
0.0689585581
-0.0770014897
0.0863049701
0.0829521716
-0.0117208865
0.01796473
0.118387498
0.118979961
0.0573669188
-0.0754001662
0.0633272901
0.0376888849
0.0926326811
-0.0340208784
-0.0421641432
-0.0167344753
0.00224324176
-0.0288849641
-0.0803783014
-0.00434691645
-0.0279969051
0.0711768419
-0.141332969
-0.225909144
-0.216629803
-0.0528188646
-0.0586585328
-0.0733046234
0.00790183153
0.0482118316
-0.0308774672
0.000959908823
0.0551605336
0.0356200486
-0.00648868736
0.0285788961
-0.0623747595
-0.126065716
0.103291467
-0.0500403605
0.00870454963
0.0910395458
0.00850947667
0.0152740609
0.0506396554
0.0714143291
0.0515731275
0.0180826988
-0.109374754
-0.236794069
0.0766457543
-0.0128343487
0.039739728
0.0123581793
0.0266006961
-0.0581418835
-0.0257388148
-0.0988760144
0.0192095824
0.0380820781
0.0632583499
-0.0296957251
0.0154360076
0.0641471222
0.0660648048
-0.0359632
-0.152962446
-0.0509392805
-0.0326009691
-0.00627268245
0.201874614
0.158576116
0.0754869729
0.0328542031
0.0448672399
0.0123445885
-0.0295062382
-0.0290285498
0.0628011003
-0.00872510765
-0.015958
0.00696190586
0.0124300588
0.0572512001
-0.00855310075
-0.000479204697
0.00826491229
0.0613418929
0.0746290609
0.0621421374
0.0248344857
0.0571395829
0.0584617443
0.0104733491
-0.0768416822
-0.0402415246
0.0241577458
-0.0719785616
-0.0253569484
-0.00511020795
0.0106130857
-0.0666235164
-0.0752953365
-0.0314244293
0.172397166
0.0303925741
0.0396460034
-0.0624392182
0.0759359524
-0.178443968
0.0123011684
-0.0574740581
0.00976847205
-0.0331784189
0.00646308437
0.15130268
0.222917765
0.0597464889
-0.121032529
-0.0402209125
0.0761063248
0.00734344171
-0.0441636927
0.0422937833
0.0113016497
0.118612714
-0.116175815
0.0350804329
-0.0701876655
-0.051161699
-0.158815071
-0.248097479
-0.0871768817
0.0632583648
0.00464814901
0.0559213944
0.0181236975
-0.0124624232
-0.143581405
-0.0892713815
-0.00671492377
0.0762984678
0.0296329539
0.121096581
0.0941881612
0.0241954699
0.030174898
0.127085373
0.0103883035
0.0486342274
0.176267371
0.182897672
0.0174408071
-0.0876401886
0.0418296829
0.0797192454
0.0985818207
0.0128875375
0.0175272357
0.060039334
0.0103912819
-0.0487731621
-0.0644969121
0.0272143018
0.0475218445
-0.0488766246
-0.203533366
-0.160479531
-0.00995210744
0.0560463034
0.0138713513
-0.0183927268
-0.0209937114
0.0432620049
0.0381461568
0.0495432727
-0.0273628235
-0.0661184341
0.0240110252
0.0565460511
-0.0493184254
-0.0839733034
-0.0330909342
-0.109935157
-0.0634242743
-0.11330504
0.00727446657
0.00419664988
-0.0661491379
-0.0550810769
-0.0315010622
0.0186315663
-0.0105996383
0.0292830765
-0.133431897
-0.189872742
-0.117957704
0.0373492278
0.00624063704
-0.0659721717
-0.0119787576
0.013463024
0.0106870467
-0.0160503387
0.0403459817
-0.00725671975
0.00501559442
-0.0091399923
0.00855924934
-0.0579575635
-0.0224999078
-0.0596714467
0.0334871113
-0.00151184946
-0.017783612
0.0110865794
-0.0393312834
-0.00960985012
0.0441222638
0.00431568176
-0.0620696694
0.0278251953
-0.0311210826
-0.00273982435
-0.0306122229
-0.0395221114
-0.0559181944
-0.0154384514
-0.0125842551
-0.0304438192
0.00279514422
-0.073342979
-0.0535226278
-0.0340705365
-0.00348265585
-0.036667563
-0.031803675
0.0160828084
0.0283359904
-0.0293180719
-0.0521777272
-0.0236318186
-0.020519644
-0.0158450827
-0.0237230211
0.0352638364
-0.00818144996
-0.00149632548
-0.010676261
0.0294769891
0.0115263397
0.0282628275
0.0234885551
-0.0211151447
-0.0675889477
0.00290156109
-0.0390220806
0.035890121
-0.0337341465
0.0144830337
0.0307107791
0.0319847837
0.0418266803
-0.0781570822
-0.0734679848
0.0285231024
0.0131922765
-0.0768544972
0.00810676161
-0.0291334782
-0.0625633374
-0.0517010801
-0.0581861474
-0.0179931466
-0.0242543798
-0.0341426358
-0.0805965364
0.0219194982
0.0562296286
-0.019004669
-0.0794384703
-0.038880907
-0.0190134197
-0.013518651
-0.0500736311
-0.0648633465
-0.0283566974
-0.0120808044
-0.00948168524
-0.0426923111
-0.0259429663
-0.00503796991
-0.0264986381
-0.0235869158
-0.0172861051
-0.0615863577
-0.0398100652
0.0141800418
-0.0164882634
0.0388206877
-0.00285924715
0.0336237997
-0.0459600501
-0.0340627991
-0.0297888312
-0.0494950488
-0.0122905038
-0.0690370202
0.0332027599
-0.0413104147
0.0269971453
-0.0683671758
0.026350379
0.0320256129
-0.0212192833
-0.0119723082
-0.0435543731
-0.0213301741
-0.010246885
0.0462601632
-0.034111172
0.0361380801
-0.0379980206
0.0371586569
-0.0739077404
-0.0684084371
-0.0276400335
-0.0154557973
-0.0192158092
0.022400979
0.00399798946
-0.0704340264
0.014856834
-0.00136689597
-0.0544006042
0.0229309499
-0.0574519485
0.0342887156
-0.0610724837
-0.0450993404
-0.0400988683
0.0263783578
-0.0313546993
0.0074461936
-0.0306334533
0.0227022506
-0.0759874359
-0.0489822663
-0.0295731798
0.0255267248
-0.0657767281
0.0242305696
-0.0536982119
-0.0441196226
-0.023521021
-0.015144065
-0.067314662
0.00655293884
0.019378677
-0.0146301985
-0.0456623137
-0.0345323011
-0.0303140543
-0.0117483661
0.0358142108
0.0597996339
0.0379428193
-0.0171138812
-0.0764794648
0.0127211362
-4.44197358e-05
-0.0557966381
0.0315315686
-0.0617279634
0.00795212109
-0.0668959692
-0.0474821478
-0.0106023867
-0.0234378316
-0.000607120397
-0.0642774105
-0.0458679385
-0.0199005231
0.0376989543
-0.0156451799
-0.0344871655
0.000904451474
-0.0015682074
0.0359953493
-0.0311925914
-0.0416826606
-0.0419629142
-0.0136449477
0.0381080806
-0.00118146092
0.00602007518
-0.0282418374
-0.0817961171
-0.0133041963
0.00925553683
-0.0498203821
0.0155101959
-0.0562533438
-0.0374133289
-0.0403365269
-0.0491268635
-0.0270216987
-0.00477642752
0.0311228186
-0.0413287096
0.0248712525
-0.0029599017
0.0345820859
0.00569669157
-0.0196722131
-0.0304362774
0.0422544256
-0.0337599702
0.0465363488
-0.0580982156
0.00256367028
-0.0557767712
-0.0570745319
-0.0643273145
0.0342616625
-0.0571739972
0.0267554391
-0.0768833011
-0.065465793
-0.0539568774
-0.0751226917
0.0124096582
-0.0517779291
-0.0622412376
-0.0711338595
-0.0305895023
-0.0316117741
-0.0255211517
-0.0629347637
-0.0163752604
-0.065426752
-0.00833138172
-0.0599694066
-0.0159990918
-0.0508164838
-0.0584623143
-0.0016789448
-0.0649797693
-0.0256540757
-0.0163522847
-0.0415817462
0.00904588215
0.0217644777
0.0301972497
0.0347172581
-0.00691426219
0.09969493
0.109449647
0.030913448
-0.10837394
0.0107788537
0.209573016
0.0732501149
-0.0180117637
0.0319874138
0.0867716521
0.0291357711
0.129061431
0.145195097
-0.10356459
0.0109802065
-0.0452561118
0.0228287186
0.0427660309
0.0180813037
-0.00918647088
-0.0129137626
0.0522395484
0.0221375152
0.0265380908
0.052515965
0.0409199931
-0.0492658354
-0.0322293751
0.0130454618
-0.170546219
-0.0709892884
-0.0947735831
-0.01827568
-0.0341976136
-0.00228513428
-0.0338679403
0.075079456
-0.0699922666
0.0485893786
0.0221436303
0.0356117934
0.0497018956
0.0194823109
-0.0167064704
0.0652967244
0.0389322005
-0.00848809816
0.0442310646
0.0426791981
0.00545086479
0.0712392554
0.0296199173
0.0651132092
0.0737018138
0.0816472769
-0.0953851193
0.0142173003
0.142922461
0.0350005627
0.0667720288
0.104500636
0.165744215
0.0336991586
0.0561997592
-0.0201388765
-0.0223459527
0.0733789802
-0.0354252905
0.0739282444
0.0900276303
0.00148596335
-0.0345518142
0.0631235763
0.0237542521
-0.042890694
-0.07054317
-0.00349092297
-0.0593735389
-0.0492116995
0.01442423
-0.0337925218
-0.00130091468
0.0112537546
0.0171129368
-0.036339052
-0.0259014834
0.0582799874
0.020841578
0.0477373563
-0.00162736152
-0.0151906321
-0.0699212328
0.0351832509
-0.0261788089
0.0525053963
-0.0133433482
0.128763154
0.0856798664
0.0937709287
-0.00415345095
0.0916592181
0.0920512006
-0.0306740534
-0.031205643
0.103898838
0.135733619
0.0437845998
0.0331404917
0.00660231104
-0.0979967937
-0.0419747122
-0.00945948996
0.022497803
-0.0761480406
-0.00248985994
0.0471722521
-0.00501432503
-0.0127781918
0.0369530804
0.103724688
-0.0334957466
0.0100422874
-0.130325913
0.0522636101
0.0374526642
0.00682234205
0.0233704355
0.12537089
0.0106273508
0.017750755
0.0625302643
0.0580609813
0.0851973072
0.000583983434
-0.0306037385
0.0670480803
0.0150607685
0.0577735305
-0.00974067207
0.0595943294
-0.00609951233
0.0940298364
0.0268923137
-0.0899855494
-0.0449011102
0.0130758332
0.0312982537
0.0228719525
0.0534981154
0.0862366781
0.092125386
0.0337274149
0.0253268145
0.0584473088
-0.164989516
-0.12097767
-0.0947083086
-0.00639014971
-0.0380757265
0.0114716962
-0.0567237809
0.0696110055
0.0401937552
0.0358781517
-0.0259884503
0.0504225716
-0.0314909704
0.0483899638
-0.0257451367
-0.0320602246
0.0991918743
-0.110900529
-0.0295533948
-0.0278026257
-0.017098384
-0.0398391299
-0.00905376021
-0.0167931858
0.0529173911
-0.00788412988
0.0867914855
0.084466204
0.0256979913
0.0698883906
0.0154873496
-0.0327934995
-0.0953874514
-0.0694000125
-0.0991666988
0.0234684665
0.105478466
-0.022740392
0.0772845298
0.0321875624
0.148382217
-0.0951113477
-0.117109582
-0.0138322515
0.0142899835
-0.0817830116
-0.0594047233
-0.0011254797
0.072052896
0.0480760671
0.144902959
0.0508327112
0.116251737
-0.0518425964
0.0515333749
0.0702632293
-0.0455885977
-0.0604156628
0.0222799797
0.0228574034
0.0295536369
0.00268040737
0.0215698332
-0.0283383001
-0.131858543
-0.127410561
-0.0510066673
-0.0661301166
-0.114653386
-0.0954934582
0.059293285
0.0845670775
0.0936081409
0.0091868164
-0.0160098616
-0.048547741
0.011550501
-0.00254011923
-0.0286469366
0.0671644285
-0.0095947329
0.00806866866
0.0115985861
-0.105587415
0.0300907437
-0.0404708274
0.0363466889
-0.111084238
0.0117871184
0.0976109207
0.101956353
0.0397532769
-0.00932172593
0.0862799957
0.0608960018
0.0680835471
-0.151125476
-0.0865065902
0.0108396299
0.0706813112
0.0347689465
0.0241379235
0.00134676916
0.0799424574
0.112430438
0.0641098469
-0.0107120909
-0.0177904274
0.00737018278
0.00520269573
0.0474407598
0.0273623616
-0.108257189
-0.0747782364
0.0554850064
0.179593593
0.0570477284
0.0654152259
-0.00416110596
0.0148446495
-0.135388851
-0.07683108
0.0309461821
0.0403730683
-0.119250193
-0.0281199999
-0.0767486617
-0.0288082287
0.0085937148
0.0673438013
0.0225021131
0.0873123407
-0.093077153
-0.0931723639
0.0650575832
0.127836704
-0.0967512429
0.0780539364
0.0663512573
0.0240082834
0.116204113
0.0801254511
0.076273486
-0.0457815453
0.0946234837
-0.0274753738
0.00540361088
-0.0336318761
0.0121136652
-0.011728107
0.00299491594
-0.0245753564
0.0679770038
-0.0602220073
-0.0142700206
-0.0593432784
0.0954250172
0.0319947749
-0.070401907
-0.0288391244
-0.141195104
-0.0100557311
0.0562203862
0.0809348822
-0.0266417414
0.0169158243
0.0162805486
0.0450570434
0.0702315569
-0.0464802571
-0.0438431539
-0.00518208556
0.0460121334
-0.0675148144
0.0654742643
0.00380696752
0.0270711537
-0.0244961027
0.0643496215
-0.0015696442
0.0978269204
-0.0506863073
0.0418666564
0.0864787698
-0.0410998501
-0.0304761119
0.0927369893
0.0662610754
-0.014546453
-0.0780617148
0.061745692
0.0470284075
0.0133904358
-0.0179151054
0.0780935436
0.00399768073
0.0338888429
0.0656401217
0.0956010967
0.0622900873
0.0475345887
-0.0818643644
-0.0540640429
-0.0186963547
-0.0272358172
-0.0879350826
0.0107032023
-0.0675644651
-0.0671772882
0.0189644657
0.0975369886
0.191833392
0.0486381799
-0.013559252
0.0197539516
0.0403788537
0.0704662949
0.0239551198
0.0796353668
-0.016639417
0.0351146162
0.0567536466
0.0201501884
0.00387272239
0.00541792251
0.0292346962
-0.00990402233
-0.0971593335
-0.00196975097
-0.0291966479
0.0446576513
0.0465330221
0.118602887
-0.0351183526
-0.0156932287
0.0380421169
0.0429100767
-0.0430218168
-0.0105049573
-0.0794525594
-0.170104191
-0.00927966833
-0.0277003348
0.0871316046
0.0177969504
0.0989279449
0.0920214131
0.066348359
0.12786229
0.0803399086
0.0552113093
-0.0222995281
-0.0180308297
0.0069530434
-0.079669401
-0.0351023301
-0.118397489
-0.0402296372
-0.0655058548
-0.0221569296
0.0396777913
-0.0829627663
-0.0137653425
0.00495946547
0.0102077769
-0.063159056
0.0894166902
0.052572526
-0.124273375
-0.0536965579
-0.0159576572
-0.0745511651
0.0684956759
0.0127079738
0.0720389113
0.0790967941
0.0202512238
-0.0500524119
0.00902175903
0.0850203559
-0.0450427681
0.0490765348
-0.0507929809
-0.015446539
-0.00959309284
0.116250381
0.0070130243
-0.0352259763
0.0462481752
-0.0171006564
-0.00715874694
0.0399034172
0.051787667
0.0467507541
-0.000901000807
-0.0044406876
0.0598663725
0.0763759241
-0.0320070758
0.0819275677
-0.0535754189
-0.0424749851
-0.0448145829
0.0690157115
-0.089669697
0.0923490003
0.0241303071
-0.00281442795
0.0743535683
-0.104214899
-0.119233213
-0.01112187
0.0680835992
0.0427722074
0.0522729605
0.0151123162
0.179167375
0.044743754
0.0624967441
0.0259254649
0.0700353384
-0.0675299615
-0.0429792106
0.0326101817
-0.0657713264
-0.0740328059
-0.0691268444
0.102020591
0.0661651641
-0.0152034182
0.0196648054
-0.0743064955
-0.00376280537
-0.0221195016
-0.0299512148
-0.0151410755
0.012432429
-0.0924565718
0.0130128795
0.0712080225
0.0348052606
-0.0250168443
0.00717407558
-0.0250848662
0.020809697
0.0459436253
0.0825475529
-0.00330727734
0.0131660542
0.0216541775
0.0885218754
0.0306091029
0.0492009185
-0.0178422183
0.0152498418
-0.0824322328
0.00848916732
-0.00655907393
0.00645077974
-0.0209322926
-0.0269455761
0.0165083781
0.00751237385
0.0169649031
-0.0255477838
0.0307640899
-0.00797835737
0.0417735688
-0.00785548985
0.036652647
0.00162564218
-0.0333382636
-0.0231467504
-0.0682504997
0.00563911628
0.0366755016
0.0467840657
-0.0316954739
-0.0583080873
-0.0300742388
-0.0286363605
-0.0638731048
-0.0128283156
-0.04187667
0.0391725525
0.0482339226
-0.0167721566
-0.0160479471
0.0366064608
-0.051988598
-0.0548014268
0.0292052142
0.000719932315
-0.0487701595
0.0335832685
0.0273070727
-0.0340061896
0.0261716302
0.00185568631
0.0325079784
0.00312303333
-0.0135998828
0.0459365435
-0.039214123
0.00391012942
0.0467327908
0.0357483663
0.0368743464
0.00311751221
-0.00951769389
0.00222937018
-0.0520594679
-0.0426721647
0.0115290955
0.0314167663
-0.0510512479
-0.0326928198
0.00637686253
-0.0287793651
0.00997306406
0.0260364618
-0.00027930268
0.0307399258
0.0279143956
-0.0019403944
-0.0675814599
-0.0422850661
0.0317455009
0.0117331464
-0.0574750938
-0.0385299511
0.00404542033
-0.0292533934
-0.0544903129
-0.00852552615
0.00250619603
-0.000200308859
-0.00493714586
-0.0129255392
0.0330903418
-0.0543468483
0.0147171086
-0.00259816507
-0.0514202341
-0.0585224591
0.00447608903
-0.0373270474
0.0443754122
-0.0584924743
0.0064617428
0.0128279962
-0.0682274476
-0.0392978899
-0.0320112891
0.0334131718
-0.0159353241
-0.0300137829
0.00557393255
-0.043538481
0.0196507014
-0.053881377
-0.00445981789
-0.0647861511
0.0173820313
0.0269543231
-0.00871746708
0.00133430737
-0.0541113243
-0.03558819
0.0211940967
0.0197080076
0.00132874015
-0.0647959858
-0.0111538665
-0.0338629372
-0.0460543334
0.00998860877
-0.0465254597
-0.0274313837
0.0158431828
0.0234837309
-0.000557863095
-0.0475514047
-0.0422429554
0.0397210196
-0.0193657149
-0.0506316051
-0.0200240724
0.0341211483
0.0503627881
-0.0136733996
-0.036346782
-0.0625745058
-0.0287829805
0.00479662465
0.0168478526
0.0251216777
-0.00502999546
-0.0557923578
-0.00932411756
-0.0227345768
-0.0374322422
0.0192497503
-0.047382351
-0.0689513534
0.0372451618
0.00159894116
-0.0113557884
-0.0702074319
-0.0281541143
-0.0339951441
-0.0646075532
0.0458217412
-0.0578892753
-0.0392339565
-0.00231771986
-0.0642150491
-0.00379387452
-0.00946495682
0.00481116027
-0.0249627586
0.0216169059
0.0224729013
-0.0651721358
0.0491332635
-0.0527551137
0.000326887559
-0.00191698968
-0.0399920717
-0.0124204159
0.0526224077
-0.0291182529
-0.0382809043
-0.0252853725
0.0505796522
0.0124496883
0.00653094752
0.0094151888
-0.0442766361
-0.0376398936
-0.0211707987
0.0232161935
-0.0632931888
-0.0440016538
-0.0369865634
-0.0139038237
-0.0193988234
-0.0450585894
-0.0430338755
0.035537459
-0.0205118712
0.0424193032
0.033491727
0.00672223186
-0.00869487785
-0.0477907397
0.0312742479
0.0402201451
-0.0119878622
-0.0651994571
-0.0596051291
0.0391919278
-0.0596150532
-0.0251837634
-0.0452675596
-0.0489845201
0.0456281491
-0.0709715933
-0.0566055216
0.0115058124
-0.0461466759
-0.0172732901
-0.0366692431
-4.53505927e-05
-0.0108762644
-0.0405658595
0.0369046107
-0.0214599669
-0.0690728649
-0.030599704
-0.0395059362
-0.01482902
-0.00797288679
-0.0637050346
0.0497878715
0.0344824865
-0.0639218912
0.0454128683
0.038845066
-0.0222050771
0.0336263478
-0.0051246658
0.0378097817
-0.066554077
-0.0393129885
-0.0641832724
0.00214751624
0.0350473784
-0.0508567952
0.00604068255
-0.0369079337
-0.0732009038
0.0110078305
-0.0692526922
0.00482552033
0.00218375027
-0.0549934879
-0.0501459874
-0.0291558821
0.0109889749
-0.0224140957
0.0463619754
0.0463229939
0.0718007237
0.0820291713
0.103585087
0.00333715114
0.0377569012
-0.0232075043
0.0462181754
0.00978600886
-0.0216097347
-0.0965659171
-0.0592378452
0.0488562323
-0.0986512601
-0.063809678
0.14201358
-0.0278115105
-0.0973499715
-0.046590291
-0.0142893661
0.00761803519
-0.0481560491
-0.0219091829
-0.0238178391
0.0515085347
0.0728507042
0.00546300923
0.00917205401
-0.0234030709
-0.0444762409
-0.031240711
0.0486215167
-0.11652188
-0.137447715
-0.0420039147
-0.0514012091
-0.0587124228
-0.108689025
-0.021077048
0.0923682302
-0.0111541897
0.0801627561
0.0767928362
0.0918597355
-0.0272164047
0.0946570858
-0.00629081996
0.012588256
0.122295968
0.0291479267
0.135330603
0.131827757
0.065425016
-0.0169792585
0.0263517108
0.0673157945
0.00719866389
-0.0446743183
-0.0559270307
-0.126026332
0.0940907598
-0.052656129
-0.175222665
0.0577269308
0.0401688889
0.00409374759
-0.0519402213
-0.0356934592
0.0279399306
0.0447607264
-0.0152479131
-0.0209164377
0.0142369512
0.00262221158
-0.0452684723
-0.0250427295
0.105355509
0.00931058917
0.0181614477
0.0810353756
-0.0310033597
-0.0883721039
-0.065216206
0.13048175
0.0691839606
-0.0311733894
0.0738313049
0.0188818537
0.103802726
0.0395730771
0.105731115
0.066512987
0.00134038809
0.0137534356
0.0415066443
-0.0504275858
0.00800875388
-0.0392610133
0.0228900053
0.12275634
0.0720998719
0.0255488567
0.0840717554
0.0496348143
0.0694820881
-0.0640832782
-0.122079022
-0.176811695
0.0350059532
-0.0634575784
-0.0222530887
0.0569434948
0.00278696208
-0.0682453215
-0.0567767993
-0.0745005012
0.0746887103
0.010026711
-0.0158225223
0.0144896125
0.0220402963
0.0514844805
0.0510326102
0.0502133034
0.0276377369
0.0817082673
0.0456383638
-0.0287752002
0.163493589
0.182239354
0.0557570867
0.115353778
0.0923626646
-0.00191391213
0.0782144219
0.0479867235
0.11157921
-0.0442580245
0.0135400398
0.00664771907
0.0559443459
-0.0445791297
0.095197022
-0.0215956997
-0.0331327654
-0.0422356836
0.0431594849
0.0237028096
0.110361904
0.0907139704
-0.0504238307
0.0303570498
0.0509608947
0.0473271124
-0.0838339701
-0.0235700812
0.112657405
-0.0178833958
-0.0199924242
0.0242318232
0.00910131913
-0.0121138664
-0.0322138891
0.109888248
-0.0880034715
-0.183171928
0.0500553474
-0.0157695096
0.00761687197
-0.136830583
-0.086331211
-0.0804154128
-0.0421451479
-0.0782142356
-0.05969676
0.0168875642
0.0157630406
-0.0401613414
-0.0263525639
-0.0533762015
0.00498697115
0.0383734368
0.0544882715
0.0468351468
0.0907508507
0.108710751
0.060280107
0.06132311
0.0653894991
0.104822181
0.0348684266
0.00136738096
0.00442099432
-0.0139846904
0.0557124764
0.0364762507
0.0119769331
-0.0184355043
-0.038796071
-0.0857514217
0.0991600305
-0.0552412458
0.0402877927
-0.0496059582
0.0600549169
0.00198956695
-0.0498392507
0.0546128377
0.12253499
-0.0248384848
0.0142505439
-0.0202445798
-0.0152896009
-0.0233568624
-0.0988913625
-0.098419413
0.0450167879
-0.0187611971
0.0915232226
0.0361176953
0.0270065796
-0.0629113093
0.0256721079
0.114931002
-0.0706217885
-0.0879018679
0.0449975207
0.130303979
0.0386028551
-0.0679054335
-0.0311638061
0.103030846
0.110867336
-0.022129789
0.0117766717
0.0154709034
-0.0110600675
-0.0519732386
0.0357472338
0.0587574728
0.0235951804
-0.0471700765
0.00109176326
-0.0226032939
0.0852244198
0.0180720389
0.101677112
0.121264733
-0.00534602022
-0.0228035059
0.0801054016
0.0663990453
0.103630312
0.0702933222
-0.0105020786
0.066057533
0.0197310261
0.0530228391
-0.0585371144
0.148587391
-0.0522985756
0.00680816872
-0.0649601892
0.0079250047
-0.0325935148
-0.0631425455
-0.0253407825
0.0527572669
0.0704438686
-0.113061339
-0.0634144917
0.144788682
-0.0255943891
-0.0748332515
-0.0142223202
-0.0193978008
-0.221470773
-0.0133470204
-0.0227965135
0.0135273142
-0.0608213432
-0.0404252633
-0.097205773
-0.116900273
-0.026678903
0.0194953009
0.0596986897
0.0127238287
-0.118449248
-0.046829883
-0.00393345393
-0.0563602149
-0.0269674938
-0.00796485692
0.012272032
-0.0327702835
0.0687747672
0.104456335
0.00405912893
-0.0947406888
-0.205197081
-0.114758462
-0.0847241729
-0.0416196361
0.0218758136
-0.0529987663
0.00710677588
-0.0192826781
-0.0264515094
-0.113208503
-0.0660606623
-0.169831857
-0.138259709
0.0710671619
-0.102209069
-0.158930823
0.00533270929
0.0381226353
-0.0132948728
-0.154485568
0.0549740605
0.0579556376
0.103027679
0.137913778
0.0241246112
0.0631722733
-0.0323347524
-0.0262972508
-0.0856595263
0.0184169337
0.0247980803
-0.00343563803
0.000535579864
0.0312223248
0.0326899178
0.0881591663
0.157834157
0.0845450088
-0.0261454023
0.0555251651
0.00159020082
-0.110286407
0.0725074261
0.136478782
0.0173537377
0.0534433275
0.0802066624
-0.0458732396
-0.0266267508
0.00783936214
0.0672075301
0.00565354666
0.0679314584
-0.0366453342
0.0475955345
-0.0740070343
-0.0896698385
-0.0163098071
-0.020461699
0.024705559
-0.081689477
-0.0421826281
-0.119853601
-0.0344997048
0.0358651988
0.0720011815
0.00887366943
0.0712828189
0.0307823475
-0.00500942301
0.0182921309
-0.0602230616
0.16836828
0.101565585
0.0774424747
0.00177444087
-0.0743212625
0.0833214819
0.0117117241
-0.0215061102
0.046544265
-0.0594551824
-0.0289620422
-0.000180139672
0.0471040532
0.0819104463
0.0869200677
0.0319325924
0.105028711
-0.100283496
-0.0754767805
0.116833299
0.0928791314
-0.0259666014
-0.0237452183
0.129778758
-0.0484554172
-0.0129613634
-0.069028832
-0.0303218607
0.106601626
0.0698870346
0.00270330836
0.0445093364
0.0466211662
-0.0227361005
0.0153041389
-0.0217353757
-0.194900438
-0.131205514
0.0186947156
-0.0551294051
-0.0684976801
0.0585943013
0.0298686791
0.0174082667
-0.0576120615
-0.132389858
-0.0197699461
-0.196436465
-0.0953907594
-0.198571593
0.033264894
0.0808852613
0.0706540495
-0.110591792
-0.0790759921
0.161752239
0.0877669826
0.145365775
0.00650871824
-0.0648700371
0.0211694576
-0.0674757436
0.0207096469
0.0201075729
0.0280855298
0.145047843
0.0429539494
9.36615616e-05
-0.0397656858
-0.0862598792
-0.041811049
0.00599491876
0.0624924973
-0.00817896798
0.073831439
-0.0419747941
0.123365775
-0.153672546
-0.0115232645
0.142807931
-0.0378074646
-0.0540268831
0.0220903289
-0.0471963286
0.064798288
-0.0405391045
-0.0107706487
0.0790340379
0.00655471813
-0.0100906175
0.0322883129
0.048644606
-0.0372042246
-0.0267788917
0.0164185371
-0.0260331016
0.024582155
0.087436676
0.0153098917
0.0664389655
-0.0617890581
-0.0729975402
0.119022697
0.0640154704
0.0201161467
-0.136280909
-0.00704687368
0.147424325
0.00367632229
-0.126943544
-0.146482214
0.00542437658
0.0178594757
0.0572395399
0.105949514
0.0852583051
-0.0776995569
0.0541101657
-0.052041024
-0.0497515984
-0.0895301923
-0.0746114999
0.0109782815
0.0465822294
0.0386899821
-0.0138173848
0.01858362
-0.0506924354
0.0238393266
0.167029083
0.104536727
0.0836960301
-0.136948004
-0.0516732261
-0.0411384106
-0.12373475
0.0366806835
0.0451321341
0.0522918887
0.0496734418
-0.00684942305
0.0159559287
0.0259831082
-0.0564142168
-0.0454011522
-0.00438752025
0.0208717454
-0.0100772213
0.00836401619
0.0160182919
0.0162352622
-0.0074797431
0.0407327451
0.0174164865
-0.0034799329
-0.0128058344
-0.0228945017
0.0475866497
0.026411945
0.021858288
-0.0592081137
-0.0379674807
-0.060930483
-0.00679448992
0.0637533292
-0.0435322672
0.027556397
-0.0276002362
0.0394881219
0.0143677033
-0.0411376208
0.0309202522
-0.00298632658
-0.0699632689
0.03212744
0.0663139746
-0.0476392806
-0.0810006559
0.0489104241
0.0625246912
0.0518093109
-0.00141048792
-0.040995691
0.0517043099
-0.028162498
-0.0382711589
0.0100031989
-0.0374258906
-0.0323976725
-0.0580623746
-0.0662181452
-0.0168975424
-0.0330890417
-0.0503195524
0.020292405
-0.00470281858
-0.0332126468
-0.0396586694
-0.0545379929
0.0420006178
0.0223127883
-0.0580212921
0.0171076674
-0.0621068031
-0.0123908296
-0.0489568487
-0.0198204275
-0.0631340593
0.0268809106
-0.0575569868
-0.0764876604
-0.0212561674
-0.00835815817
-0.0105661582
-0.0299069807
0.0312321633
0.0345536917
0.0361622162
0.0407612137
-0.0493451133
0.00166999293
0.00651418138
0.0338863321
-0.022097135
-0.0624101795
0.0374875441
0.00655026594
0.0175388101
-0.0289461892
-0.0266878475
-0.050824523
-0.0575210936
0.0215774663
-0.0294011086
-0.0731321871
-0.0376771949
-0.04359046
-0.0540774763
-0.0227134619
0.00586017082
-0.00376357394
0.00465305615
-0.0166504085
-0.0685462132
0.0307347756
0.00858318713
-0.0527768955
-0.0550347567
0.0115747591
0.0174159948
0.0406929217
-0.0216341466
-0.0388286524
0.0260620117
-0.0725978091
-0.0647850409
-0.0450868122
-0.0049923826
-0.0374528617
0.0374683887
-0.0730419531
-0.0535760298
-0.0718462393
-0.00371856219
0.0105973557
-0.0318478309
-0.0727443844
0.021560844
-0.00672970712
0.0655818731
-0.0360579528
0.0381392241
0.000355199096
-0.0215474851
0.0023849865
-0.0491924919
0.0227361955
-0.00104309339
0.052363541
-0.0479423292
-0.0156361684
-0.0753915682
0.0108964117
-0.0243402664
0.0404274724
0.023635054
0.0172441192
-0.0655193552
0.0379416198
-0.055956576
-0.00875554979
-0.0216969792
-0.0416583531
-0.0083038928
0.0304197203
-0.0416396372
-0.0153895225
-0.0563070066
-0.0242247004
-0.051772926
-0.0612645149
0.00154769234
0.0408329964
-0.0125789177
-0.0707565024
0.023903396
0.0316422209
-0.0689774677
-0.00744409719
0.00170900917
0.0629166588
-0.0589949936
-0.0781935006
-0.0740455315
-0.0580626652
0.0126738101
0.0276147053
0.0254096538
0.0192709696
-0.0273674186
0.0662102997
-0.0523559749
-0.0693198517
-0.0741076171
0.0185558554
0.0433663316
-0.00133897702
-0.017799845
0.0508811176
0.0138824647
-0.0470215641
-0.0596429892
0.012458914
0.0410797074
-0.00694369478
0.013526828
0.029269876
-0.017842941
0.0529890619
-0.0457545854
-0.0498903058
-0.050765194
0.0390763842
0.0241815317
-0.0259096678
-0.0671986565
-0.0778125003
0.0350757837
0.0469676815
0.0120410072
-0.0191580653
-0.0362328142
0.0230643805
0.0171093773
0.0294400323
-0.0715308562
-0.0285911728
0.0371181555
-0.0460780226
0.0372412875
0.0565289743
-0.0423538797
0.0104240607
-0.0423475765
-0.0785188377
-0.00952016097
0.00227239472
0.0601733774
-0.0573108532
0.00164568983
0.0196737759
0.0454106182
0.0217616949
-0.0675573051
-0.0180430617
0.0107530523
-0.00522170868
-0.0111236284
-0.031019222
0.00450642873
0.00424315687
-0.00202032877
0.0288396552
-0.0111830048
0.0101813003
-0.0783047751
-0.0222189575
0.0153038464
0.0454147384
-0.06532152
-0.00942692347
-0.0588284247
-0.0166613627
0.0207422376
-0.0678830743
0.0193784442
-0.0349609144
0.0945775956
0.0365886986
0.0777021572
-0.0376863368
0.0578460731
0.128789365
-0.0115701258
-0.071930185
0.0428681336
0.0351978578
0.10078048
-0.0356997959
0.0166975744
0.0890917405
0.051584512
-0.0731252432
-0.103649817
-0.0337835625
-0.0427202769
-0.0456103794
-0.021745475
0.0079786554
-0.0511571504
-0.0508838706
-0.0151867159
-0.00150015007
0.0258810222
0.0989429951
0.0664807633
0.0136158429
-0.0330555476
0.00179642031
-0.0412027314
-0.0409516171
-0.225045949
0.0430707522
0.041953627
0.117930114
-0.00712533714
-0.00955330394
0.0399144143
0.0570109077
-0.0392210782
0.00129056687
-0.0484918207
0.0263021626
-0.031554956
-0.0628446415
-0.041848328
0.193609357
0.171858236
-0.0369654708
-0.0783822015
0.0935195461
0.0575017706
-0.00887756608
0.0205236506
0.0184509438
-0.00362794334
-0.0892687887
-0.0476316772
-0.0578458607
0.244307026
0.0562543944
0.00930495374
0.0543089956
-0.0260691736
-0.0633835718
-0.0257191788
-0.030734228
-0.0514630005
-0.0934738144
0.0762455612
0.0315657556
0.0271844231
-0.00431864057
-0.0690066293
0.00216330239
0.0438424088
-0.0532346778
-0.0343539119
-0.065779537
0.00960671157
0.102061532
0.110495262
-0.0270054936
0.0978699923
0.0455502421
-0.00480152247
-0.0592002831
-0.0527392365
-0.0343528166
-0.0431847461
-0.0688791126
-0.023628369
0.0356625654
0.0525888912
0.100667432
0.162034735
0.026977947
0.076562196
0.122210488
0.0423377343
-0.0433265567
-0.0640118122
-0.0843863264
-0.0164937805
-0.0248100087
-0.0405049436
0.00368353818
0.101228647
0.0477816574
0.00938281231
-0.0889738277
-0.053595528
0.0280102883
0.0939875841
-0.0338974185
0.00696430122
0.0128280269
0.0315945446
-0.013746487
0.0675774515
0.0732316524
-0.0336065404
-0.084743239
0.0371677689
0.0992192477
0.0158172492
0.133400574
0.254014015
0.0289763957
0.0590689853
-0.0927556977
0.0503102429
0.0912306756
0.143995449
-0.0247472506
0.00911207963
-0.0409339182
0.149432689
-0.0606661029
-0.099921912
-0.0153178312
-0.047446534
0.0901264846
0.0190567579
-0.0185823981
-0.00382004865
0.0508494042
0.102443591
-0.021469567
0.044970762
-0.0489255376
-0.00459879544
-0.0698335245
-0.0694231838
0.0392058752
0.0323243402
-0.0531431995
0.0119894929
0.129275575
0.220544055
0.0412920751
-0.0152432891
-0.0042660418
0.0982665792
0.00657217996
0.102198683
-0.032935489
-0.0775548443
-0.0603255183
0.0508318134
0.0519412979
-0.115736499
-0.0322408006
0.0308891963
0.0217134096
0.0326645523
-0.0608729199
0.0453296527
-0.049031999
0.0718792081
0.0909668356
-0.0509082898
0.0739289969
0.0602915175
0.100665845
-0.0929411501
0.000618633523
-0.00351496181
-0.0624932237
0.0279703327
0.0166337788
0.0253621023
0.0122614466
-0.100882895
-0.0834534094
-0.0586900488
-0.00228530774
0.0378231518
0.0263806749
-0.0294762887
-0.0290406346
0.0396105498
0.042766504
0.0180809069
0.191995114
0.0753956214
-0.022739023
0.0105050141
0.0525468923
-0.0419815145
-0.0468890071
0.0541649126
0.0898516327
-0.00978013221
-0.025365131
0.0264381208
0.0225122888
-0.0184884723
0.00581161072
-0.0181029215
-0.0769492462
-0.0259306375
0.0653044656
0.0600532554
0.00646990165
0.0364327878
0.041815985
0.0125684412
0.105464116
-0.00715302629
-0.0968865678
-0.0742593408
-0.020192286
-0.039560698
0.0383722037
0.0761450678
-0.0229662023
-0.0266210586
-0.0440983661
-0.045907408
0.088567175
0.0547471531
0.0215861127
0.044571884
0.0113002779
0.0786155835
0.0381339192
0.11789383
0.0627576858
-0.0267779324
0.0457706116
0.0748092681
0.195647284
0.0472424924
-0.00946827512
-0.113679022
0.0949839205
-0.0425891653
0.00751504814
-0.00649314048
-0.0317200273
-0.00411599176
-0.010723969
-0.0315218307
0.032361865
0.17705442
0.0784971043
-0.0413420275
0.0592239238
0.0864938796
-0.00504892413
0.126381472
0.058185935
0.113687336
-0.00497640949
0.0325137749
0.0535274185
0.0699332878
0.0873735026
0.0196071006
-0.11617662
0.0638069585
-0.000302909844
-0.12034072
0.108006231
0.0809928849
0.135000139
0.196768656
0.0170311071
0.00977313705
-0.0468314923
0.140009075
0.0769744068
-0.0896423608
0.0770991519
0.115247615
-0.139408678
-0.0792068988
-0.0555883162
0.0435132384
0.00508517912
-0.0499743484
-0.0858151615
-0.122699939
0.0025804129
0.0633775517
0.0244174972
0.125171781
0.0459098965
0.036331445
0.0615145825
0.0650533736
0.113977186
0.00864303578
-0.0322831571
0.0600335374
0.0629359782
-0.0276808068
-0.0793045312
0.0292084832
0.0438137762
-0.0613296442
0.0197035279
0.0527743027
0.0627640635
0.0302132405
0.0076704789
0.0307695474
-0.0504875816
0.0404427834
0.0821058676
0.0446270369
0.11325869
-0.00213563326
-0.0178635251
-0.0200783741
-0.0290457327
-0.0530000068
-0.0118584288
0.0703386664
-0.000393371651
0.0722144321
-0.0195758697
0.0110141439
-0.029441705
0.0195417162
-0.00481978431
-0.0358230919
-0.0346021242
-0.138057992
-0.0795374289
-0.00806547049
0.00980488304
-0.0261177067
-0.0391834192
-0.0748464465
0.0337649956
0.0674594343
0.039535068
0.0697492212
0.111476749
0.0686863586
-0.0484363362
-0.129034832
0.0380143486
0.0785473511
0.0704280958
0.0636457726
-0.0409290045
0.0696698874
0.0587846711
0.0578667969
-0.000177132009
0.027784599
-0.090549618
-0.0523463264
-0.0377109498
0.0417905785
-0.0716943964
-0.0112570608
-0.00522103859
-0.0722327009
-0.212057278
-0.0530521013
0.0792730078
0.0587464124
-0.0637146235
-0.0714040324
-0.0168019421
0.0373979993
-0.0321926922
-0.038069848
0.167838186
0.0428858921
0.00313103735
0.0505912751
0.170892999
0.053534165
-0.0348140746
-0.0338295996
-0.0341826752
-0.0973192677
-0.044529479
0.0198206306
-0.0445264876
0.0172674302
-0.0186643507
0.0307182074
-0.0338543989
0.0689229667
0.0748276934
-0.0255117938
-0.113801122
-0.152407587
-0.0938403606
0.12566027
-0.0965776145
-0.0614024438
-0.148039624
0.0127272466
-0.0249901973
0.12916255
-1.75068817e-05
-0.0753112808
0.00315142935
-0.0346193314
-0.0292958375
0.043930158
0.0710955933
0.0887574628
0.00547876442
0.0435145944
0.14022024
0.106920987
0.000136515097
-0.0097121438
-0.0808496401
0.0653481558
0.0166996792
0.0720197633
-0.174990579
-0.0703873038
-0.0902858451
-0.0562049933
0.0977054387
0.0307164975
-0.10992635
-0.0608272627
0.0113764545
0.106450632
0.057177268
0.039256677
0.0332661755
0.0879614502
0.0550546721
0.00121692487
0.0809885636
0.0507800654
0.05021872
-0.0020670027
0.113824472
-0.0540634729
-0.111256137
-0.0953891873
0.14710471
-0.0131743988
-0.0333900899
-0.0910676494
-0.0799839646
0.0144832125
-0.0556125641
0.0466198809
-0.187672615
-0.0347365737
0.0251187254
-0.0745769143
-0.0083312178
-0.0689274743
-0.155823827
0.00693110377
-0.0143573368
0.0280851927
-0.00937651098
0.0579222403
-0.045257587
0.0774628669
-0.041706387
0.134586349
-0.0729718134
-0.0265584979
-0.0301737729
-0.103567764
0.086044088
0.0129624819
0.112737983
0.0878559873
0.00954828039
-0.0443976969
0.0545838438
-0.001076855
0.0264470596
-0.0525335781
-0.00789265428
0.0683242306
0.0553604402
-0.0161762126
0.0283034462
-0.00702606887
-0.0588557683
0.0112780798
0.0201394241
-0.142427072
0.00642652158
0.0516559891
0.0410820618
-0.156118035
-0.0424638912
0.0953692943
0.0111180181
0.0433971025
-0.0231035575
-0.0112755243
-0.0350414403
0.160557196
0.00820225198
-0.00483373273
0.0591040887
0.0390428342
-0.0402475856
0.042481631
0.0175969694
-0.0577346645
-0.064578779
0.0245009605
-0.0426662751
-0.0587921739
0.0800002888
-0.0449879467
0.0308338366
0.0848957077
0.134696051
0.0834347904
0.0834900364
-0.125683621
0.0589815639
0.0109166168
-0.00211644871
0.0596491359
-0.0111877592
-0.0510609485
-0.158394292
-0.0536554903
-0.0573036037
0.00273968815
-0.0596318319
-0.0274257399
-0.0140279131
-0.108638905
-0.0669757947
0.0150385657
-0.0406251699
-0.0677653775
-0.0350687541
0.0335514881
0.0181211084
0.015779037
-0.0640152022
-0.0380582213
-0.00891847908
-0.0875686407
0.00235410943
-0.0685213506
-0.0369557515
0.0492792875
0.120968968
0.101929471
-0.0349912196
0.00762050692
-0.0243383888
0.0582993329
0.0479886755
0.00766754337
0.0448618941
-0.0127620399
-0.0472932346
0.0137834949
0.00587892486
0.0254039578
0.0819739997
-0.0104604512
-0.0538582541
-0.0485769734
0.0394877605
0.0673289075
0.0722034499
0.0633984134
-0.0193963815
-0.0408661589
0.0141346129
-0.0906898156
0.00355990208
0.0524503365
-0.0484662578
-0.0103172828
-0.0470621176
-0.0480022095
0.0496036038
-0.058763355
-0.0491072349
0.0807053
0.0341529697
0.00457242364
0.0189111978
0.0525296554
-0.0296722539
-0.0455532558
0.0819958523
0.00188281864
0.0814813375
0.188106552
0.0169512201
0.0421640389
0.113640837
0.0619335137
0.024956461
-0.0445651598
-0.0636580661
0.0380450748
-0.0451840796
-0.0493707135
0.00159090455
-0.0164989922
0.0385799482
-0.000668014574
-0.0358858593
0.00400773669
-0.0951725319
-0.104895942
-0.0387554541
-0.0250925235
0.017415382
0.0218281318
-0.0387445018
0.0450902246
0.0133230323
0.0570659302
-0.0298659094
0.00938804168
-0.00284959935
-0.0571869388
0.00796390511
0.0517843887
-0.0545630008
0.0744740069
0.034843877
0.0024067834
-0.0881184861
-0.0151560223
-0.0578273125
-0.0374946631
-0.081300661
-0.0019889765
0.00320421206
-0.0596642569
0.0798282251
0.052066341
0.0410087258
-0.0127127711
-0.0445032679
-0.0403271206
-0.070825845
-0.103255346
-0.00632568263
0.245442152
0.0601061881
0.0637767836
0.0343369432
0.0399133898
-0.0592924431
-0.0291866586
-0.0830070525
0.0952883884
-0.05045297
0.00997691415
0.00484736264
-0.0436194018
0.0737663507
0.0331391394
0.000985276536
-0.0875686109
-0.0299358349
-0.0940039158
-0.0256843138
-0.050892733
0.0231252704
0.0512594059
0.0857325569
-0.0117125437
0.0881800801
-0.0182380471
-0.142348468
-0.0186366495
-0.0257878378
0.121034473
-0.0720088705
0.0379958116
-0.000438289251
0.10364645
-0.0337336324
-0.0405873433
0.0248202216
0.000726840284
-0.0459599346
-0.126003742
-0.0462856479
0.0346691124
-0.110716879
0.0588603765
0.0516543239
0.102097288
0.00331171486
-0.0273361187
0.00561894709
0.0165869109
0.0851721764
0.119121388
0.105982758
0.00791415293
0.119053707
0.123636305
0.0328458361
0.0478338078
0.104990378
0.0375604071
0.0153917363
-0.000492861553
-0.0138356034
-0.0191874597
0.101244047
0.143921658
-0.0464415774
0.0104818791
-0.00924947578
0.0389248282
0.0367076658
-0.0165227447
-0.0513366498
0.0472273417
0.0100252507
0.116932452
0.0479704253
0.0247958694
0.00866928976
-0.0899850875
-0.135764778
0.0241173524
0.0129366405
0.00544643914
0.0269822702
0.00567316264
0.0697445795
-0.021701334
-0.0417839102
-0.100826479
0.168151677
-0.0274039544
0.10290996
-0.0685156435
0.0470039137
-0.0390594825
0.0512857102
-0.0367221981
-0.0417209081
-0.299362242
0.115607157
-0.0426164679
-0.0588625185
-0.372655779
0.127816245
0.119377136
0.0673909038
0.0325064883
-0.123765446
-0.115316793
-0.241940841
-0.0865975097
-0.0146988668
0.0412073061
-0.0241071861
0.0280175488
-0.0291954726
0.012872709
0.175359845
0.18064028
0.121768951
0.123604827
-0.017464513
0.168971598
0.1365159
0.147139788
0.0104131522
0.0170929879
-0.0052964692
-0.0441144444
0.1089053
-0.0730831921
0.0332072824
-0.0862162039
0.128539532
0.0127169713
0.00119631912
0.0148211308
0.1789722
0.069414176
0.071788922
-0.0806194097
0.0646317378
-0.0622164942
0.0773464292
-0.103347518
-0.092599988
-0.171517745
-0.0755314827
0.00284604309
-0.247042269
-0.144880429
-0.139152139
-0.115997724
0.0551047139
-0.0457338206
-0.02660398
0.00820110552
0.100113213
0.0314610749
-0.0437720194
-0.0711056888
-0.0301449653
-0.0287107192
-0.0552576259
0.0825970471
-0.0336015336
-0.0423082188
-0.021948019
0.0897685662
0.0948924869
0.177875385
0.064657025
-0.095307678
0.0471941978
-0.0486285314
-0.050331559
-0.185402587
-0.127016872
-0.112093464
0.0110019036
-0.182779208
0.00772660132
-0.0110863661
-0.017280506
0.0845304653
0.0118276579
-0.0601780191
-0.0360078588
-0.155033305
-0.101934955
-0.163457155
-0.118794471
-0.242589593
-0.181771874
-0.147258952
-0.0258051697
0.0604391173
-0.113479465
-0.136091277
0.0488979183
0.0488642305
0.0308764055
0.0443701819
-0.040118292
-0.00906213094
0.0122498125
0.00725033693
-0.0535993539
0.0444438197
-0.0642956868
-0.00760315079
0.00849893223
-0.0360289402
0.0739736408
0.0874149054
-0.0112073896
0.0354025923
0.0467404425
0.0395277627
0.144439489
0.158373058
0.0415545106
0.146576434
-0.0158717427
-0.090633899
0.0956913084
-0.105533749
0.0113370437
-0.0366892554
-0.14518775
-0.0873208418
0.0319122076
-0.0504132807
0.0706239641
0.0141246263
-0.0108917514
0.0625173599
0.0888071209
-0.0404976793
-0.0531539842
-0.0354045182
0.012687006
-0.07208509
-0.106975839
-0.0648165122
-0.126660958
-0.150901079
-0.196209908
-0.0197476894
-0.0647288337
-0.235997275
-0.0164831616
0.145264953
-0.0789744854
-0.0799672306
-0.0613146313
0.0290502347
0.00102719548
-0.0658884943
-0.0362736322
-0.079045631
0.0274347793
0.0827316865
0.0497538373
-0.167224705
0.0263000038
-0.0553316437
-0.00114862563
0.0226303283
0.0106125278
-0.00837057456
0.0401884392
0.0652282685
0.0960192084
0.0449816585
-0.0342338048
-0.0122192688
0.129306734
0.168384835
0.0842335746
0.0371741168
0.0861133561
0.150060758
0.0800919682
0.0298980456
0.129880294
-0.00570881413
-0.0628856048
-0.000261472014
-0.127986819
-0.0757263228
-0.28984502
0.0181689598
-0.13894926
-0.110689774
-0.0798835233
0.0334726162
0.143652752
-0.0771158263
0.0800765604
-0.0409473255
0.0991757512
-0.020037422
0.0580910183
0.0562907308
0.12739937
0.060073968
0.116285667
0.0775012299
-0.0598012432
0.0243104827
-0.0105713606
0.125959814
0.143316269
0.0812068358
-0.102922171
-0.123702735
-0.0897794366
-0.0673314184
0.0398830362
-0.168170273
-0.094498679
0.00487169717
-0.0622417331
-0.0713914037
0.0451814979
-0.0377421528
0.0251395535
0.0659144223
0.104420021
0.0610792078
-0.011411001
-0.00916698296
-0.0895531327
0.0182420108
0.0205708835
-0.0340531468
-0.00886874367
-0.0271901321
0.0740509331
0.0381500386
0.0338466726
0.081676431
0.149653047
0.0937539339
-0.141549647
-0.0913537517
0.0726448521
0.0514333472
-0.11978469
-0.117639534
-0.0316265188
-0.105032481
-0.106781699
0.0118327765
-0.0800213441
-0.270134866
0.0326894931
-0.0424907245
-0.0910012051
-0.141591996
-0.0267134476
-0.00375823257
0.0779547393
-0.0813690275
0.0914600194
0.0964932963
-0.0480720736
-0.0958520696
0.0603186451
0.198911533
0.0709994435
-0.0395927541
0.0319319256
0.0947105959
0.085417226
0.00836149696
0.156674266
0.189886555
0.0995019227
0.0271193609
0.0897585005
-0.060075745
-0.0191729236
-0.0470845923
-0.108280912
0.0132146841
-0.0599038713
0.0639139265
-0.0617319643
0.0726975203
-0.0121287992
0.0715005398
-0.0202877931
-0.108497791
-0.0555810332
0.074552536
-0.156054527
0.0408490002
0.00262039341
-0.0640098304
-0.115242198
-0.109015107
-0.000840827008
0.00543311145
0.100574367
-0.0623233318
-0.0948352367
-0.141235068
-0.0264990348
-0.0314793736
0.0730538741
0.0301779285
-0.0450391918
0.0331585184
-0.0186024662
-0.0240573063
-0.0847479478
0.0109344665
0.00162603811
-0.00886012055
-0.0346388631
0.0769717619
0.0294193942
0.00201974739
0.115578078
0.0841949806
0.0368821658
-0.00990294758
0.0501066409
-0.0162392408
-0.0169741958
0.0858887509
0.0627394468
0.122898355
-0.0147446701
0.0730598569
0.121222183
0.0866590217
0.0249121282
-0.0387660079
-0.119259603
0.00653050886
-0.0399293229
-0.111687765
-0.0542937517
0.042163495
0.0865297541
0.0926708281
-0.0184314977
0.0327298902
0.0307595637
-0.0380750149
-0.0305003319
0.000850470911
-0.0380645357
-0.222061798
0.0482198298
0.0407583788
0.0323246308
-0.00404969556
-0.00494005717
-0.0267113615
-0.108866118
-0.00833746325
-0.032549046
0.00162059197
-0.0152901607
-0.0600921139
0.086389482
0.0723512545
0.0753141716
0.0703846216
-0.0365004279
0.0576324388
-0.0308163892
0.0511303581
-0.0597026385
0.0590014271
0.0754469633
0.00952298287
-0.117993817
-0.136833519
-0.0299658794
0.0192634575
-0.0676236376
0.0307539701
-0.0474396124
-0.0212959722
-0.135960013
-0.0848122984
-0.0196297225
-0.0570160784
-0.183093458
-0.061365705
-0.0474175476
0.00268953526
-0.035011556
0.0185918882
0.0725319013
0.0292993151
0.0890250802
0.137025788
-0.0240719095
0.0155012589
-0.0319258012
0.0222783629
-0.162931651
-0.157736555
0.0690747201
0.297724217
-0.0616547912
0.0686510429
0.0670220703
0.105708621
-0.00860684272
0.190739736
-0.066182524
-0.0463764817
0.0549007058
-0.0812527984
0.00395515049
0.0149342436
-0.00571877928
-0.00406647567
0.0318122692
-0.0783796385
-0.0533275902
-0.110157587
0.0290603861
-0.0341293178
0.0137551744
0.0704832003
0.00490519777
0.0400586799
0.0206586346
0.115683593
-0.0706656128
-0.0760052577
0.0125248283
0.0846018642
-0.244470611
-0.0177360941
0.047516305
0.0733103454
-0.207691431
-0.0200651288
0.0831792876
0.0331957601
0.13852942
-0.0607298687
-0.0544912852
0.0356174782
-0.112606391
0.0695293397
0.0410564765
0.0622454435
-0.0805969536
-0.123211175
-0.0375333652
-0.0520373508
-0.0974308103
0.019990433
0.00166551466
-0.129008293
-0.0917157754
0.0665331855
0.0317933261
-0.0260621607
0.0798952729
0.110938556
0.0510289036
-0.0458766334
-0.0641863868
0.0566412285
0.00863765553
0.119830899
-0.0449005216
0.0681907162
-0.0134392148
-0.0801914781
0.0477221049
0.116727993
-0.0441327691
-0.0939406082
-0.0829217434
0.121758357
0.0460213348
0.0602865294
0.0434553437
0.0467275046
-0.0470434986
-0.0735105723
0.0649130419
-0.0376095064
-0.0495027341
0.0834625214
0.0138907852
0.0892498344
-0.00733060576
0.0645714253
-0.0180154275
-0.0748652965
-0.00152608776
0.260631859
0.0224262234
-0.0736067891
-0.0861274824
0.0319197327
-0.0333524197
-0.0303872395
0.0222957619
0.0779618397
-0.0624607652
-0.0360111631
0.110408731
0.192738831
0.0792936236
0.0745337307
0.0700548217
0.00213927962
-0.0514930077
0.0398871675
-0.115708873
-0.030714931
-0.0581479557
-0.127764508
-0.0766792148
-0.016138358
0.0444807261
-0.0169148035
-0.037781205
-0.00597546296
0.185964733
0.039718084
-0.00135843968
-0.045051109
0.0300438143
0.052482944
-0.0727566928
0.0280354992
0.00549103227
0.100298941
-0.0272900648
-0.0368035957
0.0854069516
0.0122296549
-0.052449584
-0.0382650942
-0.070467405
-0.0520110466
-0.154673457
-0.0871652439
-0.0154556762
-0.0815678462
-0.0660979748
-0.0260142349
0.0374427326
-0.0503555052
-0.00279039517
0.122820906
-0.102724351
-0.106318675
0.0744557008
-0.0378898121
-0.0755571574
-0.00798914302
0.134993315
0.100719757
0.0403942131
-0.0288327634
0.0419299565
0.063055627
-0.0216757525
-0.0231299326
0.0405281782
0.0558215678
0.0713116154
0.0551223047
0.0543040112
0.0203978792
0.0928813443
0.0947603136
0.0741622522
-0.0153986206
-0.00255349488
0.036635071
-0.00210122205
0.0577019341
0.033220239
0.0257558562
-0.00438974006
-0.0331387483
0.00572229549
-0.0122558838
0.0167483371
-0.0161361191
-0.0526248068
-0.0838216245
0.0203892291
-0.128343195
-0.0305585936
-0.0507901162
0.0380885564
0.0201707054
0.0243378021
-0.0524771884
0.0446546786
-0.0243376736
0.077249907
-0.0395353921
0.0615089498
0.106904112
-0.00672336202
0.0897838995
0.117257491
0.00403530337
-0.056138806
-0.0315084048
0.0607812814
0.0360436365
-0.0208949875
0.109280407
0.0742114037
-0.0455346294
0.0682375506
0.00899518467
-0.0665442422
-0.01905022
-0.0939737558
-0.0757077038
-0.12859942
-0.136497959
0.0658512712
0.0284170397
0.0641605109
0.0193315353
0.00983925536
-0.114720948
0.0920380652
0.0560665354
-0.0783226416
-0.0831952021
-0.0240591411
0.00522121461
0.00389185664
0.0199730508
-0.0359182358
-0.0285618957
-0.000947913795
-0.00457172748
0.0584471971
-0.0113636022
-0.0331326649
-0.0285270195
-0.0619029701
-0.0390535481
-0.05501917
-0.0849979371
-0.0644898564
0.0207892004
-0.047752019
-0.147425696
-0.293030679
-0.164107114
0.00512933591
-0.000513157807
0.0537146889
0.0761728734
-0.0215855427
-0.183407858
0.0276588574
0.157584548
0.134355575
0.0563571528
-0.0508228987
0.0948591679
0.0443275794
0.0541986302
-0.0201866031
0.044370126
-0.0766380429
-0.00359114283
-0.0694475099
0.0449887551
0.0748903677
0.0374844335
0.0577729382
-0.0501734801
0.118896186
0.0353964195
-0.0391044505
0.0288386159
-0.0624324456
-0.0448915362
0.0506240092
0.118335634
-0.0209152736
-0.0133431014
-0.0172353033
0.0335867442
-0.0635854751
-0.123503439
0.073583819
0.039555613
0.102174051
0.0816967487
-0.00131150906
-0.0244834572
-0.179115623
0.0486077368
0.0799186304
0.161243722
-0.0561272576
0.0535673387
0.0274818745
0.084597066
0.0446638763
0.10043627
0.0646840632
0.0375932157
0.130833283
-0.0365625843
0.0207433458
0.0784107596
0.0735949427
-0.0487860031
-0.0762314871
-0.0974192694
0.0437706895
0.0600056686
0.110688232
0.171727255
0.0403304435
-0.00418557227
0.102997683
0.012933108
-0.0495289601
0.043554388
0.0116358977
0.0111560496
0.0946182832
0.121712923
0.104669318
-0.0590468235
-0.0706418231
0.0738323778
0.0420254655
0.0374232903
0.0370518304
0.0345437825
0.0207081698
-0.067040652
0.0204725843
-0.0371065848
-0.0428212807
-0.0301154871
0.0656612813
-0.0141737284
-0.0919571221
-0.156830549
0.0997003838
-0.017490577
-0.118012853
-0.127535746
0.0669766888
-0.0547147803
0.0539003722
0.0135125406
0.0484442115
0.0494678542
-0.0135702183
-0.0123263868
0.102426924
0.100781523
0.0836496353
0.0779341832
-0.00944128353
0.102724381
0.134476513
0.0462909229
-0.0888318568
-0.0314222313
-0.0247860812
0.0306342747
0.0206491221
0.0752767473
0.0403701216
-0.0145078618
0.0645703524
0.0965708792
0.00563339982
0.0459535047
0.0519532338
-0.0103049073
-0.0560848378
0.0957712904
0.0471221246
-0.0768068135
-0.0167132001
-0.0718048513
-0.0150223207
-0.00898712408
-0.0462117717
-0.038515687
-0.066028215
-0.029985806
-0.0876751766
-0.254641593
-0.0451835282
0.0753911212
0.0130995987
0.00209702831
0.00978429243
-0.0043018898
0.0238859318
-0.0285698585
-0.104596131
-0.0788871646
0.099218756
-0.0271491576
-0.0219614301
0.025625471
-0.0625403747
-0.0157875344
0.102551065
-0.0435244851
-0.00783775002
0.0355741754
-0.0229469948
-0.0445557609
0.0632433221
0.0574777611
0.0340956636
0.00426432071
0.0265218318
0.0342947245
0.124264531
-0.0549976602
0.0526367426
-0.013879152
-0.0148231341
-0.0411134847
-0.0125583811
-0.0401746705
-0.0477220826
0.0624038987
-0.0152321868
-0.016385017
-0.0919580609
-0.0686285868
0.0693667084
0.13330175
-0.0391945913
-0.0695877746
-0.0163347926
-0.0986972675
-0.021606775
-0.00155267282
-0.119357929
-0.135856256
0.0728557557
0.0105544636
-0.0111270715
0.0799291879
-0.00965989102
-0.00743173528
-0.000204651806
0.143625796
0.0424771756
0.00337812211
0.0432220064
0.0720256343
-0.0244524665
0.0266336761
0.0906969309
0.0675718263
-0.0480331667
0.0772893503
0.0540932715
0.0269694496
0.0223184079
0.0742420554
0.059589155
-0.127829224
-0.131761536
-0.179572135
-0.236535549
-0.169838458
0.0153947091
-0.00367566547
-0.0157828685
-0.0371008925
0.0269083939
-0.0599393621
-0.00353414239
-0.0245943014
-0.0397386104
-0.149678841
0.0700933412
0.164960489
0.0560453683
0.0497580953
0.0107975304
-0.0512426309
0.0094842324
-0.0441202596
-0.0195455328
-0.051440198
-0.012156494
0.0622077025
0.0723528787
-0.00405862695
-0.0368849561
-0.000264552858
0.046482943
-0.0383828618
0.0102245118
-0.0170962419
-0.111714989
-0.113919854
0.0164363664
0.100089163
-0.0366554745
0.0171213802
-0.0892229602
-0.0106413355
-0.0512877852
-0.0600195043
0.028730154
0.0808465928
0.0356931388
0.241650119
0.0826260448
0.0373795927
0.0190293435
-0.00371787138
0.0029515638
0.0228984822
-0.0475571714
0.0800270662
-0.107600555
0.00937684719
-0.0126626436
0.0461728275
0.013172688
0.0333816633
0.0611403584
-0.124347135
0.0671906993
-0.0471597835
-0.0222342294
-0.0264372807
0.075635694
0.123425975
0.0809080824
0.0117106279
-0.0698973462
-0.0542996041
-0.0885777771
-0.00054696016
-0.0700748116
-0.0724303648
0.0195456985
-0.0493222773
0.0373171233
0.00812901184
0.001562241
-0.0450008698
0.015153042
0.026746342
0.0733599737
0.102186859
0.011358154
0.0576111004
0.00187663699
-0.0240487773
0.0204802752
-0.0352569669
-0.0230682604
-0.0620403811
0.0609901398
-0.0905634314
-0.0648594275
-0.0614461824
-0.0119794207
0.0502980091
0.0497205146
-0.02997219
0.0470562167
0.0233177692
0.00947590824
0.0942652747
-0.0410470553
0.0621471517
0.00984959863
0.0452130027
0.0715236515
0.0184648521
0.0781332627
0.0227722917
-0.0256117526
0.0161120463
0.0687808916
0.0418565571
-0.0432191975
0.0220341608
-0.000940095691
-0.0617765151
-0.0738548115
0.051059179
-0.0102529889
-0.0853171945
0.0549445897
0.0950867236
-0.160659194
-0.134189442
0.0537243858
0.0318180881
-0.106471717
-0.176259324
-0.0109065687
-0.0524664111
0.0232042354
0.0676186532
0.0801844299
0.103669442
0.0831537619
0.0551907122
0.0996540636
0.0474346019
0.116055191
0.0823848471
0.0287922751
0.116090804
0.0140411081
0.0454929657
0.0091377208
-0.0233639367
-0.0683907494
-0.0803956464
-0.0612841696
-0.00480270525
0.027157221
-0.0658212826
-0.00177138904
0.157863662
0.15768753
0.181408912
0.123277389
0.0277950987
0.0670833886
0.0926215723
0.0301846005
-0.0466675013
0.0389757156
-0.0155471247
-0.0311056189
-0.0857634023
-0.0997017249
-0.074302122
0.128012836
0.0252157748
-0.0413198322
-0.136231273
0.0395513624
0.0853888467
-0.00663078297
-0.0342593305
0.00873797387
0.0408624113
0.0115202591
-0.0430488251
0.0183645841
-0.0346360393
0.0275455173
-0.00713949092
-0.0755391791
-0.0254425611
-0.0752154961
-0.00980932731
0.051531706
0.0164370425
0.0258879866
0.021011224
-0.0485904031
0.033928778
0.0442017429
0.0435556062
-0.0348805115
0.0327817388
-0.0143298535
0.0567000657
0.0845950842
-0.0299501922
0.0209248811
0.12063393
0.00667852536
-0.0287141651
-0.028723564
-0.0281399265
0.0426488519
0.00471336301
0.00952694565
-0.0127675096
0.0269247871
-0.0220336057
-0.00989769492
0.0132319434
0.0310676415
-0.118358806
-0.0706590489
-0.00502959825
-0.0391840078
-0.0537311174
-0.139347434
-0.166640207
-0.022738168
0.0636760369
-0.0338581428
0.00574126048
0.0857839733
0.083782874
0.0443600342
0.0163282771
0.131563112
0.0950515568
0.108036399
0.106903128
0.0106525635
-0.0549005456
0.011077309
0.119283356
-0.0210805964
-0.0443882309
-0.0491082929
0.0606796592
0.0576879978
0.00768102892
-0.113633052
-0.116338171
0.0283113346
-0.172818169
-0.262978733
-0.0133218402
0.0395793729
-0.0917281285
-0.0663107634
-0.0281087458
-0.0597817712
-0.0309444815
0.0670916364
-0.0958313942
0.0707517043
0.0959171653
0.0312542692
0.0313281342
0.181703463
0.0192925222
0.0440599732
0.043183703
-0.0451710857
-0.0516265221
-0.0369436741
-0.0296974834
-0.101983838
0.0407002158
-0.00840831921
0.0283498075
-0.00718387635
0.0788781941
-0.00807128474
-0.0621816628
-0.0825139433
-0.0623055324
-0.109776273
0.038400773
-0.0479195155
-0.13053377
-0.126894355
-0.0720472261
0.00477437582
0.134760007
0.0477873161
-0.198126212
0.0310070757
0.0437919386
0.0518304519
-0.0219527427
-0.0219257064
0.00536835939
0.0195992664
0.0676981881
0.121444888
-0.0139027685
-0.0539467074
0.022403067
0.00293629454
0.0221829638
0.0123802787
-0.0326873474
0.00219177455
-0.0429449901
-0.0483160913
-0.0305589829
-0.0726401806
-0.0532688946
-0.0402732641
-0.12605755
-0.0665676221
0.146139517
0.12757428
0.0938341245
0.0531584062
0.151997998
0.00368797407
0.0100104176
0.0572022535
0.0409105383
-0.0217461418
0.0461692661
0.141906932
0.0130931223
-0.135491207
-0.098538354
0.141567528
-0.0609845966
0.0322133973
-0.0402190946
-0.173633367
-0.052515164
0.0767873749
-0.0207115114
-0.0938726962
-0.0409760848
-0.0272074025
-0.0177791491
-0.0548923723
-0.118422799
-0.0517633818
0.0718881339
-0.0768643767
0.0971096307
-0.0747170746
-0.0757843032
0.0168538969
0.020452667
-0.0499525443
0.0914354697
0.0365442671
-0.0210182294
-0.0135696633
0.00745437061
0.0795011595
-0.00286631635
0.0362101682
0.189583093
-0.00109744444
0.0473554358
0.0558963194
0.0373160057
-0.0548753552
-0.0289567728
0.0581394322
-0.0128931031
0.0536604002
0.0792856067
-0.0447992906
-0.122726098
0.0850475505
0.0530910231
-0.0100374036
-0.133558288
-0.0224922784
0.0639817789
-0.00217159162
-0.0569364429
0.0142601924
-0.0286376458
-0.0787524655
-0.0983186662
0.000345662236
-0.208197892
-0.16907458
0.0269467942
0.0486050397
0.0777905807
-0.00195991737
-0.0357718989
-0.0385417528
0.0662864372
0.0984370261
0.0406505466
0.104484305
0.0898157358
-0.0166752916
0.0120578324
-0.00845649466
0.0365388468
0.00862586871
0.191862851
0.0662943348
0.139828995
-0.0151874656
0.15186134
0.0740840435
0.00828305539
-0.017269941
0.132392764
-0.00127920532
-0.00344214821
-0.0354934931
0.0224545095
0.0260579828
0.0310916379
0.0237805583
0.0171535742
0.13232027
0.144411683
-0.0757321492
-0.187537402
0.0236492865
0.056228932
0.015341836
-0.160005838
0.0359587334
0.0402849279
-0.0936487168
-0.0111104352
-0.0141945379
0.00617998699
-0.142846286
-0.182959259
-0.0317932144
0.000366519293
-0.0492397547
-0.0224361271
0.0460516922
0.0585545301
-0.0290110875
-0.00106040738
0.00278542587
-0.0443410575
0.00840734132
0.00455747405
0.0728449672
-0.00572014228
0.00105929922
0.0589635223
0.0564806871
0.0611764491
0.114119925
0.100127891
0.0250027291
0.0351198763
-0.0177612826
-0.127437785
-0.0226958804
-0.0214422885
0.00266414555
0.0180195458
0.0508847758
0.102447368
-0.0114489272
-0.00578106847
0.0491843671
0.0156169673
-0.0986619741
-0.153008163
0.0536566339
-0.0235189423
-0.103906214
-0.0872985572
0.00481573213
-0.0295788031
-0.0646976084
-0.0869352296
0.0283985771
-0.105886117
0.0750606433
0.0416599251
-0.0210549496
0.0875981003
0.068623051
0.119104512
0.0375724398
-0.0535948016
0.0462730266
0.0131696938
0.0190275777
-0.0130804013
0.111203305
-0.00667019421
0.066798538
0.0855684355
0.124787085
0.0665635616
0.0244046971
0.0446018949
0.0245184842
-0.0470936112
0.0713993907
-0.13149026
0.107680395
-0.055881042
0.0675466731
-0.149117574
0.0928231552
-0.0749982968
0.0060741771
-0.0910356492
-0.0408519581
0.0114131328
0.0407411046
-0.000729986641
0.00390372588
-0.0538855381
0.0617271177
0.0371341482
-0.0591485873
-0.104377516
0.0769196376
0.00778691331
-0.0180439018
0.0296465475
0.0903615132
0.0596571192
-0.0112833949
-0.00508920988
0.132993385
0.0510725677
0.0656144693
-0.0570393577
0.0127594136
-0.135169402
0.0269235149
-0.106085248
0.000555543054
-0.164544016
-0.0585354976
-0.128929764
-0.0304432679
0.0239017252
-0.0485195965
-0.0209753122
-0.00293949037
-0.026639089
0.0158639997
0.0260459427
-0.00968939066
0.0599792451
-0.0409716889
0.00434635626
0.0499885604
-0.0360334367
-0.0237527955
0.0277145058
0.0475481115
0.10369131
0.0807341635
-0.0163592789
0.037068136
0.0253049508
-0.0815966874
-0.149524868
-0.0709561333
0.0110618686
0.0608845241
-0.000421566423
-0.0312324259
-0.00341787795
0.00454558851
-0.0637820587
-0.0729079619
-0.15204443
-0.153925225
-0.0730900094
-0.0431100912
-0.0530111268
-0.139887378
0.000141435085
-0.0959654897
0.0358440951
-0.0183493607
-0.0279969722
-0.0172256399
0.0633828714
0.0470482707
0.0362231471
0.0969653055
0.0747778565
0.0559675656
0.123648666
0.00162758562
0.114190422
0.00814652629
-0.0626377612
-0.0518628061
-0.0500681549
-0.123280957
-0.109151453
0.0916892961
0.0398314185
0.0361279361
0.0378248878
0.0457778685
0.0357343331
0.0408461392
0.0306924451
0.0606883205
0.00977950078
0.00694320677
0.0749127567
0.0412671641
-0.00193993095
0.0432699397
-0.00303335208
0.0953143239
0.0239494946
-0.0162231941
-0.0647639409
0.0256760493
0.0384474769
0.0584402196
-0.0715459585
-0.0830119252
-0.0564262532
-0.0148453657
0.0401671715
0.0392270647
-0.0550716072
0.0282273814
0.0299946442
-0.0647291094
0.0289466735
-0.00178796775
0.00550471758
-0.0480567738
0.0168897603
0.0224057715
-0.0495616794
-0.0404475369
-0.0149247954
0.0115161082
-0.00240696827
-0.0249509532
-0.0547530912
0.0482854918
-0.0850341991
0.0230034646
-0.0525535755
-0.0649479106
0.012469044
-0.0561385043
-0.000453127985
-0.0121568544
0.00620123278
0.0459621586
-0.0372715406
-0.041148141
0.0214058049
0.0212569162
-0.00508088991
-0.0378113128
0.0264399331
-0.0261161122
-0.0210091993
-0.0413574614
0.0376408882
-0.0615570247
-0.0176590867
-0.00727652758
-0.00173027592
0.016057469
-0.0223639589
-0.0579783693
-0.0457108244
0.00483268732
-0.0686050802
0.0119454414
-0.038930431
-0.0382828377
-0.0533419847
-0.0437736362
0.0269749593
-0.0192451775
-0.00233680708
0.0242862087
-0.0185250156
-0.0153035754
-0.0662022531
0.0199420415
-0.0278237872
0.0099211894
-0.0533283055
0.0118299713
-0.084402591
-0.0491266213
-0.0615590997
-0.0729802549
-0.0698766112
0.0293276608
0.0322285853
-0.0268961098
-0.0182148516
0.0385514721
-0.074068211
-0.0729145631
-0.0330455452
-0.00111065316
-0.0797145218
-0.0525717139
-0.0445646569
-0.0736076906
0.0309441481
-0.0363655798
-0.000224574091
0.0115171559
0.00932447053
-0.0788568407
0.00203299336
0.00150229712
-0.0654469207
0.0295283869
-0.0362727866
-0.0455575846
-0.0802007318
0.0245804377
-0.023360623
0.0183230191
0.0243884865
0.0319312289
0.0227219909
0.0348474719
0.00130072772
-0.00919572916
0.0207639989
-0.0808230564
-0.060738232
-0.0861352906
-0.050473284
0.00758943707
-0.0827205032
-0.0798679888
-0.0512669124
-0.0841444582
-0.058787331
-0.0837364346
-0.00172511081
-0.0534753464
-0.0610047802
0.0285628885
-0.0542970411
0.0207477659
0.0150774345
-0.0256355517
0.0309496615
-0.0245575383
0.00858132821
-0.0529391617
-0.0348722897
0.0103660012
-0.015546672
-0.0144435056
0.000895911886
-0.0530713722
-0.0786313042
-0.0432918295
-0.0354264788
-0.0510654598
0.0355768576
-0.00884223636
0.017386457
-0.0589098446
-0.0592735671
-0.000680899713
-0.0360958241
-0.0810906366
-0.00319471094
-0.0553732738
0.0237523317
0.004268358
-0.0523344763
-0.0884293318
0.000317952596
-0.0342171304
-0.0247728005
-0.012695998
0.028552603
-0.0798920915
-0.0196197294
0.0155333057
-0.057347361
-0.0529880747
-0.0601986125
-0.0208752211
0.00733125396
0.00841166079
0.000122717771
-0.0223686118
-0.00832302123
-0.00607619202
-0.0333491862
-0.0600494295
-0.00256041414
-0.0355733447
0.0317373276
0.0194060672
-0.0803536549
-0.053542845
-0.0151123144
-0.0142116956
0.0330950283
-0.0286279134
-0.0842608437
0.00361037371
-0.0684323534
-0.0545452684
-0.0598522909
-0.0184652172
-0.00359521038
0.0125512779
-0.00797507446
0.0227123518
-0.0745551959
0.0302884933
-0.0749258846
-0.013681096
-0.0656226501
0.0308411159
-0.0639891103
0.0262810364
0.0171581376
-0.0252495762
-0.00421217177
-0.0489375442
0.0298664309
-0.018632574
-0.00158881373
0.0381105728
-0.0343844853
-0.0815024897
-0.016929429
-0.0200398788
0.00879586674
-0.0146489162
0.0176511053
-0.00411586463
-0.0811014771
-0.023557175
0.0289141629
-0.0638188049
-0.0327380076
0.0306691565
-0.0718630627
-0.0875359699
-0.0613641888
0.0172133241
-0.0350259133
0.052799996
-0.0173315611
-0.0307184812
0.0527903065
0.00169867172
0.0248385035
0.0350907296
-0.0166560374
-0.0379986838
-0.0772292688
-0.00831917394
-0.000532335427
-0.0355171189
0.0191520993
-0.0707424432
-0.0863474235
-0.0823534876
-0.086740382
-0.027305657
0.0217776708
-0.033962898
0.029153984
0.121250689
0.14124772
0.0114483815
-0.0276150405
0.0757490918
0.0225463044
0.0175533909
0.0271530785
0.0496145934
-0.0176107176
-0.0951601639
-0.107670352
0.194529936
0.0946902707
0.0162209049
-0.160688266
0.0582597628
-0.0190197881
-0.00279501616
0.0512351282
0.0296118241
0.0153033426
0.034176033
-0.0290006846
0.00518606743
0.0503707379
-0.00649307296
-0.0372786149
-0.0198381003
0.00706299581
-0.0178839192
0.0253436007
-0.107988723
-0.0324874967
-0.00169915368
0.0747375488
-0.0523249172
-0.0980229005
0.0877261758
0.0575949512
-0.101536773
-0.0676514059
-0.045459263
0.0689332858
-0.142323643
-0.0339494571
0.00684020575
0.0492607318
0.0982104391
0.0951463729
0.0639059842
0.204287738
0.0668311119
0.102339678
-0.00394270523
0.215988487
0.0904249623
0.0283804294
0.00315235392
-0.194454044
0.230407164
0.0250841156
-0.041311942
0.037599545
-0.0546524525
0.000448948209
-0.0586029664
0.000172219705
0.035195671
-0.0151058305
-0.0470620021
0.0347144492
-0.0237779543
-0.0052865888
0.0413744934
-0.00786086358
0.00910814106
0.0266787745
-0.0322804675
0.0507112928
-0.0510062352
-0.11647822
0.0155523624
0.111556932
-0.0101880692
-0.0529788546
-0.00811105967
0.0365057588
-0.0353793092
0.0863333941
-0.0167366099
-0.0379927009
-0.0159868989
0.0742668957
0.0195341837
-0.027646523
0.000410076231
0.0512342639
-0.0125071853
0.200285345
0.0202887766
-0.00216165418
0.026215503
0.0680668354
0.11809919
0.0237723123
0.0569284186
-0.00843149517
0.123955786
-0.042809464
-0.0585674942
-0.157478943
0.0352340825
0.0639428571
-0.0157256182
0.024070086
0.0185345113
0.0501033366
-0.0523818359
0.020195717
-0.00936896913
-0.119679086
-0.0146270338
-0.0503945015
0.0307635088
-0.0125141144
0.0372270904
-0.0462890491
0.110999241
0.10441608
-0.00346625969
0.0918751657
0.0821453184
0.0913471803
-0.0132306917
0.075029783
0.0687046126
0.0586390309
0.071345441
0.0470898896
0.17025286
0.0134524675
-0.0273786467
0.00768013904
0.0250308886
-0.0308007766
-0.00552538084
0.0377879627
0.0337338075
0.0373765454
0.00221393374
0.00812902395
0.0430151783
0.0998808295
0.0382784307
-0.0379268155
0.0338439532
0.0409361124
0.0510342941
-0.0100117354
-0.0323122889
0.110922836
0.276169986
0.129035503
0.0300279688
-0.124426425
-0.158903047
-0.0230384097
0.0576501153
0.181274012
0.115149103
-0.0948126465
-0.0595134906
-0.0225980654
0.0559537299
-0.0544506684
0.0534054264
-0.0254545659
0.113125242
0.0496743917
0.0246313196
-0.0535763949
-0.0519660041
-0.0773241743
-0.0189214349
-0.00367376907
-0.0101782307
0.0264439788
-0.11678046
0.014910371
0.101234272
0.0255836062
-0.0157897919
0.0958741009
0.000949511072
0.00275289733
-0.0330325477
0.0571097247
-0.0207675695
-0.00242060935
0.218378708
0.187320396
-0.0640792176
-0.083340928
0.0731142238
0.0992885828
-0.0658537149
-0.0163609665
0.148366064
0.0973100737
-0.05302459
-0.0171944685
0.118039086
-0.0430979356
-0.115780085
-0.141203195
-0.0463269055
-0.0752027333
-0.0358325802
-0.0507497787
-0.119038984
-0.0231468454
0.0354386643
-0.0571797974
-0.136195138
-0.0737392753
0.0326221623
0.0340573713
0.00487488974
0.0423308462
-0.073822014
0.0305390395
0.0523153953
0.00629664725
-0.031228682
0.0562845543
0.0115466183
-0.0560581796
-0.050358355
-0.0495629385
-0.0241444334
0.0328045748
0.0226843413
0.0917372406
-0.0143561848
-0.059549205
-0.153848395
0.0151574817
-0.0420557298
-0.00452588126
-0.0226125978
0.148576111
0.0558573082
0.0800093338
0.0459804833
0.0498243533
-0.149059132
-0.0917166471
-0.047065869
-0.122324772
-0.093554914
0.0303162504
-0.0148900282
-0.160867184
-0.112439066
0.0151191996
-0.108753897
-0.152342066
0.0222812071
-0.209814742
-0.156168148
0.00760856085
-0.0795263797
-0.00874478277
-0.040717043
-0.0391258709
0.0592358075
0.12103527
0.092931293
0.0221510585
0.0675425157
0.0708010197
0.0520859323
0.0639912412
-0.0124899689
0.00471378583
-0.0220294688
0.111232705
0.10407567
0.0756475404
0.0291494802
-0.140385479
0.037993703
-0.0390447602
-0.107688077
-0.00483479816
-0.00794229284
-0.015014872
-0.0489098467
0.0699620321
0.00420503039
0.0783315375
0.0518051572
0.0367315672
-0.0128199514
0.0293972529
-0.0606229305
0.0381724685
-0.0569908358
0.00839568768
-0.0022637255
-0.0461611897
-0.0996498987
0.0147179244
-0.107342027
-0.0802062303
-0.0689332485
-0.00156503916
-0.114873946
-0.0975489616
-0.0520186946
0.0387777425
0.0659313947
0.0352781601
0.0104590133
0.0701634809
-0.0611665659
-0.032831125
-0.0468823165
0.0802420005
-0.0437820479
0.094145067
0.048916854
0.0423344448
0.0765145719
0.0249694083
0.0907464623
-0.0237854235
-0.0305200331
-0.0974661186
0.0291240271
0.0559459142
0.0762771815
0.0548786409
-0.024971161
0.0142614134
0.112275429
0.0312897302
0.0434143431
0.00378677063
0.0018906421
0.0853279531
-0.046083983
0.00932818279
-0.0879501998
-0.0650555938
-0.0957953185
0.0990303978
-0.00436411146
0.010381164
0.00751284929
0.0146608613
-0.0303558391
-0.00425017066
0.0772764608
-0.0139453774
-0.0374368206
0.0910689756
-0.0130794412
0.000252122816
0.0237949584
-0.00372895319
-0.0444496311
-0.0481912978
-0.0305741578
0.00318562519
-0.0777796283
0.00727362977
0.135579243
0.0904730558
0.0105482331
0.0764398277
0.0379509255
0.0919825509
-0.0563299283
0.00583371706
0.0174921304
0.000740238698
-0.0397732668
-0.014565913
0.0530605316
-0.0165029354
-0.0206630956
-0.13210772
-0.0769557133
-0.0488685444
-0.0537120886
-0.100971133
-0.0867801011
-0.0688661188
-0.00630393624
-0.0410447307
0.00446522748
-0.194585577
-0.115412317
-0.0781728402
0.0573315546
-0.0887271985
-0.0158004314
0.0870550945
0.0955767184
0.026809549
0.0836669356
0.130685255
0.0407022759
-0.0261785872
-0.0517887175
0.0213909671
0.0625425652
0.067302227
0.0501515195
0.197838947
0.0431092456
0.0791832209
-0.00511145545
0.079146564
-0.00701696239
0.00654848572
-0.100066766
0.0130142737
-0.0598275252
0.0475294739
0.0335303135
-0.0642069429
0.0682074502
-0.0273407493
-0.0271716584
0.03658133
0.00729343947
-0.0540186241
-0.0335202068
-0.0812870711
0.0686221197
0.114115357
0.025728967
0.118945867
0.142071858
0.113948971
0.00239636982
0.0307555944
0.0654120073
0.0356061757
0.0115364399
-0.0281720329
0.00309436303
-0.0240917671
-0.0900574401
-0.123179689
0.00643920898
0.00505409762
-0.0326933712
-0.163295835
-0.125325054
0.0446569622
-0.0732979998
0.130478993
-0.00256808638
0.0333071984
-0.0714439526
0.0698206797
0.0125422673
-0.0473181903
-0.044703342
0.072756052
-0.0135914786
0.0284046829
0.0766757503
0.0120947501
0.103247508
0.0675792843
0.115972459
0.137011096
-0.00332773034
-0.112963162
0.0198273007
0.0192606449
0.0358239748
-0.025461603
0.0504416153
0.0589039773
0.0422574729
-0.060049966
-0.00747763645
0.0924513713
0.120745964
0.148585349
0.0220460631
0.0243178401
0.0570226908
0.0585316606
0.012867772
-0.0541044995
0.0662409216
0.0944783315
0.0486583263
-0.0516983047
0.0391448848
0.111715101
-0.000531579019
0.0708107874
0.00563095976
0.0227783974
-0.00297298189
0.018111784
-0.0324478857
0.038758792
-0.0234115496
-0.0672417656
-0.0425044522
-0.0586797893
-0.0516883619
0.0432067215
0.0329931229
0.00346415816
-0.0082462607
0.0400161259
-0.0466337055
-0.0197075102
-0.00702683488
-0.00838421565
0.0147733074
0.0310355201
-0.0605027899
0.00422879448
-0.0584940948
-0.0344834663
0.0257505327
0.0148824994
0.0508085638
-0.0154929589
0.0489823967
0.00153101992
0.0191204231
-0.0205197744
0.0390625298
-0.0220409892
-0.0127473213
0.0286938343
0.0225793961
0.0116403326
-0.0441462137
-0.00176329084
-0.0339801162
0.0288467277
0.0511100888
-0.04581891
-0.0514568351
0.0358123034
0.0206395946
0.0134337582
0.0427690074
0.00460352935
-0.0321693011
-0.0193340648
0.00373792183
0.0509575643
0.00828734506
0.0292675011
0.0480503365
0.0322883017
-0.0531775504
0.0445580781
-0.0608885065
-0.040572051
-0.0259819478
0.0330934934
0.0281041078
-0.0245193113
-0.0080886716
0.0483744368
-0.0186534412
0.00699875131
0.0313113593
-0.0655586869
-0.0620722733
0.0235471837
0.0384361334
-0.0409471691
0.0184193794
-0.0456529111
0.00869833957
-0.0270956475
0.0447828546
-0.0202099644
0.000616800855
-0.0136817386
-0.0258110762
-0.0615261495
0.0358464234
-0.0589698404
0.0107414927
-0.0414298624
-0.056795422
-0.054672908
-0.000180876159
-0.0243245438
-0.0103726313
-0.0553842708
0.00111150777
0.0284197684
0.0279107355
-0.0244643465
-0.0686494112
0.0189053863
-0.00277117663
-0.0532607846
0.0106511898
0.041358754
-0.0298717152
-0.0379888564
0.0251370035
0.0528476126
-0.00711797969
0.0132010551
-0.055673182
-0.0662920997
-0.0279671159
-0.0657518283
-0.0552414507
-0.023789309
0.0468349457
0.032065656
-0.0680689961
-0.00214486243
-0.0288602784
-0.0462536402
-0.0113793481
0.0059330971
-0.020366706
-0.0275446102
-0.0104498491
0.0645532981
-0.0538293645
-0.0585899055
0.0247214157
-0.0553998575
0.0247353148
-0.0489553139
0.0286973026
0.0173943881
-0.0455540791
0.0367774665
-0.00177534274
0.0158556215
-0.00781646464
-0.0649365112
0.0188552756
0.0116967782
-0.0653198883
0.0305374842
-0.0454245657
0.0445150025
-0.0132228434
-0.0661801919
-0.0553075075
-0.0317125022
0.00024729353
-0.00882733706
0.00132179447
-0.0666453317
-0.0382350385
0.0471328646
-0.0496295094
0.0435310043
-0.0208597537
0.0223856121
0.00822124537
-0.016161209
-0.0447453074
-0.0402912349
-0.000388860295
-0.00762117933
0.0317239836
0.0102104545
-0.00226755138
-0.0179579407
-0.0471849665
-0.0259641055
-0.0695790052
-0.00389577961
0.0193850715
-0.037047796
0.0309965275
0.00697639212
0.0257306825
-0.0413325578
0.0147787044
-0.0339295343
0.00399032561
0.0428975411
-0.0435981601
0.0384219661
0.00130482425
-0.00415695691
0.0161668081
0.0123405289
-0.0631252378
-0.0294509847
0.0328434706
0.0412025228
-0.00212639803
0.035574019
-0.0503082387
0.0113517223
-0.0369050205
-0.0355563089
-0.0285231695
-0.053850349
-0.0645620897
0.0135785593
0.00524308532
0.0529563688
-0.0034162174
-0.0551341213
-0.0217431244
-0.00991580915
-0.0157407224
-0.0274364464
-0.0317440443
-0.0462554507
-0.0526444316
0.0497457981
0.00224741735
-0.023737805
-0.0434934869
0.000116026917
-0.0308815856
0.0193216745
-0.0262680259
-0.0540847629
0.0076334211
-0.0510610379
0.0510128215
0.00933033507
0.0458613113
-0.0164720211
-0.038964726
-0.0346377268
-0.0289316494
-0.0397918038
-0.00604758784
0.028927587
-0.0661524311
-0.0503095984
0.0528089479
0.00111181987
0.0451826751
-0.0672549158
0.0446730144
-0.0282483026
0.0387110971
-0.060741052
-0.0656608939
-0.0362129249
0.0139093017
-0.0638668239
0.0482894033
-0.0645161048
0.0443949513
-0.0541385114
-0.0792663544
0.0486485884
0.0541271754
-0.0567208081
0.0203640368
0.0329102203
-0.0178799741
-0.0303997435
-0.0465711653
-0.0218665525
0.0420320183
0.0143385371
-0.0111571671
-0.00309484708
0.019792011
-0.0627162233
-0.0254175123
-0.0224893503
-0.00308253686
0.0471475162
-0.0321959555
-0.0452567935
0.0117711695
-0.0314844139
-0.0121930297
-0.0275692828
-0.0254412368
0.0297757946
0.0423493832
-0.0258734059
0.0134157734
-0.0266085751
-0.0351484641
0.0233945418
-0.0371035151
-0.040409334
-0.00717312004
0.0283112992
0.020599518
-0.0178649649
0.0279781204
-0.0370997824
0.032557942
0.0236506965
0.0392333567
-0.0389266685
-0.0274402499
-0.0110169798
-0.0643181875
0.0204283185
-0.0555710718
0.00995263644
0.0395420268
0.0365113616
-0.0294425171
-0.0632066354
-0.0200770721
0.029060632
-0.0478852838
0.047454074
-0.0241070911
-0.0536659211
-0.00414164225
-0.0134058446
0.00515236054
0.0424366184
0.0162324086
-0.0660545528
0.0461012647
0.0154801384
0.0209999029
-0.00508620078
-0.0663506091
0.037835151
0.0165366177
-0.0124805858
-0.0450401939
-0.0130904429
0.0217982475
-0.041936934
-0.00206428673
-0.00268523395
-0.0559371561
0.0546302013
0.0161839165
0.045211222
0.0220757481
0.00648529269
-0.0295334309
0.0201030057
-0.0580912419
0.0149442274
-0.00147467013
-0.061797604
0.0341686867
-0.0291929785
-0.0180267543
-0.00973111764
-0.0344833136
0.0257201698
0.0198667683
0.0264072008
0.0245233271
-0.0200186055
0.0175862163
0.0442036614
0.0422644392
0.0192126725
-0.0434462689
-0.005527284
-0.0657411441
-0.0379724018
0.0245557074
-0.027996812
-0.0231190193
-0.030176105
-0.0251594651
-0.0675284714
-0.0429931581
-0.0109922308
-0.0435231775
-0.0477963798
0.0370734185
-0.0537691079
-0.0479201227
0.0273403618
0.00767184095
-0.00652980432
-0.0617296956
0.0330682807
0.0334560461
0.0253307652
-0.031597171
0.0509727113
-0.0430789553
0.031565655
-0.0667292401
0.029506363
-0.00609026803
-0.0484376065
-0.0544618741
0.0257214885
-0.0527004153
-0.0570733175
-0.0475324653
0.0299519114
-0.0537391938
-0.0115875052
0.0162555315
-0.0262071006
-0.0628091618
-0.0207904857
-0.062134929
-0.00345180416
-0.051313404
0.0260327272
0.0368365347
0.0041583362
-0.0357739553
-0.0442645811
0.0218144506
0.0543323345
0.0404396132
-0.0466819517
-0.0424941406
-0.0488826521
-0.0332466401
-0.054472845
0.0144658722
-0.00452861749
-0.0455425195
0.0378360078
-0.0223877523
0.0465183854
-0.0411596298
0.0505209938
0.0498203039
-0.0450677909
-0.06675037
-0.00209445274
-0.019090144
-0.00500190072
0.00438391091
-0.0323155485
-0.0256582387
-0.0187323224
0.0146469511
-0.0126438178
0.0129841343
-0.0305336714
-0.0376197286
-0.00791249983
0.0291275904
-0.0227841567
-0.0758068338
0.01715317
0.0279595684
-0.0243361611
-0.00228170212
0.0320125334
-0.024685923
0.0179575738
0.00675349217
0.0115202358
0.0344993547
-0.0590731874
0.0474096946
-0.00465813046
0.0280986
0.0393787697
-0.00778278289
-0.0316377766
-0.0464740768
0.014764132
-0.0272773281
-7.58501919e-05
-0.0632040277
0.0174734443
0.0328802429
-0.00686981622
-0.055454243
-0.000974339957
-0.0507227592
0.0448991545
0.0193254668
-0.0553619638
-0.0393105447
0.00433719298
-0.00660100393
-0.045382604
0.0321668722
-0.0507380292
-0.0642660335
0.00454853149
-0.00832880754
0.0231644083
-0.0382536016
-0.0290254373
-0.0154412314
0.0524168797
-0.0481629372
-0.0609205887
0.0203830376
-0.0181718934
0.039598044
0.031636972
0.0474851169
-0.0368425399
-0.011597665
0.0536004379
0.0298079606
-0.0645282045
-0.0425718687
-0.0449855514
-0.0431395844
-0.0146625871
0.0871741697
-0.0729291067
0.0412082151
0.0134967081
0.16099982
0.00689880317
0.0133332238
0.00561340712
0.0860575959
-0.0371214114
0.101676002
0.0471403785
-0.0627740175
-0.217268929
-0.12054164
-0.0525341034
-0.080137372
-0.0187937822
0.0715872794
0.0520533621
0.0582640879
0.0787176043
0.0336861275
0.0647941381
0.106489941
0.126053154
-0.0558174066
-0.013875044
0.020851532
-0.116560251
0.188198224
0.111273721
-0.0512217507
-0.202212766
0.00310909236
-0.0457389019
0.0142061338
-0.0334893465
0.0371470526
0.0108990492
-0.00866597611
0.0155664058
0.112096079
0.0797389224
0.023138009
0.0616126619
-0.0455423146
0.0391708389
0.171672925
-0.106332608
-0.0279022511
0.0974831283
0.0836839229
0.0736328736
0.0135319922
-0.0572409779
0.165878162
0.179501444
0.038071584
0.0115562817
-0.0110630253
0.0396739282
-0.0272071958
0.0601229668
-0.0583719015
-0.0992015973
-0.0767019019
0.0233780518
-0.0586142167
0.0443025082
-0.0736085474
-0.0131556848
0.0174967572
0.0545135215
0.0342224389
-0.00215397007
0.00414112629
-0.0131059494
-0.0696806386
-0.110503964
-0.122474022
-0.0904895738
-0.00130557443
0.0282334518
-0.0347915404
-0.148779288
0.116619669
0.0270744264
-0.0446028709
0.0829733908
0.0677391812
0.10159038
0.0124522755
0.104799159
-0.0315160155
0.0826237053
0.0106288865
-0.0161227137
0.0569198132
0.0868144408
-0.0156788379
-0.100776605
0.0317208804
0.0024249733
0.10176874
0.0568734519
0.0276822876
-0.028539259
-0.0851916075
-0.201714054
-0.0270234216
-0.0364918411
-0.00740588317
-0.0962452665
-0.0069271503
-0.0297949053
0.0387186706
0.0255365632
-0.00402011862
0.064312622
0.0251781289
0.0834977552
-0.0566566624
0.0312871486
0.048069492
0.125647634
0.0469878763
0.0833859518
-0.0108386679
0.0541117676
0.0126564149
-0.0609904602
-0.0375015959
-0.0698200166
-0.00571533618
-0.0303600635
0.0130431345
-0.0939623117
0.0413787737
0.0323892944
0.0105685983
0.0801370889
-0.107771128
-0.0764414966
0.00445471797
-0.0325595625
-0.132166117
-0.0303911641
0.0651727915
0.0685848743
-0.0265916269
0.0105335638
0.0843494013
0.0278119631
-0.0121602491
-0.0278147347
0.0114936577
-0.0259338617
-0.0751987323
0.089970544
0.0540283546
0.229890913
0.156561702
-0.0255219713
0.00882848725
-0.0419552736
0.0179452486
0.0530048162
-0.0660867542
-0.085725002
0.000796559791
-0.079145737
-0.0647984147
-0.0191952176
-0.108650967
-0.0486985706
-0.00105380313
-0.0826759189
0.0821708962
-0.0195876677
0.0370536
0.0683702007
0.0109579433
0.0140052959
0.130464241
0.0997112766
-0.104088612
-0.0795646906
-0.072134383
-0.0765501708
-0.0799426138
0.00189770572
0.0129797366
0.0412276201
-0.0538026057
-0.0515034012
-0.100479037
-0.0301837195
0.0139399674
-0.0332658663
0.024417771
0.0553402677
0.0401346609
-0.00256186118
0.055267863
0.0653423294
0.199520618
0.16795285
0.0943790823
0.0774011239
0.0389363021
0.0897601023
0.083125107
0.0130641833
0.0176314451
0.032336954
-0.00617839582
0.0310769044
-0.0709304288
0.0110349283
0.0654359758
-0.0564461127
-0.110007904
-0.0816426277
-0.0489771143
-0.00555869518
0.019482784
-0.0801472217
-0.171608582
-0.213575259
0.0732819438
-0.0527366437
-0.0275362507
0.0315062776
0.0270113405
0.125867933
0.161997795
-0.0485377759
0.0300614182
-0.0591558702
-0.0562567823
-0.122348092
0.071158357
-0.0137042692
0.0362524427
-0.0612907037
0.105593883
0.033516705
0.112251252
0.0974511206
-0.124666035
-0.0491627604
-0.0367434025
-0.0284697507
-0.0322274938
-0.0319014676
-0.0393528603
-0.0145983407
-0.0453765839
-0.0483282097
0.0240369495
-0.0243881624
-0.00416388735
0.0212755911
-0.0563765466
0.00113729713
0.017020192
0.0189427845
0.0188280568
0.0263662394
0.0380522721
-0.0682781339
-0.0259882677
-0.00121830055
-0.0296540577
-0.0194601845
0.0357331783
0.00493570091
-0.03766587
0.0385086611
-0.0357092321
-0.0690791607
-0.0341357477
0.0300549567
0.0300074518
0.0506962016
0.0400415622
0.0111967344
-0.0418553464
-0.0546205379
0.00374914054
2.24936957e-06
-0.0487397462
-0.0200223159
0.0121055152
0.0417279117
-0.0370014794
-0.0356456973
-0.0490989722
-0.017731173
0.0316329412
-0.0218331907
-0.0487707406
0.0136075569
-0.0122543164
-0.0524752587
-0.0191469975
0.0461089052
-0.0355663002
-0.0429556519
0.0304344781
-0.0235500522
0.00653883116
-0.0192897525
-0.0640054271
-0.0522514917
-0.0173700545
-0.0184810478
0.0166495685
0.00515151722
-0.0540859997
-0.041327551
-0.00796711631
-0.0129620293
-0.027782971
0.0246306658
-0.0266469363
-0.0175077207
0.0186072998
-0.0431592129
0.0342842899
-0.0524149463
-0.0705831945
-0.0654003546
-0.0636868849
0.00740704592
0.0316821188
-0.0680085272
0.000615327386
0.0504784137
-0.0499572046
0.00131971703
0.0233728699
0.0270800423
-0.0358751267
0.0374614708
-0.0496955551
-0.0416189767
-0.0205669198
0.0467564017
0.0124058248
0.0502086207
-0.0239172801
0.0173971858
0.0155711658
-0.0511558317
-0.0198715031
0.0331622325
0.020709902
-0.00161540578
0.016922541
0.0452179164
0.0214608964
-0.0456629731
0.0369407013
0.0472764038
-0.0674598068
-0.00796604622
-0.0217588749
0.0257994514
-0.0366460346
-0.0351988748
0.00513178902
-0.0113533251
-0.0186141543
-0.0614970438
0.0311375428
-0.00311826379
-0.026197698
-0.0292911809
0.0464299731
0.029351864
0.00254433625
0.0115387309
-0.0561488345
-0.00362323504
-0.0611331537
0.0490891561
0.0145405
-0.00684217922
-0.0136683267
0.0320128016
-0.0558599085
0.000399533368
0.0487648696
0.0144026624
0.0034954478
-0.0208127983
0.0140008731
0.0408848152
0.0208624415
-0.0293501467
0.0486255027
-0.032192111
-0.0536218286
0.0376647078
-0.00218933076
-0.0255800169
-0.0674087554
-0.0546903834
-0.0413001291
0.0150883775
-0.0538733341
-0.0320275873
-0.0524852388
-0.00686816219
-0.014126814
0.0291096773
-0.0625461265
-0.0418943278
-0.0240433682
-0.00351080904
0.022785522
-0.0632572919
-0.0537877604
-0.0381000377
0.0605042763
-0.0121875824
-0.0596782528
-0.0121350158
-0.0633870512
0.0167004876
-0.0640835837
-0.00654080557
-0.0331884734
-0.0493164584
0.0360989235
-0.0172096565
-0.0703381374
0.0293484908
-0.0267991517
-0.00812170561
-0.00604659412
-0.0203087255
-0.0674137622
-0.000127856154
-0.0190083012
-0.000878970954
-0.00245433603
-0.0696273819
-0.0259930845
-0.00398562476
-0.0331943408
-0.0183024202
0.0425790735
-0.0128431832
-0.0539533682
-0.0577283874
-0.0598124526
-0.0118477475
0.0520701744
-0.0377087668
-0.0456870236
-0.0231048092
3.92165784e-05
0.0309779029
0.0247671846
0.0300823357
-0.00635727961
0.0364761278
-0.0128832152
-0.0011294646
-0.0140518639
-0.0566163808
0.0473038256
0.0202035587
-0.0214144923
0.012679805
0.017184535
-0.0194604229
-0.0117972884
0.028912222
-0.0492694378
-0.00627224846
-0.0709306449
-0.00414317846
0.0443056934
0.0111061605
0.0492481515
0.0215795599
0.00877295341
0.00644947821
-0.0692337453
0.0359815881
0.0280025303
0.0456240065
0.0188158453
-0.00388593972
-0.0319861211
-0.00252847048
-0.0555487163
-0.0114391744
0.0350631326
0.0420821533
0.0399952345
-0.0128794136
0.0369413346
0.00993638672
0.0418926254
-0.0330007114
-0.0616651289
0.0530676357
-0.0225549024
0.026542725
-0.0134144388
0.0249261614
0.0675583556
-0.111125022
-0.0486282222
0.00461335573
-0.0242882874
0.024485616
-0.141115382
0.00982063636
0.0321764313
0.1477644
0.0238259137
0.0149390148
0.0720925331
0.00689234072
0.0256103817
0.0314975865
-0.0519594438
-0.0145225786
-0.102563113
-0.0509046987
-0.0274380203
-0.0627312586
0.0641933084
0.0388502404
0.0545877069
0.0436807387
0.0253467988
-0.0754052475
0.0505890921
-0.0102981413
-0.0505942442
0.0243009012
-0.0235387664
0.133390844
0.0042489781
-0.0329420455
0.0275875963
-0.0132460529
-0.000446784019
-0.031890776
0.0565314479
-0.0070039467
-0.0670779198
-0.00114208006
0.119860135
0.197407976
-0.0149471937
-0.0111385398
0.145451769
0.0110155465
-0.0157604106
0.0337075554
-0.00469774846
-0.0143452296
-0.19215773
-0.0483866185
-0.0782124847
0.185409844
0.0278896727
0.0397335365
-0.0299881194
0.0607961118
-0.0302055683
-0.0373907872
-0.0330510885
-0.019026868
-0.0248840097
-0.00799602922
0.0901976153
0.0246841144
-0.00139516965
-0.0470471568
0.0573737398
-0.0391489156
-0.00877448823
-0.064484641
-0.0318363681
0.104862846
-0.0544423871
0.0240701716
0.0747600496
0.0223292969
-0.0492382608
-0.0297642145
0.0201736949
0.013449003
0.00946003199
-0.034874402
0.0371046625
0.104691729
-0.00865922868
0.0759503171
0.0438499935
0.114421479
0.0860206187
0.00909312721
-0.0458494499
-0.152858317
0.0259844754
0.0341289006
0.037964046
0.0376665518
-0.0564070083
2.86887862e-05
0.0702329129
0.169544414
0.0461732931
0.0197884683
-0.000319373212
-0.00395083893
-0.0663318634
-0.0117276087
0.0920348689
0.0897276327
0.0317696072
0.00469496194
-0.0237270612
-0.0274370871
0.0214453433
-0.055022981
-0.0756501183
-0.0835418105
0.0273887236
-0.0416377448
-0.0381032005
0.101282485
0.0527753793
0.037067797
-0.0576291941
0.0520625301
0.116045974
-0.0428767726
-0.00417891191
-0.0028532201
-0.136389375
-0.0506425798
-0.0267436728
0.0378921293
0.0678835809
-0.0222730096
-0.00386778917
0.115174122
-0.0845700055
0.0544904619
0.0142177492
0.038835898
-0.0716253966
0.043370463
0.054185953
0.0318077728
-0.0286775026
-0.0697519481
0.021107439
0.0239453651
-0.0324727893
-0.0476364158
0.00104313763
0.161928013
0.035330642
0.0843570381
0.0353633836
0.0672270209
-0.133015141
0.0694225058
-0.0442801714
-0.143348262
-0.0523383021
0.0899983421
-0.037466947
0.100859843
0.00230094884
0.0485209338
0.0633885339
-0.0173642561
-0.00121006591
-0.0979127735
-0.0169545542
0.0526622087
-0.0784916058
-0.0556989498
0.0355242491
0.0722648203
0.0521216094
0.00132845319
-0.0483512767
0.00246842136
-0.0941778868
0.0872352049
-0.0395808518
-0.0788589492
0.0572417416
0.0226295069
0.0401333235
-0.0460254885
-0.00978815183
0.031444408
-0.0353746228
0.0617984086
-0.189559504
0.100523718
0.0820771605
0.0703991279
0.107077122
-0.00746435439
-0.085696131
-0.05748206
0.00474495767
0.0198942684
-0.00747640617
0.0654520392
0.0872525424
0.0300055798
-0.00707087805
0.0789072439
0.0370897464
0.0220805407
-0.0349489786
0.00138801907
-0.0267233159
-0.0280047618
0.0432779007
0.109175421
0.0320616066
0.0684333891
0.0751939639
-0.00513254805
-0.0149574811
0.0151814092
-0.0537966117
-0.0287891943
-0.0981699675
-0.0578690916
0.101397187
0.0964087397
0.0503987744
-0.0248607509
0.0778432637
0.0155926887
0.0392375179
-0.0896307752
0.0276072603
0.0410890952
0.0234121233
-0.0555850305
-0.000820457935
-0.0344335958
0.04912531
-0.0423483178
-0.0174042098
-0.0576758161
0.0283973143
0.139911473
-0.00639227312
-0.0610813461
0.00664839474
0.043868877
-0.0385671742
-0.106566235
0.0398613326
0.0871785283
-0.0657198504
-0.00552528631
-0.0442960672
-0.090140298
-0.182192892
0.0933141038
0.0262693875
0.0382999443
0.00452026911
0.0384504832
-0.110513188
-0.00705310283
0.10230805
0.0655120313
-0.0340954848
-0.00836479291
-0.0194493923
0.0140665704
0.0524639674
-0.00553933252
0.0278084502
-0.0363309719
-0.128475457
-0.102037758
0.0390317105
0.109779365
-0.186811835
-0.13345179
0.0328012481
0.0980213806
-0.0403580926
-0.0529800467
-0.00477556139
-0.0595257878
-0.0744685754
0.0110608973
-0.019702347
-0.0822301805
-0.0130894389
0.106734067
0.0705255121
0.052313298
0.0620508045
-0.0967649445
-0.0169171859
-0.0376773067
0.0140528493
0.107392542
-0.0172680542
-0.202469379
-0.0499361567
0.0364006013
-0.0722503364
-0.00518200826
-0.00906840619
-0.000359231344
0.0159977283
0.0207602344
-0.00349017023
0.017962072
-0.0331318639
-0.011505628
0.0544632152
0.0726502612
0.0687578097
0.0397187695
-0.0735259354
-0.00639770366
0.049188938
0.00881594047
-0.0436633043
0.0276855566
0.033069212
0.0873690546
-0.0467631668
0.0325510316
0.0455932282
0.0768776909
-0.120347299
-0.00630225521
0.0568340421
0.0164605174
-0.0415577553
-0.00872889347
0.0322295725
0.106705688
0.00338017219
-0.00710107433
0.0120875714
0.0657311156
0.0195544269
0.029014606
-0.0157083813
-0.106687121
0.0494660884
0.0760553256
-0.0899955779
-0.0952493325
0.0660668015
-0.0537734292
0.0951424763
0.0453428775
0.0335257351
-0.0794937015
-0.0410264507
0.0129111568
-0.0180874132
0.0443389043
0.00291052507
0.0200971719
-0.0107804453
0.0623657554
0.0288532339
-0.0770442411
0.0608514287
0.0443544947
9.86182204e-05
-0.114247322
0.027155906
0.0791619346
0.0730075091
0.182410806
-0.00774463499
-0.0300709568
-0.0396338515
-0.0171718542
0.0553572848
-0.048666846
-0.0193359926
-0.132550165
-0.0101339389
-0.0781748891
-0.0566764176
0.0594721101
0.06455452
0.100940645
0.0441529192
-0.0655989051
0.0574703738
0.057223592
0.0242236834
-0.0525779724
0.0139313946
-0.0514130481
-0.0101022944
-0.0267457906
-0.0078714937
0.0388117768
-0.0215824321
0.0392063297
0.0104480973
0.113031745
0.244680405
0.183396727
-0.0619578399
-0.10774181
0.00248440751
0.00401002774
0.00589897064
0.0803582296
-0.0621576905
-0.175031111
-0.102081925
0.0618759431
-0.128431171
0.0814190432
-0.00162716059
-0.0478955247
-0.0589090809
-0.0546803102
0.0376260467
0.0366411209
0.086327441
-0.0109912409
-0.0370998606
-0.0365631469
0.0430996045
-0.000952180242
0.0334649235
0.073144041
0.0906687826
-0.0357206389
-0.0350782908
0.0163639672
0.0520292185
-0.0106047867
0.0288923699
-0.0126951551
-0.0382066965
0.000196251989
-0.109891586
0.0634706318
-0.0491115265
0.140684679
-0.175057292
-0.169182926
0.0425525792
0.0564893484
0.0317219719
-0.0597658269
-0.184781224
-0.0736017674
0.0143022304
-0.0354450792
-0.00332461158
-0.020705808
-0.0459486432
0.0433771387
0.0666748509
0.11944174
0.0937604681
0.0723634139
0.00814105663
0.0734313279
-0.100511804
-0.0503195375
-0.0225617159
0.0359551199
-0.0974450409
0.0258179288
0.0183321442
0.00364571181
0.0278985407
-0.0834220424
-0.01775885
0.0670947507
-0.0110557498
0.0297129638
0.0357531011
0.129423082
0.073091127
-0.031504415
-0.0647500679
0.107971102
-0.0273135826
0.0109195206
0.0571982227
0.121276952
-0.00249531493
-0.0990642384
0.0461152941
-0.0118999016
0.097686328
0.0682898685
0.0334891081
-0.0464867018
0.0211478658
-0.0097019542
0.0338564627
-0.0883694217
0.0310947131
-0.0281627346
-0.0137262698
-0.0504532792
-0.0684659854
-0.00786760077
0.0378503948
-0.0712380335
-0.0857727528
-0.00584681658
0.0227464642
-0.0823656395
-0.00203381875
-0.0166080929
0.0372199528
0.0505046472
-0.0602575913
0.0304885954
-0.0258891135
0.0246692672
-0.0623285733
-0.0721782967
-0.0695947707
0.0487669967
-0.0483730435
-0.0319219753
-0.0583021306
-0.0485187881
0.000431820896
-0.0213977415
0.0382797942
0.030269457
-0.0596943796
-0.0659224987
-0.029323129
-0.00502975658
0.0395750664
0.000126229424
0.0422963537
-0.0168846361
-0.0862086788
-0.0624066405
-0.055106651
-0.0653181151
-0.0360970423
-0.0454755053
-0.0667357296
-0.0434490703
-0.0531802699
0.0430467874
-0.0550266355
-0.0441751219
0.0322045684
-0.0660558045
0.0209941715
-0.0237542
-0.0192419533
0.000614517136
-0.0300746746
-0.030665135
-0.0601611137
0.0312034283
-0.0422290079
-0.000582957291
0.0236991048
-0.0550096668
-0.0117651718
0.00801063888
-0.00908774789
0.0360624827
-0.0439755283
0.0538097098
0.00460263062
-0.0167177729
-0.0547788069
-0.0220353175
-0.0181045253
-0.01213462
0.0162711814
-0.0397776067
0.00484608719
-0.0202119593
-0.0334575064
-0.0535865948
-0.067512393
0.0199804213
0.00954993162
-0.0471969806
0.0162160434
-0.0217959303
-0.0580224767
0.03416159
0.0417234004
0.0360600501
0.0384878293
-0.0240791515
0.0428100824
-0.0509448536
-0.0603806786
0.0349367112
-0.0515825003
-0.0107145617
0.0470941849
0.0344017372
-0.0262909457
-0.0146215362
-0.0262531396
-0.0435219817
-0.058566764
-0.00933216419
-0.0210558195
-0.0211992655
-0.0591626912
0.0463438556
0.0364377536
-0.0134423338
0.0185589325
-0.0561131313
0.00946269464
0.0261124894
-0.0600122213
0.0355346836
0.000459226838
0.0445772856
0.00766392658
0.0485075638
0.0436759815
-0.0137244016
0.0259172097
0.0419061482
-0.0818358436
0.0476128943
-0.0251606237
-0.0383675359
-0.050395757
0.0225740504
0.031184528
0.0155438725
0.0673829243
-0.0124199092
0.0378701575
0.0188093111
0.0436579958
0.0396099091
0.0418762639
-0.022142902
2.98132327e-05
0.0337051935
0.0139983213
-0.00123163802
0.0047955811
-0.0648195222
-0.0581731647
-0.0640779063
-0.0505972691
0.0398733839
-0.080142796
-0.0343262628
-0.0339140482
-0.0284638759
0.0207326878
-0.0880222842
0.0312429704
0.0438964851
0.0556485169
-0.0128659476
-0.0224272106
0.0028229137
0.042298153
0.0285442322
0.0539037846
-0.0420545973
-0.0133130364
-0.044681102
-0.055165574
-0.0155116124
-0.0670497641
-0.054986041
0.0549279675
0.0394207127
-0.0733155683
-0.0744929239
0.0177722741
-0.0286670625
-0.0184116606
-0.00973159913
-0.026145149
-0.0623843744
-0.0756710842
-0.0491572507
-0.0398134105
-0.014995425
0.0428398438
-0.00869196467
0.0111889755
0.0105957342
-0.0211084578
0.0158299264
-0.047410164
0.0103383148
0.0149094937
-0.0437651277
-0.0345290452
-0.0594393611
0.0562809557
0.061031878
-0.0652184188
-0.038559135
0.000785516342
-0.0289494023
0.0262720194
-0.0373811238
0.035725724
-0.0501149483
0.0413337275
0.0342456102
0.0170554984
0.0235262811
-0.00179358851
-0.0110320468
0.0445722789
-0.0705115572
-0.0527325124
-0.0654782355
0.0231658779
0.00881025568
0.021647092
-0.0598793477
-0.0505238362
-0.0529465601
-0.0374173261
-0.0470791794
-0.0142644662
-0.0748685077
-0.0128768599
-0.0102958586
-0.0252868682
0.027734194
-0.0772063211
-0.0433832966
0.0484191962
-0.0637635142
-0.00718773063
0.0111086546
-0.0707348064
0.0138576152
0.0342762768
-0.0328746811
0.0383673944
-0.0221027024
0.0249552689
-0.0446859226
-0.00867682789
0.0441572219
-0.0283850413
0.0267627612
-0.0146803651
0.0397050567
-0.0159285273
-0.0528043434
-0.0279452149
-0.00322632096
-0.0516609475
-0.0224682298
-0.0316267535
-0.0422176793
-0.000547005387
-0.0751714185
0.00503827306
-0.0680873841
0.0121766161
-0.0416713841
0.00127104903
-0.0018832807
0.0334847756
-0.0724967718
0.0410403349
-0.0632001832
-0.0817661658
-0.0358314887
-0.00831094943
-0.0632737353
-0.0184064209
-0.0364950188
-0.0791091695
0.000948020606
-0.0747934133
-0.00310909539
-0.00626250915
0.0295499731
-0.0699540824
0.010285276
-0.0157174263
-0.0301327184
-0.0622887351
-0.0557720661
0.027656585
-0.0371332392
-0.0861988589
0.00799575727
-0.014490338
-0.0133163705
-0.0548270233
0.0324011669
-0.0439410955
-0.0688895136
-0.0106985588
0.00889676809
-0.0548467264
-0.0569169
0.0450611897
-0.0468349941
-0.0665605366
-0.0353830978
-0.0111296922
-0.0487420633
-0.00497595454
-0.0312157851
-0.0477033257
-0.0292042959
-0.00183807395
-0.0257570595
-0.0292943027
0.0359652862
-0.0245247129
-0.001911561
-0.0330228135
-0.0518668555
0.0357409418
0.0269298516
0.0147634866
0.0207072608
-0.064366661
0.0329670459
-0.0701076686
-0.0238607712
-0.00488371449
-0.0443275869
-0.0234945547
0.00938957371
0.00568184117
-0.0596601591
-0.04573901
-0.01483222
-0.0221868753
0.0279130619
0.00728053274
-0.0520198159
-0.0277449004
-0.049095884
-0.0407565348
0.0354173332
-0.0589760244
-0.0257124491
0.019224681
0.0127174659
0.00120073871
-0.0328376293
-0.0288270414
-0.0617341064
-0.0695499629
-0.0481082983
-0.0322897807
-0.0251823664
0.0153238392
-0.0177631415
0.0404139012
0.0172132626
-0.00797107071
-0.0567224286
-0.0574631765
0.0171597153
-0.0388486087
-0.0286559612
-0.0458747186
-0.065824315
-0.0630969033
-0.0753497258
0.0468596965
0.0312827229
-0.0187167935
0.0442188457
0.0456008315
0.0349981226
-0.00449696463
-0.0427433774
-0.0815019459
-0.0378454588
-0.0231368579
0.00457174005
-0.0481671728
-0.0108028688
-0.0622528642
0.0373563692
-0.0433845147
-0.0144118676
-0.00437100837
0.00186521176
-0.0388055146
-0.0260695964
0.0135170929
-0.0111680599
0.0312167127
0.00865538139
-0.0133108804
-0.016154591
-0.0550088249
0.0252544917
-0.016252229
0.0350519344
0.0277900007
0.0289092176
0.0453872345
0.0100706024
0.0278256722
0.0019247767
-0.0319576226
-0.0385048091
0.00800807122
-0.0575289242
-0.0326408185
0.00627835374
-0.00142741227
-0.012423533
-0.00210719369
-0.0741241872
0.00908578839
0.0118604852
0.0285991337
0.0393410847
-0.0336998329
0.0324532054
-0.04121539
-0.0696400255
-0.0647732764
-0.00289709913
-0.0710057244
0.00270247273
-0.0152024198
-0.0750717744
-0.0331384465
0.0139520755
-0.0400022082
-0.0451398231
-0.0653697625
0.0418175869
-0.0509132333
-0.005106695
-0.0223576594
0.00968958344
-0.0406519845
0.0133405114
-0.0762534812
-0.0625279099
0.0148913777
0.0349171236
0.0424770452
0.03293024
-0.0569187216
-0.00519301742
-0.0686804205
-0.0227439497
0.0075372248
-0.0337559655
0.0515455976
-0.0132315168
-0.0443352833
-0.0281984974
-0.0373206362
0.0311548784
0.0328758694
0.0221243333
-0.0306778681
0.0542702414
-0.0380483866
-0.00961193256
0.0408628136
0.0403500572
0.0175654497
-0.0494170003
-0.031659279
0.0427657701
-0.0412787311
0.00681415014
0.0357460678
-0.0106324833
-0.0206022747
0.0294089764
-0.0119284773
-0.00321172667
0.0314389579
-0.0774027184
-0.0143773109
-0.00934651308
-0.0489045754
0.00783191621
-0.033405222
0.0236132462
0.0282142553
-0.00342374458
-0.0392722748
0.00765694864
0.0128878588
-0.0352376699
0.0356339291
-0.053787861
-0.0307094697
0.0332765952
0.0706788898
-0.0114759477
-0.0300891325
-0.21087271
0.128670767
-0.0345615521
-0.109688006
-0.0785827935
0.0885402039
0.0351704173
-0.0275443103
0.100700974
0.186445683
0.0306994654
-0.070758149
0.0251390729
0.132757887
0.0795619413
0.0516337678
0.00498905685
-0.0965613127
0.0273117069
-0.0377192162
-0.0100241024
-0.111535713
0.0315202549
0.0284199249
0.0290227737
-0.242621243
-0.0698995814
0.0192096569
0.0948263109
-0.0712431222
-0.00610251073
-0.020899538
0.128423393
-0.0717401803
-0.0985990763
-0.0516455248
0.00271405
-0.111809462
0.00486974278
-0.113733791
-0.152542502
-0.191186428
-0.0446629152
-0.085233584
-0.0199296735
0.12621969
0.0520098209
-0.202162638
-0.0329156518
0.0565243885
-0.0596319847
-0.176990151
-0.14646709
0.0526368357
0.0291722994
-0.150793627
-0.232899472
0.0104362918
0.0440265723
-0.096525833
-0.132142067
-0.0198154636
-0.00928328093
-0.0405243225
0.0860070959
-0.0109836254
0.0865657777
0.0333614536
-0.0169067774
-0.00508921081
-0.0130555714
0.0323647521
0.00741338916
-0.00533406017
0.0718134046
0.0875797495
0.0253533497
0.162537768
0.124974295
0.125561565
0.00414922368
0.0635013506
0.0432739146
-0.0294693038
-0.0104384543
-0.0228909142
0.0897454694
-0.00636281446
0.00998471398
-0.0232880469
-0.0561112873
-0.0618748777
0.00979758427
0.0787018239
0.0459536873
-0.0993335024
-0.0585674196
0.0818456262
0.0827570409
-0.048337739
-0.0436652079
0.0966327861
0.0435400903
-0.0413258858
0.0306705907
0.100219034
0.0271434095
0.0732976347
0.182067275
0.0258389711
0.0303190891
0.0711790174
0.075270541
-0.0106424727
-0.0628139675
0.041716177
-0.00532870041
-0.0477399416
-0.0979314893
0.0295967422
-0.0627563894
-0.0147864055
-0.0442543142
0.0223562382
-0.0437325947
-0.0746711195
-0.128873572
-0.00369355199
-0.06118517
-0.0293920729
-0.0331480466
0.0542318299
0.0677801892
-0.00809786003
0.0568256266
0.0211918429
-0.0935211107
0.140794873
-0.0306425262
-0.0510169491
-0.0385228954
0.0229178127
0.0752604082
0.00160490675
-0.19241266
0.0969776437
0.0685442165
-0.0883362591
-0.119520105
0.0476378277
-0.0432663448
0.0963138267
0.0248407479
0.0534883998
0.1371883
0.095840022
0.0828143358
0.0645159557
-0.0381664075
0.0359083787
-0.0601967499
-0.073712945
-0.0493046232
-0.00197159429
-0.0410933942
-0.0664792061
0.0707225353
-0.0764425844
-0.0288567282
-0.116413064
-0.0494749546
-0.153111741
-0.00606020307
0.117058434
0.0297435932
0.0191281568
0.00517980056
-0.0511678159
0.0787398592
0.0786658376
-0.0549981967
-0.129522383
-0.00507455552
0.0273666847
0.000924117223
-0.0663731694
0.0504020639
0.0727939606
0.0191128645
0.0642707497
0.0422821157
0.0010638946
-0.0379583687
0.0862568468
0.11646232
-0.000161820557
-0.0855700523
0.0735960752
0.0717466921
-0.042374175
-0.0106678233
0.0295234025
-0.237146109
-0.147421643
0.017802652
-0.177147076
-0.066996634
-0.0462999456
0.0286120269
-0.0240859576
-0.0212950166
-0.023563806
0.0441765599
-0.0530822799
0.0128507363
-0.013262514
0.118382663
0.0124282828
0.0139626684
0.0458137058
0.108415894
0.143155292
0.0712438002
0.0811426193
-0.0680996925
0.0207536127
-0.102747798
0.0135448221
0.0100728869
-0.012879937
0.0342032872
-0.0611055382
0.0701344311
-0.0613093972
-0.0368293785
0.0261382479
0.147929877
0.0820716023
0.0796568319
-0.0105588287
0.0607420392
-0.072494626
-0.0792237595
-0.00938044488
-0.00181148609
-0.027907813
-0.0520809032
-0.0634008124
-0.107158132
-0.0740307868
-0.0350256376
0.00521293608
-0.0677478835
-0.0390425697
-0.0581471771
0.07389725
0.201571822
-0.0484367684
-0.0855162591
0.0386021659
0.225096866
-0.048365958
-0.0480289944
-0.0102584632
0.0478671081
-0.127584264
-0.00625270698
0.230687454
0.0761739314
0.000342764572
-0.00418089423
0.00854448229
0.0486883931
0.0689956471
-0.00887769554
-0.00944045465
0.0408259332
-0.0526541583
-0.0746027008
-0.0474258922
0.11644204
0.0224653482
0.0235667881
0.0251659136
-0.0131775141
0.08800219
-0.0342570096
-0.0310986247
-0.125743285
-0.0506513529
0.0341170952
0.0113182599
-0.0851973668
0.100968614
0.130321696
0.0380412452
-0.0283614285
0.0977272838
-0.00882859528
0.0192899406
0.0749261007
-0.129719347
-0.0750690326
-0.0554921702
-0.0227637477
0.00463374751
0.0177771989
-0.0523788705
-0.035524141
0.106400087
-0.118638888
-0.0510893874
0.185175657
-0.0698559582
-0.0438270792
0.0683249086
0.135070741
0.0380277596
0.0337391719
0.0661875382
0.00947592966
0.000691534835
-0.0390003398
0.00811402779
0.0484472141
-0.0128716882
0.0311779231
0.0813886747
0.0618601181
-0.0609327555
-0.0345680676
-0.0110258628
0.0282728784
0.00943333935
0.042641364
-0.0334643275
-0.0898962542
0.00522146747
0.0818737894
0.00981614087
0.0620725676
0.0507319309
0.02384682
0.0426811986
0.0611487739
-0.0362501107
-0.0828567371
0.0913844481
-0.0535782799
-0.0319723263
0.0422295742
0.108409874
0.0309406854
-0.00567757664
-0.0190335568
0.0167863611
0.116645657
-0.0621999912
-0.0362750106
-0.0144193405
0.0596824586
-0.0701865256
0.0274146385
0.0497246645
-0.0856089443
0.0458220355
-0.0372041725
-0.0226607956
-0.0922563523
-0.00922621135
0.0362799577
0.0205187667
-0.0467756763
0.0766160712
0.107875772
0.0344320014
0.0148719475
-0.0232302602
-0.0409651063
-0.0918620974
0.00777529459
-0.0322797857
-0.0076669855
0.00222602789
-0.0930813774
0.0143776592
0.0185451899
0.0441775732
0.00474865502
-0.0784173086
-0.0639016405
-0.0446872711
-0.00412966497
-0.176573366
0.0558816604
0.0579544082
0.0696726814
-0.0599292964
-0.0878820866
0.0113358134
0.0432897769
0.0252803527
0.0745284185
0.087230213
0.0354214422
0.0460836515
-0.0022947425
-0.00477837352
0.0173474066
-0.178976208
-0.0897414535
-0.0305879209
0.0120998342
0.0196791273
-0.0504993126
-0.208843201
-0.0789146051
-0.0111780157
0.0348125994
0.113920718
0.0561507307
-0.0624451861
-0.0990540162
-0.0353753902
0.0915435776
0.160480201
-0.0494249761
0.0882096291
-0.0283689871
0.0579631068
-0.0452796668
-0.103258245
0.0413459688
-0.00493620941
0.0707394779
0.0529231466
0.0526603684
0.0904673487
0.0529044718
0.0214143675
-0.0331572779
0.0281859972
-0.0239318945
-0.0703929216
0.019755492
0.0462287776
-0.0213841069
0.0176416785
0.119478598
0.00515877735
-0.145571694
0.0163609423
0.0281248596
-0.119626567
-0.0727713034
-0.0249630529
-0.0725595653
0.0207931791
0.0800017491
0.137734205
-0.0246467832
-0.0241827257
-0.0469842777
0.131660357
0.120418124
-0.047144372
0.0084776599
0.075630419
0.112534456
0.130079001
-0.0546507128
-0.0848384202
-0.011661604
-0.0703115091
-0.0417688154
-0.0429731086
-0.0290147793
-0.0142717985
0.0280689187
0.0231270324
0.0629765019
0.0578215905
0.0298372116
0.106897965
0.109118618
-0.00740927225
-0.0405145399
0.045285929
-0.0309185218
-0.0634900928
0.0449849032
0.0120663866
-0.0644151866
-0.00374183082
0.000840027467
-0.0165507477
-0.0880231112
0.06418138
0.047007665
0.057648126
0.0336721055
-0.00875280704
0.110370241
0.0812945217
0.0534785613
-0.0769021139
0.0102679078
-0.0411299914
0.0677166656
-0.0310068168
0.0563185029
-0.0396671407
-0.0228778869
-0.0101164738
0.062295679
-0.0143477283
-0.0621192306
-0.0723764896
-0.0331587568
0.018703321
-0.0983686298
-0.0662074909
-0.00322441314
0.0385808535
-0.0393263809
0.0221632235
0.00576449465
-0.0308376569
-0.00927773211
-0.0151595511
-0.0675200447
0.0250800233
0.0289451126
-0.025285447
0.0194149353
-0.0742607117
-0.0561228618
-0.0694608465
0.0226678215
-0.0863777995
-0.0511199161
-0.0315287635
-0.00641111704
-0.0573460087
-0.0910801739
-0.0838379189
-0.0451238342
0.0313814133
-0.0174027178
-0.05533709
-0.0752994344
-0.00721743237
-0.0239289962
0.042372942
0.121567108
0.0202762466
0.0408975482
-0.0243813656
0.0266054813
0.0338822268
-0.070591867
0.00728063006
0.0237960126
0.0301492009
-0.0108249336
0.0157191996
0.0841829255
-0.0256615169
-0.0372539274
0.00698171882
-0.0160688814
0.040675398
0.00512368092
-0.0510405749
-0.0521411486
0.0311549511
-0.0226585828
0.0211098008
-0.0302082729
0.0343248211
-0.041655127
0.015508363
-0.048947867
-0.0558004789
0.0275507271
-0.0385945402
-0.0184006318
-0.0411392786
-0.0184744764
0.0137702338
0.0108478349
0.00115052622
-0.0245991945
0.0137785478
-0.0296321455
-0.0522854812
-0.0767213702
0.0149418358
-0.0322284251
0.0158929955
-0.0598707311
-0.0765007138
-0.0250743721
0.0104001928
-0.0670752823
-0.0017284815
-0.000497617817
-0.0358741619
0.0256673899
0.0159398429
-0.0346234739
-0.00767754298
0.00369572407
-5.7006313e-05
-0.00275875675
-0.0501193367
0.0208308212
0.0229212604
0.0375343859
0.0179936141
-0.00925092492
-0.0509306416
-0.0676649883
-0.0597486421
0.02053353
-0.0589363873
-0.0397367179
-0.0470712446
-0.0241857246
-0.0251351893
-0.022826666
-0.0696640313
-0.0308153629
0.0209312886
-0.0225430559
-0.0647651628
-0.0475730747
0.0288512781
-0.0102894055
-0.0338331424
-0.0579465516
0.0404640734
-0.0295113139
-0.0834665224
-0.0887700543
0.0351300873
-0.0439912416
0.0252778828
-0.0596979894
0.0109023461
0.0149744824
-0.00263430108
0.000661985716
0.0071010543
-0.0435251556
-0.0514764041
0.0321928412
0.0284496397
-0.0905356631
-0.043803297
-0.0210129097
-0.00320610404
-0.0556250773
-0.0293436572
-0.00889960211
0.0297145229
-0.0565181337
-0.0670518577
-0.0825893059
-0.0033238004
0.0324789062
0.00859206729
-0.0114115058
0.0756406337
0.014895943
0.0232248195
0.0351824276
0.0153170908
0.00778277917
-0.083315596
-0.0742986128
-0.0150372684
-0.0536038913
-0.0807210878
-0.0330617242
-0.0474056043
-0.0590696894
-0.0210441574
-0.0184550062
0.0364691205
0.00380329881
-0.00684068166
0.00976592302
-0.0367560163
-0.0502270274
-0.0303151216
-0.0241312459
-0.0600953065
0.013896184
-0.0704385638
0.0353797786
-0.0137400199
-0.0368651003
-0.0138971722
0.0281339809
0.0254262015
0.0344875716
-0.0713931546
0.00406805426
-0.0427214801
-0.0886482522
0.0238443576
0.00994733721
-0.042573072
-0.031567663
0.00467753597
0.0320003107
-0.0748989061
0.00278225867
0.000542576774
0.0131371217
0.00711720437
-0.00173250842
0.0227223933
-0.0770387575
0.00960438419
0.0235424787
-0.0187007822
-0.0442569442
0.000296718295
0.00165949774
-0.0667974353
-0.0176081527
-0.00546556897
-0.0392490141
0.0338426195
-0.0161428209
-0.0222297143
-0.0144883916
0.0371766314
-0.00693065021
-0.0815584064
0.0105999308
-0.0610829666
0.00190400204
-0.0436413549
0.0124924146
-0.044392176
-0.0388202257
0.0344934426
-0.00341956294
0.0100906733
-0.032914076
-0.0431219339
0.0139278211
-0.0424154215
-0.0364844464
-0.0716865063
-0.0387812927
-0.0304965377
-0.0149335517
-0.00475956872
-0.0861388221
-0.0553070903
0.01814311
-0.120364077
-0.118925691
0.0067741829
0.0814185813
0.00846082065
-0.034383215
0.0201839041
-0.0894913226
-0.0419617221
-0.102140613
-0.00928755011
0.071424298
-0.202616856
-0.0522301607
0.182345048
0.0552567206
-0.0133623527
0.0206345078
0.131356046
0.0745214522
-0.0312893763
-0.021592075
-0.0519805998
-0.0370876454
-0.0846835598
-0.108384416
-0.0157293659
0.0572843924
0.0544948541
0.0753924251
0.0954416692
0.0112991566
0.15762803
0.0508477129
0.0857570991
-0.0772228241
0.0892013907
0.0679979324
-0.0345074832
-0.0806203112
0.0461349115
0.0965519547
-0.00256154127
0.0377876684
0.0616195314
0.0120664444
0.0674326867
-0.0459067561
-0.182746351
-0.122996695
0.00982513465
0.0410247222
0.0078833783
-0.0325664319
-0.079969421
-0.0865579322
-0.00529186195
-0.059606906
-0.0263829492
0.156583875
-0.0744764656
-0.0938628614
0.102475516
0.145369962
-0.0367482752
-0.0382165015
0.0799810812
0.0330525227
-0.0432497747
0.00074061763
0.0736603737
0.0689027011
-0.0616642348
-0.0228200275
-0.0164265018
0.0311913714
-0.0429206565
0.0157648977
0.0391419642
-0.0494591445
0.0322970264
-0.00603296328
0.0191190448
0.0543536209
0.0251599215
0.0563614741
0.0467682071
-0.0187831186
-0.0483129844
0.0580252521
0.028565947
0.0208260939
-0.0651309639
0.00831266399
0.055262506
0.0704824403
-0.0675358474
-0.0218033362
0.0438686423
0.0256285332
0.0427651629
-0.0247869007
0.0856835246
-0.0696598515
-0.0132209444
-0.0299714059
0.0134463022
0.0272700042
-0.0720324144
0.0714376345
0.0344481915
0.103441544
-0.0286398586
0.0111907274
0.0572070442
-0.0267728865
-0.058836896
0.0657254383
-0.0150275994
0.0359142534
0.0560888462
0.0454161502
0.0361463428
-0.0261148885
-0.102388881
-0.0419255942
-0.00797778461
-0.037303865
-0.0555233285
-0.160087645
-0.0538769662
0.0205010697
0.072449103
-0.00648734812
0.053976588
0.038341824
-0.0383613296
-0.0841204897
0.0453742668
-0.0631522015
-0.159604982
0.000290594617
0.00984601304
0.0526461191
-0.0418293886
-0.0863293409
0.0409595035
0.0248062704
-0.04391573
0.0766594037
0.0773574486
-0.0273356568
-0.016654335
0.0165168382
-0.0791803598
0.00402418338
-0.133347601
-0.140271306
-0.0856982395
0.045688834
-0.0158421453
-0.150895506
-0.151561946
0.035900332
0.0749614835
0.158648193
-0.0753402263
0.0295910425
-0.0477533154
-0.0837893561
-0.0129340133
0.0536176413
0.0642553121
0.0969227776
0.00287321792
0.0731863156
0.100493342
0.0690944567
-0.0459829047
0.0267300569
-0.0600820482
-0.0630014837
-0.0398956984
0.0731234923
0.0329226777
0.000238703549
0.00142402411
0.0381695107
0.00268244673
-0.0341224112
-0.098033011
-0.0608488284
-0.105428331
0.0235474631
0.0539657734
0.0221201461
-0.0748301372
-0.0346198343
-0.00547253853
0.0614041463
-0.23712717
-0.107113421
-0.0305175055
0.0229672082
-0.133690909
0.126981497
0.0473288596
0.0693774298
0.0637879521
-0.0488518961
-0.0110821351
-0.0146471867
-0.040293131
0.0194418132
0.0235068239
0.0432787985
0.0213467572
0.0495028794
-0.127246752
-0.0370876268
0.0968250483
-0.0539450571
-0.129588723
-0.0593040511
-0.0419363119
0.0279260185
0.0462979116
0.0425908379
0.124780767
0.100714594
0.123429753
-0.0171164405
0.0261479709
0.0779253468
0.0979796872
-0.0598997734
0.00245775958
0.0282792021
-0.0163530875
0.0139272027
0.00728294346
0.0680794343
0.0731802583
0.0253489427
-0.0459220409
0.0315768085
0.00140719325
-0.0147542059
0.058082331
0.00515359966
0.039026089
0.00585663179
-0.0504863672
0.0118567217
-0.0533966273
-0.0168255977
0.0502584428
0.122005783
0.0329867117
0.154180348
0.0712220967
-0.0485684536
0.0884956345
0.123443827
0.0693562925
-0.0196268596
0.0439194255
0.0658441931
0.013987042
0.0733935535
0.0712865293
0.151949987
0.113933146
-0.00840259157
-0.0190348309
0.0784829631
-0.0265484881
-0.117393181
-0.0458315462
0.00858901255
0.00322812656
-0.049899634
0.0323557407
-0.0456664041
-0.0190158449
-0.0469604507
-0.0675149262
-0.161583319
-0.178285703
-0.107309289
-0.102429613
0.0074936077
-0.208076775
-0.0353705809
0.0349188522
-0.0477166437
0.0106845424
-0.0408213511
-0.0124135436
0.0152040077
-0.0349119604
0.0433744676
0.0259873085
-0.0905863047
-0.00343349902
-0.00526777003
0.00761422329
0.0442563631
0.106551282
-0.0541059673
-0.0493088886
0.156436324
0.0928383246
0.0114594372
-0.0112693738
0.048467014
0.0515132956
0.00905856583
0.0737233907
0.0180665199
0.00487189135
-0.0277741197
-0.018680485
0.0619814545
0.0109723359
-0.000514707819
0.103511497
0.110136695
0.0343794189
-0.0348674878
0.0289169271
-0.0455025136
0.00689924369
-0.0732434765
-0.0243782364
0.0455717556
-0.0636572167
-0.0224098507
-0.00573111651
0.0297454745
-0.0245557092
-0.0225363653
0.0482549667
0.105924733
0.0203240551
-0.0304368809
0.00194746826
0.0468520485
0.0453676432
-0.0288304184
-0.00733323209
-0.0826629996
0.14814657
0.00634446414
0.0946724415
0.0142606013
0.113862738
0.0331040211
0.0551322475
0.164796352
0.054313153
-0.0130787576
-0.0395760946
-0.0988466516
-0.00858856644
0.0206429176
-0.053681422
-0.0822834149
0.0480985977
-0.0357711874
-0.0438066609
-0.0288714487
0.0617657714
0.0261004008
-0.0136202974
-0.0726984814
0.0912271217
0.0382263698
-0.028169129
0.0160473306
-0.0460676365
0.0355846621
-0.0878747627
-0.0266354717
0.0655253083
0.0446716696
0.110330954
0.00663326541
0.0240889695
0.0866903961
-0.0237881504
-0.0259937942
0.0236875601
0.0713484064
-0.00706316065
0.0831972063
0.0289593153
0.0696255416
-0.0407336466
-0.0606253631
-0.017653821
0.07881587
0.0818496272
0.122157671
0.10269583
0.104122654
0.0824295878
0.0418586545
0.129101142
-0.0361960679
-0.0403603427
0.066653572
-0.0272180736
-0.00992272329
-0.0310152732
-0.00575091317
0.0285484847
0.0639517084
-0.0515598357
-0.149925396
-0.0425198153
-0.240455359
0.0972059518
-0.0453595668
0.00657549128
-0.108936392
0.0326869451
0.0824880973
-0.0331599861
-0.107321784
-0.0658637211
-0.0403261296
0.0616042577
-0.0391540565
-0.057975322
0.00121337804
0.0748144388
0.0420197807
0.0617187098
-0.00200508698
0.0333189294
0.059836451
0.0117149381
-0.0653046146
-0.0440532044
-0.0645853132
-0.11175625
0.0205471367
0.12439172
-0.0473351255
-0.0245329738
0.0737438425
0.118905701
0.0332988724
-0.0374211967
0.0150528196
0.109141089
0.0369713083
0.060082078
0.027376445
0.127315074
0.0869977474
0.0297608804
0.0499196462
-0.00759672746
-0.157164335
-0.0550016835
0.0740220025
-0.0459223501
-0.0916764587
0.0110900169
0.0850690827
0.0923097879
-0.029963918
0.0151819177
0.0464312136
0.0129288333
-0.105731457
0.0243561547
-0.0310624931
-0.0445118546
-0.0950992107
-0.0141843399
0.0803737268
0.0234448537
0.0168172847
-0.00732116075
0.0773976147
-0.0419267304
-0.100016698
0.026633665
0.0727160051
0.0115728565
-0.035225451
-0.075604178
-0.0414569713
-0.0196157061
-0.0505134389
0.0607556589
0.00121733011
0.0300444532
0.0235718936
0.0338611379
0.010691504
0.0159358438
0.0851884261
0.0659536272
-0.0233482141
-0.00850000698
0.0641070977
-0.0221091807
0.0171031021
