-0.084660612
-0.0496085621
-0.0155814737
-0.00778392563
-0.0538451187
-0.0378909819
0.0373593383
0.0580897182
-0.0155265462
0.0494866371
-0.0947019979
-0.0990605652
-0.0893037766
0.0526689552
-0.112418696
0.0353274345
0.0404889844
0.0156718921
-0.0415751003
-0.0994994789
-0.0210651234
-0.0763898343
-0.0944364369
-0.0425833426
0.0308309272
0.0428131372
0.0563648045
-0.0361341834
-0.0357716642
0.0534208417
-0.0150131192
-0.107627727
-0.00576866139
-0.103695914
0.0250836406
-0.0270006061
0.0575048886
0.0027271749
-0.016220009
-0.0678975359
0.0434741825
-0.0157772303
-0.055849012
-0.08593034
-0.0934555009
0.0536919758
0.0519523248
0.0324648954
-0.0296308864
-0.0282882806
-0.0078735128
-0.0718868151
0.00532179978
-0.0690666735
-0.0818637237
0.00123371929
0.0120650753
-0.00704303384
-0.0404963754
0.0607861727
-0.0372683331
-0.0148787946
-0.0218810029
-0.0142473588
-0.0842891857
0.0489064567
-0.100894421
0.0478356257
-0.0238827541
0.0377093852
0.0191546045
-0.082002379
-0.11708688
-0.0877868161
-0.109056361
-0.00883302931
0.0744389296
-0.116488256
0.0468938053
-0.00264569442
-0.0517867208
-0.0319674388
-0.0345761478
-0.0385243334
-0.0676406622
0.0247481111
-0.0530579314
-0.0237635449
-0.0634696409
-0.118511125
-0.0869503915
-0.0475169271
-0.0364928059
-0.0344340913
0.024268873
-0.0667096078
0.0329005234
-0.0616520531
0.0143096745
-0.0215290096
-0.103077449
-0.0872693807
-0.00781013118
-0.116458945
0.0399910957
-0.0622953027
-0.0267576799
-0.0402874872
-0.047464475
0.0549574941
-0.0595404208
0.0192250721
-0.103164352
0.0823945999
-0.0747899264
0.0246322006
-0.09341719
-0.0505040027
0.0459435247
-0.0979309082
0.00614418276
0.0153772915
0.0816248432
0.0570355654
0.0658410341
-0.0636361763
-0.0769086778
0.09576004
0.0641901642
0.102929942
-0.0896101147
0.0936196148
0.0380742364
-0.0282292459
0.0189713668
0.0915172249
0.154946029
0.0978347287
-0.0405410789
0.163254336
0.0958994776
0.0320668034
0.0783031061
0.0263599567
0.17176564
-0.0253851525
0.0730213448
0.0716280565
0.0420104153
-0.105652757
0.00698221475
0.0259705018
0.0895926356
0.0336496681
-0.00449656229
0.0508635417
0.118561797
0.043605119
-0.12437778
0.0459856279
-0.0755606517
-0.0526407622
-0.0480492264
0.0141151147
-0.0228446797
-0.106373876
0.111270592
0.0713891387
0.0858081654
-0.0626183897
0.100761734
0.0588056818
-0.0663490295
0.0151231568
-0.0446870402
0.00607804442
0.00827232469
-0.0763986558
-0.0380208082
0.0642988756
-0.0605638176
-0.0498630777
0.119144581
0.0249866396
0.013053935
0.106421992
0.0742107332
-0.00783356652
0.0705776513
0.0344689749
0.121737108
0.126042306
0.0805046111
0.05378839
-0.0961353257
0.0598769374
-0.0612999722
0.00448574778
-0.0169689655
0.0420443006
0.0168584604
0.0648021922
0.0514991358
0.0476584584
-0.0832326189
0.0179910585
-0.1393345
-0.067986466
-0.070009172
0.0604563989
-0.0806885734
-0.0175361782
-0.0320693515
0.0553739406
0.0570375212
0.076988481
0.0735662729
-0.0780792534
-0.239696354
0.156702355
0.0427123196
-0.115271553
-0.0535841659
-0.102406457
-0.0434369333
0.189043105
-0.0162651744
-0.0543597974
-0.0679096431
0.0465629585
0.0133599415
0.00301837455
-0.049633991
-0.0732739344
-0.0367765948
0.0432510562
-0.0360042453
-0.0194679759
-0.0211892724
0.0187307894
0.0537517555
-0.0731708184
0.0531428196
0.055915717
0.0317520536
-0.0383845642
-0.0332259573
0.0291345995
0.0623535141
-0.0108334245
-0.0354540087
-0.0865399167
-0.00727037713
0.00214509899
0.0767073333
-0.0246682651
-0.0302431937
-0.0202722196
-0.0874596834
-0.0820236728
-0.0169327911
-0.0182962231
-0.067840144
-0.0232859552
-0.0513164103
-0.0227852464
0.0023923344
0.00405583484
-0.0752136484
0.0257761832
-0.0903829038
0.0458177403
-0.0644385964
0.0237552766
-0.0409569293
0.0724159032
-0.02464067
-0.0963560119
-0.0620045848
-0.0865602642
0.0484689251
0.0450993329
-0.021606436
-0.020807229
0.0377089307
-0.0856246501
-0.0697135627
-0.0141918641
-0.0542580225
-0.0297039822
-0.0533603989
-0.0736615509
0.029999584
0.0155557916
0.0888618231
-0.035227865
0.051107198
0.0149189383
-0.110125415
0.0917978585
-0.073687233
-0.00505947927
0.0414754897
-0.10273876
0.0394193158
-0.0336083658
-0.0133610452
-0.0144239729
0.0706439912
0.0217421502
-0.0334419012
-0.0719066858
-0.0455966592
0.0377077684
-0.0602467656
0.0339589901
-0.0628087148
-0.0903168172
-0.0245719254
0.0108057782
0.0663516894
-0.0581622347
-0.0355588049
0.053577885
-0.00409401953
-0.0417772084
0.0325726494
0.052871868
-0.0070848763
-0.0332442224
-0.0295230858
0.032266885
-0.0759106949
-0.0108110197
-0.0552912131
0.0429164544
0.0360645093
0.0556764677
-0.0666576624
-0.0429748558
0.00463997899
-0.0428488217
0.00349278073
-0.0895018876
-0.00591376424
-0.0284551568
-0.0524002239
-0.0643326491
-0.0395214632
-0.0432186201
0.0776596442
0.050704468
-0.0266387947
-0.013536185
-0.0909094289
-0.0157741886
0.0743423328
-0.072949335
0.0541065559
0.0016088885
-0.0139222369
0.0687554628
0.0523458719
0.063448213
-0.080907546
-0.0299073383
0.104671136
0.210292488
-0.0786822364
-0.00730483048
0.00428603683
-0.093877092
-0.0351434946
-0.0355326906
-0.093341276
-0.0558866337
0.107887208
-0.094809778
-0.0320749208
-0.0187816527
0.0130477557
-0.0931676924
-0.0599532947
0.0190172475
0.0366598368
-0.0640897825
-0.146075726
0.0742978975
-0.00932559371
-0.0526988693
0.100508444
0.0071573006
0.115211606
0.110000968
0.0571224391
0.0356227756
0.200673252
-0.00506554078
0.0799957663
-0.00320989499
0.11644271
-0.0748539194
0.0458609872
0.0460249558
0.131651893
0.0702762902
0.157915905
0.0463399403
-0.0266926605
-0.206242874
0.0125753526
-0.16057381
0.00227383617
0.0913188308
-0.0670837983
-0.0495444909
0.0936542675
-0.0162883401
0.109812848
-0.0209840313
-0.2451839
0.110186845
-0.00431455625
0.0857428312
0.102084711
0.00124593161
-0.0463156477
-0.109848022
-0.109926008
-0.026155958
0.106470801
-0.0383040942
0.0622259267
0.0912811011
0.033708591
0.0643810555
0.0816385224
-0.0383131541
0.0648228526
-0.0218796637
0.094071269
0.0182576086
-0.158167198
-0.0646677986
-0.0691542625
-0.0285967533
0.0707606077
-0.0675525814
-0.0565885082
0.0797052383
-0.0599580668
-0.0761309639
0.118029542
-0.0610741936
-0.075336352
0.0538118221
0.0150753632
-0.0119553953
-0.141922221
0.116446018
-0.0747465715
-0.0708546191
-0.0227639619
-0.043894127
0.053597033
0.116956003
-0.0168870892
-0.00334755913
0.0355335027
0.0970846713
0.0747540668
-0.10869699
-0.162332505
0.0345623568
0.0409561321
-0.152054295
0.0038994893
-0.0734759271
0.0354649685
-0.0710608885
0.0218326487
-0.0174918547
0.0268724523
0.0793917179
0.0230558943
0.0508655123
-0.0484645627
-0.121651851
0.127273157
-0.0300653838
-0.0565378554
0.00844591297
0.0618388392
0.147277638
0.105519712
0.0411004797
0.0373743996
0.125752479
0.0101870084
0.0281444602
-0.0230813697
0.0676677972
-0.144196421
0.0350216106
0.0189398844
-0.0723614022
0.110436909
-0.0505675599
0.0407276489
-0.111253493
-0.0983654484
-0.0207973775
-0.0941857174
0.111303493
-0.0315342098
0.00626352429
-0.0495809913
-0.0724817589
-0.0200980715
-0.0716518089
0.0663764924
0.0432688147
0.0842175707
-0.0181455687
0.0190948099
0.0790789202
0.0513193868
0.0918549448
0.0208125766
0.162913099
-0.0590263382
0.0773409605
0.0394805744
-0.0611605048
0.0361886695
-0.0238699131
-0.0634490699
-0.0453719199
0.0301986858
-0.0817426667
0.099922426
-0.134450749
-0.0231024791
0.13045156
-0.00766771939
0.0660393834
-0.0671989769
0.0323089659
-0.058502838
0.0239024442
-0.0668875575
0.098022826
0.0144818537
0.0489468165
-0.0571246222
-0.0772823617
0.0397357158
0.0766731352
-0.0956046879
0.0732492879
0.0892464221
-0.0687923506
0.191192821
0.0183241256
-0.0881944001
0.080339998
0.0236567259
0.232906103
-0.0736259371
-0.110019937
0.0390859097
0.0208040588
-0.0451989248
-0.0611594394
-0.0762422457
0.103297137
-0.130159676
0.121773176
-0.0605455637
0.00287486031
-0.0792010725
0.0214215796
-0.0202307813
0.00786229875
0.0531205796
-0.00304183108
-0.016910173
0.091673173
0.0404819772
-0.0137876496
0.0125079621
0.141664132
0.111447968
0.0133998059
0.033417929
-0.00737397932
0.0628302768
-0.00700650224
0.0601177663
-0.0262971707
0.103262827
0.0547745861
-0.0772924572
0.0590372868
0.00195569894
0.180477187
0.0429828651
-0.0848887265
-0.00304106181
-0.024488423
0.020718528
0.0269877557
0.0112433983
-0.0525807776
0.0294009261
-0.0833667293
0.0717470795
-0.104582071
-0.0618522353
0.0546623804
0.112974755
0.0196638238
0.110908456
0.12959376
0.0165258888
0.0161629692
0.00652780384
0.0465763211
0.0459625721
0.108437359
0.0842054412
0.0811815411
0.142147064
-0.163241193
-0.119816922
0.0347362161
-0.0193229262
0.10939987
0.0947743356
0.0873780102
0.109479636
0.0741222873
-0.156136289
-0.0671385676
-0.0119332913
-0.11730282
0.0273889918
0.0710403845
-0.0232706591
-0.0719019845
-0.0311811734
-0.111496471
0.0648491681
0.0202615988
-0.103037551
-0.005776037
-0.00119680353
-0.0618554726
0.0342972279
-0.0320551246
0.0500211045
0.0985003859
0.031614624
0.0968340263
0.0918775648
-0.0500889979
0.195329115
-0.0309630781
0.0507330932
-0.115526177
0.117850751
0.118752092
-0.0346242525
0.108333647
0.0675209612
0.0160488654
0.000149869898
-0.0105588855
0.00973344501
0.0160430074
-0.108259022
-0.0148470988
-0.0595392063
-0.0170499999
-0.0871339142
-0.024659181
-0.0672099218
-0.0515199043
0.0235262383
0.14868249
0.045587901
0.0353414044
0.127006277
0.0307591148
0.0167038254
0.080316104
-0.041807726
0.0623892508
0.0388710015
-0.0588433072
0.0646361187
-0.0179966614
-0.188633904
-0.117029995
-0.0468528159
-0.0600527972
-0.0367489159
0.0209983382
0.0310691092
-0.149242312
0.0346187614
-0.071177721
-0.118802033
0.0223015361
-0.0697374418
-0.111001529
0.101755962
-0.000575790298
0.0500896685
0.131686613
0.120762013
-0.0497320108
0.100462146
0.0256179906
0.067666918
-0.0314410739
0.0454229191
0.106148764
0.0226758607
0.144202411
0.02575697
-0.0429370105
-0.0205169246
-0.0451401733
0.0833904743
-0.00140503072
0.042258434
-0.0734829381
-0.129137188
0.124690861
0.00915188715
-0.0138403522
0.0719731003
0.0917528421
-0.134235471
-0.070898056
0.0409657247
-0.0071592452
-0.0735632479
-0.0536165498
-0.0769890398
0.0370058827
0.107726999
-0.0570818037
0.0731295794
0.0320174471
0.0145192947
0.0212153327
0.0436278209
0.0349518508
0.0395437218
0.062628381
0.0279786531
0.0402314067
-0.0128849167
-0.199597672
-0.0768929347
-0.0361213461
0.0564044081
-0.0752831697
-0.0755593032
0.0994067714
0.103092358
0.00667563593
-0.0183311217
-0.0144043583
-0.0403020233
0.0807427019
0.0563122965
-0.0599270985
0.0636254475
-0.0165476389
0.102503479
0.034813948
0.0355511121
0.0908566266
0.0761737898
0.0352216251
-0.00948851835
0.0280821957
0.0092823375
0.143814579
-0.0116840843
0.0390577391
-0.0388467833
0.0968404859
0.0738952756
0.070469521
0.0564279556
0.127153382
0.0978078321
0.0553687625
0.000744774705
0.053564474
0.0197973922
-0.00940367673
-0.148146182
-0.152242035
-0.094272837
0.0130387964
-0.108105645
0.0905533135
-0.122891851
0.0470656343
-0.0828031301
-0.0232305024
-0.0498241931
0.0620960221
0.0529689193
0.115744561
-0.00607383158
-0.0245852675
0.021489447
-0.027843032
-0.00739494758
0.0975854471
-0.0501148403
-0.0507918075
0.103153236
-0.116169557
0.0783541203
-0.128589585
-0.00642202003
0.0269018058
0.102581292
0.0744264647
0.0328694619
-0.0887666866
-0.00256473012
0.0713700131
-0.0737908706
0.0913181007
-0.0322618745
0.0259901546
-0.00309100724
-0.0863764733
0.0228360984
-0.10701526
-0.018861128
-0.202785537
-0.0251420662
0.0900686905
-0.0464505218
-0.0130143147
0.00465353485
0.0848941579
0.0338368304
0.108923994
0.141156778
-0.10220582
0.137018517
0.0400047004
0.0118915625
-0.00963852368
-0.115438916
-0.0384965725
0.180185929
0.0160769708
-0.0438098609
-0.0103355926
0.0601683967
-0.142073855
0.0332855694
0.0582469329
0.0769992024
0.0584761016
-0.161299929
-0.0270187836
0.05368663
-0.0812518448
0.0740537196
0.0657428354
0.00184453174
0.0720331594
-0.0757221133
0.115708262
-0.11388132
0.0305194594
0.109620832
0.071834445
-0.0577387065
0.148184136
0.0224550124
-0.0144078517
-0.0163643137
-0.06821803
-0.0224624779
0.0485652201
0.0229387674
0.0443727113
0.0771517456
0.0370100625
-0.000735874288
0.0605551414
-0.0821869224
0.0301887691
-0.0701099411
0.0879787132
0.0314245
-0.0534470901
0.0312847011
0.0201336667
-0.0265878215
0.0190446451
0.014416568
-0.105186842
0.0870971158
0.0525378659
0.063155368
0.0942760333
-0.0256669112
0.066133447
0.104345761
-0.0312055182
0.0207105577
-0.0619924255
0.118229896
-0.076929979
-0.0202127192
-0.0674964264
-0.00307185459
0.0478585958
0.0582926497
0.0474133082
0.0269266739
-0.0288427807
-0.0215159003
0.0802288577
0.15982312
-0.119897194
-0.0113058221
-0.00893704873
0.0974246264
0.0102356551
-0.0400720425
-0.0669772774
0.0525150932
0.0968214944
0.0736291334
0.103503413
0.0380457565
-0.011235035
0.156202987
0.0544132888
-0.0396727361
0.0805072188
-0.0802839398
-0.0444809645
0.0612737872
-0.069499746
-0.0435360149
-0.0666755885
0.0303315371
0.0144623006
0.0820041373
-0.000931101153
-0.126028165
0.112477228
-0.0992181525
0.0150985196
0.0524988472
0.115015127
0.0171038695
-0.145797521
0.0846120417
0.0166857131
0.0986769572
-0.0271798521
0.00931613054
0.0272365082
0.0485630818
0.109362662
0.154950395
0.113153093
0.0063212458
0.0250458736
0.100798987
0.0495636947
0.0655072033
0.106055908
0.0686656982
0.0942444876
0.0627399385
0.0446456484
0.0350768566
-0.0394504108
-0.0828425065
0.0813442171
0.0136539843
0.105488941
0.0538512543
-0.00225827703
-0.0740492418
0.057259731
-0.0670235679
-0.116842575
-0.0353623442
-0.0256953072
0.0725939348
0.0302609336
0.0391368307
-0.0948619321
0.0733815879
0.0613232106
0.0407263599
0.002320681
-0.016636664
-0.0506958924
-0.111557581
0.0441477187
-0.115333609
-0.0422011465
-0.031022666
0.0464568958
0.0290937871
0.0252571236
0.000185089419
0.0146540329
-0.0203201324
0.0475761667
-0.022426866
-0.0163543671
0.0549962297
-0.0273921955
0.0914993137
0.120591737
-0.0380885042
0.0499880537
-0.0292400792
0.0824271888
-0.0132866325
0.14912118
-0.0771125257
-0.0411842093
0.0871843323
-0.110463865
-0.119735822
-0.215218753
-0.0334271491
-0.0336925052
0.00451084273
0.0723728016
-0.00908997841
0.00789696164
-0.0836002976
-0.0943198353
0.109626606
-0.0738878474
-0.0526637286
-0.044891078
-0.00385751924
0.077172175
-0.0161485188
0.000120422825
-0.0164637659
-0.0379806571
0.0550830327
-0.0615047961
0.0416769981
-0.0929891691
0.0580696501
-0.121018156
0.123547442
0.0488329567
-0.0664538443
0.173878849
0.0157053359
0.00333374157
-0.168924898
0.00719238026
0.0422931127
0.0486773178
-0.0322412848
0.0582475401
-0.0594104677
0.00728882663
0.111290932
-0.0940943807
0.0942592919
0.138666466
-0.0121274693
0.0447205119
0.00912336074
0.102471836
-0.0664578229
0.024281159
0.080410108
-0.0116029456
0.00750083663
0.0521245562
0.120969586
-0.0777301118
-0.154738098
-0.0263129976
-0.0141499564
0.0717435107
-0.0872865915
0.0418657884
-0.0610905997
0.000427956344
0.00299696578
0.134817004
0.0794169158
-0.0915312618
0.0219632816
-0.0566884317
0.0339543335
-0.00866245292
-0.120692648
0.0811131448
0.144279927
-0.0688922331
0.0308732167
0.063589111
0.130714506
-0.00725748669
0.0452785864
0.0604510605
-0.0772105157
-0.124175698
-0.080875434
-0.058102563
0.0538695119
-0.0965095311
0.0185430683
-0.0750952438
-0.000605623762
0.0506865196
-0.0106988959
-0.0176071692
0.01582768
-0.00799191371
-0.00337788509
-0.0350335166
-0.0673933327
0.138351709
0.0545539856
0.00339795044
-0.064364858
0.0151008302
0.125004411
0.100301772
0.0834722891
0.0497779511
0.0736725181
0.0336497277
0.0577333942
0.0813960508
0.0848788992
-0.0405243412
-0.0237395819
0.0267873444
0.047666084
-0.00367471413
0.00930431485
0.103763439
-0.0231127776
0.155808806
0.072918646
0.0395281985
-0.0727078468
-0.0330325775
-0.0638039261
-0.0439778939
0.0395114087
0.142181695
0.0846642777
-0.0669065118
0.11683242
0.158198446
0.0734699368
0.0656268969
-0.039434012
-0.159119561
0.0345630571
-0.0513561405
-0.0234297123
-0.0700339824
-0.010073374
0.168443292
-0.0862934887
0.0170060135
-0.0498872325
0.0509689711
-0.0249745157
-0.0688742027
0.0760292485
0.046867568
0.0624469668
-0.00335644837
-0.0496528074
-0.0722183511
0.0969148055
-0.14860858
0.027316371
0.0295857023
0.123412073
0.106878735
0.0364346504
-0.0619027019
0.0110252043
-0.0533795319
0.0792618245
-0.0185335502
-0.00988658145
0.0068536629
0.0288819633
-0.0143586341
0.134594947
0.107845999
-0.0245493073
0.0252672192
0.11708457
0.120667152
-0.0908512771
0.00332587655
0.0504723936
-0.0122208819
-0.0564132035
0.121097967
-0.0577060692
0.0926341265
-0.0362791121
0.0154914707
0.0419427417
-0.0587051585
0.0356818102
0.0769530311
-0.0521563701
0.133405998
-0.0899498761
-0.0511545278
0.0708944276
-0.0765604898
-0.020409774
0.0652160421
-0.07341405
0.00411671167
-0.0406853408
0.0152851064
-0.0770781487
0.164719239
0.116730526
-0.0247789174
0.0360778086
-0.0497379601
0.00204426935
0.0812188834
0.0318186767
0.0294119641
0.0190896224
-0.0343489237
0.0113921836
0.0594842993
0.0463855602
-0.0823615119
0.0400175825
0.0748208836
0.0181070641
0.0564688221
-0.0903568491
-0.0790219158
0.0598810576
-0.0318721496
0.07669577
0.00472584413
0.0912873745
-0.009495195
0.0932411402
0.00824818574
-0.041814737
0.000686269486
-0.00580140064
0.0059555741
-0.0797721893
-0.0768473595
0.0608080514
-0.135652632
-0.0666580871
0.00697080186
0.118412167
0.0490878262
-0.0626746491
-0.0650660396
-0.03034137
0.0217282344
0.0567707308
0.0724177063
-0.0669379532
-0.0613160729
-0.0403304249
-0.0102777816
0.109316446
-0.0720775649
-0.0968666226
0.0619727187
0.0204769932
0.0517740771
0.0494970195
-0.146686926
0.0164942648
0.0545146205
0.0980478153
0.00821457244
0.0669995695
0.0765730739
-0.035650041
0.0729116797
-0.0261147134
-0.0578829572
0.0439320207
-0.0531952195
-0.0299951583
0.155052125
-0.0189349148
-0.0348180495
-0.0950203165
0.00564870331
-0.0266722199
0.0507751703
0.146535456
0.0230434407
-0.0814043134
-0.15541704
-0.0190101806
-0.00316797942
0.131968111
-0.108407333
-0.0324723497
-0.036217127
0.171325251
0.173353344
0.0504968502
0.0334592909
-0.0493149981
0.0772599652
0.0356032588
0.00733305793
0.0465358347
-0.00508065196
0.0869153813
-0.0647573471
0.036369741
0.0235829148
0.0714156851
0.0609672517
-0.0559467971
-0.0576820821
0.11168614
-0.0652917624
0.11035198
-0.0474575832
-0.0475233495
-0.0744643137
0.0919735804
-0.0580296442
-0.0151172588
-0.0482618138
-0.0850979164
0.115109704
0.0359981991
-0.0423225425
-0.0161077287
0.0123234065
0.0388659202
0.086620912
0.0885824263
-0.0371657163
0.0779784471
0.0817929283
0.108301751
-0.0166442245
0.0518526919
0.0201382712
-0.039695546
0.0289078783
0.0613411255
-0.0857391059
0.0198524445
0.0733925104
0.120153762
0.037439961
-0.0887830108
-0.0651803687
-0.054296542
0.148645118
-0.0180633944
-0.0634722412
-0.0162048899
0.0219919793
0.170257553
-0.0163920335
0.23883456
0.0119800568
0.0795618743
0.0952218175
-0.0301254001
0.120298781
0.0636444911
-0.0601463579
-0.0372191519
-0.0608126745
0.0373563878
-0.106273316
0.0359386317
-0.173367366
0.0212536324
-0.0341238044
0.0292390995
0.101877898
-0.0909755826
0.124231286
0.0950832218
0.141684398
-0.0669741556
0.102898143
0.0340061858
0.0626939163
0.00431962172
0.0866147801
-0.0705870837
-0.122108065
-0.0213257503
-0.0156383216
0.0854393244
0.128771231
-0.145182386
0.0602588281
-0.00835017394
-0.131664559
-0.0194491409
-0.0857857689
0.049365811
-0.0882267654
0.0262600966
-0.0930357724
0.0474299118
0.044914674
0.047897093
-0.0912548155
0.0196556039
-0.00714963162
0.0233905371
-0.000415722578
0.0392177626
0.0586462505
0.0305453558
-0.0885773301
-0.046208024
-0.0486205705
0.0491273962
0.0824726075
-0.0439720526
0.0481143296
0.0461036526
-0.000118807817
-0.0143299922
0.0734301955
-0.026756119
0.0327610262
-0.0736400634
-0.0849129409
-0.0653131157
-0.069455266
0.0280115455
0.0761197656
0.0627992973
0.062060073
-0.0245447755
-0.0280299634
-0.051290568
-0.0350001641
0.0439422019
0.000765144825
0.0677338988
0.0544238426
0.0258785933
-0.0448210128
-0.0740606934
0.0347226895
-0.0981440619
-0.0517195538
-0.0829985142
-0.0472230203
0.0468325615
0.0392049998
-0.0485283658
-0.0164730251
0.0566591248
-0.0318783708
0.0239520706
-0.00444612745
-0.0372442417
-0.00574555015
-0.0830868259
0.0400895737
-0.0632128343
0.0193961002
0.059974052
-0.0378569216
0.00533089601
-0.0167928655
0.0481426306
0.0820728987
0.0360733569
-0.0155388815
-0.0813521296
-0.03969099
-0.035080757
0.0424816497
-0.0214977991
0.0116215423
-0.0730738342
-0.0209124759
-0.0080570383
0.076388225
0.0251436643
-0.0925777704
0.00504660606
-0.0393527523
-0.0885007456
0.0796612948
0.0201214757
-0.078802675
-0.0767863095
-0.0523748584
-0.0589258224
-0.0482762456
-0.0593643896
0.0606291406
-0.0897599906
-0.0484101996
-0.00822515786
-0.0239493977
0.00395377725
0.0582585335
-0.0592548326
0.0869958997
-0.0208452735
-0.00857443642
-0.070390895
-0.0946448371
0.0224007554
0.088573806
-0.0771352053
0.00776724331
-0.0703898743
-0.0571367331
-0.00238139252
-0.0724866316
-0.0633769408
0.0782898217
-0.0130824484
-0.0211290214
0.0382326208
-0.037174724
-0.047786139
-0.00948821567
-0.0284732897
-0.18601495
0.00461743772
0.0245860536
0.074465096
0.113257654
-0.0210804231
-0.0420943834
0.0066628363
0.105273955
0.164776817
-0.00650315406
-0.121554784
-0.0411257185
-0.0984695554
0.0630769283
0.0307012722
0.0429124944
0.00526508829
0.0967030525
0.0945264176
0.0938821286
0.0132487826
-0.0450834669
0.0878200382
-0.0430583805
0.125075653
0.0435528159
0.0105592627
0.057499595
0.0333554335
0.0959277675
-0.146964431
0.0151520912
0.0533117987
0.0518019795
0.0154781481
0.113916874
-0.0499710143
-0.0511850864
0.0308103394
-0.0197433028
-0.0830821618
0.033250466
0.0500693247
0.0483029708
-0.0319512114
-0.0722477213
-0.0688019991
0.0685028732
-0.0241579153
-0.00700072572
0.219618037
-0.00230339891
0.095610179
-0.0976460651
0.0989039317
-0.0451109707
-0.0514390767
0.0147837037
0.0303590056
-0.0193808582
0.02475149
0.00810369104
0.0696555972
0.0333039761
0.103891544
-0.0481082834
0.00930393487
0.118743725
-0.0936152935
0.117155582
-0.042227976
-0.00486603938
-0.170229048
-0.0203011259
-0.0948223099
0.0421827324
0.0438278913
0.0567521043
0.0793652907
0.0887643397
0.137742057
0.000698096817
0.0556000136
0.21154213
0.0521713123
0.161217734
0.000466816535
0.0184000358
0.074308984
-0.148707822
0.130465895
-0.057101883
-0.119450592
-0.0582643449
-0.0492044091
-0.0514495336
-0.0450291298
-0.0151891364
-0.0418318957
-0.042123124
-0.0760501996
0.109704942
0.04115358
0.0484863259
0.0737272352
0.0014973348
0.00736074941
-0.00669794204
0.0215485152
0.128763095
0.0180452485
0.0644237697
-0.0346681513
-0.0366608948
0.0213798862
0.100311823
-0.0499207005
0.0570435077
-0.053417217
0.0661812201
0.125515193
0.0688675418
0.0369233489
-0.0327554345
0.0716759413
-0.0508128144
0.0920688361
0.0290590674
-0.0941169187
-0.0437083393
0.127512157
0.14649877
-0.0426533781
0.00982607342
-0.00313454471
0.0766000152
0.0218307823
-0.00740363263
-0.0241014771
0.108614817
0.0280274916
0.0957671329
-0.0108504444
-0.0610257275
0.0246908478
-0.052678857
0.032980103
0.08074148
0.128918067
-0.0473994762
-0.036872495
-0.0673924983
-0.00474743405
-0.0837238431
-0.0458712168
0.00835458934
-0.0513432287
0.0131079908
0.0249929801
0.152916342
0.119098775
-0.13612473
-0.0303957816
0.0940734074
0.00701399241
-0.0192562845
0.0571060479
0.00923040137
-0.0597205535
-0.00770205818
-0.071010828
-0.014746963
-0.0320400745
0.154091597
0.0469348803
0.0375013575
0.132300124
-0.0592721924
-0.0241206139
-0.00865300372
0.0906610936
-0.0900182649
0.015636472
-0.0441415347
-0.037597049
0.101918556
0.0214809421
-0.071482785
-0.013396739
0.063144587
0.0545753203
-0.00376912206
0.146494135
-0.0278878901
0.0806018412
0.0909585282
-0.0715081394
-0.105190493
0.0708148181
-0.0345769525
-0.0784276724
-0.0523129292
-0.0862703547
-0.115144774
0.0394128859
-0.111294009
0.093305327
0.0656630695
-0.0450748354
0.127679989
0.0421851352
0.119535387
0.20558694
0.12712495
-0.0433997475
-0.00237105158
0.0494149774
-0.0356573425
0.0667484999
0.0081855068
0.0988331139
0.073908776
-0.0971564204
-0.0526767708
-0.0434188768
-0.0389793925
-0.08476495
0.0273746122
-0.0888092592
-0.105061658
0.0188051015
0.129863143
0.0728699714
0.038523566
0.0405943729
0.0887082666
0.00359111768
0.0729903132
0.104139633
-0.137382567
0.106971644
-0.0180981699
0.0150431339
-0.066296801
-0.0352390446
0.0142147923
0.0120307608
-0.0513964593
-0.0600639582
-0.0462810248
0.0887339115
0.137924567
0.0724563599
0.0858967081
-0.045260109
0.0171735175
-0.149130091
-0.00764402701
0.0199460872
0.0224113055
0.0158807468
0.107408129
-0.00881788507
-0.0880832672
0.0117887072
-0.0645933226
0.0248580612
-0.00214459863
-0.0609588735
0.0103408089
0.0304283462
-0.0780048594
-0.0512098484
0.0204800777
0.0458277576
0.192948535
0.0758560672
0.0509209745
-0.0119749885
0.119947076
-0.123734325
0.135634035
-0.0488186963
0.065821223
0.0367266387
0.0645549223
0.08740668
0.00888670236
0.062546432
-0.0620540194
-0.0706170127
-0.126817197
0.113593303
-0.0127824834
0.0736403316
0.0488432944
-0.0653657243
-0.0820722356
-0.0425698571
0.0254594181
-0.0363846235
0.0929911882
0.143913671
-0.0526189283
-0.11972031
-0.117749527
0.0448605865
-0.0126371961
-0.0474374443
0.14301689
-0.0925320461
-0.00139145285
-0.102008954
-0.0175209232
-0.0766820982
0.132480934
0.0496756695
0.0807094201
0.041896686
0.0614714548
0.104024455
0.0277647972
0.0194436014
0.0347624309
-0.0800730139
0.0588954426
-0.141844958
0.113782994
-0.206478864
0.108865656
0.127043426
-0.0159994215
-0.146627277
0.0320462473
-0.097944282
-0.140858024
0.159995422
0.024240531
-0.00821352191
0.124421127
0.0815432146
-0.0103584351
0.00353124831
-0.0141846072
-0.10185352
-0.010384311
0.0878737271
0.063559249
0.0684939921
-0.0479599573
-0.00981307682
-0.0847841129
-0.0357472152
-0.0721480101
-0.0659161732
0.0189933963
0.165886849
-0.052675426
0.0230216477
0.295266092
-0.091897957
-0.00463100709
0.0304534975
0.0945167765
-0.064681828
0.0907639489
0.0466316305
-0.0447848253
-0.0865923092
0.121610112
0.0789505765
0.133594558
0.0591469444
-0.080805786
0.103655323
-0.0339262001
-0.217153862
-0.0934985355
0.0809082761
0.0375881307
0.0513032638
0.00477349013
-0.0358954407
0.0273635704
0.0216426942
-0.0766426548
-0.00246212655
-0.0479395427
0.0197154228
0.148452848
0.0697026923
0.0861802846
0.0380629189
-0.0422622487
0.0904794559
0.194114566
0.000613554032
-0.0303171109
-0.0206062458
-0.0238629114
-0.132117301
0.147535145
-0.0511150099
-0.0156028792
0.0005771867
0.0337657332
0.0246202834
-0.0366294347
0.0262730904
0.101950608
-0.154780641
0.0868039206
-0.00322078029
-0.0847962797
0.00270016259
-0.0377977416
-0.0179464798
0.0797927827
-0.015017977
-0.0239477605
-0.0274972934
0.0960257575
0.0283280555
0.0496409312
0.0750343353
-0.0462233983
0.0675688982
0.093720004
-0.0349263586
-0.0375335552
-0.0480601713
0.140889049
0.0865535513
-0.0629333183
-0.0739357248
-0.104742691
-0.0235419627
0.0283482727
-0.0549120493
0.0862243026
0.0501391441
-0.0519821942
-0.0358111523
-0.182200685
-0.0476758219
0.0466732308
0.0836687088
0.00245571835
0.0387236588
0.178380281
-0.025694767
0.106702015
-0.00902919378
-0.0845622197
-0.0878602117
-0.0782808959
0.181821078
0.0735609233
0.0626760349
0.224290013
0.0200289451
0.143948033
-0.0933722928
-0.0359709412
0.0397223271
-0.0913264304
-0.0347281061
0.0258156005
0.0725624785
-0.109406002
-0.0819303542
-0.0461703613
-0.0740484819
0.0221182033
-0.00696418434
0.0340345465
-0.00756775634
0.0106373793
0.0736849681
-0.0105938986
-0.0111583481
-0.0704281107
-0.0597578548
-0.0408656411
0.0637649149
0.0758271217
-0.0594387576
-0.0445014834
0.0193321165
-0.0727354735
-0.0800275281
0.0810825378
-0.0684103146
0.0310985669
-0.074979119
0.0828193054
0.0494428463
-0.00690404186
-0.0859183595
-0.0963133946
-0.0946197659
-0.0103365956
-0.081670925
-0.0439485572
0.0104932683
-0.0266992003
-0.0705522895
-0.014189315
-0.104072176
-0.02648836
0.07474114
0.0568793118
-0.0740680099
0.0153463706
0.0601200275
-0.0498999096
-0.0170489214
-0.0659487844
0.0648544878
-0.0829596594
0.00451766746
-0.0840385407
-0.046881754
-0.0458453149
0.0567058027
-0.0903694555
0.0565070063
-0.0908465534
-0.0762244388
0.0452841371
0.00751080411
0.0461873673
-0.0687909573
-0.00380077609
0.0442886464
0.0361162871
-0.0351436064
0.075565286
-0.0735068843
0.0577565283
0.0189564321
0.0049323854
-0.0296328068
-0.088837631
-0.0863313675
-0.0489639938
0.0699859113
0.0551153831
0.0602702945
-0.0810931996
-0.0681101754
-0.0329114236
-0.0389724858
0.0614365451
-0.0282287598
-0.133798286
-0.0402675197
0.0379970036
0.0786875039
0.0298438799
0.0645666048
0.082567215
0.0206597541
0.0444213673
0.0486711152
-0.063108027
-0.0313885994
-0.0532985628
-0.0647005439
-0.0415269062
-0.0501161329
-0.0812257379
0.0469944887
-0.0307554901
-0.00197856873
0.00983874314
-0.0721078813
-0.0536931045
-0.0155083779
-0.0335250944
0.0700137541
-0.0845617652
-0.106480114
0.0941775888
-0.0209684968
0.0362538733
-0.0535536222
0.0150648067
0.0622973666
-0.00993016921
-0.00909395888
0.228928253
0.0131131792
-0.0527688861
0.0719012171
-0.0311683789
0.128750339
-0.00187177944
0.0635387078
-0.102060236
0.113478303
-0.0697751269
0.0135381315
-0.0574069954
0.0344102494
0.00420974754
-0.104789406
-0.0201605409
0.0130330035
-0.131220236
0.0666372031
-0.00166194525
-0.0112222573
0.0444086678
-0.0447472073
0.0623959675
-0.163697243
-0.0964305177
-0.0619063377
-0.0518035777
0.0300415549
0.0494484529
0.036241781
0.0705641881
0.121937618
-0.0772745982
-0.0517970026
-0.0610049851
0.0103764432
-0.0548756123
0.103763126
-0.0440126024
0.0553339198
-0.077283144
0.143514305
0.246133924
0.138293162
0.0176617764
0.0329441875
-0.0169262681
0.0480234288
0.0888645202
0.00946930703
-0.110842668
0.0188282486
0.0429754294
0.05549049
-0.0601039268
0.104604825
0.0747537911
-0.117533527
-0.11067117
0.0550093837
-0.0217232481
0.142082065
0.0438919328
-0.179886252
-0.124813057
-0.0107050817
0.0264589097
-0.0783127397
-0.0855058953
0.0922542661
-0.0535147861
-0.119031407
-0.0705349296
0.0881100819
0.0146003598
-0.00709287589
0.0346610248
0.100443758
-0.013188459
0.0699674934
0.0791578442
0.0951475874
0.159807727
0.147626981
-0.032760594
-0.0173991695
-0.0890253484
0.0367204621
0.0582280718
0.115863159
-0.0638238341
0.0202619303
-0.00721574761
0.0212169401
0.0444313511
-0.167066172
0.160730556
0.112596966
0.00688850926
-0.0930970162
0.0351840667
-0.0930041298
-0.205850989
0.149462163
-0.0619969331
-0.0847654194
0.185250521
0.0111758979
0.0092421975
-0.0148675032
-0.0618908964
-0.0746300295
0.050356403
-0.020547539
-0.0196938664
0.134745151
-0.10083878
0.0189007558
-0.0224270057
0.00412891479
-0.0295320861
-0.0238089412
-0.0273276325
-0.0103705339
-0.0696728677
0.0435029678
-0.104247421
0.0777503923
0.0881866291
0.0221616626
0.0483839177
0.0835990012
0.04979546
-0.0906619132
0.0773667619
0.125070676
-0.0788105205
-0.0964022055
0.0125029171
0.0650583655
0.036572285
0.0138047226
-0.0207406394
0.0472700894
0.0392058454
-0.00659070443
0.0884583443
0.0189787894
0.0152223352
-0.0645860359
0.056780085
-0.0645928234
0.063593857
0.00592483208
0.105515264
0.0898765102
0.054787416
-0.0717916489
-0.0202956162
0.0200035721
-0.0861192644
0.0471458398
0.0646673441
-0.114521101
0.0990531445
0.00817626342
0.0989646986
-0.11519023
0.160823599
0.00112148176
0.0317296535
-0.0565475188
0.0445912853
-0.0130157284
-0.072017245
0.0422572307
-0.00727073429
0.161842823
0.0299424306
0.0468871705
-0.0147625916
0.0636082664
-0.0736032203
0.05901853
0.118940413
-0.0473077781
-0.0533784553
-0.00923124608
-0.0233526323
0.0272645298
0.0901020542
0.148421928
-0.0746879429
0.0105321668
0.0590762235
-0.0732345805
-0.0457040258
-0.0991219729
0.0276226103
-0.0796784833
-0.00437022606
-0.0475796349
0.0453376174
0.0469941199
-0.193068027
0.0748076364
0.0889285654
0.0728782341
0.00865655765
-0.0402597077
0.23300235
0.0369523354
0.0593028441
0.0705999434
0.00170018966
0.111804321
-0.172051743
0.142959744
0.10019093
0.0813161805
-0.00965034217
0.108248681
-0.0487392098
-0.0355793647
-0.0873993188
0.064843677
-0.207666695
-0.063486129
0.140625179
0.137033805
-0.00441821665
-0.0513219759
-0.00466935895
0.00592530286
-0.0290849246
0.0455089621
0.138700515
0.101123221
-0.037910033
-0.039953474
0.12194743
-0.0252529327
0.0600704588
-0.0485795513
-0.0698579773
-0.00285762898
0.0914781913
-0.00889072753
0.0621373616
-0.0725732371
-0.0259709656
0.0495989956
0.0659097061
0.166463464
0.0241721608
-0.119857036
0.0778022036
-0.0881679505
-0.104191341
-0.064821817
0.0438380204
0.163646832
-0.0658690333
0.0567781106
0.0182679184
-0.0740354955
-0.0826633647
0.0958206132
0.021387551
-0.0708689317
0.086369589
-0.0892163217
-0.0480128117
0.111533336
0.0699760467
-0.0114743514
-0.00959875993
-0.0805755407
0.0362204537
-0.0153104989
-0.0645569712
-0.0839408636
0.0325452238
0.140517458
-0.0580477938
-0.101853736
-0.138922662
0.0585682094
7.26738654e-05
-0.0840467289
-0.0769621879
0.0319600962
-0.0709270462
-0.109094471
0.00928780809
-0.0887655541
-0.0655424669
0.101575948
-0.0831698701
0.0764084384
0.000806480122
0.0551118106
0.00426535122
0.0650867596
-0.0441417061
-0.0664611012
-0.000257573323
0.023461774
0.0554298759
0.0522511043
-0.0556612648
-0.0767967477
-0.0537775345
-0.0148952669
0.0796288997
0.0199980531
-0.0308847539
0.0307932459
0.0668327585
-0.0138304848
0.111039206
0.00156129932
0.111747772
-0.0373190902
0.187395826
-0.0199502818
0.0270498339
-0.0148099158
0.00667782873
0.139356151
0.0213230234
0.0673621222
0.0939429253
0.019993281
-0.126739666
-0.14594309
0.0730613545
-0.083365947
0.00363238505
-0.0673757493
0.0601283982
-0.0119513888
-0.00958119985
0.0459475107
-0.0761408433
0.0879090577
0.11801751
-0.0786032751
-0.0552410483
0.0240323488
0.0722856149
0.0526476018
0.0218578894
0.0287658237
0.028904561
-0.0820558891
0.0613864809
-0.0457468405
-0.0349519812
0.0327555798
-0.0783292949
-0.0963543653
-0.0848536268
0.0726892501
0.0080899708
0.163198501
0.0418463871
-0.0021568446
-0.0331282839
0.0136467582
0.222015232
-0.0113941841
0.0669759288
-0.0613337383
0.0824842751
0.0912167951
0.0763686597
-0.066848129
-0.0319555476
-0.00994969718
-0.0144825131
0.0166263785
0.0345336609
-0.0567208305
0.0713120028
0.0717317164
-0.00932632294
-0.0945679545
-0.00683031743
0.0215668585
0.0628489703
0.108486526
-0.0588484891
0.113989003
0.050215736
-0.00853705686
0.0332577378
-0.109794967
-0.00213762373
0.0462100878
-0.0148342811
0.114854135
0.117485091
-0.0390766263
0.160707965
-0.0204178654
-0.0144679621
-0.0793536156
0.0903832689
-0.0603022613
0.0524070039
0.0332415812
0.0728729069
0.0613409579
0.00230626692
0.100789584
0.0267147813
0.154782683
-0.0592600629
0.0489452258
-0.0911698267
-0.0363575667
0.11479792
0.039979402
0.0369854234
-0.0792214721
0.00308551057
-0.0397077352
0.0498233624
0.0726464689
0.0403053686
0.063415207
0.0900264531
0.0972717404
0.158718243
0.0501260385
0.0790277869
0.0296628941
-0.0582263209
-0.053768035
0.0183519423
0.0479528122
0.0529804714
-0.101108767
-0.0218715668
-0.00648429291
0.0894557834
-0.0201314259
0.0289727747
-0.0105253672
0.0349375606
-0.0319410041
0.149712563
0.134126887
0.122216403
0.0327154174
-0.0701963156
-0.0764366165
0.0666919723
0.113694467
-0.0853073299
0.0725924075
0.076119937
-0.0424228609
-0.0557156987
0.081277281
-0.0808455944
0.0571673587
0.151956692
0.152155355
-0.0114400843
-0.012822696
0.0254251566
0.07497859
0.0633188859
-0.0152710015
0.121344797
-0.0433131978
-0.095632799
-0.0881935433
-0.032296624
-0.0939098671
-0.0104364622
0.0435977802
-0.0640638471
0.0612492673
-0.0445061512
0.0552183986
-0.096850805
0.0630419031
0.053460665
-0.0620902404
0.000838845968
-0.0917084292
0.0393273681
0.0173252765
0.00390699506
-0.0204367731
-0.0724125504
-0.0257756151
-0.0846223757
0.0702233538
0.0750295371
0.0569399707
0.0469481945
0.0161652938
-0.0480848141
-0.064879626
-0.103280663
0.0617763475
0.0380477868
-0.00234402833
-0.0468865745
0.0673736185
0.0642626882
0.0119000049
-0.114921503
0.0353531428
0.0833514705
-0.0607629158
0.018998377
-0.0479249135
0.0534861796
-0.0764106661
-0.0969174281
0.0327018388
0.0152886249
0.021297764
-0.0676251128
-0.101299442
-0.0570504181
-0.0264753625
-0.0756592155
-0.0293309689
0.0708356947
-0.0759314373
0.0347316861
-0.0114913629
-0.0645338818
-0.0292503387
0.0392627865
-0.115891367
-0.0836367607
-0.024629131
-0.0725595504
0.0746418238
-0.0246892571
-0.061305061
-0.0578582324
0.0308332425
0.0456704907
-0.046140112
-0.10938029
0.0430279076
-0.0472870395
-0.0519845225
0.0233064387
0.00213010819
-0.0359129794
-0.0753247216
-0.0714134127
-0.0768360123
-0.0840719193
-0.0556166582
-0.0584799089
0.054192856
0.00759115722
0.00923604332
0.00106607378
-0.0142240394
0.00290633296
-0.0355829969
-0.0169746932
0.00426021591
-0.0313414708
-0.00852037966
0.0298200194
-0.0442233309
-0.0353997834
0.0397469588
-0.0817936063
-0.00645989925
0.0499935634
-0.00451927166
0.0892221183
-0.0310124867
-0.0795229673
-0.0245756898
-0.034614481
-0.0862662047
-0.0727887526
-0.0247208308
0.0179334357
-0.064226158
0.0651609972
-0.0399640128
-0.0475323647
0.00539600803
-0.182421684
-0.0511135906
0.0460232049
-0.00654911948
-0.0515066907
-0.0815204605
-0.0419764929
-0.0245856494
-0.0852569342
-0.149959311
0.0707872137
0.0948096961
0.136930376
0.133352235
0.0381558575
0.0933077782
0.0633562133
-0.0215158537
0.110576905
0.00379245682
-0.195292026
-0.110162102
0.121223524
-0.065402545
0.0925246552
0.191651329
-0.0527396128
0.0778232217
-0.0381181464
0.0941194817
-0.185715228
-0.0311345942
0.0452428944
-0.0821899027
0.031219868
0.114763729
0.0855053067
0.0463601314
-0.021075489
-0.11708872
-0.0535575114
-0.134154469
-0.0557606854
-0.102099441
0.0431238227
-0.0931693316
0.00792146567
-0.0643697605
0.0813858286
0.136882424
-0.0877038389
-0.080819279
0.0940694958
-0.0046709599
-0.0820125192
-0.0124547342
-0.0250159912
0.0559725277
0.0198254809
-0.0222586282
0.0336595699
0.042551443
0.0642862171
-0.0484194569
0.0692943707
-0.115789652
0.0162601825
0.0270324759
0.112141527
0.00419425312
0.00770111242
-0.0688220933
0.12252561
0.0308116134
0.0757742226
-0.0871819407
0.0412152186
0.075321734
-0.0659262091
-0.0513246469
-0.072550118
0.0580721498
0.0586142987
0.0533690713
-0.0698269382
0.0558089018
0.287604123
0.0811290368
0.103164665
-0.0285276175
-0.0499590151
0.104659297
0.0309478007
0.0272616949
0.0952144712
-0.0408992432
-0.0436824262
0.0598390698
-0.00226125796
-0.204158992
-0.111204743
-0.145707995
-0.100579746
0.0430380479
0.138580188
-0.0344120488
0.0365292318
0.0483013131
0.109586336
0.0933996812
-0.0584644116
0.0828866586
-0.0596792288
0.0597228594
-0.0880545378
-0.03744784
0.0774314627
-0.0907355398
0.032436043
0.133400917
-0.0590888895
-0.0932640508
0.0426156931
-0.0550338626
0.109255046
-0.0599064417
0.00631161174
0.0681125
0.219932929
-0.0275592469
0.0397856683
0.0125169158
-0.119394056
-0.0469437204
0.0330242515
0.0677378252
-0.0485878251
-0.0594695397
0.079046376
0.120808706
0.145262882
-0.000951432565
0.0187845323
0.0523261763
0.0065491409
-0.146767527
0.058713764
-0.0257528555
-0.00113861938
0.0846567154
0.13857767
-0.0754333287
0.0300845597
-0.010290728
0.0599513799
0.0725257695
0.0481037311
0.136607051
0.0775102302
0.130529106
-0.0621036142
-0.0742720515
-0.0691202432
-0.0234995093
-0.0836238712
0.0192431509
0.00469225273
0.0241669305
-0.0527324975
-0.0356794633
-0.0948043317
0.0904114544
0.0956904069
-0.0318673626
0.0352308601
0.0691666529
-0.0528574437
-0.00574627891
0.0483285524
-0.223639905
0.0716360211
0.0567191057
0.129633233
0.054464668
0.055807393
0.0110936472
-0.0462201573
-0.0743752047
-0.0485414527
0.0898459852
-0.116046079
-0.0977087989
0.0507721305
-0.124104135
-2.46300569e-05
-0.0327665247
0.0415286422
-0.00769033562
-0.0953776613
0.0103741325
0.0779775083
0.0568597429
0.0370873995
-0.0130385039
-0.0748085678
0.0286073424
-0.0319664516
0.0769805014
0.125671774
-0.0510477386
0.0793903545
-0.0191534664
-0.166714415
-0.0109571107
-0.0752687231
0.0938514248
0.00405898644
0.136539847
-0.00760336081
0.0212999135
-0.0129005443
-0.0349590145
0.0448694937
-0.019149093
-0.0128892222
0.00525057223
-0.052911479
0.0586899854
0.147553235
0.023684578
0.0521841459
-0.109238192
-0.0425099805
-0.0546457171
0.0168949105
0.115516968
0.0289777741
0.0515783988
0.060354799
0.126230925
0.135394886
-0.0368323065
-0.0928740799
0.0568787716
0.154521838
0.127012208
-0.0387228876
0.0794250593
0.201207921
-0.0327040963
-0.0602633096
-0.00758133968
-0.0523495376
-0.0516672805
0.0183496214
0.00121892872
-0.114598915
0.0477985442
0.109844118
0.0834934264
0.0818789154
-0.0172207542
-0.0996002704
0.00977843534
0.0571720637
-0.0528633073
-0.0265627354
0.044824753
-0.0408145748
-0.062124256
0.109661162
-0.00137775554
0.0375282355
0.122846164
-0.043707978
0.0472185016
0.0747001767
0.110872895
-0.0272013005
0.165873095
0.0625347197
0.151889235
-0.0196489487
0.101639971
0.0699540824
-0.00875150226
0.0696874112
-0.0587815419
0.0841179267
-0.15566732
0.114328615
0.137095749
0.0853765234
0.0690066963
0.00912919361
-0.0254931785
0.0494735055
0.0222364161
-0.0675920174
-0.035320282
0.0593218058
0.0817066729
0.107923754
-0.0794399828
0.119518846
0.071054548
-0.0777124017
-0.0803276673
0.0527836084
0.0429306999
0.0182505697
0.0127329957
0.0836241096
-0.0899121016
0.0344292894
-0.00522047468
0.0668516979
-0.0020764363
0.129996091
-0.0498043261
0.0444353782
0.0191291794
0.0674769655
0.0535107255
0.0692374259
0.0383339897
-0.131231919
-0.0154879149
-0.0616474859
-0.080751434
-0.0880335346
-0.121455394
-0.203548804
-0.0299960785
-0.0065350486
0.0355180502
0.156169012
-0.0902866945
0.23221758
0.174438179
0.126462147
0.0325572602
0.0439111739
-0.0949077532
-0.118247688
0.127120629
-0.065388374
0.0275508296
-0.0173360091
0.0216189157
-0.00438283756
-0.0509637818
0.0173618365
-0.0502108075
0.0746305957
-0.0157438889
0.0971535519
0.132101446
0.0327835158
-0.0423827432
-0.234797701
-0.0502426252
-0.00749198766
0.0614560209
-0.0326642133
-0.02274484
0.0453187898
-0.112044506
0.0724976063
-0.0544585101
0.0438717939
-0.0853913277
0.0501669683
0.0240556095
-0.0190839656
-0.0254985821
0.109224856
0.137985215
0.0235004406
0.0187107343
0.0461256579
-0.0989001244
0.00243674545
0.0455008186
-0.0400551893
0.071118854
0.0273605138
-0.0674029961
0.0608072355
0.0155544411
-0.173447043
-0.132808462
0.0429054461
-0.0543127358
0.0476384386
-0.0789813846
0.0392808542
-0.0464950986
-0.0900245085
0.0364812091
-0.0259528458
0.0598100349
-0.0850806907
-0.0358851403
0.096481964
0.00950793549
-0.119837463
0.00193101063
0.137328938
0.0706779137
-0.131514773
0.0189146455
0.147341013
0.0203539822
0.0874449015
0.0373106748
-0.0845277905
0.0853170082
0.0432009995
-0.0767388642
0.126816228
-0.122255787
-0.065896295
-0.0739768669
0.064489603
0.0525094159
0.17038238
-0.00325123011
0.0820314959
0.0785335973
-0.174195126
-0.0942963511
-0.031514816
-0.0304243583
0.0617691129
0.105423793
0.0870842785
0.046175912
-0.148231626
-0.0745020732
-0.0297090579
0.215647936
-0.00233611837
0.0786467716
-0.0184192359
0.0542258061
-0.0845169872
-0.0263091065
0.0880997777
0.143887684
0.0102989646
-0.0206356645
-0.106708348
0.0493220277
0.0578435399
-0.0173969455
0.0278298799
0.143054873
-0.174263269
-0.101264298
0.121119842
0.146063074
-0.0108048674
0.0204918738
0.14545548
-0.0877864957
0.0666333586
0.00657655299
0.0982698947
-0.0186229069
0.0520862862
0.0548873581
-0.0204539672
-0.0286950413
0.0714425296
-0.0772569329
0.0190503038
-0.080403164
-0.0305991042
-0.00316167111
0.0311316159
0.0667068362
0.0292771831
0.0677007437
-0.0606897809
-0.0910564587
0.0254595634
0.0205599479
0.00158742326
0.0488316081
0.0749042407
0.0924590081
0.0133885834
0.075258784
-0.00132990594
0.00674747676
-0.0107870167
-0.0923539549
0.0867932886
-0.109873489
0.0844948441
-0.00096860237
0.0265119839
0.188818067
-0.0610798895
-0.0187623743
-0.0799785107
0.0515087135
-0.0484739095
0.0596006848
-0.0104356213
0.0423098877
0.0579429008
-0.063210696
-0.0671400353
0.0795140788
-0.0297581907
-0.140711397
0.0534117259
-0.210093662
0.0740707293
-0.0531393588
-0.0874135569
0.0409247912
0.00340706413
0.104816847
0.127029806
-0.0109613268
-0.116758563
0.0330893137
-0.085501045
-0.0576926693
-0.0190659836
-0.0973857865
-0.0738371685
0.0342807882
0.0672594532
-0.082486853
-0.0573786758
0.0379883759
-0.0505435877
0.0992176756
-0.0236501042
-0.082354106
0.03463348
-0.0210215356
0.0569643714
0.0744852424
-0.0868949816
0.129331782
0.0734712332
0.0659179538
-0.0568659678
0.0110142883
0.0667385012
0.000325793488
-0.0760731474
0.00718262326
-0.0804188848
0.0257012285
0.0798533186
-0.142113268
0.0157884452
0.0368837044
0.129496455
-0.169740409
0.0462439097
0.0110951159
0.0227087419
0.0775747448
-0.0490387604
0.104524374
0.178570539
0.040031407
0.0286878496
0.0805741102
-0.0139573272
-0.121690497
-0.0944903269
0.0543296561
-0.0148214297
0.0218143575
-0.0833944008
0.064549543
0.10426525
-0.0996339023
-0.0539545864
0.0105034914
-0.172478706
-0.0732748583
-0.0102910632
-0.0679039955
-0.0401044376
-0.0234250557
-0.0528016165
0.00105166354
0.00859887619
-0.165200964
0.0892156959
0.10980729
-0.117567934
0.0362244099
0.199411139
-0.0605632029
0.0378623791
-0.00137576018
-0.0913864225
0.112717837
0.049732659
-0.100688614
-0.0292317905
0.0526082739
0.11545305
0.0921551511
-0.0598930828
0.00368499313
0.026942892
0.00577173335
0.115691371
0.0605766326
-0.16378291
-0.0673250854
-0.0410883911
0.0901102647
0.0414120629
0.148483336
-0.0666734949
-0.0201082453
-0.138414741
0.0183250718
0.097115688
0.097749047
-0.0432146452
-0.058616206
0.015352346
-0.0073861545
0.0274518728
0.00493974425
0.00368718873
0.0341249742
-0.0181058776
-0.0519150421
0.0160115603
0.00845594797
0.0479510911
0.0184562523
0.0986697227
0.0790929422
-0.114860058
0.0703092515
0.0714805126
-0.0287276004
-0.00352122309
-0.0735720918
-0.0646508858
-0.103784986
0.00945402868
0.109525904
0.0156487059
0.0671193451
-0.062165305
0.0700386539
-0.0558527485
-0.0402678885
0.142665252
0.0289193485
-0.0527603105
-0.0331503265
0.0407230705
0.123800367
0.117919952
0.116521582
0.0634502247
-0.0265577137
-0.0548058935
0.0969840661
0.128260806
-0.0384565927
0.0452291556
-0.0223820731
-0.043179065
-0.0143019436
0.00446502911
0.0458823889
0.175300017
-0.116634004
0.235979736
-0.0235546269
-0.0645291656
0.0250635445
-0.0365214832
0.091006726
0.155985281
0.0611622073
0.0051525794
-0.0849006772
-0.0921791568
0.067427814
0.0879050419
-0.0914182141
-0.131770015
0.00533208018
-0.0919833034
-0.0960897133
0.1614649
-0.113509148
-0.00796734169
0.0534585454
-0.100851856
-0.0515817292
-0.0611332729
0.0868471935
-0.0554938614
0.0710080564
-0.105474561
-0.01930397
0.0303970128
0.00400029309
0.080460541
-0.0522470623
0.206009239
0.0869095325
0.0786822364
-0.00334736914
0.123181038
-0.147873536
0.121654749
0.00431105634
-0.121449932
-0.0345785394
-0.0153356967
-0.0605072342
-0.0794874579
0.0054495153
-0.0879539549
-0.0233974438
0.0182486139
0.068824783
-0.124613494
0.0287336316
-0.127822727
-0.034554299
0.097704038
-0.0451056808
-0.0837219805
0.078920491
-0.101599738
-0.0443930365
-0.0117553379
0.0497944057
-0.0870677382
0.130336091
-0.143780008
-0.00657587871
0.064856261
0.0487373881
-0.0628925264
0.0908087939
-0.0722191185
-0.0511450283
-0.0831057653
-0.0834061056
-0.0312990174
0.0687902421
-0.0237072818
0.021747876
0.0444261655
0.0458668917
0.0559214614
0.0059399181
-0.168265939
0.0123264585
0.0776389912
0.0561534986
0.0242986828
0.0424463004
0.024096556
0.0282606725
0.00644298038
-0.0348538607
-0.0167860966
0.010246655
-0.0663322136
0.150665373
-0.0254363082
-0.013338916
-0.0543184355
-0.0615408383
-0.0987315327
0.0176435858
0.0073148706
-0.00610364648
0.0496130139
0.000574486679
-0.0218099598
0.0399286002
0.0363832526
-0.0771203116
0.110577002
-0.117091164
-0.0980170518
-0.0235495735
-0.0253518727
-0.0239957403
0.0884178355
0.0556139946
0.102060914
0.00436847657
0.101094127
0.0629331842
-0.0253330395
0.0627563968
0.120625637
-0.00210526073
-0.00169045839
-0.0588220172
-0.171369523
0.0149852829
-0.102111161
0.0922791436
-0.112017184
0.0174206942
0.0871182159
0.0418101624
-0.114000112
-0.185694471
-0.0541872606
0.081388399
0.0825349838
-0.0746345222
-0.00773229264
-0.0548270717
0.012614781
0.0873966366
-0.0916844904
0.116895035
-0.0579542369
0.0919333696
0.117564
0.116322733
0.0252967644
0.024777431
0.13447921
0.0220254809
0.14833191
0.0567046553
-0.00440083118
0.0167182181
0.0627683774
0.0701204538
-0.0848083124
0.0384055637
-0.0956417099
-0.0450922176
0.0795355514
0.0679955631
-0.100396052
-0.0805060416
-0.0284297634
0.152673364
0.087524727
0.00770817092
-0.0858479887
0.0453735963
-0.0150453383
-0.0833007842
-0.055806838
0.00613122387
0.0527876504
-0.0226363484
-0.00534218596
-0.0414174087
0.0377938412
0.065709956
-0.0983705223
0.118795171
-0.0324074998
0.114787683
-0.0400568508
0.203285426
-0.0579338633
0.0464757979
-0.0524403341
0.0845298246
-0.0187433548
-0.0977970138
-0.0662786216
-0.0427409895
-0.0466476753
0.0300235301
-0.00733300019
0.0685762092
-0.0273322407
-0.133295327
0.000136606395
0.0442594253
-0.0763249397
0.100645542
-0.00110197975
-0.214295208
0.0650161803
-0.0459537245
0.104746133
-0.0963240415
0.0587311275
0.134973601
0.00215709675
-0.0148889665
-0.00874450803
0.127408579
-0.0415827073
-0.0961344093
0.0229846444
-0.0539706126
0.102264263
0.0590129457
0.043867182
-0.0561872311
0.0667356178
-0.0422640294
0.0489591733
0.106568813
-0.0460533574
-0.0737811849
-0.085905984
0.0678759441
0.122320458
-0.0204666518
0.0333793461
0.0100064492
-0.0445528366
0.0517979898
-0.127490073
-0.0319709815
-0.145399272
0.0467643999
-0.0579831153
0.139701441
-0.0248082653
0.0977331102
0.0791668668
0.0420998521
0.0809447467
0.0675794333
0.076139614
-0.116295949
0.0288425926
-0.0353445075
0.165318877
0.0247070715
-0.00424538087
-0.106993094
0.0628580973
0.0314219706
0.0223209336
0.101396278
0.0339990631
0.00430442253
-0.0815919861
-0.0579504818
0.00732321525
0.0151601983
-0.106393144
0.0643919781
0.0630030707
-0.0860375389
-0.0594462231
-0.0200501308
0.0103679225
-0.023548305
-0.0669733509
0.0820530578
0.0581497476
0.00418330124
0.0136472899
0.0252501909
-0.00843113381
-0.109219931
-0.0317793973
0.0440464243
-0.100476779
0.0299903918
-0.0310743526
-0.0416740328
0.0192602929
0.0117093455
0.0171390399
-0.0690122619
-0.110053129
0.0124492273
-0.0886313021
-0.0991070941
0.0487614572
0.0738710016
-0.0734119713
0.0432884954
0.0623924993
-0.109982923
-0.0304969288
-0.035414435
-0.0304879751
-0.0183611047
0.0650008023
-0.0514690429
0.029062774
0.0050978181
-0.0671556666
0.0661820993
0.0541079119
-0.0622505508
-0.060205739
-0.115389146
-0.0351120569
-0.0210505649
0.0839487463
-0.0666120499
0.0255751908
-0.00203062198
0.041428417
0.0502930582
-0.0157483257
-0.101378776
0.0486663952
0.0287236571
0.0522279777
0.0461196266
-0.0860626251
0.0411058217
0.0397439897
0.0108807953
0.0172165502
-0.0540439598
-0.0880395323
-0.01547579
0.0294480287
-0.0119539797
-0.0269458909
0.0247669443
0.0215615351
-0.0739681944
-0.0422962345
0.0675680637
-0.0611891598
0.0853432566
-0.10855265
-0.108560443
-0.0907704905
-0.0127454326
-0.100846559
0.00422076089
-0.0378359966
-0.0866269916
0.0721731111
-0.0202826224
-0.0581186451
-0.0862236619
-0.0653765947
0.0535481907
-0.00321801007
-0.00560420286
-0.0956377387
-0.0102542778
-0.000614091521
0.0374223888
0.0343183167
-0.00804304797
0.00102134794
-0.0336225294
-0.0208204277
0.0088076517
-0.0863138586
-0.0757218003
-0.00902149081
-0.0877146199
-0.0763763189
-0.0735278875
-0.0589956567
0.0782772601
0.0611084513
0.0237904452
0.199179217
-0.0125534115
-0.0219745394
0.0408478007
-0.0566669814
0.0637538582
0.0619204119
-0.01500847
-0.0621924661
0.094526194
0.0534925833
-0.063530311
-0.0724429041
0.0830620229
-0.0338235125
-0.047943078
-0.00466551492
-0.0540481098
-0.0825406015
-0.0411223359
0.0617642924
0.113429539
0.0619640239
0.0205551833
-0.0389058217
0.0119710239
-0.0379234962
0.00741378218
-0.0416418798
0.0866083875
0.0306794252
-0.0177764241
-0.00199488318
0.0678609833
-0.0331998207
0.0771947876
-0.0648991391
-0.0177564789
-0.0823797062
-0.131846875
-0.0766222477
0.126407206
-0.0658698231
0.0419163331
0.00690139085
0.0973043591
-0.0397820547
-0.0296713468
0.116417907
0.042677179
0.0820774511
-0.0279054977
0.0185990613
0.104171969
-0.0119684935
-0.0517059453
0.0102057932
0.0796122327
0.0173116382
0.188426003
-0.0882547945
0.0482904091
0.0335304514
0.0461923927
0.101613954
-0.0822858661
-0.156144142
-0.0820434839
-0.0692987591
0.0880637914
-0.00246261037
-0.062698856
-0.0957807824
-0.0505535714
0.103455916
0.0343025252
-0.0308526065
-0.0387075208
0.0111262873
0.153550699
0.0935221314
-0.0296040475
0.0155405831
-0.0842056572
0.153607383
-0.14644751
0.0999211147
-0.0957332328
-0.00382893812
-0.0812290385
0.00108374574
0.060946852
0.140269667
-0.0938691571
0.07053525
-0.00263696699
0.104566693
-0.207974389
0.0326540358
-0.0895406827
-0.0143409586
0.051637955
0.0774917603
0.0554663092
-0.0733834207
0.157437652
0.0137216728
-0.0485208817
-0.070231393
0.0365204103
-0.0455814637
-0.0541510805
-0.107745975
0.0447971486
0.0671471953
-0.0705894008
-0.0176921114
-0.0970757008
0.0547308475
-0.0769354403
0.0570396483
0.076903373
-0.081438452
-0.088738367
-0.0415173322
-0.0124084884
0.0230589937
0.0196162779
-0.0588399619
0.0550614372
-0.0377819836
-0.0709162578
-0.0831026509
-0.0552411303
-0.0379236862
-0.0634498075
-0.101077184
-0.0456010997
0.0525977388
0.0490933247
-0.0369957872
-0.00670800637
-0.0399147235
-0.0593499579
-0.0266039819
-0.0748963803
-0.00315026287
-0.0389441065
-0.0126906261
-0.107254729
0.0349803194
-0.020593917
0.0501007549
-0.0689624548
0.0569369197
0.0507664531
-0.00480384938
-0.117314979
-0.0163488854
0.00721546961
-0.0682805032
-0.104956217
-0.0352175161
-0.0920478478
-0.0970298797
0.026472427
-0.095226258
-0.0575840399
-0.0302310959
0.0327016376
0.0248604063
-0.104715221
0.0652662665
0.0442015082
-0.0500824675
-0.0843594819
-0.00321330875
-0.00172166759
0.0217483789
-0.056853421
-0.0850501209
-0.051458586
-0.123004928
-0.085636571
0.0183728933
-0.0875305459
-0.0759825334
0.0743099004
0.0825141519
-0.101504199
0.0346524417
-0.0626984388
-0.0489494912
-0.0922703668
-0.0819116756
-0.0261097327
-0.111745402
-0.0205231234
-0.0339087844
0.00151123351
-0.0683898851
0.0160299763
-0.0968246013
0.0801149011
-0.0607664138
0.0574728996
0.0352606475
-0.0119209364
0.0635198206
-0.0245063771
0.0557024032
0.0411263704
0.0518438444
-0.0254251715
-0.0328400359
-0.0492421873
-0.0459072702
0.0496176854
-0.110267706
-0.00849581603
-0.0201420728
0.053960897
0.0238674171
0.0654294044
-0.028064223
0.0289502461
-0.00710393488
-0.0457439907
0.0174225345
0.0701453239
-0.120313413
0.0547655374
-0.037111368
0.0193543527
-0.0438944884
-0.0160845779
-0.0287698824
-0.0362320319
0.0296621826
0.0900464356
0.0452491529
-0.0772363544
0.113136947
0.00867447443
0.0387909673
-0.015673507
0.0899080709
-0.0208005905
0.0863835514
-0.0172449164
0.049588155
-0.0613783747
-0.0898536146
0.0680424571
0.0547057725
0.11931394
0.0287460405
0.00409463979
0.0661292002
0.070051685
-0.0271622986
-0.0401311293
0.0285003558
0.158095166
0.098891221
-0.0687238276
-0.00726861972
0.0228189398
-0.0430078991
0.0748588964
0.140583143
-0.0570652746
0.0312957987
-0.044374574
-0.100434452
0.0153765595
0.0507121198
0.111120328
0.0516513027
-0.00211888039
0.0756849796
-0.0545978472
0.0183595773
-0.0520723611
0.130832762
0.134261012
0.0876909867
0.0490511991
-0.0277483631
0.142886758
-0.0212048627
-0.0616894811
0.0144149521
-0.0770026073
-0.0516728908
0.0323111638
0.0640624762
-0.0289939828
0.0467309356
-0.125055015
-0.100692779
0.101865582
0.059581168
0.0406405292
-0.0685403273
-0.133231312
-0.0599028394
0.0159709696
-0.054949306
0.0993953049
0.00168354705
0.136948407
0.108855367
-0.0564420782
-0.0168048572
0.0896784812
-0.00702512031
0.0465772711
-0.0132073266
0.070373863
-0.0913143605
0.0263819937
0.0538448878
0.0737253502
0.030605834
-0.0414468497
0.0703202933
-0.0296426006
0.0680773482
-0.0829856023
0.0548913926
0.030067673
-0.0452680662
-0.0767448545
0.0516766608
-0.0984280631
0.0579573475
-0.2058018
0.156870037
-0.0652723908
-0.00615101447
-0.148205072
-0.0707750022
0.0648972839
0.0646826476
0.154733747
-0.0356681831
0.065046072
0.221909896
-0.0497792289
0.0224298183
-0.0548499972
-0.0884843171
0.00342383119
0.0594347827
0.0405014306
0.0341184363
0.0272163376
-0.000787728291
0.00461056828
-0.0637601241
0.025481239
0.0703269914
-0.0437853485
0.0538976714
0.0222265795
0.0516762659
0.0569388904
-0.0369160511
-0.0666015595
-0.00518634683
0.0343329534
0.0631976873
-0.0334482044
-0.0108162807
-0.070867762
-0.0592790507
-0.0287185088
-0.0973276049
0.0114768688
-0.0912172124
-0.0700077713
0.00118588097
0.0572979562
0.0619923659
0.0383206829
0.0236210041
-0.0301222466
-0.0979967862
-0.0936419442
0.010796722
-0.0214388948
-0.00172266271
0.0624996163
-0.0603885651
-0.0787011832
-0.000812588783
0.0514046215
0.00765785854
-0.033405222
0.0538439974
-0.102768868
-0.0506979041
-0.0643228292
0.048957292
-0.0498151481
0.0188263003
-0.0588117465
-0.104901224
0.0201944541
-0.0642568469
-0.0862576589
-0.0905541256
0.0638337582
0.0557001978
0.0109341731
0.0268539339
0.0563427731
-0.0903421491
-0.0313990153
-0.0792971626
-0.0859468654
-0.0381665528
0.0217038523
0.0136659546
-0.0538681932
-0.023100527
0.0584876537
0.0515794605
0.0736029148
-0.0189240091
0.0600334816
0.0214062743
-0.0891325846
-0.0774374083
0.080421187
-0.0847239569
0.0144277662
0.0563260652
-0.0789163113
-0.0196392983
0.0417501181
0.01225786
-0.0910416245
-0.0888306573
-0.05113988
0.0436538979
-0.00169692934
-0.043493785
0.0297644269
0.0411244035
0.0460926667
0.0423603319
-0.0866502598
-0.0195440128
-0.0199679751
-0.0960845053
0.0821284875
-0.0538202673
0.0420225896
-0.054684002
0.0435105339
-0.0122750057
0.0426668674
0.0452633016
0.0139524546
-0.000384993851
0.0772579014
-0.107472956
-0.0373986624
-0.0084786173
-0.0891348794
0.0536193214
-0.00423143711
-0.0526374988
0.0651649609
0.0772338361
-0.0632176399
-0.0508360527
0.0621998273
-0.189700261
-0.0327465422
0.0935706198
0.0787025318
0.108897462
-0.0358302072
-0.0677572638
-0.0679128692
-0.0468734801
0.022049943
-0.0605149679
0.0676119551
-0.0883311704
0.0619739927
0.0924395472
0.0724519268
-0.0662964359
0.0946149454
0.0580405481
-0.0416222066
-0.121859342
-0.000241646921
0.143700019
0.151639909
-0.0202738624
0.156384379
-0.0650709718
0.0621711165
-0.0553026572
0.0724787191
-0.0165887903
-0.0795215145
0.0552679524
0.0267239064
-0.0797606558
0.0914565325
-0.0375081748
0.140923858
0.0805941671
0.185631767
-0.0286041144
-0.107069798
0.0400999412
-0.122038662
0.0600898303
0.0405212939
-0.0139748333
-0.0998819023
0.0947284475
0.168459982
-0.126355246
-0.00506505882
0.00449491339
-0.07713525
0.0693125874
-0.000770339626
0.0113799013
0.0165331624
-0.0595833138
-0.135579422
-0.0232882742
-0.010446067
0.143422917
-0.0301896799
0.00997332763
-0.0447363108
0.136559904
-0.0829587728
-0.0274904575
0.0455317646
-0.116039164
0.116773278
0.000837809523
-0.0783457607
-0.00442598853
0.00223222468
-0.0630844533
-0.058705762
-0.113906577
0.00734212901
-0.00405648304
0.0874958932
0.0706459954
-0.0413360372
0.0243330859
0.129836306
0.226669788
0.071344465
-0.0118544986
-0.0310723893
0.00375552429
0.0964165404
-0.141048148
0.0547908321
0.114598855
0.020369485
-0.102910809
0.0493837073
0.00807927083
-0.0416437387
-0.0646597669
-0.168009967
0.137051433
0.02946073
0.101324506
-0.0312150605
-0.00157155399
-0.032214541
0.141264483
-0.0205843244
-0.00311549194
-0.0527593605
-0.00397166796
-0.0960329026
0.0905591622
0.0603490248
0.0166930165
-0.0134613095
0.116924122
0.000496182765
0.100676388
-0.0394673944
-0.0560887717
0.0834838748
-0.0280031711
0.0100361668
0.0107787438
0.0808080137
-0.00918766949
-0.00709065655
-0.0459284931
0.0439634994
0.0721916631
0.0932299718
-0.0189740863
-0.0616483353
0.0526414923
0.060781654
0.0501173437
0.052802451
0.0101197371
-0.0901027396
-0.0396186262
0.00453587063
-0.0342941135
0.176106691
0.0733648166
0.0577931739
0.0184901413
0.0755283013
0.0121162971
-0.0276194718
-0.0819179416
0.129669741
-0.0645154193
-0.0631731376
0.0428235494
-0.103696637
-0.0885731354
-0.129862174
0.0531714261
0.0763621405
0.0420068912
0.0574289151
-0.0972137451
-0.0600123927
0.113104314
0.00444090925
0.104448162
-0.0868376419
0.144198284
0.085656248
-0.0398047529
-0.00785882957
0.0505037419
-0.0714576319
0.021901764
0.00239527784
-0.0568905137
0.0603149161
0.0975969285
0.0891167521
-0.106254905
0.0689195171
0.0290961247
0.0445508957
0.0277727861
-0.019146543
-0.0276818685
-0.0713540614
0.0194642656
-0.0969320908
0.0840805918
0.0829889923
-0.0109701725
-0.0980004817
0.106727406
-0.0260837376
0.145596519
0.101097748
-0.0107078971
-0.0222753286
0.0464513078
-0.0673156083
0.00634599989
-0.0893315375
-0.0125736408
0.0297606178
-0.0630022213
-0.0264703967
0.0256877039
-0.0958930627
0.101521172
0.0335826688
-0.0208027642
0.0172965266
0.00891639944
0.0647144169
-0.038132146
-0.0647687688
0.066534847
0.0822225288
0.0255523305
0.0293006469
-0.0117623638
-0.0748026669
0.0877787322
-0.0390804708
-0.226897806
-0.00813747942
0.018953871
-0.0265603885
-0.0630433261
0.099781774
0.0336724259
0.0997058451
0.0399015024
0.0113858916
0.0772715062
0.0261464696
0.0105706472
-0.0265654419
0.101244852
0.0230622776
-0.026480034
0.0576238856
-0.075264588
0.145617202
-0.04644778
0.0227037463
0.0505384132
-0.0759484544
0.189471811
0.0896815062
0.053817939
0.03872291
0.0604537353
0.0052488409
0.106000789
-0.0329132453
-0.0630883649
-0.144014388
-0.0470089242
0.0999412164
0.0467610247
-0.13904947
0.0172987282
-0.0761105865
-0.058136072
-0.0451757014
-0.0443240404
0.0203665439
0.0109876748
0.00435151858
0.0580296516
-0.0308447871
-0.106179558
-0.00236084824
0.025447268
0.0713554844
-0.0818221718
-0.0667018518
-0.0459107906
0.079488799
0.251609743
0.0502606854
0.108523294
-0.0757101774
-0.0558512881
-0.0390943214
0.0499591231
0.0471979864
0.0592504852
0.0413418263
0.000880916312
-0.0762490556
0.0674645081
0.0811384544
-0.0848142505
0.092390269
-0.0747674108
0.0682278425
0.0322047323
0.0632231832
-0.0345039815
-0.100311652
-0.0895966291
0.0807780549
0.0556528606
-0.0306050126
0.0185601301
0.117858477
0.0410812423
0.0643165708
-0.111292705
0.0187327601
-0.00482168142
-0.00158167176
0.00148285029
-0.0372797363
-0.0936236531
0.0455292277
0.0267619714
-0.0415402651
0.162754834
0.110426627
0.0411752351
-0.0446839705
0.0654392764
0.0644000024
-0.0259951465
-0.0352776311
-0.0743602589
-0.00983589608
0.132795408
-0.0202590637
0.134884715
0.0500682183
0.139088467
-0.0206659064
-0.0827360079
-0.140728846
0.0391839556
0.0652717426
0.0421641059
0.0479913875
0.0809758902
-0.012026119
0.186546579
-0.0303551275
0.0505812243
0.0735452846
-0.00893708691
-0.105076879
-0.131352872
0.0873621404
0.0311984085
0.064570494
-0.0833679214
-0.0994282514
0.064643614
0.0390500277
0.0895026401
-0.0810996592
0.0156937093
-0.0659709647
-0.119134128
0.0747344494
-0.0435377061
0.000950829708
0.053112518
0.0261151083
-0.0543067455
-0.107742019
0.0146798259
-0.0225146376
-0.0575640388
0.133054748
-0.0855614543
0.0503254943
0.0808092505
-0.0827592015
-0.0756695792
0.0171677098
-0.00549283251
0.0999788344
0.102169529
0.074309364
0.073951818
0.0979336724
-0.0656105429
0.020260809
0.0729914308
0.0836861655
-0.0414804667
-0.0220876131
-0.123671249
-0.0244196933
-0.117700882
-0.0317413434
0.0653360486
0.103266835
0.00270389766
0.0472369194
0.0378348194
-0.0250716936
-0.102865726
-0.00466670096
0.112294108
-0.0926578641
-0.0756551474
0.0430545881
0.0715729073
0.0924385786
0.048302874
-0.0416944101
0.0637281388
0.130502492
-0.0623078197
0.0616660416
0.0301846191
-0.0228238981
-0.00765157817
-0.0245497767
0.0456199273
0.0430725068
0.0206366833
0.0880485326
0.0007564798
0.0842504948
-0.0138461078
0.0291139688
-0.0102389948
0.00570488581
-0.106372014
0.0298640467
0.0390836149
-0.0516008772
-0.0839653909
-0.034152329
0.0158405323
0.180336818
-0.076377511
0.0528228432
-0.0284403339
0.130034849
0.0270957351
0.0521691702
-0.0514408201
0.0750929713
0.0472205766
-0.00761610642
-0.062397182
0.0256127417
-0.028487863
0.0957212895
0.0782224312
0.237948686
-0.14308928
0.0595406517
0.13549006
0.166927189
0.0846432894
-0.0534746014
-0.0907392874
-0.0529307015
-0.0235645808
-0.0312227663
0.130062267
0.00719467225
0.0302512739
-0.0314228535
0.0369891003
-0.0672872886
0.0360191502
-0.135096207
0.0177155696
-0.0322700255
-0.115432113
-0.0876777843
-0.0832862034
0.0225861873
-0.0668976158
-0.0855586678
-0.0344637521
0.0745416507
-0.042519182
0.147324756
0.0160883255
0.0439038239
0.0642294958
-0.026071189
0.0787169933
-0.023122523
-0.0614851601
-0.0873466134
0.0259740688
0.0684727132
-0.0084939301
0.0556094944
-0.00421369867
-0.0626003817
-0.00191264553
0.0625002086
-0.0576700382
-0.0866701454
0.0225165077
-0.0154534439
-0.0423995554
0.0293068029
0.0158319715
-0.107876763
-0.011443221
-0.0540982448
0.055475384
-0.0466728136
0.098851487
-0.0347285904
0.134541363
0.115752958
0.0768278986
0.120710574
0.0860302672
-0.0483081937
0.0235657394
0.031614691
0.0679639876
0.0965577289
0.0210755412
-0.0169758573
0.0573404431
0.0449084118
-0.0654088035
0.022473529
0.0747535527
-0.0790908262
-0.0760403126
0.0330471992
-0.00351025653
-0.0805295482
0.0691634938
-0.0762109384
0.0852270797
-0.0677666068
0.0871049315
0.00647656806
0.0468862168
0.059592437
-0.0275731683
-0.0685972422
-0.0458446071
0.0559083112
0.0303322654
0.0939645022
-0.0861300007
-0.0474789776
-0.0546252728
-0.0192684904
-0.00175132253
-0.105947845
0.0340308882
-0.000556056446
0.0528147295
-0.0314825736
-0.088994734
0.136150777
-0.0989177227
0.047815647
0.000506113225
0.0552638993
0.0244712941
0.0429325551
-0.0675999224
-0.0380823128
0.00901285373
0.0607645102
0.0732491389
0.144111007
0.000933919335
0.127103925
0.0933997408
0.0493889451
0.0682779104
0.0905283019
-0.102024354
0.0116796428
0.0175004844
0.0860418454
-0.0356514789
-0.0461139344
0.0197855644
-0.0423564725
-0.0222892705
0.0144390464
-0.0440207161
0.0155039001
-0.0542964824
0.138954252
0.0367015116
-0.0623972341
-0.0453615338
0.0722639114
-0.0616244636
-0.0718415305
-0.0855070278
-0.00717182597
-0.052982267
-0.1069749
-0.0801466927
0.037903104
-0.073725298
0.0862100124
-0.028341949
0.0283587333
0.0196875185
0.0430044495
0.0492474884
-0.0291266516
-0.0579889789
0.00190526433
-0.0647090375
0.0644902065
0.0140436869
0.00301521854
-0.00341947377
-0.00982871652
-0.0905999541
-0.0422811843
-0.0608995184
-0.0152504668
-0.0257398486
0.03770357
-0.0958688036
-0.0223137401
-0.0242370218
-0.0202879552
0.0566798858
-0.0587255508
-0.0400312692
0.0517717265
-0.0622582436
-0.0380795002
0.0325250104
-0.0554579422
-0.0907947421
-0.0840353519
0.0424597003
0.0640987009
-0.0666061342
-0.084661901
-0.0939049274
0.0394084305
0.0378344506
-0.0354989842
0.00342878699
-0.0105146468
0.0781997889
-0.0670563728
-0.0111838952
-0.0472999476
-0.0377484038
-0.0217002928
-0.0214727595
0.0199280959
0.0557952635
-0.05741027
-0.0301384665
-0.0478964895
-0.0819611251
-0.102745108
-0.00617625564
0.0175779443
-0.0844177529
-0.0629293695
-0.0770651773
-0.0466412976
-0.0867454857
0.0121833459
0.0445426404
-0.10520108
0.00886060297
-0.00574203534
-0.0751008391
-0.0051209107
-0.0484316796
-0.0445568599
0.0449854732
-0.0622833185
-0.111444816
-0.0826346204
0.0334918573
0.0134963766
-0.0119564906
-0.00288432091
-0.000982828438
-0.0577945746
-0.0116514293
0.0200724117
0.045679085
-0.0729250014
-0.111854926
-0.0833349079
-0.105592057
-0.0711816549
-0.0228655115
-0.0625294968
-0.0704228655
-0.0427527353
0.0106544569
0.0128873512
0.00509659573
8.44374299e-05
-0.00917856395
0.0601496398
-0.061436519
0.0284380186
-0.0455981009
0.0609857477
-0.098945044
0.113804363
-0.0599691272
0.0586661026
-0.0177418403
0.0652378798
0.0502643585
-0.0355848894
0.0476516411
-0.14490445
-0.0108939912
-0.0689176917
0.0510622598
-0.0228634831
-0.28532663
0.0170644689
-0.0366913341
0.097493127
0.0569503531
-0.0902371258
-0.088515684
-0.0494262353
-0.0806391016
0.116745166
0.0645476133
-0.00819608569
0.0581720769
0.0510837063
-0.0109365638
-0.051268775
-0.0224211626
0.0773064792
-0.0813746676
-0.100673541
0.0153813111
-0.0475584604
-0.0328047164
0.0625459403
0.0752512589
0.150237158
0.0801668167
0.0976621285
0.00577667821
-0.123393096
0.0573775247
0.0180999376
0.019903427
0.0468466543
-0.0185175221
-0.0146102533
-0.0568151921
0.147494107
-0.164960459
0.0500013791
0.110484585
-0.0218589548
-0.0376367755
-0.0626815781
0.0447137132
-0.0376696736
-0.0542943031
-0.223122492
0.0682579055
-0.068231456
0.123882219
0.129346326
-0.0682317838
-0.0549721047
-0.0563495755
-0.0659551173
0.0468032472
0.0544368625
-0.175564498
0.0269265175
0.0758924931
-0.0606611446
0.0586989671
-0.0625564605
0.0834188685
0.0233514253
-0.0891004503
0.0429595262
0.0371350944
0.123560742
0.023752857
0.01321931
-0.0864812881
0.0429299213
0.106621362
-0.0676217303
0.0292660259
-0.0559483506
0.0922657549
0.0263748169
-0.129209593
-0.0936939791
0.0497025885
-0.0704345256
-0.0220963694
-0.0251606554
-0.0297273081
0.0202893596
0.0539555512
-0.0579744428
0.0376864411
-0.0538566858
0.0566525087
0.0978933126
-0.0235853903
0.0164955221
0.154212222
-0.0639110953
0.0208353419
0.0489820614
-0.063455008
-0.0963510796
-0.0587782003
-0.0204565953
0.0963706747
-0.0702770501
0.0828824192
-0.0952293351
0.0695534199
0.0335407257
-0.0721079633
0.023389861
-0.038574297
-0.0473898575
0.104695357
0.00265307003
-0.18555747
0.108089216
0.140909895
-0.0852971971
-0.0369328782
0.0217590425
0.020008171
0.0147871627
0.0782628804
0.137451932
-0.143090054
-0.0781699866
-0.0237687994
0.135913044
-0.00375170144
-0.143254846
0.0562014543
0.0794791132
0.0665872097
0.0575458631
0.0991558358
0.0766766816
-0.102765352
-0.00814279728
-0.00283623114
0.0432660989
-0.0154883554
0.0323357359
0.0624994636
0.0260241255
-0.0339206718
-0.131852597
-0.00884205475
0.0254171472
-0.0729649514
-0.0753892437
-0.0432479642
0.0611155182
0.0242301039
0.114816427
0.114595428
0.135246262
0.0314968638
0.102148354
0.0362081267
-0.0225203298
-0.0657163486
-0.0595398396
0.0607555285
-0.0818461701
0.0482495129
0.103636973
0.0254644211
-0.108218715
-0.0212552994
0.0672909543
-0.0580061562
-0.0202741269
0.0405667871
0.0114784073
0.101475917
0.056319356
-0.0555476844
0.0840503052
0.00450684456
0.0521042421
-0.070211798
-0.0159361232
0.0702680275
-0.0572028458
-0.0153348763
0.078339301
0.0637627542
0.0451825522
0.0305276532
0.0453641824
0.0451718457
0.15172635
-0.105973318
-0.0139322784
0.00540452078
0.140843391
0.0742374435
0.0586018786
0.140181184
0.0212698802
-0.0335912146
-0.0128707569
-0.0930422395
0.017156126
-0.0402874388
-0.0411450118
0.130472645
0.107956931
0.0972892642
0.0611625649
0.0136844646
0.00830923952
0.0398434363
-0.0509809069
-0.00414948259
-0.039726913
0.084073253
0.0730115622
0.0339868814
0.0705821067
0.0269744452
-0.0561619848
0.0603827834
-0.0860811919
0.0311196875
-0.0710805655
-0.0240316484
-0.0657724217
-0.0567561276
0.0425711349
-0.0229637921
0.136077195
0.139846221
0.0152810179
0.0374971703
0.0976177827
-0.0660789385
-0.0268344022
-0.040541485
-0.0547680072
0.0048943013
-0.0134430975
-0.0156914536
-0.0247110631
-0.040236149
0.0542411022
-0.021495454
0.0568520613
-0.00295348326
-0.0504376926
0.0325505361
-0.0769893304
0.0280802064
0.0772450864
0.015131847
0.071926944
-0.0317357779
0.0215734877
0.120195031
-0.0168186706
-0.0766913891
-0.0609397739
0.0637136921
0.0739590973
-0.0297814775
-0.0955757201
0.0707144886
0.120995216
-0.0129135931
0.0926562473
0.0516306125
-0.0254213754
-0.0212339442
0.0775660053
0.134237707
0.059194278
-0.0796215236
-0.0685496256
0.0669489801
-0.000337052945
-0.055408448
-0.0348566733
-0.00724126259
0.0765155405
-0.00713762175
-0.107888378
0.154698208
-0.0185729787
-0.0539017878
0.00644015614
-0.0513772592
-0.0694766715
0.0207764562
0.0326504894
0.0239894539
-0.0313436091
-0.13734059
-0.094147779
0.0657034591
0.0034968534
0.0945837274
0.0133932699
0.0902789906
0.0170319676
-0.0498473905
0.106907606
-0.0112085929
0.122919656
0.0549599901
-0.023810409
-0.106251694
-0.0164395329
-0.11798463
0.0435317494
0.0919292271
0.0592725277
0.0795556828
0.0717462599
-0.0681081861
0.0519468971
-0.0810817927
0.0887186453
-0.0729461536
-0.107460797
0.0164764673
-0.040979024
0.12280456
0.0885812566
0.0160136782
-0.0933030844
0.0554556921
0.0458927155
0.0324252807
-0.0658046827
0.13306284
-0.0546423085
-0.0255998969
0.101903379
0.0103705199
-0.0243390575
0.020238135
0.0121055897
-0.0239723884
-0.083651416
-0.0710927323
0.0213533677
0.0161414091
0.0363830104
0.0541693866
0.0460572913
-0.120522752
0.0104133654
0.135964483
0.035609737
-0.0878981501
-0.0221802685
-0.015850734
0.0038092928
0.0547129251
-0.0236168317
-0.0934326053
0.0183195379
0.063167423
0.0119608827
0.0290494319
-0.108071119
0.0146275712
0.0654011369
0.0611536019
0.108138569
0.0530939884
-0.0162187833
0.0271305256
0.0822360292
-0.0417077318
-0.0785928369
0.0426661931
-0.087767832
0.184529141
0.0477498695
0.0394729972
-0.0538946688
0.0743187517
-0.0478567816
-0.059314087
-0.184445783
-0.00060618273
0.139230192
0.0636394769
-0.0749406219
0.0190023445
0.0454767458
0.067416966
0.0632873774
-0.0129974717
0.135880917
0.045141764
-0.020242909
-0.122757226
0.00385818211
-0.00541690411
0.10731072
0.0958315805
0.0725141987
0.0583196878
0.157120883
0.0261394121
0.0194434226
0.0147522278
0.0568414629
0.0071051023
-0.0752307549
-0.0202656221
0.0239318125
0.0356632695
-0.0905396193
0.059763331
0.0797609463
-0.0511541925
0.069532901
0.0508234054
-0.0895611793
0.0592485592
0.0191323645
0.0521096326
0.0311820209
0.0172640402
0.0653327852
-0.00535283191
0.0413050726
0.0433864221
-0.128130406
0.0136154918
0.0158814732
-0.0728528276
-0.018456649
0.0397136621
0.119327597
-0.02406873
0.0731070712
0.129240125
0.0778056085
0.0816881061
-0.218338251
0.0307421777
-0.125323683
-0.0451849252
-0.0200194214
0.132175446
0.0655407682
0.13427107
0.0634510443
-0.0318898261
0.0713158697
-0.0745008215
0.0562159121
0.0411342867
0.0523213223
0.0617196858
0.078828752
-0.0190024953
-0.11216709
-0.00184683641
-0.0213061403
-0.0508230291
0.0149498936
0.174320102
-0.0707909614
-0.0846443921
0.0494441241
-0.0765595436
-0.0302777868
0.0993264094
0.00129477505
-0.085204266
0.136018455
-0.0628710538
-0.0355563276
-0.140002012
0.0777107477
0.0302079916
0.0817871019
0.0173090361
-0.0480884612
0.0687132478
0.0561376251
0.118710503
0.167879686
0.13673003
0.113000773
0.0106524276
-0.0762099624
0.029742403
0.0910984725
-0.028274063
0.0597811751
0.0815020576
-0.070690304
0.0164679643
0.096850507
0.0684367716
-0.0835499465
0.0199841764
-0.0304819141
-0.0347008407
-0.0638699755
-0.0795155764
0.0774864778
0.0936140195
-0.0577725507
-0.126994118
0.0996042341
-0.0443626791
0.0650977194
0.0731171593
0.0757956579
-0.0572214499
0.0222960021
-0.0473206788
0.104814507
-0.0452911556
0.0361434333
-0.0612038374
-0.0634428784
-0.0153808082
0.0991785675
-0.0398490652
-0.093569003
0.105898984
0.139484301
0.0702513158
0.0443993546
-0.145510867
0.043949753
0.112057433
0.0804693252
-0.0460102409
-0.016762441
-0.0936964378
0.0913647264
0.0525670946
0.0797816887
-0.0834837854
-0.0950422734
0.0523198843
-0.0270928591
0.0402426571
0.125163674
-0.0205565728
-0.0628746375
0.0713658109
-0.10365428
-0.0997160375
-0.0597330071
-0.0419251919
-0.0366331451
0.0127799334
0.0552431308
-0.0384999625
-0.0637149066
-0.11276938
0.103325397
0.0855443701
-0.174395338
0.0910734609
-0.0689895004
0.0115803881
0.0417664386
0.14503336
-0.0648026839
-0.00607578969
0.0650565103
-0.0955047533
-0.0991045684
0.0199507792
0.0684052408
-0.0357452631
0.0371677205
-0.0270101409
-0.0455660895
0.135455772
-0.0272149444
-0.0274961833
-0.0470338985
-0.0739967227
0.0825628042
0.203290209
-0.0461052582
0.00702430122
0.0332326852
0.0265378524
0.0945621654
0.108153738
0.00163931702
0.0179392938
-0.0654583126
-0.128671318
-0.0088203568
-0.00850370713
0.108705014
0.0603558049
-0.0928539261
0.0167884137
-0.00378096779
0.0913543478
0.097730346
0.10576544
-0.0612274408
-0.0673048645
0.0678849891
-0.0597585551
-0.00698211184
0.0732325166
0.00529292459
-0.0847048908
0.0196110401
0.0102659184
0.0184408706
-0.0312412512
0.125864357
0.0650448948
0.0504881665
0.050371442
0.0214806199
-0.0139392661
-0.0360166915
-0.0674845725
0.168008313
-0.0287826136
0.134018466
0.061317455
-0.00668608909
0.0436213575
-0.0174567774
0.13198714
0.0217269734
0.0534951724
0.0871548727
0.0855186582
0.0613348037
-0.0576430447
-0.0303991418
-0.00371414772
0.0444023274
-0.099682264
0.163239568
-0.0884160846
0.130862713
0.0947595462
0.128850728
0.0379044935
-0.107720882
-0.162568659
0.0706237927
0.0444062911
-0.14400658
-0.0232741311
0.0783283114
-0.0127183069
0.0132178282
0.0897420719
0.0435493439
-0.0754036903
-0.0810525566
0.198626965
0.0364967324
0.0599929206
-0.0574373826
-0.0655589476
0.0186251085
0.0754066855
0.0478031598
-0.100083888
-0.025400186
-0.117962562
-0.0874566734
0.0327648595
0.038504947
0.0828970969
-0.0539651588
0.0076773013
-0.0206654072
0.0739292279
-0.119690828
0.0483012684
0.0386945456
0.0676714852
0.0475578271
0.0858879983
-0.00831190404
-0.163957626
0.0609017387
-0.0214686077
-0.0794774517
-0.116855726
-0.00722391298
-0.0332278013
0.0766740367
-0.00383447227
-0.0875292346
0.0589215271
0.0191736724
-0.0127217369
-0.0333083719
-0.0065989662
0.0235770848
-0.0186085328
-0.0243891068
-0.0857080221
0.00927970465
-0.0161050037
-0.108716503
0.163940683
-0.0624113679
-0.0242234878
0.0635095015
0.0741601288
0.00378186023
-0.202702031
0.113772832
0.0233792514
0.0823229328
-0.0559172146
-0.053207539
-0.0317499489
0.111741289
0.134327993
0.162867367
0.134419858
-0.0167752113
0.0280981194
-0.0869798139
-0.0977496058
-0.0379257202
0.0686729178
0.101588979
0.101324685
-0.0252500195
0.129024476
0.0771590918
-0.0541550778
-0.0339610502
0.112718001
0.0546424128
-0.110755816
-0.11720857
-0.0568737425
-0.00394146657
0.0024014404
-0.0826551616
-0.0283026434
0.0932293832
-0.0358790979
0.0684418753
-0.0682896823
0.0381155498
-0.138355866
-0.0246085804
0.0513136461
0.0785871744
0.0526290722
0.0412837751
-0.0291843209
-0.0557962209
-0.000748327293
-0.0433803797
0.00306609413
0.00847441517
0.0391527489
0.118606031
-0.0791287571
0.0657555461
-0.165599972
0.0199609362
0.0897797123
0.0969273895
-0.0561675578
0.129075199
-0.0283489265
-0.0178743098
0.0781812742
-0.104631454
-0.00798705127
-0.00727792457
0.0707317367
0.0897667706
0.0598933548
0.117931657
-0.01026621
-0.0511029698
-0.0302608907
-0.024341464
-0.184357122
0.0264007077
-0.113669142
0.0473129265
-0.0114274872
0.0918123052
-0.0928245857
0.0434986018
-0.100032061
0.10721457
0.0708198473
-0.343671352
0.136019737
-0.0365140922
0.0497302897
0.170035034
0.0736242384
-0.053376954
0.0186829902
0.13555494
0.00498818187
-0.0937324986
0.0956707671
-0.051946938
-0.0848958194
0.122595601
0.0600124113
0.0292750299
0.155798838
-0.0446712561
0.0515425056
-0.188486621
-0.0852932483
0.0393136516
0.0926840305
0.0806951001
-0.00154195947
0.0105039338
0.070530206
0.166211367
0.0426212996
0.18572253
-0.153974801
0.0225857832
-0.0297537241
-0.0843197405
-0.00929588266
-0.0616649762
0.0272757243
-0.0131315021
-0.0515813902
0.0767376944
0.122248046
0.0348789766
0.0339133888
0.0887280032
-0.0169389844
0.0116829313
-0.0530132651
-0.102478243
-0.0314950719
-0.0114125134
0.158119455
0.0110003464
0.117876224
0.09909679
-0.0997756198
0.0189527664
0.00314531848
0.0643611848
0.133523285
0.0264443271
0.0137489298
0.0562018938
-0.0566915683
0.045827914
-0.0484318957
-0.0172957405
-0.046654664
0.0573046505
0.124957763
0.0737133399
0.0316743925
-0.0292672422
0.133549526
0.0661666617
-0.0661795884
0.0842124224
-0.0168091208
0.0489213169
0.0177342761
-0.00344774197
-0.0786063075
0.0354782082
0.0945948288
-0.0567283556
0.0557898544
0.00359605509
0.00192076492
0.137427449
0.075938262
0.0143159507
-0.0852714628
-0.0292562544
-0.000734001922
-0.0447389781
0.0134806372
0.104239844
-0.0487376526
-0.0184179675
-0.0878566206
0.028530648
0.133670986
0.0145900017
-0.0162523929
-0.112530619
0.0446277112
-0.000783508935
0.0569466203
-0.0126073966
-0.272080988
0.0463436469
0.0331159793
0.109835848
-0.0670509636
0.0968976915
0.158027962
0.0491200797
-0.10554646
-0.0260362346
0.0955796689
-0.0969299227
-0.0873131976
0.130754814
0.1101835
0.0367046632
-0.0694049969
-0.0422251485
-0.038743332
-0.0540082417
-0.0644944981
-0.0906847864
-0.0916729793
0.0582502447
0.05021061
-0.10024298
-0.0595556311
0.0158341136
-0.142305642
0.049265489
0.0708564445
0.1056289
0.0442639589
-0.0646329299
0.0205928385
-0.0691167787
0.0160475802
0.0725559443
0.0794347823
-0.0177365933
0.11241395
-0.0791365132
-0.0907845348
-0.0420832895
0.0510288812
-0.00906026922
-0.0133316983
-0.0123094199
-0.0774355978
-0.120338976
-0.000600312371
0.0450368561
-0.073570706
-0.0388376117
-0.115187347
-0.11146123
0.0654322654
-0.126676664
-0.0255777426
0.0709005818
0.0417917669
0.00326757086
-0.067696631
0.0416258387
-0.0657178238
0.163803533
-0.149587288
0.0556856915
0.088858813
0.0224819537
-0.0529688597
0.00613463018
-0.0523854718
0.0769081041
-0.0410129987
0.0638798475
-0.0549198538
0.106469303
-0.016565619
0.055316858
0.00669417065
0.0770809799
4.97435249e-05
-0.113161996
-0.0490632057
-0.02812507
0.0304791704
-0.0287065078
0.0607092641
0.0153838247
-0.0809457004
0.101147041
-0.0373212583
0.019332232
0.130416423
0.104594149
-0.0110351238
0.0770443529
-0.0380852036
-0.0443313904
-0.00288716634
0.0505979732
0.112515755
-0.0222071093
0.00818076171
0.0131933261
0.0595496558
0.0293879453
0.0599981621
-0.0627304912
0.0992568731
-0.0249118041
0.135846317
-0.0948094726
-0.0951783955
0.0809928775
0.010844036
-0.0456025861
0.0198448561
0.0370637849
0.0704596937
-0.0579859875
0.0797860622
0.0666906089
-0.0140542639
-0.0663062409
0.0511502586
-0.0627187565
0.0924712047
-0.0161641259
-0.0972373784
0.0318900049
-0.193894267
0.0473721698
0.0771118626
0.0521215498
-0.0780057386
-0.103857607
-0.162122935
0.0644995123
-0.0613439381
-0.022790784
0.102069303
0.0168394912
0.00158840092
-0.0675827041
0.08132153
-0.0342388265
-0.00368051836
0.0742252618
0.0688410327
0.103873461
0.0146057121
-0.0582884997
0.190632433
-0.0563953482
0.134356365
-0.0520858206
0.154983059
0.0761442482
-0.0392693356
-0.0851551592
-0.168929711
0.141375512
0.0689962953
-0.0959341303
-0.0138826845
0.0456555597
0.0165553167
-0.082278803
-0.0803541765
0.0175865907
-0.0192112662
-0.157280222
-0.103491694
0.0145200361
0.0509381108
-0.121133976
-0.0450873189
-0.00437623868
0.0227531064
0.0694622248
0.0421047546
0.0830114558
-0.0836245194
0.0676094443
-0.149406075
-0.056234017
0.0119786598
0.11992611
-0.00418680208
0.0407563783
0.0519036837
0.013615692
-0.0177017674
-0.0520990789
0.0689923242
0.107033834
-0.134094045
0.0187401269
0.0466230847
-0.0430530831
0.0598112792
0.0612064376
-0.0417866781
0.0243123602
-0.0259508509
-0.0192022994
0.0738622546
-0.0222834274
0.0437669605
-0.0496106856
0.00965984445
0.0974926129
0.0617380254
0.0822578892
0.0113671198
0.0414797738
-0.0123563902
-0.0520680211
-0.065289706
0.0517670959
0.0203852877
0.125621274
-0.0707198456
0.0263219345
-0.0256931186
0.131585822
0.0994929001
0.0202798415
0.0565689579
0.0753249377
-0.00202738191
-0.124104969
-0.071828872
-0.138647139
0.0718710721
-0.0776432902
-0.0398918092
0.0523325615
0.16410324
-0.0850570276
0.108468875
0.0906160623
0.0291682091
0.112278759
0.194951177
-0.0180002805
0.0918453783
-0.0753269941
-0.0996350124
0.00354131265
-0.162303612
0.0295239482
0.0514698215
0.0366382636
-0.0461412296
0.0343916975
-0.0991462916
-0.198741674
-0.0074241939
0.0674331188
-0.0309551693
-0.0887556523
0.0425878577
-0.0744862482
0.0818515196
0.0454602316
-0.16696547
-0.00746319024
0.045046404
0.0739067346
0.0496289693
0.0223570857
0.0197324846
0.0265703257
-0.126068756
0.131098434
0.067892544
-0.0202441048
0.0213555209
0.0154801635
-0.0725732371
-0.00160714588
0.085284628
0.0125813289
-0.0134611791
0.055133421
-0.0299502835
-0.0376823433
0.116541229
0.0658323392
0.00432957755
-0.0036525121
0.0689148158
0.105865575
0.149327099
-0.0427127816
0.080920659
-0.027715914
-0.0641584843
-0.00788370054
0.0733741298
0.0890965909
-0.0666728094
-0.0979307815
-0.0268940758
-0.104827754
-0.0103185726
-0.0740900412
0.0694255456
0.0562086366
0.170486778
0.107846424
-0.00426035421
-0.0540868044
-0.0426701456
-0.153256044
0.051973667
-0.0669424981
-0.0947462395
0.0712147579
0.0282938853
-0.0153767802
0.00914882217
0.110044844
0.117533401
0.0639904961
0.0184049681
0.0435367301
0.0800712556
-0.0845972598
0.0794925764
-0.109339677
-0.0417203531
-0.164168209
0.000657140685
0.0269962959
0.0129836351
0.00773573061
0.0284222979
-0.0691095591
-0.0342211984
-0.0159099288
-0.0119460095
0.105934925
0.108096033
0.0636368021
-0.108090058
0.0433292463
-0.055825375
0.046108976
-0.0831974447
-0.0634761676
-0.0198456217
0.0730562359
0.0993750989
-0.0688163191
-0.110381588
0.154970646
-0.0906595662
0.0198976435
0.0015859321
0.103904128
0.0426536165
0.0857918784
0.0299381949
0.0908697769
-0.070435442
-0.16292803
-0.0355987661
-0.0480421782
-0.0404925682
0.0410917997
0.0867619962
-0.168543682
0.0987569168
-0.0609661341
-0.109941974
0.0162340943
-0.0596698374
-0.0667446628
-0.0111225294
-0.0103754075
0.107311711
0.0904537961
-0.0813271999
0.0408018716
0.0842879787
0.0965801477
0.0589128807
0.047093071
0.0261015147
0.0160824247
-0.214590877
-0.0491439737
0.0869314224
0.0473782234
-0.0955970958
-0.0569144785
-0.00575806294
0.0225207713
0.0706437752
-0.152209878
-0.0560167655
0.00597124593
-0.0482807942
0.0595511571
0.011008773
-0.0279592741
0.0694705546
0.0176076852
-0.00708402274
0.0396999642
-0.191163063
-0.0537775829
0.0782047361
-0.035490457
-0.0739350393
0.0690944195
-0.0232705045
0.00784645695
-0.0848517269
0.0395810232
0.0742427781
0.0319863372
0.102608167
0.0555659048
0.0856977254
0.055945836
0.0979918987
-0.117352054
0.0104155336
-0.0393643863
0.0780573115
0.0713918805
-0.0347572193
0.0214942694
0.162087619
0.0925437808
0.0580408275
0.0340225659
-0.0995767862
-0.0418955907
-0.0213910528
-0.0908051878
0.0821337774
-0.0345516242
-0.00392705621
0.0722670406
-0.0770912319
0.13366352
-0.0734521821
-0.0351595804
0.128125474
0.0892437771
-0.159280792
-0.070468612
0.0247068536
-0.0890564844
0.126209989
0.0790404156
-0.0173407476
0.0955751464
0.0164854769
0.0558889396
0.053518042
0.0545022339
-0.00852072891
-0.00457364181
0.0077332058
-0.0589722432
-0.0645180941
-0.039259553
-0.0287826341
5.65332411e-05
0.0613270029
0.0786433443
-0.115633823
-0.0237957593
0.152197719
-0.0148624256
0.123805858
-0.126679987
0.0680607408
0.0735220984
-0.0221657474
0.0037246889
0.0485270098
0.0447295681
-0.166923165
-0.154012904
-0.097817488
-0.156463534
0.0320455283
-0.0282337852
-0.0427464768
-0.0370096937
0.00477428408
-0.0311576333
0.0787230581
0.0724020749
0.186662018
-0.0325945802
0.0849588215
-0.0520383306
-0.0836018026
0.0619005077
-0.036581248
0.0133212209
0.0852592662
-0.0800779611
0.0431203619
-0.12664111
-0.0305195674
0.0749939904
0.150043041
0.0590356551
0.0411771536
-0.094871968
0.0484001189
-0.0689139068
0.0556484535
0.0490480959
0.00232469989
-0.0205485318
-0.0359212011
-0.00842617359
0.0700632706
0.0653832778
0.0534284227
0.0617396608
0.0236943308
-0.0427252203
-0.180887729
-0.101233535
-0.0934365764
-0.161725178
0.0479313396
0.239237905
0.0724932253
0.031133255
0.053544458
0.130962431
-0.156700969
0.0347839333
-0.0295890924
-0.0662080124
-0.0456472859
0.0257727448
0.0687444285
0.00456218468
-0.0387335271
0.106134899
0.0763220489
-0.12029504
0.067570053
0.104255661
-0.0228886679
-0.194651023
0.00222044671
0.0242278613
-0.0108818747
0.097229965
-0.090956606
0.0246551689
-0.0084475046
0.014640254
-0.0473937765
-0.0039128256
-0.0587816015
-0.0491092056
0.0641552657
-0.0413552895
0.123002931
-0.0385944024
-0.0796076506
0.0271680113
0.0984190181
0.0694453642
0.0717513338
-0.067889072
0.00527176121
0.0843309835
-0.097606048
-0.0124670314
-0.0463724956
0.0971999913
-0.0956302434
0.00983876362
0.0930578932
-0.0676460937
-0.1534798
-0.0642897263
0.0169630703
-0.0714166313
-0.00409719581
0.00495346915
0.028110167
0.00732622202
0.0279618651
0.0413053669
0.0442652851
0.0270081796
0.0784073025
0.0458485186
0.128122866
0.00905936677
0.0416756906
0.116421998
-0.0347167067
0.388423353
-0.216531664
-0.0486641675
0.0747948736
0.0493117832
-0.031439282
0.0852477401
0.108219869
-0.18280828
-0.0127644651
0.0519594736
-0.0459644571
-0.076699771
0.0672144368
0.0409520492
0.076598078
-0.00634867372
-0.0492173024
0.126684323
0.0512059964
0.0125772022
0.0339175351
0.0133332405
0.0769395456
-0.0655807108
-0.0410163589
0.102611914
0.0221104138
-0.0347811058
-0.159052491
0.016089417
0.0346408002
-0.05281239
0.00789990742
0.0743523687
-0.114640489
-0.0855236351
0.0600074679
-0.0378329121
0.069035612
0.0446132533
-0.0257365927
-0.0825742334
0.0748094618
-0.0943926275
-0.0641646311
0.0302679092
-0.0568411015
0.00455984613
-0.0501574799
-0.0290975682
-0.0567099825
0.0496477224
0.0484973937
0.0506940633
0.127488002
0.0970085785
0.0325494781
-0.127741173
-0.145981357
-0.0530209802
0.0452858917
0.0120769124
0.0122120716
0.00985511113
-0.057846617
-0.00665598875
0.121680662
0.131809011
0.0883866474
-0.0941566527
0.0234062839
0.0545872636
0.0659826547
-0.0334249102
0.0472671315
0.0389966965
-0.0226284042
-0.0345726386
-0.00647610426
-0.0278708544
0.051078245
-0.0893420875
-0.0375775993
-0.0552499481
-0.0288577955
0.0462483056
0.06547001
-0.164721102
-0.050603658
0.051258117
-0.084733963
0.0290291831
0.0384606384
0.0423824117
-0.0232363027
-0.118636265
-0.0076835244
0.0423994772
-0.00484115398
0.0724255741
-0.00240453426
0.0908338651
0.0692678094
0.0626031309
-0.0496841557
-0.0230705962
0.149305329
-0.00376258604
0.0247478671
0.000406384468
-0.0842949823
0.0668741241
0.0446913987
-0.0670080632
-0.00146613945
0.05761832
0.0217676405
-0.117608704
0.0427645668
0.101079017
0.0862019509
0.0412382632
-0.0874347165
-0.0774851218
-0.0444965549
-0.0720931143
-0.102530412
-0.0063414243
-0.0332471244
0.00826071948
-0.0405451097
-0.0894081146
0.00399564812
-0.0325229838
-0.0650801361
0.0196035001
0.0658698902
0.0733530894
0.0838700458
0.0193581879
-0.153900057
0.0241260156
0.184576094
0.0520481169
-0.0775322095
0.0708932281
0.10707593
0.0711408108
0.0844330043
-0.0501954481
-0.124513231
0.145562589
0.109078966
-0.0373938493
-0.0415967777
-0.044077564
0.0263374094
-0.117346153
-0.0239645801
0.0204951148
-0.0940665677
-0.081866838
0.0154499449
0.0248376485
0.065241918
-0.0536784083
0.0835904777
0.150570422
-0.0276119374
-0.0918727294
0.0404606089
0.0702790841
0.0593584031
0.0701350868
-0.034863703
0.0400162451
-0.051935073
-0.0360560045
-0.0242112521
-0.0670529604
-0.000445223093
-0.122298956
-0.0107241496
-0.128321007
-0.0793759376
-0.0505193248
-0.154805511
-0.0741426274
0.0131332865
0.05541474
0.0292053781
-0.0655728281
-0.042096816
0.0900868997
-0.0492881089
-0.0297797415
0.0159126744
0.0289208237
-0.0205089897
-0.0658151433
0.0574741513
0.16219838
0.0198010262
0.0285720602
-0.0703582764
0.126605302
-0.0415483788
0.0694748983
-0.0719172359
-0.0388098694
0.0301015191
0.0477588437
0.0369236507
0.0916566253
0.0200696904
-0.00274015311
-0.0918496326
-0.0313250311
-0.0558538176
-0.0375596024
0.155915573
-0.017378699
-0.0825928003
-0.0523108281
-0.00939520821
0.00987059902
0.0877727196
-0.0360207334
0.0432754941
-0.0591520444
0.0207600333
0.101944052
0.0262136161
0.147241861
0.260958165
0.0451584533
0.102845386
0.0221304521
-0.0907793939
-0.0721257329
-0.0589792244
0.144277483
-0.0890268683
-0.0857828185
0.0353711098
0.0174752735
0.0248051882
-0.16131179
0.072005704
-0.00550533039
-0.186378688
-0.047172036
-0.0865205824
0.0165254418
0.0499442853
0.0917382985
0.0687668622
0.104839385
0.0254296903
-0.0610774159
0.1442772
-0.0525437854
-0.0147664752
0.0245429985
0.137781769
-0.100925289
-0.044658687
-0.016957324
0.0754046738
0.0374838524
0.115246683
0.0879060477
-0.0271676742
-0.00948241912
0.125655949
-0.0789865106
0.0379989296
-0.0152977211
0.0144916559
0.0529531352
0.0464815274
-0.0150370607
-0.0554270633
-0.158291921
-0.130761698
0.178915545
-0.066116102
-0.0985508189
0.0345186368
-0.0610172004
-0.0735398158
-0.0266246479
0.0733188316
0.0756451115
0.0595295914
-0.0414478779
-0.013915603
0.131949559
-0.0382563807
0.0410917364
-0.0357040279
-0.0348765478
0.0856367499
0.0013864747
0.0330283195
0.124681868
0.134581566
-0.0190065727
0.084590435
0.0535783172
0.0401493423
0.17273207
0.00222246186
-0.0195128582
0.0439916737
0.0966948718
0.0328341499
0.0800084621
0.0444895402
0.106931463
-0.00245209085
-0.0460360311
0.0290318709
0.0778528377
0.0769429132
-0.0205203425
0.0956277102
0.0833624527
0.0625962317
0.0719300359
-0.0353702232
0.0537319221
-0.0273689646
-0.118445449
0.0873191729
-0.0807294548
0.0522724167
0.0440916196
-0.030448921
-0.0733730793
-0.0260189436
0.0772961453
0.0130136339
-0.00328270695
0.0966970026
0.075295113
0.0896710232
0.0763966367
0.04384223
-0.0341142714
-0.0087415725
0.0973481461
0.030398529
-0.029133128
-0.0796926841
0.0817523897
-0.0320529267
0.121766873
0.00483797491
0.118046924
0.00195235689
-0.0724722371
-0.00323962723
0.175509036
-0.0294462666
0.049908679
0.0415749848
0.0358462967
0.0413414091
-0.0018839814
0.154729098
0.0757649019
0.0672439933
-0.0296218991
0.0592786931
0.0717593655
-0.0173914563
0.0375988707
0.00558849238
0.00406663911
0.0194264986
-0.0204017423
-0.179477572
-0.0531140827
0.0106835822
0.0237192828
0.084814176
-0.0803358182
-0.13988772
-0.0730431005
0.285289139
0.0832551643
0.0657434911
-0.00802780688
0.119106732
-0.0398370475
0.0358166099
0.0535396039
-0.056877356
-0.108848691
0.0555562638
0.0983696952
-0.00470096618
-0.0382951312
-0.104818486
0.104272082
0.0366410911
0.0645452142
0.117189474
0.0663523674
-0.0563740879
-0.100726239
-0.0158987269
0.0479608811
0.101145409
-0.127192646
-0.0429171473
-0.100083768
0.0848312229
-0.0174933318
0.0428942889
-0.0868552104
0.05542228
-0.0766942501
0.0124843568
-0.0166668501
-0.134355247
0.0555318482
-0.039964065
-0.140572712
0.0596809536
-0.00789800193
-0.108015254
-0.00177741877
0.094186455
-0.0422953442
0.0480980724
0.060451638
0.0891788155
0.0717109963
-0.0715767443
0.0389113054
0.111841545
-0.0546007939
-0.0252461303
-0.207352191
0.0206133742
0.105741329
0.0565653257
0.0426776409
-0.000541873276
-0.067340821
-0.0141687514
-0.00549719436
-0.0619512424
-0.0313739069
0.0434856117
0.0113476515
0.046131596
-0.0716849938
-0.189516708
-0.245540485
0.098691307
0.0710854456
0.0109585254
0.0069822818
-0.168759376
-0.280032873
-0.096427083
-0.0751728863
-0.0836200193
0.0135443043
0.0570818484
-0.111340038
-0.101935074
-0.00421652058
0.0414364263
0.115496479
0.0174948443
0.0705575049
0.057953842
0.0308816768
-0.00523301773
0.0864439383
-0.0144815957
0.00533246109
0.29384321
-0.0549534671
0.002999641
-0.0682762489
-0.00613131654
-0.0474714823
0.106893376
-0.0657860786
-0.0436602682
-0.0680269897
0.0628756806
-0.0381230041
0.0048020836
-0.029383285
0.106318288
0.0829702392
-0.0140204262
0.0446319655
0.0774708912
0.0153597323
-0.0955627859
0.0768824667
0.130203679
0.0481778234
0.130858094
-0.136866122
-0.124150261
0.04158758
0.0560001284
-0.0397800654
-0.0415208526
0.109445341
-0.16841948
-0.17284137
-0.0152358757
0.0525047556
0.0134968664
0.0423607975
0.0481237248
0.0246898029
-0.00457680086
-0.0731109232
0.0386900231
0.0123001188
0.016887391
-0.0570176803
0.0216088388
-0.0940294638
-0.0106247775
0.121882126
0.0962366313
0.078524597
0.0470043905
-0.0423714258
0.0739340186
0.0159319192
-0.0139913671
0.0968225673
-0.0615915693
0.0806649178
0.0449824408
0.124195062
0.134972006
0.0885041729
-0.0238045175
0.0837135613
0.0881033391
0.0396852642
-0.00369651127
-0.0878759027
0.0270209368
0.109754913
-0.0581388474
0.0295808241
0.0532943979
-0.170364961
-0.0800754055
-0.0219691657
0.0275892429
0.000412545574
0.0448609181
-0.165745124
-0.218620941
0.0773815364
-0.0137789203
0.0360971689
-0.0611266717
-0.0368763916
0.011355171
-0.0907517001
-0.00642211922
0.00672056153
-0.0353153832
0.0279970765
0.112975851
0.0671587512
0.0164709222
0.00718030985
-0.057395272
0.0589123778
0.115160674
0.0781643614
0.0918130502
0.0351521969
0.0427117795
-0.162778169
0.0145943314
0.0232496429
-0.0310893506
-0.0661881268
0.0815520883
0.0273851864
-0.00326010748
-0.182547942
0.246300608
-0.0204382483
-0.0336426012
-0.0400201641
-0.0878370181
0.00143032672
-0.0233119633
0.0810959935
-0.0830558464
-0.0654253364
0.177125335
-0.0166355297
-0.0156134982
-0.142289087
0.0628036857
0.00190023426
-0.0637924522
-0.018534353
-0.0427220128
0.0177358855
-0.15693818
0.0334987342
0.025732711
-0.0357482992
-0.125259653
0.0461707711
-0.0128792496
0.115360871
-0.137170374
0.176569849
-0.189183369
0.0108651351
-0.00781345833
-0.0787478536
0.0586055852
0.00219262158
0.0688717663
-0.102101475
0.0748086274
0.0820707381
0.0572092868
-0.0566582046
-0.0223412588
-0.128996894
-0.111280732
-0.0754527524
0.0590465777
-0.0350256711
-0.0188716426
0.0461030565
0.0156686194
0.0418960527
-0.0375642478
0.0868788064
-0.0136170322
0.147932172
0.042691227
-0.155982584
-0.0798828304
-0.0334991291
0.0132425018
-0.00644171424
0.0786667392
0.102992408
-0.0700763762
0.149856091
0.167075321
0.154577121
0.0518397614
0.0314199105
0.0135458102
-0.143870696
0.0666829944
0.0300875939
-0.0159584768
-0.0756181479
-0.0766567737
0.0664657727
-0.0753899366
0.135896072
0.00266092736
0.21162492
-0.12824367
-0.046781484
-0.0163797792
0.00352476491
-0.00543675246
-0.189440012
-0.0588115901
0.0203875192
-0.00282061845
-0.16719681
0.063591294
0.10728436
-0.0806712881
-0.00662544603
-0.147957951
0.024753321
0.084275201
0.0410834998
0.0680864602
0.0649267361
-0.102826484
0.0683755502
-0.0083273612
-0.0284401923
0.0847694427
-0.00597248971
0.0887163579
-0.00684506446
-0.163201436
0.0856186971
-0.0718239844
-0.0763306096
0.158252418
0.0363915302
0.0364730023
-0.113146454
-0.00659088464
0.075010933
0.0412683003
0.00508962758
-0.0316566117
-0.0448419005
0.101059422
0.0506268404
-0.207197681
0.167336032
0.0277323574
-0.0316920839
-0.0964231864
0.0208441447
0.0497598387
0.0737744868
-0.0311617088
0.0484883338
0.0725727975
-0.00146872073
-0.0517605059
0.0263701454
-0.19445318
0.115015186
-0.0100710373
0.0404190943
0.0352680311
-0.143969625
-0.0607126467
0.115391783
0.0529952869
0.0221812595
-0.0883213356
0.044601582
0.0432913154
0.0349620022
0.278755397
-0.0453154966
0.00678108679
0.107018366
0.0718709454
0.0903874785
0.0503730588
0.0618489683
-0.0782804117
-0.0901676863
-0.166896135
0.0857014507
0.0275677852
0.189684227
0.0383341238
0.040380381
-0.089438349
0.0238370132
0.00696651638
0.0496549308
0.0354860462
0.00107023632
0.0370999873
0.131573096
-0.0124653038
0.0348414555
-0.0733127519
0.00101263134
0.00522752339
0.0266644787
-0.0250641666
0.0381513089
-0.0715009123
-0.0607703105
0.0286696795
0.0837432444
0.0219090581
-0.011274498
0.0986058861
-0.0758172348
-0.118442282
0.0674918965
-0.0344033428
-0.00881249178
-0.0598131455
-0.0468389131
-0.0989407822
0.140630469
0.0910696536
0.15200153
-0.0200861506
0.00961976964
0.158578441
0.069039166
0.0886794552
-0.025328964
0.0637758449
-0.0440748967
0.0586561151
0.00711994246
-0.113558322
0.0857098699
-0.00604549795
-0.0874738395
-0.00339605589
0.0903045163
-0.0165580362
0.0882583782
-0.0336366221
0.0636496991
-0.061771512
-0.0157148223
0.155911252
-0.0476289727
0.0570506565
0.0685724169
-0.0222148579
0.0536349304
-0.00951387361
-0.0342476293
0.112747975
0.02388753
0.135666832
0.112167217
-0.0592268929
0.185677305
-0.0852406025
-0.0132965753
0.0121724084
0.218901441
-0.0761420131
-0.0397039615
0.177521139
-0.0824606866
-0.0851667225
-0.0334667191
-0.0121872323
-0.0310680736
0.0653558448
0.0929168835
-0.0334707573
-0.0264592785
-0.0364708453
-0.0408250168
-0.0766074359
0.0547192469
-0.000231281942
-0.114146933
0.0704635084
0.00444411067
-0.136882037
0.0678415895
0.11423368
0.0267469119
0.0402026027
0.00180774496
-0.137017295
0.122205384
0.0767208487
-0.0485787503
0.0416961163
0.0687117353
-0.0429321453
-0.132293433
0.115891546
0.152063847
-0.0616477579
0.0659132674
0.128000721
0.0957454816
0.0449663252
-0.0816802755
-0.0773317367
0.0218643621
0.0452801548
-0.039706286
0.0976979509
-0.0800394863
0.0382208228
-0.0595960207
-0.0480415151
-0.0983889773
-0.0871833637
-0.103945129
0.111417606
-0.0491205379
0.102328882
-0.0441589765
0.0072595235
0.0331915133
0.0319339037
-0.0749159008
-0.0326200835
0.0747303665
-0.111385413
0.0529440679
0.13515766
-0.107636914
0.157793328
0.0816448703
-0.0840045959
0.0167001411
0.0120348334
-0.0501183905
-0.0637226924
-0.0495826453
-0.0227396656
0.155935198
-0.041923061
-0.110923707
0.0972821042
-0.0263378117
0.0124521591
0.119920336
0.021628648
0.0014634924
-0.0473761261
-0.0276175253
0.0204799883
0.11000625
0.0851333737
0.069824405
-0.096405834
0.0968262702
-0.121804208
0.0596607886
0.0697745681
-0.00827409141
-0.110207632
-0.0972718298
-0.0468750149
-0.0642445832
0.0104126288
0.0331855267
-0.0995861888
0.0599926673
-0.0716062114
-0.00847630948
-0.0406095646
0.111408792
0.174730375
-0.0183716249
-0.09874136
0.06015829
0.121585652
-0.0878075212
-0.0318051986
0.0901516825
0.117784396
0.0754847676
0.0226013381
0.10213761
-0.0525693744
-0.00838461518
0.0859372169
0.0298723914
-0.18685399
0.0298860073
0.0246056505
0.134755
-0.0150363082
-0.0737075582
0.0535348281
0.0483106896
0.0280167088
0.0314648226
0.0713008568
0.084915109
-0.0633138046
0.0908883438
0.100763313
0.0330257788
-0.0427579433
0.0601154156
-0.0155480457
0.0183379669
0.203198686
-0.04889239
-0.087838687
-0.0489584692
0.031120101
0.0602786429
0.0434222259
0.0806854516
-0.0147886099
0.0456798561
0.122921966
0.186898366
0.0763097927
0.108370438
0.0799455866
0.0131921088
0.0781470835
-0.00800708123
-0.0155979767
-0.00833973195
-0.110033974
-0.0819379389
0.0909131691
-0.0352654345
0.055373691
0.0549025238
-0.0102347592
-0.0371457785
-0.0412570871
0.125797525
0.0660053417
0.168567851
0.04749237
0.0198733658
-0.0735628977
-0.104306631
-0.0339826979
0.0692192018
0.0450835936
-0.10326606
0.0973631889
0.0199371483
-0.0425570011
0.0733278841
0.0380737521
-0.0318976268
0.0872002244
0.06680879
0.0573423207
-0.0166205093
-0.00862498768
-0.0524290726
-0.0168532003
-0.0903435126
0.0456945077
-0.0205906946
0.0807836056
0.0293791872
0.0150512783
-0.0156273879
0.0109550459
-0.00508306641
-0.00580067514
0.135138169
0.0662015676
-0.124111339
-0.0729288608
0.0722324178
0.0334377885
0.0170601849
0.0506018251
0.06060021
0.0173171367
0.162335292
0.0449359193
0.0232518818
0.0723510683
-0.00869799778
0.175845504
-0.0309250411
-0.0234369487
-0.0596396662
0.0208405666
0.0500689261
-0.119199537
0.0819990113
-0.0481344759
-0.10663797
0.0632647648
-0.0565684699
0.19761242
0.0485821366
0.0526523516
-0.105628751
0.0630079359
0.108530045
0.0202479307
0.165704891
0.0479474626
-0.062479753
0.0375373699
0.0283439308
-0.0726419836
-0.0943388119
0.0645639673
-0.0679992884
0.156678632
-0.0682318881
0.0590925068
0.0752624497
-0.0849578604
-0.147706047
0.0694296882
0.0366453715
-0.106297404
-0.125257209
-0.0438052788
0.152286366
0.0638902113
0.11250028
-0.110080548
0.0463445634
0.085304521
0.0618773811
0.0151706245
-0.102383316
-0.0845683292
-0.0835186094
0.134767517
0.110427387
-0.0682797506
-0.0701574981
0.00783424545
-0.102190435
-0.11221125
0.0394597873
0.051744245
-0.000745150377
0.0201503802
-0.0560869463
-0.0805646032
-0.00819663145
-0.0321847089
-0.0770872384
0.0690692887
0.082832627
0.0819533169
-0.0778754428
-0.124724098
-0.0586735122
0.0700819418
-0.126788691
0.0670439824
0.0847776383
0.0661060438
-0.0659131706
0.287968993
-0.055892963
-0.0580974258
0.058238484
0.0590449497
0.0791830197
0.0574962236
0.0760467723
0.0161499325
0.124147102
-0.0880146399
-0.027164977
-0.0617906079
0.144878104
0.00441260589
-0.107579648
0.0332547724
-0.0749262795
-0.134758219
0.0593353994
-0.0599599332
-0.215165034
-0.0214070268
0.0398516506
0.00481739268
-0.108247057
-0.128055349
-0.0638351366
0.0690185726
-0.0175036844
-0.103468768
-0.0447438508
0.0721043944
-0.0672322959
0.0517050177
0.0736785308
-0.117696829
0.135605142
0.0791068375
0.036919564
0.128584951
0.182921141
0.0102267433
0.0164325759
-0.0435034111
0.0328138359
-0.0889675468
0.0581346639
0.015004837
-0.0429042503
0.0400893725
-0.0435372144
0.078225188
-0.0780284181
-0.0232892558
0.0298747774
0.0290507656
-0.0363747105
0.0113762775
-0.0640141442
-0.215258658
0.0427898094
-0.00410570996
-0.0109969536
0.188267812
0.0744560063
0.129526883
0.0876762569
-0.0236001965
0.0738785937
-0.0952058882
0.10805016
0.0332113095
0.104364514
-0.0075277281
0.0369691141
0.0527696982
0.025554955
0.0474282391
-0.06273821
0.0586135387
0.0611799397
0.0664065182
-0.0483004451
-0.0321652032
-0.020387385
-0.0634140298
0.0478046797
0.0286981184
-0.0791931748
-0.0378050096
-0.0171461012
0.0557690226
-0.0467975177
0.0400655419
-0.054864984
-0.0587266684
0.0452976711
-0.102926031
0.0402373746
-0.0805683285
-0.0792867988
-0.0548128039
0.0174006633
0.0710167214
0.0253544021
0.0125687253
-0.079321146
0.046778582
0.00891359244
0.0787375867
-0.034610372
0.00112462742
-0.0744513124
-0.0388532244
-0.0668369234
-0.0286784619
-0.0069822045
0.00651856512
-0.0749411583
-0.0469054841
-0.0336671323
0.0113649163
0.0669768974
0.0411546603
-0.00744082918
-0.102782257
0.0424888544
0.0199373439
-0.0251934528
0.0369379222
-0.0280196369
0.0382258445
0.0233665444
0.0200825557
0.00794284325
0.029249208
-0.0811752751
-0.0829418898
-0.0905122161
0.065212056
-0.0897568017
-0.0820349082
0.0519171357
-0.0223723128
-0.0030934955
-0.0135402437
-0.00632276153
-0.0522915013
-0.0768761709
0.0165721197
0.0450037569
-0.0802141204
0.0765217096
0.0506393313
-0.0499783084
-0.0371977389
-0.0139703052
-0.0479072966
-0.0680408776
0.0646189451
-0.102774717
-0.0422675721
0.048923254
0.0582352206
-0.0225061979
-0.0793489888
0.0733050555
-0.0516983122
-0.0711147264
0.0383500569
-0.0899416506
-0.0347635858
0.0486644804
0.0303433649
-0.0633653477
-0.0768103078
-0.00886833481
0.0396135487
-0.0614642315
-0.093134433
0.041065257
0.0734886825
-0.0508662388
-0.0343571827
0.0613689497
-0.0597262345
-0.0284812711
-0.0848978236
-0.0938400477
-0.0971041396
-0.0493064336
-0.0405583717
0.0768186003
-0.0384538472
0.0688912943
0.10872364
-0.00984268729
0.127676859
-0.0400114693
0.0810641944
-0.0117412293
0.078250356
-0.118970089
0.0584817268
0.00149552384
0.0827648938
-0.00941423513
0.130542085
0.00650916761
-0.0082677966
0.0476214476
-0.0307408515
0.0367145278
0.0373505317
-0.0855141357
-0.187089607
-0.155079857
-0.083106868
-0.113304421
-0.0390822776
0.270641714
0.0454475135
-0.0493651778
-0.0440771356
-0.0505499691
-0.103896573
0.104383305
-0.0400718115
0.0686729252
-0.018873537
0.113545358
0.0210052747
0.0285017341
-0.0560974367
-0.0991598666
0.0211741719
-0.0997750461
0.0473788269
0.115168944
-0.146478802
-0.00493710209
0.0420873463
0.0546785295
0.0802946016
0.0141303781
-0.0324913301
0.0916758329
-0.0800349638
0.128075108
0.0486804731
-0.101626143
0.0584823154
0.0530185811
-0.0345145315
0.123746186
-0.0264727902
-0.0353354365
-0.143135786
-0.101378053
0.0734628215
0.10305991
0.013246268
0.0237756744
-0.0355586894
0.0562438555
0.133878663
-0.0434811786
-0.03874477
0.106374666
0.0324211307
0.00663028052
0.0418688394
0.00551343057
0.0692246854
0.0700089782
-0.0166246463
-0.123697549
-0.114136949
-0.0594152547
-0.0540734343
-0.0443925969
0.0972456783
0.0628847033
0.0358853042
0.1341075
-0.0681061447
-0.0335062779
0.173207611
0.00868978351
0.0131540364
-0.0727898926
-0.136368543
0.135293245
-0.201678306
0.0342678763
-0.0847597867
-0.10111364
0.0637729764
-0.0578886531
0.0531419292
-0.208720312
0.0314004421
-0.0665630251
-0.217873976
0.0207381584
-0.0118051162
0.05280279
0.0639256984
-0.0063532996
-0.124776565
0.0206828546
-0.105735436
-0.077606231
0.115295194
0.0503430851
0.1260501
-0.0287168007
-0.0729953796
-0.145581201
-0.0282192547
0.161183819
0.0412284583
-0.0190304294
-0.00469152303
-0.0181148537
0.00178036711
-0.0502579883
0.226970881
0.00152462022
0.0116813881
-0.179061174
0.0292221867
0.0670969263
0.108779483
-0.0418656133
-0.092323117
-0.0983701199
-0.145935521
-0.178058997
-5.75547601e-05
-0.112711929
-0.00376114901
-0.0815674737
-0.0449393317
-0.0641620755
-0.0263868347
0.159507602
-0.0610091351
0.0639796406
0.0902423263
0.0932605937
-0.0440026931
-0.133408457
0.151914462
-0.04804888
-0.0605835691
0.117733307
0.069921039
0.057922177
-0.00591143779
0.0444712117
-0.00687239831
0.096130684
0.0494175926
-0.155975357
0.113714434
-0.00283980579
-0.0294111669
-0.124670498
0.0880332217
-0.00163611304
0.0435529314
0.0908763781
-0.00414949004
0.0154392254
0.0827440098
0.0947347432
-0.145181999
0.0552543588
-0.114695475
-0.0881706402
0.0848594978
-0.0675879195
-0.027816236
-0.0595782548
0.134994239
-0.0327513404
-0.0613389164
0.0830082521
-0.0276389942
0.0667963475
0.0438066833
0.0297545455
0.018664578
-0.180347666
0.0401961841
-0.10959509
0.00633699913
0.0498336293
-0.102727391
-0.176002502
0.150377885
-0.0591567457
0.0818323046
0.0949326605
-0.0401017405
0.0133569576
0.18387036
-0.0033032631
0.0805387124
0.107348859
-0.0805905536
0.174574584
-0.0024453213
0.0889229178
0.0375398993
0.0282925423
-0.152056113
-0.0501653738
-0.183730707
-0.0653517842
-0.0470048152
0.0449202135
-0.190544635
0.00283673569
0.0622125082
0.0566222519
-0.0364371091
0.0614367016
-0.212259397
0.172201559
-0.0518690757
0.129106879
-0.056603618
0.0679643601
-0.00246135565
0.0890988633
-0.0735034272
0.122754492
0.0538215525
-0.00355996471
0.00946849585
0.138089091
0.131580099
0.0295664836
-0.0529687814
-0.0148098106
-0.146116048
0.0952247828
-0.0772244707
0.0727334768
-0.0698642582
-2.772474e-05
0.0856207982
0.098729901
0.141283274
0.177684635
0.115656033
-0.00887119025
0.0429411307
-0.0956322476
-0.00113850099
-0.0263328832
-0.0316646323
0.0421780944
0.162149578
0.00617986964
0.0399299935
-0.0345032103
0.0525344536
-0.0122368326
0.154634416
0.0679305568
0.155655026
0.0402090438
-0.0383845568
-0.078110002
0.00912577938
-0.0636129901
-0.0640401989
0.0432874039
0.0205433462
0.0573773533
-0.0232826546
-0.0346726105
0.097538121
0.0664600283
-0.0471889116
0.0478275754
0.0778940618
0.000773077772
-0.0569226407
-0.112956718
0.0510989688
-0.0724460706
-0.0719096586
-0.0060324762
-0.042000141
0.00922589935
-0.0511177108
0.0178358797
-0.104854301
0.0464769602
0.0735863522
-0.0067277397
-0.00584766967
0.165424168
0.0220677666
0.0190670118
-0.0320142321
0.0214635748
-0.0386583954
0.0447353385
0.0116548724
-0.0849464834
-0.014443174
-0.0967498869
-0.0395006351
0.0545526184
-0.106755309
0.0624573641
-0.22244218
0.0477115959
0.0173710845
0.0580047332
-0.00643371325
0.103549078
-0.0836329386
-0.0813919827
-0.0420456678
-0.00385355367
0.0354128927
-0.228435799
0.00597904157
0.112898268
0.0128362197
-0.0127316499
-0.118738838
0.0706770942
-0.0608636513
0.131841913
-0.0315089747
-0.0654474795
-0.0193511453
0.040385589
-0.0289271325
0.0972924381
-0.033021152
0.0454414338
0.0332889259
0.111035526
-0.0498695709
0.0451721512
-0.0830065608
0.0399288349
0.0397821963
-0.0765504017
0.00281681702
0.0216498133
-0.117419764
-0.00673123403
0.165664792
-0.140133068
-0.149290293
-0.0120304655
0.149530679
-0.000253276783
-0.0268752277
-0.0622527488
-0.0407233052
0.0370893031
0.118866205
0.0722216666
-0.0794956088
-0.137064978
-0.0908597484
0.0271935426
0.0582170151
0.110443704
0.0558137968
0.115869775
-0.0734286457
0.0122353705
-0.0883812383
0.062491525
-0.0636809394
0.0696621165
0.175938576
-0.0483135842
0.0277485829
0.106146447
-0.0262789074
-0.0693132728
-0.0838983655
-0.112137422
0.00522406073
-0.0453450717
-0.0571157821
0.0195845962
-0.0553408936
0.00652715657
0.00215322268
0.0779893547
0.00544316741
0.224905953
-0.0803586915
-0.00430520112
0.0602215566
0.0467676893
0.0230844319
-0.0216819532
0.0180364791
0.00332649425
-0.032689698
0.143502772
0.0881487951
-0.0317775011
-0.0570421815
0.140098453
-0.0347754508
-0.105637968
-0.0712155625
-0.0550009198
0.086465694
0.093235895
-0.105646551
0.0732502788
-0.116092898
0.125495866
0.0895713195
0.0215170775
0.105139934
0.0245981738
-0.0883220509
0.131660789
-0.0158595033
0.0880147442
0.0854157656
0.0915662795
0.0212910678
0.0464421846
0.155872703
0.0506215245
0.00847232901
-0.0486086793
-0.0613894612
0.0430454053
0.137718126
0.00227695843
0.00871863123
0.0535406768
-0.092154257
-0.136765286
-0.105520859
-0.112787955
-0.047832232
0.106424779
0.162468612
-0.0666307434
-0.00214076252
0.0333597511
-0.0797302872
-0.0588961169
-0.0165482387
0.0783625096
-0.0876299813
0.170045719
-0.0849793106
0.0495322235
-0.0905991346
-0.110841274
-0.0713441372
-0.0711743385
0.0523729548
-0.161340266
-0.0112473369
-0.0897102505
-0.200332835
0.023121072
-0.139111131
0.0577113889
0.0759763345
0.0382135063
-0.160647541
0.0617883839
-0.0337112956
-0.0376168825
-0.071164012
0.0497010201
0.08590094
0.0497523621
0.188526854
0.0545271188
-0.173681438
-0.0252314247
-0.0832836851
0.0385514945
0.00687298039
-0.0533824414
0.0663259476
-0.0445491597
0.0153422235
-0.0324823
0.0805480182
-0.0467818007
-0.0536353178
-0.0251497794
0.137574792
0.043007344
0.0522818863
-0.116488956
0.0186473094
-0.112536527
-0.0317974873
-0.186911941
0.0158854164
0.114609793
-0.0645411313
-0.0535172336
0.211331233
0.0411484465
-0.0211263336
-0.0523165911
0.0358309858
0.143054441
0.0549509823
-0.0856000409
0.00284524076
0.0228616986
0.0462306924
-0.0149257844
0.0253342837
-0.00607739156
0.0258166902
0.029351458
0.071676895
-0.101545222
-0.00193345256
0.15330942
-0.102253556
-0.154063165
0.0505175591
0.0374933295
-0.0216405261
-0.0482880846
-0.148070946
0.00534643047
0.0699454397
0.0826791227
-0.0161932427
-0.102054618
0.0902349576
0.047522217
0.0793151557
0.0994324908
0.0357069634
0.126934007
-0.0199035965
0.0213453397
-0.00920789689
-0.0252129044
0.00852812454
-0.0503047369
-0.00357952761
-0.013354376
0.0688003749
0.0710780248
0.0803142264
-0.0535984598
0.0508815981
-0.0830453485
-0.120665111
-0.00683294656
-0.0986980498
-0.0872039944
0.0709592998
0.000520131376
0.0233118776
-0.0694665909
0.00231225393
0.101765722
0.016632691
0.0449522063
-0.00436285697
0.0337083079
0.12224362
0.13096334
-0.0600045137
0.0161402598
0.0819726512
-0.0647499263
-0.0385656841
0.0318918452
0.00155290891
-0.0477365665
-0.142373919
-0.0493366756
0.00503795268
0.126670524
-0.0627409592
0.0826970786
-0.0772714168
-0.0568528734
-0.00189401256
0.0400282145
0.0258684531
0.00533341756
-0.0727853924
0.0824573711
-0.00651447242
-0.0680568218
0.0250291675
0.0522339121
0.0468429588
0.12413089
0.127959684
0.0242996849
-0.0156729482
-0.0502084531
-0.0665156618
0.0569621213
0.0515825935
-0.0922798216
0.0486545749
0.0148504088
-0.0611258373
-0.108076274
0.110409923
-0.0758783892
0.055060111
-0.0693572909
-0.00996971596
-0.00402087113
0.077618517
-0.00273402827
-0.063369818
0.0819902048
-0.0457164571
-0.0733707994
-0.0719130188
-0.0507756844
-0.0827086195
0.0480295606
0.0517257862
-0.10425058
0.192239717
0.149204984
0.0144101996
-0.00940771308
-0.071379289
0.0493570864
0.0370606519
-0.0409792513
-0.0476435944
0.0773072019
0.0800223351
-0.11289189
0.0493569002
-0.0762007684
-0.0701776817
0.00533439592
0.0632362217
-0.0229543708
0.043372374
-0.0868873969
0.00429427112
0.129916146
0.123735063
0.111206383
-0.100282907
0.0272829458
-0.0504377447
-0.0559164509
0.10720434
-0.0675267801
-0.0300158337
0.00163030194
0.0652451366
-0.0597781353
-0.0211879518
-0.00169665145
-0.0372313298
-0.061120715
0.0969530717
0.0362332463
0.00130589667
-0.0696196035
-0.104435764
-0.0217625536
0.0326113738
-0.00703978352
-0.00106672186
-0.0067114369
-0.00190959114
-0.0279769953
0.125619233
-0.0528872162
-0.0122347781
0.0844551623
-0.06266772
0.0485746749
0.0422829129
0.0761377215
-0.105592094
0.0711361766
0.0871464461
-0.0150006404
-0.0279817749
-0.0438654646
0.184423625
-0.0120404884
0.0485499576
0.0581557266
0.093131952
0.0130726518
0.0319558866
-0.0459231138
0.0561244041
-0.0194234494
0.076935932
0.133598685
-0.100634888
0.021695707
0.0893897861
-0.0131412316
-0.0713398755
0.0540848337
-0.0417630561
0.10384199
0.0169550646
0.00843533035
-0.00950539764
-0.0190886129
0.0293353498
0.0833363906
-0.0155139118
-0.0932089239
-0.0740104169
0.138322964
-0.0634235591
-0.0360576399
-0.0280206073
-0.0348559245
-0.0402087905
0.00544329081
0.122676536
0.0741414949
0.0759236142
-0.0235329699
0.0293142572
0.114324965
-0.0560088232
-0.12460912
0.167637512
0.107058041
0.0461680293
0.0396751687
-0.0100682713
-0.0171771906
-0.0142109366
0.17312026
-0.0187993385
0.0625326708
-0.0967144519
-0.130582273
0.098096624
-0.0816667899
0.018035084
0.0272124689
0.0564077832
0.00707775727
-0.00347771472
0.0146442689
-0.0439129993
-0.0146027254
-0.136489257
0.0219047293
0.00561601389
0.0891401768
0.0105678849
-0.123339243
-0.11103107
0.0463083573
0.00666036736
0.0321090296
0.163480252
0.110688284
0.0939584821
0.00711889705
-0.0509444103
-0.0627087355
-0.0109193912
-0.00366135128
0.0994518176
0.0259437691
0.0184126012
-0.0897856653
-0.0451600589
0.0359533839
0.017948065
-0.107083544
0.14883782
-0.0323291123
-0.0129796639
-0.0375475027
-0.0331476443
0.0160712488
0.0060828845
-0.0971476808
0.131339788
-0.1020936
0.133460954
-0.0709188208
0.00695604924
0.0962372273
0.030398177
-0.20154874
-0.0847502798
-0.0815561116
-0.139679641
0.0369636454
0.0277734958
0.0584799536
-0.0251755212
0.0596915558
-0.00970510114
-0.0575868636
0.0117235137
-0.0934559032
0.00044903165
0.0902840942
0.00382111804
-0.0171226524
-0.133765578
0.0924546048
0.0314958803
0.0208872575
0.00939047802
-0.203833833
0.0620879829
0.0326739512
-0.0588159487
0.115414932
0.215874299
-0.0957002714
0.0693368763
-0.0142690707
0.236175373
0.0114146303
-0.0283196531
-0.0283153094
-0.0108391941
0.0523553155
0.11492984
-0.0789642632
-0.201490864
-0.208106488
-0.00725310296
0.0235412866
-0.0165843014
-0.154572472
-0.041625753
-0.0778273195
-0.000459409348
-0.0103011588
0.0973273069
0.0772319883
-0.0518026985
-0.118385561
0.0969370008
0.0917556509
0.0340403952
-0.0620174073
0.0697221681
-0.0476379581
-0.0508607849
-0.0488247797
0.0122158751
0.00346545456
-0.0574121661
-0.0523902364
-0.00103353977
0.0886777863
-0.188982859
-0.106285729
-0.0583830737
-0.0992779434
-0.0185963251
-0.0232148878
0.0501153469
-0.0210127085
-0.0127354972
0.133863375
-0.10580045
-0.0439852513
0.0907158852
0.0529075339
-0.13159138
-0.084161371
0.0229277108
0.118653536
0.0624529459
0.0476549417
-0.0598229319
0.037566416
0.0260113589
-0.0198157858
0.0737968087
-0.0037772737
0.010472307
-0.0630652979
0.112968534
-0.046159815
0.00337924482
-0.157066017
-0.0420893766
-0.139397025
-0.00968212262
0.00507109985
0.0171417072
-0.0363351479
0.028256068
0.00477352738
0.11596065
0.0929299667
-0.024933584
0.000261550769
-0.0752432123
0.012911831
0.0992711112
0.155591086
-0.157387406
-0.0474348925
0.0303954724
-0.0232046936
0.0284236372
0.113609485
-0.223233417
-0.0934448168
0.131181136
-0.176701203
0.0940686762
-0.0657062605
0.00344930729
0.0777861476
-0.0273730196
-0.020445643
0.0687927902
0.02605474
-0.125193045
0.0137864165
-0.0834927782
0.140829816
0.0296906736
0.0318649448
0.0884185582
-0.0141070345
-0.0226542074
-0.142526746
-0.00444180565
-0.155948892
0.130963787
-0.0234794617
-0.0534742139
0.104930542
-0.0353203937
-0.0447209775
-0.0197141245
-0.107321754
0.0410270318
-0.0473795198
-0.0559114851
-0.0388212092
0.0396843031
-0.0230802577
-0.0270930622
-0.00412578834
-0.0100557432
0.198960125
0.00704714609
0.00544370478
0.0576939732
-0.00204155338
0.0814103857
0.0345390253
-0.0272435825
-0.0136261648
0.121670492
-0.16041103
-0.0190672502
0.153992876
-0.0448924787
-0.191279933
-0.0273694657
-0.19504559
-0.0876530111
-0.141034812
-0.0673084483
0.0674777925
0.131811798
0.134964392
0.0756094679
0.00655858405
-0.124598451
0.0788867995
-0.0128555764
0.00372541719
0.0780315623
-0.086688742
-0.0501120575
-0.033418458
-0.025144428
0.0729196742
0.0492292233
-0.00252870121
-0.107113622
0.0109271221
-0.0939750001
0.00110501936
-0.0321584344
-0.0861139297
-0.0270302482
-0.0196347367
0.0408877879
0.143549398
-0.129096255
0.102333881
-0.000388546556
0.0224121772
-0.0430627465
-0.0338713415
0.01841042
0.0564325601
-0.0137612978
-0.0542263761
-0.0656636134
-0.197619215
0.0837805048
-0.00293589942
0.0578961596
0.00443840772
0.207100943
-0.0852153823
-0.0738411993
-0.0419281088
0.00717328489
-0.0112087186
0.00635531638
0.0213115215
0.111087605
0.0938704982
-0.116671517
0.218991891
-0.103471473
-0.0425944254
-0.0933378264
0.0498116203
-0.0833285898
-0.0360799357
0.0523539186
0.028134184
-0.0583272576
-0.00787542574
0.0380878635
-0.0307525769
0.000480820192
0.039616432
0.0506763197
-0.0422120355
-0.16427803
0.0365291052
0.045144666
-0.120504558
0.0426578261
-0.0502446555
0.0267807972
0.00149393524
-0.0279262885
0.0206018854
-0.0432265177
0.0339961499
-0.0646829084
-0.0267285276
0.0526575632
-0.0197624769
0.0744209141
-0.0583046302
-0.0965771973
-0.0252868254
0.00233586947
-0.0873170942
-0.0809436217
0.0568342209
-0.0189136993
0.0750474408
-0.062924549
0.041189637
-0.0349791199
-0.0266928934
-0.0848922655
0.0216928516
-0.0722415149
0.0167615954
-0.0865471512
-0.0668635368
-0.063115567
-0.0570525266
-0.0752029344
0.0717173517
-0.0494951829
-0.0790127665
0.00563537888
-0.0306073036
0.0862807706
0.0564403683
-0.0822654068
-0.0199149586
-0.0433756821
-0.0547019541
0.0512574762
-0.00337948464
-0.0719614848
-0.0773020089
-0.087782912
0.000733310881
-0.0508690588
0.0327743553
-0.0637729317
-0.0350062922
-0.0264026597
-0.0441608764
-0.0137086958
0.053128615
0.0517143421
0.0482643321
-0.0786776692
-0.00657257531
0.0387799628
-0.0381371416
0.0337378792
0.048682075
-0.0114670014
-0.0156783685
-0.0739237666
-0.0072493609
-0.0407484025
-0.0090708388
-0.0444267653
-0.0723298192
0.0492737889
-0.0898137167
0.0452390574
0.0827603489
-0.0416130424
0.0055488497
-0.0702299699
-0.0165433697
0.0603353269
-0.00677567488
-0.00611914042
0.0265491195
-0.065552339
-0.0492953099
-0.0485739931
0.0516669415
-0.0135960653
-0.0706185773
-0.0365091562
-0.0356003717
0.0253851954
0.0406812243
-0.0939348638
-0.0120567577
-0.0669984296
0.0467291735
-0.0709132925
0.0362517871
0.0652720928
-0.0406519026
0.0128268143
0.0697782785
-0.0897461176
0.0112032574
-0.025805559
0.0751408935
-0.0957426205
0.0097026024
-0.0295777246
-0.0134272575
0.0524168797
-0.0165894926
0.0138425203
0.00931860879
-0.0430436134
0.0743177682
0.0884394571
0.0770199597
-0.142629892
0.0344519056
-0.0488640442
-6.64096831e-07
0.0431614779
0.0251902975
-0.00957658235
0.0956066996
0.0251693688
0.0634967759
-0.068705447
0.0509814769
0.013373008
-0.091023773
0.0278635714
-0.0752821416
-0.0294256322
-0.110977784
0.113617688
-0.00899870694
0.0174263325
0.028052127
0.0468734764
-0.147953436
-0.0864841342
0.0463387147
0.11681436
-0.00940518547
0.116837606
0.0848315507
0.139209136
0.0814038664
-0.0783357397
0.0711334199
0.00819526333
-0.0633506626
0.0642518476
-0.0972257778
0.0665189475
0.0743954256
-0.0529162027
0.00726020429
0.140779644
0.168369904
0.124356687
0.0747548342
-0.0210737828
0.0275801793
0.0629978105
0.00494442508
0.0530406684
-0.0304976832
-0.0403819345
-0.0282389168
0.0125135314
0.124068968
0.0457385071
-0.137302324
-0.0251313373
0.048913978
-0.0744157359
0.0881227702
-0.0446896367
-0.0430592559
-0.0662577525
-0.0347382873
-0.0537471026
0.0410138965
-0.00482146721
-0.0120599689
0.0894012898
-0.0285822321
0.0752785131
0.0379743427
-0.003010449
0.0675668716
-0.0613401942
0.00538240653
-0.0758991912
-0.0816093534
-0.00120159541
0.0508318655
0.0406430475
-0.0148128243
-0.136409774
-0.000687249005
0.0842010751
0.0499353595
-0.0582318902
0.0943698138
-0.0232534613
0.026670441
-0.0647573918
0.108089507
0.0948532149
-0.391836882
0.154988244
0.0804426298
0.0606652685
0.1389599
-0.0700643733
0.0621903241
0.036842972
0.16491501
-0.0676679388
0.00159202598
-0.017153807
-0.0603926666
0.130203351
-0.0185554754
-0.0346785374
-0.0321869701
0.0730287209
0.0624122806
0.0323384926
0.0884301439
-0.0329019055
0.148357183
-0.0785628334
-0.0906464607
0.199579999
-0.0909929946
0.16847454
-0.0591229983
-0.0467008948
0.0124202855
0.108261369
0.0710049942
0.014159264
-0.0126273381
0.0445546396
0.0618369319
-0.0435163528
0.0666521415
-0.121213235
-0.057723809
0.0600932091
0.145129293
0.0533676334
0.000812235754
-0.0736732259
-0.0353060998
-0.0198726375
0.15450421
0.142505273
0.0344556421
0.00226337998
-0.0306030456
7.36766888e-05
0.0759289488
-0.0491094217
0.0504348651
-0.0484866165
0.0334888697
0.00810610596
-0.0117581487
-0.0128030069
0.111333005
0.0545114353
-0.0959826186
0.0190778915
0.109949224
-0.146637782
0.0444061942
-0.0108224005
-0.0171262678
-0.0330522135
0.0653079823
-0.104620956
0.105280921
0.0322354436
0.0136267943
-0.0642773509
0.00357609172
0.064756833
0.058646366
-0.0282621328
0.00512801018
0.099273704
0.0505623035
-0.00521145575
-0.0502417609
0.172416955
0.13209036
0.0743312761
-0.0331210792
-0.10705664
0.128240451
0.0514884517
0.0146200089
-0.0188673716
-0.0449204035
0.146194816
0.00783086102
0.0410540365
0.0866139829
0.0828420594
-0.00134716451
0.0545710325
-0.0184917729
0.0651860014
-0.00742963888
0.0420150682
-0.0569745637
0.257953584
0.0511945933
0.0846728534
-0.049114503
0.0196282454
-0.0374269411
-0.0342883766
0.0107812006
0.0350142419
0.0424129628
-0.0763899535
0.198853076
0.134654373
-0.0358256102
-0.00372265163
-0.0971793085
-0.0606300905
-0.0559246428
0.0640790537
-0.113880046
-0.00139275938
-0.0426259637
0.0878899321
-0.0146946553
0.0167824384
-0.133346558
0.0273576826
-0.0143772857
-0.0400592051
0.149339676
0.00772035029
0.0453787185
0.00636060722
0.151800111
0.0962433815
-0.0670322105
0.0264648497
-0.0401293263
0.0801674202
0.0173017904
0.0610313639
0.03651613
-0.0116131622
-0.103196062
0.0258545242
0.0602777787
-0.00601256313
-0.0301527381
-0.0477303714
0.0244786385
-0.0383032002
-0.0557770543
0.0344516076
0.123349659
0.0295995213
0.129860714
0.00154919107
0.0210785754
0.0197345223
0.107518859
-0.00193037663
-0.0484491065
0.124036618
-0.0100687211
0.0997513607
0.122227803
-0.146526739
0.0684258863
0.0770308822
0.0756063759
-0.0136346156
-0.043102257
0.116886944
-0.0479436964
-0.0603676178
-0.0582392439
0.0421062298
0.114841647
-0.227688909
-0.096701473
0.0839285031
0.129323304
0.056177143
-0.118341841
0.13142395
0.111320175
0.012463442
0.00361069129
-0.0490159765
-0.0321523361
0.0510119759
-0.0563999712
0.054171551
0.16261512
-0.0290527157
0.0457861982
-0.0129093807
-0.0606394075
0.0167387426
0.0583742298
0.127890736
-0.0861251652
0.0767233372
-0.0546637326
0.125743121
-0.0741003826
0.00899303984
0.0624204911
-0.0257465113
0.0431315005
-0.0249198396
-0.0049108169
0.158339009
-0.0799743533
0.0278476104
-0.237841934
-0.0457959585
-0.0113962814
0.00634280406
-0.0789080188
-0.135168508
0.0814683214
0.0700032413
-0.0350380801
-0.01495024
0.0256545432
0.150015309
-0.017756097
0.0314473845
0.042673029
0.138105303
-0.00851608161
0.00414174562
0.0201065931
0.0800047815
-0.0424049646
-0.0666495636
0.0758053735
0.0703508183
-0.0865574405
-0.0167801995
0.0411707163
-0.173060372
0.0263471697
-0.000170976869
0.0227499586
0.0501993522
0.0312715881
-0.0411076546
-0.0466167144
-0.0218244176
-0.0317590088
0.10700427
-0.0765418485
0.0974718854
0.00550192408
-0.135950118
-0.0491909459
0.0550547987
0.158042774
0.044748053
0.042908825
-0.128009602
0.0816935152
-0.0152858915
-0.00418993644
0.00488875899
-0.0433863439
-0.0577287637
-0.0383472964
0.061434783
0.108211234
0.0236204006
0.0666598976
0.0609222353
-0.0879920051
-0.0933533236
-0.136993051
-0.018696025
-0.0254017264
-0.0333682038
0.0209146366
0.0543166995
0.0823976249
0.00575798238
-0.00500482274
-0.0343034826
0.0118334666
0.0359058194
-0.0344247743
-0.0486834161
-0.035961993
-0.116168141
-0.119305424
0.0698689222
0.0152294729
0.072282359
0.127749547
0.0270288829
-0.149166405
-0.0352189578
-0.00120639312
-0.0146364952
-0.120922193
0.050193619
0.0786442235
0.0607343279
-0.00093124609
0.0552095026
0.0714477673
-0.0763532296
0.107258543
0.0284385681
0.0278937072
0.00497663813
-0.0600221828
-0.064262569
0.096250847
-0.0130183194
-0.0358034372
-0.055397369
0.111099564
0.00395350903
-0.157862827
0.0591742843
-0.0499798842
-0.054316435
0.00670336094
0.00300739892
-0.0129751302
0.048944544
0.0541969575
0.0486309268
-0.00449870387
0.0331633426
-0.0286801122
-0.0634613261
-0.0730070323
-0.00156015472
-0.0257106777
0.026459381
-0.0519268438
-0.0976448655
-0.0281780791
0.0627277344
0.000122225683
0.0778670609
0.0437258929
-0.142651185
0.0605539903
0.0603256188
-0.0189876501
-0.0773934126
0.149296343
0.0384544916
0.103950292
0.0474646948
-0.0119842878
-0.15843761
0.0363165326
-0.0233458243
-0.000258289772
-0.0430609025
-0.0655805245
0.103485882
0.0526618548
0.0491345562
-0.0408989191
0.0440209061
0.0937836468
-0.0998565778
0.0803059191
-0.0949936584
-0.0555387437
-0.10712868
0.0539098121
0.00673012296
0.0849541351
0.0483472534
-0.07888823
0.0190542769
0.0871154144
-0.0346703865
0.0065338295
0.0689933151
-0.00758383656
-0.022265248
0.0169272982
-0.0505360365
0.0410333015
0.0570500344
0.107653975
0.12196435
-0.0013539379
-0.017181661
0.0568687506
0.00917501654
0.0816380307
-0.0632353425
-0.0579555184
0.0461501554
0.0436632633
-0.0316921324
0.0467539355
-0.0578017756
-0.122068003
0.095948562
-0.0748469457
0.0106059583
-0.00940651353
0.0698479861
0.0575048476
0.0546124429
-0.066781193
-0.0719247088
-0.115469664
-0.0568055287
-0.109332323
0.101138867
0.0450045094
-0.11584609
-0.0850669891
0.115838051
0.0395765714
0.0282502156
0.0255619772
0.0540805012
-0.105177328
0.0452113375
0.0465090014
-0.0734287351
-0.0410288982
0.0229956079
0.0381860547
-0.0351521075
0.0356670357
0.121418007
0.0299843736
-0.0696160346
-0.0389237516
0.0879052058
0.0354852453
0.0961957425
-0.02601091
0.00233513955
0.0950712413
-0.0139355743
-0.0209276713
-0.0183126871
-0.0736141577
0.0632321015
0.0628948286
-0.0808668956
-0.0758915767
0.0389591232
-0.0303172152
-0.0127359927
0.0322713293
0.0454546958
-0.048545111
-0.0310657434
-0.0762042254
-0.0112394681
-0.0316988043
-0.0704355538
0.134443849
0.0770358741
0.0701594651
0.148699135
0.0371758416
-0.0812122449
-0.111610867
-0.0267819632
-0.0171954893
0.0732507557
-0.00568007398
-0.0113291005
-0.00912716612
0.0548137091
0.0195924826
0.0262079686
0.0749894083
0.13835378
-0.03189357
0.142076626
0.155605316
0.011083018
-0.078489244
0.0450788401
-0.0316530429
0.0500759818
-0.134905428
0.00557037443
-0.0603963807
-0.0116825253
-0.0926781073
-0.0977962911
0.150003016
0.000860488974
0.0161895715
0.0562718026
-0.102014892
-0.0661731586
-0.0560201742
0.0466144979
0.0801571086
-0.0836941823
0.0545270555
-0.0159258563
0.0807163268
0.0523813926
0.0734813213
-0.149533778
-0.00415736577
-0.0954784304
0.153409943
0.114960007
-0.113059469
-0.042623315
0.0929305851
0.0449385196
0.0508514233
0.055283796
0.0750465766
-0.116986461
0.0220905617
-0.0487924032
0.0609163642
-0.0340194739
0.0595342219
0.0321583487
-0.0128293717
0.103165619
-0.0186101422
0.0638366491
-0.117696948
-0.0233275425
0.0143562434
-0.0281365458
-0.0316152498
-0.12770547
0.118217677
-0.00125630887
0.111520275
-0.0334500484
0.0496268347
0.0612664521
0.0586239174
0.00383211672
-0.064512223
0.0304506645
-0.0809891969
0.0482870005
-0.0676568523
0.087334469
-0.025702646
-0.0150500368
0.0391402617
0.0160438959
-0.0864368007
0.12375737
0.0431096554
-0.0128487563
-0.0795111731
-0.00136976631
0.0283554401
0.0558710732
-0.00814838987
0.0325344764
-0.0381140746
0.0795948803
0.0190559104
-0.0326030627
-0.0367154069
0.0355071761
-0.0373987593
-0.0725187287
0.0825199485
-0.134261101
0.137817755
-0.0854951143
0.000283985981
0.0884809867
0.0620677322
0.0807954893
-0.00674550887
-0.0793346316
-0.00603960594
-0.099488169
0.0215275884
-0.109789766
0.132775739
-0.070240438
-0.0612450764
0.0636429042
-0.110287525
0.0906490237
0.0883942097
-0.121999241
0.013829452
-0.0550864264
-0.0220089015
-0.0526769571
-0.0632035956
-0.0197993424
0.111915551
0.00180620328
0.0507063009
0.150200978
0.0657430217
0.0804715827
-0.0765418038
0.0584971309
-0.0677747801
-0.0494490638
0.0296447258
0.00447291229
-0.0299440641
0.00335162203
0.00480947178
-0.102512367
0.0342006534
0.0473161824
-0.0212183706
-0.00909595843
-0.0822120681
-0.0273300596
-0.0972485244
-0.0150828054
-0.0738394111
-0.0132621545
-0.0696264952
0.0448864028
-0.0159965586
-0.114633135
-0.0712873638
-0.0559454262
0.0594571456
0.0761590451
0.00863675773
0.00279852399
0.0937253386
-0.0698135421
-0.0387966819
-0.0180892851
0.0384206884
-0.0620588772
0.0707659945
-0.0198860839
-0.071736306
0.00245754258
0.097402826
-0.0142482268
0.0464779027
-0.0450496152
-0.0409994088
-0.0290209781
-0.0410674103
0.0210589226
-0.068519868
-0.0807891041
0.0500083007
-0.100576244
0.0109442482
-0.000394777016
-0.0751623362
0.0643657893
-0.0647436231
0.0434779376
0.00351248705
-0.0539516471
-0.134444579
0.0212458782
-0.0952248275
-0.0307721887
0.0175589118
-0.0989063606
-0.0711885244
-0.0861292481
0.0624623448
-0.0258929767
0.039991226
0.0237424672
0.0161318146
-0.0423035361
-0.104663745
-0.04378419
0.0314270481
-0.0183808319
0.0283234529
-0.0790228024
-0.0450241156
0.0144220702
0.035072431
0.044761315
-0.0589792468
-0.0734296814
0.0786131844
-0.0149901928
0.0616111495
-0.0189957786
0.0550805032
0.066914998
-0.0114822052
0.0831417739
0.0658008978
0.0695403591
0.0603996068
-0.0369552895
-0.0892494768
0.015369352
-0.00470716413
-0.0195412636
-0.05769464
-0.0996436104
-0.0555908158
-0.0436149575
-0.0462549776
0.0232189968
-0.016618995
0.0445569903
-0.0643077716
-0.137780637
-0.0431072935
-0.0349976756
0.0697385371
0.0917852074
0.0928872526
0.0736073554
-0.0966313109
-0.0103068538
-0.0744505972
-0.107311107
-0.0264102779
0.0785966441
0.0204018001
-0.104727425
0.0215314794
-0.0153735885
0.0214374643
0.0231522396
0.0721418336
0.0445753783
-0.00980492495
-0.0478662066
-0.00306067965
-0.0359228626
-0.0697108209
0.00422980171
0.0866350979
-0.0528796427
0.0674399212
-0.116290249
-0.0664867982
0.113877922
-0.0998436958
-0.0670306683
-0.0127301216
0.0505164526
-0.182626992
-0.103720814
-0.0406972468
0.0253375508
0.0542150661
-0.0728444085
0.0456580594
-0.0301265791
0.114809349
-0.0271098241
-0.129838273
-0.0734603629
-0.0407330319
-0.0786267146
0.0221270267
0.0697070509
0.154037461
-0.0111067789
0.155643091
0.166546777
0.0590115786
0.0103712967
0.0248193946
0.0369550809
-0.0602411218
0.13083528
-0.0129632019
0.0618777312
-0.0240794364
0.0665732473
0.0945093781
-0.022748448
0.087967813
-0.0663350597
0.0640703738
-0.0132190362
-0.0507936664
0.0464284979
0.105581954
-0.037027292
-0.101977199
-0.0528651066
0.00370048801
0.00769620389
-0.0291002616
0.00662487093
0.0517817773
-0.00339080626
-0.0614054278
-0.0285575911
-0.0241136812
-0.0394454263
-0.0202060416
-0.0350194909
0.0495322198
-0.0811565965
0.117855981
-0.0114296358
-0.0077851736
0.0466505699
-0.00132211368
-0.116826676
-0.0567335561
0.00614880212
-0.0773113444
-0.0680722594
0.0561881177
-0.022733679
-0.0180060659
0.0821177512
-0.0721130222
-0.000944120111
0.0964140967
0.0493783914
-0.00901849288
-0.0593953431
-0.0356322601
0.0532575175
0.0773762465
-0.190439016
0.183614716
-0.00405876199
-0.0217730422
0.0112013156
0.00584350247
0.0274426881
0.00162754743
0.0357186049
-0.0314300284
-0.031193994
-0.00970504712
-0.0147023648
0.141235545
-0.148679137
